2025-05-19 11:40:31,726 - Result - INFO - summarize-from-feedback - py/class-polliution/set-attr-get-attr: 2 flows detected. (logger.py:40)
2025-05-19 11:40:31,726 - Result - INFO - summarize-from-feedback - py/class-polliution/shared-class-pollution-functions: 1 flows detected. (logger.py:40)
2025-05-19 11:40:31,726 - Result - INFO - summarize-from-feedback - py/class-polliution/leaf-class-pollution-functions: 1 flows detected. (logger.py:40)
2025-05-19 11:40:47,900 - Result - INFO - BMW-TensorFlow-Training-GUI - py/class-polliution/set-attr-get-attr: 2 flows detected. (logger.py:40)
2025-05-19 11:40:47,900 - Result - INFO - BMW-TensorFlow-Training-GUI - py/class-polliution/shared-class-pollution-functions: 2 flows detected. (logger.py:40)
2025-05-19 11:40:47,900 - Result - INFO - BMW-TensorFlow-Training-GUI - py/class-polliution/leaf-class-pollution-functions: 2 flows detected. (logger.py:40)
2025-05-19 11:41:31,357 - Result - INFO - modelzoo - py/class-polliution/set-attr-get-attr: 9 flows detected. (logger.py:40)
2025-05-19 11:41:31,357 - Result - INFO - modelzoo - py/class-polliution/shared-class-pollution-functions: 1 flows detected. (logger.py:40)
2025-05-19 11:41:31,357 - Result - INFO - modelzoo - py/class-polliution/leaf-class-pollution-functions: 8 flows detected. (logger.py:40)
2025-05-19 11:43:57,717 - Result - INFO - nncf - py/class-polliution/set-attr-get-attr: 2 flows detected. (logger.py:40)
2025-05-19 11:43:57,717 - Result - INFO - nncf - py/class-polliution/shared-class-pollution-functions: 1 flows detected. (logger.py:40)
2025-05-19 11:43:57,717 - Result - INFO - nncf - py/class-polliution/leaf-class-pollution-functions: 1 flows detected. (logger.py:40)
2025-05-19 11:44:24,095 - Result - INFO - BlendArMocap - py/class-polliution/set-attr-get-attr: 9 flows detected. (logger.py:40)
2025-05-19 11:44:24,095 - Result - INFO - BlendArMocap - py/class-polliution/shared-class-pollution-functions: 1 flows detected. (logger.py:40)
2025-05-19 11:44:24,095 - Result - INFO - BlendArMocap - py/class-polliution/leaf-class-pollution-functions: 5 flows detected. (logger.py:40)
2025-05-19 11:44:34,795 - Result - INFO - ONE-PEACE - py/class-polliution/set-attr-get-attr: 8 flows detected. (logger.py:40)
2025-05-19 11:44:34,795 - Result - INFO - ONE-PEACE - py/class-polliution/shared-class-pollution-functions: 8 flows detected. (logger.py:40)
2025-05-19 11:44:34,795 - Result - INFO - ONE-PEACE - py/class-polliution/leaf-class-pollution-functions: 8 flows detected. (logger.py:40)
2025-05-19 11:44:47,210 - Result - INFO - MCDReforged - py/class-polliution/set-attr-get-attr: 1 flows detected. (logger.py:40)
2025-05-19 11:44:47,210 - Result - INFO - MCDReforged - py/class-polliution/shared-class-pollution-functions: 1 flows detected. (logger.py:40)
2025-05-19 11:44:47,210 - Result - INFO - MCDReforged - py/class-polliution/leaf-class-pollution-functions: 1 flows detected. (logger.py:40)
2025-05-19 11:44:50,043 - Result - INFO - humanoid-gym - py/class-polliution/set-attr-get-attr: 1 flows detected. (logger.py:40)
2025-05-19 11:44:50,043 - Result - INFO - humanoid-gym - py/class-polliution/shared-class-pollution-functions: 1 flows detected. (logger.py:40)
2025-05-19 11:44:50,043 - Result - INFO - humanoid-gym - py/class-polliution/leaf-class-pollution-functions: 1 flows detected. (logger.py:40)
2025-05-19 11:45:14,336 - Result - INFO - pyatv - py/class-polliution/set-attr-get-attr: 4 flows detected. (logger.py:40)
2025-05-19 11:45:14,336 - Result - INFO - pyatv - py/class-polliution/shared-class-pollution-functions: 1 flows detected. (logger.py:40)
2025-05-19 11:45:14,336 - Result - INFO - pyatv - py/class-polliution/leaf-class-pollution-functions: 1 flows detected. (logger.py:40)
2025-05-19 11:45:24,064 - Result - INFO - genforce - py/class-polliution/set-attr-get-attr: 2 flows detected. (logger.py:40)
2025-05-19 11:45:24,064 - Result - INFO - genforce - py/class-polliution/shared-class-pollution-functions: 1 flows detected. (logger.py:40)
2025-05-19 11:45:24,064 - Result - INFO - genforce - py/class-polliution/leaf-class-pollution-functions: 1 flows detected. (logger.py:40)
2025-05-19 11:45:26,125 - Result - INFO - ODISE - py/class-polliution/set-attr-get-attr: 1 flows detected. (logger.py:40)
2025-05-19 11:45:26,125 - Result - INFO - ODISE - py/class-polliution/shared-class-pollution-functions: 1 flows detected. (logger.py:40)
2025-05-19 11:45:26,125 - Result - INFO - ODISE - py/class-polliution/leaf-class-pollution-functions: 1 flows detected. (logger.py:40)
2025-05-19 11:45:50,322 - Result - INFO - VoiceprintRecognition-Pytorch - py/class-polliution/set-attr-get-attr: 2 flows detected. (logger.py:40)
2025-05-19 11:45:50,322 - Result - INFO - VoiceprintRecognition-Pytorch - py/class-polliution/shared-class-pollution-functions: 2 flows detected. (logger.py:40)
2025-05-19 11:45:50,323 - Result - INFO - VoiceprintRecognition-Pytorch - py/class-polliution/leaf-class-pollution-functions: 2 flows detected. (logger.py:40)
2025-05-19 11:45:51,122 - Result - INFO - model_bakery - py/class-polliution/set-attr-get-attr: 3 flows detected. (logger.py:40)
2025-05-19 11:45:51,122 - Result - INFO - model_bakery - py/class-polliution/shared-class-pollution-functions: 1 flows detected. (logger.py:40)
2025-05-19 11:45:51,123 - Result - INFO - model_bakery - py/class-polliution/leaf-class-pollution-functions: 2 flows detected. (logger.py:40)
2025-05-19 11:45:59,748 - Result - INFO - StreamSpeech - py/class-polliution/set-attr-get-attr: 6 flows detected. (logger.py:40)
2025-05-19 11:45:59,748 - Result - INFO - StreamSpeech - py/class-polliution/shared-class-pollution-functions: 6 flows detected. (logger.py:40)
2025-05-19 11:45:59,748 - Result - INFO - StreamSpeech - py/class-polliution/leaf-class-pollution-functions: 6 flows detected. (logger.py:40)
2025-05-19 11:46:15,951 - Result - INFO - espresso - py/class-polliution/set-attr-get-attr: 6 flows detected. (logger.py:40)
2025-05-19 11:46:15,951 - Result - INFO - espresso - py/class-polliution/shared-class-pollution-functions: 6 flows detected. (logger.py:40)
2025-05-19 11:46:15,951 - Result - INFO - espresso - py/class-polliution/leaf-class-pollution-functions: 6 flows detected. (logger.py:40)
2025-05-19 11:46:26,198 - Result - INFO - sample-factory - py/class-polliution/set-attr-get-attr: 3 flows detected. (logger.py:40)
2025-05-19 11:46:26,198 - Result - INFO - sample-factory - py/class-polliution/shared-class-pollution-functions: 2 flows detected. (logger.py:40)
2025-05-19 11:46:26,198 - Result - INFO - sample-factory - py/class-polliution/leaf-class-pollution-functions: 2 flows detected. (logger.py:40)
2025-05-19 11:47:04,939 - Result - INFO - d2go - py/class-polliution/set-attr-get-attr: 8 flows detected. (logger.py:40)
2025-05-19 11:47:04,939 - Result - INFO - d2go - py/class-polliution/shared-class-pollution-functions: 1 flows detected. (logger.py:40)
2025-05-19 11:47:04,939 - Result - INFO - d2go - py/class-polliution/leaf-class-pollution-functions: 2 flows detected. (logger.py:40)
2025-05-19 11:47:12,764 - Result - INFO - PPASR - py/class-polliution/set-attr-get-attr: 1 flows detected. (logger.py:40)
2025-05-19 11:47:12,764 - Result - INFO - PPASR - py/class-polliution/shared-class-pollution-functions: 1 flows detected. (logger.py:40)
2025-05-19 11:47:12,764 - Result - INFO - PPASR - py/class-polliution/leaf-class-pollution-functions: 1 flows detected. (logger.py:40)
2025-05-19 11:47:29,096 - Result - INFO - vega - py/class-polliution/set-attr-get-attr: 2 flows detected. (logger.py:40)
2025-05-19 11:47:29,096 - Result - INFO - vega - py/class-polliution/shared-class-pollution-functions: 2 flows detected. (logger.py:40)
2025-05-19 11:47:29,096 - Result - INFO - vega - py/class-polliution/leaf-class-pollution-functions: 2 flows detected. (logger.py:40)
2025-05-19 11:47:40,910 - Result - INFO - DrEureka - py/class-polliution/set-attr-get-attr: 2 flows detected. (logger.py:40)
2025-05-19 11:47:40,910 - Result - INFO - DrEureka - py/class-polliution/shared-class-pollution-functions: 2 flows detected. (logger.py:40)
2025-05-19 11:47:40,910 - Result - INFO - DrEureka - py/class-polliution/leaf-class-pollution-functions: 2 flows detected. (logger.py:40)
2025-05-19 11:47:58,322 - Result - INFO - qdrant-client - py/class-polliution/set-item-get-attr: 1 flows detected. (logger.py:40)
2025-05-19 11:47:58,322 - Result - INFO - qdrant-client - py/class-polliution/set-attr-get-attr: 1 flows detected. (logger.py:40)
2025-05-19 11:47:58,322 - Result - INFO - qdrant-client - py/class-polliution/shared-class-pollution-functions: 1 flows detected. (logger.py:40)
2025-05-19 11:47:58,322 - Result - INFO - qdrant-client - py/class-polliution/leaf-class-pollution-functions: 1 flows detected. (logger.py:40)
2025-05-19 11:48:09,728 - Result - INFO - iommi - py/class-polliution/set-attr-get-attr: 3 flows detected. (logger.py:40)
2025-05-19 11:48:09,728 - Result - INFO - iommi - py/class-polliution/shared-class-pollution-functions: 1 flows detected. (logger.py:40)
2025-05-19 11:48:09,728 - Result - INFO - iommi - py/class-polliution/leaf-class-pollution-functions: 2 flows detected. (logger.py:40)
2025-05-19 11:48:25,475 - Result - INFO - ProAgent - py/class-polliution/set-attr-get-attr: 1 flows detected. (logger.py:40)
2025-05-19 11:48:25,475 - Result - INFO - ProAgent - py/class-polliution/shared-class-pollution-functions: 1 flows detected. (logger.py:40)
2025-05-19 11:48:25,475 - Result - INFO - ProAgent - py/class-polliution/leaf-class-pollution-functions: 1 flows detected. (logger.py:40)
2025-05-19 11:48:52,810 - Result - INFO - ktransformers - py/class-polliution/set-attr-get-attr: 5 flows detected. (logger.py:40)
2025-05-19 11:48:52,810 - Result - INFO - ktransformers - py/class-polliution/shared-class-pollution-functions: 1 flows detected. (logger.py:40)
2025-05-19 11:48:52,810 - Result - INFO - ktransformers - py/class-polliution/leaf-class-pollution-functions: 1 flows detected. (logger.py:40)
2025-05-19 11:49:13,550 - Result - INFO - parallelformers - py/class-polliution/set-attr-get-attr: 5 flows detected. (logger.py:40)
2025-05-19 11:49:13,550 - Result - INFO - parallelformers - py/class-polliution/shared-class-pollution-functions: 1 flows detected. (logger.py:40)
2025-05-19 11:49:13,550 - Result - INFO - parallelformers - py/class-polliution/leaf-class-pollution-functions: 1 flows detected. (logger.py:40)
2025-05-19 11:49:38,633 - Result - INFO - SpikeGPT - py/class-polliution/set-attr-get-attr: 1 flows detected. (logger.py:40)
2025-05-19 11:49:38,633 - Result - INFO - SpikeGPT - py/class-polliution/shared-class-pollution-functions: 1 flows detected. (logger.py:40)
2025-05-19 11:49:38,633 - Result - INFO - SpikeGPT - py/class-polliution/leaf-class-pollution-functions: 1 flows detected. (logger.py:40)
2025-05-19 11:50:30,556 - Result - INFO - R-Drop - py/class-polliution/set-attr-get-attr: 5 flows detected. (logger.py:40)
2025-05-19 11:50:30,556 - Result - INFO - R-Drop - py/class-polliution/shared-class-pollution-functions: 5 flows detected. (logger.py:40)
2025-05-19 11:50:30,556 - Result - INFO - R-Drop - py/class-polliution/leaf-class-pollution-functions: 5 flows detected. (logger.py:40)
2025-05-19 11:50:47,598 - Result - INFO - MagicDrive - py/class-polliution/set-attr-get-attr: 1 flows detected. (logger.py:40)
2025-05-19 11:50:47,598 - Result - INFO - MagicDrive - py/class-polliution/shared-class-pollution-functions: 1 flows detected. (logger.py:40)
2025-05-19 11:50:47,598 - Result - INFO - MagicDrive - py/class-polliution/leaf-class-pollution-functions: 1 flows detected. (logger.py:40)
2025-05-19 11:50:57,021 - Result - INFO - OmniQuant - py/class-polliution/set-attr-get-attr: 2 flows detected. (logger.py:40)
2025-05-19 11:50:57,021 - Result - INFO - OmniQuant - py/class-polliution/shared-class-pollution-functions: 2 flows detected. (logger.py:40)
2025-05-19 11:50:57,021 - Result - INFO - OmniQuant - py/class-polliution/leaf-class-pollution-functions: 2 flows detected. (logger.py:40)
2025-05-19 11:51:07,293 - Result - INFO - meta-dataset - py/class-polliution/set-both-get-both: 3 flows detected. (logger.py:40)
2025-05-19 11:51:07,293 - Result - INFO - meta-dataset - py/class-polliution/shared-class-pollution-functions: 3 flows detected. (logger.py:40)
2025-05-19 11:51:07,293 - Result - INFO - meta-dataset - py/class-polliution/leaf-class-pollution-functions: 3 flows detected. (logger.py:40)
2025-05-19 11:51:25,733 - Result - INFO - PiPPy - py/class-polliution/set-attr-get-attr: 5 flows detected. (logger.py:40)
2025-05-19 11:51:25,733 - Result - INFO - PiPPy - py/class-polliution/shared-class-pollution-functions: 1 flows detected. (logger.py:40)
2025-05-19 11:51:25,733 - Result - INFO - PiPPy - py/class-polliution/leaf-class-pollution-functions: 4 flows detected. (logger.py:40)
2025-05-19 11:51:30,553 - Result - INFO - noah-research - py/class-polliution/set-attr-get-attr: 9 flows detected. (logger.py:40)
2025-05-19 11:51:30,553 - Result - INFO - noah-research - py/class-polliution/shared-class-pollution-functions: 9 flows detected. (logger.py:40)
2025-05-19 11:51:30,553 - Result - INFO - noah-research - py/class-polliution/leaf-class-pollution-functions: 9 flows detected. (logger.py:40)
2025-05-19 11:51:36,692 - Result - INFO - nyuntam - py/class-polliution/set-attr-get-attr: 2 flows detected. (logger.py:40)
2025-05-19 11:51:36,692 - Result - INFO - nyuntam - py/class-polliution/shared-class-pollution-functions: 2 flows detected. (logger.py:40)
2025-05-19 11:51:36,692 - Result - INFO - nyuntam - py/class-polliution/leaf-class-pollution-functions: 2 flows detected. (logger.py:40)
2025-05-19 11:51:59,152 - Result - INFO - kan-gpt - py/class-polliution/set-attr-get-attr: 1 flows detected. (logger.py:40)
2025-05-19 11:51:59,152 - Result - INFO - kan-gpt - py/class-polliution/shared-class-pollution-functions: 1 flows detected. (logger.py:40)
2025-05-19 11:51:59,152 - Result - INFO - kan-gpt - py/class-polliution/leaf-class-pollution-functions: 1 flows detected. (logger.py:40)
2025-05-19 11:52:06,250 - Result - INFO - JSPyBridge - py/class-polliution/set-both-get-both: 6 flows detected. (logger.py:40)
2025-05-19 11:52:06,250 - Result - INFO - JSPyBridge - py/class-polliution/shared-class-pollution-functions: 2 flows detected. (logger.py:40)
2025-05-19 11:52:06,250 - Result - INFO - JSPyBridge - py/class-polliution/leaf-class-pollution-functions: 2 flows detected. (logger.py:40)
2025-05-19 11:52:09,345 - Result - INFO - SegmenTron - py/class-polliution/set-item-get-both: 3 flows detected. (logger.py:40)
2025-05-19 11:52:09,345 - Result - INFO - SegmenTron - py/class-polliution/set-item-get-attr: 3 flows detected. (logger.py:40)
2025-05-19 11:52:09,345 - Result - INFO - SegmenTron - py/class-polliution/shared-class-pollution-functions: 1 flows detected. (logger.py:40)
2025-05-19 11:52:09,345 - Result - INFO - SegmenTron - py/class-polliution/leaf-class-pollution-functions: 1 flows detected. (logger.py:40)
2025-05-19 11:52:33,454 - Result - INFO - GPTFast - py/class-polliution/set-attr-get-attr: 1 flows detected. (logger.py:40)
2025-05-19 11:52:33,454 - Result - INFO - GPTFast - py/class-polliution/shared-class-pollution-functions: 1 flows detected. (logger.py:40)
2025-05-19 11:52:33,454 - Result - INFO - GPTFast - py/class-polliution/leaf-class-pollution-functions: 1 flows detected. (logger.py:40)
2025-05-19 11:52:51,252 - Result - INFO - FreeTakServer - py/class-polliution/set-attr-get-attr: 6 flows detected. (logger.py:40)
2025-05-19 11:52:51,252 - Result - INFO - FreeTakServer - py/class-polliution/shared-class-pollution-functions: 6 flows detected. (logger.py:40)
2025-05-19 11:52:51,252 - Result - INFO - FreeTakServer - py/class-polliution/leaf-class-pollution-functions: 6 flows detected. (logger.py:40)
2025-05-19 11:53:03,672 - Result - INFO - veScale - py/class-polliution/set-attr-get-attr: 6 flows detected. (logger.py:40)
2025-05-19 11:53:03,672 - Result - INFO - veScale - py/class-polliution/shared-class-pollution-functions: 1 flows detected. (logger.py:40)
2025-05-19 11:53:03,672 - Result - INFO - veScale - py/class-polliution/leaf-class-pollution-functions: 3 flows detected. (logger.py:40)
2025-05-19 11:53:41,542 - Result - INFO - deepvac - py/class-polliution/set-attr-get-attr: 1 flows detected. (logger.py:40)
2025-05-19 11:53:41,543 - Result - INFO - deepvac - py/class-polliution/shared-class-pollution-functions: 1 flows detected. (logger.py:40)
2025-05-19 11:53:41,543 - Result - INFO - deepvac - py/class-polliution/leaf-class-pollution-functions: 1 flows detected. (logger.py:40)
2025-05-19 11:53:45,483 - Result - INFO - AI_Challenger_2018 - py/class-polliution/set-attr-get-attr: 1 flows detected. (logger.py:40)
2025-05-19 11:53:45,483 - Result - INFO - AI_Challenger_2018 - py/class-polliution/shared-class-pollution-functions: 1 flows detected. (logger.py:40)
2025-05-19 11:53:45,483 - Result - INFO - AI_Challenger_2018 - py/class-polliution/leaf-class-pollution-functions: 1 flows detected. (logger.py:40)
2025-05-19 11:53:46,716 - Result - INFO - MOFA-Video - py/class-polliution/set-attr-get-attr: 3 flows detected. (logger.py:40)
2025-05-19 11:53:46,716 - Result - INFO - MOFA-Video - py/class-polliution/shared-class-pollution-functions: 3 flows detected. (logger.py:40)
2025-05-19 11:53:46,716 - Result - INFO - MOFA-Video - py/class-polliution/leaf-class-pollution-functions: 3 flows detected. (logger.py:40)
2025-05-19 11:54:11,813 - Result - INFO - LongMem - py/class-polliution/set-attr-get-attr: 6 flows detected. (logger.py:40)
2025-05-19 11:54:11,814 - Result - INFO - LongMem - py/class-polliution/shared-class-pollution-functions: 6 flows detected. (logger.py:40)
2025-05-19 11:54:11,814 - Result - INFO - LongMem - py/class-polliution/leaf-class-pollution-functions: 6 flows detected. (logger.py:40)
2025-05-19 11:54:14,802 - Result - INFO - starlette-admin - py/class-polliution/set-attr-get-attr: 7 flows detected. (logger.py:40)
2025-05-19 11:54:14,802 - Result - INFO - starlette-admin - py/class-polliution/shared-class-pollution-functions: 1 flows detected. (logger.py:40)
2025-05-19 11:54:14,802 - Result - INFO - starlette-admin - py/class-polliution/leaf-class-pollution-functions: 2 flows detected. (logger.py:40)
2025-05-19 11:54:50,256 - Result - INFO - mlx-vlm - py/class-polliution/set-attr-get-attr: 1 flows detected. (logger.py:40)
2025-05-19 11:54:50,256 - Result - INFO - mlx-vlm - py/class-polliution/shared-class-pollution-functions: 1 flows detected. (logger.py:40)
2025-05-19 11:54:50,256 - Result - INFO - mlx-vlm - py/class-polliution/leaf-class-pollution-functions: 1 flows detected. (logger.py:40)
2025-05-19 11:54:51,030 - Result - INFO - Blenvy - py/class-polliution/set-attr-get-attr: 1 flows detected. (logger.py:40)
2025-05-19 11:54:51,030 - Result - INFO - Blenvy - py/class-polliution/shared-class-pollution-functions: 1 flows detected. (logger.py:40)
2025-05-19 11:54:51,030 - Result - INFO - Blenvy - py/class-polliution/leaf-class-pollution-functions: 1 flows detected. (logger.py:40)
2025-05-19 11:55:58,951 - Result - INFO - StyleHEAT - py/class-polliution/set-attr-get-attr: 1 flows detected. (logger.py:40)
2025-05-19 11:55:58,951 - Result - INFO - StyleHEAT - py/class-polliution/shared-class-pollution-functions: 1 flows detected. (logger.py:40)
2025-05-19 11:55:58,951 - Result - INFO - StyleHEAT - py/class-polliution/leaf-class-pollution-functions: 1 flows detected. (logger.py:40)
2025-05-19 11:56:27,569 - Result - INFO - hera - py/class-polliution/set-attr-get-attr: 1 flows detected. (logger.py:40)
2025-05-19 11:56:27,569 - Result - INFO - hera - py/class-polliution/shared-class-pollution-functions: 1 flows detected. (logger.py:40)
2025-05-19 11:56:27,569 - Result - INFO - hera - py/class-polliution/leaf-class-pollution-functions: 1 flows detected. (logger.py:40)
2025-05-19 11:56:51,009 - Result - INFO - MASR - py/class-polliution/set-attr-get-attr: 1 flows detected. (logger.py:40)
2025-05-19 11:56:51,009 - Result - INFO - MASR - py/class-polliution/shared-class-pollution-functions: 1 flows detected. (logger.py:40)
2025-05-19 11:56:51,009 - Result - INFO - MASR - py/class-polliution/leaf-class-pollution-functions: 1 flows detected. (logger.py:40)
2025-05-19 11:57:03,569 - Result - INFO - TensorRT-Model-Optimizer - py/class-polliution/set-attr-get-attr: 1 flows detected. (logger.py:40)
2025-05-19 11:57:03,569 - Result - INFO - TensorRT-Model-Optimizer - py/class-polliution/shared-class-pollution-functions: 1 flows detected. (logger.py:40)
2025-05-19 11:57:03,569 - Result - INFO - TensorRT-Model-Optimizer - py/class-polliution/leaf-class-pollution-functions: 1 flows detected. (logger.py:40)
2025-05-19 11:57:23,397 - Result - INFO - parkour - py/class-polliution/set-attr-get-attr: 1 flows detected. (logger.py:40)
2025-05-19 11:57:23,397 - Result - INFO - parkour - py/class-polliution/shared-class-pollution-functions: 1 flows detected. (logger.py:40)
2025-05-19 11:57:23,397 - Result - INFO - parkour - py/class-polliution/leaf-class-pollution-functions: 1 flows detected. (logger.py:40)
2025-05-19 11:57:28,684 - Result - INFO - hard-prompts-made-easy - py/class-polliution/set-attr-get-attr: 1 flows detected. (logger.py:40)
2025-05-19 11:57:28,684 - Result - INFO - hard-prompts-made-easy - py/class-polliution/shared-class-pollution-functions: 1 flows detected. (logger.py:40)
2025-05-19 11:57:28,684 - Result - INFO - hard-prompts-made-easy - py/class-polliution/leaf-class-pollution-functions: 1 flows detected. (logger.py:40)
2025-05-19 11:57:50,127 - Result - INFO - extreme-parkour - py/class-polliution/set-attr-get-attr: 1 flows detected. (logger.py:40)
2025-05-19 11:57:50,127 - Result - INFO - extreme-parkour - py/class-polliution/shared-class-pollution-functions: 1 flows detected. (logger.py:40)
2025-05-19 11:57:50,127 - Result - INFO - extreme-parkour - py/class-polliution/leaf-class-pollution-functions: 1 flows detected. (logger.py:40)
2025-05-19 11:57:59,189 - Result - INFO - SceneDreamer - py/class-polliution/set-attr-get-attr: 1 flows detected. (logger.py:40)
2025-05-19 11:57:59,189 - Result - INFO - SceneDreamer - py/class-polliution/shared-class-pollution-functions: 1 flows detected. (logger.py:40)
2025-05-19 11:57:59,189 - Result - INFO - SceneDreamer - py/class-polliution/leaf-class-pollution-functions: 1 flows detected. (logger.py:40)
2025-05-19 11:58:06,544 - Result - INFO - TinyNeuralNetwork - py/class-polliution/set-both-get-both: 2 flows detected. (logger.py:40)
2025-05-19 11:58:06,544 - Result - INFO - TinyNeuralNetwork - py/class-polliution/shared-class-pollution-functions: 1 flows detected. (logger.py:40)
2025-05-19 11:58:06,544 - Result - INFO - TinyNeuralNetwork - py/class-polliution/leaf-class-pollution-functions: 1 flows detected. (logger.py:40)
2025-05-19 11:58:19,701 - Result - INFO - humanplus - py/class-polliution/set-attr-get-attr: 1 flows detected. (logger.py:40)
2025-05-19 11:58:19,701 - Result - INFO - humanplus - py/class-polliution/shared-class-pollution-functions: 1 flows detected. (logger.py:40)
2025-05-19 11:58:19,701 - Result - INFO - humanplus - py/class-polliution/leaf-class-pollution-functions: 1 flows detected. (logger.py:40)
2025-05-19 11:58:44,979 - Result - INFO - blrec - py/class-polliution/set-attr-get-attr: 15 flows detected. (logger.py:40)
2025-05-19 11:58:44,979 - Result - INFO - blrec - py/class-polliution/shared-class-pollution-functions: 1 flows detected. (logger.py:40)
2025-05-19 11:58:44,979 - Result - INFO - blrec - py/class-polliution/leaf-class-pollution-functions: 1 flows detected. (logger.py:40)
2025-05-19 11:59:02,853 - Result - INFO - jupyter-ros - py/class-polliution/set-attr-get-attr: 6 flows detected. (logger.py:40)
2025-05-19 11:59:02,853 - Result - INFO - jupyter-ros - py/class-polliution/shared-class-pollution-functions: 1 flows detected. (logger.py:40)
2025-05-19 11:59:02,853 - Result - INFO - jupyter-ros - py/class-polliution/leaf-class-pollution-functions: 3 flows detected. (logger.py:40)
2025-05-19 11:59:14,347 - Result - INFO - NonDeepNetworks - py/class-polliution/set-attr-get-attr: 1 flows detected. (logger.py:40)
2025-05-19 11:59:14,347 - Result - INFO - NonDeepNetworks - py/class-polliution/shared-class-pollution-functions: 1 flows detected. (logger.py:40)
2025-05-19 11:59:14,347 - Result - INFO - NonDeepNetworks - py/class-polliution/leaf-class-pollution-functions: 1 flows detected. (logger.py:40)
2025-05-19 11:59:14,355 - Result - INFO - 3D-Diffusion-Policy - py/class-polliution/set-attr-get-attr: 1 flows detected. (logger.py:40)
2025-05-19 11:59:14,355 - Result - INFO - 3D-Diffusion-Policy - py/class-polliution/shared-class-pollution-functions: 1 flows detected. (logger.py:40)
2025-05-19 11:59:14,355 - Result - INFO - 3D-Diffusion-Policy - py/class-polliution/leaf-class-pollution-functions: 1 flows detected. (logger.py:40)
2025-05-19 12:01:24,024 - Result - INFO - SillyTavern-Extras - py/class-polliution/set-attr-get-attr: 6 flows detected. (logger.py:40)
2025-05-19 12:01:24,024 - Result - INFO - SillyTavern-Extras - py/class-polliution/shared-class-pollution-functions: 6 flows detected. (logger.py:40)
2025-05-19 12:01:24,024 - Result - INFO - SillyTavern-Extras - py/class-polliution/leaf-class-pollution-functions: 6 flows detected. (logger.py:40)
2025-05-19 12:01:45,353 - Result - INFO - see - py/class-polliution/set-attr-get-attr: 3 flows detected. (logger.py:40)
2025-05-19 12:01:45,353 - Result - INFO - see - py/class-polliution/shared-class-pollution-functions: 1 flows detected. (logger.py:40)
2025-05-19 12:01:45,353 - Result - INFO - see - py/class-polliution/leaf-class-pollution-functions: 1 flows detected. (logger.py:40)
2025-05-19 12:02:13,351 - Result - INFO - phillip - py/class-polliution/set-both-get-both: 2 flows detected. (logger.py:40)
2025-05-19 12:02:13,351 - Result - INFO - phillip - py/class-polliution/shared-class-pollution-functions: 1 flows detected. (logger.py:40)
2025-05-19 12:02:13,351 - Result - INFO - phillip - py/class-polliution/leaf-class-pollution-functions: 1 flows detected. (logger.py:40)
2025-05-19 12:02:39,256 - Result - INFO - SAELens - py/class-polliution/set-attr-get-attr: 8 flows detected. (logger.py:40)
2025-05-19 12:02:39,256 - Result - INFO - SAELens - py/class-polliution/shared-class-pollution-functions: 1 flows detected. (logger.py:40)
2025-05-19 12:02:39,256 - Result - INFO - SAELens - py/class-polliution/leaf-class-pollution-functions: 7 flows detected. (logger.py:40)
2025-05-19 12:02:50,264 - Result - INFO - hidet - py/class-polliution/set-attr-get-attr: 7 flows detected. (logger.py:40)
2025-05-19 12:02:50,264 - Result - INFO - hidet - py/class-polliution/shared-class-pollution-functions: 1 flows detected. (logger.py:40)
2025-05-19 12:02:50,264 - Result - INFO - hidet - py/class-polliution/leaf-class-pollution-functions: 1 flows detected. (logger.py:40)
2025-05-19 12:03:50,395 - Result - INFO - BiomedGPT - py/class-polliution/set-attr-get-attr: 8 flows detected. (logger.py:40)
2025-05-19 12:03:50,395 - Result - INFO - BiomedGPT - py/class-polliution/shared-class-pollution-functions: 8 flows detected. (logger.py:40)
2025-05-19 12:03:50,395 - Result - INFO - BiomedGPT - py/class-polliution/leaf-class-pollution-functions: 8 flows detected. (logger.py:40)
2025-05-19 12:04:14,899 - Result - INFO - torchopt - py/class-polliution/set-attr-get-attr: 6 flows detected. (logger.py:40)
2025-05-19 12:04:14,899 - Result - INFO - torchopt - py/class-polliution/shared-class-pollution-functions: 1 flows detected. (logger.py:40)
2025-05-19 12:04:14,899 - Result - INFO - torchopt - py/class-polliution/leaf-class-pollution-functions: 5 flows detected. (logger.py:40)
2025-05-19 12:04:45,946 - Result - INFO - RSPrompter - py/class-polliution/set-attr-get-attr: 2 flows detected. (logger.py:40)
2025-05-19 12:04:45,946 - Result - INFO - RSPrompter - py/class-polliution/shared-class-pollution-functions: 2 flows detected. (logger.py:40)
2025-05-19 12:04:45,946 - Result - INFO - RSPrompter - py/class-polliution/leaf-class-pollution-functions: 2 flows detected. (logger.py:40)
2025-05-19 12:05:43,849 - Result - INFO - InterFuser - py/class-polliution/set-attr-get-attr: 1 flows detected. (logger.py:40)
2025-05-19 12:05:43,849 - Result - INFO - InterFuser - py/class-polliution/shared-class-pollution-functions: 1 flows detected. (logger.py:40)
2025-05-19 12:05:43,849 - Result - INFO - InterFuser - py/class-polliution/leaf-class-pollution-functions: 1 flows detected. (logger.py:40)
2025-05-19 12:06:25,836 - Result - INFO - UnifiedSKG - py/class-polliution/set-attr-get-attr: 2 flows detected. (logger.py:40)
2025-05-19 12:06:25,836 - Result - INFO - UnifiedSKG - py/class-polliution/shared-class-pollution-functions: 1 flows detected. (logger.py:40)
2025-05-19 12:06:25,836 - Result - INFO - UnifiedSKG - py/class-polliution/leaf-class-pollution-functions: 1 flows detected. (logger.py:40)
2025-05-19 12:06:39,886 - Result - INFO - pyobjc - py/class-polliution/set-both-get-attr: 2 flows detected. (logger.py:40)
2025-05-19 12:06:39,886 - Result - INFO - pyobjc - py/class-polliution/set-attr-get-attr: 3 flows detected. (logger.py:40)
2025-05-19 12:06:39,886 - Result - INFO - pyobjc - py/class-polliution/shared-class-pollution-functions: 1 flows detected. (logger.py:40)
2025-05-19 12:06:39,886 - Result - INFO - pyobjc - py/class-polliution/leaf-class-pollution-functions: 2 flows detected. (logger.py:40)
2025-05-19 12:06:52,529 - Result - INFO - CenterNet-better - py/class-polliution/set-attr-get-attr: 1 flows detected. (logger.py:40)
2025-05-19 12:06:52,529 - Result - INFO - CenterNet-better - py/class-polliution/shared-class-pollution-functions: 1 flows detected. (logger.py:40)
2025-05-19 12:06:52,529 - Result - INFO - CenterNet-better - py/class-polliution/leaf-class-pollution-functions: 1 flows detected. (logger.py:40)
2025-05-19 12:07:06,323 - Result - INFO - pogom - py/class-polliution/set-attr-get-attr: 3 flows detected. (logger.py:40)
2025-05-19 12:07:06,323 - Result - INFO - pogom - py/class-polliution/shared-class-pollution-functions: 1 flows detected. (logger.py:40)
2025-05-19 12:07:06,323 - Result - INFO - pogom - py/class-polliution/leaf-class-pollution-functions: 1 flows detected. (logger.py:40)
2025-05-19 12:07:13,627 - Result - INFO - VPTQ - py/class-polliution/set-attr-get-attr: 1 flows detected. (logger.py:40)
2025-05-19 12:07:13,627 - Result - INFO - VPTQ - py/class-polliution/shared-class-pollution-functions: 1 flows detected. (logger.py:40)
2025-05-19 12:07:13,627 - Result - INFO - VPTQ - py/class-polliution/leaf-class-pollution-functions: 1 flows detected. (logger.py:40)
2025-05-19 12:07:47,674 - Result - INFO - mcap - py/class-polliution/set-attr-get-attr: 3 flows detected. (logger.py:40)
2025-05-19 12:07:47,674 - Result - INFO - mcap - py/class-polliution/shared-class-pollution-functions: 1 flows detected. (logger.py:40)
2025-05-19 12:07:47,674 - Result - INFO - mcap - py/class-polliution/leaf-class-pollution-functions: 1 flows detected. (logger.py:40)
2025-05-19 12:08:26,242 - Result - INFO - astroid - py/class-polliution/set-attr-get-attr: 3 flows detected. (logger.py:40)
2025-05-19 12:08:26,242 - Result - INFO - astroid - py/class-polliution/shared-class-pollution-functions: 1 flows detected. (logger.py:40)
2025-05-19 12:08:26,242 - Result - INFO - astroid - py/class-polliution/leaf-class-pollution-functions: 1 flows detected. (logger.py:40)
2025-05-19 12:08:48,952 - Result - INFO - pygfx - py/class-polliution/set-attr-get-attr: 2 flows detected. (logger.py:40)
2025-05-19 12:08:48,952 - Result - INFO - pygfx - py/class-polliution/shared-class-pollution-functions: 2 flows detected. (logger.py:40)
2025-05-19 12:08:48,952 - Result - INFO - pygfx - py/class-polliution/leaf-class-pollution-functions: 2 flows detected. (logger.py:40)
2025-05-19 12:08:59,727 - Result - INFO - oxo - py/class-polliution/set-attr-get-attr: 15 flows detected. (logger.py:40)
2025-05-19 12:08:59,727 - Result - INFO - oxo - py/class-polliution/shared-class-pollution-functions: 1 flows detected. (logger.py:40)
2025-05-19 12:08:59,727 - Result - INFO - oxo - py/class-polliution/leaf-class-pollution-functions: 10 flows detected. (logger.py:40)
2025-05-19 12:09:34,759 - Result - INFO - CoTNet - py/class-polliution/set-attr-get-attr: 1 flows detected. (logger.py:40)
2025-05-19 12:09:34,759 - Result - INFO - CoTNet - py/class-polliution/shared-class-pollution-functions: 1 flows detected. (logger.py:40)
2025-05-19 12:09:34,759 - Result - INFO - CoTNet - py/class-polliution/leaf-class-pollution-functions: 1 flows detected. (logger.py:40)
2025-05-19 12:09:56,220 - Result - INFO - PIRender - py/class-polliution/set-attr-get-attr: 1 flows detected. (logger.py:40)
2025-05-19 12:09:56,220 - Result - INFO - PIRender - py/class-polliution/shared-class-pollution-functions: 1 flows detected. (logger.py:40)
2025-05-19 12:09:56,220 - Result - INFO - PIRender - py/class-polliution/leaf-class-pollution-functions: 1 flows detected. (logger.py:40)
2025-05-19 12:10:27,099 - Result - INFO - torchlens - py/class-polliution/set-both-get-both: 10 flows detected. (logger.py:40)
2025-05-19 12:10:27,099 - Result - INFO - torchlens - py/class-polliution/set-attr-get-attr: 1 flows detected. (logger.py:40)
2025-05-19 12:10:27,099 - Result - INFO - torchlens - py/class-polliution/shared-class-pollution-functions: 2 flows detected. (logger.py:40)
2025-05-19 12:10:27,099 - Result - INFO - torchlens - py/class-polliution/leaf-class-pollution-functions: 2 flows detected. (logger.py:40)
2025-05-19 12:14:13,737 - Result - INFO - graphql-core - py/class-polliution/set-attr-get-attr: 107 flows detected. (logger.py:40)
2025-05-19 12:14:13,737 - Result - INFO - graphql-core - py/class-polliution/shared-class-pollution-functions: 1 flows detected. (logger.py:40)
2025-05-19 12:14:13,737 - Result - INFO - graphql-core - py/class-polliution/leaf-class-pollution-functions: 39 flows detected. (logger.py:40)
2025-05-19 12:17:11,154 - Result - INFO - attention_with_linear_biases - py/class-polliution/set-attr-get-attr: 5 flows detected. (logger.py:40)
2025-05-19 12:17:11,154 - Result - INFO - attention_with_linear_biases - py/class-polliution/shared-class-pollution-functions: 5 flows detected. (logger.py:40)
2025-05-19 12:17:11,154 - Result - INFO - attention_with_linear_biases - py/class-polliution/leaf-class-pollution-functions: 5 flows detected. (logger.py:40)
2025-05-19 12:17:27,907 - Result - INFO - google-ads-python - py/class-polliution/set-attr-get-attr: 1 flows detected. (logger.py:40)
2025-05-19 12:17:27,907 - Result - INFO - google-ads-python - py/class-polliution/shared-class-pollution-functions: 1 flows detected. (logger.py:40)
2025-05-19 12:17:27,907 - Result - INFO - google-ads-python - py/class-polliution/leaf-class-pollution-functions: 1 flows detected. (logger.py:40)
2025-05-19 12:18:13,002 - Result - INFO - attn2d - py/class-polliution/set-attr-get-attr: 3 flows detected. (logger.py:40)
2025-05-19 12:18:13,002 - Result - INFO - attn2d - py/class-polliution/shared-class-pollution-functions: 3 flows detected. (logger.py:40)
2025-05-19 12:18:13,002 - Result - INFO - attn2d - py/class-polliution/leaf-class-pollution-functions: 3 flows detected. (logger.py:40)
2025-05-19 12:18:37,419 - Result - INFO - nzbhydra - py/class-polliution/set-attr-get-attr: 5 flows detected. (logger.py:40)
2025-05-19 12:18:37,419 - Result - INFO - nzbhydra - py/class-polliution/shared-class-pollution-functions: 1 flows detected. (logger.py:40)
2025-05-19 12:18:37,419 - Result - INFO - nzbhydra - py/class-polliution/leaf-class-pollution-functions: 1 flows detected. (logger.py:40)
2025-05-19 12:18:57,888 - Result - INFO - FewCLUE - py/class-polliution/set-item-get-both: 1 flows detected. (logger.py:40)
2025-05-19 12:18:57,888 - Result - INFO - FewCLUE - py/class-polliution/set-item-get-attr: 1 flows detected. (logger.py:40)
2025-05-19 12:18:57,888 - Result - INFO - FewCLUE - py/class-polliution/shared-class-pollution-functions: 1 flows detected. (logger.py:40)
2025-05-19 12:18:57,888 - Result - INFO - FewCLUE - py/class-polliution/leaf-class-pollution-functions: 1 flows detected. (logger.py:40)
2025-05-19 12:19:02,287 - Result - INFO - LaViLa - py/class-polliution/set-attr-get-attr: 1 flows detected. (logger.py:40)
2025-05-19 12:19:02,287 - Result - INFO - LaViLa - py/class-polliution/shared-class-pollution-functions: 1 flows detected. (logger.py:40)
2025-05-19 12:19:02,287 - Result - INFO - LaViLa - py/class-polliution/leaf-class-pollution-functions: 1 flows detected. (logger.py:40)
2025-05-19 12:19:24,071 - Result - INFO - rl-mpc-locomotion - py/class-polliution/set-attr-get-attr: 1 flows detected. (logger.py:40)
2025-05-19 12:19:24,071 - Result - INFO - rl-mpc-locomotion - py/class-polliution/shared-class-pollution-functions: 1 flows detected. (logger.py:40)
2025-05-19 12:19:24,072 - Result - INFO - rl-mpc-locomotion - py/class-polliution/leaf-class-pollution-functions: 1 flows detected. (logger.py:40)
2025-05-19 12:21:59,801 - Result - INFO - ccs-calendarserver - py/class-polliution/set-attr-get-attr: 3 flows detected. (logger.py:40)
2025-05-19 12:21:59,801 - Result - INFO - ccs-calendarserver - py/class-polliution/shared-class-pollution-functions: 1 flows detected. (logger.py:40)
2025-05-19 12:21:59,801 - Result - INFO - ccs-calendarserver - py/class-polliution/leaf-class-pollution-functions: 2 flows detected. (logger.py:40)
2025-05-19 12:22:30,522 - Result - INFO - golem - py/class-polliution/set-attr-get-attr: 3 flows detected. (logger.py:40)
2025-05-19 12:22:30,522 - Result - INFO - golem - py/class-polliution/shared-class-pollution-functions: 1 flows detected. (logger.py:40)
2025-05-19 12:22:30,522 - Result - INFO - golem - py/class-polliution/leaf-class-pollution-functions: 1 flows detected. (logger.py:40)
2025-05-19 12:24:09,709 - Result - INFO - OccNet-Course - py/class-polliution/set-attr-get-attr: 4 flows detected. (logger.py:40)
2025-05-19 12:24:09,709 - Result - INFO - OccNet-Course - py/class-polliution/shared-class-pollution-functions: 4 flows detected. (logger.py:40)
2025-05-19 12:24:09,709 - Result - INFO - OccNet-Course - py/class-polliution/leaf-class-pollution-functions: 4 flows detected. (logger.py:40)
2025-05-19 12:24:12,960 - Result - INFO - robocorp - py/class-polliution/set-attr-get-attr: 2 flows detected. (logger.py:40)
2025-05-19 12:24:12,960 - Result - INFO - robocorp - py/class-polliution/shared-class-pollution-functions: 1 flows detected. (logger.py:40)
2025-05-19 12:24:12,960 - Result - INFO - robocorp - py/class-polliution/leaf-class-pollution-functions: 1 flows detected. (logger.py:40)
2025-05-19 12:24:59,869 - Result - INFO - BitBLAS - py/class-polliution/set-attr-get-attr: 1 flows detected. (logger.py:40)
2025-05-19 12:24:59,869 - Result - INFO - BitBLAS - py/class-polliution/shared-class-pollution-functions: 1 flows detected. (logger.py:40)
2025-05-19 12:24:59,869 - Result - INFO - BitBLAS - py/class-polliution/leaf-class-pollution-functions: 1 flows detected. (logger.py:40)
2025-05-19 12:25:17,924 - Result - INFO - dovpanda - py/class-polliution/set-attr-get-attr: 4 flows detected. (logger.py:40)
2025-05-19 12:25:17,924 - Result - INFO - dovpanda - py/class-polliution/shared-class-pollution-functions: 1 flows detected. (logger.py:40)
2025-05-19 12:25:17,924 - Result - INFO - dovpanda - py/class-polliution/leaf-class-pollution-functions: 1 flows detected. (logger.py:40)
2025-05-19 12:25:42,311 - Result - INFO - qserve - py/class-polliution/set-attr-get-attr: 2 flows detected. (logger.py:40)
2025-05-19 12:25:42,311 - Result - INFO - qserve - py/class-polliution/shared-class-pollution-functions: 2 flows detected. (logger.py:40)
2025-05-19 12:25:42,311 - Result - INFO - qserve - py/class-polliution/leaf-class-pollution-functions: 2 flows detected. (logger.py:40)
2025-05-19 12:26:35,065 - Result - INFO - archai - py/class-polliution/set-attr-get-attr: 2 flows detected. (logger.py:40)
2025-05-19 12:26:35,065 - Result - INFO - archai - py/class-polliution/shared-class-pollution-functions: 1 flows detected. (logger.py:40)
2025-05-19 12:26:35,065 - Result - INFO - archai - py/class-polliution/leaf-class-pollution-functions: 1 flows detected. (logger.py:40)
2025-05-19 12:27:00,554 - Result - INFO - GoBigger - py/class-polliution/set-item-get-both: 1 flows detected. (logger.py:40)
2025-05-19 12:27:00,554 - Result - INFO - GoBigger - py/class-polliution/set-item-get-attr: 1 flows detected. (logger.py:40)
2025-05-19 12:27:00,554 - Result - INFO - GoBigger - py/class-polliution/shared-class-pollution-functions: 1 flows detected. (logger.py:40)
2025-05-19 12:27:00,554 - Result - INFO - GoBigger - py/class-polliution/leaf-class-pollution-functions: 1 flows detected. (logger.py:40)
2025-05-19 12:27:56,672 - Result - INFO - Multi-Modality-Arena - py/class-polliution/set-attr-get-attr: 36 flows detected. (logger.py:40)
2025-05-19 12:27:56,672 - Result - INFO - Multi-Modality-Arena - py/class-polliution/shared-class-pollution-functions: 36 flows detected. (logger.py:40)
2025-05-19 12:27:56,672 - Result - INFO - Multi-Modality-Arena - py/class-polliution/leaf-class-pollution-functions: 36 flows detected. (logger.py:40)
2025-05-19 12:28:17,065 - Result - INFO - tuned-lens - py/class-polliution/set-attr-get-attr: 9 flows detected. (logger.py:40)
2025-05-19 12:28:17,065 - Result - INFO - tuned-lens - py/class-polliution/shared-class-pollution-functions: 1 flows detected. (logger.py:40)
2025-05-19 12:28:17,065 - Result - INFO - tuned-lens - py/class-polliution/leaf-class-pollution-functions: 1 flows detected. (logger.py:40)
2025-05-19 12:28:34,659 - Result - INFO - cc_blender_tools - py/class-polliution/set-attr-get-attr: 8 flows detected. (logger.py:40)
2025-05-19 12:28:34,659 - Result - INFO - cc_blender_tools - py/class-polliution/shared-class-pollution-functions: 2 flows detected. (logger.py:40)
2025-05-19 12:28:34,659 - Result - INFO - cc_blender_tools - py/class-polliution/leaf-class-pollution-functions: 2 flows detected. (logger.py:40)
2025-05-19 12:29:07,050 - Result - INFO - Sollumz - py/class-polliution/set-attr-get-attr: 4 flows detected. (logger.py:40)
2025-05-19 12:29:07,050 - Result - INFO - Sollumz - py/class-polliution/shared-class-pollution-functions: 1 flows detected. (logger.py:40)
2025-05-19 12:29:07,050 - Result - INFO - Sollumz - py/class-polliution/leaf-class-pollution-functions: 3 flows detected. (logger.py:40)
2025-05-19 12:29:35,145 - Result - INFO - riven - py/class-polliution/set-both-get-attr: 2 flows detected. (logger.py:40)
2025-05-19 12:29:35,145 - Result - INFO - riven - py/class-polliution/shared-class-pollution-functions: 1 flows detected. (logger.py:40)
2025-05-19 12:29:35,145 - Result - INFO - riven - py/class-polliution/leaf-class-pollution-functions: 1 flows detected. (logger.py:40)
2025-05-19 12:30:29,874 - Result - INFO - SimpleParsing - py/class-polliution/set-attr-get-attr: 2 flows detected. (logger.py:40)
2025-05-19 12:30:29,874 - Result - INFO - SimpleParsing - py/class-polliution/shared-class-pollution-functions: 2 flows detected. (logger.py:40)
2025-05-19 12:30:29,874 - Result - INFO - SimpleParsing - py/class-polliution/leaf-class-pollution-functions: 2 flows detected. (logger.py:40)
2025-05-19 12:32:01,227 - Result - INFO - SSDNeRF - py/class-polliution/set-attr-get-attr: 6 flows detected. (logger.py:40)
2025-05-19 12:32:01,227 - Result - INFO - SSDNeRF - py/class-polliution/shared-class-pollution-functions: 1 flows detected. (logger.py:40)
2025-05-19 12:32:01,227 - Result - INFO - SSDNeRF - py/class-polliution/leaf-class-pollution-functions: 4 flows detected. (logger.py:40)
2025-05-19 12:32:20,897 - Result - INFO - AudioClassification-Pytorch - py/class-polliution/set-attr-get-attr: 2 flows detected. (logger.py:40)
2025-05-19 12:32:20,897 - Result - INFO - AudioClassification-Pytorch - py/class-polliution/shared-class-pollution-functions: 2 flows detected. (logger.py:40)
2025-05-19 12:32:20,897 - Result - INFO - AudioClassification-Pytorch - py/class-polliution/leaf-class-pollution-functions: 2 flows detected. (logger.py:40)
2025-05-19 12:32:30,940 - Result - INFO - UniSpeech - py/class-polliution/set-attr-get-attr: 2 flows detected. (logger.py:40)
2025-05-19 12:32:30,940 - Result - INFO - UniSpeech - py/class-polliution/shared-class-pollution-functions: 2 flows detected. (logger.py:40)
2025-05-19 12:32:30,940 - Result - INFO - UniSpeech - py/class-polliution/leaf-class-pollution-functions: 2 flows detected. (logger.py:40)
2025-05-19 12:32:42,416 - Result - INFO - model-soups - py/class-polliution/set-attr-get-attr: 2 flows detected. (logger.py:40)
2025-05-19 12:32:42,416 - Result - INFO - model-soups - py/class-polliution/shared-class-pollution-functions: 1 flows detected. (logger.py:40)
2025-05-19 12:32:42,416 - Result - INFO - model-soups - py/class-polliution/leaf-class-pollution-functions: 1 flows detected. (logger.py:40)
2025-05-19 12:32:53,661 - Result - INFO - recipy - py/class-polliution/set-attr-get-attr: 6 flows detected. (logger.py:40)
2025-05-19 12:32:53,661 - Result - INFO - recipy - py/class-polliution/shared-class-pollution-functions: 1 flows detected. (logger.py:40)
2025-05-19 12:32:53,661 - Result - INFO - recipy - py/class-polliution/leaf-class-pollution-functions: 2 flows detected. (logger.py:40)
2025-05-19 12:33:39,468 - Result - INFO - djangorestframework-dataclasses - py/class-polliution/set-attr-get-attr: 1 flows detected. (logger.py:40)
2025-05-19 12:33:39,468 - Result - INFO - djangorestframework-dataclasses - py/class-polliution/shared-class-pollution-functions: 1 flows detected. (logger.py:40)
2025-05-19 12:33:39,468 - Result - INFO - djangorestframework-dataclasses - py/class-polliution/leaf-class-pollution-functions: 1 flows detected. (logger.py:40)
2025-05-19 12:34:04,589 - Result - INFO - model-card-toolkit - py/class-polliution/set-attr-get-attr: 3 flows detected. (logger.py:40)
2025-05-19 12:34:04,589 - Result - INFO - model-card-toolkit - py/class-polliution/shared-class-pollution-functions: 3 flows detected. (logger.py:40)
2025-05-19 12:34:04,589 - Result - INFO - model-card-toolkit - py/class-polliution/leaf-class-pollution-functions: 3 flows detected. (logger.py:40)
2025-05-19 12:34:34,024 - Result - INFO - aliyun-odps-python-sdk - py/class-polliution/set-attr-get-attr: 1 flows detected. (logger.py:40)
2025-05-19 12:34:34,024 - Result - INFO - aliyun-odps-python-sdk - py/class-polliution/shared-class-pollution-functions: 1 flows detected. (logger.py:40)
2025-05-19 12:34:34,024 - Result - INFO - aliyun-odps-python-sdk - py/class-polliution/leaf-class-pollution-functions: 1 flows detected. (logger.py:40)
2025-05-19 12:34:41,070 - Result - INFO - TwitchLink - py/class-polliution/set-attr-get-attr: 1 flows detected. (logger.py:40)
2025-05-19 12:34:41,070 - Result - INFO - TwitchLink - py/class-polliution/shared-class-pollution-functions: 1 flows detected. (logger.py:40)
2025-05-19 12:34:41,070 - Result - INFO - TwitchLink - py/class-polliution/leaf-class-pollution-functions: 1 flows detected. (logger.py:40)
2025-05-19 12:34:57,027 - Result - INFO - ViperIDE - py/class-polliution/set-attr-get-attr: 3 flows detected. (logger.py:40)
2025-05-19 12:34:57,027 - Result - INFO - ViperIDE - py/class-polliution/shared-class-pollution-functions: 3 flows detected. (logger.py:40)
2025-05-19 12:35:02,341 - Result - INFO - etlpy - py/class-polliution/set-attr-get-both: 3 flows detected. (logger.py:40)
2025-05-19 12:35:02,341 - Result - INFO - etlpy - py/class-polliution/shared-class-pollution-functions: 1 flows detected. (logger.py:40)
2025-05-19 12:35:02,341 - Result - INFO - etlpy - py/class-polliution/leaf-class-pollution-functions: 1 flows detected. (logger.py:40)
2025-05-19 12:35:23,860 - Result - INFO - mtt-distillation - py/class-polliution/set-attr-get-attr: 7 flows detected. (logger.py:40)
2025-05-19 12:35:23,860 - Result - INFO - mtt-distillation - py/class-polliution/shared-class-pollution-functions: 7 flows detected. (logger.py:40)
2025-05-19 12:35:23,860 - Result - INFO - mtt-distillation - py/class-polliution/leaf-class-pollution-functions: 7 flows detected. (logger.py:40)
2025-05-19 12:35:27,314 - Result - INFO - automlbenchmark - py/class-polliution/set-attr-get-attr: 2 flows detected. (logger.py:40)
2025-05-19 12:35:27,314 - Result - INFO - automlbenchmark - py/class-polliution/shared-class-pollution-functions: 1 flows detected. (logger.py:40)
2025-05-19 12:35:27,314 - Result - INFO - automlbenchmark - py/class-polliution/leaf-class-pollution-functions: 1 flows detected. (logger.py:40)
2025-05-19 12:35:53,856 - Result - INFO - ssl_detection - py/class-polliution/set-attr-get-attr: 2 flows detected. (logger.py:40)
2025-05-19 12:35:53,856 - Result - INFO - ssl_detection - py/class-polliution/shared-class-pollution-functions: 1 flows detected. (logger.py:40)
2025-05-19 12:35:53,856 - Result - INFO - ssl_detection - py/class-polliution/leaf-class-pollution-functions: 1 flows detected. (logger.py:40)
2025-05-19 12:36:14,152 - Result - INFO - check50 - py/class-polliution/set-attr-get-attr: 3 flows detected. (logger.py:40)
2025-05-19 12:36:14,152 - Result - INFO - check50 - py/class-polliution/shared-class-pollution-functions: 1 flows detected. (logger.py:40)
2025-05-19 12:36:14,152 - Result - INFO - check50 - py/class-polliution/leaf-class-pollution-functions: 2 flows detected. (logger.py:40)
2025-05-19 12:37:43,410 - Result - INFO - Open-NLLB - py/class-polliution/set-attr-get-attr: 6 flows detected. (logger.py:40)
2025-05-19 12:37:43,410 - Result - INFO - Open-NLLB - py/class-polliution/shared-class-pollution-functions: 6 flows detected. (logger.py:40)
2025-05-19 12:37:43,410 - Result - INFO - Open-NLLB - py/class-polliution/leaf-class-pollution-functions: 6 flows detected. (logger.py:40)
2025-05-19 12:38:06,108 - Result - INFO - pyrobolearn - py/class-polliution/set-attr-get-both: 1 flows detected. (logger.py:40)
2025-05-19 12:38:06,108 - Result - INFO - pyrobolearn - py/class-polliution/shared-class-pollution-functions: 1 flows detected. (logger.py:40)
2025-05-19 12:38:06,109 - Result - INFO - pyrobolearn - py/class-polliution/leaf-class-pollution-functions: 1 flows detected. (logger.py:40)
2025-05-19 12:40:01,983 - Result - INFO - Auto1111SDK - py/class-polliution/set-attr-get-attr: 4 flows detected. (logger.py:40)
2025-05-19 12:40:01,983 - Result - INFO - Auto1111SDK - py/class-polliution/shared-class-pollution-functions: 1 flows detected. (logger.py:40)
2025-05-19 12:40:01,983 - Result - INFO - Auto1111SDK - py/class-polliution/leaf-class-pollution-functions: 2 flows detected. (logger.py:40)
2025-05-19 12:40:13,769 - Result - INFO - ADAPT - py/class-polliution/set-attr-get-attr: 1 flows detected. (logger.py:40)
2025-05-19 12:40:13,769 - Result - INFO - ADAPT - py/class-polliution/shared-class-pollution-functions: 1 flows detected. (logger.py:40)
2025-05-19 12:40:13,769 - Result - INFO - ADAPT - py/class-polliution/leaf-class-pollution-functions: 1 flows detected. (logger.py:40)
2025-05-19 12:42:35,462 - Result - INFO - embodied-generalist - py/class-polliution/set-attr-get-attr: 1 flows detected. (logger.py:40)
2025-05-19 12:42:35,462 - Result - INFO - embodied-generalist - py/class-polliution/shared-class-pollution-functions: 1 flows detected. (logger.py:40)
2025-05-19 12:42:35,462 - Result - INFO - embodied-generalist - py/class-polliution/leaf-class-pollution-functions: 1 flows detected. (logger.py:40)
2025-05-19 12:43:05,599 - Result - INFO - lamar-benchmark - py/class-polliution/set-attr-get-attr: 2 flows detected. (logger.py:40)
2025-05-19 12:43:05,599 - Result - INFO - lamar-benchmark - py/class-polliution/shared-class-pollution-functions: 1 flows detected. (logger.py:40)
2025-05-19 12:43:05,599 - Result - INFO - lamar-benchmark - py/class-polliution/leaf-class-pollution-functions: 1 flows detected. (logger.py:40)
2025-05-19 12:57:56,186 - Result - INFO - DynamicRouting - py/class-polliution/set-attr-get-attr: 1 flows detected. (logger.py:40)
2025-05-19 12:57:56,186 - Result - INFO - DynamicRouting - py/class-polliution/shared-class-pollution-functions: 1 flows detected. (logger.py:40)
2025-05-19 12:57:56,186 - Result - INFO - DynamicRouting - py/class-polliution/leaf-class-pollution-functions: 1 flows detected. (logger.py:40)
2025-05-19 12:58:23,127 - Result - INFO - mako - py/class-polliution/set-attr-get-attr: 83 flows detected. (logger.py:40)
2025-05-19 12:58:23,127 - Result - INFO - mako - py/class-polliution/shared-class-pollution-functions: 1 flows detected. (logger.py:40)
2025-05-19 12:58:23,127 - Result - INFO - mako - py/class-polliution/leaf-class-pollution-functions: 15 flows detected. (logger.py:40)
2025-05-19 12:59:18,863 - Result - INFO - ChatGLM-LLaMA-chinese-insturct - py/class-polliution/set-attr-get-attr: 1 flows detected. (logger.py:40)
2025-05-19 12:59:18,863 - Result - INFO - ChatGLM-LLaMA-chinese-insturct - py/class-polliution/shared-class-pollution-functions: 1 flows detected. (logger.py:40)
2025-05-19 12:59:18,863 - Result - INFO - ChatGLM-LLaMA-chinese-insturct - py/class-polliution/leaf-class-pollution-functions: 1 flows detected. (logger.py:40)
2025-05-19 12:59:55,665 - Result - INFO - text2cinemagraph - py/class-polliution/set-attr-get-attr: 1 flows detected. (logger.py:40)
2025-05-19 12:59:55,665 - Result - INFO - text2cinemagraph - py/class-polliution/shared-class-pollution-functions: 1 flows detected. (logger.py:40)
2025-05-19 12:59:55,665 - Result - INFO - text2cinemagraph - py/class-polliution/leaf-class-pollution-functions: 1 flows detected. (logger.py:40)
2025-05-19 13:00:27,630 - Result - INFO - sparsezoo - py/class-polliution/set-both-get-attr: 4 flows detected. (logger.py:40)
2025-05-19 13:00:27,630 - Result - INFO - sparsezoo - py/class-polliution/shared-class-pollution-functions: 1 flows detected. (logger.py:40)
2025-05-19 13:00:27,630 - Result - INFO - sparsezoo - py/class-polliution/leaf-class-pollution-functions: 1 flows detected. (logger.py:40)
2025-05-19 13:03:57,964 - Result - INFO - graphql-core-legacy - py/class-polliution/set-both-get-both: 33 flows detected. (logger.py:40)
2025-05-19 13:03:57,964 - Result - INFO - graphql-core-legacy - py/class-polliution/shared-class-pollution-functions: 6 flows detected. (logger.py:40)
2025-05-19 13:03:57,964 - Result - INFO - graphql-core-legacy - py/class-polliution/leaf-class-pollution-functions: 25 flows detected. (logger.py:40)
2025-05-19 13:04:22,689 - Result - INFO - METER - py/class-polliution/set-attr-get-attr: 1 flows detected. (logger.py:40)
2025-05-19 13:04:22,689 - Result - INFO - METER - py/class-polliution/shared-class-pollution-functions: 1 flows detected. (logger.py:40)
2025-05-19 13:04:22,689 - Result - INFO - METER - py/class-polliution/leaf-class-pollution-functions: 1 flows detected. (logger.py:40)
2025-05-19 13:04:46,020 - Result - INFO - VisionLLaMA - py/class-polliution/set-attr-get-attr: 2 flows detected. (logger.py:40)
2025-05-19 13:04:46,020 - Result - INFO - VisionLLaMA - py/class-polliution/shared-class-pollution-functions: 2 flows detected. (logger.py:40)
2025-05-19 13:04:46,020 - Result - INFO - VisionLLaMA - py/class-polliution/leaf-class-pollution-functions: 2 flows detected. (logger.py:40)
2025-05-19 13:04:50,298 - Result - INFO - DAPPER - py/class-polliution/set-item-get-attr: 2 flows detected. (logger.py:40)
2025-05-19 13:04:50,298 - Result - INFO - DAPPER - py/class-polliution/shared-class-pollution-functions: 1 flows detected. (logger.py:40)
2025-05-19 13:04:50,298 - Result - INFO - DAPPER - py/class-polliution/leaf-class-pollution-functions: 1 flows detected. (logger.py:40)
2025-05-19 13:05:09,280 - Result - INFO - pyvarinf - py/class-polliution/set-attr-get-attr: 3 flows detected. (logger.py:40)
2025-05-19 13:05:09,280 - Result - INFO - pyvarinf - py/class-polliution/shared-class-pollution-functions: 1 flows detected. (logger.py:40)
2025-05-19 13:05:09,280 - Result - INFO - pyvarinf - py/class-polliution/leaf-class-pollution-functions: 1 flows detected. (logger.py:40)
2025-05-19 13:05:12,795 - Result - INFO - Expy-Kit - py/class-polliution/set-attr-get-both: 1 flows detected. (logger.py:40)
2025-05-19 13:05:12,795 - Result - INFO - Expy-Kit - py/class-polliution/shared-class-pollution-functions: 1 flows detected. (logger.py:40)
2025-05-19 13:05:12,795 - Result - INFO - Expy-Kit - py/class-polliution/leaf-class-pollution-functions: 1 flows detected. (logger.py:40)
2025-05-19 13:05:37,648 - Result - INFO - RadFM - py/class-polliution/set-attr-get-attr: 2 flows detected. (logger.py:40)
2025-05-19 13:05:37,648 - Result - INFO - RadFM - py/class-polliution/shared-class-pollution-functions: 2 flows detected. (logger.py:40)
2025-05-19 13:05:37,648 - Result - INFO - RadFM - py/class-polliution/leaf-class-pollution-functions: 2 flows detected. (logger.py:40)
2025-05-19 13:06:26,282 - Result - INFO - AgentPilot - py/class-polliution/set-attr-get-attr: 7 flows detected. (logger.py:40)
2025-05-19 13:06:26,282 - Result - INFO - AgentPilot - py/class-polliution/shared-class-pollution-functions: 1 flows detected. (logger.py:40)
2025-05-19 13:06:26,282 - Result - INFO - AgentPilot - py/class-polliution/leaf-class-pollution-functions: 5 flows detected. (logger.py:40)
2025-05-19 13:06:50,174 - Result - INFO - plato - py/class-polliution/set-attr-get-attr: 1 flows detected. (logger.py:40)
2025-05-19 13:06:50,174 - Result - INFO - plato - py/class-polliution/shared-class-pollution-functions: 1 flows detected. (logger.py:40)
2025-05-19 13:06:50,174 - Result - INFO - plato - py/class-polliution/leaf-class-pollution-functions: 1 flows detected. (logger.py:40)
2025-05-19 13:08:00,369 - Result - INFO - mindone - py/class-polliution/set-attr-get-attr: 3 flows detected. (logger.py:40)
2025-05-19 13:08:00,369 - Result - INFO - mindone - py/class-polliution/shared-class-pollution-functions: 1 flows detected. (logger.py:40)
2025-05-19 13:08:00,369 - Result - INFO - mindone - py/class-polliution/leaf-class-pollution-functions: 2 flows detected. (logger.py:40)
2025-05-19 13:08:57,418 - Result - INFO - TorchRay - py/class-polliution/set-attr-get-attr: 7 flows detected. (logger.py:40)
2025-05-19 13:08:57,418 - Result - INFO - TorchRay - py/class-polliution/shared-class-pollution-functions: 1 flows detected. (logger.py:40)
2025-05-19 13:08:57,418 - Result - INFO - TorchRay - py/class-polliution/leaf-class-pollution-functions: 2 flows detected. (logger.py:40)
2025-05-19 13:09:33,891 - Result - INFO - Qcodes - py/class-polliution/set-attr-get-attr: 9 flows detected. (logger.py:40)
2025-05-19 13:09:33,891 - Result - INFO - Qcodes - py/class-polliution/shared-class-pollution-functions: 1 flows detected. (logger.py:40)
2025-05-19 13:09:33,891 - Result - INFO - Qcodes - py/class-polliution/leaf-class-pollution-functions: 2 flows detected. (logger.py:40)
2025-05-19 13:09:48,552 - Result - INFO - Prism - py/class-polliution/set-attr-get-attr: 4 flows detected. (logger.py:40)
2025-05-19 13:09:48,552 - Result - INFO - Prism - py/class-polliution/shared-class-pollution-functions: 4 flows detected. (logger.py:40)
2025-05-19 13:09:48,552 - Result - INFO - Prism - py/class-polliution/leaf-class-pollution-functions: 4 flows detected. (logger.py:40)
2025-05-19 13:10:06,134 - Result - INFO - returnn - py/class-polliution/set-item-get-both: 3 flows detected. (logger.py:40)
2025-05-19 13:10:06,134 - Result - INFO - returnn - py/class-polliution/set-item-get-attr: 3 flows detected. (logger.py:40)
2025-05-19 13:10:06,134 - Result - INFO - returnn - py/class-polliution/shared-class-pollution-functions: 1 flows detected. (logger.py:40)
2025-05-19 13:10:06,134 - Result - INFO - returnn - py/class-polliution/leaf-class-pollution-functions: 1 flows detected. (logger.py:40)
2025-05-19 13:10:21,940 - Result - INFO - xsdata - py/class-polliution/set-attr-get-attr: 1 flows detected. (logger.py:40)
2025-05-19 13:10:21,940 - Result - INFO - xsdata - py/class-polliution/shared-class-pollution-functions: 1 flows detected. (logger.py:40)
2025-05-19 13:10:21,940 - Result - INFO - xsdata - py/class-polliution/leaf-class-pollution-functions: 1 flows detected. (logger.py:40)
2025-05-19 13:10:48,838 - Result - INFO - cloudfoxable - py/class-polliution/set-attr-get-attr: 8 flows detected. (logger.py:40)
2025-05-19 13:10:48,838 - Result - INFO - cloudfoxable - py/class-polliution/shared-class-pollution-functions: 1 flows detected. (logger.py:40)
2025-05-19 13:10:48,838 - Result - INFO - cloudfoxable - py/class-polliution/leaf-class-pollution-functions: 3 flows detected. (logger.py:40)
2025-05-19 13:11:52,232 - Result - INFO - tournesol - py/class-polliution/set-both-get-both: 2 flows detected. (logger.py:40)
2025-05-19 13:11:52,232 - Result - INFO - tournesol - py/class-polliution/shared-class-pollution-functions: 1 flows detected. (logger.py:40)
2025-05-19 13:11:52,232 - Result - INFO - tournesol - py/class-polliution/leaf-class-pollution-functions: 1 flows detected. (logger.py:40)
2025-05-19 13:12:08,441 - Result - INFO - davit - py/class-polliution/set-attr-get-attr: 1 flows detected. (logger.py:40)
2025-05-19 13:12:08,441 - Result - INFO - davit - py/class-polliution/shared-class-pollution-functions: 1 flows detected. (logger.py:40)
2025-05-19 13:12:08,441 - Result - INFO - davit - py/class-polliution/leaf-class-pollution-functions: 1 flows detected. (logger.py:40)
2025-05-19 13:13:14,800 - Result - INFO - ppci - py/class-polliution/set-attr-get-attr: 1 flows detected. (logger.py:40)
2025-05-19 13:13:14,800 - Result - INFO - ppci - py/class-polliution/shared-class-pollution-functions: 1 flows detected. (logger.py:40)
2025-05-19 13:13:14,800 - Result - INFO - ppci - py/class-polliution/leaf-class-pollution-functions: 1 flows detected. (logger.py:40)
2025-05-19 13:13:40,166 - Result - INFO - quantized_distillation - py/class-polliution/set-attr-get-attr: 1 flows detected. (logger.py:40)
2025-05-19 13:13:40,166 - Result - INFO - quantized_distillation - py/class-polliution/shared-class-pollution-functions: 1 flows detected. (logger.py:40)
2025-05-19 13:13:40,166 - Result - INFO - quantized_distillation - py/class-polliution/leaf-class-pollution-functions: 1 flows detected. (logger.py:40)
2025-05-19 13:13:50,811 - Result - INFO - jsonargparse - py/class-polliution/set-both-get-both: 6 flows detected. (logger.py:40)
2025-05-19 13:13:50,811 - Result - INFO - jsonargparse - py/class-polliution/set-both-get-attr: 2 flows detected. (logger.py:40)
2025-05-19 13:13:50,811 - Result - INFO - jsonargparse - py/class-polliution/shared-class-pollution-functions: 2 flows detected. (logger.py:40)
2025-05-19 13:13:50,811 - Result - INFO - jsonargparse - py/class-polliution/leaf-class-pollution-functions: 2 flows detected. (logger.py:40)
2025-05-19 13:14:07,986 - Result - INFO - RoboFlamingo - py/class-polliution/set-attr-get-attr: 4 flows detected. (logger.py:40)
2025-05-19 13:14:07,986 - Result - INFO - RoboFlamingo - py/class-polliution/shared-class-pollution-functions: 4 flows detected. (logger.py:40)
2025-05-19 13:14:07,986 - Result - INFO - RoboFlamingo - py/class-polliution/leaf-class-pollution-functions: 4 flows detected. (logger.py:40)
2025-05-19 13:14:31,141 - Result - INFO - MANIQA - py/class-polliution/set-attr-get-attr: 1 flows detected. (logger.py:40)
2025-05-19 13:14:31,141 - Result - INFO - MANIQA - py/class-polliution/shared-class-pollution-functions: 1 flows detected. (logger.py:40)
2025-05-19 13:14:31,141 - Result - INFO - MANIQA - py/class-polliution/leaf-class-pollution-functions: 1 flows detected. (logger.py:40)
2025-05-19 13:14:43,571 - Result - INFO - GeoPix - py/class-polliution/set-attr-get-both: 4 flows detected. (logger.py:40)
2025-05-19 13:14:43,571 - Result - INFO - GeoPix - py/class-polliution/shared-class-pollution-functions: 2 flows detected. (logger.py:40)
2025-05-19 13:14:43,571 - Result - INFO - GeoPix - py/class-polliution/leaf-class-pollution-functions: 2 flows detected. (logger.py:40)
2025-05-19 13:15:07,424 - Result - INFO - Sparsebit - py/class-polliution/set-attr-get-attr: 1 flows detected. (logger.py:40)
2025-05-19 13:15:07,424 - Result - INFO - Sparsebit - py/class-polliution/shared-class-pollution-functions: 1 flows detected. (logger.py:40)
2025-05-19 13:15:07,424 - Result - INFO - Sparsebit - py/class-polliution/leaf-class-pollution-functions: 1 flows detected. (logger.py:40)
2025-05-19 13:15:19,141 - Result - INFO - RoboBEV - py/class-polliution/set-item-get-both: 2 flows detected. (logger.py:40)
2025-05-19 13:15:19,141 - Result - INFO - RoboBEV - py/class-polliution/set-item-get-attr: 2 flows detected. (logger.py:40)
2025-05-19 13:15:19,141 - Result - INFO - RoboBEV - py/class-polliution/shared-class-pollution-functions: 2 flows detected. (logger.py:40)
2025-05-19 13:15:19,141 - Result - INFO - RoboBEV - py/class-polliution/leaf-class-pollution-functions: 2 flows detected. (logger.py:40)
2025-05-19 13:15:33,407 - Result - INFO - HIMLoco - py/class-polliution/set-attr-get-attr: 1 flows detected. (logger.py:40)
2025-05-19 13:15:33,407 - Result - INFO - HIMLoco - py/class-polliution/shared-class-pollution-functions: 1 flows detected. (logger.py:40)
2025-05-19 13:15:33,407 - Result - INFO - HIMLoco - py/class-polliution/leaf-class-pollution-functions: 1 flows detected. (logger.py:40)
2025-05-19 13:16:00,474 - Result - INFO - human2humanoid - py/class-polliution/set-attr-get-attr: 1 flows detected. (logger.py:40)
2025-05-19 13:16:00,474 - Result - INFO - human2humanoid - py/class-polliution/shared-class-pollution-functions: 1 flows detected. (logger.py:40)
2025-05-19 13:16:00,474 - Result - INFO - human2humanoid - py/class-polliution/leaf-class-pollution-functions: 1 flows detected. (logger.py:40)
2025-05-19 13:16:10,640 - Result - INFO - quibbler - py/class-polliution/set-item-get-both: 6 flows detected. (logger.py:40)
2025-05-19 13:16:10,640 - Result - INFO - quibbler - py/class-polliution/set-item-get-attr: 6 flows detected. (logger.py:40)
2025-05-19 13:16:10,640 - Result - INFO - quibbler - py/class-polliution/shared-class-pollution-functions: 6 flows detected. (logger.py:40)
2025-05-19 13:16:10,640 - Result - INFO - quibbler - py/class-polliution/leaf-class-pollution-functions: 6 flows detected. (logger.py:40)
2025-05-19 13:16:34,876 - Result - INFO - stark - py/class-polliution/set-attr-get-attr: 4 flows detected. (logger.py:40)
2025-05-19 13:16:34,876 - Result - INFO - stark - py/class-polliution/shared-class-pollution-functions: 1 flows detected. (logger.py:40)
2025-05-19 13:16:34,876 - Result - INFO - stark - py/class-polliution/leaf-class-pollution-functions: 1 flows detected. (logger.py:40)
2025-05-19 13:16:47,573 - Result - INFO - fast64 - py/class-polliution/set-attr-get-attr: 15 flows detected. (logger.py:40)
2025-05-19 13:16:47,573 - Result - INFO - fast64 - py/class-polliution/shared-class-pollution-functions: 1 flows detected. (logger.py:40)
2025-05-19 13:16:47,573 - Result - INFO - fast64 - py/class-polliution/leaf-class-pollution-functions: 8 flows detected. (logger.py:40)
2025-05-19 13:17:02,472 - Result - INFO - OTAvatar - py/class-polliution/set-attr-get-attr: 1 flows detected. (logger.py:40)
2025-05-19 13:17:02,472 - Result - INFO - OTAvatar - py/class-polliution/shared-class-pollution-functions: 1 flows detected. (logger.py:40)
2025-05-19 13:17:02,472 - Result - INFO - OTAvatar - py/class-polliution/leaf-class-pollution-functions: 1 flows detected. (logger.py:40)
2025-05-19 13:17:10,623 - Result - INFO - pokitoki - py/class-polliution/set-both-get-attr: 2 flows detected. (logger.py:40)
2025-05-19 13:17:10,623 - Result - INFO - pokitoki - py/class-polliution/shared-class-pollution-functions: 1 flows detected. (logger.py:40)
2025-05-19 13:17:10,623 - Result - INFO - pokitoki - py/class-polliution/leaf-class-pollution-functions: 1 flows detected. (logger.py:40)
2025-05-19 13:17:16,166 - Result - INFO - oapi-sdk-python - py/class-polliution/set-attr-get-attr: 16 flows detected. (logger.py:40)
2025-05-19 13:17:16,166 - Result - INFO - oapi-sdk-python - py/class-polliution/shared-class-pollution-functions: 1 flows detected. (logger.py:40)
2025-05-19 13:17:16,166 - Result - INFO - oapi-sdk-python - py/class-polliution/leaf-class-pollution-functions: 5 flows detected. (logger.py:40)
2025-05-19 13:17:54,108 - Result - INFO - BMW-TensorFlow-Inference-API-GPU - py/class-polliution/set-attr-get-attr: 2 flows detected. (logger.py:40)
2025-05-19 13:17:54,109 - Result - INFO - BMW-TensorFlow-Inference-API-GPU - py/class-polliution/shared-class-pollution-functions: 2 flows detected. (logger.py:40)
2025-05-19 13:17:54,109 - Result - INFO - BMW-TensorFlow-Inference-API-GPU - py/class-polliution/leaf-class-pollution-functions: 2 flows detected. (logger.py:40)
2025-05-19 13:18:03,353 - Result - INFO - modifier_list - py/class-polliution/set-attr-get-attr: 1 flows detected. (logger.py:40)
2025-05-19 13:18:03,353 - Result - INFO - modifier_list - py/class-polliution/shared-class-pollution-functions: 1 flows detected. (logger.py:40)
2025-05-19 13:18:03,353 - Result - INFO - modifier_list - py/class-polliution/leaf-class-pollution-functions: 1 flows detected. (logger.py:40)
2025-05-19 13:18:38,066 - Result - INFO - TransferAttack - py/class-polliution/set-attr-get-attr: 9 flows detected. (logger.py:40)
2025-05-19 13:18:38,066 - Result - INFO - TransferAttack - py/class-polliution/shared-class-pollution-functions: 1 flows detected. (logger.py:40)
2025-05-19 13:18:38,066 - Result - INFO - TransferAttack - py/class-polliution/leaf-class-pollution-functions: 8 flows detected. (logger.py:40)
2025-05-19 13:18:48,326 - Result - INFO - Flowformer - py/class-polliution/set-attr-get-attr: 1 flows detected. (logger.py:40)
2025-05-19 13:18:48,326 - Result - INFO - Flowformer - py/class-polliution/shared-class-pollution-functions: 1 flows detected. (logger.py:40)
2025-05-19 13:18:48,326 - Result - INFO - Flowformer - py/class-polliution/leaf-class-pollution-functions: 1 flows detected. (logger.py:40)
2025-05-19 13:19:08,314 - Result - INFO - alf - py/class-polliution/set-item-get-both: 19 flows detected. (logger.py:40)
2025-05-19 13:19:08,314 - Result - INFO - alf - py/class-polliution/set-item-get-attr: 19 flows detected. (logger.py:40)
2025-05-19 13:19:08,314 - Result - INFO - alf - py/class-polliution/shared-class-pollution-functions: 1 flows detected. (logger.py:40)
2025-05-19 13:19:08,314 - Result - INFO - alf - py/class-polliution/leaf-class-pollution-functions: 6 flows detected. (logger.py:40)
2025-05-19 13:19:31,684 - Result - INFO - LAMM - py/class-polliution/set-attr-get-attr: 3 flows detected. (logger.py:40)
2025-05-19 13:19:31,684 - Result - INFO - LAMM - py/class-polliution/shared-class-pollution-functions: 3 flows detected. (logger.py:40)
2025-05-19 13:19:31,684 - Result - INFO - LAMM - py/class-polliution/leaf-class-pollution-functions: 3 flows detected. (logger.py:40)
2025-05-19 13:19:56,024 - Result - INFO - Wheel-Legged-Gym - py/class-polliution/set-attr-get-attr: 1 flows detected. (logger.py:40)
2025-05-19 13:19:56,024 - Result - INFO - Wheel-Legged-Gym - py/class-polliution/shared-class-pollution-functions: 1 flows detected. (logger.py:40)
2025-05-19 13:19:56,024 - Result - INFO - Wheel-Legged-Gym - py/class-polliution/leaf-class-pollution-functions: 1 flows detected. (logger.py:40)
2025-05-19 13:19:56,504 - Result - INFO - netbox-sync - py/class-polliution/set-item-get-both: 1 flows detected. (logger.py:40)
2025-05-19 13:19:56,504 - Result - INFO - netbox-sync - py/class-polliution/set-item-get-attr: 1 flows detected. (logger.py:40)
2025-05-19 13:19:56,504 - Result - INFO - netbox-sync - py/class-polliution/shared-class-pollution-functions: 1 flows detected. (logger.py:40)
2025-05-19 13:19:56,504 - Result - INFO - netbox-sync - py/class-polliution/leaf-class-pollution-functions: 1 flows detected. (logger.py:40)
2025-05-19 13:21:04,852 - Result - INFO - SeaFormer - py/class-polliution/set-attr-get-attr: 1 flows detected. (logger.py:40)
2025-05-19 13:21:04,852 - Result - INFO - SeaFormer - py/class-polliution/shared-class-pollution-functions: 1 flows detected. (logger.py:40)
2025-05-19 13:21:04,852 - Result - INFO - SeaFormer - py/class-polliution/leaf-class-pollution-functions: 1 flows detected. (logger.py:40)
2025-05-19 13:21:15,580 - Result - INFO - antgo - py/class-polliution/set-attr-get-attr: 1 flows detected. (logger.py:40)
2025-05-19 13:21:15,580 - Result - INFO - antgo - py/class-polliution/shared-class-pollution-functions: 1 flows detected. (logger.py:40)
2025-05-19 13:21:15,580 - Result - INFO - antgo - py/class-polliution/leaf-class-pollution-functions: 1 flows detected. (logger.py:40)
2025-05-19 13:21:23,500 - Result - INFO - ULWGL - py/class-polliution/set-item-get-attr: 3 flows detected. (logger.py:40)
2025-05-19 13:21:23,500 - Result - INFO - ULWGL - py/class-polliution/shared-class-pollution-functions: 1 flows detected. (logger.py:40)
2025-05-19 13:21:23,500 - Result - INFO - ULWGL - py/class-polliution/leaf-class-pollution-functions: 1 flows detected. (logger.py:40)
2025-05-19 13:21:29,565 - Result - INFO - Generalizable-Mixture-of-Experts - py/class-polliution/set-attr-get-attr: 1 flows detected. (logger.py:40)
2025-05-19 13:21:29,565 - Result - INFO - Generalizable-Mixture-of-Experts - py/class-polliution/shared-class-pollution-functions: 1 flows detected. (logger.py:40)
2025-05-19 13:21:29,565 - Result - INFO - Generalizable-Mixture-of-Experts - py/class-polliution/leaf-class-pollution-functions: 1 flows detected. (logger.py:40)
2025-05-19 13:21:47,899 - Result - INFO - demo-face-gan - py/class-polliution/set-attr-get-attr: 4 flows detected. (logger.py:40)
2025-05-19 13:21:47,899 - Result - INFO - demo-face-gan - py/class-polliution/shared-class-pollution-functions: 2 flows detected. (logger.py:40)
2025-05-19 13:21:47,899 - Result - INFO - demo-face-gan - py/class-polliution/leaf-class-pollution-functions: 2 flows detected. (logger.py:40)
2025-05-19 13:22:12,191 - Result - INFO - mega - py/class-polliution/set-attr-get-attr: 5 flows detected. (logger.py:40)
2025-05-19 13:22:12,191 - Result - INFO - mega - py/class-polliution/shared-class-pollution-functions: 5 flows detected. (logger.py:40)
2025-05-19 13:22:12,191 - Result - INFO - mega - py/class-polliution/leaf-class-pollution-functions: 5 flows detected. (logger.py:40)
2025-05-19 13:22:29,414 - Result - INFO - VSP-LLM - py/class-polliution/set-attr-get-attr: 5 flows detected. (logger.py:40)
2025-05-19 13:22:29,414 - Result - INFO - VSP-LLM - py/class-polliution/shared-class-pollution-functions: 5 flows detected. (logger.py:40)
2025-05-19 13:22:29,414 - Result - INFO - VSP-LLM - py/class-polliution/leaf-class-pollution-functions: 5 flows detected. (logger.py:40)
2025-05-19 13:22:32,260 - Result - INFO - modal-client - py/class-polliution/set-attr-get-attr: 2 flows detected. (logger.py:40)
2025-05-19 13:22:32,260 - Result - INFO - modal-client - py/class-polliution/shared-class-pollution-functions: 1 flows detected. (logger.py:40)
2025-05-19 13:22:32,260 - Result - INFO - modal-client - py/class-polliution/leaf-class-pollution-functions: 1 flows detected. (logger.py:40)
2025-05-19 13:22:38,253 - Result - INFO - AMP_for_hardware - py/class-polliution/set-attr-get-attr: 1 flows detected. (logger.py:40)
2025-05-19 13:22:38,253 - Result - INFO - AMP_for_hardware - py/class-polliution/shared-class-pollution-functions: 1 flows detected. (logger.py:40)
2025-05-19 13:22:38,253 - Result - INFO - AMP_for_hardware - py/class-polliution/leaf-class-pollution-functions: 1 flows detected. (logger.py:40)
2025-05-19 13:23:09,865 - Result - INFO - mganprior - py/class-polliution/set-attr-get-attr: 2 flows detected. (logger.py:40)
2025-05-19 13:23:09,865 - Result - INFO - mganprior - py/class-polliution/shared-class-pollution-functions: 1 flows detected. (logger.py:40)
2025-05-19 13:23:09,865 - Result - INFO - mganprior - py/class-polliution/leaf-class-pollution-functions: 1 flows detected. (logger.py:40)
2025-05-19 13:23:19,693 - Result - INFO - PainlessInferenceAcceleration - py/class-polliution/set-attr-get-attr: 1 flows detected. (logger.py:40)
2025-05-19 13:23:19,693 - Result - INFO - PainlessInferenceAcceleration - py/class-polliution/shared-class-pollution-functions: 1 flows detected. (logger.py:40)
2025-05-19 13:23:19,693 - Result - INFO - PainlessInferenceAcceleration - py/class-polliution/leaf-class-pollution-functions: 1 flows detected. (logger.py:40)
2025-05-19 13:23:53,806 - Result - INFO - auto-round - py/class-polliution/set-attr-get-attr: 27 flows detected. (logger.py:40)
2025-05-19 13:23:53,806 - Result - INFO - auto-round - py/class-polliution/shared-class-pollution-functions: 1 flows detected. (logger.py:40)
2025-05-19 13:23:53,806 - Result - INFO - auto-round - py/class-polliution/leaf-class-pollution-functions: 10 flows detected. (logger.py:40)
2025-05-19 13:23:54,862 - Result - INFO - OmniCorpus - py/class-polliution/set-attr-get-attr: 4 flows detected. (logger.py:40)
2025-05-19 13:23:54,862 - Result - INFO - OmniCorpus - py/class-polliution/shared-class-pollution-functions: 4 flows detected. (logger.py:40)
2025-05-19 13:23:54,862 - Result - INFO - OmniCorpus - py/class-polliution/leaf-class-pollution-functions: 4 flows detected. (logger.py:40)
2025-05-19 13:24:41,466 - Result - INFO - iambic - py/class-polliution/set-attr-get-attr: 7 flows detected. (logger.py:40)
2025-05-19 13:24:41,467 - Result - INFO - iambic - py/class-polliution/shared-class-pollution-functions: 1 flows detected. (logger.py:40)
2025-05-19 13:24:41,467 - Result - INFO - iambic - py/class-polliution/leaf-class-pollution-functions: 3 flows detected. (logger.py:40)
2025-05-19 13:25:05,263 - Result - INFO - pyfluent - py/class-polliution/set-attr-get-attr: 1 flows detected. (logger.py:40)
2025-05-19 13:25:05,263 - Result - INFO - pyfluent - py/class-polliution/shared-class-pollution-functions: 1 flows detected. (logger.py:40)
2025-05-19 13:25:05,263 - Result - INFO - pyfluent - py/class-polliution/leaf-class-pollution-functions: 1 flows detected. (logger.py:40)
2025-05-19 13:25:24,226 - Result - INFO - ApiTestManage - py/class-polliution/set-item-get-both: 44 flows detected. (logger.py:40)
2025-05-19 13:25:24,226 - Result - INFO - ApiTestManage - py/class-polliution/set-item-get-attr: 44 flows detected. (logger.py:40)
2025-05-19 13:25:24,226 - Result - INFO - ApiTestManage - py/class-polliution/shared-class-pollution-functions: 1 flows detected. (logger.py:40)
2025-05-19 13:25:24,226 - Result - INFO - ApiTestManage - py/class-polliution/leaf-class-pollution-functions: 22 flows detected. (logger.py:40)
2025-05-19 13:25:35,616 - Result - INFO - nebari - py/class-polliution/set-both-get-both: 2 flows detected. (logger.py:40)
2025-05-19 13:25:35,616 - Result - INFO - nebari - py/class-polliution/shared-class-pollution-functions: 1 flows detected. (logger.py:40)
2025-05-19 13:25:35,616 - Result - INFO - nebari - py/class-polliution/leaf-class-pollution-functions: 1 flows detected. (logger.py:40)
2025-05-19 13:25:50,428 - Result - INFO - pyDatalog - py/class-polliution/set-attr-get-attr: 1 flows detected. (logger.py:40)
2025-05-19 13:25:50,428 - Result - INFO - pyDatalog - py/class-polliution/shared-class-pollution-functions: 1 flows detected. (logger.py:40)
2025-05-19 13:25:50,428 - Result - INFO - pyDatalog - py/class-polliution/leaf-class-pollution-functions: 1 flows detected. (logger.py:40)
2025-05-19 13:26:09,995 - Result - INFO - image-sculpting - py/class-polliution/set-attr-get-both: 2 flows detected. (logger.py:40)
2025-05-19 13:26:09,995 - Result - INFO - image-sculpting - py/class-polliution/shared-class-pollution-functions: 1 flows detected. (logger.py:40)
2025-05-19 13:26:09,995 - Result - INFO - image-sculpting - py/class-polliution/leaf-class-pollution-functions: 1 flows detected. (logger.py:40)
2025-05-19 13:26:48,435 - Result - INFO - ptlflow - py/class-polliution/set-attr-get-attr: 1 flows detected. (logger.py:40)
2025-05-19 13:26:48,435 - Result - INFO - ptlflow - py/class-polliution/shared-class-pollution-functions: 1 flows detected. (logger.py:40)
2025-05-19 13:26:48,435 - Result - INFO - ptlflow - py/class-polliution/leaf-class-pollution-functions: 1 flows detected. (logger.py:40)
2025-05-19 13:29:15,174 - Result - INFO - pytorch - py/class-polliution/set-attr-get-attr: 1 flows detected. (logger.py:40)
2025-05-19 13:29:15,174 - Result - INFO - pytorch - py/class-polliution/shared-class-pollution-functions: 1 flows detected. (logger.py:40)
2025-05-19 13:29:15,174 - Result - INFO - pytorch - py/class-polliution/leaf-class-pollution-functions: 1 flows detected. (logger.py:40)
2025-05-19 13:29:15,541 - Result - INFO - Watcher3 - py/class-polliution/set-attr-get-attr: 43 flows detected. (logger.py:40)
2025-05-19 13:29:15,541 - Result - INFO - Watcher3 - py/class-polliution/shared-class-pollution-functions: 1 flows detected. (logger.py:40)
2025-05-19 13:29:15,541 - Result - INFO - Watcher3 - py/class-polliution/leaf-class-pollution-functions: 1 flows detected. (logger.py:40)
2025-05-19 13:29:50,380 - Result - INFO - Octopus - py/class-polliution/set-attr-get-attr: 6 flows detected. (logger.py:40)
2025-05-19 13:29:50,380 - Result - INFO - Octopus - py/class-polliution/shared-class-pollution-functions: 6 flows detected. (logger.py:40)
2025-05-19 13:29:50,381 - Result - INFO - Octopus - py/class-polliution/leaf-class-pollution-functions: 6 flows detected. (logger.py:40)
2025-05-19 13:30:40,433 - Result - INFO - ColugoMum - py/class-polliution/set-attr-get-attr: 5 flows detected. (logger.py:40)
2025-05-19 13:30:40,433 - Result - INFO - ColugoMum - py/class-polliution/shared-class-pollution-functions: 1 flows detected. (logger.py:40)
2025-05-19 13:30:40,433 - Result - INFO - ColugoMum - py/class-polliution/leaf-class-pollution-functions: 2 flows detected. (logger.py:40)
2025-05-19 13:31:13,047 - Result - INFO - breaching - py/class-polliution/set-attr-get-attr: 7 flows detected. (logger.py:40)
2025-05-19 13:31:13,047 - Result - INFO - breaching - py/class-polliution/shared-class-pollution-functions: 1 flows detected. (logger.py:40)
2025-05-19 13:31:13,047 - Result - INFO - breaching - py/class-polliution/leaf-class-pollution-functions: 4 flows detected. (logger.py:40)
2025-05-19 13:31:41,105 - Result - INFO - Addons-And-Tools-For-Blender-miHoYo-Shaders - py/class-polliution/set-attr-get-attr: 2 flows detected. (logger.py:40)
2025-05-19 13:31:41,105 - Result - INFO - Addons-And-Tools-For-Blender-miHoYo-Shaders - py/class-polliution/shared-class-pollution-functions: 2 flows detected. (logger.py:40)
2025-05-19 13:31:41,105 - Result - INFO - Addons-And-Tools-For-Blender-miHoYo-Shaders - py/class-polliution/leaf-class-pollution-functions: 2 flows detected. (logger.py:40)
2025-05-19 13:32:02,678 - Result - INFO - proton-vpn-gtk-app - py/class-polliution/set-attr-get-attr: 8 flows detected. (logger.py:40)
2025-05-19 13:32:02,678 - Result - INFO - proton-vpn-gtk-app - py/class-polliution/shared-class-pollution-functions: 1 flows detected. (logger.py:40)
2025-05-19 13:32:02,678 - Result - INFO - proton-vpn-gtk-app - py/class-polliution/leaf-class-pollution-functions: 4 flows detected. (logger.py:40)
2025-05-19 13:32:26,864 - Result - INFO - Aslan - py/class-polliution/set-attr-get-attr: 11 flows detected. (logger.py:40)
2025-05-19 13:32:26,864 - Result - INFO - Aslan - py/class-polliution/shared-class-pollution-functions: 1 flows detected. (logger.py:40)
2025-05-19 13:32:26,864 - Result - INFO - Aslan - py/class-polliution/leaf-class-pollution-functions: 10 flows detected. (logger.py:40)
2025-05-19 13:32:47,465 - Result - INFO - django-auth-adfs - py/class-polliution/set-attr-get-attr: 1 flows detected. (logger.py:40)
2025-05-19 13:32:47,465 - Result - INFO - django-auth-adfs - py/class-polliution/shared-class-pollution-functions: 1 flows detected. (logger.py:40)
2025-05-19 13:32:47,465 - Result - INFO - django-auth-adfs - py/class-polliution/leaf-class-pollution-functions: 1 flows detected. (logger.py:40)
2025-05-19 13:34:45,825 - Result - INFO - ABS - py/class-polliution/set-attr-get-attr: 1 flows detected. (logger.py:40)
2025-05-19 13:34:45,825 - Result - INFO - ABS - py/class-polliution/shared-class-pollution-functions: 1 flows detected. (logger.py:40)
2025-05-19 13:34:45,825 - Result - INFO - ABS - py/class-polliution/leaf-class-pollution-functions: 1 flows detected. (logger.py:40)
2025-05-19 13:38:49,979 - Result - INFO - MeasureIt_ARCH - py/class-polliution/set-attr-get-both: 1 flows detected. (logger.py:40)
2025-05-19 13:38:49,979 - Result - INFO - MeasureIt_ARCH - py/class-polliution/set-attr-get-attr: 2 flows detected. (logger.py:40)
2025-05-19 13:38:49,979 - Result - INFO - MeasureIt_ARCH - py/class-polliution/shared-class-pollution-functions: 3 flows detected. (logger.py:40)
2025-05-19 13:38:49,979 - Result - INFO - MeasureIt_ARCH - py/class-polliution/leaf-class-pollution-functions: 3 flows detected. (logger.py:40)
2025-05-19 13:39:16,076 - Result - INFO - MC-Planner - py/class-polliution/set-attr-get-attr: 1 flows detected. (logger.py:40)
2025-05-19 13:39:16,076 - Result - INFO - MC-Planner - py/class-polliution/shared-class-pollution-functions: 1 flows detected. (logger.py:40)
2025-05-19 13:39:16,076 - Result - INFO - MC-Planner - py/class-polliution/leaf-class-pollution-functions: 1 flows detected. (logger.py:40)
2025-05-19 13:40:14,848 - Result - INFO - DriveArena - py/class-polliution/set-item-get-both: 2 flows detected. (logger.py:40)
2025-05-19 13:40:14,848 - Result - INFO - DriveArena - py/class-polliution/set-item-get-attr: 2 flows detected. (logger.py:40)
2025-05-19 13:40:14,848 - Result - INFO - DriveArena - py/class-polliution/set-attr-get-attr: 1 flows detected. (logger.py:40)
2025-05-19 13:40:14,848 - Result - INFO - DriveArena - py/class-polliution/shared-class-pollution-functions: 3 flows detected. (logger.py:40)
2025-05-19 13:40:14,848 - Result - INFO - DriveArena - py/class-polliution/leaf-class-pollution-functions: 3 flows detected. (logger.py:40)
2025-05-19 13:40:46,908 - Result - INFO - es-monitor - py/class-polliution/set-item-get-both: 6 flows detected. (logger.py:40)
2025-05-19 13:40:46,908 - Result - INFO - es-monitor - py/class-polliution/set-item-get-attr: 6 flows detected. (logger.py:40)
2025-05-19 13:40:46,908 - Result - INFO - es-monitor - py/class-polliution/shared-class-pollution-functions: 1 flows detected. (logger.py:40)
2025-05-19 13:40:46,908 - Result - INFO - es-monitor - py/class-polliution/leaf-class-pollution-functions: 2 flows detected. (logger.py:40)
2025-05-19 13:41:15,246 - Result - INFO - sige - py/class-polliution/set-attr-get-attr: 2 flows detected. (logger.py:40)
2025-05-19 13:41:15,246 - Result - INFO - sige - py/class-polliution/shared-class-pollution-functions: 2 flows detected. (logger.py:40)
2025-05-19 13:41:15,246 - Result - INFO - sige - py/class-polliution/leaf-class-pollution-functions: 2 flows detected. (logger.py:40)
2025-05-19 13:41:47,959 - Result - INFO - klara - py/class-polliution/set-attr-get-attr: 3 flows detected. (logger.py:40)
2025-05-19 13:41:47,959 - Result - INFO - klara - py/class-polliution/shared-class-pollution-functions: 1 flows detected. (logger.py:40)
2025-05-19 13:41:47,959 - Result - INFO - klara - py/class-polliution/leaf-class-pollution-functions: 1 flows detected. (logger.py:40)
2025-05-19 13:42:31,355 - Result - INFO - OpenPype - py/class-polliution/set-attr-get-attr: 20 flows detected. (logger.py:40)
2025-05-19 13:42:31,355 - Result - INFO - OpenPype - py/class-polliution/shared-class-pollution-functions: 1 flows detected. (logger.py:40)
2025-05-19 13:42:31,355 - Result - INFO - OpenPype - py/class-polliution/leaf-class-pollution-functions: 13 flows detected. (logger.py:40)
2025-05-19 13:42:41,558 - Result - INFO - deepracer-core - py/class-polliution/set-item-get-both: 2 flows detected. (logger.py:40)
2025-05-19 13:42:41,558 - Result - INFO - deepracer-core - py/class-polliution/set-item-get-attr: 2 flows detected. (logger.py:40)
2025-05-19 13:42:41,558 - Result - INFO - deepracer-core - py/class-polliution/shared-class-pollution-functions: 1 flows detected. (logger.py:40)
2025-05-19 13:42:41,558 - Result - INFO - deepracer-core - py/class-polliution/leaf-class-pollution-functions: 1 flows detected. (logger.py:40)
2025-05-19 13:44:52,499 - Result - INFO - DeRy - py/class-polliution/set-attr-get-attr: 1 flows detected. (logger.py:40)
2025-05-19 13:44:52,499 - Result - INFO - DeRy - py/class-polliution/shared-class-pollution-functions: 1 flows detected. (logger.py:40)
2025-05-19 13:44:52,499 - Result - INFO - DeRy - py/class-polliution/leaf-class-pollution-functions: 1 flows detected. (logger.py:40)
2025-05-19 13:45:01,278 - Result - INFO - Dataset_Quantization - py/class-polliution/set-attr-get-attr: 1 flows detected. (logger.py:40)
2025-05-19 13:45:01,278 - Result - INFO - Dataset_Quantization - py/class-polliution/shared-class-pollution-functions: 1 flows detected. (logger.py:40)
2025-05-19 13:45:01,278 - Result - INFO - Dataset_Quantization - py/class-polliution/leaf-class-pollution-functions: 1 flows detected. (logger.py:40)
2025-05-19 13:45:25,689 - Result - INFO - fld - py/class-polliution/set-attr-get-attr: 1 flows detected. (logger.py:40)
2025-05-19 13:45:25,689 - Result - INFO - fld - py/class-polliution/shared-class-pollution-functions: 1 flows detected. (logger.py:40)
2025-05-19 13:45:25,689 - Result - INFO - fld - py/class-polliution/leaf-class-pollution-functions: 1 flows detected. (logger.py:40)
2025-05-19 13:45:41,126 - Result - INFO - ChatLearn - py/class-polliution/set-attr-get-attr: 1 flows detected. (logger.py:40)
2025-05-19 13:45:41,126 - Result - INFO - ChatLearn - py/class-polliution/shared-class-pollution-functions: 1 flows detected. (logger.py:40)
2025-05-19 13:45:41,126 - Result - INFO - ChatLearn - py/class-polliution/leaf-class-pollution-functions: 1 flows detected. (logger.py:40)
2025-05-19 13:45:56,249 - Result - INFO - PyFEM - py/class-polliution/set-attr-get-attr: 5 flows detected. (logger.py:40)
2025-05-19 13:45:56,249 - Result - INFO - PyFEM - py/class-polliution/shared-class-pollution-functions: 1 flows detected. (logger.py:40)
2025-05-19 13:45:56,249 - Result - INFO - PyFEM - py/class-polliution/leaf-class-pollution-functions: 3 flows detected. (logger.py:40)
2025-05-19 13:46:23,854 - Result - INFO - StockFormer - py/class-polliution/set-attr-get-attr: 1 flows detected. (logger.py:40)
2025-05-19 13:46:23,854 - Result - INFO - StockFormer - py/class-polliution/shared-class-pollution-functions: 1 flows detected. (logger.py:40)
2025-05-19 13:46:23,854 - Result - INFO - StockFormer - py/class-polliution/leaf-class-pollution-functions: 1 flows detected. (logger.py:40)
2025-05-19 13:46:35,852 - Result - INFO - RSMamba - py/class-polliution/set-attr-get-attr: 2 flows detected. (logger.py:40)
2025-05-19 13:46:35,852 - Result - INFO - RSMamba - py/class-polliution/shared-class-pollution-functions: 2 flows detected. (logger.py:40)
2025-05-19 13:46:35,852 - Result - INFO - RSMamba - py/class-polliution/leaf-class-pollution-functions: 2 flows detected. (logger.py:40)
2025-05-19 13:47:09,688 - Result - INFO - Person-Detection-and-Tracking - py/class-polliution/set-attr-get-attr: 1 flows detected. (logger.py:40)
2025-05-19 13:47:09,688 - Result - INFO - Person-Detection-and-Tracking - py/class-polliution/shared-class-pollution-functions: 1 flows detected. (logger.py:40)
2025-05-19 13:47:09,688 - Result - INFO - Person-Detection-and-Tracking - py/class-polliution/leaf-class-pollution-functions: 1 flows detected. (logger.py:40)
2025-05-19 13:47:13,550 - Result - INFO - pycopy-lib - py/class-polliution/set-attr-get-attr: 71 flows detected. (logger.py:40)
2025-05-19 13:47:13,550 - Result - INFO - pycopy-lib - py/class-polliution/shared-class-pollution-functions: 4 flows detected. (logger.py:40)
2025-05-19 13:47:13,550 - Result - INFO - pycopy-lib - py/class-polliution/leaf-class-pollution-functions: 33 flows detected. (logger.py:40)
2025-05-19 13:47:34,480 - Result - INFO - MAE-pytorch - py/class-polliution/set-attr-get-attr: 1 flows detected. (logger.py:40)
2025-05-19 13:47:34,480 - Result - INFO - MAE-pytorch - py/class-polliution/shared-class-pollution-functions: 1 flows detected. (logger.py:40)
2025-05-19 13:47:34,480 - Result - INFO - MAE-pytorch - py/class-polliution/leaf-class-pollution-functions: 1 flows detected. (logger.py:40)
2025-05-19 13:47:41,324 - Result - INFO - Dynamic-Vision-Transformer - py/class-polliution/set-attr-get-attr: 1 flows detected. (logger.py:40)
2025-05-19 13:47:41,324 - Result - INFO - Dynamic-Vision-Transformer - py/class-polliution/shared-class-pollution-functions: 1 flows detected. (logger.py:40)
2025-05-19 13:47:41,324 - Result - INFO - Dynamic-Vision-Transformer - py/class-polliution/leaf-class-pollution-functions: 1 flows detected. (logger.py:40)
2025-05-19 13:47:58,189 - Result - INFO - MineCLIP - py/class-polliution/set-attr-get-attr: 1 flows detected. (logger.py:40)
2025-05-19 13:47:58,189 - Result - INFO - MineCLIP - py/class-polliution/shared-class-pollution-functions: 1 flows detected. (logger.py:40)
2025-05-19 13:47:58,189 - Result - INFO - MineCLIP - py/class-polliution/leaf-class-pollution-functions: 1 flows detected. (logger.py:40)
2025-05-19 13:48:05,710 - Result - INFO - MimicPlay - py/class-polliution/set-attr-get-attr: 1 flows detected. (logger.py:40)
2025-05-19 13:48:05,710 - Result - INFO - MimicPlay - py/class-polliution/shared-class-pollution-functions: 1 flows detected. (logger.py:40)
2025-05-19 13:48:05,710 - Result - INFO - MimicPlay - py/class-polliution/leaf-class-pollution-functions: 1 flows detected. (logger.py:40)
2025-05-19 13:48:20,764 - Result - INFO - TBGAN - py/class-polliution/set-attr-get-attr: 2 flows detected. (logger.py:40)
2025-05-19 13:48:20,764 - Result - INFO - TBGAN - py/class-polliution/shared-class-pollution-functions: 1 flows detected. (logger.py:40)
2025-05-19 13:48:20,764 - Result - INFO - TBGAN - py/class-polliution/leaf-class-pollution-functions: 1 flows detected. (logger.py:40)
2025-05-19 13:48:30,905 - Result - INFO - VoiceprintRecognition-PaddlePaddle - py/class-polliution/set-attr-get-attr: 2 flows detected. (logger.py:40)
2025-05-19 13:48:30,906 - Result - INFO - VoiceprintRecognition-PaddlePaddle - py/class-polliution/shared-class-pollution-functions: 2 flows detected. (logger.py:40)
2025-05-19 13:48:30,906 - Result - INFO - VoiceprintRecognition-PaddlePaddle - py/class-polliution/leaf-class-pollution-functions: 2 flows detected. (logger.py:40)
2025-05-19 13:49:22,778 - Result - INFO - SN-Net - py/class-polliution/set-attr-get-attr: 1 flows detected. (logger.py:40)
2025-05-19 13:49:22,779 - Result - INFO - SN-Net - py/class-polliution/shared-class-pollution-functions: 1 flows detected. (logger.py:40)
2025-05-19 13:49:22,779 - Result - INFO - SN-Net - py/class-polliution/leaf-class-pollution-functions: 1 flows detected. (logger.py:40)
2025-05-19 13:50:09,731 - Result - INFO - torch-model-compression - py/class-polliution/set-attr-get-attr: 21 flows detected. (logger.py:40)
2025-05-19 13:50:09,731 - Result - INFO - torch-model-compression - py/class-polliution/shared-class-pollution-functions: 1 flows detected. (logger.py:40)
2025-05-19 13:50:09,731 - Result - INFO - torch-model-compression - py/class-polliution/leaf-class-pollution-functions: 3 flows detected. (logger.py:40)
2025-05-19 13:50:36,599 - Result - INFO - varuna - py/class-polliution/set-attr-get-attr: 2 flows detected. (logger.py:40)
2025-05-19 13:50:36,599 - Result - INFO - varuna - py/class-polliution/shared-class-pollution-functions: 2 flows detected. (logger.py:40)
2025-05-19 13:50:36,599 - Result - INFO - varuna - py/class-polliution/leaf-class-pollution-functions: 2 flows detected. (logger.py:40)
2025-05-19 13:51:06,502 - Result - INFO - gftools - py/class-polliution/set-both-get-both: 2 flows detected. (logger.py:40)
2025-05-19 13:51:06,502 - Result - INFO - gftools - py/class-polliution/set-attr-get-attr: 1 flows detected. (logger.py:40)
2025-05-19 13:51:06,502 - Result - INFO - gftools - py/class-polliution/shared-class-pollution-functions: 3 flows detected. (logger.py:40)
2025-05-19 13:51:06,502 - Result - INFO - gftools - py/class-polliution/leaf-class-pollution-functions: 3 flows detected. (logger.py:40)
2025-05-19 13:51:14,023 - Result - INFO - CUDA-FastBEV - py/class-polliution/set-attr-get-attr: 3 flows detected. (logger.py:40)
2025-05-19 13:51:14,023 - Result - INFO - CUDA-FastBEV - py/class-polliution/shared-class-pollution-functions: 3 flows detected. (logger.py:40)
2025-05-19 13:51:14,023 - Result - INFO - CUDA-FastBEV - py/class-polliution/leaf-class-pollution-functions: 3 flows detected. (logger.py:40)
2025-05-19 13:51:38,050 - Result - INFO - InterpretDL - py/class-polliution/set-attr-get-attr: 1 flows detected. (logger.py:40)
2025-05-19 13:51:38,050 - Result - INFO - InterpretDL - py/class-polliution/shared-class-pollution-functions: 1 flows detected. (logger.py:40)
2025-05-19 13:51:38,050 - Result - INFO - InterpretDL - py/class-polliution/leaf-class-pollution-functions: 1 flows detected. (logger.py:40)
2025-05-19 13:51:38,817 - Result - INFO - project-azua - py/class-polliution/set-attr-get-attr: 1 flows detected. (logger.py:40)
2025-05-19 13:51:38,817 - Result - INFO - project-azua - py/class-polliution/shared-class-pollution-functions: 1 flows detected. (logger.py:40)
2025-05-19 13:51:38,817 - Result - INFO - project-azua - py/class-polliution/leaf-class-pollution-functions: 1 flows detected. (logger.py:40)
2025-05-19 13:52:28,013 - Result - INFO - Detection - py/class-polliution/set-attr-get-attr: 2 flows detected. (logger.py:40)
2025-05-19 13:52:28,013 - Result - INFO - Detection - py/class-polliution/shared-class-pollution-functions: 1 flows detected. (logger.py:40)
2025-05-19 13:52:28,013 - Result - INFO - Detection - py/class-polliution/leaf-class-pollution-functions: 1 flows detected. (logger.py:40)
2025-05-19 13:52:28,858 - Result - INFO - neurallambda - py/class-polliution/set-attr-get-attr: 1 flows detected. (logger.py:40)
2025-05-19 13:52:28,858 - Result - INFO - neurallambda - py/class-polliution/shared-class-pollution-functions: 1 flows detected. (logger.py:40)
2025-05-19 13:52:28,858 - Result - INFO - neurallambda - py/class-polliution/leaf-class-pollution-functions: 1 flows detected. (logger.py:40)
2025-05-19 13:53:09,745 - Result - INFO - expressive-humanoid - py/class-polliution/set-attr-get-attr: 1 flows detected. (logger.py:40)
2025-05-19 13:53:09,745 - Result - INFO - expressive-humanoid - py/class-polliution/shared-class-pollution-functions: 1 flows detected. (logger.py:40)
2025-05-19 13:53:09,745 - Result - INFO - expressive-humanoid - py/class-polliution/leaf-class-pollution-functions: 1 flows detected. (logger.py:40)
2025-05-19 13:53:14,112 - Result - INFO - SwinBERT - py/class-polliution/set-attr-get-attr: 1 flows detected. (logger.py:40)
2025-05-19 13:53:14,112 - Result - INFO - SwinBERT - py/class-polliution/shared-class-pollution-functions: 1 flows detected. (logger.py:40)
2025-05-19 13:53:14,112 - Result - INFO - SwinBERT - py/class-polliution/leaf-class-pollution-functions: 1 flows detected. (logger.py:40)
2025-05-19 13:53:35,327 - Result - INFO - EfficientQAT - py/class-polliution/set-attr-get-attr: 2 flows detected. (logger.py:40)
2025-05-19 13:53:35,327 - Result - INFO - EfficientQAT - py/class-polliution/shared-class-pollution-functions: 2 flows detected. (logger.py:40)
2025-05-19 13:53:35,327 - Result - INFO - EfficientQAT - py/class-polliution/leaf-class-pollution-functions: 2 flows detected. (logger.py:40)
2025-05-19 13:54:01,295 - Result - INFO - jupylet - py/class-polliution/set-attr-get-attr: 2 flows detected. (logger.py:40)
2025-05-19 13:54:01,295 - Result - INFO - jupylet - py/class-polliution/shared-class-pollution-functions: 2 flows detected. (logger.py:40)
2025-05-19 13:54:01,295 - Result - INFO - jupylet - py/class-polliution/leaf-class-pollution-functions: 2 flows detected. (logger.py:40)
2025-05-19 13:55:21,176 - Result - INFO - I-BERT - py/class-polliution/set-attr-get-attr: 5 flows detected. (logger.py:40)
2025-05-19 13:55:21,176 - Result - INFO - I-BERT - py/class-polliution/shared-class-pollution-functions: 5 flows detected. (logger.py:40)
2025-05-19 13:55:21,176 - Result - INFO - I-BERT - py/class-polliution/leaf-class-pollution-functions: 5 flows detected. (logger.py:40)
2025-05-19 13:55:43,295 - Result - INFO - SiamR-CNN - py/class-polliution/set-attr-get-attr: 1 flows detected. (logger.py:40)
2025-05-19 13:55:43,295 - Result - INFO - SiamR-CNN - py/class-polliution/shared-class-pollution-functions: 1 flows detected. (logger.py:40)
2025-05-19 13:55:43,295 - Result - INFO - SiamR-CNN - py/class-polliution/leaf-class-pollution-functions: 1 flows detected. (logger.py:40)
2025-05-19 13:56:03,943 - Result - INFO - sonic-sound-picture - py/class-polliution/set-both-get-attr: 1 flows detected. (logger.py:40)
2025-05-19 13:56:03,943 - Result - INFO - sonic-sound-picture - py/class-polliution/shared-class-pollution-functions: 1 flows detected. (logger.py:40)
2025-05-19 13:56:03,943 - Result - INFO - sonic-sound-picture - py/class-polliution/leaf-class-pollution-functions: 1 flows detected. (logger.py:40)
2025-05-19 13:57:10,444 - Result - INFO - CLIP-goes-3D - py/class-polliution/set-attr-get-attr: 1 flows detected. (logger.py:40)
2025-05-19 13:57:10,444 - Result - INFO - CLIP-goes-3D - py/class-polliution/shared-class-pollution-functions: 1 flows detected. (logger.py:40)
2025-05-19 13:57:10,444 - Result - INFO - CLIP-goes-3D - py/class-polliution/leaf-class-pollution-functions: 1 flows detected. (logger.py:40)
2025-05-19 13:57:45,544 - Result - INFO - bisenetv2-tensorflow - py/class-polliution/set-item-get-both: 3 flows detected. (logger.py:40)
2025-05-19 13:57:45,544 - Result - INFO - bisenetv2-tensorflow - py/class-polliution/set-item-get-attr: 3 flows detected. (logger.py:40)
2025-05-19 13:57:45,544 - Result - INFO - bisenetv2-tensorflow - py/class-polliution/shared-class-pollution-functions: 1 flows detected. (logger.py:40)
2025-05-19 13:57:45,544 - Result - INFO - bisenetv2-tensorflow - py/class-polliution/leaf-class-pollution-functions: 1 flows detected. (logger.py:40)
2025-05-19 13:59:03,561 - Result - INFO - vlcp - py/class-polliution/set-attr-get-attr: 3 flows detected. (logger.py:40)
2025-05-19 13:59:03,561 - Result - INFO - vlcp - py/class-polliution/shared-class-pollution-functions: 1 flows detected. (logger.py:40)
2025-05-19 13:59:03,561 - Result - INFO - vlcp - py/class-polliution/leaf-class-pollution-functions: 2 flows detected. (logger.py:40)
2025-05-19 13:59:23,209 - Result - INFO - tileGAN - py/class-polliution/set-attr-get-attr: 2 flows detected. (logger.py:40)
2025-05-19 13:59:23,209 - Result - INFO - tileGAN - py/class-polliution/shared-class-pollution-functions: 1 flows detected. (logger.py:40)
2025-05-19 13:59:23,209 - Result - INFO - tileGAN - py/class-polliution/leaf-class-pollution-functions: 1 flows detected. (logger.py:40)
2025-05-19 14:00:18,248 - Result - INFO - Neural-Texture-Extraction-Distribution - py/class-polliution/set-attr-get-attr: 1 flows detected. (logger.py:40)
2025-05-19 14:00:18,248 - Result - INFO - Neural-Texture-Extraction-Distribution - py/class-polliution/shared-class-pollution-functions: 1 flows detected. (logger.py:40)
2025-05-19 14:00:18,248 - Result - INFO - Neural-Texture-Extraction-Distribution - py/class-polliution/leaf-class-pollution-functions: 1 flows detected. (logger.py:40)
2025-05-19 14:00:42,180 - Result - INFO - records-research - py/class-polliution/set-attr-get-attr: 2 flows detected. (logger.py:40)
2025-05-19 14:00:42,180 - Result - INFO - records-research - py/class-polliution/shared-class-pollution-functions: 1 flows detected. (logger.py:40)
2025-05-19 14:00:42,180 - Result - INFO - records-research - py/class-polliution/leaf-class-pollution-functions: 1 flows detected. (logger.py:40)
2025-05-19 14:00:56,385 - Result - INFO - aerial_wildlife_detection - py/class-polliution/set-attr-get-attr: 6 flows detected. (logger.py:40)
2025-05-19 14:00:56,385 - Result - INFO - aerial_wildlife_detection - py/class-polliution/shared-class-pollution-functions: 1 flows detected. (logger.py:40)
2025-05-19 14:00:56,385 - Result - INFO - aerial_wildlife_detection - py/class-polliution/leaf-class-pollution-functions: 4 flows detected. (logger.py:40)
2025-05-19 14:01:05,988 - Result - INFO - engineai_legged_gym - py/class-polliution/set-attr-get-attr: 1 flows detected. (logger.py:40)
2025-05-19 14:01:05,988 - Result - INFO - engineai_legged_gym - py/class-polliution/shared-class-pollution-functions: 1 flows detected. (logger.py:40)
2025-05-19 14:01:05,988 - Result - INFO - engineai_legged_gym - py/class-polliution/leaf-class-pollution-functions: 1 flows detected. (logger.py:40)
2025-05-19 14:01:34,889 - Result - INFO - linux-show-player - py/class-polliution/set-attr-get-attr: 3 flows detected. (logger.py:40)
2025-05-19 14:01:34,889 - Result - INFO - linux-show-player - py/class-polliution/shared-class-pollution-functions: 3 flows detected. (logger.py:40)
2025-05-19 14:01:34,889 - Result - INFO - linux-show-player - py/class-polliution/leaf-class-pollution-functions: 3 flows detected. (logger.py:40)
2025-05-19 14:01:51,267 - Result - INFO - nerfbaselines - py/class-polliution/set-attr-get-attr: 8 flows detected. (logger.py:40)
2025-05-19 14:01:51,268 - Result - INFO - nerfbaselines - py/class-polliution/shared-class-pollution-functions: 8 flows detected. (logger.py:40)
2025-05-19 14:01:51,268 - Result - INFO - nerfbaselines - py/class-polliution/leaf-class-pollution-functions: 8 flows detected. (logger.py:40)
2025-05-19 14:02:13,505 - Result - INFO - CoT-Collection - py/class-polliution/set-attr-get-attr: 1 flows detected. (logger.py:40)
2025-05-19 14:02:13,505 - Result - INFO - CoT-Collection - py/class-polliution/shared-class-pollution-functions: 1 flows detected. (logger.py:40)
2025-05-19 14:02:13,505 - Result - INFO - CoT-Collection - py/class-polliution/leaf-class-pollution-functions: 1 flows detected. (logger.py:40)
2025-05-19 14:02:39,316 - Result - INFO - python-bigquery-dataframes - py/class-polliution/set-attr-get-attr: 6 flows detected. (logger.py:40)
2025-05-19 14:02:39,316 - Result - INFO - python-bigquery-dataframes - py/class-polliution/shared-class-pollution-functions: 6 flows detected. (logger.py:40)
2025-05-19 14:02:39,316 - Result - INFO - python-bigquery-dataframes - py/class-polliution/leaf-class-pollution-functions: 6 flows detected. (logger.py:40)
2025-05-19 14:02:41,817 - Result - INFO - SceneVerse - py/class-polliution/set-attr-get-attr: 1 flows detected. (logger.py:40)
2025-05-19 14:02:41,817 - Result - INFO - SceneVerse - py/class-polliution/shared-class-pollution-functions: 1 flows detected. (logger.py:40)
2025-05-19 14:02:41,817 - Result - INFO - SceneVerse - py/class-polliution/leaf-class-pollution-functions: 1 flows detected. (logger.py:40)
2025-05-19 14:03:10,925 - Result - INFO - audio-flamingo - py/class-polliution/set-attr-get-attr: 8 flows detected. (logger.py:40)
2025-05-19 14:03:10,925 - Result - INFO - audio-flamingo - py/class-polliution/shared-class-pollution-functions: 8 flows detected. (logger.py:40)
2025-05-19 14:03:10,925 - Result - INFO - audio-flamingo - py/class-polliution/leaf-class-pollution-functions: 8 flows detected. (logger.py:40)
2025-05-19 14:03:44,439 - Result - INFO - pydantic-resolve - py/class-polliution/set-attr-get-attr: 4 flows detected. (logger.py:40)
2025-05-19 14:03:44,439 - Result - INFO - pydantic-resolve - py/class-polliution/shared-class-pollution-functions: 1 flows detected. (logger.py:40)
2025-05-19 14:03:44,439 - Result - INFO - pydantic-resolve - py/class-polliution/leaf-class-pollution-functions: 3 flows detected. (logger.py:40)
2025-05-19 14:04:16,224 - Result - INFO - claf - py/class-polliution/set-attr-get-attr: 2 flows detected. (logger.py:40)
2025-05-19 14:04:16,224 - Result - INFO - claf - py/class-polliution/shared-class-pollution-functions: 1 flows detected. (logger.py:40)
2025-05-19 14:04:16,224 - Result - INFO - claf - py/class-polliution/leaf-class-pollution-functions: 1 flows detected. (logger.py:40)
2025-05-19 14:05:17,641 - Result - INFO - edgy - py/class-polliution/set-attr-get-attr: 4 flows detected. (logger.py:40)
2025-05-19 14:05:17,641 - Result - INFO - edgy - py/class-polliution/shared-class-pollution-functions: 4 flows detected. (logger.py:40)
2025-05-19 14:05:17,641 - Result - INFO - edgy - py/class-polliution/leaf-class-pollution-functions: 4 flows detected. (logger.py:40)
2025-05-19 14:06:16,406 - Result - INFO - EasyDeL - py/class-polliution/set-both-get-both: 1 flows detected. (logger.py:40)
2025-05-19 14:06:16,406 - Result - INFO - EasyDeL - py/class-polliution/shared-class-pollution-functions: 1 flows detected. (logger.py:40)
2025-05-19 14:06:16,406 - Result - INFO - EasyDeL - py/class-polliution/leaf-class-pollution-functions: 1 flows detected. (logger.py:40)
2025-05-19 14:06:52,171 - Result - INFO - StyleDrop-PyTorch - py/class-polliution/set-attr-get-attr: 1 flows detected. (logger.py:40)
2025-05-19 14:06:52,172 - Result - INFO - StyleDrop-PyTorch - py/class-polliution/shared-class-pollution-functions: 1 flows detected. (logger.py:40)
2025-05-19 14:06:52,172 - Result - INFO - StyleDrop-PyTorch - py/class-polliution/leaf-class-pollution-functions: 1 flows detected. (logger.py:40)
2025-05-19 14:07:24,902 - Result - INFO - LocomotionWithNP3O - py/class-polliution/set-attr-get-attr: 1 flows detected. (logger.py:40)
2025-05-19 14:07:24,902 - Result - INFO - LocomotionWithNP3O - py/class-polliution/shared-class-pollution-functions: 1 flows detected. (logger.py:40)
2025-05-19 14:07:24,902 - Result - INFO - LocomotionWithNP3O - py/class-polliution/leaf-class-pollution-functions: 1 flows detected. (logger.py:40)
2025-05-19 14:10:13,343 - Result - INFO - Transformer-M - py/class-polliution/set-attr-get-attr: 6 flows detected. (logger.py:40)
2025-05-19 14:10:13,343 - Result - INFO - Transformer-M - py/class-polliution/shared-class-pollution-functions: 6 flows detected. (logger.py:40)
2025-05-19 14:10:13,343 - Result - INFO - Transformer-M - py/class-polliution/leaf-class-pollution-functions: 6 flows detected. (logger.py:40)
2025-05-19 14:10:36,696 - Result - INFO - etils - py/class-polliution/set-attr-get-attr: 3 flows detected. (logger.py:40)
2025-05-19 14:10:36,696 - Result - INFO - etils - py/class-polliution/shared-class-pollution-functions: 3 flows detected. (logger.py:40)
2025-05-19 14:10:57,260 - Result - INFO - parser-2gis - py/class-polliution/set-attr-get-attr: 2 flows detected. (logger.py:40)
2025-05-19 14:10:57,260 - Result - INFO - parser-2gis - py/class-polliution/shared-class-pollution-functions: 1 flows detected. (logger.py:40)
2025-05-19 14:10:57,260 - Result - INFO - parser-2gis - py/class-polliution/leaf-class-pollution-functions: 1 flows detected. (logger.py:40)
2025-05-19 14:11:48,331 - Result - INFO - WebScrapingWithPython - py/class-polliution/set-item-get-both: 1 flows detected. (logger.py:40)
2025-05-19 14:11:48,331 - Result - INFO - WebScrapingWithPython - py/class-polliution/set-item-get-attr: 1 flows detected. (logger.py:40)
2025-05-19 14:11:48,331 - Result - INFO - WebScrapingWithPython - py/class-polliution/shared-class-pollution-functions: 1 flows detected. (logger.py:40)
2025-05-19 14:11:48,331 - Result - INFO - WebScrapingWithPython - py/class-polliution/leaf-class-pollution-functions: 1 flows detected. (logger.py:40)
2025-05-19 14:13:24,116 - Result - INFO - VideoTetris - py/class-polliution/set-attr-get-attr: 1 flows detected. (logger.py:40)
2025-05-19 14:13:24,116 - Result - INFO - VideoTetris - py/class-polliution/shared-class-pollution-functions: 1 flows detected. (logger.py:40)
2025-05-19 14:13:24,116 - Result - INFO - VideoTetris - py/class-polliution/leaf-class-pollution-functions: 1 flows detected. (logger.py:40)
2025-05-19 14:13:52,593 - Result - INFO - test-time-adaptation - py/class-polliution/set-attr-get-attr: 1 flows detected. (logger.py:40)
2025-05-19 14:13:52,593 - Result - INFO - test-time-adaptation - py/class-polliution/shared-class-pollution-functions: 1 flows detected. (logger.py:40)
2025-05-19 14:13:52,593 - Result - INFO - test-time-adaptation - py/class-polliution/leaf-class-pollution-functions: 1 flows detected. (logger.py:40)
2025-05-19 14:14:45,943 - Result - INFO - ReliableSwap - py/class-polliution/set-attr-get-attr: 1 flows detected. (logger.py:40)
2025-05-19 14:14:45,943 - Result - INFO - ReliableSwap - py/class-polliution/shared-class-pollution-functions: 1 flows detected. (logger.py:40)
2025-05-19 14:14:45,943 - Result - INFO - ReliableSwap - py/class-polliution/leaf-class-pollution-functions: 1 flows detected. (logger.py:40)
2025-05-19 14:14:47,217 - Result - INFO - auptimizer - py/class-polliution/set-attr-get-attr: 46 flows detected. (logger.py:40)
2025-05-19 14:14:47,217 - Result - INFO - auptimizer - py/class-polliution/shared-class-pollution-functions: 1 flows detected. (logger.py:40)
2025-05-19 14:14:47,217 - Result - INFO - auptimizer - py/class-polliution/leaf-class-pollution-functions: 13 flows detected. (logger.py:40)
2025-05-19 14:15:13,744 - Result - INFO - text-generation-inference - py/class-polliution/set-attr-get-attr: 1 flows detected. (logger.py:40)
2025-05-19 14:15:13,744 - Result - INFO - text-generation-inference - py/class-polliution/shared-class-pollution-functions: 1 flows detected. (logger.py:40)
2025-05-19 14:15:13,744 - Result - INFO - text-generation-inference - py/class-polliution/leaf-class-pollution-functions: 1 flows detected. (logger.py:40)
2025-05-19 14:16:41,271 - Result - INFO - deformableLKA - py/class-polliution/set-attr-get-attr: 2 flows detected. (logger.py:40)
2025-05-19 14:16:41,271 - Result - INFO - deformableLKA - py/class-polliution/shared-class-pollution-functions: 2 flows detected. (logger.py:40)
2025-05-19 14:16:41,271 - Result - INFO - deformableLKA - py/class-polliution/leaf-class-pollution-functions: 2 flows detected. (logger.py:40)
2025-05-19 14:17:22,775 - Result - INFO - IEEE_TPAMI_SpectralGPT - py/class-polliution/set-attr-get-attr: 1 flows detected. (logger.py:40)
2025-05-19 14:17:22,775 - Result - INFO - IEEE_TPAMI_SpectralGPT - py/class-polliution/shared-class-pollution-functions: 1 flows detected. (logger.py:40)
2025-05-19 14:17:22,775 - Result - INFO - IEEE_TPAMI_SpectralGPT - py/class-polliution/leaf-class-pollution-functions: 1 flows detected. (logger.py:40)
2025-05-19 14:18:27,628 - Result - INFO - ManiGaussian - py/class-polliution/set-attr-get-attr: 1 flows detected. (logger.py:40)
2025-05-19 14:18:27,628 - Result - INFO - ManiGaussian - py/class-polliution/shared-class-pollution-functions: 1 flows detected. (logger.py:40)
2025-05-19 14:18:27,628 - Result - INFO - ManiGaussian - py/class-polliution/leaf-class-pollution-functions: 1 flows detected. (logger.py:40)
2025-05-19 14:18:32,605 - Result - INFO - LazyLibrarian - py/class-polliution/set-attr-get-attr: 82 flows detected. (logger.py:40)
2025-05-19 14:18:32,605 - Result - INFO - LazyLibrarian - py/class-polliution/shared-class-pollution-functions: 1 flows detected. (logger.py:40)
2025-05-19 14:18:32,605 - Result - INFO - LazyLibrarian - py/class-polliution/leaf-class-pollution-functions: 25 flows detected. (logger.py:40)
2025-05-19 14:18:54,599 - Result - INFO - storm - py/class-polliution/set-attr-get-attr: 3 flows detected. (logger.py:40)
2025-05-19 14:18:54,599 - Result - INFO - storm - py/class-polliution/shared-class-pollution-functions: 1 flows detected. (logger.py:40)
2025-05-19 14:18:54,599 - Result - INFO - storm - py/class-polliution/leaf-class-pollution-functions: 1 flows detected. (logger.py:40)
2025-05-19 14:19:11,062 - Result - INFO - Solving_ImageNet - py/class-polliution/set-attr-get-attr: 2 flows detected. (logger.py:40)
2025-05-19 14:19:11,062 - Result - INFO - Solving_ImageNet - py/class-polliution/shared-class-pollution-functions: 2 flows detected. (logger.py:40)
2025-05-19 14:19:11,062 - Result - INFO - Solving_ImageNet - py/class-polliution/leaf-class-pollution-functions: 2 flows detected. (logger.py:40)
2025-05-19 14:19:17,370 - Result - INFO - pytypes - py/class-polliution/set-attr-get-attr: 9 flows detected. (logger.py:40)
2025-05-19 14:19:17,370 - Result - INFO - pytypes - py/class-polliution/shared-class-pollution-functions: 9 flows detected. (logger.py:40)
2025-05-19 14:19:17,370 - Result - INFO - pytypes - py/class-polliution/leaf-class-pollution-functions: 9 flows detected. (logger.py:40)
2025-05-19 14:19:37,942 - Result - INFO - MID - py/class-polliution/set-attr-get-attr: 3 flows detected. (logger.py:40)
2025-05-19 14:19:37,942 - Result - INFO - MID - py/class-polliution/shared-class-pollution-functions: 1 flows detected. (logger.py:40)
2025-05-19 14:19:37,942 - Result - INFO - MID - py/class-polliution/leaf-class-pollution-functions: 1 flows detected. (logger.py:40)
2025-05-19 14:19:48,510 - Result - INFO - zerorf - py/class-polliution/set-attr-get-attr: 2 flows detected. (logger.py:40)
2025-05-19 14:19:48,510 - Result - INFO - zerorf - py/class-polliution/shared-class-pollution-functions: 1 flows detected. (logger.py:40)
2025-05-19 14:19:48,510 - Result - INFO - zerorf - py/class-polliution/leaf-class-pollution-functions: 1 flows detected. (logger.py:40)
2025-05-19 14:19:51,813 - Result - INFO - perch - py/class-polliution/set-item-get-both: 3 flows detected. (logger.py:40)
2025-05-19 14:19:51,813 - Result - INFO - perch - py/class-polliution/set-item-get-attr: 3 flows detected. (logger.py:40)
2025-05-19 14:19:51,813 - Result - INFO - perch - py/class-polliution/shared-class-pollution-functions: 2 flows detected. (logger.py:40)
2025-05-19 14:19:51,813 - Result - INFO - perch - py/class-polliution/leaf-class-pollution-functions: 1 flows detected. (logger.py:40)
2025-05-19 14:20:04,911 - Result - INFO - FGVC-PIM - py/class-polliution/set-attr-get-attr: 2 flows detected. (logger.py:40)
2025-05-19 14:20:04,911 - Result - INFO - FGVC-PIM - py/class-polliution/shared-class-pollution-functions: 2 flows detected. (logger.py:40)
2025-05-19 14:20:04,911 - Result - INFO - FGVC-PIM - py/class-polliution/leaf-class-pollution-functions: 2 flows detected. (logger.py:40)
2025-05-19 14:20:19,256 - Result - INFO - movement_primitives - py/class-polliution/set-attr-get-attr: 2 flows detected. (logger.py:40)
2025-05-19 14:20:19,256 - Result - INFO - movement_primitives - py/class-polliution/shared-class-pollution-functions: 1 flows detected. (logger.py:40)
2025-05-19 14:20:19,256 - Result - INFO - movement_primitives - py/class-polliution/leaf-class-pollution-functions: 1 flows detected. (logger.py:40)
2025-05-19 14:20:29,070 - Result - INFO - Mantis - py/class-polliution/set-attr-get-attr: 10 flows detected. (logger.py:40)
2025-05-19 14:20:29,070 - Result - INFO - Mantis - py/class-polliution/shared-class-pollution-functions: 10 flows detected. (logger.py:40)
2025-05-19 14:20:29,070 - Result - INFO - Mantis - py/class-polliution/leaf-class-pollution-functions: 10 flows detected. (logger.py:40)
2025-05-19 14:20:29,556 - Result - INFO - Sequoia - py/class-polliution/set-attr-get-attr: 1 flows detected. (logger.py:40)
2025-05-19 14:20:29,556 - Result - INFO - Sequoia - py/class-polliution/shared-class-pollution-functions: 1 flows detected. (logger.py:40)
2025-05-19 14:20:29,556 - Result - INFO - Sequoia - py/class-polliution/leaf-class-pollution-functions: 1 flows detected. (logger.py:40)
2025-05-19 14:20:32,637 - Result - INFO - ActionRecorder - py/class-polliution/set-attr-get-attr: 26 flows detected. (logger.py:40)
2025-05-19 14:20:32,637 - Result - INFO - ActionRecorder - py/class-polliution/shared-class-pollution-functions: 1 flows detected. (logger.py:40)
2025-05-19 14:20:32,637 - Result - INFO - ActionRecorder - py/class-polliution/leaf-class-pollution-functions: 9 flows detected. (logger.py:40)
2025-05-19 14:20:36,636 - Result - INFO - TRIME - py/class-polliution/set-attr-get-attr: 5 flows detected. (logger.py:40)
2025-05-19 14:20:36,636 - Result - INFO - TRIME - py/class-polliution/shared-class-pollution-functions: 5 flows detected. (logger.py:40)
2025-05-19 14:20:36,636 - Result - INFO - TRIME - py/class-polliution/leaf-class-pollution-functions: 5 flows detected. (logger.py:40)
2025-05-19 14:21:07,516 - Result - INFO - AgentLab - py/class-polliution/set-both-get-both: 1 flows detected. (logger.py:40)
2025-05-19 14:21:07,516 - Result - INFO - AgentLab - py/class-polliution/set-attr-get-attr: 4 flows detected. (logger.py:40)
2025-05-19 14:21:07,516 - Result - INFO - AgentLab - py/class-polliution/shared-class-pollution-functions: 1 flows detected. (logger.py:40)
2025-05-19 14:21:07,516 - Result - INFO - AgentLab - py/class-polliution/leaf-class-pollution-functions: 2 flows detected. (logger.py:40)
2025-05-19 14:21:22,347 - Result - INFO - traffic-behavior-simulation - py/class-polliution/set-attr-get-attr: 1 flows detected. (logger.py:40)
2025-05-19 14:21:22,347 - Result - INFO - traffic-behavior-simulation - py/class-polliution/shared-class-pollution-functions: 1 flows detected. (logger.py:40)
2025-05-19 14:21:22,347 - Result - INFO - traffic-behavior-simulation - py/class-polliution/leaf-class-pollution-functions: 1 flows detected. (logger.py:40)
2025-05-19 14:21:23,172 - Result - INFO - JittorVis - py/class-polliution/set-attr-get-attr: 1 flows detected. (logger.py:40)
2025-05-19 14:21:23,172 - Result - INFO - JittorVis - py/class-polliution/shared-class-pollution-functions: 1 flows detected. (logger.py:40)
2025-05-19 14:21:23,172 - Result - INFO - JittorVis - py/class-polliution/leaf-class-pollution-functions: 1 flows detected. (logger.py:40)
2025-05-19 14:22:04,494 - Result - INFO - GPTQModel - py/class-polliution/set-attr-get-attr: 1 flows detected. (logger.py:40)
2025-05-19 14:22:04,494 - Result - INFO - GPTQModel - py/class-polliution/shared-class-pollution-functions: 1 flows detected. (logger.py:40)
2025-05-19 14:22:04,494 - Result - INFO - GPTQModel - py/class-polliution/leaf-class-pollution-functions: 1 flows detected. (logger.py:40)
2025-05-19 14:22:09,473 - Result - INFO - newrelic-python-agent - py/class-polliution/set-attr-get-attr: 103 flows detected. (logger.py:40)
2025-05-19 14:22:09,473 - Result - INFO - newrelic-python-agent - py/class-polliution/shared-class-pollution-functions: 1 flows detected. (logger.py:40)
2025-05-19 14:22:09,473 - Result - INFO - newrelic-python-agent - py/class-polliution/leaf-class-pollution-functions: 33 flows detected. (logger.py:40)
2025-05-19 14:22:34,898 - Result - INFO - foundation-model-stack - py/class-polliution/set-item-get-attr: 4 flows detected. (logger.py:40)
2025-05-19 14:22:34,898 - Result - INFO - foundation-model-stack - py/class-polliution/set-attr-get-attr: 2 flows detected. (logger.py:40)
2025-05-19 14:22:34,898 - Result - INFO - foundation-model-stack - py/class-polliution/shared-class-pollution-functions: 2 flows detected. (logger.py:40)
2025-05-19 14:22:34,898 - Result - INFO - foundation-model-stack - py/class-polliution/leaf-class-pollution-functions: 4 flows detected. (logger.py:40)
2025-05-19 14:23:17,912 - Result - INFO - dyffusion - py/class-polliution/set-attr-get-attr: 1 flows detected. (logger.py:40)
2025-05-19 14:23:17,912 - Result - INFO - dyffusion - py/class-polliution/shared-class-pollution-functions: 1 flows detected. (logger.py:40)
2025-05-19 14:23:17,912 - Result - INFO - dyffusion - py/class-polliution/leaf-class-pollution-functions: 1 flows detected. (logger.py:40)
2025-05-19 14:23:28,591 - Result - INFO - CryptoDeepTools - py/class-polliution/set-attr-get-attr: 10 flows detected. (logger.py:40)
2025-05-19 14:23:28,591 - Result - INFO - CryptoDeepTools - py/class-polliution/shared-class-pollution-functions: 2 flows detected. (logger.py:40)
2025-05-19 14:23:28,591 - Result - INFO - CryptoDeepTools - py/class-polliution/leaf-class-pollution-functions: 2 flows detected. (logger.py:40)
2025-05-19 14:24:05,833 - Result - INFO - oslo - py/class-polliution/set-attr-get-attr: 2 flows detected. (logger.py:40)
2025-05-19 14:24:05,833 - Result - INFO - oslo - py/class-polliution/shared-class-pollution-functions: 2 flows detected. (logger.py:40)
2025-05-19 14:24:05,834 - Result - INFO - oslo - py/class-polliution/leaf-class-pollution-functions: 2 flows detected. (logger.py:40)
2025-05-19 14:24:09,777 - Result - INFO - ecs_composex - py/class-polliution/set-attr-get-attr: 1 flows detected. (logger.py:40)
2025-05-19 14:24:09,777 - Result - INFO - ecs_composex - py/class-polliution/shared-class-pollution-functions: 1 flows detected. (logger.py:40)
2025-05-19 14:24:09,777 - Result - INFO - ecs_composex - py/class-polliution/leaf-class-pollution-functions: 1 flows detected. (logger.py:40)
2025-05-19 14:24:28,379 - Result - INFO - DDP - py/class-polliution/set-item-get-both: 1 flows detected. (logger.py:40)
2025-05-19 14:24:28,379 - Result - INFO - DDP - py/class-polliution/set-item-get-attr: 1 flows detected. (logger.py:40)
2025-05-19 14:24:28,379 - Result - INFO - DDP - py/class-polliution/shared-class-pollution-functions: 1 flows detected. (logger.py:40)
2025-05-19 14:24:28,379 - Result - INFO - DDP - py/class-polliution/leaf-class-pollution-functions: 1 flows detected. (logger.py:40)
2025-05-19 14:24:30,291 - Result - INFO - segment-anything-u-specify - py/class-polliution/set-item-get-both: 3 flows detected. (logger.py:40)
2025-05-19 14:24:30,291 - Result - INFO - segment-anything-u-specify - py/class-polliution/set-item-get-attr: 3 flows detected. (logger.py:40)
2025-05-19 14:24:30,291 - Result - INFO - segment-anything-u-specify - py/class-polliution/shared-class-pollution-functions: 1 flows detected. (logger.py:40)
2025-05-19 14:24:30,291 - Result - INFO - segment-anything-u-specify - py/class-polliution/leaf-class-pollution-functions: 1 flows detected. (logger.py:40)
2025-05-19 14:24:35,929 - Result - INFO - stable-diffusion-grpcserver - py/class-polliution/set-attr-get-attr: 6 flows detected. (logger.py:40)
2025-05-19 14:24:35,929 - Result - INFO - stable-diffusion-grpcserver - py/class-polliution/shared-class-pollution-functions: 6 flows detected. (logger.py:40)
2025-05-19 14:24:35,929 - Result - INFO - stable-diffusion-grpcserver - py/class-polliution/leaf-class-pollution-functions: 6 flows detected. (logger.py:40)
2025-05-19 14:24:55,307 - Result - INFO - pbrs-humanoid - py/class-polliution/set-attr-get-attr: 1 flows detected. (logger.py:40)
2025-05-19 14:24:55,307 - Result - INFO - pbrs-humanoid - py/class-polliution/shared-class-pollution-functions: 1 flows detected. (logger.py:40)
2025-05-19 14:24:55,307 - Result - INFO - pbrs-humanoid - py/class-polliution/leaf-class-pollution-functions: 1 flows detected. (logger.py:40)
2025-05-19 14:25:03,995 - Result - INFO - LLaMA3-Quantization - py/class-polliution/set-attr-get-attr: 2 flows detected. (logger.py:40)
2025-05-19 14:25:03,995 - Result - INFO - LLaMA3-Quantization - py/class-polliution/shared-class-pollution-functions: 2 flows detected. (logger.py:40)
2025-05-19 14:25:03,995 - Result - INFO - LLaMA3-Quantization - py/class-polliution/leaf-class-pollution-functions: 2 flows detected. (logger.py:40)
2025-05-19 14:25:33,483 - Result - INFO - TranSpeech - py/class-polliution/set-attr-get-attr: 6 flows detected. (logger.py:40)
2025-05-19 14:25:33,483 - Result - INFO - TranSpeech - py/class-polliution/shared-class-pollution-functions: 6 flows detected. (logger.py:40)
2025-05-19 14:25:33,483 - Result - INFO - TranSpeech - py/class-polliution/leaf-class-pollution-functions: 6 flows detected. (logger.py:40)
2025-05-19 14:26:17,304 - Result - INFO - Aidget - py/class-polliution/set-attr-get-attr: 6 flows detected. (logger.py:40)
2025-05-19 14:26:17,304 - Result - INFO - Aidget - py/class-polliution/shared-class-pollution-functions: 6 flows detected. (logger.py:40)
2025-05-19 14:26:17,304 - Result - INFO - Aidget - py/class-polliution/leaf-class-pollution-functions: 6 flows detected. (logger.py:40)
2025-05-19 14:26:26,257 - Result - INFO - lambda-text-extractor - py/class-polliution/set-attr-get-attr: 4 flows detected. (logger.py:40)
2025-05-19 14:26:26,257 - Result - INFO - lambda-text-extractor - py/class-polliution/shared-class-pollution-functions: 1 flows detected. (logger.py:40)
2025-05-19 14:26:26,257 - Result - INFO - lambda-text-extractor - py/class-polliution/leaf-class-pollution-functions: 1 flows detected. (logger.py:40)
2025-05-19 14:26:40,618 - Result - INFO - cum - py/class-polliution/set-attr-get-attr: 1 flows detected. (logger.py:40)
2025-05-19 14:26:40,618 - Result - INFO - cum - py/class-polliution/shared-class-pollution-functions: 1 flows detected. (logger.py:40)
2025-05-19 14:26:40,618 - Result - INFO - cum - py/class-polliution/leaf-class-pollution-functions: 1 flows detected. (logger.py:40)
2025-05-19 14:26:53,456 - Result - INFO - VideoRecap - py/class-polliution/set-attr-get-attr: 1 flows detected. (logger.py:40)
2025-05-19 14:26:53,456 - Result - INFO - VideoRecap - py/class-polliution/shared-class-pollution-functions: 1 flows detected. (logger.py:40)
2025-05-19 14:26:53,456 - Result - INFO - VideoRecap - py/class-polliution/leaf-class-pollution-functions: 1 flows detected. (logger.py:40)
2025-05-19 14:27:36,294 - Result - INFO - k8s-handle - py/class-polliution/set-item-get-both: 2 flows detected. (logger.py:40)
2025-05-19 14:27:36,294 - Result - INFO - k8s-handle - py/class-polliution/set-item-get-attr: 2 flows detected. (logger.py:40)
2025-05-19 14:27:36,294 - Result - INFO - k8s-handle - py/class-polliution/shared-class-pollution-functions: 1 flows detected. (logger.py:40)
2025-05-19 14:27:36,294 - Result - INFO - k8s-handle - py/class-polliution/leaf-class-pollution-functions: 1 flows detected. (logger.py:40)
2025-05-19 14:27:41,251 - Result - INFO - coax - py/class-polliution/set-attr-get-attr: 2 flows detected. (logger.py:40)
2025-05-19 14:27:41,251 - Result - INFO - coax - py/class-polliution/shared-class-pollution-functions: 1 flows detected. (logger.py:40)
2025-05-19 14:27:41,251 - Result - INFO - coax - py/class-polliution/leaf-class-pollution-functions: 1 flows detected. (logger.py:40)
2025-05-19 14:28:03,897 - Result - INFO - Prusa-Link - py/class-polliution/set-both-get-both: 6 flows detected. (logger.py:40)
2025-05-19 14:28:03,897 - Result - INFO - Prusa-Link - py/class-polliution/shared-class-pollution-functions: 1 flows detected. (logger.py:40)
2025-05-19 14:28:03,897 - Result - INFO - Prusa-Link - py/class-polliution/leaf-class-pollution-functions: 1 flows detected. (logger.py:40)
2025-05-19 14:28:32,282 - Result - INFO - Deep-Whole-Body-Control - py/class-polliution/set-attr-get-attr: 1 flows detected. (logger.py:40)
2025-05-19 14:28:32,282 - Result - INFO - Deep-Whole-Body-Control - py/class-polliution/shared-class-pollution-functions: 1 flows detected. (logger.py:40)
2025-05-19 14:28:32,282 - Result - INFO - Deep-Whole-Body-Control - py/class-polliution/leaf-class-pollution-functions: 1 flows detected. (logger.py:40)
2025-05-19 14:28:46,587 - Result - INFO - FreeCAD-render - py/class-polliution/set-attr-get-attr: 36 flows detected. (logger.py:40)
2025-05-19 14:28:46,587 - Result - INFO - FreeCAD-render - py/class-polliution/shared-class-pollution-functions: 1 flows detected. (logger.py:40)
2025-05-19 14:28:46,587 - Result - INFO - FreeCAD-render - py/class-polliution/leaf-class-pollution-functions: 29 flows detected. (logger.py:40)
2025-05-19 14:28:57,118 - Result - INFO - Plan4MC - py/class-polliution/set-attr-get-attr: 1 flows detected. (logger.py:40)
2025-05-19 14:28:57,118 - Result - INFO - Plan4MC - py/class-polliution/shared-class-pollution-functions: 1 flows detected. (logger.py:40)
2025-05-19 14:28:57,118 - Result - INFO - Plan4MC - py/class-polliution/leaf-class-pollution-functions: 1 flows detected. (logger.py:40)
2025-05-19 14:29:16,005 - Result - INFO - hubs-blender-exporter - py/class-polliution/set-attr-get-attr: 6 flows detected. (logger.py:40)
2025-05-19 14:29:16,005 - Result - INFO - hubs-blender-exporter - py/class-polliution/shared-class-pollution-functions: 1 flows detected. (logger.py:40)
2025-05-19 14:29:16,005 - Result - INFO - hubs-blender-exporter - py/class-polliution/leaf-class-pollution-functions: 2 flows detected. (logger.py:40)
2025-05-19 14:30:02,195 - Result - INFO - fusilli - py/class-polliution/set-attr-get-attr: 19 flows detected. (logger.py:40)
2025-05-19 14:30:02,195 - Result - INFO - fusilli - py/class-polliution/shared-class-pollution-functions: 1 flows detected. (logger.py:40)
2025-05-19 14:30:02,195 - Result - INFO - fusilli - py/class-polliution/leaf-class-pollution-functions: 5 flows detected. (logger.py:40)
2025-05-19 14:30:23,831 - Result - INFO - sparse-detr - py/class-polliution/set-attr-get-attr: 2 flows detected. (logger.py:40)
2025-05-19 14:30:23,831 - Result - INFO - sparse-detr - py/class-polliution/shared-class-pollution-functions: 2 flows detected. (logger.py:40)
2025-05-19 14:30:23,831 - Result - INFO - sparse-detr - py/class-polliution/leaf-class-pollution-functions: 2 flows detected. (logger.py:40)
2025-05-19 14:30:47,506 - Result - INFO - byro - py/class-polliution/set-attr-get-attr: 2 flows detected. (logger.py:40)
2025-05-19 14:30:47,506 - Result - INFO - byro - py/class-polliution/shared-class-pollution-functions: 2 flows detected. (logger.py:40)
2025-05-19 14:30:47,506 - Result - INFO - byro - py/class-polliution/leaf-class-pollution-functions: 2 flows detected. (logger.py:40)
2025-05-19 14:31:06,799 - Result - INFO - uav_data_harvesting - py/class-polliution/set-attr-get-attr: 1 flows detected. (logger.py:40)
2025-05-19 14:31:06,799 - Result - INFO - uav_data_harvesting - py/class-polliution/shared-class-pollution-functions: 1 flows detected. (logger.py:40)
2025-05-19 14:31:06,799 - Result - INFO - uav_data_harvesting - py/class-polliution/leaf-class-pollution-functions: 1 flows detected. (logger.py:40)
2025-05-19 14:32:29,238 - Result - INFO - optimum-habana - py/class-polliution/set-attr-get-attr: 5 flows detected. (logger.py:40)
2025-05-19 14:32:29,238 - Result - INFO - optimum-habana - py/class-polliution/shared-class-pollution-functions: 1 flows detected. (logger.py:40)
2025-05-19 14:32:29,238 - Result - INFO - optimum-habana - py/class-polliution/leaf-class-pollution-functions: 3 flows detected. (logger.py:40)
2025-05-19 14:32:49,836 - Result - INFO - SemTorch - py/class-polliution/set-item-get-both: 3 flows detected. (logger.py:40)
2025-05-19 14:32:49,836 - Result - INFO - SemTorch - py/class-polliution/set-item-get-attr: 3 flows detected. (logger.py:40)
2025-05-19 14:32:49,836 - Result - INFO - SemTorch - py/class-polliution/shared-class-pollution-functions: 1 flows detected. (logger.py:40)
2025-05-19 14:32:49,836 - Result - INFO - SemTorch - py/class-polliution/leaf-class-pollution-functions: 1 flows detected. (logger.py:40)
2025-05-19 14:33:24,627 - Result - INFO - higan - py/class-polliution/set-attr-get-attr: 2 flows detected. (logger.py:40)
2025-05-19 14:33:24,627 - Result - INFO - higan - py/class-polliution/shared-class-pollution-functions: 1 flows detected. (logger.py:40)
2025-05-19 14:33:24,627 - Result - INFO - higan - py/class-polliution/leaf-class-pollution-functions: 1 flows detected. (logger.py:40)
2025-05-19 14:34:06,038 - Result - INFO - fuddly - py/class-polliution/set-attr-get-attr: 1 flows detected. (logger.py:40)
2025-05-19 14:34:06,038 - Result - INFO - fuddly - py/class-polliution/shared-class-pollution-functions: 1 flows detected. (logger.py:40)
2025-05-19 14:34:06,038 - Result - INFO - fuddly - py/class-polliution/leaf-class-pollution-functions: 1 flows detected. (logger.py:40)
2025-05-19 14:34:12,090 - Result - INFO - ContrastiveDecoding - py/class-polliution/set-attr-get-attr: 1 flows detected. (logger.py:40)
2025-05-19 14:34:12,090 - Result - INFO - ContrastiveDecoding - py/class-polliution/shared-class-pollution-functions: 1 flows detected. (logger.py:40)
2025-05-19 14:34:12,090 - Result - INFO - ContrastiveDecoding - py/class-polliution/leaf-class-pollution-functions: 1 flows detected. (logger.py:40)
2025-05-19 14:34:34,434 - Result - INFO - ChimeraX - py/class-polliution/set-attr-get-attr: 1 flows detected. (logger.py:40)
2025-05-19 14:34:34,434 - Result - INFO - ChimeraX - py/class-polliution/shared-class-pollution-functions: 1 flows detected. (logger.py:40)
2025-05-19 14:34:34,434 - Result - INFO - ChimeraX - py/class-polliution/leaf-class-pollution-functions: 1 flows detected. (logger.py:40)
2025-05-19 14:34:41,498 - Result - INFO - BridgeTower - py/class-polliution/set-attr-get-attr: 1 flows detected. (logger.py:40)
2025-05-19 14:34:41,498 - Result - INFO - BridgeTower - py/class-polliution/shared-class-pollution-functions: 1 flows detected. (logger.py:40)
2025-05-19 14:34:41,498 - Result - INFO - BridgeTower - py/class-polliution/leaf-class-pollution-functions: 1 flows detected. (logger.py:40)
2025-05-19 14:34:57,341 - Result - INFO - ESFT - py/class-polliution/set-attr-get-attr: 1 flows detected. (logger.py:40)
2025-05-19 14:34:57,341 - Result - INFO - ESFT - py/class-polliution/shared-class-pollution-functions: 1 flows detected. (logger.py:40)
2025-05-19 14:34:57,341 - Result - INFO - ESFT - py/class-polliution/leaf-class-pollution-functions: 1 flows detected. (logger.py:40)
2025-05-19 14:35:02,939 - Result - INFO - meshGraphNets_pytorch - py/class-polliution/set-attr-get-both: 2 flows detected. (logger.py:40)
2025-05-19 14:35:02,939 - Result - INFO - meshGraphNets_pytorch - py/class-polliution/shared-class-pollution-functions: 2 flows detected. (logger.py:40)
2025-05-19 14:35:02,939 - Result - INFO - meshGraphNets_pytorch - py/class-polliution/leaf-class-pollution-functions: 2 flows detected. (logger.py:40)
2025-05-19 14:35:20,721 - Result - INFO - assembly - py/class-polliution/set-attr-get-attr: 2 flows detected. (logger.py:40)
2025-05-19 14:35:20,721 - Result - INFO - assembly - py/class-polliution/shared-class-pollution-functions: 2 flows detected. (logger.py:40)
2025-05-19 14:35:20,721 - Result - INFO - assembly - py/class-polliution/leaf-class-pollution-functions: 2 flows detected. (logger.py:40)
2025-05-19 14:35:48,534 - Result - INFO - graphqllib - py/class-polliution/set-both-get-both: 8 flows detected. (logger.py:40)
2025-05-19 14:35:48,534 - Result - INFO - graphqllib - py/class-polliution/shared-class-pollution-functions: 1 flows detected. (logger.py:40)
2025-05-19 14:35:48,534 - Result - INFO - graphqllib - py/class-polliution/leaf-class-pollution-functions: 7 flows detected. (logger.py:40)
2025-05-19 14:36:38,793 - Result - INFO - tile2net - py/class-polliution/set-attr-get-attr: 3 flows detected. (logger.py:40)
2025-05-19 14:36:38,793 - Result - INFO - tile2net - py/class-polliution/shared-class-pollution-functions: 3 flows detected. (logger.py:40)
2025-05-19 14:36:38,793 - Result - INFO - tile2net - py/class-polliution/leaf-class-pollution-functions: 3 flows detected. (logger.py:40)
2025-05-19 14:36:59,994 - Result - INFO - netchecks - py/class-polliution/set-both-get-attr: 5 flows detected. (logger.py:40)
2025-05-19 14:36:59,994 - Result - INFO - netchecks - py/class-polliution/shared-class-pollution-functions: 1 flows detected. (logger.py:40)
2025-05-19 14:36:59,994 - Result - INFO - netchecks - py/class-polliution/leaf-class-pollution-functions: 2 flows detected. (logger.py:40)
2025-05-19 14:37:30,244 - Result - INFO - LLM-Drop - py/class-polliution/set-attr-get-attr: 2 flows detected. (logger.py:40)
2025-05-19 14:37:30,244 - Result - INFO - LLM-Drop - py/class-polliution/shared-class-pollution-functions: 2 flows detected. (logger.py:40)
2025-05-19 14:37:30,244 - Result - INFO - LLM-Drop - py/class-polliution/leaf-class-pollution-functions: 2 flows detected. (logger.py:40)
2025-05-19 14:37:39,269 - Result - INFO - Portrait3D - py/class-polliution/set-attr-get-attr: 1 flows detected. (logger.py:40)
2025-05-19 14:37:39,269 - Result - INFO - Portrait3D - py/class-polliution/shared-class-pollution-functions: 1 flows detected. (logger.py:40)
2025-05-19 14:37:39,269 - Result - INFO - Portrait3D - py/class-polliution/leaf-class-pollution-functions: 1 flows detected. (logger.py:40)
2025-05-19 14:38:03,503 - Result - INFO - Real3D - py/class-polliution/set-attr-get-attr: 1 flows detected. (logger.py:40)
2025-05-19 14:38:03,503 - Result - INFO - Real3D - py/class-polliution/shared-class-pollution-functions: 1 flows detected. (logger.py:40)
2025-05-19 14:38:03,503 - Result - INFO - Real3D - py/class-polliution/leaf-class-pollution-functions: 1 flows detected. (logger.py:40)
2025-05-19 14:38:27,765 - Result - INFO - QLLM - py/class-polliution/set-attr-get-attr: 3 flows detected. (logger.py:40)
2025-05-19 14:38:27,765 - Result - INFO - QLLM - py/class-polliution/shared-class-pollution-functions: 3 flows detected. (logger.py:40)
2025-05-19 14:38:27,765 - Result - INFO - QLLM - py/class-polliution/leaf-class-pollution-functions: 3 flows detected. (logger.py:40)
2025-05-19 14:38:42,542 - Result - INFO - getdist - py/class-polliution/set-attr-get-attr: 3 flows detected. (logger.py:40)
2025-05-19 14:38:42,542 - Result - INFO - getdist - py/class-polliution/shared-class-pollution-functions: 1 flows detected. (logger.py:40)
2025-05-19 14:38:42,542 - Result - INFO - getdist - py/class-polliution/leaf-class-pollution-functions: 1 flows detected. (logger.py:40)
2025-05-19 14:39:58,265 - Result - INFO - A-ViT - py/class-polliution/set-attr-get-attr: 1 flows detected. (logger.py:40)
2025-05-19 14:39:58,265 - Result - INFO - A-ViT - py/class-polliution/shared-class-pollution-functions: 1 flows detected. (logger.py:40)
2025-05-19 14:39:58,265 - Result - INFO - A-ViT - py/class-polliution/leaf-class-pollution-functions: 1 flows detected. (logger.py:40)
2025-05-19 14:40:25,711 - Result - INFO - VideoAgent - py/class-polliution/set-attr-get-attr: 1 flows detected. (logger.py:40)
2025-05-19 14:40:25,711 - Result - INFO - VideoAgent - py/class-polliution/shared-class-pollution-functions: 1 flows detected. (logger.py:40)
2025-05-19 14:40:25,711 - Result - INFO - VideoAgent - py/class-polliution/leaf-class-pollution-functions: 1 flows detected. (logger.py:40)
2025-05-19 14:40:45,781 - Result - INFO - ICV - py/class-polliution/set-attr-get-attr: 1 flows detected. (logger.py:40)
2025-05-19 14:40:45,782 - Result - INFO - ICV - py/class-polliution/shared-class-pollution-functions: 1 flows detected. (logger.py:40)
2025-05-19 14:40:45,782 - Result - INFO - ICV - py/class-polliution/leaf-class-pollution-functions: 1 flows detected. (logger.py:40)
2025-05-19 14:41:13,799 - Result - INFO - EPro-PnP-v2 - py/class-polliution/set-attr-get-attr: 6 flows detected. (logger.py:40)
2025-05-19 14:41:13,799 - Result - INFO - EPro-PnP-v2 - py/class-polliution/shared-class-pollution-functions: 1 flows detected. (logger.py:40)
2025-05-19 14:41:13,799 - Result - INFO - EPro-PnP-v2 - py/class-polliution/leaf-class-pollution-functions: 4 flows detected. (logger.py:40)
2025-05-19 14:41:35,273 - Result - INFO - knowledge-neurons - py/class-polliution/set-item-get-attr: 3 flows detected. (logger.py:40)
2025-05-19 14:41:35,273 - Result - INFO - knowledge-neurons - py/class-polliution/set-attr-get-attr: 11 flows detected. (logger.py:40)
2025-05-19 14:41:35,273 - Result - INFO - knowledge-neurons - py/class-polliution/shared-class-pollution-functions: 1 flows detected. (logger.py:40)
2025-05-19 14:41:35,273 - Result - INFO - knowledge-neurons - py/class-polliution/leaf-class-pollution-functions: 6 flows detected. (logger.py:40)
2025-05-19 14:42:27,735 - Result - INFO - pyadi-iio - py/class-polliution/set-attr-get-both: 28 flows detected. (logger.py:40)
2025-05-19 14:42:27,735 - Result - INFO - pyadi-iio - py/class-polliution/shared-class-pollution-functions: 1 flows detected. (logger.py:40)
2025-05-19 14:42:27,735 - Result - INFO - pyadi-iio - py/class-polliution/leaf-class-pollution-functions: 18 flows detected. (logger.py:40)
2025-05-19 14:42:50,673 - Result - INFO - event_based_optical_flow - py/class-polliution/set-attr-get-attr: 2 flows detected. (logger.py:40)
2025-05-19 14:42:50,673 - Result - INFO - event_based_optical_flow - py/class-polliution/shared-class-pollution-functions: 2 flows detected. (logger.py:40)
2025-05-19 14:42:50,673 - Result - INFO - event_based_optical_flow - py/class-polliution/leaf-class-pollution-functions: 2 flows detected. (logger.py:40)
2025-05-19 14:43:25,530 - Result - INFO - netpyne - py/class-polliution/set-item-get-both: 20 flows detected. (logger.py:40)
2025-05-19 14:43:25,530 - Result - INFO - netpyne - py/class-polliution/set-item-get-attr: 20 flows detected. (logger.py:40)
2025-05-19 14:43:25,530 - Result - INFO - netpyne - py/class-polliution/shared-class-pollution-functions: 1 flows detected. (logger.py:40)
2025-05-19 14:43:25,530 - Result - INFO - netpyne - py/class-polliution/leaf-class-pollution-functions: 13 flows detected. (logger.py:40)
2025-05-19 14:43:44,003 - Result - INFO - UnicomDailyTask - py/class-polliution/set-both-get-both: 28 flows detected. (logger.py:40)
2025-05-19 14:43:44,003 - Result - INFO - UnicomDailyTask - py/class-polliution/set-attr-get-attr: 8 flows detected. (logger.py:40)
2025-05-19 14:43:44,003 - Result - INFO - UnicomDailyTask - py/class-polliution/shared-class-pollution-functions: 1 flows detected. (logger.py:40)
2025-05-19 14:43:44,003 - Result - INFO - UnicomDailyTask - py/class-polliution/leaf-class-pollution-functions: 3 flows detected. (logger.py:40)
2025-05-19 14:43:49,551 - Result - INFO - SourceOps - py/class-polliution/set-attr-get-both: 10 flows detected. (logger.py:40)
2025-05-19 14:43:49,551 - Result - INFO - SourceOps - py/class-polliution/shared-class-pollution-functions: 1 flows detected. (logger.py:40)
2025-05-19 14:43:49,551 - Result - INFO - SourceOps - py/class-polliution/leaf-class-pollution-functions: 3 flows detected. (logger.py:40)
2025-05-19 14:44:09,084 - Result - INFO - ManiSkill-Legacy - py/class-polliution/set-item-get-both: 13 flows detected. (logger.py:40)
2025-05-19 14:44:09,084 - Result - INFO - ManiSkill-Legacy - py/class-polliution/set-item-get-attr: 13 flows detected. (logger.py:40)
2025-05-19 14:44:09,084 - Result - INFO - ManiSkill-Legacy - py/class-polliution/shared-class-pollution-functions: 1 flows detected. (logger.py:40)
2025-05-19 14:44:09,084 - Result - INFO - ManiSkill-Legacy - py/class-polliution/leaf-class-pollution-functions: 10 flows detected. (logger.py:40)
2025-05-19 14:44:42,360 - Result - INFO - VisualAgentBench - py/class-polliution/set-attr-get-attr: 1 flows detected. (logger.py:40)
2025-05-19 14:44:42,360 - Result - INFO - VisualAgentBench - py/class-polliution/shared-class-pollution-functions: 1 flows detected. (logger.py:40)
2025-05-19 14:44:42,360 - Result - INFO - VisualAgentBench - py/class-polliution/leaf-class-pollution-functions: 1 flows detected. (logger.py:40)
2025-05-19 14:44:57,598 - Result - INFO - Vector-Tiles-Reader-QGIS-Plugin - py/class-polliution/set-attr-get-attr: 11 flows detected. (logger.py:40)
2025-05-19 14:44:57,598 - Result - INFO - Vector-Tiles-Reader-QGIS-Plugin - py/class-polliution/shared-class-pollution-functions: 1 flows detected. (logger.py:40)
2025-05-19 14:44:57,598 - Result - INFO - Vector-Tiles-Reader-QGIS-Plugin - py/class-polliution/leaf-class-pollution-functions: 5 flows detected. (logger.py:40)
2025-05-19 14:45:04,257 - Result - INFO - SpeechEmotionRecognition-Pytorch - py/class-polliution/set-attr-get-attr: 2 flows detected. (logger.py:40)
2025-05-19 14:45:04,257 - Result - INFO - SpeechEmotionRecognition-Pytorch - py/class-polliution/shared-class-pollution-functions: 2 flows detected. (logger.py:40)
2025-05-19 14:45:04,257 - Result - INFO - SpeechEmotionRecognition-Pytorch - py/class-polliution/leaf-class-pollution-functions: 2 flows detected. (logger.py:40)
2025-05-19 14:45:17,589 - Result - INFO - BEVFusion-ROS-TensorRT - py/class-polliution/set-item-get-both: 2 flows detected. (logger.py:40)
2025-05-19 14:45:17,589 - Result - INFO - BEVFusion-ROS-TensorRT - py/class-polliution/set-item-get-attr: 2 flows detected. (logger.py:40)
2025-05-19 14:45:17,589 - Result - INFO - BEVFusion-ROS-TensorRT - py/class-polliution/set-attr-get-attr: 4 flows detected. (logger.py:40)
2025-05-19 14:45:17,589 - Result - INFO - BEVFusion-ROS-TensorRT - py/class-polliution/shared-class-pollution-functions: 6 flows detected. (logger.py:40)
2025-05-19 14:45:17,589 - Result - INFO - BEVFusion-ROS-TensorRT - py/class-polliution/leaf-class-pollution-functions: 6 flows detected. (logger.py:40)
2025-05-19 14:45:42,652 - Result - INFO - TestSlide - py/class-polliution/set-attr-get-attr: 73 flows detected. (logger.py:40)
2025-05-19 14:45:42,652 - Result - INFO - TestSlide - py/class-polliution/shared-class-pollution-functions: 1 flows detected. (logger.py:40)
2025-05-19 14:45:42,652 - Result - INFO - TestSlide - py/class-polliution/leaf-class-pollution-functions: 4 flows detected. (logger.py:40)
2025-05-19 15:11:33,358 - Result - INFO - MobileNeXt - py/class-polliution/set-attr-get-attr: 4 flows detected. (logger.py:40)
2025-05-19 15:11:33,358 - Result - INFO - MobileNeXt - py/class-polliution/shared-class-pollution-functions: 1 flows detected. (logger.py:40)
2025-05-19 15:11:33,359 - Result - INFO - MobileNeXt - py/class-polliution/leaf-class-pollution-functions: 3 flows detected. (logger.py:40)
2025-05-19 15:13:03,336 - Result - INFO - deluge-telegramer - py/class-polliution/set-both-get-attr: 8 flows detected. (logger.py:40)
2025-05-19 15:13:03,336 - Result - INFO - deluge-telegramer - py/class-polliution/shared-class-pollution-functions: 8 flows detected. (logger.py:40)
2025-05-19 15:13:03,336 - Result - INFO - deluge-telegramer - py/class-polliution/leaf-class-pollution-functions: 8 flows detected. (logger.py:40)
2025-05-19 15:13:26,211 - Result - INFO - Trans2Seg - py/class-polliution/set-item-get-both: 3 flows detected. (logger.py:40)
2025-05-19 15:13:26,211 - Result - INFO - Trans2Seg - py/class-polliution/set-item-get-attr: 3 flows detected. (logger.py:40)
2025-05-19 15:13:26,211 - Result - INFO - Trans2Seg - py/class-polliution/shared-class-pollution-functions: 1 flows detected. (logger.py:40)
2025-05-19 15:13:26,211 - Result - INFO - Trans2Seg - py/class-polliution/leaf-class-pollution-functions: 1 flows detected. (logger.py:40)
2025-05-19 15:16:24,507 - Result - INFO - mtpy - py/class-polliution/set-attr-get-attr: 5 flows detected. (logger.py:40)
2025-05-19 15:16:24,507 - Result - INFO - mtpy - py/class-polliution/shared-class-pollution-functions: 1 flows detected. (logger.py:40)
2025-05-19 15:16:24,507 - Result - INFO - mtpy - py/class-polliution/leaf-class-pollution-functions: 1 flows detected. (logger.py:40)
2025-05-19 15:17:52,149 - Result - INFO - shortformer - py/class-polliution/set-attr-get-attr: 5 flows detected. (logger.py:40)
2025-05-19 15:17:52,149 - Result - INFO - shortformer - py/class-polliution/shared-class-pollution-functions: 5 flows detected. (logger.py:40)
2025-05-19 15:17:52,149 - Result - INFO - shortformer - py/class-polliution/leaf-class-pollution-functions: 5 flows detected. (logger.py:40)
2025-05-19 15:18:19,777 - Result - INFO - xitorch - py/class-polliution/set-attr-get-attr: 42 flows detected. (logger.py:40)
2025-05-19 15:18:19,777 - Result - INFO - xitorch - py/class-polliution/shared-class-pollution-functions: 1 flows detected. (logger.py:40)
2025-05-19 15:18:19,777 - Result - INFO - xitorch - py/class-polliution/leaf-class-pollution-functions: 32 flows detected. (logger.py:40)
2025-05-19 15:20:16,465 - Result - INFO - mybolg - py/class-polliution/set-attr-get-attr: 68 flows detected. (logger.py:40)
2025-05-19 15:20:16,465 - Result - INFO - mybolg - py/class-polliution/shared-class-pollution-functions: 3 flows detected. (logger.py:40)
2025-05-19 15:20:16,465 - Result - INFO - mybolg - py/class-polliution/leaf-class-pollution-functions: 7 flows detected. (logger.py:40)
2025-05-19 15:20:45,635 - Result - INFO - RobustCNN - py/class-polliution/set-attr-get-attr: 1 flows detected. (logger.py:40)
2025-05-19 15:20:45,635 - Result - INFO - RobustCNN - py/class-polliution/shared-class-pollution-functions: 1 flows detected. (logger.py:40)
2025-05-19 15:20:45,635 - Result - INFO - RobustCNN - py/class-polliution/leaf-class-pollution-functions: 1 flows detected. (logger.py:40)
2025-05-19 15:21:07,525 - Result - INFO - gns - py/class-polliution/set-attr-get-both: 1 flows detected. (logger.py:40)
2025-05-19 15:21:07,525 - Result - INFO - gns - py/class-polliution/shared-class-pollution-functions: 1 flows detected. (logger.py:40)
2025-05-19 15:21:07,525 - Result - INFO - gns - py/class-polliution/leaf-class-pollution-functions: 1 flows detected. (logger.py:40)
2025-05-19 15:21:48,001 - Result - INFO - opensoundscape - py/class-polliution/set-attr-get-attr: 4 flows detected. (logger.py:40)
2025-05-19 15:21:48,001 - Result - INFO - opensoundscape - py/class-polliution/shared-class-pollution-functions: 1 flows detected. (logger.py:40)
2025-05-19 15:21:48,001 - Result - INFO - opensoundscape - py/class-polliution/leaf-class-pollution-functions: 2 flows detected. (logger.py:40)
2025-05-19 15:22:14,564 - Result - INFO - MVFNet - py/class-polliution/set-attr-get-attr: 1 flows detected. (logger.py:40)
2025-05-19 15:22:14,564 - Result - INFO - MVFNet - py/class-polliution/shared-class-pollution-functions: 1 flows detected. (logger.py:40)
2025-05-19 15:22:14,564 - Result - INFO - MVFNet - py/class-polliution/leaf-class-pollution-functions: 1 flows detected. (logger.py:40)
2025-05-19 15:22:23,602 - Result - INFO - OFASys - py/class-polliution/set-attr-get-attr: 30 flows detected. (logger.py:40)
2025-05-19 15:22:23,603 - Result - INFO - OFASys - py/class-polliution/shared-class-pollution-functions: 1 flows detected. (logger.py:40)
2025-05-19 15:22:23,603 - Result - INFO - OFASys - py/class-polliution/leaf-class-pollution-functions: 15 flows detected. (logger.py:40)
2025-05-19 15:22:53,242 - Result - INFO - pyrpl - py/class-polliution/set-attr-get-attr: 3 flows detected. (logger.py:40)
2025-05-19 15:22:53,242 - Result - INFO - pyrpl - py/class-polliution/shared-class-pollution-functions: 1 flows detected. (logger.py:40)
2025-05-19 15:22:53,242 - Result - INFO - pyrpl - py/class-polliution/leaf-class-pollution-functions: 1 flows detected. (logger.py:40)
2025-05-19 15:23:25,907 - Result - INFO - Law_of_Vision_Representation_in_MLLMs - py/class-polliution/set-attr-get-attr: 1 flows detected. (logger.py:40)
2025-05-19 15:23:25,907 - Result - INFO - Law_of_Vision_Representation_in_MLLMs - py/class-polliution/shared-class-pollution-functions: 1 flows detected. (logger.py:40)
2025-05-19 15:23:25,907 - Result - INFO - Law_of_Vision_Representation_in_MLLMs - py/class-polliution/leaf-class-pollution-functions: 1 flows detected. (logger.py:40)
2025-05-19 15:23:43,705 - Result - INFO - SeqDex - py/class-polliution/set-attr-get-attr: 2 flows detected. (logger.py:40)
2025-05-19 15:23:43,705 - Result - INFO - SeqDex - py/class-polliution/shared-class-pollution-functions: 2 flows detected. (logger.py:40)
2025-05-19 15:23:43,706 - Result - INFO - SeqDex - py/class-polliution/leaf-class-pollution-functions: 2 flows detected. (logger.py:40)
2025-05-19 15:23:48,384 - Result - INFO - sequencer - py/class-polliution/set-attr-get-attr: 1 flows detected. (logger.py:40)
2025-05-19 15:23:48,384 - Result - INFO - sequencer - py/class-polliution/shared-class-pollution-functions: 1 flows detected. (logger.py:40)
2025-05-19 15:23:48,384 - Result - INFO - sequencer - py/class-polliution/leaf-class-pollution-functions: 1 flows detected. (logger.py:40)
2025-05-19 15:24:06,188 - Result - INFO - hyperdrive - py/class-polliution/set-attr-get-attr: 1 flows detected. (logger.py:40)
2025-05-19 15:24:06,188 - Result - INFO - hyperdrive - py/class-polliution/shared-class-pollution-functions: 1 flows detected. (logger.py:40)
2025-05-19 15:24:06,188 - Result - INFO - hyperdrive - py/class-polliution/leaf-class-pollution-functions: 1 flows detected. (logger.py:40)
2025-05-19 15:24:06,558 - Result - INFO - gramex - py/class-polliution/set-item-get-both: 7 flows detected. (logger.py:40)
2025-05-19 15:24:06,558 - Result - INFO - gramex - py/class-polliution/set-item-get-attr: 7 flows detected. (logger.py:40)
2025-05-19 15:24:06,558 - Result - INFO - gramex - py/class-polliution/shared-class-pollution-functions: 2 flows detected. (logger.py:40)
2025-05-19 15:24:06,558 - Result - INFO - gramex - py/class-polliution/leaf-class-pollution-functions: 3 flows detected. (logger.py:40)
2025-05-19 15:24:43,800 - Result - INFO - whad-client - py/class-polliution/set-attr-get-attr: 22 flows detected. (logger.py:40)
2025-05-19 15:24:43,800 - Result - INFO - whad-client - py/class-polliution/shared-class-pollution-functions: 1 flows detected. (logger.py:40)
2025-05-19 15:24:43,800 - Result - INFO - whad-client - py/class-polliution/leaf-class-pollution-functions: 1 flows detected. (logger.py:40)
2025-05-19 15:25:02,516 - Result - INFO - Video-to-Retail-Platform - py/class-polliution/set-attr-get-attr: 1 flows detected. (logger.py:40)
2025-05-19 15:25:02,516 - Result - INFO - Video-to-Retail-Platform - py/class-polliution/shared-class-pollution-functions: 1 flows detected. (logger.py:40)
2025-05-19 15:25:02,516 - Result - INFO - Video-to-Retail-Platform - py/class-polliution/leaf-class-pollution-functions: 1 flows detected. (logger.py:40)
2025-05-19 15:25:10,927 - Result - INFO - RLSolver - py/class-polliution/set-attr-get-attr: 18 flows detected. (logger.py:40)
2025-05-19 15:25:10,927 - Result - INFO - RLSolver - py/class-polliution/shared-class-pollution-functions: 5 flows detected. (logger.py:40)
2025-05-19 15:25:10,927 - Result - INFO - RLSolver - py/class-polliution/leaf-class-pollution-functions: 13 flows detected. (logger.py:40)
2025-05-19 15:26:44,054 - Result - INFO - wav2vec - py/class-polliution/set-attr-get-attr: 10 flows detected. (logger.py:40)
2025-05-19 15:26:44,054 - Result - INFO - wav2vec - py/class-polliution/shared-class-pollution-functions: 10 flows detected. (logger.py:40)
2025-05-19 15:26:44,054 - Result - INFO - wav2vec - py/class-polliution/leaf-class-pollution-functions: 10 flows detected. (logger.py:40)
2025-05-19 15:27:01,213 - Result - INFO - GLAT - py/class-polliution/set-attr-get-attr: 5 flows detected. (logger.py:40)
2025-05-19 15:27:01,213 - Result - INFO - GLAT - py/class-polliution/shared-class-pollution-functions: 5 flows detected. (logger.py:40)
2025-05-19 15:27:01,213 - Result - INFO - GLAT - py/class-polliution/leaf-class-pollution-functions: 5 flows detected. (logger.py:40)
2025-05-19 15:27:02,155 - Result - INFO - Knowledge-Distillation-Toolkit - py/class-polliution/set-attr-get-attr: 5 flows detected. (logger.py:40)
2025-05-19 15:27:02,155 - Result - INFO - Knowledge-Distillation-Toolkit - py/class-polliution/shared-class-pollution-functions: 5 flows detected. (logger.py:40)
2025-05-19 15:27:02,155 - Result - INFO - Knowledge-Distillation-Toolkit - py/class-polliution/leaf-class-pollution-functions: 5 flows detected. (logger.py:40)
2025-05-19 15:27:03,933 - Result - INFO - metabase_api_python - py/class-polliution/set-item-get-both: 1 flows detected. (logger.py:40)
2025-05-19 15:27:03,933 - Result - INFO - metabase_api_python - py/class-polliution/set-item-get-attr: 1 flows detected. (logger.py:40)
2025-05-19 15:27:03,933 - Result - INFO - metabase_api_python - py/class-polliution/shared-class-pollution-functions: 1 flows detected. (logger.py:40)
2025-05-19 15:27:03,933 - Result - INFO - metabase_api_python - py/class-polliution/leaf-class-pollution-functions: 1 flows detected. (logger.py:40)
2025-05-19 15:27:33,694 - Result - INFO - DuQuant - py/class-polliution/set-attr-get-attr: 1 flows detected. (logger.py:40)
2025-05-19 15:27:33,694 - Result - INFO - DuQuant - py/class-polliution/shared-class-pollution-functions: 1 flows detected. (logger.py:40)
2025-05-19 15:27:33,694 - Result - INFO - DuQuant - py/class-polliution/leaf-class-pollution-functions: 1 flows detected. (logger.py:40)
2025-05-19 15:27:43,530 - Result - INFO - dvit_repo - py/class-polliution/set-attr-get-attr: 1 flows detected. (logger.py:40)
2025-05-19 15:27:43,530 - Result - INFO - dvit_repo - py/class-polliution/shared-class-pollution-functions: 1 flows detected. (logger.py:40)
2025-05-19 15:27:43,530 - Result - INFO - dvit_repo - py/class-polliution/leaf-class-pollution-functions: 1 flows detected. (logger.py:40)
2025-05-19 15:28:09,919 - Result - INFO - VCR-GauS - py/class-polliution/set-attr-get-attr: 1 flows detected. (logger.py:40)
2025-05-19 15:28:09,919 - Result - INFO - VCR-GauS - py/class-polliution/shared-class-pollution-functions: 1 flows detected. (logger.py:40)
2025-05-19 15:28:09,919 - Result - INFO - VCR-GauS - py/class-polliution/leaf-class-pollution-functions: 1 flows detected. (logger.py:40)
2025-05-19 15:28:58,373 - Result - INFO - MoVA - py/class-polliution/set-attr-get-attr: 1 flows detected. (logger.py:40)
2025-05-19 15:28:58,373 - Result - INFO - MoVA - py/class-polliution/shared-class-pollution-functions: 1 flows detected. (logger.py:40)
2025-05-19 15:28:58,373 - Result - INFO - MoVA - py/class-polliution/leaf-class-pollution-functions: 1 flows detected. (logger.py:40)
2025-05-19 15:29:06,747 - Result - INFO - gradinit - py/class-polliution/set-attr-get-attr: 6 flows detected. (logger.py:40)
2025-05-19 15:29:06,747 - Result - INFO - gradinit - py/class-polliution/shared-class-pollution-functions: 6 flows detected. (logger.py:40)
2025-05-19 15:29:06,747 - Result - INFO - gradinit - py/class-polliution/leaf-class-pollution-functions: 6 flows detected. (logger.py:40)
2025-05-19 15:30:10,136 - Result - INFO - Jacinle - py/class-polliution/set-both-get-attr: 1 flows detected. (logger.py:40)
2025-05-19 15:30:10,136 - Result - INFO - Jacinle - py/class-polliution/shared-class-pollution-functions: 1 flows detected. (logger.py:40)
2025-05-19 15:30:10,136 - Result - INFO - Jacinle - py/class-polliution/leaf-class-pollution-functions: 1 flows detected. (logger.py:40)
2025-05-19 15:30:57,788 - Result - INFO - openleadr-python - py/class-polliution/set-both-get-both: 1 flows detected. (logger.py:40)
2025-05-19 15:30:57,788 - Result - INFO - openleadr-python - py/class-polliution/shared-class-pollution-functions: 1 flows detected. (logger.py:40)
2025-05-19 15:30:57,788 - Result - INFO - openleadr-python - py/class-polliution/leaf-class-pollution-functions: 1 flows detected. (logger.py:40)
2025-05-19 15:32:18,546 - Result - INFO - spectrochempy - py/class-polliution/set-attr-get-attr: 5 flows detected. (logger.py:40)
2025-05-19 15:32:18,547 - Result - INFO - spectrochempy - py/class-polliution/shared-class-pollution-functions: 1 flows detected. (logger.py:40)
2025-05-19 15:32:18,547 - Result - INFO - spectrochempy - py/class-polliution/leaf-class-pollution-functions: 4 flows detected. (logger.py:40)
2025-05-19 15:33:15,917 - Result - INFO - PlanKD - py/class-polliution/set-attr-get-attr: 1 flows detected. (logger.py:40)
2025-05-19 15:33:15,917 - Result - INFO - PlanKD - py/class-polliution/shared-class-pollution-functions: 1 flows detected. (logger.py:40)
2025-05-19 15:33:15,917 - Result - INFO - PlanKD - py/class-polliution/leaf-class-pollution-functions: 1 flows detected. (logger.py:40)
2025-05-19 15:34:31,131 - Result - INFO - polygon-transformer - py/class-polliution/set-attr-get-attr: 8 flows detected. (logger.py:40)
2025-05-19 15:34:31,131 - Result - INFO - polygon-transformer - py/class-polliution/shared-class-pollution-functions: 8 flows detected. (logger.py:40)
2025-05-19 15:34:31,131 - Result - INFO - polygon-transformer - py/class-polliution/leaf-class-pollution-functions: 8 flows detected. (logger.py:40)
2025-05-19 15:35:20,859 - Result - INFO - rethinking_bottleneck_design - py/class-polliution/set-attr-get-attr: 4 flows detected. (logger.py:40)
2025-05-19 15:35:20,860 - Result - INFO - rethinking_bottleneck_design - py/class-polliution/shared-class-pollution-functions: 1 flows detected. (logger.py:40)
2025-05-19 15:35:20,860 - Result - INFO - rethinking_bottleneck_design - py/class-polliution/leaf-class-pollution-functions: 3 flows detected. (logger.py:40)
2025-05-19 15:35:21,650 - Result - INFO - mase - py/class-polliution/set-attr-get-attr: 4 flows detected. (logger.py:40)
2025-05-19 15:35:21,650 - Result - INFO - mase - py/class-polliution/shared-class-pollution-functions: 1 flows detected. (logger.py:40)
2025-05-19 15:35:21,650 - Result - INFO - mase - py/class-polliution/leaf-class-pollution-functions: 2 flows detected. (logger.py:40)
2025-05-19 15:35:22,262 - Result - INFO - DataLab - py/class-polliution/set-attr-get-attr: 3 flows detected. (logger.py:40)
2025-05-19 15:35:22,262 - Result - INFO - DataLab - py/class-polliution/shared-class-pollution-functions: 1 flows detected. (logger.py:40)
2025-05-19 15:35:22,262 - Result - INFO - DataLab - py/class-polliution/leaf-class-pollution-functions: 2 flows detected. (logger.py:40)
2025-05-19 15:36:49,234 - Result - INFO - lamindb - py/class-polliution/set-attr-get-attr: 60 flows detected. (logger.py:40)
2025-05-19 15:36:49,234 - Result - INFO - lamindb - py/class-polliution/shared-class-pollution-functions: 1 flows detected. (logger.py:40)
2025-05-19 15:36:49,234 - Result - INFO - lamindb - py/class-polliution/leaf-class-pollution-functions: 35 flows detected. (logger.py:40)
2025-05-19 15:37:34,015 - Result - INFO - cobaya - py/class-polliution/set-attr-get-attr: 1 flows detected. (logger.py:40)
2025-05-19 15:37:34,015 - Result - INFO - cobaya - py/class-polliution/shared-class-pollution-functions: 1 flows detected. (logger.py:40)
2025-05-19 15:37:34,015 - Result - INFO - cobaya - py/class-polliution/leaf-class-pollution-functions: 1 flows detected. (logger.py:40)
2025-05-19 15:37:55,301 - Result - INFO - FP8-quantization - py/class-polliution/set-attr-get-attr: 1 flows detected. (logger.py:40)
2025-05-19 15:37:55,301 - Result - INFO - FP8-quantization - py/class-polliution/shared-class-pollution-functions: 1 flows detected. (logger.py:40)
2025-05-19 15:37:55,301 - Result - INFO - FP8-quantization - py/class-polliution/leaf-class-pollution-functions: 1 flows detected. (logger.py:40)
2025-05-19 15:38:53,841 - Result - INFO - swarm - py/class-polliution/set-attr-get-attr: 5 flows detected. (logger.py:40)
2025-05-19 15:38:53,841 - Result - INFO - swarm - py/class-polliution/shared-class-pollution-functions: 5 flows detected. (logger.py:40)
2025-05-19 15:38:53,841 - Result - INFO - swarm - py/class-polliution/leaf-class-pollution-functions: 5 flows detected. (logger.py:40)
2025-05-19 15:39:23,456 - Result - INFO - legged-robots-manipulation - py/class-polliution/set-attr-get-attr: 1 flows detected. (logger.py:40)
2025-05-19 15:39:23,456 - Result - INFO - legged-robots-manipulation - py/class-polliution/shared-class-pollution-functions: 1 flows detected. (logger.py:40)
2025-05-19 15:39:23,456 - Result - INFO - legged-robots-manipulation - py/class-polliution/leaf-class-pollution-functions: 1 flows detected. (logger.py:40)
2025-05-19 15:39:33,883 - Result - INFO - Ant-Multi-Modal-Framework - py/class-polliution/set-attr-get-attr: 1 flows detected. (logger.py:40)
2025-05-19 15:39:33,883 - Result - INFO - Ant-Multi-Modal-Framework - py/class-polliution/shared-class-pollution-functions: 1 flows detected. (logger.py:40)
2025-05-19 15:39:33,883 - Result - INFO - Ant-Multi-Modal-Framework - py/class-polliution/leaf-class-pollution-functions: 1 flows detected. (logger.py:40)
2025-05-19 15:39:53,356 - Result - INFO - throttlestop - py/class-polliution/set-attr-get-attr: 1 flows detected. (logger.py:40)
2025-05-19 15:39:53,356 - Result - INFO - throttlestop - py/class-polliution/shared-class-pollution-functions: 1 flows detected. (logger.py:40)
2025-05-19 15:39:53,356 - Result - INFO - throttlestop - py/class-polliution/leaf-class-pollution-functions: 1 flows detected. (logger.py:40)
2025-05-19 15:40:07,660 - Result - INFO - Train_Transformers_with_INT4 - py/class-polliution/set-attr-get-attr: 1 flows detected. (logger.py:40)
2025-05-19 15:40:07,660 - Result - INFO - Train_Transformers_with_INT4 - py/class-polliution/shared-class-pollution-functions: 1 flows detected. (logger.py:40)
2025-05-19 15:40:07,660 - Result - INFO - Train_Transformers_with_INT4 - py/class-polliution/leaf-class-pollution-functions: 1 flows detected. (logger.py:40)
2025-05-19 15:40:23,943 - Result - INFO - celldetection - py/class-polliution/set-attr-get-attr: 12 flows detected. (logger.py:40)
2025-05-19 15:40:23,943 - Result - INFO - celldetection - py/class-polliution/shared-class-pollution-functions: 1 flows detected. (logger.py:40)
2025-05-19 15:40:23,943 - Result - INFO - celldetection - py/class-polliution/leaf-class-pollution-functions: 3 flows detected. (logger.py:40)
2025-05-19 15:41:06,060 - Result - INFO - FIBER - py/class-polliution/set-attr-get-attr: 1 flows detected. (logger.py:40)
2025-05-19 15:41:06,060 - Result - INFO - FIBER - py/class-polliution/shared-class-pollution-functions: 1 flows detected. (logger.py:40)
2025-05-19 15:41:06,060 - Result - INFO - FIBER - py/class-polliution/leaf-class-pollution-functions: 1 flows detected. (logger.py:40)
2025-05-19 15:41:41,376 - Result - INFO - azure-quantum-python - py/class-polliution/set-attr-get-attr: 11 flows detected. (logger.py:40)
2025-05-19 15:41:41,376 - Result - INFO - azure-quantum-python - py/class-polliution/shared-class-pollution-functions: 1 flows detected. (logger.py:40)
2025-05-19 15:41:41,376 - Result - INFO - azure-quantum-python - py/class-polliution/leaf-class-pollution-functions: 7 flows detected. (logger.py:40)
2025-05-19 15:41:43,525 - Result - INFO - esdc-ce - py/class-polliution/set-attr-get-attr: 3 flows detected. (logger.py:40)
2025-05-19 15:41:43,525 - Result - INFO - esdc-ce - py/class-polliution/shared-class-pollution-functions: 3 flows detected. (logger.py:40)
2025-05-19 15:41:43,525 - Result - INFO - esdc-ce - py/class-polliution/leaf-class-pollution-functions: 3 flows detected. (logger.py:40)
2025-05-19 15:42:05,934 - Result - INFO - sumatra - py/class-polliution/set-attr-get-attr: 1 flows detected. (logger.py:40)
2025-05-19 15:42:05,934 - Result - INFO - sumatra - py/class-polliution/shared-class-pollution-functions: 1 flows detected. (logger.py:40)
2025-05-19 15:42:05,935 - Result - INFO - sumatra - py/class-polliution/leaf-class-pollution-functions: 1 flows detected. (logger.py:40)
2025-05-19 15:42:10,217 - Result - INFO - EqBen - py/class-polliution/set-attr-get-attr: 1 flows detected. (logger.py:40)
2025-05-19 15:42:10,217 - Result - INFO - EqBen - py/class-polliution/shared-class-pollution-functions: 1 flows detected. (logger.py:40)
2025-05-19 15:42:10,217 - Result - INFO - EqBen - py/class-polliution/leaf-class-pollution-functions: 1 flows detected. (logger.py:40)
2025-05-19 15:42:10,390 - Result - INFO - python-api-core - py/class-polliution/set-both-get-both: 4 flows detected. (logger.py:40)
2025-05-19 15:42:10,390 - Result - INFO - python-api-core - py/class-polliution/set-attr-get-both: 1 flows detected. (logger.py:40)
2025-05-19 15:42:10,390 - Result - INFO - python-api-core - py/class-polliution/shared-class-pollution-functions: 1 flows detected. (logger.py:40)
2025-05-19 15:42:10,390 - Result - INFO - python-api-core - py/class-polliution/leaf-class-pollution-functions: 2 flows detected. (logger.py:40)
2025-05-19 15:42:34,562 - Result - INFO - Uni-Core - py/class-polliution/set-attr-get-attr: 2 flows detected. (logger.py:40)
2025-05-19 15:42:34,562 - Result - INFO - Uni-Core - py/class-polliution/shared-class-pollution-functions: 2 flows detected. (logger.py:40)
2025-05-19 15:42:34,562 - Result - INFO - Uni-Core - py/class-polliution/leaf-class-pollution-functions: 2 flows detected. (logger.py:40)
2025-05-19 15:42:46,883 - Result - INFO - motif - py/class-polliution/set-attr-get-attr: 3 flows detected. (logger.py:40)
2025-05-19 15:42:46,883 - Result - INFO - motif - py/class-polliution/shared-class-pollution-functions: 2 flows detected. (logger.py:40)
2025-05-19 15:42:46,883 - Result - INFO - motif - py/class-polliution/leaf-class-pollution-functions: 2 flows detected. (logger.py:40)
2025-05-19 15:43:00,551 - Result - INFO - idf - py/class-polliution/set-attr-get-attr: 1 flows detected. (logger.py:40)
2025-05-19 15:43:00,551 - Result - INFO - idf - py/class-polliution/shared-class-pollution-functions: 1 flows detected. (logger.py:40)
2025-05-19 15:43:00,551 - Result - INFO - idf - py/class-polliution/leaf-class-pollution-functions: 1 flows detected. (logger.py:40)
2025-05-19 15:43:19,990 - Result - INFO - GNFactor - py/class-polliution/set-attr-get-attr: 1 flows detected. (logger.py:40)
2025-05-19 15:43:19,990 - Result - INFO - GNFactor - py/class-polliution/shared-class-pollution-functions: 1 flows detected. (logger.py:40)
2025-05-19 15:43:19,990 - Result - INFO - GNFactor - py/class-polliution/leaf-class-pollution-functions: 1 flows detected. (logger.py:40)
2025-05-19 15:43:26,746 - Result - INFO - materials - py/class-polliution/set-attr-get-attr: 4 flows detected. (logger.py:40)
2025-05-19 15:43:26,746 - Result - INFO - materials - py/class-polliution/shared-class-pollution-functions: 4 flows detected. (logger.py:40)
2025-05-19 15:43:26,746 - Result - INFO - materials - py/class-polliution/leaf-class-pollution-functions: 4 flows detected. (logger.py:40)
2025-05-19 15:43:49,284 - Result - INFO - xtalker - py/class-polliution/set-attr-get-attr: 1 flows detected. (logger.py:40)
2025-05-19 15:43:49,284 - Result - INFO - xtalker - py/class-polliution/shared-class-pollution-functions: 1 flows detected. (logger.py:40)
2025-05-19 15:43:49,284 - Result - INFO - xtalker - py/class-polliution/leaf-class-pollution-functions: 1 flows detected. (logger.py:40)
2025-05-19 15:43:52,107 - Result - INFO - medSeg - py/class-polliution/set-item-get-both: 3 flows detected. (logger.py:40)
2025-05-19 15:43:52,107 - Result - INFO - medSeg - py/class-polliution/set-item-get-attr: 3 flows detected. (logger.py:40)
2025-05-19 15:43:52,107 - Result - INFO - medSeg - py/class-polliution/shared-class-pollution-functions: 1 flows detected. (logger.py:40)
2025-05-19 15:43:52,107 - Result - INFO - medSeg - py/class-polliution/leaf-class-pollution-functions: 1 flows detected. (logger.py:40)
2025-05-19 15:44:11,751 - Result - INFO - IDR - py/class-polliution/set-item-get-attr: 1 flows detected. (logger.py:40)
2025-05-19 15:44:11,751 - Result - INFO - IDR - py/class-polliution/shared-class-pollution-functions: 1 flows detected. (logger.py:40)
2025-05-19 15:44:11,751 - Result - INFO - IDR - py/class-polliution/leaf-class-pollution-functions: 1 flows detected. (logger.py:40)
2025-05-19 15:44:42,866 - Result - INFO - GANFingerprints - py/class-polliution/set-attr-get-attr: 8 flows detected. (logger.py:40)
2025-05-19 15:44:42,866 - Result - INFO - GANFingerprints - py/class-polliution/shared-class-pollution-functions: 3 flows detected. (logger.py:40)
2025-05-19 15:44:42,866 - Result - INFO - GANFingerprints - py/class-polliution/leaf-class-pollution-functions: 5 flows detected. (logger.py:40)
2025-05-19 15:45:08,841 - Result - INFO - hmp2g - py/class-polliution/set-attr-get-attr: 2 flows detected. (logger.py:40)
2025-05-19 15:45:08,841 - Result - INFO - hmp2g - py/class-polliution/shared-class-pollution-functions: 2 flows detected. (logger.py:40)
2025-05-19 15:45:08,841 - Result - INFO - hmp2g - py/class-polliution/leaf-class-pollution-functions: 2 flows detected. (logger.py:40)
2025-05-19 15:45:26,652 - Result - INFO - honeything - py/class-polliution/set-both-get-both: 2 flows detected. (logger.py:40)
2025-05-19 15:45:47,863 - Result - INFO - 2018-CCF-BDCI-ALIBABA-3Dpoint-cloud-segmentation - py/class-polliution/set-attr-get-attr: 1 flows detected. (logger.py:40)
2025-05-19 15:45:47,863 - Result - INFO - 2018-CCF-BDCI-ALIBABA-3Dpoint-cloud-segmentation - py/class-polliution/shared-class-pollution-functions: 1 flows detected. (logger.py:40)
2025-05-19 15:45:47,863 - Result - INFO - 2018-CCF-BDCI-ALIBABA-3Dpoint-cloud-segmentation - py/class-polliution/leaf-class-pollution-functions: 1 flows detected. (logger.py:40)
2025-05-19 15:46:02,679 - Result - INFO - smarthome - py/class-polliution/set-attr-get-attr: 3 flows detected. (logger.py:40)
2025-05-19 15:46:02,679 - Result - INFO - smarthome - py/class-polliution/shared-class-pollution-functions: 3 flows detected. (logger.py:40)
2025-05-19 15:46:02,679 - Result - INFO - smarthome - py/class-polliution/leaf-class-pollution-functions: 3 flows detected. (logger.py:40)
2025-05-19 15:46:11,504 - Result - INFO - uavSim - py/class-polliution/set-both-get-both: 4 flows detected. (logger.py:40)
2025-05-19 15:46:11,504 - Result - INFO - uavSim - py/class-polliution/shared-class-pollution-functions: 1 flows detected. (logger.py:40)
2025-05-19 15:46:11,504 - Result - INFO - uavSim - py/class-polliution/leaf-class-pollution-functions: 1 flows detected. (logger.py:40)
2025-05-19 15:46:35,223 - Result - INFO - CheXagent - py/class-polliution/set-attr-get-attr: 1 flows detected. (logger.py:40)
2025-05-19 15:46:35,223 - Result - INFO - CheXagent - py/class-polliution/shared-class-pollution-functions: 1 flows detected. (logger.py:40)
2025-05-19 15:46:35,223 - Result - INFO - CheXagent - py/class-polliution/leaf-class-pollution-functions: 1 flows detected. (logger.py:40)
2025-05-19 15:46:36,844 - Result - INFO - ModelBasedFootstepPlanning-IROS2024 - py/class-polliution/set-attr-get-attr: 4 flows detected. (logger.py:40)
2025-05-19 15:46:36,844 - Result - INFO - ModelBasedFootstepPlanning-IROS2024 - py/class-polliution/shared-class-pollution-functions: 4 flows detected. (logger.py:40)
2025-05-19 15:46:36,844 - Result - INFO - ModelBasedFootstepPlanning-IROS2024 - py/class-polliution/leaf-class-pollution-functions: 4 flows detected. (logger.py:40)
2025-05-19 15:47:16,562 - Result - INFO - MMTrustEval - py/class-polliution/set-attr-get-attr: 6 flows detected. (logger.py:40)
2025-05-19 15:47:16,562 - Result - INFO - MMTrustEval - py/class-polliution/shared-class-pollution-functions: 6 flows detected. (logger.py:40)
2025-05-19 15:47:16,562 - Result - INFO - MMTrustEval - py/class-polliution/leaf-class-pollution-functions: 6 flows detected. (logger.py:40)
2025-05-19 15:47:23,344 - Result - INFO - gist-alfred - py/class-polliution/set-attr-get-attr: 4 flows detected. (logger.py:40)
2025-05-19 15:47:23,344 - Result - INFO - gist-alfred - py/class-polliution/shared-class-pollution-functions: 1 flows detected. (logger.py:40)
2025-05-19 15:47:23,344 - Result - INFO - gist-alfred - py/class-polliution/leaf-class-pollution-functions: 1 flows detected. (logger.py:40)
2025-05-19 15:47:42,888 - Result - INFO - MobileFormer - py/class-polliution/set-attr-get-attr: 1 flows detected. (logger.py:40)
2025-05-19 15:47:42,888 - Result - INFO - MobileFormer - py/class-polliution/shared-class-pollution-functions: 1 flows detected. (logger.py:40)
2025-05-19 15:47:42,888 - Result - INFO - MobileFormer - py/class-polliution/leaf-class-pollution-functions: 1 flows detected. (logger.py:40)
2025-05-19 15:47:44,048 - Result - INFO - poketrainer - py/class-polliution/set-attr-get-attr: 3 flows detected. (logger.py:40)
2025-05-19 15:47:44,048 - Result - INFO - poketrainer - py/class-polliution/shared-class-pollution-functions: 1 flows detected. (logger.py:40)
2025-05-19 15:47:44,048 - Result - INFO - poketrainer - py/class-polliution/leaf-class-pollution-functions: 1 flows detected. (logger.py:40)
2025-05-19 15:48:07,611 - Result - INFO - DA-Transformer - py/class-polliution/set-attr-get-attr: 6 flows detected. (logger.py:40)
2025-05-19 15:48:07,611 - Result - INFO - DA-Transformer - py/class-polliution/shared-class-pollution-functions: 6 flows detected. (logger.py:40)
2025-05-19 15:48:07,611 - Result - INFO - DA-Transformer - py/class-polliution/leaf-class-pollution-functions: 6 flows detected. (logger.py:40)
2025-05-19 15:48:39,153 - Result - INFO - ianvs - py/class-polliution/set-attr-get-attr: 1 flows detected. (logger.py:40)
2025-05-19 15:48:39,153 - Result - INFO - ianvs - py/class-polliution/shared-class-pollution-functions: 1 flows detected. (logger.py:40)
2025-05-19 15:48:39,153 - Result - INFO - ianvs - py/class-polliution/leaf-class-pollution-functions: 1 flows detected. (logger.py:40)
2025-05-19 15:50:19,443 - Result - INFO - COCO-LM - py/class-polliution/set-attr-get-attr: 5 flows detected. (logger.py:40)
2025-05-19 15:50:19,443 - Result - INFO - COCO-LM - py/class-polliution/shared-class-pollution-functions: 5 flows detected. (logger.py:40)
2025-05-19 15:50:19,443 - Result - INFO - COCO-LM - py/class-polliution/leaf-class-pollution-functions: 5 flows detected. (logger.py:40)
2025-05-19 15:52:12,899 - Result - INFO - SA-ctf_scoreboard - py/class-polliution/set-attr-get-attr: 164 flows detected. (logger.py:40)
2025-05-19 15:52:12,899 - Result - INFO - SA-ctf_scoreboard - py/class-polliution/shared-class-pollution-functions: 3 flows detected. (logger.py:40)
2025-05-19 15:52:12,899 - Result - INFO - SA-ctf_scoreboard - py/class-polliution/leaf-class-pollution-functions: 44 flows detected. (logger.py:40)
2025-05-19 15:52:24,161 - Result - INFO - RealTimeSignLanguageDetectionwithTFJS - py/class-polliution/set-attr-get-attr: 5 flows detected. (logger.py:40)
2025-05-19 15:52:24,161 - Result - INFO - RealTimeSignLanguageDetectionwithTFJS - py/class-polliution/shared-class-pollution-functions: 1 flows detected. (logger.py:40)
2025-05-19 15:52:24,161 - Result - INFO - RealTimeSignLanguageDetectionwithTFJS - py/class-polliution/leaf-class-pollution-functions: 3 flows detected. (logger.py:40)
2025-05-19 15:53:02,587 - Result - INFO - edsnlp - py/class-polliution/set-both-get-both: 4 flows detected. (logger.py:40)
2025-05-19 15:53:02,587 - Result - INFO - edsnlp - py/class-polliution/shared-class-pollution-functions: 1 flows detected. (logger.py:40)
2025-05-19 15:53:02,587 - Result - INFO - edsnlp - py/class-polliution/leaf-class-pollution-functions: 1 flows detected. (logger.py:40)
2025-05-19 15:53:16,373 - Result - INFO - BPref - py/class-polliution/set-attr-get-attr: 1 flows detected. (logger.py:40)
2025-05-19 15:53:16,373 - Result - INFO - BPref - py/class-polliution/shared-class-pollution-functions: 1 flows detected. (logger.py:40)
2025-05-19 15:53:16,373 - Result - INFO - BPref - py/class-polliution/leaf-class-pollution-functions: 1 flows detected. (logger.py:40)
2025-05-19 15:53:45,007 - Result - INFO - M3AE - py/class-polliution/set-attr-get-attr: 1 flows detected. (logger.py:40)
2025-05-19 15:53:45,007 - Result - INFO - M3AE - py/class-polliution/shared-class-pollution-functions: 1 flows detected. (logger.py:40)
2025-05-19 15:53:45,007 - Result - INFO - M3AE - py/class-polliution/leaf-class-pollution-functions: 1 flows detected. (logger.py:40)
2025-05-19 15:54:05,951 - Result - INFO - dbgpts - py/class-polliution/set-item-get-both: 2 flows detected. (logger.py:40)
2025-05-19 15:54:05,951 - Result - INFO - dbgpts - py/class-polliution/set-item-get-attr: 2 flows detected. (logger.py:40)
2025-05-19 15:54:05,951 - Result - INFO - dbgpts - py/class-polliution/shared-class-pollution-functions: 2 flows detected. (logger.py:40)
2025-05-19 15:54:05,951 - Result - INFO - dbgpts - py/class-polliution/leaf-class-pollution-functions: 2 flows detected. (logger.py:40)
2025-05-19 15:54:36,090 - Result - INFO - KnowledgeCircuits - py/class-polliution/set-attr-get-attr: 3 flows detected. (logger.py:40)
2025-05-19 15:54:36,090 - Result - INFO - KnowledgeCircuits - py/class-polliution/shared-class-pollution-functions: 1 flows detected. (logger.py:40)
2025-05-19 15:54:36,090 - Result - INFO - KnowledgeCircuits - py/class-polliution/leaf-class-pollution-functions: 2 flows detected. (logger.py:40)
2025-05-19 15:55:20,383 - Result - INFO - simple-cnaps - py/class-polliution/set-both-get-both: 3 flows detected. (logger.py:40)
2025-05-19 15:55:20,383 - Result - INFO - simple-cnaps - py/class-polliution/shared-class-pollution-functions: 3 flows detected. (logger.py:40)
2025-05-19 15:55:20,383 - Result - INFO - simple-cnaps - py/class-polliution/leaf-class-pollution-functions: 3 flows detected. (logger.py:40)
2025-05-19 15:55:46,260 - Result - INFO - idasec - py/class-polliution/set-attr-get-attr: 7 flows detected. (logger.py:40)
2025-05-19 15:55:46,260 - Result - INFO - idasec - py/class-polliution/shared-class-pollution-functions: 1 flows detected. (logger.py:40)
2025-05-19 15:55:46,260 - Result - INFO - idasec - py/class-polliution/leaf-class-pollution-functions: 3 flows detected. (logger.py:40)
2025-05-19 15:56:25,082 - Result - INFO - CompositionalNets - py/class-polliution/set-attr-get-attr: 1 flows detected. (logger.py:40)
2025-05-19 15:56:25,082 - Result - INFO - CompositionalNets - py/class-polliution/shared-class-pollution-functions: 1 flows detected. (logger.py:40)
2025-05-19 15:56:25,082 - Result - INFO - CompositionalNets - py/class-polliution/leaf-class-pollution-functions: 1 flows detected. (logger.py:40)
2025-05-19 15:57:22,204 - Result - INFO - DesignSPHysics - py/class-polliution/set-attr-get-attr: 1 flows detected. (logger.py:40)
2025-05-19 15:57:22,204 - Result - INFO - DesignSPHysics - py/class-polliution/shared-class-pollution-functions: 1 flows detected. (logger.py:40)
2025-05-19 15:57:22,204 - Result - INFO - DesignSPHysics - py/class-polliution/leaf-class-pollution-functions: 1 flows detected. (logger.py:40)
2025-05-19 15:59:43,785 - Result - INFO - QUICK - py/class-polliution/set-attr-get-attr: 1 flows detected. (logger.py:40)
2025-05-19 15:59:43,785 - Result - INFO - QUICK - py/class-polliution/shared-class-pollution-functions: 1 flows detected. (logger.py:40)
2025-05-19 15:59:43,785 - Result - INFO - QUICK - py/class-polliution/leaf-class-pollution-functions: 1 flows detected. (logger.py:40)
2025-05-19 16:03:22,423 - Result - INFO - SSL_Anti-spoofing - py/class-polliution/set-attr-get-attr: 6 flows detected. (logger.py:40)
2025-05-19 16:03:22,423 - Result - INFO - SSL_Anti-spoofing - py/class-polliution/shared-class-pollution-functions: 6 flows detected. (logger.py:40)
2025-05-19 16:03:22,423 - Result - INFO - SSL_Anti-spoofing - py/class-polliution/leaf-class-pollution-functions: 6 flows detected. (logger.py:40)
2025-05-19 16:03:43,959 - Result - INFO - googlechat - py/class-polliution/set-attr-get-attr: 2 flows detected. (logger.py:40)
2025-05-19 16:03:43,959 - Result - INFO - googlechat - py/class-polliution/shared-class-pollution-functions: 2 flows detected. (logger.py:40)
2025-05-19 16:04:05,268 - Result - INFO - zugbruecke - py/class-polliution/set-both-get-both: 2 flows detected. (logger.py:40)
2025-05-19 16:04:05,268 - Result - INFO - zugbruecke - py/class-polliution/set-attr-get-attr: 4 flows detected. (logger.py:40)
2025-05-19 16:04:05,268 - Result - INFO - zugbruecke - py/class-polliution/shared-class-pollution-functions: 4 flows detected. (logger.py:40)
2025-05-19 16:04:05,268 - Result - INFO - zugbruecke - py/class-polliution/leaf-class-pollution-functions: 4 flows detected. (logger.py:40)
2025-05-19 16:05:10,959 - Result - INFO - Flipped-Learning - py/class-polliution/set-attr-get-attr: 1 flows detected. (logger.py:40)
2025-05-19 16:05:10,959 - Result - INFO - Flipped-Learning - py/class-polliution/shared-class-pollution-functions: 1 flows detected. (logger.py:40)
2025-05-19 16:05:10,959 - Result - INFO - Flipped-Learning - py/class-polliution/leaf-class-pollution-functions: 1 flows detected. (logger.py:40)
2025-05-19 16:05:36,573 - Result - INFO - bunnet - py/class-polliution/set-both-get-both: 10 flows detected. (logger.py:40)
2025-05-19 16:05:36,573 - Result - INFO - bunnet - py/class-polliution/shared-class-pollution-functions: 1 flows detected. (logger.py:40)
2025-05-19 16:05:36,573 - Result - INFO - bunnet - py/class-polliution/leaf-class-pollution-functions: 7 flows detected. (logger.py:40)
2025-05-19 16:07:42,118 - Result - INFO - DinkyTrain - py/class-polliution/set-attr-get-attr: 6 flows detected. (logger.py:40)
2025-05-19 16:07:42,118 - Result - INFO - DinkyTrain - py/class-polliution/shared-class-pollution-functions: 6 flows detected. (logger.py:40)
2025-05-19 16:07:42,118 - Result - INFO - DinkyTrain - py/class-polliution/leaf-class-pollution-functions: 6 flows detected. (logger.py:40)
2025-05-19 16:08:17,104 - Result - INFO - viet-asr - py/class-polliution/set-attr-get-attr: 3 flows detected. (logger.py:40)
2025-05-19 16:08:17,105 - Result - INFO - viet-asr - py/class-polliution/shared-class-pollution-functions: 1 flows detected. (logger.py:40)
2025-05-19 16:08:17,105 - Result - INFO - viet-asr - py/class-polliution/leaf-class-pollution-functions: 1 flows detected. (logger.py:40)
2025-05-19 16:09:24,324 - Result - INFO - rtclite - py/class-polliution/set-item-get-both: 3 flows detected. (logger.py:40)
2025-05-19 16:09:24,324 - Result - INFO - rtclite - py/class-polliution/set-item-get-attr: 3 flows detected. (logger.py:40)
2025-05-19 16:09:24,324 - Result - INFO - rtclite - py/class-polliution/shared-class-pollution-functions: 3 flows detected. (logger.py:40)
2025-05-19 16:09:24,324 - Result - INFO - rtclite - py/class-polliution/leaf-class-pollution-functions: 3 flows detected. (logger.py:40)
2025-05-19 16:09:42,363 - Result - INFO - chainer-compiler - py/class-polliution/set-attr-get-attr: 30 flows detected. (logger.py:40)
2025-05-19 16:09:42,363 - Result - INFO - chainer-compiler - py/class-polliution/shared-class-pollution-functions: 2 flows detected. (logger.py:40)
2025-05-19 16:09:42,363 - Result - INFO - chainer-compiler - py/class-polliution/leaf-class-pollution-functions: 7 flows detected. (logger.py:40)
2025-05-19 16:10:15,319 - Result - INFO - MUSE-Pytorch - py/class-polliution/set-attr-get-attr: 1 flows detected. (logger.py:40)
2025-05-19 16:10:15,319 - Result - INFO - MUSE-Pytorch - py/class-polliution/shared-class-pollution-functions: 1 flows detected. (logger.py:40)
2025-05-19 16:10:15,319 - Result - INFO - MUSE-Pytorch - py/class-polliution/leaf-class-pollution-functions: 1 flows detected. (logger.py:40)
2025-05-19 16:10:47,661 - Result - INFO - RobustVLM - py/class-polliution/set-attr-get-attr: 4 flows detected. (logger.py:40)
2025-05-19 16:10:47,661 - Result - INFO - RobustVLM - py/class-polliution/shared-class-pollution-functions: 4 flows detected. (logger.py:40)
2025-05-19 16:10:47,661 - Result - INFO - RobustVLM - py/class-polliution/leaf-class-pollution-functions: 4 flows detected. (logger.py:40)
2025-05-19 16:11:09,650 - Result - INFO - gensphere - py/class-polliution/set-both-get-both: 1 flows detected. (logger.py:40)
2025-05-19 16:11:09,650 - Result - INFO - gensphere - py/class-polliution/shared-class-pollution-functions: 1 flows detected. (logger.py:40)
2025-05-19 16:11:09,650 - Result - INFO - gensphere - py/class-polliution/leaf-class-pollution-functions: 1 flows detected. (logger.py:40)
2025-05-19 16:12:01,070 - Result - INFO - TableQAKit - py/class-polliution/set-attr-get-attr: 1 flows detected. (logger.py:40)
2025-05-19 16:12:01,070 - Result - INFO - TableQAKit - py/class-polliution/shared-class-pollution-functions: 1 flows detected. (logger.py:40)
2025-05-19 16:12:01,070 - Result - INFO - TableQAKit - py/class-polliution/leaf-class-pollution-functions: 1 flows detected. (logger.py:40)
2025-05-19 16:12:25,279 - Result - INFO - qllm-eval - py/class-polliution/set-attr-get-attr: 7 flows detected. (logger.py:40)
2025-05-19 16:12:25,280 - Result - INFO - qllm-eval - py/class-polliution/shared-class-pollution-functions: 1 flows detected. (logger.py:40)
2025-05-19 16:12:25,280 - Result - INFO - qllm-eval - py/class-polliution/leaf-class-pollution-functions: 3 flows detected. (logger.py:40)
2025-05-19 16:13:32,967 - Result - INFO - baram - py/class-polliution/set-item-get-both: 71 flows detected. (logger.py:40)
2025-05-19 16:13:32,968 - Result - INFO - baram - py/class-polliution/set-item-get-attr: 71 flows detected. (logger.py:40)
2025-05-19 16:13:32,968 - Result - INFO - baram - py/class-polliution/shared-class-pollution-functions: 1 flows detected. (logger.py:40)
2025-05-19 16:13:32,968 - Result - INFO - baram - py/class-polliution/leaf-class-pollution-functions: 2 flows detected. (logger.py:40)
2025-05-19 16:14:03,036 - Result - INFO - glad - py/class-polliution/set-attr-get-attr: 7 flows detected. (logger.py:40)
2025-05-19 16:14:03,036 - Result - INFO - glad - py/class-polliution/shared-class-pollution-functions: 7 flows detected. (logger.py:40)
2025-05-19 16:14:03,036 - Result - INFO - glad - py/class-polliution/leaf-class-pollution-functions: 7 flows detected. (logger.py:40)
2025-05-19 16:15:10,826 - Result - INFO - fairseq-apollo - py/class-polliution/set-attr-get-attr: 5 flows detected. (logger.py:40)
2025-05-19 16:15:10,826 - Result - INFO - fairseq-apollo - py/class-polliution/shared-class-pollution-functions: 5 flows detected. (logger.py:40)
2025-05-19 16:15:10,826 - Result - INFO - fairseq-apollo - py/class-polliution/leaf-class-pollution-functions: 5 flows detected. (logger.py:40)
2025-05-19 16:15:47,589 - Result - INFO - genielibs - py/class-polliution/set-both-get-both: 10 flows detected. (logger.py:40)
2025-05-19 16:15:47,589 - Result - INFO - genielibs - py/class-polliution/set-item-get-both: 2 flows detected. (logger.py:40)
2025-05-19 16:15:47,589 - Result - INFO - genielibs - py/class-polliution/set-attr-get-both: 1 flows detected. (logger.py:40)
2025-05-19 16:15:47,589 - Result - INFO - genielibs - py/class-polliution/set-item-get-attr: 2 flows detected. (logger.py:40)
2025-05-19 16:15:47,589 - Result - INFO - genielibs - py/class-polliution/shared-class-pollution-functions: 5 flows detected. (logger.py:40)
2025-05-19 16:15:47,589 - Result - INFO - genielibs - py/class-polliution/leaf-class-pollution-functions: 5 flows detected. (logger.py:40)
2025-05-19 16:16:09,949 - Result - INFO - scrl - py/class-polliution/set-attr-get-attr: 2 flows detected. (logger.py:40)
2025-05-19 16:16:09,949 - Result - INFO - scrl - py/class-polliution/shared-class-pollution-functions: 2 flows detected. (logger.py:40)
2025-05-19 16:16:09,949 - Result - INFO - scrl - py/class-polliution/leaf-class-pollution-functions: 2 flows detected. (logger.py:40)
2025-05-19 16:16:27,684 - Result - INFO - Refiner_ViT - py/class-polliution/set-attr-get-attr: 1 flows detected. (logger.py:40)
2025-05-19 16:16:27,684 - Result - INFO - Refiner_ViT - py/class-polliution/shared-class-pollution-functions: 1 flows detected. (logger.py:40)
2025-05-19 16:16:27,684 - Result - INFO - Refiner_ViT - py/class-polliution/leaf-class-pollution-functions: 1 flows detected. (logger.py:40)
2025-05-19 16:16:38,976 - Result - INFO - iguana - py/class-polliution/set-attr-get-attr: 1 flows detected. (logger.py:40)
2025-05-19 16:16:38,976 - Result - INFO - iguana - py/class-polliution/shared-class-pollution-functions: 1 flows detected. (logger.py:40)
2025-05-19 16:16:38,976 - Result - INFO - iguana - py/class-polliution/leaf-class-pollution-functions: 1 flows detected. (logger.py:40)
2025-05-19 16:17:08,202 - Result - INFO - ttab - py/class-polliution/set-attr-get-attr: 1 flows detected. (logger.py:40)
2025-05-19 16:17:08,202 - Result - INFO - ttab - py/class-polliution/shared-class-pollution-functions: 1 flows detected. (logger.py:40)
2025-05-19 16:17:08,202 - Result - INFO - ttab - py/class-polliution/leaf-class-pollution-functions: 1 flows detected. (logger.py:40)
2025-05-19 16:17:31,284 - Result - INFO - MonoRUn - py/class-polliution/set-attr-get-attr: 5 flows detected. (logger.py:40)
2025-05-19 16:17:31,284 - Result - INFO - MonoRUn - py/class-polliution/shared-class-pollution-functions: 1 flows detected. (logger.py:40)
2025-05-19 16:17:31,284 - Result - INFO - MonoRUn - py/class-polliution/leaf-class-pollution-functions: 4 flows detected. (logger.py:40)
2025-05-19 16:17:56,059 - Result - INFO - FTCN - py/class-polliution/set-attr-get-attr: 1 flows detected. (logger.py:40)
2025-05-19 16:17:56,059 - Result - INFO - FTCN - py/class-polliution/shared-class-pollution-functions: 1 flows detected. (logger.py:40)
2025-05-19 16:17:56,059 - Result - INFO - FTCN - py/class-polliution/leaf-class-pollution-functions: 1 flows detected. (logger.py:40)
2025-05-19 16:18:21,398 - Result - INFO - Hacker101Coursework - py/class-polliution/set-attr-get-attr: 81 flows detected. (logger.py:40)
2025-05-19 16:18:21,398 - Result - INFO - Hacker101Coursework - py/class-polliution/shared-class-pollution-functions: 1 flows detected. (logger.py:40)
2025-05-19 16:18:21,398 - Result - INFO - Hacker101Coursework - py/class-polliution/leaf-class-pollution-functions: 24 flows detected. (logger.py:40)
2025-05-19 16:18:21,610 - Result - INFO - oss-arch-gym - py/class-polliution/set-attr-get-attr: 29 flows detected. (logger.py:40)
2025-05-19 16:18:21,610 - Result - INFO - oss-arch-gym - py/class-polliution/shared-class-pollution-functions: 1 flows detected. (logger.py:40)
2025-05-19 16:18:21,610 - Result - INFO - oss-arch-gym - py/class-polliution/leaf-class-pollution-functions: 11 flows detected. (logger.py:40)
2025-05-19 16:18:32,067 - Result - INFO - control-lora-v2 - py/class-polliution/set-attr-get-attr: 1 flows detected. (logger.py:40)
2025-05-19 16:18:32,067 - Result - INFO - control-lora-v2 - py/class-polliution/shared-class-pollution-functions: 1 flows detected. (logger.py:40)
2025-05-19 16:18:32,067 - Result - INFO - control-lora-v2 - py/class-polliution/leaf-class-pollution-functions: 1 flows detected. (logger.py:40)
2025-05-19 16:18:49,341 - Result - INFO - AliceLG - py/class-polliution/set-attr-get-attr: 2 flows detected. (logger.py:40)
2025-05-19 16:18:49,341 - Result - INFO - AliceLG - py/class-polliution/shared-class-pollution-functions: 1 flows detected. (logger.py:40)
2025-05-19 16:18:49,341 - Result - INFO - AliceLG - py/class-polliution/leaf-class-pollution-functions: 1 flows detected. (logger.py:40)
2025-05-19 16:19:12,901 - Result - INFO - cbtm - py/class-polliution/set-attr-get-attr: 2 flows detected. (logger.py:40)
2025-05-19 16:19:12,901 - Result - INFO - cbtm - py/class-polliution/shared-class-pollution-functions: 2 flows detected. (logger.py:40)
2025-05-19 16:19:12,901 - Result - INFO - cbtm - py/class-polliution/leaf-class-pollution-functions: 2 flows detected. (logger.py:40)
2025-05-19 16:19:22,203 - Result - INFO - GeoAware-SC - py/class-polliution/set-attr-get-attr: 1 flows detected. (logger.py:40)
2025-05-19 16:19:22,203 - Result - INFO - GeoAware-SC - py/class-polliution/shared-class-pollution-functions: 1 flows detected. (logger.py:40)
2025-05-19 16:19:22,203 - Result - INFO - GeoAware-SC - py/class-polliution/leaf-class-pollution-functions: 1 flows detected. (logger.py:40)
2025-05-19 16:19:56,859 - Result - INFO - MAF-YOLO - py/class-polliution/set-attr-get-attr: 1 flows detected. (logger.py:40)
2025-05-19 16:19:56,859 - Result - INFO - MAF-YOLO - py/class-polliution/shared-class-pollution-functions: 1 flows detected. (logger.py:40)
2025-05-19 16:19:56,859 - Result - INFO - MAF-YOLO - py/class-polliution/leaf-class-pollution-functions: 1 flows detected. (logger.py:40)
2025-05-19 16:19:59,404 - Result - INFO - CF-ViT - py/class-polliution/set-attr-get-attr: 1 flows detected. (logger.py:40)
2025-05-19 16:19:59,404 - Result - INFO - CF-ViT - py/class-polliution/shared-class-pollution-functions: 1 flows detected. (logger.py:40)
2025-05-19 16:19:59,404 - Result - INFO - CF-ViT - py/class-polliution/leaf-class-pollution-functions: 1 flows detected. (logger.py:40)
2025-05-19 16:20:20,195 - Result - INFO - knn-box - py/class-polliution/set-attr-get-attr: 5 flows detected. (logger.py:40)
2025-05-19 16:20:20,195 - Result - INFO - knn-box - py/class-polliution/shared-class-pollution-functions: 5 flows detected. (logger.py:40)
2025-05-19 16:20:20,195 - Result - INFO - knn-box - py/class-polliution/leaf-class-pollution-functions: 5 flows detected. (logger.py:40)
2025-05-19 16:20:43,739 - Result - INFO - Progressive_GANs - py/class-polliution/set-attr-get-attr: 2 flows detected. (logger.py:40)
2025-05-19 16:20:43,739 - Result - INFO - Progressive_GANs - py/class-polliution/shared-class-pollution-functions: 1 flows detected. (logger.py:40)
2025-05-19 16:20:43,739 - Result - INFO - Progressive_GANs - py/class-polliution/leaf-class-pollution-functions: 1 flows detected. (logger.py:40)
2025-05-19 16:20:58,944 - Result - INFO - ganga - py/class-polliution/set-attr-get-attr: 1 flows detected. (logger.py:40)
2025-05-19 16:20:58,944 - Result - INFO - ganga - py/class-polliution/shared-class-pollution-functions: 1 flows detected. (logger.py:40)
2025-05-19 16:20:58,944 - Result - INFO - ganga - py/class-polliution/leaf-class-pollution-functions: 1 flows detected. (logger.py:40)
2025-05-19 16:21:43,825 - Result - INFO - Library_Home_Builder - py/class-polliution/set-attr-get-both: 1 flows detected. (logger.py:40)
2025-05-19 16:21:43,825 - Result - INFO - Library_Home_Builder - py/class-polliution/shared-class-pollution-functions: 1 flows detected. (logger.py:40)
2025-05-19 16:21:43,825 - Result - INFO - Library_Home_Builder - py/class-polliution/leaf-class-pollution-functions: 1 flows detected. (logger.py:40)
2025-05-19 16:21:49,242 - Result - INFO - TextureMixer - py/class-polliution/set-attr-get-attr: 2 flows detected. (logger.py:40)
2025-05-19 16:21:49,242 - Result - INFO - TextureMixer - py/class-polliution/shared-class-pollution-functions: 1 flows detected. (logger.py:40)
2025-05-19 16:21:49,242 - Result - INFO - TextureMixer - py/class-polliution/leaf-class-pollution-functions: 1 flows detected. (logger.py:40)
2025-05-19 16:22:09,539 - Result - INFO - appmap-python - py/class-polliution/set-attr-get-attr: 4 flows detected. (logger.py:40)
2025-05-19 16:22:09,539 - Result - INFO - appmap-python - py/class-polliution/shared-class-pollution-functions: 1 flows detected. (logger.py:40)
2025-05-19 16:22:09,539 - Result - INFO - appmap-python - py/class-polliution/leaf-class-pollution-functions: 1 flows detected. (logger.py:40)
2025-05-19 16:22:32,662 - Result - INFO - GCFT - py/class-polliution/set-both-get-both: 1 flows detected. (logger.py:40)
2025-05-19 16:22:32,662 - Result - INFO - GCFT - py/class-polliution/shared-class-pollution-functions: 1 flows detected. (logger.py:40)
2025-05-19 16:22:32,662 - Result - INFO - GCFT - py/class-polliution/leaf-class-pollution-functions: 1 flows detected. (logger.py:40)
2025-05-19 16:23:18,026 - Result - INFO - Graphormer-GD - py/class-polliution/set-attr-get-attr: 6 flows detected. (logger.py:40)
2025-05-19 16:23:18,027 - Result - INFO - Graphormer-GD - py/class-polliution/shared-class-pollution-functions: 6 flows detected. (logger.py:40)
2025-05-19 16:23:18,027 - Result - INFO - Graphormer-GD - py/class-polliution/leaf-class-pollution-functions: 6 flows detected. (logger.py:40)
2025-05-19 16:23:37,851 - Result - INFO - MoE-Jetpack - py/class-polliution/set-attr-get-attr: 2 flows detected. (logger.py:40)
2025-05-19 16:23:37,852 - Result - INFO - MoE-Jetpack - py/class-polliution/shared-class-pollution-functions: 2 flows detected. (logger.py:40)
2025-05-19 16:23:37,852 - Result - INFO - MoE-Jetpack - py/class-polliution/leaf-class-pollution-functions: 2 flows detected. (logger.py:40)
2025-05-19 16:23:42,996 - Result - INFO - ComfyUI-CogVideoX-MZ - py/class-polliution/set-attr-get-attr: 1 flows detected. (logger.py:40)
2025-05-19 16:23:42,996 - Result - INFO - ComfyUI-CogVideoX-MZ - py/class-polliution/shared-class-pollution-functions: 1 flows detected. (logger.py:40)
2025-05-19 16:23:42,996 - Result - INFO - ComfyUI-CogVideoX-MZ - py/class-polliution/leaf-class-pollution-functions: 1 flows detected. (logger.py:40)
2025-05-19 16:24:03,670 - Result - INFO - ViNL - py/class-polliution/set-attr-get-attr: 1 flows detected. (logger.py:40)
2025-05-19 16:24:03,670 - Result - INFO - ViNL - py/class-polliution/shared-class-pollution-functions: 1 flows detected. (logger.py:40)
2025-05-19 16:24:03,670 - Result - INFO - ViNL - py/class-polliution/leaf-class-pollution-functions: 1 flows detected. (logger.py:40)
2025-05-19 16:24:13,289 - Result - INFO - hcipy - py/class-polliution/set-attr-get-attr: 1 flows detected. (logger.py:40)
2025-05-19 16:24:13,289 - Result - INFO - hcipy - py/class-polliution/shared-class-pollution-functions: 1 flows detected. (logger.py:40)
2025-05-19 16:24:13,289 - Result - INFO - hcipy - py/class-polliution/leaf-class-pollution-functions: 1 flows detected. (logger.py:40)
2025-05-19 16:24:32,633 - Result - INFO - UPop - py/class-polliution/set-attr-get-attr: 1 flows detected. (logger.py:40)
2025-05-19 16:24:32,633 - Result - INFO - UPop - py/class-polliution/shared-class-pollution-functions: 1 flows detected. (logger.py:40)
2025-05-19 16:24:32,634 - Result - INFO - UPop - py/class-polliution/leaf-class-pollution-functions: 1 flows detected. (logger.py:40)
2025-05-19 16:25:00,591 - Result - INFO - sd-webui-temporal - py/class-polliution/set-both-get-both: 4 flows detected. (logger.py:40)
2025-05-19 16:25:00,591 - Result - INFO - sd-webui-temporal - py/class-polliution/shared-class-pollution-functions: 1 flows detected. (logger.py:40)
2025-05-19 16:25:00,591 - Result - INFO - sd-webui-temporal - py/class-polliution/leaf-class-pollution-functions: 1 flows detected. (logger.py:40)
2025-05-19 16:25:11,651 - Result - INFO - colony - py/class-polliution/set-both-get-both: 3 flows detected. (logger.py:40)
2025-05-19 16:25:23,483 - Result - INFO - caliendo - py/class-polliution/set-both-get-both: 20 flows detected. (logger.py:40)
2025-05-19 16:25:23,483 - Result - INFO - caliendo - py/class-polliution/shared-class-pollution-functions: 1 flows detected. (logger.py:40)
2025-05-19 16:25:23,483 - Result - INFO - caliendo - py/class-polliution/leaf-class-pollution-functions: 1 flows detected. (logger.py:40)
2025-05-19 16:25:24,676 - Result - INFO - Wav2Keyword - py/class-polliution/set-attr-get-attr: 10 flows detected. (logger.py:40)
2025-05-19 16:25:24,676 - Result - INFO - Wav2Keyword - py/class-polliution/shared-class-pollution-functions: 10 flows detected. (logger.py:40)
2025-05-19 16:25:24,676 - Result - INFO - Wav2Keyword - py/class-polliution/leaf-class-pollution-functions: 10 flows detected. (logger.py:40)
2025-05-19 16:27:19,625 - Result - INFO - gap-text2sql - py/class-polliution/set-attr-get-attr: 1 flows detected. (logger.py:40)
2025-05-19 16:27:19,625 - Result - INFO - gap-text2sql - py/class-polliution/shared-class-pollution-functions: 1 flows detected. (logger.py:40)
2025-05-19 16:27:19,625 - Result - INFO - gap-text2sql - py/class-polliution/leaf-class-pollution-functions: 1 flows detected. (logger.py:40)
