2025-05-26 00:07:24,624 - CodeQLRunner - ERROR - Failed to build CodeQL database for predict-ds-privacy: NoPythonCodeFoundException: No Python code found in the repository. (logger.py:42)
2025-05-26 00:15:21,691 - CodeQLRunner - ERROR - Failed to build CodeQL database for simplepcalculator: NoPythonCodeFoundException: No Python code found in the repository. (logger.py:42)
2025-05-26 00:18:17,568 - CodeQLRunner - ERROR - Failed to build CodeQL database for neural-compressor-ext-lab-alibaba: NoPythonCodeFoundException: No Python code found in the repository. (logger.py:42)
2025-05-26 00:18:58,589 - CodeQLRunner - ERROR - Failed to build CodeQL database for morimotolab: NoPythonCodeFoundException: No Python code found in the repository. (logger.py:42)
2025-05-26 00:23:55,851 - CodeQLRunner - ERROR - Failed to build CodeQL database for testbugmaker: NoPythonCodeFoundException: No Python code found in the repository. (logger.py:42)
2025-05-26 00:24:33,657 - CodeQLRunner - ERROR - Failed to build CodeQL database for stupidrealbash: NoPythonCodeFoundException: No Python code found in the repository. (logger.py:42)
2025-05-26 00:29:30,367 - CodeQLRunner - ERROR - Failed to build CodeQL database for billingperperson: NoPythonCodeFoundException: No Python code found in the repository. (logger.py:42)
2025-05-26 00:29:43,773 - CodeQLRunner - ERROR - Failed to build CodeQL database for pyturbot: NoPythonCodeFoundException: No Python code found in the repository. (logger.py:42)
2025-05-26 00:35:24,066 - CodeQLRunner - ERROR - Failed to build CodeQL database for xiaoexample: NoPythonCodeFoundException: No Python code found in the repository. (logger.py:42)
2025-05-26 00:39:40,359 - CodeQLRunner - ERROR - Failed to build CodeQL database for therestofthefuckingowl: NoPythonCodeFoundException: No Python code found in the repository. (logger.py:42)
2025-05-26 00:42:37,593 - CodeQLRunner - ERROR - Failed to build CodeQL database for real-pypi-sbailard: NoPythonCodeFoundException: No Python code found in the repository. (logger.py:42)
2025-05-26 00:46:57,715 - CodeQLRunner - ERROR - Failed to build CodeQL database for talop: NoPythonCodeFoundException: No Python code found in the repository. (logger.py:42)
2025-05-26 00:50:51,819 - CodeQLRunner - ERROR - Failed to build CodeQL database for tapcoin: NoPythonCodeFoundException: No Python code found in the repository. (logger.py:42)
2025-05-26 00:52:57,687 - CodeQLRunner - ERROR - Failed to build CodeQL database for qmusicnew: NoPythonCodeFoundException: No Python code found in the repository. (logger.py:42)
2025-05-26 00:54:20,560 - CodeQLRunner - ERROR - Failed to build CodeQL database for xx-package: NoPythonCodeFoundException: No Python code found in the repository. (logger.py:42)
2025-05-26 00:54:45,873 - CodeQLRunner - ERROR - Failed to build CodeQL database for passwordlessapi: NoPythonCodeFoundException: No Python code found in the repository. (logger.py:42)
2025-05-26 00:55:58,206 - CodeQLRunner - ERROR - Failed to build CodeQL database for pawanpdf: NoPythonCodeFoundException: No Python code found in the repository. (logger.py:42)
2025-05-26 00:57:05,421 - CodeQLRunner - ERROR - Failed to build CodeQL database for two-snakes: NoPythonCodeFoundException: No Python code found in the repository. (logger.py:42)
2025-05-26 00:58:35,302 - CodeQLRunner - ERROR - Failed to build CodeQL database for profile-wrapper: NoPythonCodeFoundException: No Python code found in the repository. (logger.py:42)
2025-05-26 01:01:54,233 - CodeQLRunner - ERROR - Failed to build CodeQL database for swaroop-docanalysis: NoPythonCodeFoundException: No Python code found in the repository. (logger.py:42)
2025-05-26 01:13:01,182 - CodeQLRunner - ERROR - Failed to build CodeQL database for sysmet: NoPythonCodeFoundException: No Python code found in the repository. (logger.py:42)
2025-05-26 01:13:35,030 - CodeQLRunner - ERROR - Failed to build CodeQL database for oliseh-efris-tools: NoPythonCodeFoundException: No Python code found in the repository. (logger.py:42)
2025-05-26 01:15:15,279 - CodeQLRunner - ERROR - Failed to build CodeQL database for porter-depthai: NoPythonCodeFoundException: No Python code found in the repository. (logger.py:42)
2025-05-26 01:17:48,738 - CodeQLRunner - ERROR - Failed to build CodeQL database for pyrs-py: NoPythonCodeFoundException: No Python code found in the repository. (logger.py:42)
2025-05-26 01:19:22,469 - CodeQLRunner - ERROR - Failed to build CodeQL database for tew: NoPythonCodeFoundException: No Python code found in the repository. (logger.py:42)
2025-05-26 01:20:45,152 - CodeQLRunner - ERROR - Failed to build CodeQL database for palopdf: NoPythonCodeFoundException: No Python code found in the repository. (logger.py:42)
2025-05-26 01:25:32,060 - CodeQLRunner - ERROR - Failed to build CodeQL database for scheduler-oozie-runner-service: NoPythonCodeFoundException: No Python code found in the repository. (logger.py:42)
2025-05-26 01:25:33,803 - CodeQLRunner - ERROR - Query timed out for yamlist: /home/class-pollution/Desktop/python-class-pollution/codeql-query/class-pollution-all/class-pollution.qls (logger.py:42)
2025-05-26 01:25:36,006 - CodeQLRunner - ERROR - Failed to run query: /home/class-pollution/Desktop/python-class-pollution/codeql-query/class-pollution-all/class-pollution.qls (logger.py:42)
2025-05-26 01:28:41,922 - CodeQLRunner - ERROR - Failed to build CodeQL database for ravi-virani: NoPythonCodeFoundException: No Python code found in the repository. (logger.py:42)
2025-05-26 01:29:23,233 - CodeQLRunner - ERROR - Failed to build CodeQL database for wild-without-a-trace: NoPythonCodeFoundException: No Python code found in the repository. (logger.py:42)
2025-05-26 01:31:47,050 - CodeQLRunner - ERROR - Failed to build CodeQL database for tst-usaeed-v1: NoPythonCodeFoundException: No Python code found in the repository. (logger.py:42)
2025-05-26 01:37:31,049 - CodeQLRunner - ERROR - Failed to build CodeQL database for pglyco: NoPythonCodeFoundException: No Python code found in the repository. (logger.py:42)
2025-05-26 01:41:50,875 - CodeQLRunner - ERROR - Failed to build CodeQL database for testteaplatfrom: NoPythonCodeFoundException: No Python code found in the repository. (logger.py:42)
2025-05-26 01:45:05,296 - CodeQLRunner - ERROR - Failed to build CodeQL database for ew: NoPythonCodeFoundException: No Python code found in the repository. (logger.py:42)
2025-05-26 01:47:18,285 - CodeQLRunner - ERROR - Failed to build CodeQL database for python-instagrambusinessapi: NoPythonCodeFoundException: No Python code found in the repository. (logger.py:42)
2025-05-26 01:55:27,644 - CodeQLRunner - ERROR - Failed to build CodeQL database for nabla: NoPythonCodeFoundException: No Python code found in the repository. (logger.py:42)
2025-05-26 01:59:43,763 - CodeQLRunner - ERROR - Failed to build CodeQL database for whyprintll: NoPythonCodeFoundException: No Python code found in the repository. (logger.py:42)
2025-05-26 02:00:55,420 - CodeQLRunner - ERROR - Failed to build CodeQL database for pylloc: NoPythonCodeFoundException: No Python code found in the repository. (logger.py:42)
2025-05-26 02:08:31,356 - CodeQLRunner - ERROR - Failed to build CodeQL database for toascii: NoPythonCodeFoundException: No Python code found in the repository. (logger.py:42)
2025-05-26 02:10:54,029 - CodeQLRunner - ERROR - Failed to build CodeQL database for requirk: NoPythonCodeFoundException: No Python code found in the repository. (logger.py:42)
2025-05-26 02:12:49,655 - CodeQLRunner - ERROR - Failed to build CodeQL database for dxl-control: NoPythonCodeFoundException: No Python code found in the repository. (logger.py:42)
2025-05-26 02:15:17,959 - CodeQLRunner - ERROR - Failed to build CodeQL database for pyrailway: NoPythonCodeFoundException: No Python code found in the repository. (logger.py:42)
2025-05-26 02:16:12,972 - CodeQLRunner - ERROR - Failed to build CodeQL database for odoo11-addons-oca-l10n-russia: NoPythonCodeFoundException: No Python code found in the repository. (logger.py:42)
2025-05-26 02:16:18,169 - CodeQLRunner - ERROR - Failed to build CodeQL database for py-util-hunterb9101: NoPythonCodeFoundException: No Python code found in the repository. (logger.py:42)
2025-05-26 02:24:57,165 - CodeQLRunner - ERROR - Failed to build CodeQL database for poq: NoPythonCodeFoundException: No Python code found in the repository. (logger.py:42)
2025-05-26 02:30:44,418 - CodeQLRunner - ERROR - Failed to build CodeQL database for py-roadie: NoPythonCodeFoundException: No Python code found in the repository. (logger.py:42)
2025-05-26 02:31:53,798 - CodeQLRunner - ERROR - Failed to build CodeQL database for quix2airflow: NoPythonCodeFoundException: No Python code found in the repository. (logger.py:42)
2025-05-26 02:35:44,044 - CodeQLRunner - ERROR - Failed to build CodeQL database for pytmy: NoPythonCodeFoundException: No Python code found in the repository. (logger.py:42)
2025-05-26 02:35:45,903 - CodeQLRunner - ERROR - Failed to build CodeQL database for yeshzlib: NoPythonCodeFoundException: No Python code found in the repository. (logger.py:42)
2025-05-26 02:38:03,595 - CodeQLRunner - ERROR - Failed to build CodeQL database for py-vs-github-starter: NoPythonCodeFoundException: No Python code found in the repository. (logger.py:42)
2025-05-26 02:42:54,423 - CodeQLRunner - ERROR - Failed to build CodeQL database for xingkacky: NoPythonCodeFoundException: No Python code found in the repository. (logger.py:42)
2025-05-26 02:47:18,109 - CodeQLRunner - ERROR - Query timed out for pyroexalt: /home/class-pollution/Desktop/python-class-pollution/codeql-query/class-pollution-all/class-pollution.qls (logger.py:42)
2025-05-26 02:47:19,324 - CodeQLRunner - ERROR - Failed to run query: /home/class-pollution/Desktop/python-class-pollution/codeql-query/class-pollution-all/class-pollution.qls (logger.py:42)
2025-05-26 02:52:13,817 - CodeQLRunner - ERROR - Failed to build CodeQL database for qolfin: NoPythonCodeFoundException: No Python code found in the repository. (logger.py:42)
2025-05-26 02:55:47,711 - CodeQLRunner - ERROR - Failed to build CodeQL database for whttpcats: NoPythonCodeFoundException: No Python code found in the repository. (logger.py:42)
2025-05-26 02:58:07,607 - CodeQLRunner - ERROR - Failed to build CodeQL database for renat: NoPythonCodeFoundException: No Python code found in the repository. (logger.py:42)
2025-05-26 02:58:29,816 - CodeQLRunner - ERROR - Failed to build CodeQL database for ohg: NoPythonCodeFoundException: No Python code found in the repository. (logger.py:42)
2025-05-26 03:04:44,837 - CodeQLRunner - ERROR - Query timed out for torch-build-opt: /home/class-pollution/Desktop/python-class-pollution/codeql-query/class-pollution-all/class-pollution.qls (logger.py:42)
2025-05-26 03:04:47,030 - CodeQLRunner - ERROR - Failed to run query: /home/class-pollution/Desktop/python-class-pollution/codeql-query/class-pollution-all/class-pollution.qls (logger.py:42)
2025-05-26 03:12:34,811 - CodeQLRunner - ERROR - Failed to build CodeQL database for muffin-ml: NoPythonCodeFoundException: No Python code found in the repository. (logger.py:42)
2025-05-26 03:12:44,320 - CodeQLRunner - ERROR - Failed to build CodeQL database for seca: NoPythonCodeFoundException: No Python code found in the repository. (logger.py:42)
2025-05-26 03:26:01,979 - CodeQLRunner - ERROR - Failed to build CodeQL database for ppvaspy: NoPythonCodeFoundException: No Python code found in the repository. (logger.py:42)
2025-05-26 03:28:08,927 - CodeQLRunner - ERROR - Failed to build CodeQL database for weatheraus: NoPythonCodeFoundException: No Python code found in the repository. (logger.py:42)
2025-05-26 03:29:51,440 - CodeQLRunner - ERROR - Failed to build CodeQL database for mors-client: NoPythonCodeFoundException: No Python code found in the repository. (logger.py:42)
2025-05-26 03:33:02,893 - CodeQLRunner - ERROR - Failed to build CodeQL database for qumess: NoPythonCodeFoundException: No Python code found in the repository. (logger.py:42)
2025-05-26 03:34:42,698 - CodeQLRunner - ERROR - Failed to build CodeQL database for stenka-razin-my-project-2: NoPythonCodeFoundException: No Python code found in the repository. (logger.py:42)
2025-05-26 03:35:35,626 - CodeQLRunner - ERROR - Failed to build CodeQL database for practical-ai: NoPythonCodeFoundException: No Python code found in the repository. (logger.py:42)
2025-05-26 03:40:01,828 - CodeQLRunner - ERROR - Failed to build CodeQL database for polyaxon-trace: NoPythonCodeFoundException: No Python code found in the repository. (logger.py:42)
2025-05-26 03:44:29,292 - CodeQLRunner - ERROR - Failed to build CodeQL database for panda3d-subtitler: NoPythonCodeFoundException: No Python code found in the repository. (logger.py:42)
2025-05-26 03:46:19,544 - CodeQLRunner - ERROR - Failed to build CodeQL database for odoo12-addons-oca-wms: NoPythonCodeFoundException: No Python code found in the repository. (logger.py:42)
2025-05-26 03:48:52,779 - CodeQLRunner - ERROR - Failed to build CodeQL database for segment-xandr-export: NoPythonCodeFoundException: No Python code found in the repository. (logger.py:42)
2025-05-26 03:53:33,632 - CodeQLRunner - ERROR - Failed to build CodeQL database for sms-man-wrapper: NoPythonCodeFoundException: No Python code found in the repository. (logger.py:42)
2025-05-26 03:55:17,386 - CodeQLRunner - ERROR - Failed to build CodeQL database for neuralhub: NoPythonCodeFoundException: No Python code found in the repository. (logger.py:42)
2025-05-26 03:55:27,317 - CodeQLRunner - ERROR - Failed to build CodeQL database for alms: NoPythonCodeFoundException: No Python code found in the repository. (logger.py:42)
2025-05-26 03:55:40,520 - CodeQLRunner - ERROR - Failed to build CodeQL database for simplelayout-simiutest: NoPythonCodeFoundException: No Python code found in the repository. (logger.py:42)
2025-05-26 03:56:25,803 - CodeQLRunner - ERROR - Failed to build CodeQL database for riks-ds-utils: NoPythonCodeFoundException: No Python code found in the repository. (logger.py:42)
2025-05-26 04:23:42,960 - CodeQLRunner - ERROR - Failed to build CodeQL database for xflowapisourcebase: NoPythonCodeFoundException: No Python code found in the repository. (logger.py:42)
2025-05-26 04:23:51,713 - CodeQLRunner - ERROR - Failed to build CodeQL database for url-scheduler: NoPythonCodeFoundException: No Python code found in the repository. (logger.py:42)
2025-05-26 04:26:28,235 - CodeQLRunner - ERROR - Failed to build CodeQL database for pyfuse3-stubs: NoSupportedPythonCodeFound: No supported code found in the repository. (logger.py:42)
2025-05-26 04:27:09,340 - CodeQLRunner - ERROR - Failed to build CodeQL database for pracscode: NoPythonCodeFoundException: No Python code found in the repository. (logger.py:42)
2025-05-26 04:33:59,682 - CodeQLRunner - ERROR - Failed to build CodeQL database for mtgama-data-structure: NoPythonCodeFoundException: No Python code found in the repository. (logger.py:42)
2025-05-26 04:36:03,246 - CodeQLRunner - ERROR - Failed to build CodeQL database for pyotp-generator: NoPythonCodeFoundException: No Python code found in the repository. (logger.py:42)
2025-05-26 04:39:14,877 - CodeQLRunner - ERROR - Failed to build CodeQL database for aniportrait: NoPythonCodeFoundException: No Python code found in the repository. (logger.py:42)
2025-05-26 04:55:29,984 - CodeQLRunner - ERROR - Failed to build CodeQL database for sanye123: NoPythonCodeFoundException: No Python code found in the repository. (logger.py:42)
2025-05-26 04:59:22,340 - CodeQLRunner - ERROR - Failed to build CodeQL database for xmpp-ftn: NoPythonCodeFoundException: No Python code found in the repository. (logger.py:42)
2025-05-26 05:00:34,133 - CodeQLRunner - ERROR - Failed to build CodeQL database for sabina-package: NoPythonCodeFoundException: No Python code found in the repository. (logger.py:42)
2025-05-26 05:07:15,791 - CodeQLRunner - ERROR - Failed to build CodeQL database for uwifi: NoPythonCodeFoundException: No Python code found in the repository. (logger.py:42)
2025-05-26 05:07:57,085 - CodeQLRunner - ERROR - Failed to build CodeQL database for osram: NoPythonCodeFoundException: No Python code found in the repository. (logger.py:42)
2025-05-26 05:10:41,282 - CodeQLRunner - ERROR - Failed to build CodeQL database for quantum-win32: NoPythonCodeFoundException: No Python code found in the repository. (logger.py:42)
2025-05-26 05:13:20,546 - CodeQLRunner - ERROR - Failed to build CodeQL database for xiao0-0-2: NoPythonCodeFoundException: No Python code found in the repository. (logger.py:42)
2025-05-26 05:15:00,216 - CodeQLRunner - ERROR - Failed to build CodeQL database for requestssecurity: NoPythonCodeFoundException: No Python code found in the repository. (logger.py:42)
2025-05-26 05:19:56,306 - CodeQLRunner - ERROR - Failed to build CodeQL database for xontrib-apipenv: NoPythonCodeFoundException: No Python code found in the repository. (logger.py:42)
2025-05-26 05:25:35,668 - CodeQLRunner - ERROR - Failed to build CodeQL database for py-ds-serial: NoPythonCodeFoundException: No Python code found in the repository. (logger.py:42)
2025-05-26 05:33:29,306 - CodeQLRunner - ERROR - Failed to build CodeQL database for sky-remote: NoPythonCodeFoundException: No Python code found in the repository. (logger.py:42)
2025-05-26 05:42:35,706 - CodeQLRunner - ERROR - Failed to build CodeQL database for todolint: NoPythonCodeFoundException: No Python code found in the repository. (logger.py:42)
2025-05-26 05:45:24,817 - CodeQLRunner - ERROR - Failed to build CodeQL database for sai-taipingeric: NoPythonCodeFoundException: No Python code found in the repository. (logger.py:42)
2025-05-26 05:46:32,538 - CodeQLRunner - ERROR - Failed to build CodeQL database for web-scraper-utils: NoPythonCodeFoundException: No Python code found in the repository. (logger.py:42)
2025-05-26 05:48:40,620 - CodeQLRunner - ERROR - Failed to build CodeQL database for presto-summary: NoPythonCodeFoundException: No Python code found in the repository. (logger.py:42)
2025-05-26 05:56:52,373 - CodeQLRunner - ERROR - Failed to build CodeQL database for python-contdel-app: NoPythonCodeFoundException: No Python code found in the repository. (logger.py:42)
2025-05-26 05:58:36,863 - CodeQLRunner - ERROR - Failed to build CodeQL database for proxima: NoPythonCodeFoundException: No Python code found in the repository. (logger.py:42)
2025-05-26 05:59:20,126 - CodeQLRunner - ERROR - Failed to build CodeQL database for tai-method: NoPythonCodeFoundException: No Python code found in the repository. (logger.py:42)
2025-05-26 06:00:06,752 - CodeQLRunner - ERROR - Failed to build CodeQL database for vpicwrapper: NoPythonCodeFoundException: No Python code found in the repository. (logger.py:42)
2025-05-26 06:01:45,376 - CodeQLRunner - ERROR - Failed to build CodeQL database for zfpyutils: NoPythonCodeFoundException: No Python code found in the repository. (logger.py:42)
2025-05-26 06:07:56,615 - CodeQLRunner - ERROR - Failed to build CodeQL database for odoo13-addons-oca-vertical-hotel: NoPythonCodeFoundException: No Python code found in the repository. (logger.py:42)
2025-05-26 06:13:43,698 - CodeQLRunner - ERROR - Failed to build CodeQL database for rfpoperationstest1: NoPythonCodeFoundException: No Python code found in the repository. (logger.py:42)
2025-05-26 06:15:49,605 - CodeQLRunner - ERROR - Failed to build CodeQL database for spytrace: NoPythonCodeFoundException: No Python code found in the repository. (logger.py:42)
2025-05-26 06:20:10,342 - CodeQLRunner - ERROR - Failed to build CodeQL database for browser-ext: NoPythonCodeFoundException: No Python code found in the repository. (logger.py:42)
2025-05-26 06:27:31,814 - CodeQLRunner - ERROR - Failed to build CodeQL database for qriggy: NoPythonCodeFoundException: No Python code found in the repository. (logger.py:42)
2025-05-26 06:32:46,098 - CodeQLRunner - ERROR - Failed to build CodeQL database for receipt-generator1234: NoPythonCodeFoundException: No Python code found in the repository. (logger.py:42)
2025-05-26 06:48:51,174 - CodeQLRunner - ERROR - Failed to build CodeQL database for palletti: NoPythonCodeFoundException: No Python code found in the repository. (logger.py:42)
2025-05-26 06:50:20,861 - CodeQLRunner - ERROR - Failed to build CodeQL database for re-env: NoPythonCodeFoundException: No Python code found in the repository. (logger.py:42)
2025-05-26 06:56:50,873 - CodeQLRunner - ERROR - Failed to build CodeQL database for rk-p2: NoPythonCodeFoundException: No Python code found in the repository. (logger.py:42)
2025-05-26 07:01:28,823 - CodeQLRunner - ERROR - Failed to build CodeQL database for tml-mnajibi: NoPythonCodeFoundException: No Python code found in the repository. (logger.py:42)
2025-05-26 07:01:36,582 - CodeQLRunner - ERROR - Failed to build CodeQL database for vygeneric: NoPythonCodeFoundException: No Python code found in the repository. (logger.py:42)
2025-05-26 07:02:31,916 - CodeQLRunner - ERROR - Failed to build CodeQL database for soongsil-migyeong: NoPythonCodeFoundException: No Python code found in the repository. (logger.py:42)
2025-05-26 07:04:54,381 - CodeQLRunner - ERROR - Failed to build CodeQL database for oaline: NoPythonCodeFoundException: No Python code found in the repository. (logger.py:42)
2025-05-26 07:08:22,644 - CodeQLRunner - ERROR - Failed to build CodeQL database for tomato-rpc: NoPythonCodeFoundException: No Python code found in the repository. (logger.py:42)
2025-05-26 07:18:30,668 - CodeQLRunner - ERROR - Failed to build CodeQL database for bongpackage: NoPythonCodeFoundException: No Python code found in the repository. (logger.py:42)
2025-05-26 07:21:08,458 - CodeQLRunner - ERROR - Failed to build CodeQL database for shourya-package: NoPythonCodeFoundException: No Python code found in the repository. (logger.py:42)
2025-05-26 07:41:41,163 - CodeQLRunner - ERROR - Failed to build CodeQL database for smad-legi-passport-extraction: NoPythonCodeFoundException: No Python code found in the repository. (logger.py:42)
2025-05-26 07:43:36,371 - CodeQLRunner - ERROR - Failed to build CodeQL database for predict-ds-params: NoPythonCodeFoundException: No Python code found in the repository. (logger.py:42)
2025-05-26 07:48:35,509 - CodeQLRunner - ERROR - Failed to build CodeQL database for polyml: NoPythonCodeFoundException: No Python code found in the repository. (logger.py:42)
2025-05-26 07:57:28,404 - CodeQLRunner - ERROR - Failed to build CodeQL database for vctl: NoPythonCodeFoundException: No Python code found in the repository. (logger.py:42)
2025-05-26 08:07:38,429 - CodeQLRunner - ERROR - Failed to build CodeQL database for random-fact-generator: NoPythonCodeFoundException: No Python code found in the repository. (logger.py:42)
2025-05-26 08:07:48,790 - CodeQLRunner - ERROR - Failed to build CodeQL database for pydhnet: NoPythonCodeFoundException: No Python code found in the repository. (logger.py:42)
2025-05-26 08:09:34,490 - CodeQLRunner - ERROR - Failed to build CodeQL database for sanskrit-scraper: NoPythonCodeFoundException: No Python code found in the repository. (logger.py:42)
2025-05-26 08:35:02,745 - CodeQLRunner - ERROR - Failed to build CodeQL database for shared-storage-client: NoPythonCodeFoundException: No Python code found in the repository. (logger.py:42)
2025-05-26 08:35:20,552 - CodeQLRunner - ERROR - Failed to build CodeQL database for qrtransfer: NoPythonCodeFoundException: No Python code found in the repository. (logger.py:42)
2025-05-26 08:37:34,903 - CodeQLRunner - ERROR - Failed to build CodeQL database for burgess: NoPythonCodeFoundException: No Python code found in the repository. (logger.py:42)
2025-05-26 08:38:22,771 - CodeQLRunner - ERROR - Failed to build CodeQL database for yunohana: NoPythonCodeFoundException: No Python code found in the repository. (logger.py:42)
2025-05-26 08:38:52,806 - CodeQLRunner - ERROR - Failed to build CodeQL database for surftens: NoPythonCodeFoundException: No Python code found in the repository. (logger.py:42)
2025-05-26 08:53:49,643 - CodeQLRunner - ERROR - Failed to build CodeQL database for orq: NoPythonCodeFoundException: No Python code found in the repository. (logger.py:42)
2025-05-26 09:01:35,098 - CodeQLRunner - ERROR - Failed to build CodeQL database for pym-pkg-fry: NoPythonCodeFoundException: No Python code found in the repository. (logger.py:42)
2025-05-26 09:06:54,331 - CodeQLRunner - ERROR - Failed to build CodeQL database for periodictables: NoPythonCodeFoundException: No Python code found in the repository. (logger.py:42)
2025-05-26 09:13:03,871 - CodeQLRunner - ERROR - Failed to build CodeQL database for oneccl-cpu-devel: NoPythonCodeFoundException: No Python code found in the repository. (logger.py:42)
2025-05-26 09:20:10,012 - CodeQLRunner - ERROR - Failed to build CodeQL database for turbo-lance: NoPythonCodeFoundException: No Python code found in the repository. (logger.py:42)
2025-05-26 09:21:55,271 - CodeQLRunner - ERROR - Failed to build CodeQL database for nbits: NoPythonCodeFoundException: No Python code found in the repository. (logger.py:42)
2025-05-26 09:24:15,376 - CodeQLRunner - ERROR - Failed to build CodeQL database for phetverse: NoPythonCodeFoundException: No Python code found in the repository. (logger.py:42)
2025-05-26 09:26:46,785 - CodeQLRunner - ERROR - Failed to build CodeQL database for pakka: NoPythonCodeFoundException: No Python code found in the repository. (logger.py:42)
2025-05-26 09:29:23,048 - CodeQLRunner - ERROR - Failed to build CodeQL database for plutomanager: NoPythonCodeFoundException: No Python code found in the repository. (logger.py:42)
2025-05-26 09:34:23,695 - CodeQLRunner - ERROR - Failed to build CodeQL database for odoo11-addons-oca-oca-custom: NoPythonCodeFoundException: No Python code found in the repository. (logger.py:42)
2025-05-26 09:37:53,634 - CodeQLRunner - ERROR - Failed to build CodeQL database for sabiranjedvabroja: NoPythonCodeFoundException: No Python code found in the repository. (logger.py:42)
2025-05-26 09:38:05,460 - CodeQLRunner - ERROR - Failed to build CodeQL database for yogesh: NoPythonCodeFoundException: No Python code found in the repository. (logger.py:42)
2025-05-26 09:39:42,642 - CodeQLRunner - ERROR - Failed to build CodeQL database for peg-py: NoPythonCodeFoundException: No Python code found in the repository. (logger.py:42)
2025-05-26 09:45:32,501 - CodeQLRunner - ERROR - Failed to build CodeQL database for scptool: NoPythonCodeFoundException: No Python code found in the repository. (logger.py:42)
2025-05-26 09:45:41,987 - CodeQLRunner - ERROR - Failed to build CodeQL database for professor-components: NoPythonCodeFoundException: No Python code found in the repository. (logger.py:42)
2025-05-26 09:51:43,773 - CodeQLRunner - ERROR - Failed to build CodeQL database for lease: NoPythonCodeFoundException: No Python code found in the repository. (logger.py:42)
2025-05-26 09:53:07,730 - CodeQLRunner - ERROR - Failed to build CodeQL database for question3: NoPythonCodeFoundException: No Python code found in the repository. (logger.py:42)
2025-05-26 09:57:32,412 - CodeQLRunner - ERROR - Failed to build CodeQL database for patient1: NoPythonCodeFoundException: No Python code found in the repository. (logger.py:42)
2025-05-26 10:00:05,546 - CodeQLRunner - ERROR - Failed to build CodeQL database for pd-basic-utils: NoPythonCodeFoundException: No Python code found in the repository. (logger.py:42)
2025-05-26 10:01:36,516 - CodeQLRunner - ERROR - Failed to build CodeQL database for vnk: NoPythonCodeFoundException: No Python code found in the repository. (logger.py:42)
2025-05-26 10:01:50,686 - CodeQLRunner - ERROR - Failed to build CodeQL database for onecommon4all: NoPythonCodeFoundException: No Python code found in the repository. (logger.py:42)
2025-05-26 10:05:00,896 - CodeQLRunner - ERROR - Failed to build CodeQL database for pythonutilityfiles: NoPythonCodeFoundException: No Python code found in the repository. (logger.py:42)
2025-05-26 10:09:31,081 - CodeQLRunner - ERROR - Failed to build CodeQL database for nzj: NoPythonCodeFoundException: No Python code found in the repository. (logger.py:42)
2025-05-26 10:11:45,789 - CodeQLRunner - ERROR - Failed to build CodeQL database for pypicxj: NoPythonCodeFoundException: No Python code found in the repository. (logger.py:42)
2025-05-26 10:15:22,946 - CodeQLRunner - ERROR - Failed to build CodeQL database for zomato-scrape: NoPythonCodeFoundException: No Python code found in the repository. (logger.py:42)
2025-05-26 10:17:40,885 - CodeQLRunner - ERROR - Failed to build CodeQL database for pootielang: NoPythonCodeFoundException: No Python code found in the repository. (logger.py:42)
2025-05-26 10:24:24,276 - CodeQLRunner - ERROR - Failed to build CodeQL database for powersgd: NoPythonCodeFoundException: No Python code found in the repository. (logger.py:42)
2025-05-26 10:25:03,264 - CodeQLRunner - ERROR - Failed to build CodeQL database for py3status-fbox: NoPythonCodeFoundException: No Python code found in the repository. (logger.py:42)
2025-05-26 10:36:38,859 - CodeQLRunner - ERROR - Failed to build CodeQL database for t-bs-user-api: NoPythonCodeFoundException: No Python code found in the repository. (logger.py:42)
2025-05-26 10:38:39,496 - CodeQLRunner - ERROR - Failed to build CodeQL database for vmware-cloud-aws-provider: NoPythonCodeFoundException: No Python code found in the repository. (logger.py:42)
2025-05-26 10:38:55,115 - CodeQLRunner - ERROR - Failed to build CodeQL database for sample-test-package-from-reserver: NoPythonCodeFoundException: No Python code found in the repository. (logger.py:42)
2025-05-26 10:38:59,700 - CodeQLRunner - ERROR - Failed to build CodeQL database for t0wmadatasvc: NoPythonCodeFoundException: No Python code found in the repository. (logger.py:42)
2025-05-26 10:41:59,656 - CodeQLRunner - ERROR - Failed to build CodeQL database for sem6-task3-2-blackpython: NoPythonCodeFoundException: No Python code found in the repository. (logger.py:42)
2025-05-26 10:42:56,082 - CodeQLRunner - ERROR - Failed to build CodeQL database for pylivecoding: NoPythonCodeFoundException: No Python code found in the repository. (logger.py:42)
2025-05-26 10:44:08,523 - CodeQLRunner - ERROR - Failed to build CodeQL database for llt-mypackage: NoPythonCodeFoundException: No Python code found in the repository. (logger.py:42)
2025-05-26 10:44:18,422 - CodeQLRunner - ERROR - Failed to build CodeQL database for concerns: NoPythonCodeFoundException: No Python code found in the repository. (logger.py:42)
2025-05-26 11:03:26,263 - CodeQLRunner - ERROR - Failed to build CodeQL database for prabir: NoPythonCodeFoundException: No Python code found in the repository. (logger.py:42)
2025-05-26 11:04:04,157 - CodeQLRunner - ERROR - Failed to build CodeQL database for bastion-host-poc: NoPythonCodeFoundException: No Python code found in the repository. (logger.py:42)
2025-05-26 11:04:55,263 - CodeQLRunner - ERROR - Failed to build CodeQL database for pypiexample: NoPythonCodeFoundException: No Python code found in the repository. (logger.py:42)
2025-05-26 11:07:24,808 - CodeQLRunner - ERROR - Failed to build CodeQL database for python-serverless-integration-tests: NoPythonCodeFoundException: No Python code found in the repository. (logger.py:42)
2025-05-26 11:22:52,985 - CodeQLRunner - ERROR - Failed to build CodeQL database for yuanshuangsimplepackage: NoPythonCodeFoundException: No Python code found in the repository. (logger.py:42)
2025-05-26 11:24:36,693 - CodeQLRunner - ERROR - Failed to build CodeQL database for renderbox: NoPythonCodeFoundException: No Python code found in the repository. (logger.py:42)
2025-05-26 11:33:19,409 - CodeQLRunner - ERROR - Failed to build CodeQL database for spr3z: NoPythonCodeFoundException: No Python code found in the repository. (logger.py:42)
2025-05-26 11:34:36,370 - CodeQLRunner - ERROR - Failed to build CodeQL database for xlate: NoPythonCodeFoundException: No Python code found in the repository. (logger.py:42)
2025-05-26 11:34:47,633 - CodeQLRunner - ERROR - Failed to build CodeQL database for omnihdr: NoPythonCodeFoundException: No Python code found in the repository. (logger.py:42)
2025-05-26 11:38:19,262 - CodeQLRunner - ERROR - Failed to build CodeQL database for temstapy: NoPythonCodeFoundException: No Python code found in the repository. (logger.py:42)
2025-05-26 11:42:43,940 - CodeQLRunner - ERROR - Failed to build CodeQL database for catspaws: NoPythonCodeFoundException: No Python code found in the repository. (logger.py:42)
2025-05-26 11:46:09,673 - CodeQLRunner - ERROR - Failed to build CodeQL database for ouahman-hello-world: NoPythonCodeFoundException: No Python code found in the repository. (logger.py:42)
2025-05-26 11:46:25,186 - CodeQLRunner - ERROR - Failed to build CodeQL database for spytial: NoPythonCodeFoundException: No Python code found in the repository. (logger.py:42)
2025-05-26 11:46:58,071 - CodeQLRunner - ERROR - Failed to build CodeQL database for simplelayout-yujiefeng20: NoPythonCodeFoundException: No Python code found in the repository. (logger.py:42)
2025-05-26 11:48:16,188 - CodeQLRunner - ERROR - Failed to build CodeQL database for safpdf: NoPythonCodeFoundException: No Python code found in the repository. (logger.py:42)
2025-05-26 11:57:43,704 - CodeQLRunner - ERROR - Failed to build CodeQL database for testairdroptea: NoPythonCodeFoundException: No Python code found in the repository. (logger.py:42)
2025-05-26 12:09:09,497 - CodeQLRunner - ERROR - Failed to build CodeQL database for srelu: NoPythonCodeFoundException: No Python code found in the repository. (logger.py:42)
2025-05-26 12:11:43,133 - CodeQLRunner - ERROR - Failed to build CodeQL database for rdimo: NoPythonCodeFoundException: No Python code found in the repository. (logger.py:42)
2025-05-26 12:13:16,127 - CodeQLRunner - ERROR - Failed to build CodeQL database for python-unittest-678: NoPythonCodeFoundException: No Python code found in the repository. (logger.py:42)
2025-05-26 12:15:00,630 - CodeQLRunner - ERROR - Failed to build CodeQL database for amboseli: NoPythonCodeFoundException: No Python code found in the repository. (logger.py:42)
2025-05-26 12:15:32,627 - CodeQLRunner - ERROR - Failed to build CodeQL database for pnow: NoPythonCodeFoundException: No Python code found in the repository. (logger.py:42)
2025-05-26 12:19:56,517 - CodeQLRunner - ERROR - Failed to build CodeQL database for subr: NoPythonCodeFoundException: No Python code found in the repository. (logger.py:42)
2025-05-26 12:20:25,091 - CodeQLRunner - ERROR - Failed to build CodeQL database for pytubescraper: NoPythonCodeFoundException: No Python code found in the repository. (logger.py:42)
2025-05-26 12:22:27,212 - CodeQLRunner - ERROR - Failed to build CodeQL database for practicalml: NoPythonCodeFoundException: No Python code found in the repository. (logger.py:42)
2025-05-26 12:24:32,374 - CodeQLRunner - ERROR - Failed to build CodeQL database for planetaryai: NoPythonCodeFoundException: No Python code found in the repository. (logger.py:42)
2025-05-26 12:30:45,977 - CodeQLRunner - ERROR - Failed to build CodeQL database for pymatchlib: NoPythonCodeFoundException: No Python code found in the repository. (logger.py:42)
2025-05-26 12:30:56,593 - CodeQLRunner - ERROR - Failed to build CodeQL database for simhunter: NoPythonCodeFoundException: No Python code found in the repository. (logger.py:42)
2025-05-26 12:32:13,067 - CodeQLRunner - ERROR - Failed to build CodeQL database for ourlibrary: NoPythonCodeFoundException: No Python code found in the repository. (logger.py:42)
2025-05-26 12:32:35,755 - CodeQLRunner - ERROR - Failed to build CodeQL database for pyeobf: NoPythonCodeFoundException: No Python code found in the repository. (logger.py:42)
2025-05-26 12:34:06,423 - CodeQLRunner - ERROR - Failed to build CodeQL database for mlbatch: NoPythonCodeFoundException: No Python code found in the repository. (logger.py:42)
2025-05-26 12:36:21,331 - CodeQLRunner - ERROR - Failed to build CodeQL database for yourspackages: NoPythonCodeFoundException: No Python code found in the repository. (logger.py:42)
2025-05-26 12:36:30,075 - CodeQLRunner - ERROR - Failed to build CodeQL database for odoo14-addons-oca-l10n-iran: NoPythonCodeFoundException: No Python code found in the repository. (logger.py:42)
2025-05-26 12:36:44,786 - CodeQLRunner - ERROR - Failed to build CodeQL database for nt-frwk: NoPythonCodeFoundException: No Python code found in the repository. (logger.py:42)
2025-05-26 12:37:38,959 - CodeQLRunner - ERROR - Failed to build CodeQL database for premade-hangman: NoPythonCodeFoundException: No Python code found in the repository. (logger.py:42)
2025-05-26 12:37:45,028 - CodeQLRunner - ERROR - Failed to build CodeQL database for randomplushmiku: NoPythonCodeFoundException: No Python code found in the repository. (logger.py:42)
2025-05-26 12:45:13,142 - CodeQLRunner - ERROR - Failed to build CodeQL database for mljmf: NoPythonCodeFoundException: No Python code found in the repository. (logger.py:42)
2025-05-26 12:47:20,382 - CodeQLRunner - ERROR - Failed to build CodeQL database for microservice-custom: NoPythonCodeFoundException: No Python code found in the repository. (logger.py:42)
2025-05-26 12:55:27,598 - CodeQLRunner - ERROR - Failed to build CodeQL database for quantumaiproject: NoPythonCodeFoundException: No Python code found in the repository. (logger.py:42)
2025-05-26 12:55:46,586 - CodeQLRunner - ERROR - Failed to build CodeQL database for ytdw: NoPythonCodeFoundException: No Python code found in the repository. (logger.py:42)
2025-05-26 12:57:46,668 - CodeQLRunner - ERROR - Failed to build CodeQL database for projetpyfadsey: NoPythonCodeFoundException: No Python code found in the repository. (logger.py:42)
2025-05-26 13:05:22,646 - CodeQLRunner - ERROR - Failed to build CodeQL database for minio-tool: NoPythonCodeFoundException: No Python code found in the repository. (logger.py:42)
2025-05-26 13:11:32,526 - CodeQLRunner - ERROR - Failed to build CodeQL database for datadog-win32-event-log: NoPythonCodeFoundException: No Python code found in the repository. (logger.py:42)
2025-05-26 13:13:20,125 - CodeQLRunner - ERROR - Query timed out for torch-build-optim: /home/class-pollution/Desktop/python-class-pollution/codeql-query/class-pollution-all/class-pollution.qls (logger.py:42)
2025-05-26 13:13:22,679 - CodeQLRunner - ERROR - Failed to run query: /home/class-pollution/Desktop/python-class-pollution/codeql-query/class-pollution-all/class-pollution.qls (logger.py:42)
2025-05-26 13:17:56,752 - CodeQLRunner - ERROR - Failed to build CodeQL database for tower-py: NoPythonCodeFoundException: No Python code found in the repository. (logger.py:42)
2025-05-26 13:19:45,750 - CodeQLRunner - ERROR - Failed to build CodeQL database for python-black-seminar-6-task1: NoPythonCodeFoundException: No Python code found in the repository. (logger.py:42)
2025-05-26 13:24:11,436 - CodeQLRunner - ERROR - Failed to build CodeQL database for yoki: NoPythonCodeFoundException: No Python code found in the repository. (logger.py:42)
2025-05-26 13:32:18,427 - CodeQLRunner - ERROR - Failed to build CodeQL database for autoeip: NoPythonCodeFoundException: No Python code found in the repository. (logger.py:42)
2025-05-26 13:33:25,605 - CodeQLRunner - ERROR - Failed to build CodeQL database for music-app-muhtedibulut: NoPythonCodeFoundException: No Python code found in the repository. (logger.py:42)
2025-05-26 13:34:46,894 - CodeQLRunner - ERROR - Failed to build CodeQL database for postgresql-fastquery: NoPythonCodeFoundException: No Python code found in the repository. (logger.py:42)
2025-05-26 13:35:48,439 - CodeQLRunner - ERROR - Failed to build CodeQL database for sosal231: NoPythonCodeFoundException: No Python code found in the repository. (logger.py:42)
2025-05-26 13:42:42,362 - CodeQLRunner - ERROR - Failed to build CodeQL database for psyche: NoPythonCodeFoundException: No Python code found in the repository. (logger.py:42)
2025-05-26 13:45:05,863 - CodeQLRunner - ERROR - Failed to build CodeQL database for odoo13-addons-oca-payroll: NoPythonCodeFoundException: No Python code found in the repository. (logger.py:42)
2025-05-26 13:47:17,476 - CodeQLRunner - ERROR - Failed to build CodeQL database for tempmail-lol-python: NoPythonCodeFoundException: No Python code found in the repository. (logger.py:42)
2025-05-26 13:49:31,392 - CodeQLRunner - ERROR - Failed to build CodeQL database for pygga: NoPythonCodeFoundException: No Python code found in the repository. (logger.py:42)
2025-05-26 14:00:14,895 - CodeQLRunner - ERROR - Failed to build CodeQL database for wechater: NoPythonCodeFoundException: No Python code found in the repository. (logger.py:42)
2025-05-26 14:01:27,100 - CodeQLRunner - ERROR - Failed to build CodeQL database for prodigy-utils: NoPythonCodeFoundException: No Python code found in the repository. (logger.py:42)
2025-05-26 14:02:54,314 - CodeQLRunner - ERROR - Failed to build CodeQL database for tetoncli: NoPythonCodeFoundException: No Python code found in the repository. (logger.py:42)
2025-05-26 14:08:33,992 - CodeQLRunner - ERROR - Failed to build CodeQL database for pysystelbot: NoPythonCodeFoundException: No Python code found in the repository. (logger.py:42)
2025-05-26 14:13:11,708 - CodeQLRunner - ERROR - Failed to build CodeQL database for paptcp: NoPythonCodeFoundException: No Python code found in the repository. (logger.py:42)
2025-05-26 14:15:03,600 - CodeQLRunner - ERROR - Failed to build CodeQL database for billgates: NoPythonCodeFoundException: No Python code found in the repository. (logger.py:42)
2025-05-26 14:24:30,937 - CodeQLRunner - ERROR - Failed to build CodeQL database for pierrealexandre: NoPythonCodeFoundException: No Python code found in the repository. (logger.py:42)
2025-05-26 14:25:07,787 - CodeQLRunner - ERROR - Failed to build CodeQL database for scfl: NoPythonCodeFoundException: No Python code found in the repository. (logger.py:42)
2025-05-26 14:28:47,230 - CodeQLRunner - ERROR - Failed to build CodeQL database for qud: NoPythonCodeFoundException: No Python code found in the repository. (logger.py:42)
2025-05-26 14:36:41,646 - CodeQLRunner - ERROR - Failed to build CodeQL database for pystation: NoPythonCodeFoundException: No Python code found in the repository. (logger.py:42)
2025-05-26 14:43:24,608 - CodeQLRunner - ERROR - Failed to build CodeQL database for proppy: NoPythonCodeFoundException: No Python code found in the repository. (logger.py:42)
2025-05-26 14:45:59,745 - CodeQLRunner - ERROR - Failed to build CodeQL database for trignometry: NoPythonCodeFoundException: No Python code found in the repository. (logger.py:42)
2025-05-26 14:48:26,215 - CodeQLRunner - ERROR - Failed to build CodeQL database for quantum-tv: NoPythonCodeFoundException: No Python code found in the repository. (logger.py:42)
2025-05-26 14:56:15,249 - CodeQLRunner - ERROR - Failed to build CodeQL database for pyvdl2: NoPythonCodeFoundException: No Python code found in the repository. (logger.py:42)
2025-05-26 14:59:40,728 - CodeQLRunner - ERROR - Failed to build CodeQL database for shale: NoPythonCodeFoundException: No Python code found in the repository. (logger.py:42)
2025-05-26 15:00:36,753 - CodeQLRunner - ERROR - Failed to build CodeQL database for sofa-framework-namejess: NoPythonCodeFoundException: No Python code found in the repository. (logger.py:42)
2025-05-26 15:01:00,330 - CodeQLRunner - ERROR - Failed to build CodeQL database for weather-map-query: NoPythonCodeFoundException: No Python code found in the repository. (logger.py:42)
2025-05-26 15:02:53,570 - CodeQLRunner - ERROR - Failed to build CodeQL database for rediscover: NoPythonCodeFoundException: No Python code found in the repository. (logger.py:42)
2025-05-26 15:05:35,709 - CodeQLRunner - ERROR - Query timed out for privex-neighgen: /home/class-pollution/Desktop/python-class-pollution/codeql-query/class-pollution-all/class-pollution.qls (logger.py:42)
2025-05-26 15:05:37,819 - CodeQLRunner - ERROR - Failed to run query: /home/class-pollution/Desktop/python-class-pollution/codeql-query/class-pollution-all/class-pollution.qls (logger.py:42)
2025-05-26 15:08:12,043 - CodeQLRunner - ERROR - Failed to build CodeQL database for ortools-examples: NoPythonCodeFoundException: No Python code found in the repository. (logger.py:42)
2025-05-26 15:13:50,488 - CodeQLRunner - ERROR - Failed to build CodeQL database for planewhu: NoPythonCodeFoundException: No Python code found in the repository. (logger.py:42)
2025-05-26 15:15:03,305 - CodeQLRunner - ERROR - Failed to build CodeQL database for boostrapapisdk: NoPythonCodeFoundException: No Python code found in the repository. (logger.py:42)
2025-05-26 15:15:03,582 - CodeQLRunner - ERROR - Failed to build CodeQL database for django-mortar: NoPythonCodeFoundException: No Python code found in the repository. (logger.py:42)
2025-05-26 15:15:36,272 - CodeQLRunner - ERROR - Failed to build CodeQL database for netget: NoPythonCodeFoundException: No Python code found in the repository. (logger.py:42)
2025-05-26 15:18:38,327 - CodeQLRunner - ERROR - Failed to build CodeQL database for presto-docker-testkit: NoPythonCodeFoundException: No Python code found in the repository. (logger.py:42)
2025-05-26 15:21:59,469 - CodeQLRunner - ERROR - Failed to build CodeQL database for wdvgt2: NoPythonCodeFoundException: No Python code found in the repository. (logger.py:42)
2025-05-26 15:26:15,326 - CodeQLRunner - ERROR - Failed to build CodeQL database for polyflow: NoPythonCodeFoundException: No Python code found in the repository. (logger.py:42)
2025-05-26 15:30:45,947 - CodeQLRunner - ERROR - Failed to build CodeQL database for candy-service-protobuf: NoPythonCodeFoundException: No Python code found in the repository. (logger.py:42)
2025-05-26 15:33:49,464 - CodeQLRunner - ERROR - Failed to build CodeQL database for smad-legi-full-evaluation: NoPythonCodeFoundException: No Python code found in the repository. (logger.py:42)
2025-05-26 15:33:57,541 - CodeQLRunner - ERROR - Failed to build CodeQL database for richfetch: NoPythonCodeFoundException: No Python code found in the repository. (logger.py:42)
2025-05-26 15:35:45,866 - CodeQLRunner - ERROR - Failed to build CodeQL database for sales-analyzer123: NoPythonCodeFoundException: No Python code found in the repository. (logger.py:42)
2025-05-26 15:35:56,394 - CodeQLRunner - ERROR - Failed to build CodeQL database for nacos-gevent-config: NoPythonCodeFoundException: No Python code found in the repository. (logger.py:42)
2025-05-26 15:38:22,711 - CodeQLRunner - ERROR - Failed to build CodeQL database for sue-ldp: NoPythonCodeFoundException: No Python code found in the repository. (logger.py:42)
2025-05-26 15:41:08,588 - CodeQLRunner - ERROR - Failed to build CodeQL database for unapid: NoPythonCodeFoundException: No Python code found in the repository. (logger.py:42)
2025-05-26 15:41:19,256 - CodeQLRunner - ERROR - Failed to build CodeQL database for parag-isprime: NoPythonCodeFoundException: No Python code found in the repository. (logger.py:42)
2025-05-26 15:43:23,942 - CodeQLRunner - ERROR - Failed to build CodeQL database for passwordlessdev: NoPythonCodeFoundException: No Python code found in the repository. (logger.py:42)
2025-05-26 15:48:48,498 - CodeQLRunner - ERROR - Failed to build CodeQL database for stars-omics: NoPythonCodeFoundException: No Python code found in the repository. (logger.py:42)
2025-05-26 15:53:20,164 - CodeQLRunner - ERROR - Failed to build CodeQL database for termuxlink: NoPythonCodeFoundException: No Python code found in the repository. (logger.py:42)
2025-05-26 15:56:53,948 - CodeQLRunner - ERROR - Failed to build CodeQL database for stable-ssl: NoPythonCodeFoundException: No Python code found in the repository. (logger.py:42)
2025-05-26 16:00:47,122 - CodeQLRunner - ERROR - Failed to build CodeQL database for stockdatafetcher: NoPythonCodeFoundException: No Python code found in the repository. (logger.py:42)
2025-05-26 16:02:02,769 - CodeQLRunner - ERROR - Failed to build CodeQL database for zhcode-cli: NoPythonCodeFoundException: No Python code found in the repository. (logger.py:42)
2025-05-26 16:05:16,591 - CodeQLRunner - ERROR - Failed to build CodeQL database for segscanner: NoPythonCodeFoundException: No Python code found in the repository. (logger.py:42)
2025-05-26 16:08:44,923 - CodeQLRunner - ERROR - Failed to build CodeQL database for smad-legi-preprocessor: NoPythonCodeFoundException: No Python code found in the repository. (logger.py:42)
2025-05-26 16:16:46,041 - CodeQLRunner - ERROR - Failed to build CodeQL database for pyprops: NoPythonCodeFoundException: No Python code found in the repository. (logger.py:42)
2025-05-26 16:20:17,301 - CodeQLRunner - ERROR - Failed to build CodeQL database for uranus: NoPythonCodeFoundException: No Python code found in the repository. (logger.py:42)
2025-05-26 16:22:40,233 - CodeQLRunner - ERROR - Failed to build CodeQL database for sleeb: NoPythonCodeFoundException: No Python code found in the repository. (logger.py:42)
2025-05-26 16:24:01,349 - CodeQLRunner - ERROR - Failed to build CodeQL database for whois14: NoPythonCodeFoundException: No Python code found in the repository. (logger.py:42)
2025-05-26 16:24:41,623 - CodeQLRunner - ERROR - Failed to build CodeQL database for sum-sb2-05054: NoPythonCodeFoundException: No Python code found in the repository. (logger.py:42)
2025-05-26 16:27:25,328 - CodeQLRunner - ERROR - Failed to build CodeQL database for pracscode3: NoPythonCodeFoundException: No Python code found in the repository. (logger.py:42)
2025-05-26 16:44:01,730 - CodeQLRunner - ERROR - Failed to build CodeQL database for pulledpork3-sublimerobot: NoPythonCodeFoundException: No Python code found in the repository. (logger.py:42)
2025-05-26 16:45:50,283 - CodeQLRunner - ERROR - Failed to build CodeQL database for bnpostagger: NoPythonCodeFoundException: No Python code found in the repository. (logger.py:42)
2025-05-26 16:50:56,334 - CodeQLRunner - ERROR - Failed to build CodeQL database for simple-mobile-packager: NoPythonCodeFoundException: No Python code found in the repository. (logger.py:42)
2025-05-26 16:53:43,560 - CodeQLRunner - ERROR - Failed to build CodeQL database for billing-package: NoPythonCodeFoundException: No Python code found in the repository. (logger.py:42)
2025-05-26 17:03:25,617 - CodeQLRunner - ERROR - Failed to build CodeQL database for segment-task-producer: NoPythonCodeFoundException: No Python code found in the repository. (logger.py:42)
2025-05-26 17:05:31,386 - CodeQLRunner - ERROR - Failed to build CodeQL database for simpleadd: NoPythonCodeFoundException: No Python code found in the repository. (logger.py:42)
2025-05-26 17:10:17,009 - CodeQLRunner - ERROR - Failed to build CodeQL database for business-bayesian-ab: NoPythonCodeFoundException: No Python code found in the repository. (logger.py:42)
2025-05-26 17:11:35,172 - CodeQLRunner - ERROR - Failed to build CodeQL database for proteomeclusteringtest: NoPythonCodeFoundException: No Python code found in the repository. (logger.py:42)
2025-05-26 17:13:36,552 - CodeQLRunner - ERROR - Failed to build CodeQL database for thoth-dispatcher: NoPythonCodeFoundException: No Python code found in the repository. (logger.py:42)
2025-05-26 17:14:46,257 - CodeQLRunner - ERROR - Failed to build CodeQL database for voysen: NoPythonCodeFoundException: No Python code found in the repository. (logger.py:42)
2025-05-26 17:19:15,047 - CodeQLRunner - ERROR - Failed to build CodeQL database for odoo13-addons-oca-l10n-usa: NoPythonCodeFoundException: No Python code found in the repository. (logger.py:42)
2025-05-26 17:22:13,955 - CodeQLRunner - ERROR - Failed to build CodeQL database for perestroika-ihak223: NoPythonCodeFoundException: No Python code found in the repository. (logger.py:42)
2025-05-26 17:30:21,055 - CodeQLRunner - ERROR - Failed to build CodeQL database for segment-assignment: NoPythonCodeFoundException: No Python code found in the repository. (logger.py:42)
2025-05-26 17:30:55,991 - CodeQLRunner - ERROR - Failed to build CodeQL database for open-github-usmakestwo: NoPythonCodeFoundException: No Python code found in the repository. (logger.py:42)
2025-05-26 17:37:25,566 - CodeQLRunner - ERROR - Failed to build CodeQL database for pystack-sdk: NoPythonCodeFoundException: No Python code found in the repository. (logger.py:42)
2025-05-26 17:38:10,647 - CodeQLRunner - ERROR - Failed to build CodeQL database for ta-mrmino-third-test: NoPythonCodeFoundException: No Python code found in the repository. (logger.py:42)
2025-05-26 17:52:33,700 - CodeQLRunner - ERROR - Failed to build CodeQL database for public-ip-finder: NoPythonCodeFoundException: No Python code found in the repository. (logger.py:42)
2025-05-26 17:53:46,184 - CodeQLRunner - ERROR - Failed to build CodeQL database for easyedit: NoPythonCodeFoundException: No Python code found in the repository. (logger.py:42)
2025-05-26 18:10:04,942 - CodeQLRunner - ERROR - Failed to build CodeQL database for saraconversations: NoPythonCodeFoundException: No Python code found in the repository. (logger.py:42)
2025-05-26 18:15:27,469 - CodeQLRunner - ERROR - Failed to build CodeQL database for pyloglibfromrandompeople: NoPythonCodeFoundException: No Python code found in the repository. (logger.py:42)
2025-05-26 18:18:11,478 - CodeQLRunner - ERROR - Failed to build CodeQL database for pcwvalidator: NoPythonCodeFoundException: No Python code found in the repository. (logger.py:42)
2025-05-26 18:18:22,018 - CodeQLRunner - ERROR - Failed to build CodeQL database for simplelayoutzzh: NoPythonCodeFoundException: No Python code found in the repository. (logger.py:42)
2025-05-26 18:20:42,610 - CodeQLRunner - ERROR - Failed to build CodeQL database for rpi-tcy: NoPythonCodeFoundException: No Python code found in the repository. (logger.py:42)
2025-05-26 18:22:40,665 - CodeQLRunner - ERROR - Failed to build CodeQL database for plinderpdoibio: NoPythonCodeFoundException: No Python code found in the repository. (logger.py:42)
2025-05-26 18:27:12,311 - CodeQLRunner - ERROR - Failed to build CodeQL database for odoo13-addons-oca-apps-store: NoPythonCodeFoundException: No Python code found in the repository. (logger.py:42)
2025-05-26 18:29:47,915 - CodeQLRunner - ERROR - Failed to build CodeQL database for nifpga-fast-fifo-recv: NoPythonCodeFoundException: No Python code found in the repository. (logger.py:42)
2025-05-26 18:30:53,244 - CodeQLRunner - ERROR - Failed to build CodeQL database for smartdebugger: NoPythonCodeFoundException: No Python code found in the repository. (logger.py:42)
2025-05-26 18:30:55,355 - CodeQLRunner - ERROR - Failed to build CodeQL database for youtube-playman: NoPythonCodeFoundException: No Python code found in the repository. (logger.py:42)
2025-05-26 18:35:29,401 - CodeQLRunner - ERROR - Failed to build CodeQL database for nonebot-plugin-lol-heroes: NoPythonCodeFoundException: No Python code found in the repository. (logger.py:42)
2025-05-26 18:36:38,270 - CodeQLRunner - ERROR - Failed to build CodeQL database for strategize: NoPythonCodeFoundException: No Python code found in the repository. (logger.py:42)
2025-05-26 18:40:01,723 - CodeQLRunner - ERROR - Failed to build CodeQL database for caveman-stats: NoPythonCodeFoundException: No Python code found in the repository. (logger.py:42)
2025-05-26 18:49:02,604 - CodeQLRunner - ERROR - Failed to build CodeQL database for mostest: NoPythonCodeFoundException: No Python code found in the repository. (logger.py:42)
2025-05-26 19:00:28,737 - CodeQLRunner - ERROR - Failed to build CodeQL database for schogini-systems-private-limited: NoPythonCodeFoundException: No Python code found in the repository. (logger.py:42)
2025-05-26 19:01:26,067 - CodeQLRunner - ERROR - Failed to build CodeQL database for netgard: NoPythonCodeFoundException: No Python code found in the repository. (logger.py:42)
2025-05-26 19:01:53,753 - CodeQLRunner - ERROR - Failed to build CodeQL database for taoufiq-pkg: NoPythonCodeFoundException: No Python code found in the repository. (logger.py:42)
2025-05-26 19:08:02,083 - CodeQLRunner - ERROR - Failed to build CodeQL database for xbktree: NoPythonCodeFoundException: No Python code found in the repository. (logger.py:42)
2025-05-26 19:11:10,222 - CodeQLRunner - ERROR - Failed to build CodeQL database for pyethe-anu: NoPythonCodeFoundException: No Python code found in the repository. (logger.py:42)
2025-05-26 19:13:08,117 - CodeQLRunner - ERROR - Failed to build CodeQL database for pip-pkg-demo: NoPythonCodeFoundException: No Python code found in the repository. (logger.py:42)
2025-05-26 19:13:32,550 - CodeQLRunner - ERROR - Failed to build CodeQL database for shannon-ca: NoPythonCodeFoundException: No Python code found in the repository. (logger.py:42)
2025-05-26 19:14:36,982 - CodeQLRunner - ERROR - Failed to build CodeQL database for pyflodotcom: NoPythonCodeFoundException: No Python code found in the repository. (logger.py:42)
2025-05-26 19:14:40,575 - CodeQLRunner - ERROR - Failed to build CodeQL database for verifycredit: NoPythonCodeFoundException: No Python code found in the repository. (logger.py:42)
2025-05-26 19:21:42,491 - CodeQLRunner - ERROR - Failed to build CodeQL database for xkcd-comics: NoPythonCodeFoundException: No Python code found in the repository. (logger.py:42)
2025-05-26 19:26:18,939 - CodeQLRunner - ERROR - Failed to build CodeQL database for shamspd: NoPythonCodeFoundException: No Python code found in the repository. (logger.py:42)
2025-05-26 19:31:50,992 - CodeQLRunner - ERROR - Failed to build CodeQL database for strava-api-clubplus: NoPythonCodeFoundException: No Python code found in the repository. (logger.py:42)
2025-05-26 19:32:45,516 - CodeQLRunner - ERROR - Failed to build CodeQL database for qcb: NoPythonCodeFoundException: No Python code found in the repository. (logger.py:42)
2025-05-26 19:37:38,416 - CodeQLRunner - ERROR - Failed to build CodeQL database for spamfilter-avcourt: NoPythonCodeFoundException: No Python code found in the repository. (logger.py:42)
2025-05-26 19:37:48,242 - CodeQLRunner - ERROR - Failed to build CodeQL database for xonshpiration: NoPythonCodeFoundException: No Python code found in the repository. (logger.py:42)
2025-05-26 19:48:09,263 - CodeQLRunner - ERROR - Failed to build CodeQL database for twitter-ner: NoPythonCodeFoundException: No Python code found in the repository. (logger.py:42)
2025-05-26 19:53:34,170 - CodeQLRunner - ERROR - Failed to build CodeQL database for unika-content-gen: NoPythonCodeFoundException: No Python code found in the repository. (logger.py:42)
2025-05-26 19:55:11,717 - CodeQLRunner - ERROR - Failed to build CodeQL database for sphinx-quant: NoPythonCodeFoundException: No Python code found in the repository. (logger.py:42)
2025-05-26 19:55:20,160 - CodeQLRunner - ERROR - Failed to build CodeQL database for shek: NoPythonCodeFoundException: No Python code found in the repository. (logger.py:42)
2025-05-26 19:55:29,934 - CodeQLRunner - ERROR - Failed to build CodeQL database for pymdoc: NoPythonCodeFoundException: No Python code found in the repository. (logger.py:42)
2025-05-26 20:04:23,237 - CodeQLRunner - ERROR - Failed to build CodeQL database for qug: NoPythonCodeFoundException: No Python code found in the repository. (logger.py:42)
2025-05-26 20:04:43,536 - CodeQLRunner - ERROR - Query timed out for rsxpy: /home/class-pollution/Desktop/python-class-pollution/codeql-query/class-pollution-all/class-pollution.qls (logger.py:42)
2025-05-26 20:04:45,306 - CodeQLRunner - ERROR - Failed to run query: /home/class-pollution/Desktop/python-class-pollution/codeql-query/class-pollution-all/class-pollution.qls (logger.py:42)
2025-05-26 20:09:07,913 - CodeQLRunner - ERROR - Failed to build CodeQL database for ceasiompy: NoPythonCodeFoundException: No Python code found in the repository. (logger.py:42)
2025-05-26 20:20:44,962 - CodeQLRunner - ERROR - Failed to build CodeQL database for odoo12-addons-oca-l10n-chile: NoPythonCodeFoundException: No Python code found in the repository. (logger.py:42)
2025-05-26 20:22:26,243 - CodeQLRunner - ERROR - Failed to build CodeQL database for qazwsxedcrfv: NoPythonCodeFoundException: No Python code found in the repository. (logger.py:42)
2025-05-26 20:24:40,734 - CodeQLRunner - ERROR - Failed to build CodeQL database for nonebot-pulgin-autoagree: NoPythonCodeFoundException: No Python code found in the repository. (logger.py:42)
2025-05-26 20:31:09,894 - CodeQLRunner - ERROR - Failed to build CodeQL database for odoo11-addons-oca-intrastat: NoPythonCodeFoundException: No Python code found in the repository. (logger.py:42)
2025-05-26 20:34:49,121 - CodeQLRunner - ERROR - Failed to build CodeQL database for skyframe: NoPythonCodeFoundException: No Python code found in the repository. (logger.py:42)
2025-05-26 20:36:13,699 - CodeQLRunner - ERROR - Failed to build CodeQL database for carprices: NoPythonCodeFoundException: No Python code found in the repository. (logger.py:42)
2025-05-26 20:36:20,966 - CodeQLRunner - ERROR - Failed to build CodeQL database for nrutility: NoPythonCodeFoundException: No Python code found in the repository. (logger.py:42)
2025-05-26 20:38:00,146 - CodeQLRunner - ERROR - Failed to build CodeQL database for queen-pkg: NoPythonCodeFoundException: No Python code found in the repository. (logger.py:42)
2025-05-26 20:39:36,707 - CodeQLRunner - ERROR - Failed to build CodeQL database for speechsim: NoPythonCodeFoundException: No Python code found in the repository. (logger.py:42)
2025-05-26 20:51:13,144 - CodeQLRunner - ERROR - Failed to build CodeQL database for smashing: NoPythonCodeFoundException: No Python code found in the repository. (logger.py:42)
2025-05-26 20:55:55,962 - CodeQLRunner - ERROR - Failed to build CodeQL database for xflowapisources: NoPythonCodeFoundException: No Python code found in the repository. (logger.py:42)
2025-05-26 20:57:38,594 - CodeQLRunner - ERROR - Failed to build CodeQL database for saman-django-receipts: NoPythonCodeFoundException: No Python code found in the repository. (logger.py:42)
2025-05-26 21:04:14,503 - CodeQLRunner - ERROR - Failed to build CodeQL database for roboflow-evaluations: NoPythonCodeFoundException: No Python code found in the repository. (logger.py:42)
2025-05-26 21:05:28,586 - CodeQLRunner - ERROR - Failed to build CodeQL database for vexaiml: NoPythonCodeFoundException: No Python code found in the repository. (logger.py:42)
2025-05-26 21:08:28,877 - CodeQLRunner - ERROR - Failed to build CodeQL database for syncboostnote: NoPythonCodeFoundException: No Python code found in the repository. (logger.py:42)
2025-05-26 21:12:59,120 - CodeQLRunner - ERROR - Failed to build CodeQL database for opencombatflow: NoPythonCodeFoundException: No Python code found in the repository. (logger.py:42)
2025-05-26 21:15:55,411 - CodeQLRunner - ERROR - Failed to build CodeQL database for omnisolver-test-tools: NoPythonCodeFoundException: No Python code found in the repository. (logger.py:42)
2025-05-26 21:28:09,950 - CodeQLRunner - ERROR - Failed to build CodeQL database for precognit: NoPythonCodeFoundException: No Python code found in the repository. (logger.py:42)
2025-05-26 21:28:18,593 - CodeQLRunner - ERROR - Failed to build CodeQL database for plutus: NoPythonCodeFoundException: No Python code found in the repository. (logger.py:42)
2025-05-26 21:30:25,813 - CodeQLRunner - ERROR - Failed to build CodeQL database for yu-messenger-client: NoPythonCodeFoundException: No Python code found in the repository. (logger.py:42)
2025-05-26 21:32:10,712 - CodeQLRunner - ERROR - Failed to build CodeQL database for proto-sync-setup: NoPythonCodeFoundException: No Python code found in the repository. (logger.py:42)
2025-05-26 21:32:19,899 - CodeQLRunner - ERROR - Failed to build CodeQL database for mrobot: NoPythonCodeFoundException: No Python code found in the repository. (logger.py:42)
2025-05-26 21:33:20,999 - CodeQLRunner - ERROR - Failed to build CodeQL database for telecaster: NoPythonCodeFoundException: No Python code found in the repository. (logger.py:42)
2025-05-26 21:33:23,592 - CodeQLRunner - ERROR - Failed to build CodeQL database for testteabugmaker: NoPythonCodeFoundException: No Python code found in the repository. (logger.py:42)
2025-05-26 21:33:28,521 - CodeQLRunner - ERROR - Failed to build CodeQL database for ppeloton-client: NoPythonCodeFoundException: No Python code found in the repository. (logger.py:42)
2025-05-26 21:36:53,360 - CodeQLRunner - ERROR - Failed to build CodeQL database for pracscode2: NoPythonCodeFoundException: No Python code found in the repository. (logger.py:42)
2025-05-26 21:37:00,289 - CodeQLRunner - ERROR - Failed to build CodeQL database for ccpy2: NoPythonCodeFoundException: No Python code found in the repository. (logger.py:42)
2025-05-26 21:37:08,539 - CodeQLRunner - ERROR - Failed to build CodeQL database for pyrmx: NoPythonCodeFoundException: No Python code found in the repository. (logger.py:42)
2025-05-26 21:41:49,417 - CodeQLRunner - ERROR - Failed to build CodeQL database for roboflow-computer-vision-evuation: NoPythonCodeFoundException: No Python code found in the repository. (logger.py:42)
2025-05-26 21:44:49,137 - CodeQLRunner - ERROR - Failed to build CodeQL database for sarenka: NoPythonCodeFoundException: No Python code found in the repository. (logger.py:42)
2025-05-26 21:48:44,919 - CodeQLRunner - ERROR - Failed to build CodeQL database for panospdf: NoPythonCodeFoundException: No Python code found in the repository. (logger.py:42)
2025-05-26 21:56:22,036 - CodeQLRunner - ERROR - Failed to build CodeQL database for runcode-python: NoPythonCodeFoundException: No Python code found in the repository. (logger.py:42)
2025-05-26 22:07:01,540 - CodeQLRunner - ERROR - Failed to build CodeQL database for sento: NoPythonCodeFoundException: No Python code found in the repository. (logger.py:42)
2025-05-26 22:09:43,504 - CodeQLRunner - ERROR - Failed to build CodeQL database for smad-legi-model-monitoring: NoPythonCodeFoundException: No Python code found in the repository. (logger.py:42)
2025-05-26 22:11:00,769 - CodeQLRunner - ERROR - Failed to build CodeQL database for ncs-simplifier: NoPythonCodeFoundException: No Python code found in the repository. (logger.py:42)
2025-05-26 22:15:12,818 - CodeQLRunner - ERROR - Failed to build CodeQL database for sainuu: NoPythonCodeFoundException: No Python code found in the repository. (logger.py:42)
2025-05-26 22:24:28,976 - CodeQLRunner - ERROR - Failed to build CodeQL database for randomitemselector: NoPythonCodeFoundException: No Python code found in the repository. (logger.py:42)
2025-05-26 22:25:18,220 - CodeQLRunner - ERROR - Failed to build CodeQL database for protectycrypto: NoPythonCodeFoundException: No Python code found in the repository. (logger.py:42)
2025-05-26 22:28:56,990 - CodeQLRunner - ERROR - Failed to build CodeQL database for odestimationpy: NoPythonCodeFoundException: No Python code found in the repository. (logger.py:42)
2025-05-26 22:29:04,429 - CodeQLRunner - ERROR - Failed to build CodeQL database for snowflaketools: NoPythonCodeFoundException: No Python code found in the repository. (logger.py:42)
2025-05-26 22:34:43,062 - CodeQLRunner - ERROR - Failed to build CodeQL database for ukochall: NoPythonCodeFoundException: No Python code found in the repository. (logger.py:42)
2025-05-26 22:34:53,122 - CodeQLRunner - ERROR - Failed to build CodeQL database for mindseed-npu: NoPythonCodeFoundException: No Python code found in the repository. (logger.py:42)
2025-05-26 22:34:53,940 - CodeQLRunner - ERROR - Failed to build CodeQL database for regex-generate-py: NoPythonCodeFoundException: No Python code found in the repository. (logger.py:42)
2025-05-26 22:39:27,447 - CodeQLRunner - ERROR - Failed to build CodeQL database for xeedchatbot: NoPythonCodeFoundException: No Python code found in the repository. (logger.py:42)
2025-05-26 22:39:39,946 - CodeQLRunner - ERROR - Failed to build CodeQL database for pydataman-cosmicdev: NoPythonCodeFoundException: No Python code found in the repository. (logger.py:42)
2025-05-26 22:45:45,530 - CodeQLRunner - ERROR - Failed to build CodeQL database for tsdistance: NoPythonCodeFoundException: No Python code found in the repository. (logger.py:42)
2025-05-26 22:45:55,031 - CodeQLRunner - ERROR - Failed to build CodeQL database for poyrazgtanima: NoPythonCodeFoundException: No Python code found in the repository. (logger.py:42)
2025-05-26 22:47:04,615 - CodeQLRunner - ERROR - Failed to build CodeQL database for myredditbot: NoPythonCodeFoundException: No Python code found in the repository. (logger.py:42)
2025-05-26 22:48:16,027 - CodeQLRunner - ERROR - Failed to build CodeQL database for cadre: NoPythonCodeFoundException: No Python code found in the repository. (logger.py:42)
2025-05-26 22:49:07,539 - CodeQLRunner - ERROR - Failed to build CodeQL database for sphinx-rtd-theme-meta-jinja2-dependency: NoPythonCodeFoundException: No Python code found in the repository. (logger.py:42)
2025-05-26 22:49:38,177 - CodeQLRunner - ERROR - Failed to build CodeQL database for spytter: NoPythonCodeFoundException: No Python code found in the repository. (logger.py:42)
2025-05-26 22:53:23,851 - CodeQLRunner - ERROR - Failed to build CodeQL database for loltui: NoPythonCodeFoundException: No Python code found in the repository. (logger.py:42)
2025-05-26 22:55:05,347 - CodeQLRunner - ERROR - Failed to build CodeQL database for satus: NoPythonCodeFoundException: No Python code found in the repository. (logger.py:42)
2025-05-26 22:58:34,994 - CodeQLRunner - ERROR - Failed to build CodeQL database for simple-diff: NoPythonCodeFoundException: No Python code found in the repository. (logger.py:42)
2025-05-26 22:59:52,799 - CodeQLRunner - ERROR - Failed to build CodeQL database for pysvg2pdf: NoPythonCodeFoundException: No Python code found in the repository. (logger.py:42)
2025-05-26 23:01:21,567 - CodeQLRunner - ERROR - Failed to build CodeQL database for rgb2grey: NoPythonCodeFoundException: No Python code found in the repository. (logger.py:42)
2025-05-26 23:02:01,404 - CodeQLRunner - ERROR - Failed to build CodeQL database for system-report: NoPythonCodeFoundException: No Python code found in the repository. (logger.py:42)
2025-05-26 23:12:27,338 - CodeQLRunner - ERROR - Failed to build CodeQL database for withtime: NoPythonCodeFoundException: No Python code found in the repository. (logger.py:42)
2025-05-26 23:14:51,984 - CodeQLRunner - ERROR - Failed to build CodeQL database for torch-biceps: NoPythonCodeFoundException: No Python code found in the repository. (logger.py:42)
2025-05-26 23:19:02,045 - CodeQLRunner - ERROR - Failed to build CodeQL database for web3m-analytics-tool: NoPythonCodeFoundException: No Python code found in the repository. (logger.py:42)
2025-05-26 23:31:20,580 - CodeQLRunner - ERROR - Failed to build CodeQL database for repo-synchronizer: NoPythonCodeFoundException: No Python code found in the repository. (logger.py:42)
2025-05-26 23:41:37,370 - CodeQLRunner - ERROR - Failed to build CodeQL database for wagtail-peregrine: NoPythonCodeFoundException: No Python code found in the repository. (logger.py:42)
2025-05-26 23:41:50,975 - CodeQLRunner - ERROR - Failed to build CodeQL database for string-transformer: NoPythonCodeFoundException: No Python code found in the repository. (logger.py:42)
2025-05-26 23:54:04,107 - CodeQLRunner - ERROR - Failed to build CodeQL database for my-tiny-package: NoPythonCodeFoundException: No Python code found in the repository. (logger.py:42)
2025-05-27 00:02:03,301 - CodeQLRunner - ERROR - Failed to build CodeQL database for ppscanner: NoPythonCodeFoundException: No Python code found in the repository. (logger.py:42)
2025-05-27 00:07:00,184 - CodeQLRunner - ERROR - Failed to build CodeQL database for tegentool: NoPythonCodeFoundException: No Python code found in the repository. (logger.py:42)
2025-05-27 00:15:05,740 - CodeQLRunner - ERROR - Failed to build CodeQL database for periodic-tables: NoPythonCodeFoundException: No Python code found in the repository. (logger.py:42)
2025-05-27 00:16:21,419 - CodeQLRunner - ERROR - Failed to build CodeQL database for orjson-enum-names: NoPythonCodeFoundException: No Python code found in the repository. (logger.py:42)
2025-05-27 00:26:18,714 - CodeQLRunner - ERROR - Failed to build CodeQL database for polypipe: NoPythonCodeFoundException: No Python code found in the repository. (logger.py:42)
2025-05-27 00:29:57,301 - CodeQLRunner - ERROR - Failed to build CodeQL database for web-application-vulnerability-scanner-x1: NoPythonCodeFoundException: No Python code found in the repository. (logger.py:42)
2025-05-27 00:31:33,896 - CodeQLRunner - ERROR - Failed to build CodeQL database for combo-bukmacherska: NoPythonCodeFoundException: No Python code found in the repository. (logger.py:42)
2025-05-27 00:32:41,100 - CodeQLRunner - ERROR - Failed to build CodeQL database for sonareg: NoPythonCodeFoundException: No Python code found in the repository. (logger.py:42)
2025-05-27 00:33:31,631 - CodeQLRunner - ERROR - Failed to build CodeQL database for preprocessdf-yapbarry: NoPythonCodeFoundException: No Python code found in the repository. (logger.py:42)
2025-05-27 00:37:22,080 - CodeQLRunner - ERROR - Failed to build CodeQL database for platform-be-template: NoPythonCodeFoundException: No Python code found in the repository. (logger.py:42)
2025-05-27 00:48:32,781 - CodeQLRunner - ERROR - Failed to build CodeQL database for remlaone: NoPythonCodeFoundException: No Python code found in the repository. (logger.py:42)
2025-05-27 00:52:41,297 - CodeQLRunner - ERROR - Failed to build CodeQL database for vijkan-package-twine: NoPythonCodeFoundException: No Python code found in the repository. (logger.py:42)
2025-05-27 00:57:43,206 - CodeQLRunner - ERROR - Failed to build CodeQL database for cc-locustio: NoPythonCodeFoundException: No Python code found in the repository. (logger.py:42)
2025-05-27 00:57:50,970 - CodeQLRunner - ERROR - Failed to build CodeQL database for tryalgorumour: NoPythonCodeFoundException: No Python code found in the repository. (logger.py:42)
2025-05-27 01:05:03,181 - CodeQLRunner - ERROR - Failed to build CodeQL database for pkg-cars: NoPythonCodeFoundException: No Python code found in the repository. (logger.py:42)
2025-05-27 01:18:32,427 - CodeQLRunner - ERROR - Failed to build CodeQL database for task1-semichkaa-uwu: NoPythonCodeFoundException: No Python code found in the repository. (logger.py:42)
2025-05-27 01:19:22,981 - CodeQLRunner - ERROR - Failed to build CodeQL database for pandemuerto: NoPythonCodeFoundException: No Python code found in the repository. (logger.py:42)
2025-05-27 01:26:27,611 - CodeQLRunner - ERROR - Failed to build CodeQL database for team-utils-server: NoPythonCodeFoundException: No Python code found in the repository. (logger.py:42)
2025-05-27 01:28:29,354 - CodeQLRunner - ERROR - Failed to build CodeQL database for catalogue-admin-bff: NoPythonCodeFoundException: No Python code found in the repository. (logger.py:42)
2025-05-27 01:30:38,530 - CodeQLRunner - ERROR - Failed to build CodeQL database for pymlmodels: NoPythonCodeFoundException: No Python code found in the repository. (logger.py:42)
2025-05-27 01:35:51,427 - CodeQLRunner - ERROR - Failed to build CodeQL database for opt2ai: NoPythonCodeFoundException: No Python code found in the repository. (logger.py:42)
2025-05-27 01:38:29,179 - CodeQLRunner - ERROR - Failed to build CodeQL database for tasun-function: NoPythonCodeFoundException: No Python code found in the repository. (logger.py:42)
2025-05-27 01:43:46,161 - CodeQLRunner - ERROR - Failed to build CodeQL database for odoo13-addons-oca-vertical-realestate: NoPythonCodeFoundException: No Python code found in the repository. (logger.py:42)
2025-05-27 01:44:19,944 - CodeQLRunner - ERROR - Failed to build CodeQL database for odoo12-addons-oca-storage: NoPythonCodeFoundException: No Python code found in the repository. (logger.py:42)
2025-05-27 01:50:34,016 - CodeQLRunner - ERROR - Failed to build CodeQL database for parel: NoPythonCodeFoundException: No Python code found in the repository. (logger.py:42)
2025-05-27 01:56:31,935 - CodeQLRunner - ERROR - Failed to build CodeQL database for vedic-math-lib: NoPythonCodeFoundException: No Python code found in the repository. (logger.py:42)
2025-05-27 02:02:42,349 - CodeQLRunner - ERROR - Failed to build CodeQL database for recipea: NoPythonCodeFoundException: No Python code found in the repository. (logger.py:42)
2025-05-27 02:05:48,506 - CodeQLRunner - ERROR - Failed to build CodeQL database for patternsense: NoPythonCodeFoundException: No Python code found in the repository. (logger.py:42)
2025-05-27 02:11:07,745 - CodeQLRunner - ERROR - Failed to build CodeQL database for projet-ci-python: NoPythonCodeFoundException: No Python code found in the repository. (logger.py:42)
2025-05-27 02:14:05,244 - CodeQLRunner - ERROR - Failed to build CodeQL database for rpa-parent: NoPythonCodeFoundException: No Python code found in the repository. (logger.py:42)
2025-05-27 02:14:25,490 - CodeQLRunner - ERROR - Failed to build CodeQL database for raijin: NoPythonCodeFoundException: No Python code found in the repository. (logger.py:42)
2025-05-27 02:21:20,421 - CodeQLRunner - ERROR - Failed to build CodeQL database for vanitas-py: NoPythonCodeFoundException: No Python code found in the repository. (logger.py:42)
2025-05-27 02:27:25,153 - CodeQLRunner - ERROR - Failed to build CodeQL database for sjtu: NoPythonCodeFoundException: No Python code found in the repository. (logger.py:42)
2025-05-27 02:30:02,944 - CodeQLRunner - ERROR - Failed to build CodeQL database for patent-gpt: NoPythonCodeFoundException: No Python code found in the repository. (logger.py:42)
2025-05-27 02:34:31,439 - CodeQLRunner - ERROR - Failed to build CodeQL database for perceptron-pyp-jeffrylarkins: NoPythonCodeFoundException: No Python code found in the repository. (logger.py:42)
2025-05-27 02:36:46,721 - CodeQLRunner - ERROR - Failed to build CodeQL database for pop-serbot: NoPythonCodeFoundException: No Python code found in the repository. (logger.py:42)
2025-05-27 02:38:01,778 - CodeQLRunner - ERROR - Failed to build CodeQL database for mmxsdk: NoPythonCodeFoundException: No Python code found in the repository. (logger.py:42)
2025-05-27 02:52:26,182 - CodeQLRunner - ERROR - Failed to build CodeQL database for ciphervault: NoPythonCodeFoundException: No Python code found in the repository. (logger.py:42)
2025-05-27 02:53:30,812 - CodeQLRunner - ERROR - Failed to build CodeQL database for soct: NoPythonCodeFoundException: No Python code found in the repository. (logger.py:42)
2025-05-27 03:00:54,891 - CodeQLRunner - ERROR - Failed to build CodeQL database for cpu-measure: NoPythonCodeFoundException: No Python code found in the repository. (logger.py:42)
2025-05-27 03:01:04,817 - CodeQLRunner - ERROR - Failed to build CodeQL database for nonebot-plugin-bilibili-notify: NoPythonCodeFoundException: No Python code found in the repository. (logger.py:42)
2025-05-27 03:03:29,107 - CodeQLRunner - ERROR - Failed to build CodeQL database for stenella-server: NoPythonCodeFoundException: No Python code found in the repository. (logger.py:42)
2025-05-27 03:06:32,636 - CodeQLRunner - ERROR - Failed to build CodeQL database for datadog-kafka: NoPythonCodeFoundException: No Python code found in the repository. (logger.py:42)
2025-05-27 03:09:11,855 - CodeQLRunner - ERROR - Failed to build CodeQL database for syncaudio: NoPythonCodeFoundException: No Python code found in the repository. (logger.py:42)
2025-05-27 03:35:30,449 - CodeQLRunner - ERROR - Failed to build CodeQL database for sketchit: NoPythonCodeFoundException: No Python code found in the repository. (logger.py:42)
2025-05-27 03:39:57,103 - CodeQLRunner - ERROR - Failed to build CodeQL database for pipprojectpkg: NoPythonCodeFoundException: No Python code found in the repository. (logger.py:42)
2025-05-27 03:44:38,918 - CodeQLRunner - ERROR - Failed to build CodeQL database for sales-report-213123123: NoPythonCodeFoundException: No Python code found in the repository. (logger.py:42)
2025-05-27 03:44:51,015 - CodeQLRunner - ERROR - Failed to build CodeQL database for pypgrep: NoPythonCodeFoundException: No Python code found in the repository. (logger.py:42)
2025-05-27 03:53:53,786 - CodeQLRunner - ERROR - Failed to build CodeQL database for task-2-cu-cw6: NoPythonCodeFoundException: No Python code found in the repository. (logger.py:42)
2025-05-27 03:59:42,615 - CodeQLRunner - ERROR - Failed to build CodeQL database for streamsights-ott-platform: NoPythonCodeFoundException: No Python code found in the repository. (logger.py:42)
2025-05-27 04:05:04,820 - CodeQLRunner - ERROR - Failed to build CodeQL database for shirobako: NoPythonCodeFoundException: No Python code found in the repository. (logger.py:42)
2025-05-27 04:08:25,211 - CodeQLRunner - ERROR - Failed to build CodeQL database for stripe3: NoPythonCodeFoundException: No Python code found in the repository. (logger.py:42)
2025-05-27 04:09:31,465 - CodeQLRunner - ERROR - Failed to build CodeQL database for pychaty: NoPythonCodeFoundException: No Python code found in the repository. (logger.py:42)
2025-05-27 04:16:44,280 - CodeQLRunner - ERROR - Failed to build CodeQL database for pydfo: NoPythonCodeFoundException: No Python code found in the repository. (logger.py:42)
2025-05-27 04:18:35,493 - CodeQLRunner - ERROR - Failed to build CodeQL database for pyogl: NoPythonCodeFoundException: No Python code found in the repository. (logger.py:42)
2025-05-27 04:21:48,035 - CodeQLRunner - ERROR - Failed to build CodeQL database for datadog-kafka-consumer: NoPythonCodeFoundException: No Python code found in the repository. (logger.py:42)
2025-05-27 04:22:56,784 - CodeQLRunner - ERROR - Failed to build CodeQL database for raw-sql-automigrate-test: NoPythonCodeFoundException: No Python code found in the repository. (logger.py:42)
2025-05-27 04:27:16,653 - CodeQLRunner - ERROR - Failed to build CodeQL database for scikit-infra: NoPythonCodeFoundException: No Python code found in the repository. (logger.py:42)
2025-05-27 04:29:03,699 - CodeQLRunner - ERROR - Failed to build CodeQL database for sarci: NoPythonCodeFoundException: No Python code found in the repository. (logger.py:42)
2025-05-27 04:32:47,174 - CodeQLRunner - ERROR - Failed to build CodeQL database for rainsense: NoPythonCodeFoundException: No Python code found in the repository. (logger.py:42)
2025-05-27 04:34:03,726 - CodeQLRunner - ERROR - Failed to build CodeQL database for my-python-package-agn: NoPythonCodeFoundException: No Python code found in the repository. (logger.py:42)
2025-05-27 04:34:06,408 - CodeQLRunner - ERROR - Failed to build CodeQL database for pybinlist: NoPythonCodeFoundException: No Python code found in the repository. (logger.py:42)
2025-05-27 04:34:16,241 - CodeQLRunner - ERROR - Failed to build CodeQL database for saasless: NoPythonCodeFoundException: No Python code found in the repository. (logger.py:42)
2025-05-27 04:34:21,191 - CodeQLRunner - ERROR - Failed to build CodeQL database for py-cloud-platform: NoPythonCodeFoundException: No Python code found in the repository. (logger.py:42)
2025-05-27 04:36:21,242 - CodeQLRunner - ERROR - Failed to build CodeQL database for datadog-traffic-server: NoPythonCodeFoundException: No Python code found in the repository. (logger.py:42)
2025-05-27 04:44:52,323 - CodeQLRunner - ERROR - Failed to build CodeQL database for yconpy: NoPythonCodeFoundException: No Python code found in the repository. (logger.py:42)
2025-05-27 04:59:35,929 - CodeQLRunner - ERROR - Failed to build CodeQL database for mlm-tools: NoPythonCodeFoundException: No Python code found in the repository. (logger.py:42)
2025-05-27 05:00:15,751 - CodeQLRunner - ERROR - Failed to build CodeQL database for roborobo-sandwich-test: NoPythonCodeFoundException: No Python code found in the repository. (logger.py:42)
2025-05-27 05:02:47,868 - CodeQLRunner - ERROR - Failed to build CodeQL database for staff-cli: NoPythonCodeFoundException: No Python code found in the repository. (logger.py:42)
2025-05-27 05:03:51,454 - CodeQLRunner - ERROR - Failed to build CodeQL database for pybotsentinel: NoPythonCodeFoundException: No Python code found in the repository. (logger.py:42)
2025-05-27 05:09:14,660 - CodeQLRunner - ERROR - Failed to build CodeQL database for pong-loading-bar: NoPythonCodeFoundException: No Python code found in the repository. (logger.py:42)
2025-05-27 05:16:34,355 - CodeQLRunner - ERROR - Failed to build CodeQL database for lazymux: NoPythonCodeFoundException: No Python code found in the repository. (logger.py:42)
2025-05-27 05:20:19,728 - CodeQLRunner - ERROR - Failed to build CodeQL database for reflax: NoPythonCodeFoundException: No Python code found in the repository. (logger.py:42)
2025-05-27 05:23:37,273 - CodeQLRunner - ERROR - Failed to build CodeQL database for promptflow-gui: NoPythonCodeFoundException: No Python code found in the repository. (logger.py:42)
2025-05-27 05:26:51,993 - CodeQLRunner - ERROR - Failed to build CodeQL database for belphygor: NoPythonCodeFoundException: No Python code found in the repository. (logger.py:42)
2025-05-27 05:28:12,853 - CodeQLRunner - ERROR - Failed to build CodeQL database for quantami: NoPythonCodeFoundException: No Python code found in the repository. (logger.py:42)
2025-05-27 05:32:48,887 - CodeQLRunner - ERROR - Failed to build CodeQL database for pymonstrosity: NoPythonCodeFoundException: No Python code found in the repository. (logger.py:42)
2025-05-27 05:34:47,462 - CodeQLRunner - ERROR - Failed to build CodeQL database for backslashcryptic: NoPythonCodeFoundException: No Python code found in the repository. (logger.py:42)
2025-05-27 05:45:10,111 - CodeQLRunner - ERROR - Failed to build CodeQL database for webcapture: NoPythonCodeFoundException: No Python code found in the repository. (logger.py:42)
2025-05-27 05:46:16,131 - CodeQLRunner - ERROR - Failed to build CodeQL database for recspy: NoPythonCodeFoundException: No Python code found in the repository. (logger.py:42)
2025-05-27 05:50:02,919 - CodeQLRunner - ERROR - Failed to build CodeQL database for vmware-nsx-policy: NoPythonCodeFoundException: No Python code found in the repository. (logger.py:42)
2025-05-27 05:52:51,682 - CodeQLRunner - ERROR - Failed to build CodeQL database for pyedge-toggle: NoPythonCodeFoundException: No Python code found in the repository. (logger.py:42)
2025-05-27 05:57:10,853 - CodeQLRunner - ERROR - Failed to build CodeQL database for shahgame: NoPythonCodeFoundException: No Python code found in the repository. (logger.py:42)
2025-05-27 05:58:57,527 - CodeQLRunner - ERROR - Failed to build CodeQL database for tck-number-checker: NoPythonCodeFoundException: No Python code found in the repository. (logger.py:42)
2025-05-27 05:59:32,482 - CodeQLRunner - ERROR - Failed to build CodeQL database for stapleclip: NoPythonCodeFoundException: No Python code found in the repository. (logger.py:42)
2025-05-27 06:07:22,784 - CodeQLRunner - ERROR - Failed to build CodeQL database for sam-pakage: NoPythonCodeFoundException: No Python code found in the repository. (logger.py:42)
2025-05-27 06:10:29,792 - CodeQLRunner - ERROR - Failed to build CodeQL database for pandp: NoPythonCodeFoundException: No Python code found in the repository. (logger.py:42)
2025-05-27 06:11:59,217 - CodeQLRunner - ERROR - Failed to build CodeQL database for datadog-consul: NoPythonCodeFoundException: No Python code found in the repository. (logger.py:42)
2025-05-27 06:12:07,040 - CodeQLRunner - ERROR - Failed to build CodeQL database for redouanpdf: NoPythonCodeFoundException: No Python code found in the repository. (logger.py:42)
2025-05-27 06:12:24,068 - CodeQLRunner - ERROR - Failed to build CodeQL database for octostorelb: NoPythonCodeFoundException: No Python code found in the repository. (logger.py:42)
2025-05-27 06:13:41,693 - CodeQLRunner - ERROR - Failed to build CodeQL database for datadog-cloud-foundry-api: NoPythonCodeFoundException: No Python code found in the repository. (logger.py:42)
2025-05-27 06:19:20,756 - CodeQLRunner - ERROR - Failed to build CodeQL database for uphold-python3: NoPythonCodeFoundException: No Python code found in the repository. (logger.py:42)
2025-05-27 06:27:30,796 - CodeQLRunner - ERROR - Failed to build CodeQL database for bluebird-airflow-schema-generator: NoPythonCodeFoundException: No Python code found in the repository. (logger.py:42)
2025-05-27 06:27:52,155 - CodeQLRunner - ERROR - Failed to build CodeQL database for pkgpy-aam-kedro0182: NoPythonCodeFoundException: No Python code found in the repository. (logger.py:42)
2025-05-27 06:27:59,825 - CodeQLRunner - ERROR - Failed to build CodeQL database for scryfall-wrapper: NoPythonCodeFoundException: No Python code found in the repository. (logger.py:42)
2025-05-27 06:30:28,366 - CodeQLRunner - ERROR - Failed to build CodeQL database for smad-legi-syndata: NoPythonCodeFoundException: No Python code found in the repository. (logger.py:42)
2025-05-27 06:30:29,365 - CodeQLRunner - ERROR - Failed to build CodeQL database for richpdf32: NoPythonCodeFoundException: No Python code found in the repository. (logger.py:42)
2025-05-27 06:35:02,470 - CodeQLRunner - ERROR - Failed to build CodeQL database for open-webrtc: NoPythonCodeFoundException: No Python code found in the repository. (logger.py:42)
2025-05-27 06:35:50,550 - CodeQLRunner - ERROR - Failed to build CodeQL database for weather-impact-middleware: NoPythonCodeFoundException: No Python code found in the repository. (logger.py:42)
2025-05-27 06:40:29,900 - CodeQLRunner - ERROR - Failed to build CodeQL database for simple-copula: NoPythonCodeFoundException: No Python code found in the repository. (logger.py:42)
2025-05-27 06:43:41,681 - CodeQLRunner - ERROR - Failed to build CodeQL database for tnsastandard: NoPythonCodeFoundException: No Python code found in the repository. (logger.py:42)
2025-05-27 06:44:48,671 - CodeQLRunner - ERROR - Failed to build CodeQL database for qx-ray: NoPythonCodeFoundException: No Python code found in the repository. (logger.py:42)
2025-05-27 06:52:43,236 - CodeQLRunner - ERROR - Failed to build CodeQL database for relaxnmr: NoPythonCodeFoundException: No Python code found in the repository. (logger.py:42)
2025-05-27 06:54:38,745 - CodeQLRunner - ERROR - Failed to build CodeQL database for sample-ais-geocoder: NoPythonCodeFoundException: No Python code found in the repository. (logger.py:42)
2025-05-27 06:58:11,668 - CodeQLRunner - ERROR - Failed to build CodeQL database for datadog-voltdb: NoPythonCodeFoundException: No Python code found in the repository. (logger.py:42)
2025-05-27 07:01:54,071 - CodeQLRunner - ERROR - Failed to build CodeQL database for safibase: NoPythonCodeFoundException: No Python code found in the repository. (logger.py:42)
2025-05-27 07:02:43,883 - CodeQLRunner - ERROR - Failed to build CodeQL database for datadog-vllm: NoPythonCodeFoundException: No Python code found in the repository. (logger.py:42)
2025-05-27 07:10:28,644 - CodeQLRunner - ERROR - Failed to build CodeQL database for cs253-demo-pip: NoPythonCodeFoundException: No Python code found in the repository. (logger.py:42)
2025-05-27 07:10:39,337 - CodeQLRunner - ERROR - Failed to build CodeQL database for omnia: NoPythonCodeFoundException: No Python code found in the repository. (logger.py:42)
2025-05-27 07:15:10,210 - CodeQLRunner - ERROR - Failed to build CodeQL database for sinalv2: NoPythonCodeFoundException: No Python code found in the repository. (logger.py:42)
2025-05-27 07:18:29,938 - CodeQLRunner - ERROR - Failed to build CodeQL database for retcon: NoPythonCodeFoundException: No Python code found in the repository. (logger.py:42)
2025-05-27 07:18:31,637 - CodeQLRunner - ERROR - Failed to build CodeQL database for pymeso: NoPythonCodeFoundException: No Python code found in the repository. (logger.py:42)
2025-05-27 07:20:58,159 - CodeQLRunner - ERROR - Failed to build CodeQL database for sentientone: NoPythonCodeFoundException: No Python code found in the repository. (logger.py:42)
2025-05-27 07:24:28,038 - CodeQLRunner - ERROR - Failed to build CodeQL database for windel: NoPythonCodeFoundException: No Python code found in the repository. (logger.py:42)
2025-05-27 07:25:39,212 - CodeQLRunner - ERROR - Failed to build CodeQL database for nebula-pro: NoPythonCodeFoundException: No Python code found in the repository. (logger.py:42)
2025-05-27 07:38:54,251 - CodeQLRunner - ERROR - Failed to build CodeQL database for projetpy-fadoun-seydou: NoPythonCodeFoundException: No Python code found in the repository. (logger.py:42)
2025-05-27 07:39:03,330 - CodeQLRunner - ERROR - Failed to build CodeQL database for naikpdf: NoPythonCodeFoundException: No Python code found in the repository. (logger.py:42)
2025-05-27 07:39:49,628 - CodeQLRunner - ERROR - Failed to build CodeQL database for symcalc: NoPythonCodeFoundException: No Python code found in the repository. (logger.py:42)
2025-05-27 07:43:02,527 - CodeQLRunner - ERROR - Failed to build CodeQL database for planewhu-ctrl: NoPythonCodeFoundException: No Python code found in the repository. (logger.py:42)
2025-05-27 07:45:31,047 - CodeQLRunner - ERROR - Failed to build CodeQL database for splyne: NoPythonCodeFoundException: No Python code found in the repository. (logger.py:42)
2025-05-27 07:45:32,991 - CodeQLRunner - ERROR - Failed to build CodeQL database for porter-bench: NoPythonCodeFoundException: No Python code found in the repository. (logger.py:42)
2025-05-27 07:45:40,085 - CodeQLRunner - ERROR - Failed to build CodeQL database for cs253-pip: NoPythonCodeFoundException: No Python code found in the repository. (logger.py:42)
2025-05-27 07:46:13,194 - CodeQLRunner - ERROR - Failed to build CodeQL database for syntect: NoPythonCodeFoundException: No Python code found in the repository. (logger.py:42)
2025-05-27 07:55:30,537 - CodeQLRunner - ERROR - Failed to build CodeQL database for quickbase-quickbooks: NoPythonCodeFoundException: No Python code found in the repository. (logger.py:42)
2025-05-27 07:57:56,017 - CodeQLRunner - ERROR - Failed to build CodeQL database for odoo14-addons-oca-openupgrade: NoPythonCodeFoundException: No Python code found in the repository. (logger.py:42)
2025-05-27 07:59:01,712 - CodeQLRunner - ERROR - Failed to build CodeQL database for py-filereader: NoPythonCodeFoundException: No Python code found in the repository. (logger.py:42)
2025-05-27 08:00:41,887 - CodeQLRunner - ERROR - Failed to build CodeQL database for rhelpers: NoPythonCodeFoundException: No Python code found in the repository. (logger.py:42)
2025-05-27 08:03:10,871 - CodeQLRunner - ERROR - Failed to build CodeQL database for crawling-comments: NoPythonCodeFoundException: No Python code found in the repository. (logger.py:42)
2025-05-27 08:06:45,786 - CodeQLRunner - ERROR - Failed to build CodeQL database for datadog-tls: NoPythonCodeFoundException: No Python code found in the repository. (logger.py:42)
2025-05-27 08:16:07,176 - CodeQLRunner - ERROR - Failed to build CodeQL database for shreyansh-kushwaha: NoPythonCodeFoundException: No Python code found in the repository. (logger.py:42)
2025-05-27 08:17:01,715 - CodeQLRunner - ERROR - Failed to build CodeQL database for sut: NoPythonCodeFoundException: No Python code found in the repository. (logger.py:42)
2025-05-27 08:18:06,891 - CodeQLRunner - ERROR - Failed to build CodeQL database for optlab: NoPythonCodeFoundException: No Python code found in the repository. (logger.py:42)
2025-05-27 08:18:13,033 - CodeQLRunner - ERROR - Failed to build CodeQL database for skimfunctions: NoPythonCodeFoundException: No Python code found in the repository. (logger.py:42)
2025-05-27 08:31:58,739 - CodeQLRunner - ERROR - Failed to build CodeQL database for obapp: NoPythonCodeFoundException: No Python code found in the repository. (logger.py:42)
2025-05-27 08:32:06,159 - CodeQLRunner - ERROR - Failed to build CodeQL database for schrodingerbox: NoPythonCodeFoundException: No Python code found in the repository. (logger.py:42)
2025-05-27 08:41:52,277 - CodeQLRunner - ERROR - Failed to build CodeQL database for pipplus: NoPythonCodeFoundException: No Python code found in the repository. (logger.py:42)
2025-05-27 08:49:54,388 - CodeQLRunner - ERROR - Failed to build CodeQL database for pystitia: NoPythonCodeFoundException: No Python code found in the repository. (logger.py:42)
2025-05-27 08:51:15,985 - CodeQLRunner - ERROR - Failed to build CodeQL database for qcge: NoPythonCodeFoundException: No Python code found in the repository. (logger.py:42)
2025-05-27 09:04:10,020 - CodeQLRunner - ERROR - Failed to build CodeQL database for nameserver: NoPythonCodeFoundException: No Python code found in the repository. (logger.py:42)
2025-05-27 09:06:02,104 - CodeQLRunner - ERROR - Failed to build CodeQL database for pys2svg: NoPythonCodeFoundException: No Python code found in the repository. (logger.py:42)
2025-05-27 09:08:01,563 - CodeQLRunner - ERROR - Failed to build CodeQL database for somebot: NoPythonCodeFoundException: No Python code found in the repository. (logger.py:42)
2025-05-27 09:10:27,576 - CodeQLRunner - ERROR - Failed to build CodeQL database for sphereoverburden: NoPythonCodeFoundException: No Python code found in the repository. (logger.py:42)
2025-05-27 09:19:22,634 - CodeQLRunner - ERROR - Failed to build CodeQL database for storage-services: NoPythonCodeFoundException: No Python code found in the repository. (logger.py:42)
2025-05-27 09:22:54,025 - CodeQLRunner - ERROR - Failed to build CodeQL database for szymcio322: NoPythonCodeFoundException: No Python code found in the repository. (logger.py:42)
2025-05-27 09:25:38,146 - CodeQLRunner - ERROR - Failed to build CodeQL database for xiaoxinservice: NoPythonCodeFoundException: No Python code found in the repository. (logger.py:42)
2025-05-27 09:29:01,643 - CodeQLRunner - ERROR - Failed to build CodeQL database for wonday-scanner: NoPythonCodeFoundException: No Python code found in the repository. (logger.py:42)
2025-05-27 09:31:42,413 - CodeQLRunner - ERROR - Failed to build CodeQL database for passowo: NoPythonCodeFoundException: No Python code found in the repository. (logger.py:42)
2025-05-27 09:32:55,182 - CodeQLRunner - ERROR - Failed to build CodeQL database for customer-auth-session-service: NoPythonCodeFoundException: No Python code found in the repository. (logger.py:42)
2025-05-27 09:43:24,914 - CodeQLRunner - ERROR - Failed to build CodeQL database for orcapod: NoPythonCodeFoundException: No Python code found in the repository. (logger.py:42)
2025-05-27 09:45:11,413 - CodeQLRunner - ERROR - Failed to build CodeQL database for python-course-academy-it: NoPythonCodeFoundException: No Python code found in the repository. (logger.py:42)
2025-05-27 09:47:34,100 - CodeQLRunner - ERROR - Failed to build CodeQL database for datadog-disk: NoPythonCodeFoundException: No Python code found in the repository. (logger.py:42)
2025-05-27 09:50:53,206 - CodeQLRunner - ERROR - Failed to build CodeQL database for py-confluent: NoPythonCodeFoundException: No Python code found in the repository. (logger.py:42)
2025-05-27 09:53:31,385 - CodeQLRunner - ERROR - Failed to build CodeQL database for mypythonlib: NoPythonCodeFoundException: No Python code found in the repository. (logger.py:42)
2025-05-27 10:00:33,225 - CodeQLRunner - ERROR - Failed to build CodeQL database for telegram-error-alerter: NoPythonCodeFoundException: No Python code found in the repository. (logger.py:42)
2025-05-27 10:04:41,020 - CodeQLRunner - ERROR - Failed to build CodeQL database for pyedge-retirement: NoPythonCodeFoundException: No Python code found in the repository. (logger.py:42)
2025-05-27 10:05:27,820 - CodeQLRunner - ERROR - Query timed out for sportmonks-python-sdk: /home/class-pollution/Desktop/python-class-pollution/codeql-query/class-pollution-all/class-pollution.qls (logger.py:42)
2025-05-27 10:05:30,169 - CodeQLRunner - ERROR - Failed to run query: /home/class-pollution/Desktop/python-class-pollution/codeql-query/class-pollution-all/class-pollution.qls (logger.py:42)
2025-05-27 10:10:48,640 - CodeQLRunner - ERROR - Failed to build CodeQL database for simple-weather-api-by-ys: NoPythonCodeFoundException: No Python code found in the repository. (logger.py:42)
2025-05-27 10:24:03,387 - CodeQLRunner - ERROR - Failed to build CodeQL database for datadog-wmi-check: NoPythonCodeFoundException: No Python code found in the repository. (logger.py:42)
2025-05-27 10:25:00,877 - CodeQLRunner - ERROR - Failed to build CodeQL database for the-online-store: NoPythonCodeFoundException: No Python code found in the repository. (logger.py:42)
2025-05-27 10:26:26,662 - CodeQLRunner - ERROR - Failed to build CodeQL database for pop-xnode: NoPythonCodeFoundException: No Python code found in the repository. (logger.py:42)
2025-05-27 10:38:31,430 - CodeQLRunner - ERROR - Failed to build CodeQL database for online-log-py: NoPythonCodeFoundException: No Python code found in the repository. (logger.py:42)
2025-05-27 10:38:47,221 - CodeQLRunner - ERROR - Failed to build CodeQL database for pythonscramblesgenerator: NoPythonCodeFoundException: No Python code found in the repository. (logger.py:42)
2025-05-27 10:38:55,070 - CodeQLRunner - ERROR - Failed to build CodeQL database for prisma-py: NoPythonCodeFoundException: No Python code found in the repository. (logger.py:42)
2025-05-27 10:39:36,973 - CodeQLRunner - ERROR - Failed to build CodeQL database for waterworld: NoPythonCodeFoundException: No Python code found in the repository. (logger.py:42)
2025-05-27 10:44:56,473 - CodeQLRunner - ERROR - Failed to build CodeQL database for dissect-bsddb: NoPythonCodeFoundException: No Python code found in the repository. (logger.py:42)
2025-05-27 10:47:13,488 - CodeQLRunner - ERROR - Failed to build CodeQL database for zen-ml: NoPythonCodeFoundException: No Python code found in the repository. (logger.py:42)
2025-05-27 10:50:44,077 - CodeQLRunner - ERROR - Failed to build CodeQL database for datadog-clickhouse: NoPythonCodeFoundException: No Python code found in the repository. (logger.py:42)
2025-05-27 10:58:28,782 - CodeQLRunner - ERROR - Failed to build CodeQL database for pythonqs: NoPythonCodeFoundException: No Python code found in the repository. (logger.py:42)
2025-05-27 11:00:07,442 - CodeQLRunner - ERROR - Failed to build CodeQL database for steng: NoPythonCodeFoundException: No Python code found in the repository. (logger.py:42)
2025-05-27 11:01:54,327 - CodeQLRunner - ERROR - Failed to build CodeQL database for customer-health-service-client: NoPythonCodeFoundException: No Python code found in the repository. (logger.py:42)
2025-05-27 11:10:21,736 - CodeQLRunner - ERROR - Failed to build CodeQL database for consumer-app: NoPythonCodeFoundException: No Python code found in the repository. (logger.py:42)
2025-05-27 11:16:03,623 - CodeQLRunner - ERROR - Failed to build CodeQL database for datadog-kubernetes-cluster-autoscaler: NoPythonCodeFoundException: No Python code found in the repository. (logger.py:42)
2025-05-27 11:22:26,724 - CodeQLRunner - ERROR - Failed to build CodeQL database for testwithmoshpdf: NoPythonCodeFoundException: No Python code found in the repository. (logger.py:42)
2025-05-27 11:27:30,780 - CodeQLRunner - ERROR - Failed to build CodeQL database for openmlda: NoPythonCodeFoundException: No Python code found in the repository. (logger.py:42)
2025-05-27 11:33:30,059 - CodeQLRunner - ERROR - Failed to build CodeQL database for seishub: NoPythonCodeFoundException: No Python code found in the repository. (logger.py:42)
2025-05-27 11:38:39,392 - CodeQLRunner - ERROR - Failed to build CodeQL database for repository-flyingpeter: NoPythonCodeFoundException: No Python code found in the repository. (logger.py:42)
2025-05-27 11:44:03,672 - CodeQLRunner - ERROR - Failed to build CodeQL database for datadog-exchange-server: NoPythonCodeFoundException: No Python code found in the repository. (logger.py:42)
2025-05-27 11:45:43,123 - CodeQLRunner - ERROR - Failed to build CodeQL database for qritwikaeropy: NoPythonCodeFoundException: No Python code found in the repository. (logger.py:42)
2025-05-27 11:46:33,670 - CodeQLRunner - ERROR - Building CodeQL database timed out: terrajinja-imports-akamai (logger.py:42)
2025-05-27 11:54:53,876 - CodeQLRunner - ERROR - Failed to build CodeQL database for teaplatfrom: NoPythonCodeFoundException: No Python code found in the repository. (logger.py:42)
2025-05-27 11:58:42,726 - CodeQLRunner - ERROR - Failed to build CodeQL database for sonnet-audio: NoPythonCodeFoundException: No Python code found in the repository. (logger.py:42)
2025-05-27 12:00:03,995 - CodeQLRunner - ERROR - Failed to build CodeQL database for resypy: NoPythonCodeFoundException: No Python code found in the repository. (logger.py:42)
2025-05-27 12:05:36,229 - CodeQLRunner - ERROR - Failed to build CodeQL database for wikiarchivecombsl: NoPythonCodeFoundException: No Python code found in the repository. (logger.py:42)
2025-05-27 12:06:05,657 - CodeQLRunner - ERROR - Failed to build CodeQL database for datadog-dotnetclr: NoPythonCodeFoundException: No Python code found in the repository. (logger.py:42)
2025-05-27 12:07:01,115 - CodeQLRunner - ERROR - Failed to build CodeQL database for sc-translation: NoPythonCodeFoundException: No Python code found in the repository. (logger.py:42)
2025-05-27 12:12:53,851 - CodeQLRunner - ERROR - Failed to build CodeQL database for scrapedev: NoPythonCodeFoundException: No Python code found in the repository. (logger.py:42)
2025-05-27 12:13:03,710 - CodeQLRunner - ERROR - Failed to build CodeQL database for ysz: NoPythonCodeFoundException: No Python code found in the repository. (logger.py:42)
2025-05-27 12:13:22,908 - CodeQLRunner - ERROR - Failed to build CodeQL database for zlx7-6: NoPythonCodeFoundException: No Python code found in the repository. (logger.py:42)
2025-05-27 12:23:04,974 - CodeQLRunner - ERROR - Failed to build CodeQL database for tpy-packaging-v2: NoPythonCodeFoundException: No Python code found in the repository. (logger.py:42)
2025-05-27 12:23:26,049 - CodeQLRunner - ERROR - Failed to build CodeQL database for bigquery-custom-davidbrandon16: NoPythonCodeFoundException: No Python code found in the repository. (logger.py:42)
2025-05-27 12:36:59,795 - CodeQLRunner - ERROR - Failed to build CodeQL database for weather-impact-data-middleware: NoPythonCodeFoundException: No Python code found in the repository. (logger.py:42)
2025-05-27 12:42:28,619 - CodeQLRunner - ERROR - Failed to build CodeQL database for datadog-tokumx: NoPythonCodeFoundException: No Python code found in the repository. (logger.py:42)
2025-05-27 12:48:21,465 - CodeQLRunner - ERROR - Failed to build CodeQL database for ndata-json-2-pyfunction: NoPythonCodeFoundException: No Python code found in the repository. (logger.py:42)
2025-05-27 12:58:06,556 - CodeQLRunner - ERROR - Failed to build CodeQL database for pydstore: NoPythonCodeFoundException: No Python code found in the repository. (logger.py:42)
2025-05-27 12:59:41,713 - CodeQLRunner - ERROR - Failed to build CodeQL database for rfm-package: NoPythonCodeFoundException: No Python code found in the repository. (logger.py:42)
2025-05-27 12:59:44,963 - CodeQLRunner - ERROR - Failed to build CodeQL database for nd-utils-image-processing: NoPythonCodeFoundException: No Python code found in the repository. (logger.py:42)
2025-05-27 13:03:54,766 - CodeQLRunner - ERROR - Failed to build CodeQL database for uek-abc: NoPythonCodeFoundException: No Python code found in the repository. (logger.py:42)
2025-05-27 13:07:32,686 - CodeQLRunner - ERROR - Failed to build CodeQL database for datadog-datadog-cluster-agent: NoPythonCodeFoundException: No Python code found in the repository. (logger.py:42)
2025-05-27 13:15:12,824 - CodeQLRunner - ERROR - Failed to build CodeQL database for onionr: NoPythonCodeFoundException: No Python code found in the repository. (logger.py:42)
2025-05-27 13:16:08,354 - CodeQLRunner - ERROR - Failed to build CodeQL database for mmdidpay: NoPythonCodeFoundException: No Python code found in the repository. (logger.py:42)
2025-05-27 13:24:08,168 - CodeQLRunner - ERROR - Failed to build CodeQL database for santalitts: NoPythonCodeFoundException: No Python code found in the repository. (logger.py:42)
2025-05-27 13:29:06,608 - CodeQLRunner - ERROR - Failed to build CodeQL database for xontrib-base16-shell: NoPythonCodeFoundException: No Python code found in the repository. (logger.py:42)
2025-05-27 13:37:22,651 - CodeQLRunner - ERROR - Failed to build CodeQL database for rectle: NoPythonCodeFoundException: No Python code found in the repository. (logger.py:42)
2025-05-27 13:40:10,359 - CodeQLRunner - ERROR - Failed to build CodeQL database for statiocrate: NoPythonCodeFoundException: No Python code found in the repository. (logger.py:42)
2025-05-27 13:43:06,340 - CodeQLRunner - ERROR - Failed to build CodeQL database for datadog-weaviate: NoPythonCodeFoundException: No Python code found in the repository. (logger.py:42)
2025-05-27 13:44:25,073 - CodeQLRunner - ERROR - Failed to build CodeQL database for pyside-openai: NoPythonCodeFoundException: No Python code found in the repository. (logger.py:42)
2025-05-27 13:51:29,240 - CodeQLRunner - ERROR - Failed to build CodeQL database for odoo12-addons-oca-search-engine: NoPythonCodeFoundException: No Python code found in the repository. (logger.py:42)
2025-05-27 13:53:20,622 - CodeQLRunner - ERROR - Failed to build CodeQL database for simple-lirui: NoPythonCodeFoundException: No Python code found in the repository. (logger.py:42)
2025-05-27 13:56:21,753 - CodeQLRunner - ERROR - Failed to build CodeQL database for xopes: NoPythonCodeFoundException: No Python code found in the repository. (logger.py:42)
2025-05-27 14:05:43,776 - CodeQLRunner - ERROR - Failed to build CodeQL database for ruthpdf: NoPythonCodeFoundException: No Python code found in the repository. (logger.py:42)
2025-05-27 14:08:38,052 - CodeQLRunner - ERROR - Failed to build CodeQL database for sigmet: NoPythonCodeFoundException: No Python code found in the repository. (logger.py:42)
2025-05-27 14:10:09,372 - CodeQLRunner - ERROR - Failed to build CodeQL database for smad-legi-extractor-passport-plausible: NoPythonCodeFoundException: No Python code found in the repository. (logger.py:42)
2025-05-27 14:10:54,816 - CodeQLRunner - ERROR - Failed to build CodeQL database for png-search-multiple: NoPythonCodeFoundException: No Python code found in the repository. (logger.py:42)
2025-05-27 14:16:04,012 - CodeQLRunner - ERROR - Failed to build CodeQL database for datadog-crio: NoPythonCodeFoundException: No Python code found in the repository. (logger.py:42)
2025-05-27 14:22:35,855 - CodeQLRunner - ERROR - Failed to build CodeQL database for tnt: NoPythonCodeFoundException: No Python code found in the repository. (logger.py:42)
2025-05-27 14:23:08,465 - CodeQLRunner - ERROR - Failed to build CodeQL database for versioned-lru-cache: NoPythonCodeFoundException: No Python code found in the repository. (logger.py:42)
2025-05-27 14:25:24,408 - CodeQLRunner - ERROR - Failed to build CodeQL database for bdw-schemadoc: NoPythonCodeFoundException: No Python code found in the repository. (logger.py:42)
2025-05-27 14:36:23,426 - CodeQLRunner - ERROR - Failed to build CodeQL database for securecom: NoPythonCodeFoundException: No Python code found in the repository. (logger.py:42)
2025-05-27 14:38:05,824 - CodeQLRunner - ERROR - Failed to build CodeQL database for rockset-sqlalchemy-test: NoPythonCodeFoundException: No Python code found in the repository. (logger.py:42)
2025-05-27 14:38:39,506 - CodeQLRunner - ERROR - Failed to build CodeQL database for bsys-libs: NoPythonCodeFoundException: No Python code found in the repository. (logger.py:42)
2025-05-27 14:44:56,326 - CodeQLRunner - ERROR - Failed to build CodeQL database for svstojpg: NoPythonCodeFoundException: No Python code found in the repository. (logger.py:42)
2025-05-27 14:48:07,955 - CodeQLRunner - ERROR - Failed to build CodeQL database for datadog-harbor: NoPythonCodeFoundException: No Python code found in the repository. (logger.py:42)
2025-05-27 14:50:04,301 - CodeQLRunner - ERROR - Failed to build CodeQL database for datadog-etcd: NoPythonCodeFoundException: No Python code found in the repository. (logger.py:42)
2025-05-27 14:50:51,704 - CodeQLRunner - ERROR - Failed to build CodeQL database for vmware-nsx-vmc-aws: NoPythonCodeFoundException: No Python code found in the repository. (logger.py:42)
2025-05-27 14:50:58,841 - CodeQLRunner - ERROR - Failed to build CodeQL database for retronid: NoPythonCodeFoundException: No Python code found in the repository. (logger.py:42)
2025-05-27 14:57:44,713 - CodeQLRunner - ERROR - Failed to build CodeQL database for spacy-utils: NoPythonCodeFoundException: No Python code found in the repository. (logger.py:42)
2025-05-27 14:58:43,818 - CodeQLRunner - ERROR - Failed to build CodeQL database for datadog-vertica: NoPythonCodeFoundException: No Python code found in the repository. (logger.py:42)
2025-05-27 15:00:15,249 - CodeQLRunner - ERROR - Failed to build CodeQL database for qtft-qopt: NoPythonCodeFoundException: No Python code found in the repository. (logger.py:42)
2025-05-27 15:05:07,280 - CodeQLRunner - ERROR - Failed to build CodeQL database for upload-sev: NoPythonCodeFoundException: No Python code found in the repository. (logger.py:42)
2025-05-27 15:07:53,676 - CodeQLRunner - ERROR - Failed to build CodeQL database for tremor: NoPythonCodeFoundException: No Python code found in the repository. (logger.py:42)
2025-05-27 15:08:16,605 - CodeQLRunner - ERROR - Failed to build CodeQL database for song-lyrics-analysis-pa-tula: NoPythonCodeFoundException: No Python code found in the repository. (logger.py:42)
2025-05-27 15:42:26,354 - CodeQLRunner - ERROR - Failed to build CodeQL database for xiaofang-ex: NoPythonCodeFoundException: No Python code found in the repository. (logger.py:42)
2025-05-27 15:42:47,164 - CodeQLRunner - ERROR - Failed to build CodeQL database for oc-modes: NoPythonCodeFoundException: No Python code found in the repository. (logger.py:42)
2025-05-27 15:50:10,091 - CodeQLRunner - ERROR - Failed to build CodeQL database for this-is-my-first-lib: NoPythonCodeFoundException: No Python code found in the repository. (logger.py:42)
2025-05-27 15:51:17,121 - CodeQLRunner - ERROR - Failed to build CodeQL database for rc-only: NoPythonCodeFoundException: No Python code found in the repository. (logger.py:42)
2025-05-27 15:52:25,687 - CodeQLRunner - ERROR - Failed to build CodeQL database for datadog-yarn: NoPythonCodeFoundException: No Python code found in the repository. (logger.py:42)
2025-05-27 15:56:56,789 - CodeQLRunner - ERROR - Failed to build CodeQL database for rootbeer: NoPythonCodeFoundException: No Python code found in the repository. (logger.py:42)
2025-05-27 15:59:20,735 - CodeQLRunner - ERROR - Failed to build CodeQL database for sqlalchemy-mapped-stubs: NoPythonCodeFoundException: No Python code found in the repository. (logger.py:42)
2025-05-27 16:04:13,152 - CodeQLRunner - ERROR - Failed to build CodeQL database for sha-69: NoPythonCodeFoundException: No Python code found in the repository. (logger.py:42)
2025-05-27 16:06:51,317 - CodeQLRunner - ERROR - Failed to build CodeQL database for passvault: NoPythonCodeFoundException: No Python code found in the repository. (logger.py:42)
2025-05-27 16:09:11,538 - CodeQLRunner - ERROR - Failed to build CodeQL database for soundbrick: NoPythonCodeFoundException: No Python code found in the repository. (logger.py:42)
2025-05-27 16:14:35,642 - CodeQLRunner - ERROR - Failed to build CodeQL database for pineprintfuncs: NoPythonCodeFoundException: No Python code found in the repository. (logger.py:42)
2025-05-27 16:19:39,434 - CodeQLRunner - ERROR - Failed to build CodeQL database for receptor-controller: NoPythonCodeFoundException: No Python code found in the repository. (logger.py:42)
2025-05-27 16:19:51,928 - CodeQLRunner - ERROR - Failed to build CodeQL database for thesiqtpj: NoPythonCodeFoundException: No Python code found in the repository. (logger.py:42)
2025-05-27 16:27:16,347 - CodeQLRunner - ERROR - Failed to build CodeQL database for registro-token-interes: NoPythonCodeFoundException: No Python code found in the repository. (logger.py:42)
2025-05-27 16:29:02,005 - CodeQLRunner - ERROR - Failed to build CodeQL database for seem: NoPythonCodeFoundException: No Python code found in the repository. (logger.py:42)
2025-05-27 16:32:10,517 - CodeQLRunner - ERROR - Failed to build CodeQL database for pyconvertgui: NoPythonCodeFoundException: No Python code found in the repository. (logger.py:42)
2025-05-27 16:33:21,188 - CodeQLRunner - ERROR - Failed to build CodeQL database for phetware: NoPythonCodeFoundException: No Python code found in the repository. (logger.py:42)
2025-05-27 16:37:27,073 - CodeQLRunner - ERROR - Failed to build CodeQL database for roverai: NoPythonCodeFoundException: No Python code found in the repository. (logger.py:42)
2025-05-27 16:46:58,719 - CodeQLRunner - ERROR - Failed to build CodeQL database for py-ga-tl: NoPythonCodeFoundException: No Python code found in the repository. (logger.py:42)
2025-05-27 16:46:59,869 - CodeQLRunner - ERROR - Failed to build CodeQL database for pyedge-packaging: NoPythonCodeFoundException: No Python code found in the repository. (logger.py:42)
2025-05-27 16:48:17,472 - CodeQLRunner - ERROR - Failed to build CodeQL database for comms-client: NoPythonCodeFoundException: No Python code found in the repository. (logger.py:42)
2025-05-27 16:49:34,395 - CodeQLRunner - ERROR - Failed to build CodeQL database for redis-client-connect: NoPythonCodeFoundException: No Python code found in the repository. (logger.py:42)
2025-05-27 16:54:39,574 - CodeQLRunner - ERROR - Failed to build CodeQL database for migration-automation-tool: NoPythonCodeFoundException: No Python code found in the repository. (logger.py:42)
2025-05-27 17:03:52,844 - CodeQLRunner - ERROR - Failed to build CodeQL database for wc3files: NoPythonCodeFoundException: No Python code found in the repository. (logger.py:42)
2025-05-27 17:14:13,603 - CodeQLRunner - ERROR - Failed to build CodeQL database for datadog-cloudera: NoPythonCodeFoundException: No Python code found in the repository. (logger.py:42)
2025-05-27 17:15:04,618 - CodeQLRunner - ERROR - Failed to build CodeQL database for datadog-milvus: NoPythonCodeFoundException: No Python code found in the repository. (logger.py:42)
2025-05-27 17:16:33,639 - CodeQLRunner - ERROR - Failed to build CodeQL database for treasurechest: NoPythonCodeFoundException: No Python code found in the repository. (logger.py:42)
2025-05-27 17:17:44,195 - CodeQLRunner - ERROR - Failed to build CodeQL database for monodrive: NoPythonCodeFoundException: No Python code found in the repository. (logger.py:42)
2025-05-27 17:23:23,160 - CodeQLRunner - ERROR - Failed to build CodeQL database for py-proto-parser: NoPythonCodeFoundException: No Python code found in the repository. (logger.py:42)
2025-05-27 17:28:44,689 - CodeQLRunner - ERROR - Failed to build CodeQL database for datadog-keda: NoPythonCodeFoundException: No Python code found in the repository. (logger.py:42)
2025-05-27 17:28:53,280 - CodeQLRunner - ERROR - Failed to build CodeQL database for opennife: NoPythonCodeFoundException: No Python code found in the repository. (logger.py:42)
2025-05-27 17:45:42,510 - CodeQLRunner - ERROR - Failed to build CodeQL database for whoot: NoPythonCodeFoundException: No Python code found in the repository. (logger.py:42)
2025-05-27 17:45:56,609 - CodeQLRunner - ERROR - Failed to build CodeQL database for skm: NoPythonCodeFoundException: No Python code found in the repository. (logger.py:42)
2025-05-27 17:48:25,976 - CodeQLRunner - ERROR - Failed to build CodeQL database for sketchdraw: NoPythonCodeFoundException: No Python code found in the repository. (logger.py:42)
2025-05-27 17:48:33,952 - CodeQLRunner - ERROR - Failed to build CodeQL database for upper-50: NoPythonCodeFoundException: No Python code found in the repository. (logger.py:42)
2025-05-27 17:57:44,334 - CodeQLRunner - ERROR - Failed to build CodeQL database for ujpdf: NoPythonCodeFoundException: No Python code found in the repository. (logger.py:42)
2025-05-27 18:00:05,884 - CodeQLRunner - ERROR - Failed to build CodeQL database for viewdns-python: NoPythonCodeFoundException: No Python code found in the repository. (logger.py:42)
2025-05-27 18:11:48,505 - CodeQLRunner - ERROR - Failed to build CodeQL database for portia-pro: NoPythonCodeFoundException: No Python code found in the repository. (logger.py:42)
2025-05-27 18:12:54,672 - CodeQLRunner - ERROR - Failed to build CodeQL database for datadog-duckdb: NoPythonCodeFoundException: No Python code found in the repository. (logger.py:42)
2025-05-27 18:18:40,919 - CodeQLRunner - ERROR - Failed to build CodeQL database for configsetslib: NoPythonCodeFoundException: No Python code found in the repository. (logger.py:42)
2025-05-27 18:19:56,077 - CodeQLRunner - ERROR - Failed to build CodeQL database for dnssec: NoPythonCodeFoundException: No Python code found in the repository. (logger.py:42)
2025-05-27 18:23:18,101 - CodeQLRunner - ERROR - Failed to build CodeQL database for testjhcal: NoPythonCodeFoundException: No Python code found in the repository. (logger.py:42)
2025-05-27 18:25:38,135 - CodeQLRunner - ERROR - Failed to build CodeQL database for pydistillation: NoPythonCodeFoundException: No Python code found in the repository. (logger.py:42)
2025-05-27 18:28:59,828 - CodeQLRunner - ERROR - Failed to build CodeQL database for onnxcv: NoPythonCodeFoundException: No Python code found in the repository. (logger.py:42)
2025-05-27 18:30:15,528 - CodeQLRunner - ERROR - Failed to build CodeQL database for response-package-lfb: NoPythonCodeFoundException: No Python code found in the repository. (logger.py:42)
2025-05-27 18:35:25,232 - CodeQLRunner - ERROR - Failed to build CodeQL database for scrypted-sdk: NoPythonCodeFoundException: No Python code found in the repository. (logger.py:42)
2025-05-27 18:36:05,017 - CodeQLRunner - ERROR - Failed to build CodeQL database for pyeasychat: NoPythonCodeFoundException: No Python code found in the repository. (logger.py:42)
2025-05-27 18:42:05,481 - CodeQLRunner - ERROR - Failed to build CodeQL database for customer-benefits-aggregator-client: NoPythonCodeFoundException: No Python code found in the repository. (logger.py:42)
2025-05-27 18:48:32,725 - CodeQLRunner - ERROR - Failed to build CodeQL database for bemis: NoPythonCodeFoundException: No Python code found in the repository. (logger.py:42)
2025-05-27 18:49:47,854 - CodeQLRunner - ERROR - Failed to build CodeQL database for rtdpdf: NoPythonCodeFoundException: No Python code found in the repository. (logger.py:42)
2025-05-27 18:53:06,455 - CodeQLRunner - ERROR - Failed to build CodeQL database for yaml-override: NoPythonCodeFoundException: No Python code found in the repository. (logger.py:42)
2025-05-27 18:59:41,137 - CodeQLRunner - ERROR - Failed to build CodeQL database for scaem007-negara: NoPythonCodeFoundException: No Python code found in the repository. (logger.py:42)
2025-05-27 19:00:50,196 - CodeQLRunner - ERROR - Failed to build CodeQL database for pydventure: NoPythonCodeFoundException: No Python code found in the repository. (logger.py:42)
2025-05-27 19:03:14,876 - CodeQLRunner - ERROR - Failed to build CodeQL database for srpgmod: NoPythonCodeFoundException: No Python code found in the repository. (logger.py:42)
2025-05-27 19:17:18,639 - CodeQLRunner - ERROR - Failed to build CodeQL database for sri-package: NoPythonCodeFoundException: No Python code found in the repository. (logger.py:42)
2025-05-27 19:18:45,839 - CodeQLRunner - ERROR - Failed to build CodeQL database for open-py-ml: NoPythonCodeFoundException: No Python code found in the repository. (logger.py:42)
2025-05-27 19:21:59,786 - CodeQLRunner - ERROR - Failed to build CodeQL database for datadog-hdfs-datanode: NoPythonCodeFoundException: No Python code found in the repository. (logger.py:42)
2025-05-27 19:27:11,363 - CodeQLRunner - ERROR - Failed to build CodeQL database for vemomoto-core: NoPythonCodeFoundException: No Python code found in the repository. (logger.py:42)
2025-05-27 19:28:27,364 - CodeQLRunner - ERROR - Failed to build CodeQL database for sch-predict-flyte-toolkit: NoPythonCodeFoundException: No Python code found in the repository. (logger.py:42)
2025-05-27 19:32:33,353 - CodeQLRunner - ERROR - Failed to build CodeQL database for s3publish: NoPythonCodeFoundException: No Python code found in the repository. (logger.py:42)
2025-05-27 19:34:08,915 - CodeQLRunner - ERROR - Failed to build CodeQL database for part-number-resolver: NoPythonCodeFoundException: No Python code found in the repository. (logger.py:42)
2025-05-27 19:37:19,179 - CodeQLRunner - ERROR - Failed to build CodeQL database for ydiskdown: NoPythonCodeFoundException: No Python code found in the repository. (logger.py:42)
2025-05-27 19:37:57,668 - CodeQLRunner - ERROR - Failed to build CodeQL database for odoo13-addons-oca-search-engine: NoPythonCodeFoundException: No Python code found in the repository. (logger.py:42)
2025-05-27 19:39:59,312 - CodeQLRunner - ERROR - Failed to build CodeQL database for score-scraper: NoPythonCodeFoundException: No Python code found in the repository. (logger.py:42)
2025-05-27 19:40:17,599 - CodeQLRunner - ERROR - Failed to build CodeQL database for warp4py: NoPythonCodeFoundException: No Python code found in the repository. (logger.py:42)
2025-05-27 19:42:41,977 - CodeQLRunner - ERROR - Failed to build CodeQL database for yesz: NoPythonCodeFoundException: No Python code found in the repository. (logger.py:42)
2025-05-27 19:42:53,349 - CodeQLRunner - ERROR - Failed to build CodeQL database for thisismaxth: NoPythonCodeFoundException: No Python code found in the repository. (logger.py:42)
2025-05-27 19:47:13,691 - CodeQLRunner - ERROR - Failed to build CodeQL database for simplemath: NoPythonCodeFoundException: No Python code found in the repository. (logger.py:42)
2025-05-27 19:49:29,580 - CodeQLRunner - ERROR - Failed to build CodeQL database for radugaf: NoPythonCodeFoundException: No Python code found in the repository. (logger.py:42)
2025-05-27 19:56:41,951 - CodeQLRunner - ERROR - Failed to build CodeQL database for bromide-py: NoPythonCodeFoundException: No Python code found in the repository. (logger.py:42)
2025-05-27 19:57:59,061 - CodeQLRunner - ERROR - Failed to build CodeQL database for simplespeech: NoPythonCodeFoundException: No Python code found in the repository. (logger.py:42)
2025-05-27 20:00:19,601 - CodeQLRunner - ERROR - Failed to build CodeQL database for bspid: NoPythonCodeFoundException: No Python code found in the repository. (logger.py:42)
2025-05-27 20:02:51,296 - CodeQLRunner - ERROR - Failed to build CodeQL database for datadog-nginx: NoPythonCodeFoundException: No Python code found in the repository. (logger.py:42)
2025-05-27 20:04:05,091 - CodeQLRunner - ERROR - Failed to build CodeQL database for text-to-image-generatorannamaria: NoPythonCodeFoundException: No Python code found in the repository. (logger.py:42)
2025-05-27 20:07:38,128 - CodeQLRunner - ERROR - Failed to build CodeQL database for pscraper: NoPythonCodeFoundException: No Python code found in the repository. (logger.py:42)
2025-05-27 20:12:17,751 - CodeQLRunner - ERROR - Failed to build CodeQL database for phase-paper: NoPythonCodeFoundException: No Python code found in the repository. (logger.py:42)
2025-05-27 20:12:28,621 - CodeQLRunner - ERROR - Failed to build CodeQL database for samuelbpdf: NoPythonCodeFoundException: No Python code found in the repository. (logger.py:42)
2025-05-27 20:14:52,186 - CodeQLRunner - ERROR - Failed to build CodeQL database for roi-net-profit: NoPythonCodeFoundException: No Python code found in the repository. (logger.py:42)
2025-05-27 20:21:17,653 - CodeQLRunner - ERROR - Failed to build CodeQL database for customer-devices-client: NoPythonCodeFoundException: No Python code found in the repository. (logger.py:42)
2025-05-27 20:24:37,115 - CodeQLRunner - ERROR - Failed to build CodeQL database for ultragraph: NoPythonCodeFoundException: No Python code found in the repository. (logger.py:42)
2025-05-27 20:38:02,311 - CodeQLRunner - ERROR - Failed to build CodeQL database for teos-client: NoPythonCodeFoundException: No Python code found in the repository. (logger.py:42)
2025-05-27 20:38:51,949 - CodeQLRunner - ERROR - Failed to build CodeQL database for plimpton: NoPythonCodeFoundException: No Python code found in the repository. (logger.py:42)
2025-05-27 20:47:04,098 - CodeQLRunner - ERROR - Failed to build CodeQL database for datadog-calico: NoPythonCodeFoundException: No Python code found in the repository. (logger.py:42)
2025-05-27 20:48:02,298 - CodeQLRunner - ERROR - Failed to build CodeQL database for spark-nlp-models: NoPythonCodeFoundException: No Python code found in the repository. (logger.py:42)
2025-05-27 20:58:30,654 - CodeQLRunner - ERROR - Failed to build CodeQL database for datadog-wazuh: NoPythonCodeFoundException: No Python code found in the repository. (logger.py:42)
2025-05-27 20:59:45,533 - CodeQLRunner - ERROR - Failed to build CodeQL database for py-hexagonal-architecture: NoPythonCodeFoundException: No Python code found in the repository. (logger.py:42)
2025-05-27 21:02:05,507 - CodeQLRunner - ERROR - Failed to build CodeQL database for certalot: NoPythonCodeFoundException: No Python code found in the repository. (logger.py:42)
2025-05-27 21:02:26,118 - CodeQLRunner - ERROR - Failed to build CodeQL database for url-to-file-downloader: NoPythonCodeFoundException: No Python code found in the repository. (logger.py:42)
2025-05-27 21:05:15,476 - CodeQLRunner - ERROR - Failed to build CodeQL database for datadog-argo-rollouts: NoPythonCodeFoundException: No Python code found in the repository. (logger.py:42)
2025-05-27 21:10:24,258 - CodeQLRunner - ERROR - Failed to build CodeQL database for py-scheduling-library: NoPythonCodeFoundException: No Python code found in the repository. (logger.py:42)
2025-05-27 21:16:17,984 - CodeQLRunner - ERROR - Failed to build CodeQL database for xmtraining: NoPythonCodeFoundException: No Python code found in the repository. (logger.py:42)
2025-05-27 21:22:19,523 - CodeQLRunner - ERROR - Failed to build CodeQL database for santa-7imbrook: NoPythonCodeFoundException: No Python code found in the repository. (logger.py:42)
2025-05-27 21:34:48,859 - CodeQLRunner - ERROR - Failed to build CodeQL database for syllib-m3u8: NoPythonCodeFoundException: No Python code found in the repository. (logger.py:42)
2025-05-27 21:46:09,618 - CodeQLRunner - ERROR - Failed to build CodeQL database for datadog-http-check: NoPythonCodeFoundException: No Python code found in the repository. (logger.py:42)
2025-05-27 22:02:13,632 - CodeQLRunner - ERROR - Failed to build CodeQL database for pyject-pkg-pyject-official: NoPythonCodeFoundException: No Python code found in the repository. (logger.py:42)
2025-05-27 22:03:50,486 - CodeQLRunner - ERROR - Failed to build CodeQL database for datadog-openstack-controller: NoPythonCodeFoundException: No Python code found in the repository. (logger.py:42)
2025-05-27 22:13:41,678 - CodeQLRunner - ERROR - Failed to build CodeQL database for spectare: NoPythonCodeFoundException: No Python code found in the repository. (logger.py:42)
2025-05-27 22:22:28,078 - CodeQLRunner - ERROR - Failed to build CodeQL database for toil-cwl-runner: NoPythonCodeFoundException: No Python code found in the repository. (logger.py:42)
2025-05-27 22:23:26,253 - CodeQLRunner - ERROR - Failed to build CodeQL database for simplestpythonpkgever: NoPythonCodeFoundException: No Python code found in the repository. (logger.py:42)
2025-05-27 22:33:41,081 - CodeQLRunner - ERROR - Failed to build CodeQL database for sms8api: NoPythonCodeFoundException: No Python code found in the repository. (logger.py:42)
2025-05-27 22:37:55,136 - CodeQLRunner - ERROR - Failed to build CodeQL database for qcm-sdk: NoPythonCodeFoundException: No Python code found in the repository. (logger.py:42)
2025-05-27 22:45:46,417 - CodeQLRunner - ERROR - Failed to build CodeQL database for rl-tools: NoPythonCodeFoundException: No Python code found in the repository. (logger.py:42)
2025-05-27 22:46:53,375 - CodeQLRunner - ERROR - Failed to build CodeQL database for trikset-py-typehint: NoPythonCodeFoundException: No Python code found in the repository. (logger.py:42)
2025-05-27 22:48:06,492 - CodeQLRunner - ERROR - Failed to build CodeQL database for phynix-gym: NoPythonCodeFoundException: No Python code found in the repository. (logger.py:42)
2025-05-27 22:51:23,405 - CodeQLRunner - ERROR - Failed to build CodeQL database for shift-ip: NoPythonCodeFoundException: No Python code found in the repository. (logger.py:42)
2025-05-27 22:53:34,668 - CodeQLRunner - ERROR - Failed to build CodeQL database for rtctools: NoPythonCodeFoundException: No Python code found in the repository. (logger.py:42)
2025-05-27 22:53:42,963 - CodeQLRunner - ERROR - Failed to build CodeQL database for plotly-plasma-test: NoPythonCodeFoundException: No Python code found in the repository. (logger.py:42)
2025-05-27 22:56:30,895 - CodeQLRunner - ERROR - Failed to build CodeQL database for xnxbot: NoPythonCodeFoundException: No Python code found in the repository. (logger.py:42)
2025-05-27 23:08:30,707 - CodeQLRunner - ERROR - Failed to build CodeQL database for serapeum: NoPythonCodeFoundException: No Python code found in the repository. (logger.py:42)
2025-05-27 23:08:31,926 - CodeQLRunner - ERROR - Failed to build CodeQL database for wmdaten-data-api-client: NoPythonCodeFoundException: No Python code found in the repository. (logger.py:42)
2025-05-27 23:13:25,931 - CodeQLRunner - ERROR - Failed to build CodeQL database for pyphoto: NoPythonCodeFoundException: No Python code found in the repository. (logger.py:42)
2025-05-27 23:13:52,979 - CodeQLRunner - ERROR - Failed to build CodeQL database for xiaoxin-service: NoPythonCodeFoundException: No Python code found in the repository. (logger.py:42)
2025-05-27 23:16:37,030 - CodeQLRunner - ERROR - Failed to build CodeQL database for simple-uis: NoPythonCodeFoundException: No Python code found in the repository. (logger.py:42)
2025-05-27 23:18:55,712 - CodeQLRunner - ERROR - Failed to build CodeQL database for datadog-coredns: NoPythonCodeFoundException: No Python code found in the repository. (logger.py:42)
2025-05-27 23:19:52,456 - CodeQLRunner - ERROR - Failed to build CodeQL database for usergetinformations: NoPythonCodeFoundException: No Python code found in the repository. (logger.py:42)
2025-05-27 23:20:21,225 - CodeQLRunner - ERROR - Failed to build CodeQL database for pyfinitdifference: NoPythonCodeFoundException: No Python code found in the repository. (logger.py:42)
2025-05-27 23:22:08,930 - CodeQLRunner - ERROR - Failed to build CodeQL database for customer-chatbot-service-client: NoPythonCodeFoundException: No Python code found in the repository. (logger.py:42)
2025-05-27 23:23:07,321 - CodeQLRunner - ERROR - Failed to build CodeQL database for tensorific: NoPythonCodeFoundException: No Python code found in the repository. (logger.py:42)
2025-05-27 23:25:18,296 - CodeQLRunner - ERROR - Failed to build CodeQL database for cmdq: NoPythonCodeFoundException: No Python code found in the repository. (logger.py:42)
2025-05-27 23:30:17,886 - CodeQLRunner - ERROR - Failed to build CodeQL database for datadog-aspdotnet: NoPythonCodeFoundException: No Python code found in the repository. (logger.py:42)
2025-05-27 23:34:15,468 - CodeQLRunner - ERROR - Failed to build CodeQL database for votifier-py: NoPythonCodeFoundException: No Python code found in the repository. (logger.py:42)
2025-05-27 23:35:21,045 - CodeQLRunner - ERROR - Failed to build CodeQL database for datadog-ibm-mq: NoPythonCodeFoundException: No Python code found in the repository. (logger.py:42)
2025-05-27 23:42:57,125 - CodeQLRunner - ERROR - Failed to build CodeQL database for cress: NoPythonCodeFoundException: No Python code found in the repository. (logger.py:42)
2025-05-27 23:43:52,895 - CodeQLRunner - ERROR - Failed to build CodeQL database for datadog-network: NoPythonCodeFoundException: No Python code found in the repository. (logger.py:42)
2025-05-27 23:44:05,905 - CodeQLRunner - ERROR - Failed to build CodeQL database for vidtoolkit: NoPythonCodeFoundException: No Python code found in the repository. (logger.py:42)
2025-05-27 23:46:17,702 - CodeQLRunner - ERROR - Failed to build CodeQL database for stablesam: NoPythonCodeFoundException: No Python code found in the repository. (logger.py:42)
2025-05-27 23:46:26,061 - CodeQLRunner - ERROR - Failed to build CodeQL database for robot-dashboard: NoPythonCodeFoundException: No Python code found in the repository. (logger.py:42)
2025-05-27 23:46:36,894 - CodeQLRunner - ERROR - Failed to build CodeQL database for tokentamer: NoPythonCodeFoundException: No Python code found in the repository. (logger.py:42)
2025-05-27 23:53:50,035 - CodeQLRunner - ERROR - Failed to build CodeQL database for datadog-teleport: NoPythonCodeFoundException: No Python code found in the repository. (logger.py:42)
2025-05-27 23:55:39,191 - CodeQLRunner - ERROR - Failed to build CodeQL database for tetepackage: NoPythonCodeFoundException: No Python code found in the repository. (logger.py:42)
2025-05-27 23:59:50,423 - CodeQLRunner - ERROR - Failed to build CodeQL database for phyforlife2: NoPythonCodeFoundException: No Python code found in the repository. (logger.py:42)
2025-05-28 00:14:15,541 - CodeQLRunner - ERROR - Failed to build CodeQL database for seatalk-open-api: NoPythonCodeFoundException: No Python code found in the repository. (logger.py:42)
2025-05-28 00:19:38,779 - CodeQLRunner - ERROR - Failed to build CodeQL database for vitaceae: NoPythonCodeFoundException: No Python code found in the repository. (logger.py:42)
2025-05-28 00:24:38,750 - CodeQLRunner - ERROR - Failed to build CodeQL database for datadog-fluxcd: NoPythonCodeFoundException: No Python code found in the repository. (logger.py:42)
2025-05-28 00:28:00,067 - CodeQLRunner - ERROR - Failed to build CodeQL database for datadog-torchserve: NoPythonCodeFoundException: No Python code found in the repository. (logger.py:42)
2025-05-28 00:29:31,616 - CodeQLRunner - ERROR - Failed to build CodeQL database for datadog-sqlserver: NoPythonCodeFoundException: No Python code found in the repository. (logger.py:42)
2025-05-28 00:32:23,291 - CodeQLRunner - ERROR - Failed to build CodeQL database for simplestatusserver: NoPythonCodeFoundException: No Python code found in the repository. (logger.py:42)
2025-05-28 00:40:51,419 - CodeQLRunner - ERROR - Failed to build CodeQL database for roboreactormaster: NoPythonCodeFoundException: No Python code found in the repository. (logger.py:42)
2025-05-28 00:46:45,034 - CodeQLRunner - ERROR - Failed to build CodeQL database for smad-legi-retraining: NoPythonCodeFoundException: No Python code found in the repository. (logger.py:42)
2025-05-28 00:50:13,213 - CodeQLRunner - ERROR - Failed to build CodeQL database for statick-soartech-unofficial-mappings: NoPythonCodeFoundException: No Python code found in the repository. (logger.py:42)
2025-05-28 00:51:11,066 - CodeQLRunner - ERROR - Failed to build CodeQL database for pypipie: NoPythonCodeFoundException: No Python code found in the repository. (logger.py:42)
2025-05-28 00:57:41,273 - CodeQLRunner - ERROR - Failed to build CodeQL database for datadog-pulsar: NoPythonCodeFoundException: No Python code found in the repository. (logger.py:42)
2025-05-28 00:58:55,390 - CodeQLRunner - ERROR - Failed to build CodeQL database for recommenderjyj: NoPythonCodeFoundException: No Python code found in the repository. (logger.py:42)
2025-05-28 01:03:25,064 - CodeQLRunner - ERROR - Failed to build CodeQL database for task-1-cu-cw6: NoPythonCodeFoundException: No Python code found in the repository. (logger.py:42)
2025-05-28 01:08:36,974 - CodeQLRunner - ERROR - Failed to build CodeQL database for strongmind-deployment-beta: NoPythonCodeFoundException: No Python code found in the repository. (logger.py:42)
2025-05-28 01:22:08,704 - CodeQLRunner - ERROR - Failed to build CodeQL database for types-pycrypto: NoPythonCodeFoundException: No Python code found in the repository. (logger.py:42)
2025-05-28 01:23:57,451 - CodeQLRunner - ERROR - Failed to build CodeQL database for pybeepboop: NoPythonCodeFoundException: No Python code found in the repository. (logger.py:42)
2025-05-28 01:26:22,491 - CodeQLRunner - ERROR - Failed to build CodeQL database for wport: NoPythonCodeFoundException: No Python code found in the repository. (logger.py:42)
2025-05-28 01:26:33,391 - CodeQLRunner - ERROR - Failed to build CodeQL database for datadog-kube-controller-manager: NoPythonCodeFoundException: No Python code found in the repository. (logger.py:42)
2025-05-28 01:32:06,560 - CodeQLRunner - ERROR - Failed to build CodeQL database for pylistone: NoPythonCodeFoundException: No Python code found in the repository. (logger.py:42)
2025-05-28 01:32:15,803 - CodeQLRunner - ERROR - Failed to build CodeQL database for picrdatasetcreation: NoPythonCodeFoundException: No Python code found in the repository. (logger.py:42)
2025-05-28 01:32:29,158 - CodeQLRunner - ERROR - Failed to build CodeQL database for cd-pipeline-scripts: NoPythonCodeFoundException: No Python code found in the repository. (logger.py:42)
2025-05-28 01:34:32,141 - CodeQLRunner - ERROR - Failed to build CodeQL database for sccal: NoPythonCodeFoundException: No Python code found in the repository. (logger.py:42)
2025-05-28 01:37:07,746 - CodeQLRunner - ERROR - Failed to build CodeQL database for rida-j: NoPythonCodeFoundException: No Python code found in the repository. (logger.py:42)
2025-05-28 01:39:34,530 - CodeQLRunner - ERROR - Failed to build CodeQL database for datadog-fluentd: NoPythonCodeFoundException: No Python code found in the repository. (logger.py:42)
2025-05-28 01:44:08,883 - CodeQLRunner - ERROR - Failed to build CodeQL database for scrap-dynamic-timer: NoPythonCodeFoundException: No Python code found in the repository. (logger.py:42)
2025-05-28 01:47:43,559 - CodeQLRunner - ERROR - Failed to build CodeQL database for kivy-webview-deps: NoPythonCodeFoundException: No Python code found in the repository. (logger.py:42)
2025-05-28 01:49:22,912 - CodeQLRunner - ERROR - Failed to build CodeQL database for pop-pycbasic: NoPythonCodeFoundException: No Python code found in the repository. (logger.py:42)
2025-05-28 01:53:15,917 - CodeQLRunner - ERROR - Failed to build CodeQL database for tiffextract: NoPythonCodeFoundException: No Python code found in the repository. (logger.py:42)
2025-05-28 01:55:33,620 - CodeQLRunner - ERROR - Failed to build CodeQL database for datadog-windows-service: NoPythonCodeFoundException: No Python code found in the repository. (logger.py:42)
2025-05-28 02:02:03,032 - CodeQLRunner - ERROR - Failed to build CodeQL database for randomized-based-feedforward-neural-network: NoPythonCodeFoundException: No Python code found in the repository. (logger.py:42)
2025-05-28 02:04:29,301 - CodeQLRunner - ERROR - Failed to build CodeQL database for pyous: NoPythonCodeFoundException: No Python code found in the repository. (logger.py:42)
2025-05-28 02:05:41,017 - CodeQLRunner - ERROR - Failed to build CodeQL database for wavetabler: NoPythonCodeFoundException: No Python code found in the repository. (logger.py:42)
2025-05-28 02:10:19,021 - CodeQLRunner - ERROR - Failed to build CodeQL database for ct-test-python-lib: NoPythonCodeFoundException: No Python code found in the repository. (logger.py:42)
2025-05-28 02:10:42,132 - CodeQLRunner - ERROR - Failed to build CodeQL database for cutehive: NoPythonCodeFoundException: No Python code found in the repository. (logger.py:42)
2025-05-28 02:15:39,820 - CodeQLRunner - ERROR - Failed to build CodeQL database for odoo13-addons-oca-purchase-reporting: NoPythonCodeFoundException: No Python code found in the repository. (logger.py:42)
2025-05-28 02:20:37,475 - CodeQLRunner - ERROR - Failed to build CodeQL database for sciplots: NoPythonCodeFoundException: No Python code found in the repository. (logger.py:42)
2025-05-28 02:26:17,569 - CodeQLRunner - ERROR - Failed to build CodeQL database for customer-auth-session-client: NoPythonCodeFoundException: No Python code found in the repository. (logger.py:42)
2025-05-28 02:27:58,268 - CodeQLRunner - ERROR - Failed to build CodeQL database for datadog-confluent-platform: NoPythonCodeFoundException: No Python code found in the repository. (logger.py:42)
2025-05-28 02:33:25,338 - CodeQLRunner - ERROR - Failed to build CodeQL database for customer-delivery-option-client: NoPythonCodeFoundException: No Python code found in the repository. (logger.py:42)
2025-05-28 02:41:00,953 - CodeQLRunner - ERROR - Failed to build CodeQL database for pg-database-manager: NoPythonCodeFoundException: No Python code found in the repository. (logger.py:42)
2025-05-28 02:43:58,923 - CodeQLRunner - ERROR - Failed to build CodeQL database for selfpy: NoPythonCodeFoundException: No Python code found in the repository. (logger.py:42)
2025-05-28 02:48:40,827 - CodeQLRunner - ERROR - Failed to build CodeQL database for pyedge-geocode: NoPythonCodeFoundException: No Python code found in the repository. (logger.py:42)
2025-05-28 02:51:13,841 - CodeQLRunner - ERROR - Failed to build CodeQL database for datadog-druid: NoPythonCodeFoundException: No Python code found in the repository. (logger.py:42)
2025-05-28 02:54:35,101 - CodeQLRunner - ERROR - Failed to build CodeQL database for datadog-cassandra: NoPythonCodeFoundException: No Python code found in the repository. (logger.py:42)
2025-05-28 02:57:58,607 - CodeQLRunner - ERROR - Failed to build CodeQL database for themetadb: NoPythonCodeFoundException: No Python code found in the repository. (logger.py:42)
2025-05-28 02:58:11,062 - CodeQLRunner - ERROR - Failed to build CodeQL database for ship-ai-module: NoPythonCodeFoundException: No Python code found in the repository. (logger.py:42)
2025-05-28 03:00:41,696 - CodeQLRunner - ERROR - Failed to build CodeQL database for retnet-torch: NoPythonCodeFoundException: No Python code found in the repository. (logger.py:42)
2025-05-28 03:02:49,708 - CodeQLRunner - ERROR - Failed to build CodeQL database for datadog-teradata: NoPythonCodeFoundException: No Python code found in the repository. (logger.py:42)
2025-05-28 03:08:47,832 - CodeQLRunner - ERROR - Failed to build CodeQL database for urbantk: NoPythonCodeFoundException: No Python code found in the repository. (logger.py:42)
2025-05-28 03:11:00,350 - CodeQLRunner - ERROR - Failed to build CodeQL database for pyfbsdi2c-tspspi: NoPythonCodeFoundException: No Python code found in the repository. (logger.py:42)
2025-05-28 03:11:09,027 - CodeQLRunner - ERROR - Failed to build CodeQL database for piquelang: NoPythonCodeFoundException: No Python code found in the repository. (logger.py:42)
2025-05-28 03:18:10,171 - CodeQLRunner - ERROR - Failed to build CodeQL database for datadog-boundary: NoPythonCodeFoundException: No Python code found in the repository. (logger.py:42)
2025-05-28 03:22:23,782 - CodeQLRunner - ERROR - Failed to build CodeQL database for steeljenkins: NoPythonCodeFoundException: No Python code found in the repository. (logger.py:42)
2025-05-28 03:32:23,144 - CodeQLRunner - ERROR - Failed to build CodeQL database for pytube-cli: NoPythonCodeFoundException: No Python code found in the repository. (logger.py:42)
2025-05-28 03:32:44,412 - CodeQLRunner - ERROR - Failed to build CodeQL database for dsraptor: NoPythonCodeFoundException: No Python code found in the repository. (logger.py:42)
2025-05-28 03:33:54,351 - CodeQLRunner - ERROR - Failed to build CodeQL database for types-flame: NoSupportedPythonCodeFound: No supported code found in the repository. (logger.py:42)
2025-05-28 03:36:24,940 - CodeQLRunner - ERROR - Failed to build CodeQL database for internimage: NoPythonCodeFoundException: No Python code found in the repository. (logger.py:42)
2025-05-28 03:37:37,446 - CodeQLRunner - ERROR - Failed to build CodeQL database for datadog-proxysql: NoPythonCodeFoundException: No Python code found in the repository. (logger.py:42)
2025-05-28 03:39:05,460 - CodeQLRunner - ERROR - Failed to build CodeQL database for datadog-octopus-deploy: NoPythonCodeFoundException: No Python code found in the repository. (logger.py:42)
2025-05-28 03:42:32,173 - CodeQLRunner - ERROR - Failed to build CodeQL database for pyscramblesgenerator: NoPythonCodeFoundException: No Python code found in the repository. (logger.py:42)
2025-05-28 03:44:43,444 - CodeQLRunner - ERROR - Failed to build CodeQL database for signature-strike: NoPythonCodeFoundException: No Python code found in the repository. (logger.py:42)
2025-05-28 03:48:36,600 - CodeQLRunner - ERROR - Failed to build CodeQL database for coupon-service-client: NoPythonCodeFoundException: No Python code found in the repository. (logger.py:42)
2025-05-28 03:51:44,674 - CodeQLRunner - ERROR - Failed to build CodeQL database for perphix: NoPythonCodeFoundException: No Python code found in the repository. (logger.py:42)
2025-05-28 03:56:18,195 - CodeQLRunner - ERROR - Failed to build CodeQL database for visionapp: NoPythonCodeFoundException: No Python code found in the repository. (logger.py:42)
2025-05-28 03:56:26,944 - CodeQLRunner - ERROR - Failed to build CodeQL database for datadog-dcgm: NoPythonCodeFoundException: No Python code found in the repository. (logger.py:42)
2025-05-28 04:06:18,449 - CodeQLRunner - ERROR - Failed to build CodeQL database for soma-alisson-rodrigo: NoPythonCodeFoundException: No Python code found in the repository. (logger.py:42)
2025-05-28 04:11:44,844 - CodeQLRunner - ERROR - Failed to build CodeQL database for reproplot: NoPythonCodeFoundException: No Python code found in the repository. (logger.py:42)
2025-05-28 04:11:52,099 - CodeQLRunner - ERROR - Failed to build CodeQL database for py-circuit-sim: NoPythonCodeFoundException: No Python code found in the repository. (logger.py:42)
2025-05-28 04:14:16,726 - CodeQLRunner - ERROR - Failed to build CodeQL database for comms-service: NoPythonCodeFoundException: No Python code found in the repository. (logger.py:42)
2025-05-28 04:22:56,309 - CodeQLRunner - ERROR - Failed to build CodeQL database for utils-mitnanex: NoPythonCodeFoundException: No Python code found in the repository. (logger.py:42)
2025-05-28 04:25:35,266 - CodeQLRunner - ERROR - Failed to build CodeQL database for ruvds: NoPythonCodeFoundException: No Python code found in the repository. (logger.py:42)
2025-05-28 04:26:33,097 - CodeQLRunner - ERROR - Failed to build CodeQL database for shog: NoPythonCodeFoundException: No Python code found in the repository. (logger.py:42)
2025-05-28 04:27:49,858 - CodeQLRunner - ERROR - Failed to build CodeQL database for polyaxon-sandbox: NoPythonCodeFoundException: No Python code found in the repository. (logger.py:42)
2025-05-28 04:27:51,352 - CodeQLRunner - ERROR - Failed to build CodeQL database for creditnote-service-client: NoPythonCodeFoundException: No Python code found in the repository. (logger.py:42)
2025-05-28 04:27:56,637 - CodeQLRunner - ERROR - Failed to build CodeQL database for christian: NoPythonCodeFoundException: No Python code found in the repository. (logger.py:42)
2025-05-28 04:29:04,108 - CodeQLRunner - ERROR - Failed to build CodeQL database for roberttest: NoPythonCodeFoundException: No Python code found in the repository. (logger.py:42)
2025-05-28 04:30:19,957 - CodeQLRunner - ERROR - Failed to build CodeQL database for customer-benefits-service-client: NoPythonCodeFoundException: No Python code found in the repository. (logger.py:42)
2025-05-28 04:32:24,886 - CodeQLRunner - ERROR - Failed to build CodeQL database for customer-order-tracking-service-client: NoPythonCodeFoundException: No Python code found in the repository. (logger.py:42)
2025-05-28 04:34:37,686 - CodeQLRunner - ERROR - Failed to build CodeQL database for datadog-kube-dns: NoPythonCodeFoundException: No Python code found in the repository. (logger.py:42)
2025-05-28 04:35:30,772 - CodeQLRunner - ERROR - Failed to build CodeQL database for rtrapy: NoPythonCodeFoundException: No Python code found in the repository. (logger.py:42)
2025-05-28 04:44:35,175 - CodeQLRunner - ERROR - Failed to build CodeQL database for websocketx: NoPythonCodeFoundException: No Python code found in the repository. (logger.py:42)
2025-05-28 04:53:32,462 - CodeQLRunner - ERROR - Failed to build CodeQL database for xlsjzxku: NoPythonCodeFoundException: No Python code found in the repository. (logger.py:42)
2025-05-28 04:53:58,462 - CodeQLRunner - ERROR - Failed to build CodeQL database for snapdb: NoPythonCodeFoundException: No Python code found in the repository. (logger.py:42)
2025-05-28 04:54:07,866 - CodeQLRunner - ERROR - Failed to build CodeQL database for datadog-jboss-wildfly: NoPythonCodeFoundException: No Python code found in the repository. (logger.py:42)
2025-05-28 04:56:26,295 - CodeQLRunner - ERROR - Failed to build CodeQL database for datadog-nvidia-nim: NoPythonCodeFoundException: No Python code found in the repository. (logger.py:42)
2025-05-28 04:58:54,472 - CodeQLRunner - ERROR - Failed to build CodeQL database for restapi-prasanth: NoPythonCodeFoundException: No Python code found in the repository. (logger.py:42)
2025-05-28 05:12:21,120 - CodeQLRunner - ERROR - Failed to build CodeQL database for mx-recommender: NoPythonCodeFoundException: No Python code found in the repository. (logger.py:42)
2025-05-28 05:16:12,450 - CodeQLRunner - ERROR - Failed to build CodeQL database for datadog-presto: NoPythonCodeFoundException: No Python code found in the repository. (logger.py:42)
2025-05-28 05:21:34,671 - CodeQLRunner - ERROR - Failed to build CodeQL database for datadog-journald: NoPythonCodeFoundException: No Python code found in the repository. (logger.py:42)
2025-05-28 05:24:06,520 - CodeQLRunner - ERROR - Failed to build CodeQL database for sanketbahir: NoPythonCodeFoundException: No Python code found in the repository. (logger.py:42)
2025-05-28 05:27:25,740 - CodeQLRunner - ERROR - Failed to build CodeQL database for pigs: NoPythonCodeFoundException: No Python code found in the repository. (logger.py:42)
2025-05-28 05:33:53,993 - CodeQLRunner - ERROR - Failed to build CodeQL database for sn15-subnet-shared-libs: NoPythonCodeFoundException: No Python code found in the repository. (logger.py:42)
2025-05-28 05:33:56,334 - CodeQLRunner - ERROR - Failed to build CodeQL database for rapidfuzz-collections: NoPythonCodeFoundException: No Python code found in the repository. (logger.py:42)
2025-05-28 05:36:30,958 - CodeQLRunner - ERROR - Failed to build CodeQL database for odoo13-addons-shopinvader-odoo-misc: NoPythonCodeFoundException: No Python code found in the repository. (logger.py:42)
2025-05-28 05:36:49,147 - CodeQLRunner - ERROR - Failed to build CodeQL database for semantic-search-utils: NoPythonCodeFoundException: No Python code found in the repository. (logger.py:42)
2025-05-28 05:37:09,114 - CodeQLRunner - ERROR - Failed to build CodeQL database for search-service: NoPythonCodeFoundException: No Python code found in the repository. (logger.py:42)
2025-05-28 05:37:23,891 - CodeQLRunner - ERROR - Failed to build CodeQL database for types-tsbot-empty: NoPythonCodeFoundException: No Python code found in the repository. (logger.py:42)
2025-05-28 05:44:21,421 - CodeQLRunner - ERROR - Failed to build CodeQL database for spiritlong-database: NoPythonCodeFoundException: No Python code found in the repository. (logger.py:42)
2025-05-28 05:45:08,855 - CodeQLRunner - ERROR - Failed to build CodeQL database for awsful: NoPythonCodeFoundException: No Python code found in the repository. (logger.py:42)
2025-05-28 05:49:54,381 - CodeQLRunner - ERROR - Failed to build CodeQL database for nvk-poc: NoPythonCodeFoundException: No Python code found in the repository. (logger.py:42)
2025-05-28 05:51:33,874 - CodeQLRunner - ERROR - Failed to build CodeQL database for pyoptlib: NoPythonCodeFoundException: No Python code found in the repository. (logger.py:42)
2025-05-28 05:56:27,604 - CodeQLRunner - ERROR - Failed to build CodeQL database for pycpirxcy: NoPythonCodeFoundException: No Python code found in the repository. (logger.py:42)
2025-05-28 05:57:50,176 - CodeQLRunner - ERROR - Failed to build CodeQL database for rfyolov2: NoPythonCodeFoundException: No Python code found in the repository. (logger.py:42)
2025-05-28 06:01:03,915 - CodeQLRunner - ERROR - Failed to build CodeQL database for painter-coronary-arteries: NoPythonCodeFoundException: No Python code found in the repository. (logger.py:42)
2025-05-28 06:01:23,354 - CodeQLRunner - ERROR - Failed to build CodeQL database for pybom: NoPythonCodeFoundException: No Python code found in the repository. (logger.py:42)
2025-05-28 06:04:36,127 - CodeQLRunner - ERROR - Failed to build CodeQL database for starkbobo-pkg: NoPythonCodeFoundException: No Python code found in the repository. (logger.py:42)
2025-05-28 06:05:45,018 - CodeQLRunner - ERROR - Failed to build CodeQL database for uavsim: NoPythonCodeFoundException: No Python code found in the repository. (logger.py:42)
2025-05-28 06:06:13,849 - CodeQLRunner - ERROR - Failed to build CodeQL database for datadog-scylla: NoPythonCodeFoundException: No Python code found in the repository. (logger.py:42)
2025-05-28 06:06:25,967 - CodeQLRunner - ERROR - Failed to build CodeQL database for django-webhook-handler: NoPythonCodeFoundException: No Python code found in the repository. (logger.py:42)
2025-05-28 06:06:59,841 - CodeQLRunner - ERROR - Failed to build CodeQL database for datadog-teamcity: NoPythonCodeFoundException: No Python code found in the repository. (logger.py:42)
2025-05-28 06:15:17,857 - CodeQLRunner - ERROR - Failed to build CodeQL database for ogun: NoPythonCodeFoundException: No Python code found in the repository. (logger.py:42)
2025-05-28 06:27:17,604 - CodeQLRunner - ERROR - Failed to build CodeQL database for temp-converter: NoPythonCodeFoundException: No Python code found in the repository. (logger.py:42)
2025-05-28 06:27:54,834 - CodeQLRunner - ERROR - Query timed out for sqlalchemy-patch: /home/class-pollution/Desktop/python-class-pollution/codeql-query/class-pollution-all/class-pollution.qls (logger.py:42)
2025-05-28 06:27:57,312 - CodeQLRunner - ERROR - Failed to run query: /home/class-pollution/Desktop/python-class-pollution/codeql-query/class-pollution-all/class-pollution.qls (logger.py:42)
2025-05-28 06:27:57,447 - CodeQLRunner - ERROR - Failed to build CodeQL database for datadog-sonicwall-firewall: NoPythonCodeFoundException: No Python code found in the repository. (logger.py:42)
2025-05-28 06:30:27,124 - CodeQLRunner - ERROR - Failed to build CodeQL database for tafsir1: NoPythonCodeFoundException: No Python code found in the repository. (logger.py:42)
2025-05-28 06:33:39,088 - CodeQLRunner - ERROR - Failed to build CodeQL database for serverless-secret-service: NoPythonCodeFoundException: No Python code found in the repository. (logger.py:42)
2025-05-28 06:40:15,375 - CodeQLRunner - ERROR - Failed to build CodeQL database for pyjarowinkler-stubs: NoSupportedPythonCodeFound: No supported code found in the repository. (logger.py:42)
2025-05-28 06:40:22,965 - CodeQLRunner - ERROR - Failed to build CodeQL database for vs-api-elastic-history: NoPythonCodeFoundException: No Python code found in the repository. (logger.py:42)
2025-05-28 06:41:58,102 - CodeQLRunner - ERROR - Failed to build CodeQL database for rent-countdown: NoPythonCodeFoundException: No Python code found in the repository. (logger.py:42)
2025-05-28 06:42:13,254 - CodeQLRunner - ERROR - Failed to build CodeQL database for datadog-vsphere: NoPythonCodeFoundException: No Python code found in the repository. (logger.py:42)
2025-05-28 06:50:08,339 - CodeQLRunner - ERROR - Failed to build CodeQL database for show-table-logs: NoPythonCodeFoundException: No Python code found in the repository. (logger.py:42)
2025-05-28 06:54:05,706 - CodeQLRunner - ERROR - Failed to build CodeQL database for pytest-markdoctest: NoPythonCodeFoundException: No Python code found in the repository. (logger.py:42)
2025-05-28 06:55:24,158 - CodeQLRunner - ERROR - Failed to build CodeQL database for datadog-traefik-mesh: NoPythonCodeFoundException: No Python code found in the repository. (logger.py:42)
2025-05-28 07:01:49,643 - CodeQLRunner - ERROR - Failed to build CodeQL database for py-eth-airdrop: NoPythonCodeFoundException: No Python code found in the repository. (logger.py:42)
2025-05-28 07:09:02,768 - CodeQLRunner - ERROR - Failed to build CodeQL database for taep: NoPythonCodeFoundException: No Python code found in the repository. (logger.py:42)
2025-05-28 07:15:24,927 - CodeQLRunner - ERROR - Failed to build CodeQL database for delivery-service: NoPythonCodeFoundException: No Python code found in the repository. (logger.py:42)
2025-05-28 07:17:49,644 - CodeQLRunner - ERROR - Failed to build CodeQL database for slazzer-cli: NoPythonCodeFoundException: No Python code found in the repository. (logger.py:42)
2025-05-28 07:19:03,068 - CodeQLRunner - ERROR - Failed to build CodeQL database for certbot-pinned: NoPythonCodeFoundException: No Python code found in the repository. (logger.py:42)
2025-05-28 07:24:24,535 - CodeQLRunner - ERROR - Failed to build CodeQL database for pytest-change-demo: NoPythonCodeFoundException: No Python code found in the repository. (logger.py:42)
2025-05-28 07:25:34,590 - CodeQLRunner - ERROR - Failed to build CodeQL database for prometheus-borgmatic-exporter: NoPythonCodeFoundException: No Python code found in the repository. (logger.py:42)
2025-05-28 07:28:11,373 - CodeQLRunner - ERROR - Failed to build CodeQL database for roboflow-cvevals: NoPythonCodeFoundException: No Python code found in the repository. (logger.py:42)
2025-05-28 07:29:34,519 - CodeQLRunner - ERROR - Failed to build CodeQL database for wegift: NoPythonCodeFoundException: No Python code found in the repository. (logger.py:42)
2025-05-28 07:31:01,482 - CodeQLRunner - ERROR - Failed to build CodeQL database for sourshadow: NoPythonCodeFoundException: No Python code found in the repository. (logger.py:42)
2025-05-28 07:31:05,968 - CodeQLRunner - ERROR - Failed to build CodeQL database for datadog-ibm-i: NoPythonCodeFoundException: No Python code found in the repository. (logger.py:42)
2025-05-28 07:37:07,413 - CodeQLRunner - ERROR - Failed to build CodeQL database for datadog-zeek: NoPythonCodeFoundException: No Python code found in the repository. (logger.py:42)
2025-05-28 07:37:27,401 - CodeQLRunner - ERROR - Failed to build CodeQL database for test-project-for-mip: NoPythonCodeFoundException: No Python code found in the repository. (logger.py:42)
2025-05-28 07:38:52,923 - CodeQLRunner - ERROR - Failed to build CodeQL database for py-physicstools: NoPythonCodeFoundException: No Python code found in the repository. (logger.py:42)
2025-05-28 07:43:54,287 - CodeQLRunner - ERROR - Failed to build CodeQL database for datadog-esxi: NoPythonCodeFoundException: No Python code found in the repository. (logger.py:42)
2025-05-28 07:45:26,308 - CodeQLRunner - ERROR - Failed to build CodeQL database for datadog-kube-apiserver-metrics: NoPythonCodeFoundException: No Python code found in the repository. (logger.py:42)
2025-05-28 07:47:29,947 - CodeQLRunner - ERROR - Failed to build CodeQL database for shopcloud-django-test: NoPythonCodeFoundException: No Python code found in the repository. (logger.py:42)
2025-05-28 07:47:38,264 - CodeQLRunner - ERROR - Failed to build CodeQL database for datadog-karpenter: NoPythonCodeFoundException: No Python code found in the repository. (logger.py:42)
2025-05-28 07:50:06,597 - CodeQLRunner - ERROR - Failed to build CodeQL database for xiaomicaifibo-pip-fibo: NoPythonCodeFoundException: No Python code found in the repository. (logger.py:42)
2025-05-28 07:52:22,476 - CodeQLRunner - ERROR - Failed to build CodeQL database for datadog-cassandra-nodetool: NoPythonCodeFoundException: No Python code found in the repository. (logger.py:42)
2025-05-28 07:55:29,863 - CodeQLRunner - ERROR - Failed to build CodeQL database for pipg2ip: NoPythonCodeFoundException: No Python code found in the repository. (logger.py:42)
2025-05-28 07:55:39,847 - CodeQLRunner - ERROR - Failed to build CodeQL database for sphinxhub: NoPythonCodeFoundException: No Python code found in the repository. (logger.py:42)
2025-05-28 07:55:48,571 - CodeQLRunner - ERROR - Failed to build CodeQL database for themaker: NoPythonCodeFoundException: No Python code found in the repository. (logger.py:42)
2025-05-28 07:56:03,325 - CodeQLRunner - ERROR - Failed to build CodeQL database for datadog-tenable: NoPythonCodeFoundException: No Python code found in the repository. (logger.py:42)
2025-05-28 07:58:16,271 - CodeQLRunner - ERROR - Failed to build CodeQL database for qactus: NoSupportedPythonCodeFound: No supported code found in the repository. (logger.py:42)
2025-05-28 08:01:53,410 - CodeQLRunner - ERROR - Failed to build CodeQL database for realestatedata533: NoPythonCodeFoundException: No Python code found in the repository. (logger.py:42)
2025-05-28 08:05:13,965 - CodeQLRunner - ERROR - Failed to build CodeQL database for slot-gacor-hari-ini: NoPythonCodeFoundException: No Python code found in the repository. (logger.py:42)
2025-05-28 08:07:05,533 - CodeQLRunner - ERROR - Failed to build CodeQL database for datadog-kube-scheduler: NoPythonCodeFoundException: No Python code found in the repository. (logger.py:42)
2025-05-28 08:11:42,780 - CodeQLRunner - ERROR - Failed to build CodeQL database for datadog-gunicorn: NoPythonCodeFoundException: No Python code found in the repository. (logger.py:42)
2025-05-28 08:13:53,651 - CodeQLRunner - ERROR - Failed to build CodeQL database for synapse-domain-rule-checker: NoPythonCodeFoundException: No Python code found in the repository. (logger.py:42)
2025-05-28 08:16:18,425 - CodeQLRunner - ERROR - Failed to build CodeQL database for data-image-tensorflow: NoPythonCodeFoundException: No Python code found in the repository. (logger.py:42)
2025-05-28 08:16:26,325 - CodeQLRunner - ERROR - Failed to build CodeQL database for qfa: NoPythonCodeFoundException: No Python code found in the repository. (logger.py:42)
2025-05-28 08:17:40,300 - CodeQLRunner - ERROR - Failed to build CodeQL database for smad-legi-id-extraction-donut: NoPythonCodeFoundException: No Python code found in the repository. (logger.py:42)
2025-05-28 08:20:04,609 - CodeQLRunner - ERROR - Failed to build CodeQL database for datadog-ibm-was: NoPythonCodeFoundException: No Python code found in the repository. (logger.py:42)
2025-05-28 08:31:59,278 - CodeQLRunner - ERROR - Failed to build CodeQL database for datadog-oracle: NoPythonCodeFoundException: No Python code found in the repository. (logger.py:42)
2025-05-28 08:32:32,828 - CodeQLRunner - ERROR - Failed to build CodeQL database for datadog-powerdns-recursor: NoPythonCodeFoundException: No Python code found in the repository. (logger.py:42)
2025-05-28 08:36:23,683 - CodeQLRunner - ERROR - Failed to build CodeQL database for vc-deepmodel: NoPythonCodeFoundException: No Python code found in the repository. (logger.py:42)
2025-05-28 08:37:08,031 - CodeQLRunner - ERROR - Failed to build CodeQL database for datadog-hive: NoPythonCodeFoundException: No Python code found in the repository. (logger.py:42)
2025-05-28 08:37:17,152 - CodeQLRunner - ERROR - Failed to build CodeQL database for pytest-nice: NoPythonCodeFoundException: No Python code found in the repository. (logger.py:42)
2025-05-28 08:37:25,672 - CodeQLRunner - ERROR - Failed to build CodeQL database for pyrawdatamanage: NoPythonCodeFoundException: No Python code found in the repository. (logger.py:42)
2025-05-28 08:44:47,043 - CodeQLRunner - ERROR - Failed to build CodeQL database for datadog-istio: NoPythonCodeFoundException: No Python code found in the repository. (logger.py:42)
2025-05-28 08:46:46,125 - CodeQLRunner - ERROR - Failed to build CodeQL database for nlp-tf-idf: NoPythonCodeFoundException: No Python code found in the repository. (logger.py:42)
2025-05-28 08:59:53,359 - CodeQLRunner - ERROR - Failed to build CodeQL database for datadog-foundationdb: NoPythonCodeFoundException: No Python code found in the repository. (logger.py:42)
2025-05-28 09:05:34,307 - CodeQLRunner - ERROR - Failed to build CodeQL database for smpc: NoPythonCodeFoundException: No Python code found in the repository. (logger.py:42)
2025-05-28 09:09:01,841 - CodeQLRunner - ERROR - Failed to build CodeQL database for roten: NoPythonCodeFoundException: No Python code found in the repository. (logger.py:42)
2025-05-28 09:09:02,452 - CodeQLRunner - ERROR - Failed to build CodeQL database for papamoon0113: NoPythonCodeFoundException: No Python code found in the repository. (logger.py:42)
2025-05-28 09:12:35,131 - CodeQLRunner - ERROR - Failed to build CodeQL database for rosspdf: NoPythonCodeFoundException: No Python code found in the repository. (logger.py:42)
2025-05-28 09:14:41,989 - CodeQLRunner - ERROR - Failed to build CodeQL database for roboflow-computer-vision-evals: NoPythonCodeFoundException: No Python code found in the repository. (logger.py:42)
2025-05-28 09:19:14,345 - CodeQLRunner - ERROR - Failed to build CodeQL database for datadog-iis: NoPythonCodeFoundException: No Python code found in the repository. (logger.py:42)
2025-05-28 09:20:53,004 - CodeQLRunner - ERROR - Failed to build CodeQL database for datadog-impala: NoPythonCodeFoundException: No Python code found in the repository. (logger.py:42)
2025-05-28 09:25:31,045 - CodeQLRunner - ERROR - Failed to build CodeQL database for datadog-cockroachdb: NoPythonCodeFoundException: No Python code found in the repository. (logger.py:42)
2025-05-28 09:25:39,535 - CodeQLRunner - ERROR - Failed to build CodeQL database for datadog-vault: NoPythonCodeFoundException: No Python code found in the repository. (logger.py:42)
2025-05-28 09:26:54,448 - CodeQLRunner - ERROR - Failed to build CodeQL database for pyedge-entity: NoPythonCodeFoundException: No Python code found in the repository. (logger.py:42)
2025-05-28 09:28:00,374 - CodeQLRunner - ERROR - Failed to build CodeQL database for rznpy: NoPythonCodeFoundException: No Python code found in the repository. (logger.py:42)
2025-05-28 09:31:34,430 - CodeQLRunner - ERROR - Failed to build CodeQL database for resampling-techniques: NoPythonCodeFoundException: No Python code found in the repository. (logger.py:42)
2025-05-28 09:37:21,878 - CodeQLRunner - ERROR - Failed to build CodeQL database for siambotnet: NoPythonCodeFoundException: No Python code found in the repository. (logger.py:42)
2025-05-28 09:39:31,814 - CodeQLRunner - ERROR - Failed to build CodeQL database for datadog-gitlab-runner: NoPythonCodeFoundException: No Python code found in the repository. (logger.py:42)
2025-05-28 09:40:00,159 - CodeQLRunner - ERROR - Failed to build CodeQL database for datadog-openldap: NoPythonCodeFoundException: No Python code found in the repository. (logger.py:42)
2025-05-28 09:40:34,391 - CodeQLRunner - ERROR - Failed to build CodeQL database for passwd-crypto: NoPythonCodeFoundException: No Python code found in the repository. (logger.py:42)
2025-05-28 09:43:20,564 - CodeQLRunner - ERROR - Failed to build CodeQL database for shereen: NoPythonCodeFoundException: No Python code found in the repository. (logger.py:42)
2025-05-28 09:45:13,158 - CodeQLRunner - ERROR - Failed to build CodeQL database for py-su: NoPythonCodeFoundException: No Python code found in the repository. (logger.py:42)
2025-05-28 09:47:27,434 - CodeQLRunner - ERROR - Failed to build CodeQL database for pkgup: NoPythonCodeFoundException: No Python code found in the repository. (logger.py:42)
2025-05-28 09:59:48,759 - CodeQLRunner - ERROR - Failed to build CodeQL database for datadog-weblogic: NoPythonCodeFoundException: No Python code found in the repository. (logger.py:42)
2025-05-28 10:00:19,820 - CodeQLRunner - ERROR - Failed to build CodeQL database for flask-swadantic: NoPythonCodeFoundException: No Python code found in the repository. (logger.py:42)
2025-05-28 10:03:36,786 - CodeQLRunner - ERROR - Failed to build CodeQL database for devhose-producer: NoPythonCodeFoundException: No Python code found in the repository. (logger.py:42)
2025-05-28 10:03:47,163 - CodeQLRunner - ERROR - Failed to build CodeQL database for datadog-citrix-hypervisor: NoPythonCodeFoundException: No Python code found in the repository. (logger.py:42)
2025-05-28 10:04:27,847 - CodeQLRunner - ERROR - Failed to build CodeQL database for datadog-kyototycoon: NoPythonCodeFoundException: No Python code found in the repository. (logger.py:42)
2025-05-28 10:06:22,684 - CodeQLRunner - ERROR - Failed to build CodeQL database for sprite-sheet-tcthai: NoPythonCodeFoundException: No Python code found in the repository. (logger.py:42)
2025-05-28 10:06:33,251 - CodeQLRunner - ERROR - Failed to build CodeQL database for pennylib01: NoPythonCodeFoundException: No Python code found in the repository. (logger.py:42)
2025-05-28 10:18:26,467 - CodeQLRunner - ERROR - Failed to build CodeQL database for ziptastic-python: NoPythonCodeFoundException: No Python code found in the repository. (logger.py:42)
2025-05-28 10:21:45,736 - CodeQLRunner - ERROR - Failed to build CodeQL database for plz-dataset: NoPythonCodeFoundException: No Python code found in the repository. (logger.py:42)
2025-05-28 10:29:35,725 - CodeQLRunner - ERROR - Failed to build CodeQL database for datadog-mesos-slave: NoPythonCodeFoundException: No Python code found in the repository. (logger.py:42)
2025-05-28 10:30:23,548 - CodeQLRunner - ERROR - Failed to build CodeQL database for poiebot: NoPythonCodeFoundException: No Python code found in the repository. (logger.py:42)
2025-05-28 10:35:31,471 - CodeQLRunner - ERROR - Failed to build CodeQL database for sofit: NoPythonCodeFoundException: No Python code found in the repository. (logger.py:42)
2025-05-28 10:42:16,746 - CodeQLRunner - ERROR - Failed to build CodeQL database for telegree: NoPythonCodeFoundException: No Python code found in the repository. (logger.py:42)
2025-05-28 10:47:00,626 - CodeQLRunner - ERROR - Failed to build CodeQL database for spire-word: NoPythonCodeFoundException: No Python code found in the repository. (logger.py:42)
2025-05-28 10:48:15,312 - CodeQLRunner - ERROR - Failed to build CodeQL database for datadog-varnish: NoPythonCodeFoundException: No Python code found in the repository. (logger.py:42)
2025-05-28 10:51:41,742 - CodeQLRunner - ERROR - Failed to build CodeQL database for phylophun: NoPythonCodeFoundException: No Python code found in the repository. (logger.py:42)
2025-05-28 10:55:58,443 - CodeQLRunner - ERROR - Failed to build CodeQL database for pytest-koopmans: NoPythonCodeFoundException: No Python code found in the repository. (logger.py:42)
2025-05-28 11:01:40,112 - CodeQLRunner - ERROR - Failed to build CodeQL database for mathmatics: NoPythonCodeFoundException: No Python code found in the repository. (logger.py:42)
2025-05-28 11:11:42,409 - CodeQLRunner - ERROR - Failed to build CodeQL database for stellarbot: NoPythonCodeFoundException: No Python code found in the repository. (logger.py:42)
2025-05-28 11:19:14,854 - CodeQLRunner - ERROR - Failed to build CodeQL database for shielderize: NoPythonCodeFoundException: No Python code found in the repository. (logger.py:42)
2025-05-28 11:24:57,501 - CodeQLRunner - ERROR - Failed to build CodeQL database for secret-scanning-tools: NoPythonCodeFoundException: No Python code found in the repository. (logger.py:42)
2025-05-28 11:25:00,249 - CodeQLRunner - ERROR - Failed to build CodeQL database for repsci-elplatt: NoPythonCodeFoundException: No Python code found in the repository. (logger.py:42)
2025-05-28 11:25:09,646 - CodeQLRunner - ERROR - Failed to build CodeQL database for cloudstarter: NoPythonCodeFoundException: No Python code found in the repository. (logger.py:42)
2025-05-28 11:25:13,167 - CodeQLRunner - ERROR - Failed to build CodeQL database for sshcracker: NoPythonCodeFoundException: No Python code found in the repository. (logger.py:42)
2025-05-28 11:26:26,645 - CodeQLRunner - ERROR - Failed to build CodeQL database for sb9500: NoPythonCodeFoundException: No Python code found in the repository. (logger.py:42)
2025-05-28 11:31:18,874 - CodeQLRunner - ERROR - Failed to build CodeQL database for datadog-kube-proxy: NoPythonCodeFoundException: No Python code found in the repository. (logger.py:42)
2025-05-28 11:37:40,643 - CodeQLRunner - ERROR - Failed to build CodeQL database for suber: NoPythonCodeFoundException: No Python code found in the repository. (logger.py:42)
2025-05-28 11:44:38,630 - CodeQLRunner - ERROR - Failed to build CodeQL database for redactedtukexin-test: NoPythonCodeFoundException: No Python code found in the repository. (logger.py:42)
2025-05-28 11:47:26,582 - CodeQLRunner - ERROR - Failed to build CodeQL database for tabulapro: NoPythonCodeFoundException: No Python code found in the repository. (logger.py:42)
2025-05-28 11:50:09,417 - CodeQLRunner - ERROR - Failed to build CodeQL database for upset-altair: NoPythonCodeFoundException: No Python code found in the repository. (logger.py:42)
2025-05-28 11:51:39,753 - CodeQLRunner - ERROR - Failed to build CodeQL database for whatupworld: NoPythonCodeFoundException: No Python code found in the repository. (logger.py:42)
2025-05-28 11:52:49,050 - CodeQLRunner - ERROR - Failed to build CodeQL database for pipedt-hanjing: NoPythonCodeFoundException: No Python code found in the repository. (logger.py:42)
2025-05-28 11:55:14,254 - CodeQLRunner - ERROR - Failed to build CodeQL database for sparseland: NoPythonCodeFoundException: No Python code found in the repository. (logger.py:42)
2025-05-28 11:55:39,101 - CodeQLRunner - ERROR - Failed to build CodeQL database for datadog-ecs-fargate: NoPythonCodeFoundException: No Python code found in the repository. (logger.py:42)
2025-05-28 11:58:24,966 - CodeQLRunner - ERROR - Failed to build CodeQL database for pegaso: NoPythonCodeFoundException: No Python code found in the repository. (logger.py:42)
2025-05-28 12:00:12,469 - CodeQLRunner - ERROR - Failed to build CodeQL database for telegin: NoPythonCodeFoundException: No Python code found in the repository. (logger.py:42)
2025-05-28 12:05:23,195 - CodeQLRunner - ERROR - Failed to build CodeQL database for generate-token: NoPythonCodeFoundException: No Python code found in the repository. (logger.py:42)
2025-05-28 12:05:31,755 - CodeQLRunner - ERROR - Failed to build CodeQL database for simuverse: NoPythonCodeFoundException: No Python code found in the repository. (logger.py:42)
2025-05-28 12:17:11,449 - CodeQLRunner - ERROR - Failed to build CodeQL database for simple-sql: NoPythonCodeFoundException: No Python code found in the repository. (logger.py:42)
2025-05-28 12:19:02,406 - CodeQLRunner - ERROR - Failed to build CodeQL database for pyedge-whd: NoPythonCodeFoundException: No Python code found in the repository. (logger.py:42)
2025-05-28 12:25:55,329 - CodeQLRunner - ERROR - Failed to build CodeQL database for rentcalculationsutility: NoPythonCodeFoundException: No Python code found in the repository. (logger.py:42)
2025-05-28 12:27:20,217 - CodeQLRunner - ERROR - Failed to build CodeQL database for primalib: NoPythonCodeFoundException: No Python code found in the repository. (logger.py:42)
2025-05-28 12:34:13,479 - CodeQLRunner - ERROR - Failed to build CodeQL database for ubcpkg: NoPythonCodeFoundException: No Python code found in the repository. (logger.py:42)
2025-05-28 12:34:28,956 - CodeQLRunner - ERROR - Failed to build CodeQL database for data-access-layer-pyspark: NoPythonCodeFoundException: No Python code found in the repository. (logger.py:42)
2025-05-28 12:40:26,216 - CodeQLRunner - ERROR - Failed to build CodeQL database for datadog-cacti: NoPythonCodeFoundException: No Python code found in the repository. (logger.py:42)
2025-05-28 12:48:19,730 - CodeQLRunner - ERROR - Failed to build CodeQL database for py-etl: NoPythonCodeFoundException: No Python code found in the repository. (logger.py:42)
2025-05-28 12:54:39,088 - CodeQLRunner - ERROR - Failed to build CodeQL database for datadog-kubelet: NoPythonCodeFoundException: No Python code found in the repository. (logger.py:42)
2025-05-28 12:56:32,034 - CodeQLRunner - ERROR - Failed to build CodeQL database for datadog-pan-firewall: NoPythonCodeFoundException: No Python code found in the repository. (logger.py:42)
2025-05-28 13:05:18,771 - CodeQLRunner - ERROR - Failed to build CodeQL database for pydact: NoPythonCodeFoundException: No Python code found in the repository. (logger.py:42)
2025-05-28 13:18:05,900 - CodeQLRunner - ERROR - Failed to build CodeQL database for ptmdb: NoPythonCodeFoundException: No Python code found in the repository. (logger.py:42)
2025-05-28 13:18:52,514 - CodeQLRunner - ERROR - Failed to build CodeQL database for pyedge-welfare: NoPythonCodeFoundException: No Python code found in the repository. (logger.py:42)
2025-05-28 13:21:35,587 - CodeQLRunner - ERROR - Failed to build CodeQL database for py-pass-simple: NoPythonCodeFoundException: No Python code found in the repository. (logger.py:42)
2025-05-28 13:24:43,808 - CodeQLRunner - ERROR - Failed to build CodeQL database for srrpy: NoPythonCodeFoundException: No Python code found in the repository. (logger.py:42)
2025-05-28 13:25:58,552 - CodeQLRunner - ERROR - Failed to build CodeQL database for customer-service: NoPythonCodeFoundException: No Python code found in the repository. (logger.py:42)
2025-05-28 13:30:01,616 - CodeQLRunner - ERROR - Failed to build CodeQL database for serverless-integrations: NoPythonCodeFoundException: No Python code found in the repository. (logger.py:42)
2025-05-28 13:30:05,456 - CodeQLRunner - ERROR - Failed to build CodeQL database for customer-service-client: NoPythonCodeFoundException: No Python code found in the repository. (logger.py:42)
2025-05-28 13:31:22,446 - CodeQLRunner - ERROR - Failed to build CodeQL database for pydracodec: NoPythonCodeFoundException: No Python code found in the repository. (logger.py:42)
2025-05-28 13:33:35,137 - CodeQLRunner - ERROR - Failed to build CodeQL database for datadog-process: NoPythonCodeFoundException: No Python code found in the repository. (logger.py:42)
2025-05-28 13:36:51,298 - CodeQLRunner - ERROR - Failed to build CodeQL database for pyoptionic: NoPythonCodeFoundException: No Python code found in the repository. (logger.py:42)
2025-05-28 13:38:39,522 - CodeQLRunner - ERROR - Failed to build CodeQL database for stochastic-py: NoPythonCodeFoundException: No Python code found in the repository. (logger.py:42)
2025-05-28 13:40:38,356 - CodeQLRunner - ERROR - Failed to build CodeQL database for create-dict-id: NoPythonCodeFoundException: No Python code found in the repository. (logger.py:42)
2025-05-28 13:40:39,439 - CodeQLRunner - ERROR - Failed to build CodeQL database for cronscan: NoPythonCodeFoundException: No Python code found in the repository. (logger.py:42)
2025-05-28 13:40:50,240 - CodeQLRunner - ERROR - Failed to build CodeQL database for coc-api-module: NoPythonCodeFoundException: No Python code found in the repository. (logger.py:42)
2025-05-28 13:43:47,092 - CodeQLRunner - ERROR - Failed to build CodeQL database for datadog-ibm-db2: NoPythonCodeFoundException: No Python code found in the repository. (logger.py:42)
2025-05-28 13:54:47,254 - CodeQLRunner - ERROR - Failed to build CodeQL database for datadog-ignite: NoPythonCodeFoundException: No Python code found in the repository. (logger.py:42)
2025-05-28 13:55:28,531 - CodeQLRunner - ERROR - Failed to build CodeQL database for typeplus: NoPythonCodeFoundException: No Python code found in the repository. (logger.py:42)
2025-05-28 13:58:16,667 - CodeQLRunner - ERROR - Failed to build CodeQL database for revwordmainsym: NoPythonCodeFoundException: No Python code found in the repository. (logger.py:42)
2025-05-28 13:58:54,080 - CodeQLRunner - ERROR - Failed to build CodeQL database for cites-vr: NoPythonCodeFoundException: No Python code found in the repository. (logger.py:42)
2025-05-28 14:06:17,373 - CodeQLRunner - ERROR - Failed to build CodeQL database for datadog-ibm-ace: NoPythonCodeFoundException: No Python code found in the repository. (logger.py:42)
2025-05-28 14:06:36,231 - CodeQLRunner - ERROR - Failed to build CodeQL database for datadog-windows-performance-counters: NoPythonCodeFoundException: No Python code found in the repository. (logger.py:42)
2025-05-28 14:21:32,241 - CodeQLRunner - ERROR - Failed to build CodeQL database for pyedge-normalization: NoPythonCodeFoundException: No Python code found in the repository. (logger.py:42)
2025-05-28 14:22:07,678 - CodeQLRunner - ERROR - Failed to build CodeQL database for us-address-standardizer: NoPythonCodeFoundException: No Python code found in the repository. (logger.py:42)
2025-05-28 14:26:16,420 - CodeQLRunner - ERROR - Failed to build CodeQL database for datadog-zk: NoPythonCodeFoundException: No Python code found in the repository. (logger.py:42)
2025-05-28 14:26:19,447 - CodeQLRunner - ERROR - Failed to build CodeQL database for cress-lib: NoPythonCodeFoundException: No Python code found in the repository. (logger.py:42)
2025-05-28 14:33:30,275 - CodeQLRunner - ERROR - Failed to build CodeQL database for datadog-azure-iot-edge: NoPythonCodeFoundException: No Python code found in the repository. (logger.py:42)
2025-05-28 14:34:10,149 - CodeQLRunner - ERROR - Failed to build CodeQL database for pysimulacra: NoPythonCodeFoundException: No Python code found in the repository. (logger.py:42)
2025-05-28 14:39:40,397 - CodeQLRunner - ERROR - Failed to build CodeQL database for themd: NoPythonCodeFoundException: No Python code found in the repository. (logger.py:42)
2025-05-28 14:44:45,083 - CodeQLRunner - ERROR - Failed to build CodeQL database for sorapi: NoPythonCodeFoundException: No Python code found in the repository. (logger.py:42)
2025-05-28 14:45:52,140 - CodeQLRunner - ERROR - Failed to build CodeQL database for tellus: NoPythonCodeFoundException: No Python code found in the repository. (logger.py:42)
2025-05-28 14:47:34,858 - CodeQLRunner - ERROR - Failed to build CodeQL database for rmti: NoPythonCodeFoundException: No Python code found in the repository. (logger.py:42)
2025-05-28 14:53:09,273 - CodeQLRunner - ERROR - Failed to build CodeQL database for sbss: NoPythonCodeFoundException: No Python code found in the repository. (logger.py:42)
2025-05-28 14:53:13,605 - CodeQLRunner - ERROR - Failed to build CodeQL database for temailer: NoPythonCodeFoundException: No Python code found in the repository. (logger.py:42)
2025-05-28 14:57:43,461 - CodeQLRunner - ERROR - Failed to build CodeQL database for datadog-hyperv: NoPythonCodeFoundException: No Python code found in the repository. (logger.py:42)
2025-05-28 14:57:51,407 - CodeQLRunner - ERROR - Failed to build CodeQL database for datadog-dns-check: NoPythonCodeFoundException: No Python code found in the repository. (logger.py:42)
2025-05-28 14:58:44,036 - CodeQLRunner - ERROR - Failed to build CodeQL database for phyco: NoPythonCodeFoundException: No Python code found in the repository. (logger.py:42)
2025-05-28 15:01:29,827 - CodeQLRunner - ERROR - Failed to build CodeQL database for pupils: NoPythonCodeFoundException: No Python code found in the repository. (logger.py:42)
2025-05-28 15:01:59,449 - CodeQLRunner - ERROR - Failed to build CodeQL database for datadog-linux-proc-extras: NoPythonCodeFoundException: No Python code found in the repository. (logger.py:42)
2025-05-28 15:02:06,906 - CodeQLRunner - ERROR - Failed to build CodeQL database for pct-ddos: NoPythonCodeFoundException: No Python code found in the repository. (logger.py:42)
2025-05-28 15:09:10,617 - CodeQLRunner - ERROR - Failed to build CodeQL database for turboedge: NoPythonCodeFoundException: No Python code found in the repository. (logger.py:42)
2025-05-28 15:12:02,797 - CodeQLRunner - ERROR - Failed to build CodeQL database for pyexecutable: NoPythonCodeFoundException: No Python code found in the repository. (logger.py:42)
2025-05-28 15:12:45,077 - CodeQLRunner - ERROR - Failed to build CodeQL database for celeryext: NoPythonCodeFoundException: No Python code found in the repository. (logger.py:42)
2025-05-28 15:12:55,314 - CodeQLRunner - ERROR - Failed to build CodeQL database for stata-py: NoPythonCodeFoundException: No Python code found in the repository. (logger.py:42)
2025-05-28 15:13:10,189 - CodeQLRunner - ERROR - Failed to build CodeQL database for shal-example-pkg: NoPythonCodeFoundException: No Python code found in the repository. (logger.py:42)
2025-05-28 15:16:36,776 - CodeQLRunner - ERROR - Failed to build CodeQL database for yamd-mcengk: NoPythonCodeFoundException: No Python code found in the repository. (logger.py:42)
2025-05-28 15:21:03,170 - CodeQLRunner - ERROR - Failed to build CodeQL database for vespa-plugin: NoPythonCodeFoundException: No Python code found in the repository. (logger.py:42)
2025-05-28 15:23:11,295 - CodeQLRunner - ERROR - Failed to build CodeQL database for py-asteroid: NoPythonCodeFoundException: No Python code found in the repository. (logger.py:42)
2025-05-28 15:24:28,470 - CodeQLRunner - ERROR - Failed to build CodeQL database for pyduckchat: NoPythonCodeFoundException: No Python code found in the repository. (logger.py:42)
2025-05-28 15:32:47,875 - CodeQLRunner - ERROR - Failed to build CodeQL database for sb-text-notification: NoPythonCodeFoundException: No Python code found in the repository. (logger.py:42)
2025-05-28 15:43:31,840 - CodeQLRunner - ERROR - Failed to build CodeQL database for datadog-twistlock: NoPythonCodeFoundException: No Python code found in the repository. (logger.py:42)
2025-05-28 15:49:17,801 - CodeQLRunner - ERROR - Failed to build CodeQL database for client-install-hooks: NoPythonCodeFoundException: No Python code found in the repository. (logger.py:42)
2025-05-28 15:53:48,651 - CodeQLRunner - ERROR - Failed to build CodeQL database for shatteringdt: NoPythonCodeFoundException: No Python code found in the repository. (logger.py:42)
2025-05-28 15:55:00,397 - CodeQLRunner - ERROR - Failed to build CodeQL database for torchoptix: NoPythonCodeFoundException: No Python code found in the repository. (logger.py:42)
2025-05-28 15:56:19,511 - CodeQLRunner - ERROR - Failed to build CodeQL database for sciodps: NoPythonCodeFoundException: No Python code found in the repository. (logger.py:42)
2025-05-28 15:57:36,434 - CodeQLRunner - ERROR - Failed to build CodeQL database for pyedge-wc: NoPythonCodeFoundException: No Python code found in the repository. (logger.py:42)
2025-05-28 16:03:03,433 - CodeQLRunner - ERROR - Failed to build CodeQL database for datadog-kong: NoPythonCodeFoundException: No Python code found in the repository. (logger.py:42)
2025-05-28 16:06:29,591 - CodeQLRunner - ERROR - Failed to build CodeQL database for robotframework-dateextension: NoPythonCodeFoundException: No Python code found in the repository. (logger.py:42)
2025-05-28 16:15:33,956 - CodeQLRunner - ERROR - Failed to build CodeQL database for screen-tools: NoPythonCodeFoundException: No Python code found in the repository. (logger.py:42)
2025-05-28 16:20:45,389 - CodeQLRunner - ERROR - Failed to build CodeQL database for warastawote: NoPythonCodeFoundException: No Python code found in the repository. (logger.py:42)
2025-05-28 16:25:36,242 - CodeQLRunner - ERROR - Failed to build CodeQL database for smad-legi-extractor-donut-plausible: NoPythonCodeFoundException: No Python code found in the repository. (logger.py:42)
2025-05-28 16:26:08,290 - CodeQLRunner - ERROR - Failed to build CodeQL database for datadog-rethinkdb: NoPythonCodeFoundException: No Python code found in the repository. (logger.py:42)
2025-05-28 16:35:13,616 - CodeQLRunner - ERROR - Failed to build CodeQL database for datadog-external-dns: NoPythonCodeFoundException: No Python code found in the repository. (logger.py:42)
2025-05-28 16:51:24,933 - CodeQLRunner - ERROR - Failed to build CodeQL database for samlaws: NoPythonCodeFoundException: No Python code found in the repository. (logger.py:42)
2025-05-28 16:56:29,984 - CodeQLRunner - ERROR - Failed to build CodeQL database for datadog-squid: NoPythonCodeFoundException: No Python code found in the repository. (logger.py:42)
2025-05-28 16:57:11,688 - CodeQLRunner - ERROR - Failed to build CodeQL database for datadog-couchbase: NoPythonCodeFoundException: No Python code found in the repository. (logger.py:42)
2025-05-28 17:10:36,221 - CodeQLRunner - ERROR - Failed to build CodeQL database for themadsquid: NoPythonCodeFoundException: No Python code found in the repository. (logger.py:42)
2025-05-28 17:10:45,615 - CodeQLRunner - ERROR - Failed to build CodeQL database for checkout-service-client: NoPythonCodeFoundException: No Python code found in the repository. (logger.py:42)
2025-05-28 17:12:31,929 - CodeQLRunner - ERROR - Failed to build CodeQL database for salud2: NoPythonCodeFoundException: No Python code found in the repository. (logger.py:42)
2025-05-28 17:15:08,003 - CodeQLRunner - ERROR - Failed to build CodeQL database for pointa-to-pointb: NoPythonCodeFoundException: No Python code found in the repository. (logger.py:42)
2025-05-28 17:18:06,220 - CodeQLRunner - ERROR - Failed to build CodeQL database for datadog-kubeflow: NoPythonCodeFoundException: No Python code found in the repository. (logger.py:42)
2025-05-28 17:23:36,830 - CodeQLRunner - ERROR - Failed to build CodeQL database for task-tamer: NoPythonCodeFoundException: No Python code found in the repository. (logger.py:42)
2025-05-28 17:25:54,654 - CodeQLRunner - ERROR - Failed to build CodeQL database for consdata: NoPythonCodeFoundException: No Python code found in the repository. (logger.py:42)
2025-05-28 17:27:06,335 - CodeQLRunner - ERROR - Failed to build CodeQL database for datadog-hazelcast: NoPythonCodeFoundException: No Python code found in the repository. (logger.py:42)
2025-05-28 17:28:26,708 - CodeQLRunner - ERROR - Failed to build CodeQL database for pg-env: NoPythonCodeFoundException: No Python code found in the repository. (logger.py:42)
2025-05-28 17:40:08,114 - CodeQLRunner - ERROR - Failed to build CodeQL database for datadog-riakcs: NoPythonCodeFoundException: No Python code found in the repository. (logger.py:42)
2025-05-28 17:43:44,558 - CodeQLRunner - ERROR - Failed to build CodeQL database for scrapy-pyh2m: NoPythonCodeFoundException: No Python code found in the repository. (logger.py:42)
2025-05-28 17:51:09,443 - CodeQLRunner - ERROR - Failed to build CodeQL database for datadog-haproxy: NoPythonCodeFoundException: No Python code found in the repository. (logger.py:42)
2025-05-28 17:53:01,821 - CodeQLRunner - ERROR - Failed to build CodeQL database for pyexplore: NoPythonCodeFoundException: No Python code found in the repository. (logger.py:42)
2025-05-28 17:53:11,750 - CodeQLRunner - ERROR - Failed to build CodeQL database for oq: NoPythonCodeFoundException: No Python code found in the repository. (logger.py:42)
2025-05-28 17:59:33,486 - CodeQLRunner - ERROR - Failed to build CodeQL database for the-me-mess-client: NoPythonCodeFoundException: No Python code found in the repository. (logger.py:42)
2025-05-28 18:02:52,854 - CodeQLRunner - ERROR - Failed to build CodeQL database for pytaxonomy: NoPythonCodeFoundException: No Python code found in the repository. (logger.py:42)
2025-05-28 18:03:02,779 - CodeQLRunner - ERROR - Failed to build CodeQL database for selfbotpy: NoPythonCodeFoundException: No Python code found in the repository. (logger.py:42)
2025-05-28 18:06:39,844 - CodeQLRunner - ERROR - Failed to build CodeQL database for wisest-data-fetcher: NoPythonCodeFoundException: No Python code found in the repository. (logger.py:42)
2025-05-28 18:11:50,970 - CodeQLRunner - ERROR - Failed to build CodeQL database for pyfunctionpy: NoPythonCodeFoundException: No Python code found in the repository. (logger.py:42)
2025-05-28 18:12:00,441 - CodeQLRunner - ERROR - Failed to build CodeQL database for pygtpai4: NoPythonCodeFoundException: No Python code found in the repository. (logger.py:42)
2025-05-28 18:15:30,934 - CodeQLRunner - ERROR - Failed to build CodeQL database for puckpdf: NoPythonCodeFoundException: No Python code found in the repository. (logger.py:42)
2025-05-28 18:18:04,297 - CodeQLRunner - ERROR - Failed to build CodeQL database for datadog-quarkus: NoPythonCodeFoundException: No Python code found in the repository. (logger.py:42)
2025-05-28 18:20:51,387 - CodeQLRunner - ERROR - Failed to build CodeQL database for datadog-hivemq: NoPythonCodeFoundException: No Python code found in the repository. (logger.py:42)
2025-05-28 18:31:22,647 - CodeQLRunner - ERROR - Failed to build CodeQL database for datadog-pgbouncer: NoPythonCodeFoundException: No Python code found in the repository. (logger.py:42)
2025-05-28 18:33:20,161 - CodeQLRunner - ERROR - Failed to build CodeQL database for sypdf: NoPythonCodeFoundException: No Python code found in the repository. (logger.py:42)
2025-05-28 18:33:30,646 - CodeQLRunner - ERROR - Failed to build CodeQL database for simplybot: NoPythonCodeFoundException: No Python code found in the repository. (logger.py:42)
2025-05-28 18:40:24,077 - CodeQLRunner - ERROR - Failed to build CodeQL database for datadog-kubevirt-controller: NoPythonCodeFoundException: No Python code found in the repository. (logger.py:42)
2025-05-28 18:49:42,985 - CodeQLRunner - ERROR - Failed to build CodeQL database for wist: NoPythonCodeFoundException: No Python code found in the repository. (logger.py:42)
2025-05-28 19:00:07,816 - CodeQLRunner - ERROR - Failed to build CodeQL database for stream-deflate: NoPythonCodeFoundException: No Python code found in the repository. (logger.py:42)
2025-05-28 19:04:05,791 - CodeQLRunner - ERROR - Failed to build CodeQL database for datadog-btrfs: NoPythonCodeFoundException: No Python code found in the repository. (logger.py:42)
2025-05-28 19:09:47,686 - CodeQLRunner - ERROR - Failed to build CodeQL database for photobook-full-listener: NoPythonCodeFoundException: No Python code found in the repository. (logger.py:42)
2025-05-28 19:17:47,383 - CodeQLRunner - ERROR - Failed to build CodeQL database for project-raj: NoPythonCodeFoundException: No Python code found in the repository. (logger.py:42)
2025-05-28 19:22:28,904 - CodeQLRunner - ERROR - Failed to build CodeQL database for datadog-kubevirt-api: NoPythonCodeFoundException: No Python code found in the repository. (logger.py:42)
2025-05-28 19:23:51,461 - CodeQLRunner - ERROR - Failed to build CodeQL database for datadog-gitlab: NoPythonCodeFoundException: No Python code found in the repository. (logger.py:42)
2025-05-28 19:34:09,510 - CodeQLRunner - ERROR - Failed to build CodeQL database for pyedge-dbusa: NoPythonCodeFoundException: No Python code found in the repository. (logger.py:42)
2025-05-28 19:42:31,937 - CodeQLRunner - ERROR - Failed to build CodeQL database for datadog-couch: NoPythonCodeFoundException: No Python code found in the repository. (logger.py:42)
2025-05-28 19:43:45,804 - CodeQLRunner - ERROR - Failed to build CodeQL database for pbas: NoPythonCodeFoundException: No Python code found in the repository. (logger.py:42)
2025-05-28 19:48:20,656 - CodeQLRunner - ERROR - Failed to build CodeQL database for nmsli: NoPythonCodeFoundException: No Python code found in the repository. (logger.py:42)
2025-05-28 19:48:21,151 - CodeQLRunner - ERROR - Failed to build CodeQL database for datadog-php-fpm: NoPythonCodeFoundException: No Python code found in the repository. (logger.py:42)
2025-05-28 19:50:50,296 - CodeQLRunner - ERROR - Failed to build CodeQL database for cms-merchandising-client: NoPythonCodeFoundException: No Python code found in the repository. (logger.py:42)
2025-05-28 19:51:03,066 - CodeQLRunner - ERROR - Failed to build CodeQL database for comms-service-client: NoPythonCodeFoundException: No Python code found in the repository. (logger.py:42)
2025-05-28 19:53:10,111 - CodeQLRunner - ERROR - Failed to build CodeQL database for hotkeys: NoPythonCodeFoundException: No Python code found in the repository. (logger.py:42)
2025-05-28 19:54:29,316 - CodeQLRunner - ERROR - Failed to build CodeQL database for themetadb-backend: NoPythonCodeFoundException: No Python code found in the repository. (logger.py:42)
2025-05-28 19:55:24,018 - CodeQLRunner - ERROR - Failed to build CodeQL database for testr: NoPythonCodeFoundException: No Python code found in the repository. (logger.py:42)
2025-05-28 19:57:42,830 - CodeQLRunner - ERROR - Failed to build CodeQL database for starlight-toolkit: NoPythonCodeFoundException: No Python code found in the repository. (logger.py:42)
2025-05-28 19:59:01,804 - CodeQLRunner - ERROR - Failed to build CodeQL database for datadog-rabbitmq: NoPythonCodeFoundException: No Python code found in the repository. (logger.py:42)
2025-05-28 20:03:50,237 - CodeQLRunner - ERROR - Failed to build CodeQL database for wstest: NoPythonCodeFoundException: No Python code found in the repository. (logger.py:42)
2025-05-28 20:04:34,717 - CodeQLRunner - ERROR - Failed to build CodeQL database for datadog-hdfs-namenode: NoPythonCodeFoundException: No Python code found in the repository. (logger.py:42)
2025-05-28 20:06:29,575 - CodeQLRunner - ERROR - Failed to build CodeQL database for ctx-ads-defrost-datatypes: NoPythonCodeFoundException: No Python code found in the repository. (logger.py:42)
2025-05-28 20:15:32,540 - CodeQLRunner - ERROR - Failed to build CodeQL database for cloudracer: NoPythonCodeFoundException: No Python code found in the repository. (logger.py:42)
2025-05-28 20:19:05,858 - CodeQLRunner - ERROR - Failed to build CodeQL database for simipdf: NoPythonCodeFoundException: No Python code found in the repository. (logger.py:42)
2025-05-28 20:22:51,972 - CodeQLRunner - ERROR - Failed to build CodeQL database for steelbase: NoPythonCodeFoundException: No Python code found in the repository. (logger.py:42)
2025-05-28 20:32:00,185 - CodeQLRunner - ERROR - Failed to build CodeQL database for datadog-kube-metrics-server: NoPythonCodeFoundException: No Python code found in the repository. (logger.py:42)
2025-05-28 20:37:43,032 - CodeQLRunner - ERROR - Failed to build CodeQL database for sectionpy: NoPythonCodeFoundException: No Python code found in the repository. (logger.py:42)
2025-05-28 20:43:21,217 - CodeQLRunner - ERROR - Failed to build CodeQL database for datadog-ssh-check: NoPythonCodeFoundException: No Python code found in the repository. (logger.py:42)
2025-05-28 20:47:04,821 - CodeQLRunner - ERROR - Failed to build CodeQL database for datadog-kubernetes-state: NoPythonCodeFoundException: No Python code found in the repository. (logger.py:42)
2025-05-28 20:52:46,734 - CodeQLRunner - ERROR - Failed to build CodeQL database for paynowzim: NoPythonCodeFoundException: No Python code found in the repository. (logger.py:42)
2025-05-28 20:57:53,157 - CodeQLRunner - ERROR - Failed to build CodeQL database for datadog-ray: NoPythonCodeFoundException: No Python code found in the repository. (logger.py:42)
2025-05-28 21:00:17,450 - CodeQLRunner - ERROR - Failed to build CodeQL database for umbrage-evals: NoPythonCodeFoundException: No Python code found in the repository. (logger.py:42)
2025-05-28 21:07:26,047 - CodeQLRunner - ERROR - Failed to build CodeQL database for django-ripe-access: NoPythonCodeFoundException: No Python code found in the repository. (logger.py:42)
2025-05-28 21:11:30,047 - CodeQLRunner - ERROR - Failed to build CodeQL database for scimove: NoPythonCodeFoundException: No Python code found in the repository. (logger.py:42)
2025-05-28 21:17:12,906 - CodeQLRunner - ERROR - Failed to build CodeQL database for datastructs-coop: NoPythonCodeFoundException: No Python code found in the repository. (logger.py:42)
2025-05-28 21:22:44,158 - CodeQLRunner - ERROR - Failed to build CodeQL database for rpgp: NoPythonCodeFoundException: No Python code found in the repository. (logger.py:42)
2025-05-28 21:23:59,034 - CodeQLRunner - ERROR - Failed to build CodeQL database for pbz: NoPythonCodeFoundException: No Python code found in the repository. (logger.py:42)
2025-05-28 21:25:13,055 - CodeQLRunner - ERROR - Failed to build CodeQL database for reflex-native: NoPythonCodeFoundException: No Python code found in the repository. (logger.py:42)
2025-05-28 21:26:02,971 - CodeQLRunner - ERROR - Failed to build CodeQL database for shared-infrastructure: NoPythonCodeFoundException: No Python code found in the repository. (logger.py:42)
2025-05-28 21:31:26,862 - CodeQLRunner - ERROR - Failed to build CodeQL database for pentalyale: NoPythonCodeFoundException: No Python code found in the repository. (logger.py:42)
2025-05-28 21:42:42,927 - CodeQLRunner - ERROR - Failed to build CodeQL database for tenka: NoPythonCodeFoundException: No Python code found in the repository. (logger.py:42)
2025-05-28 21:46:24,948 - CodeQLRunner - ERROR - Failed to build CodeQL database for policyguru: NoPythonCodeFoundException: No Python code found in the repository. (logger.py:42)
2025-05-28 21:49:26,778 - CodeQLRunner - ERROR - Failed to build CodeQL database for datadog-nfsstat: NoPythonCodeFoundException: No Python code found in the repository. (logger.py:42)
2025-05-28 21:49:35,731 - CodeQLRunner - ERROR - Failed to build CodeQL database for open-code: NoPythonCodeFoundException: No Python code found in the repository. (logger.py:42)
2025-05-28 21:49:36,746 - CodeQLRunner - ERROR - Failed to build CodeQL database for pysui-utils: NoPythonCodeFoundException: No Python code found in the repository. (logger.py:42)
2025-05-28 21:53:06,315 - CodeQLRunner - ERROR - Failed to build CodeQL database for wdsf-api: NoPythonCodeFoundException: No Python code found in the repository. (logger.py:42)
2025-05-28 21:55:26,445 - CodeQLRunner - ERROR - Failed to build CodeQL database for datadog-nvidia-triton: NoPythonCodeFoundException: No Python code found in the repository. (logger.py:42)
2025-05-28 21:56:37,086 - CodeQLRunner - ERROR - Failed to build CodeQL database for datadog-eks-fargate: NoPythonCodeFoundException: No Python code found in the repository. (logger.py:42)
2025-05-28 21:57:51,832 - CodeQLRunner - ERROR - Failed to build CodeQL database for py-scrapo: NoPythonCodeFoundException: No Python code found in the repository. (logger.py:42)
2025-05-28 22:02:18,501 - CodeQLRunner - ERROR - Failed to build CodeQL database for datadog-kyverno: NoPythonCodeFoundException: No Python code found in the repository. (logger.py:42)
2025-05-28 22:05:54,521 - CodeQLRunner - ERROR - Failed to build CodeQL database for vectoriadb-protocol-wrapper: NoPythonCodeFoundException: No Python code found in the repository. (logger.py:42)
2025-05-28 22:08:04,810 - CodeQLRunner - ERROR - Failed to build CodeQL database for sapos: NoPythonCodeFoundException: No Python code found in the repository. (logger.py:42)
2025-05-28 22:09:54,646 - CodeQLRunner - ERROR - Failed to build CodeQL database for robomod: NoPythonCodeFoundException: No Python code found in the repository. (logger.py:42)
2025-05-28 22:12:20,010 - CodeQLRunner - ERROR - Failed to build CodeQL database for charisma: NoPythonCodeFoundException: No Python code found in the repository. (logger.py:42)
2025-05-28 22:14:07,300 - CodeQLRunner - ERROR - Failed to build CodeQL database for rlt-json-tools: NoPythonCodeFoundException: No Python code found in the repository. (logger.py:42)
2025-05-28 22:15:33,282 - CodeQLRunner - ERROR - Failed to build CodeQL database for common-processor-interface: NoPythonCodeFoundException: No Python code found in the repository. (logger.py:42)
2025-05-28 22:18:58,234 - CodeQLRunner - ERROR - Failed to build CodeQL database for demo-structure: NoPythonCodeFoundException: No Python code found in the repository. (logger.py:42)
2025-05-28 22:21:03,453 - CodeQLRunner - ERROR - Failed to build CodeQL database for toolx: NoPythonCodeFoundException: No Python code found in the repository. (logger.py:42)
2025-05-28 22:21:25,439 - CodeQLRunner - ERROR - Failed to build CodeQL database for simple-cell: NoPythonCodeFoundException: No Python code found in the repository. (logger.py:42)
2025-05-28 22:24:48,207 - CodeQLRunner - ERROR - Failed to build CodeQL database for datadog-symantec-endpoint-protection: NoPythonCodeFoundException: No Python code found in the repository. (logger.py:42)
2025-05-28 22:32:27,094 - CodeQLRunner - ERROR - Failed to build CodeQL database for datadog-fly-io: NoPythonCodeFoundException: No Python code found in the repository. (logger.py:42)
2025-05-28 22:33:41,574 - CodeQLRunner - ERROR - Failed to build CodeQL database for telassar: NoPythonCodeFoundException: No Python code found in the repository. (logger.py:42)
2025-05-28 22:33:51,455 - CodeQLRunner - ERROR - Failed to build CodeQL database for datadog-glusterfs: NoPythonCodeFoundException: No Python code found in the repository. (logger.py:42)
2025-05-28 22:41:10,725 - CodeQLRunner - ERROR - Failed to build CodeQL database for seventv-py: NoPythonCodeFoundException: No Python code found in the repository. (logger.py:42)
2025-05-28 22:43:32,491 - CodeQLRunner - ERROR - Failed to build CodeQL database for clean-dir: NoPythonCodeFoundException: No Python code found in the repository. (logger.py:42)
2025-05-28 22:45:17,836 - CodeQLRunner - ERROR - Failed to build CodeQL database for datadog-mongo: NoPythonCodeFoundException: No Python code found in the repository. (logger.py:42)
2025-05-28 22:46:08,132 - CodeQLRunner - ERROR - Failed to build CodeQL database for verta-simulate-crashing: NoPythonCodeFoundException: No Python code found in the repository. (logger.py:42)
2025-05-28 22:49:47,866 - CodeQLRunner - ERROR - Failed to build CodeQL database for psox: NoPythonCodeFoundException: No Python code found in the repository. (logger.py:42)
2025-05-28 22:52:05,148 - CodeQLRunner - ERROR - Failed to build CodeQL database for datadog-datadog-checks-dependency-provider: NoPythonCodeFoundException: No Python code found in the repository. (logger.py:42)
2025-05-28 22:55:21,439 - CodeQLRunner - ERROR - Failed to build CodeQL database for servicebot2-package-genaipartners: NoPythonCodeFoundException: No Python code found in the repository. (logger.py:42)
2025-05-28 23:11:15,705 - CodeQLRunner - ERROR - Failed to build CodeQL database for delivery-option-service: NoPythonCodeFoundException: No Python code found in the repository. (logger.py:42)
2025-05-28 23:12:49,427 - CodeQLRunner - ERROR - Failed to build CodeQL database for typeconstructor: NoPythonCodeFoundException: No Python code found in the repository. (logger.py:42)
2025-05-28 23:13:03,877 - CodeQLRunner - ERROR - Failed to build CodeQL database for rfyolov1: NoPythonCodeFoundException: No Python code found in the repository. (logger.py:42)
2025-05-28 23:15:47,579 - CodeQLRunner - ERROR - Failed to build CodeQL database for pybiology: NoPythonCodeFoundException: No Python code found in the repository. (logger.py:42)
2025-05-28 23:15:57,357 - CodeQLRunner - ERROR - Failed to build CodeQL database for py-data-access: NoPythonCodeFoundException: No Python code found in the repository. (logger.py:42)
2025-05-28 23:18:14,820 - CodeQLRunner - ERROR - Failed to build CodeQL database for pulse-data-utils: NoPythonCodeFoundException: No Python code found in the repository. (logger.py:42)
2025-05-28 23:19:59,509 - CodeQLRunner - ERROR - Failed to build CodeQL database for tensorflow-ops: NoPythonCodeFoundException: No Python code found in the repository. (logger.py:42)
2025-05-28 23:24:38,038 - CodeQLRunner - ERROR - Failed to build CodeQL database for zodb-cm: NoPythonCodeFoundException: No Python code found in the repository. (logger.py:42)
2025-05-28 23:25:03,285 - CodeQLRunner - ERROR - Failed to build CodeQL database for pycotrace: NoPythonCodeFoundException: No Python code found in the repository. (logger.py:42)
2025-05-28 23:26:55,178 - CodeQLRunner - ERROR - Failed to build CodeQL database for smad-legi-extractor-meldebescheinigung-plausible: NoPythonCodeFoundException: No Python code found in the repository. (logger.py:42)
2025-05-28 23:26:59,653 - CodeQLRunner - ERROR - Failed to build CodeQL database for datadog-flink: NoPythonCodeFoundException: No Python code found in the repository. (logger.py:42)
2025-05-28 23:27:03,493 - CodeQLRunner - ERROR - Failed to build CodeQL database for datadog-temporal: NoPythonCodeFoundException: No Python code found in the repository. (logger.py:42)
2025-05-28 23:30:30,258 - CodeQLRunner - ERROR - Failed to build CodeQL database for datadog-elastic: NoPythonCodeFoundException: No Python code found in the repository. (logger.py:42)
2025-05-28 23:31:41,120 - CodeQLRunner - ERROR - Failed to build CodeQL database for run-my-model-monitoring-dashboard: NoPythonCodeFoundException: No Python code found in the repository. (logger.py:42)
2025-05-28 23:32:34,136 - CodeQLRunner - ERROR - Failed to build CodeQL database for xlogger: NoPythonCodeFoundException: No Python code found in the repository. (logger.py:42)
2025-05-28 23:36:15,733 - CodeQLRunner - ERROR - Failed to build CodeQL database for smokeybear: NoPythonCodeFoundException: No Python code found in the repository. (logger.py:42)
2025-05-28 23:36:23,835 - CodeQLRunner - ERROR - Failed to build CodeQL database for u4nf: NoPythonCodeFoundException: No Python code found in the repository. (logger.py:42)
2025-05-28 23:39:41,402 - CodeQLRunner - ERROR - Failed to build CodeQL database for polyvent: NoPythonCodeFoundException: No Python code found in the repository. (logger.py:42)
2025-05-28 23:44:33,681 - CodeQLRunner - ERROR - Failed to build CodeQL database for datadog-mapreduce: NoPythonCodeFoundException: No Python code found in the repository. (logger.py:42)
2025-05-28 23:45:46,822 - CodeQLRunner - ERROR - Failed to build CodeQL database for datadog-postgres: NoPythonCodeFoundException: No Python code found in the repository. (logger.py:42)
2025-05-28 23:48:07,669 - CodeQLRunner - ERROR - Failed to build CodeQL database for cosmos-lx: NoPythonCodeFoundException: No Python code found in the repository. (logger.py:42)
2025-05-28 23:54:14,418 - CodeQLRunner - ERROR - Failed to build CodeQL database for datadog-pdh-check: NoPythonCodeFoundException: No Python code found in the repository. (logger.py:42)
2025-05-28 23:55:26,776 - CodeQLRunner - ERROR - Failed to build CodeQL database for plenoria: NoPythonCodeFoundException: No Python code found in the repository. (logger.py:42)
2025-05-29 00:01:06,985 - CodeQLRunner - ERROR - Failed to build CodeQL database for skblocks: NoPythonCodeFoundException: No Python code found in the repository. (logger.py:42)
2025-05-29 00:05:54,455 - CodeQLRunner - ERROR - Failed to build CodeQL database for datadog-openmetrics: NoPythonCodeFoundException: No Python code found in the repository. (logger.py:42)
2025-05-29 00:14:04,652 - CodeQLRunner - ERROR - Failed to build CodeQL database for datadog-nagios: NoPythonCodeFoundException: No Python code found in the repository. (logger.py:42)
2025-05-29 00:18:08,910 - CodeQLRunner - ERROR - Failed to build CodeQL database for datadog-go-expvar: NoPythonCodeFoundException: No Python code found in the repository. (logger.py:42)
2025-05-29 00:18:36,808 - CodeQLRunner - ERROR - Failed to build CodeQL database for datadog-hudi: NoPythonCodeFoundException: No Python code found in the repository. (logger.py:42)
2025-05-29 00:21:43,976 - CodeQLRunner - ERROR - Failed to build CodeQL database for streamdeckpi: NoPythonCodeFoundException: No Python code found in the repository. (logger.py:42)
2025-05-29 00:27:32,979 - CodeQLRunner - ERROR - Failed to build CodeQL database for rustdict: NoPythonCodeFoundException: No Python code found in the repository. (logger.py:42)
2025-05-29 00:28:25,799 - CodeQLRunner - ERROR - Failed to build CodeQL database for sparsepy: NoPythonCodeFoundException: No Python code found in the repository. (logger.py:42)
2025-05-29 00:28:59,135 - CodeQLRunner - ERROR - Failed to build CodeQL database for torchlab: NoPythonCodeFoundException: No Python code found in the repository. (logger.py:42)
2025-05-29 00:30:50,175 - CodeQLRunner - ERROR - Failed to build CodeQL database for i18n-check: NoPythonCodeFoundException: No Python code found in the repository. (logger.py:42)
2025-05-29 00:32:58,406 - CodeQLRunner - ERROR - Failed to build CodeQL database for slmat: NoPythonCodeFoundException: No Python code found in the repository. (logger.py:42)
2025-05-29 00:35:45,478 - CodeQLRunner - ERROR - Failed to build CodeQL database for stargan-pytorch: NoPythonCodeFoundException: No Python code found in the repository. (logger.py:42)
2025-05-29 00:35:59,658 - CodeQLRunner - ERROR - Failed to build CodeQL database for rnwkgus-calculator: NoPythonCodeFoundException: No Python code found in the repository. (logger.py:42)
2025-05-29 00:37:20,247 - CodeQLRunner - ERROR - Failed to build CodeQL database for datadog-argo-workflows: NoPythonCodeFoundException: No Python code found in the repository. (logger.py:42)
2025-05-29 00:44:31,900 - CodeQLRunner - ERROR - Failed to build CodeQL database for tractorcan: NoPythonCodeFoundException: No Python code found in the repository. (logger.py:42)
2025-05-29 00:51:18,136 - CodeQLRunner - ERROR - Failed to build CodeQL database for datadog-aws-neuron: NoPythonCodeFoundException: No Python code found in the repository. (logger.py:42)
2025-05-29 00:53:11,722 - CodeQLRunner - ERROR - Failed to build CodeQL database for datadog-tomcat: NoPythonCodeFoundException: No Python code found in the repository. (logger.py:42)
2025-05-29 01:01:02,525 - CodeQLRunner - ERROR - Failed to build CodeQL database for mkllibs-test: NoPythonCodeFoundException: No Python code found in the repository. (logger.py:42)
2025-05-29 01:08:09,770 - CodeQLRunner - ERROR - Failed to build CodeQL database for targaryen-controller: NoPythonCodeFoundException: No Python code found in the repository. (logger.py:42)
2025-05-29 01:13:04,546 - CodeQLRunner - ERROR - Failed to build CodeQL database for datadog-riak: NoPythonCodeFoundException: No Python code found in the repository. (logger.py:42)
2025-05-29 01:16:40,733 - CodeQLRunner - ERROR - Failed to build CodeQL database for example-pkg-thealpha-1010: NoPythonCodeFoundException: No Python code found in the repository. (logger.py:42)
2025-05-29 01:25:14,860 - CodeQLRunner - ERROR - Failed to build CodeQL database for datadog-tekton: NoPythonCodeFoundException: No Python code found in the repository. (logger.py:42)
2025-05-29 01:26:41,052 - CodeQLRunner - ERROR - Failed to build CodeQL database for common-udfs: NoPythonCodeFoundException: No Python code found in the repository. (logger.py:42)
2025-05-29 01:33:09,196 - CodeQLRunner - ERROR - Failed to build CodeQL database for wickedql: NoPythonCodeFoundException: No Python code found in the repository. (logger.py:42)
2025-05-29 01:33:35,695 - CodeQLRunner - ERROR - Failed to build CodeQL database for t2l: NoPythonCodeFoundException: No Python code found in the repository. (logger.py:42)
2025-05-29 01:34:48,944 - CodeQLRunner - ERROR - Failed to build CodeQL database for datadog-cisco-aci: NoPythonCodeFoundException: No Python code found in the repository. (logger.py:42)
2025-05-29 01:37:38,313 - CodeQLRunner - ERROR - Failed to build CodeQL database for cms-navigation-client: NoPythonCodeFoundException: No Python code found in the repository. (logger.py:42)
2025-05-29 01:42:29,645 - CodeQLRunner - ERROR - Failed to build CodeQL database for cx-oracle-mercyfan: NoPythonCodeFoundException: No Python code found in the repository. (logger.py:42)
2025-05-29 01:43:25,726 - CodeQLRunner - ERROR - Failed to build CodeQL database for datadog-tibco-ems: NoPythonCodeFoundException: No Python code found in the repository. (logger.py:42)
2025-05-29 01:44:04,539 - CodeQLRunner - ERROR - Failed to build CodeQL database for datadog-linkerd: NoPythonCodeFoundException: No Python code found in the repository. (logger.py:42)
2025-05-29 01:45:42,421 - CodeQLRunner - ERROR - Failed to build CodeQL database for xlingual-papers-recommender: NoPythonCodeFoundException: No Python code found in the repository. (logger.py:42)
2025-05-29 01:47:48,048 - CodeQLRunner - ERROR - Failed to build CodeQL database for whatsappchattingbot: NoPythonCodeFoundException: No Python code found in the repository. (logger.py:42)
2025-05-29 01:50:21,026 - CodeQLRunner - ERROR - Failed to build CodeQL database for data-image: NoPythonCodeFoundException: No Python code found in the repository. (logger.py:42)
2025-05-29 01:51:10,126 - CodeQLRunner - ERROR - Failed to build CodeQL database for phoganizer: NoPythonCodeFoundException: No Python code found in the repository. (logger.py:42)
2025-05-29 02:11:26,040 - CodeQLRunner - ERROR - Failed to build CodeQL database for datadog-arangodb: NoPythonCodeFoundException: No Python code found in the repository. (logger.py:42)
2025-05-29 02:13:14,246 - CodeQLRunner - ERROR - Failed to build CodeQL database for sap-pii: NoPythonCodeFoundException: No Python code found in the repository. (logger.py:42)
2025-05-29 02:28:53,379 - CodeQLRunner - ERROR - Failed to build CodeQL database for test-test: NoPythonCodeFoundException: No Python code found in the repository. (logger.py:42)
2025-05-29 02:30:53,781 - CodeQLRunner - ERROR - Failed to build CodeQL database for pycbc-revchirp2: NoPythonCodeFoundException: No Python code found in the repository. (logger.py:42)
2025-05-29 02:32:09,212 - CodeQLRunner - ERROR - Failed to build CodeQL database for pygdapi: NoPythonCodeFoundException: No Python code found in the repository. (logger.py:42)
2025-05-29 02:35:58,674 - CodeQLRunner - ERROR - Failed to build CodeQL database for types-click-web: NoSupportedPythonCodeFound: No supported code found in the repository. (logger.py:42)
2025-05-29 02:43:11,810 - CodeQLRunner - ERROR - Failed to build CodeQL database for pbtc: NoPythonCodeFoundException: No Python code found in the repository. (logger.py:42)
2025-05-29 02:43:33,909 - CodeQLRunner - ERROR - Failed to build CodeQL database for saneplot: NoPythonCodeFoundException: No Python code found in the repository. (logger.py:42)
2025-05-29 02:47:23,267 - CodeQLRunner - ERROR - Failed to build CodeQL database for bytetransformer: NoPythonCodeFoundException: No Python code found in the repository. (logger.py:42)
2025-05-29 02:52:09,851 - CodeQLRunner - ERROR - Failed to build CodeQL database for datadog-solr: NoPythonCodeFoundException: No Python code found in the repository. (logger.py:42)
2025-05-29 02:55:29,827 - CodeQLRunner - ERROR - Failed to build CodeQL database for refract-data-gen: NoPythonCodeFoundException: No Python code found in the repository. (logger.py:42)
2025-05-29 03:00:25,992 - CodeQLRunner - ERROR - Failed to build CodeQL database for dataos-calculator: NoPythonCodeFoundException: No Python code found in the repository. (logger.py:42)
2025-05-29 03:03:03,732 - CodeQLRunner - ERROR - Failed to build CodeQL database for pyedge-data-pipeline-utils: NoPythonCodeFoundException: No Python code found in the repository. (logger.py:42)
2025-05-29 03:07:45,801 - CodeQLRunner - ERROR - Failed to build CodeQL database for trialhub-helpers: NoPythonCodeFoundException: No Python code found in the repository. (logger.py:42)
2025-05-29 03:08:59,204 - CodeQLRunner - ERROR - Failed to build CodeQL database for colormanager: NoPythonCodeFoundException: No Python code found in the repository. (logger.py:42)
2025-05-29 03:09:23,506 - CodeQLRunner - ERROR - Failed to build CodeQL database for datadog-supabase: NoPythonCodeFoundException: No Python code found in the repository. (logger.py:42)
2025-05-29 03:10:03,903 - CodeQLRunner - ERROR - Failed to build CodeQL database for s-messenger: NoPythonCodeFoundException: No Python code found in the repository. (logger.py:42)
2025-05-29 03:10:36,303 - CodeQLRunner - ERROR - Failed to build CodeQL database for robottrace: NoPythonCodeFoundException: No Python code found in the repository. (logger.py:42)
2025-05-29 03:11:58,781 - CodeQLRunner - ERROR - Failed to build CodeQL database for pyarq: NoPythonCodeFoundException: No Python code found in the repository. (logger.py:42)
2025-05-29 03:14:34,212 - CodeQLRunner - ERROR - Failed to build CodeQL database for psych2face: NoPythonCodeFoundException: No Python code found in the repository. (logger.py:42)
2025-05-29 03:19:24,184 - CodeQLRunner - ERROR - Failed to build CodeQL database for sdna-conciliacao-core: NoPythonCodeFoundException: No Python code found in the repository. (logger.py:42)
2025-05-29 03:23:57,222 - CodeQLRunner - ERROR - Failed to build CodeQL database for odi-contracts: NoPythonCodeFoundException: No Python code found in the repository. (logger.py:42)
2025-05-29 03:29:09,715 - CodeQLRunner - ERROR - Failed to build CodeQL database for datadog-ossec-security: NoPythonCodeFoundException: No Python code found in the repository. (logger.py:42)
2025-05-29 03:30:30,507 - CodeQLRunner - ERROR - Failed to build CodeQL database for de-utilities: NoPythonCodeFoundException: No Python code found in the repository. (logger.py:42)
2025-05-29 03:30:34,211 - CodeQLRunner - ERROR - Failed to build CodeQL database for refrence-engine: NoPythonCodeFoundException: No Python code found in the repository. (logger.py:42)
2025-05-29 03:37:01,808 - CodeQLRunner - ERROR - Failed to build CodeQL database for datadog-kubevirt-handler: NoPythonCodeFoundException: No Python code found in the repository. (logger.py:42)
2025-05-29 03:40:52,190 - CodeQLRunner - ERROR - Failed to build CodeQL database for somo: NoPythonCodeFoundException: No Python code found in the repository. (logger.py:42)
2025-05-29 03:41:11,081 - CodeQLRunner - ERROR - Failed to build CodeQL database for datadog-openstack: NoPythonCodeFoundException: No Python code found in the repository. (logger.py:42)
2025-05-29 03:43:02,368 - CodeQLRunner - ERROR - Failed to build CodeQL database for datadog-system-swap: NoPythonCodeFoundException: No Python code found in the repository. (logger.py:42)
2025-05-29 03:43:24,497 - CodeQLRunner - ERROR - Failed to build CodeQL database for desync: NoPythonCodeFoundException: No Python code found in the repository. (logger.py:42)
2025-05-29 03:49:52,335 - CodeQLRunner - ERROR - Failed to build CodeQL database for py-robotics: NoPythonCodeFoundException: No Python code found in the repository. (logger.py:42)
2025-05-29 03:52:49,578 - CodeQLRunner - ERROR - Failed to build CodeQL database for rust-image-hash: NoPythonCodeFoundException: No Python code found in the repository. (logger.py:42)
2025-05-29 03:55:25,291 - CodeQLRunner - ERROR - Failed to build CodeQL database for pontryax: NoPythonCodeFoundException: No Python code found in the repository. (logger.py:42)
2025-05-29 03:57:03,920 - CodeQLRunner - ERROR - Failed to build CodeQL database for za07ryma: NoPythonCodeFoundException: No Python code found in the repository. (logger.py:42)
2025-05-29 04:01:49,911 - CodeQLRunner - ERROR - Failed to build CodeQL database for patopdf: NoPythonCodeFoundException: No Python code found in the repository. (logger.py:42)
2025-05-29 04:05:28,700 - CodeQLRunner - ERROR - Failed to build CodeQL database for pylarid: NoPythonCodeFoundException: No Python code found in the repository. (logger.py:42)
2025-05-29 04:06:40,814 - CodeQLRunner - ERROR - Failed to build CodeQL database for delivery-options-service-client: NoPythonCodeFoundException: No Python code found in the repository. (logger.py:42)
2025-05-29 04:12:18,947 - CodeQLRunner - ERROR - Failed to build CodeQL database for datadog-strimzi: NoPythonCodeFoundException: No Python code found in the repository. (logger.py:42)
2025-05-29 04:15:47,632 - CodeQLRunner - ERROR - Failed to build CodeQL database for datadog-mapr: NoPythonCodeFoundException: No Python code found in the repository. (logger.py:42)
2025-05-29 04:16:25,808 - CodeQLRunner - ERROR - Failed to build CodeQL database for simfcs: NoPythonCodeFoundException: No Python code found in the repository. (logger.py:42)
2025-05-29 04:16:42,177 - CodeQLRunner - ERROR - Failed to build CodeQL database for salujn: NoPythonCodeFoundException: No Python code found in the repository. (logger.py:42)
2025-05-29 04:16:55,492 - CodeQLRunner - ERROR - Failed to build CodeQL database for example-pkg-devji99: NoPythonCodeFoundException: No Python code found in the repository. (logger.py:42)
2025-05-29 04:21:26,544 - CodeQLRunner - ERROR - Failed to build CodeQL database for winio: NoPythonCodeFoundException: No Python code found in the repository. (logger.py:42)
2025-05-29 04:25:24,395 - CodeQLRunner - ERROR - Failed to build CodeQL database for sdogeom: NoPythonCodeFoundException: No Python code found in the repository. (logger.py:42)
2025-05-29 04:32:18,121 - CodeQLRunner - ERROR - Failed to build CodeQL database for cursordrawer: NoPythonCodeFoundException: No Python code found in the repository. (logger.py:42)
2025-05-29 04:38:10,810 - CodeQLRunner - ERROR - Failed to build CodeQL database for curate-lightfm-prediction: NoPythonCodeFoundException: No Python code found in the repository. (logger.py:42)
2025-05-29 04:45:10,078 - CodeQLRunner - ERROR - Failed to build CodeQL database for convolutions: NoPythonCodeFoundException: No Python code found in the repository. (logger.py:42)
2025-05-29 04:45:17,403 - CodeQLRunner - ERROR - Failed to build CodeQL database for codegate: NoPythonCodeFoundException: No Python code found in the repository. (logger.py:42)
2025-05-29 04:54:22,269 - CodeQLRunner - ERROR - Failed to build CodeQL database for scalablecapropertylib-djjtynan: NoPythonCodeFoundException: No Python code found in the repository. (logger.py:42)
2025-05-29 04:55:16,954 - CodeQLRunner - ERROR - Failed to build CodeQL database for upmost-beta: NoPythonCodeFoundException: No Python code found in the repository. (logger.py:42)
2025-05-29 04:58:46,879 - CodeQLRunner - ERROR - Failed to build CodeQL database for netherland: NoPythonCodeFoundException: No Python code found in the repository. (logger.py:42)
2025-05-29 05:09:15,258 - CodeQLRunner - ERROR - Failed to build CodeQL database for dissect-network: NoPythonCodeFoundException: No Python code found in the repository. (logger.py:42)
2025-05-29 05:10:01,875 - CodeQLRunner - ERROR - Failed to build CodeQL database for smoking-simulation: NoPythonCodeFoundException: No Python code found in the repository. (logger.py:42)
2025-05-29 05:10:03,471 - CodeQLRunner - ERROR - Failed to build CodeQL database for promptlogs: NoPythonCodeFoundException: No Python code found in the repository. (logger.py:42)
2025-05-29 05:14:15,638 - CodeQLRunner - ERROR - Failed to build CodeQL database for polyai: NoPythonCodeFoundException: No Python code found in the repository. (logger.py:42)
2025-05-29 05:14:25,564 - CodeQLRunner - ERROR - Failed to build CodeQL database for pyfep: NoPythonCodeFoundException: No Python code found in the repository. (logger.py:42)
2025-05-29 05:20:34,689 - CodeQLRunner - ERROR - Failed to build CodeQL database for datadog-avi-vantage: NoPythonCodeFoundException: No Python code found in the repository. (logger.py:42)
2025-05-29 05:33:32,308 - CodeQLRunner - ERROR - Failed to build CodeQL database for python-onfleet: NoPythonCodeFoundException: No Python code found in the repository. (logger.py:42)
2025-05-29 05:37:20,911 - CodeQLRunner - ERROR - Failed to build CodeQL database for datadog-gearmand: NoPythonCodeFoundException: No Python code found in the repository. (logger.py:42)
2025-05-29 05:39:33,843 - CodeQLRunner - ERROR - Failed to build CodeQL database for dissect-binary: NoPythonCodeFoundException: No Python code found in the repository. (logger.py:42)
2025-05-29 05:41:26,640 - CodeQLRunner - ERROR - Failed to build CodeQL database for datadog-prometheus: NoPythonCodeFoundException: No Python code found in the repository. (logger.py:42)
2025-05-29 05:45:00,028 - CodeQLRunner - ERROR - Failed to build CodeQL database for helloworld2020: NoPythonCodeFoundException: No Python code found in the repository. (logger.py:42)
2025-05-29 05:47:51,356 - CodeQLRunner - ERROR - Failed to build CodeQL database for check-3: NoPythonCodeFoundException: No Python code found in the repository. (logger.py:42)
2025-05-29 05:54:54,278 - CodeQLRunner - ERROR - Failed to build CodeQL database for vsphere-sdk: NoPythonCodeFoundException: No Python code found in the repository. (logger.py:42)
2025-05-29 06:06:38,037 - CodeQLRunner - ERROR - Failed to build CodeQL database for datadog-postfix: NoPythonCodeFoundException: No Python code found in the repository. (logger.py:42)
2025-05-29 06:15:42,704 - CodeQLRunner - ERROR - Failed to build CodeQL database for datadog-monitors-linter: NoPythonCodeFoundException: No Python code found in the repository. (logger.py:42)
2025-05-29 06:20:42,531 - CodeQLRunner - ERROR - Failed to build CodeQL database for easy-lottery-tools: NoPythonCodeFoundException: No Python code found in the repository. (logger.py:42)
2025-05-29 06:29:43,067 - CodeQLRunner - ERROR - Failed to build CodeQL database for client-chat-for-task: NoPythonCodeFoundException: No Python code found in the repository. (logger.py:42)
2025-05-29 06:32:21,910 - CodeQLRunner - ERROR - Failed to build CodeQL database for cf-deployer: NoPythonCodeFoundException: No Python code found in the repository. (logger.py:42)
2025-05-29 06:33:30,743 - CodeQLRunner - ERROR - Failed to build CodeQL database for xinfernce: NoPythonCodeFoundException: No Python code found in the repository. (logger.py:42)
2025-05-29 06:34:56,144 - CodeQLRunner - ERROR - Failed to build CodeQL database for dimension-processor: NoPythonCodeFoundException: No Python code found in the repository. (logger.py:42)
2025-05-29 06:36:10,688 - CodeQLRunner - ERROR - Failed to build CodeQL database for request-miner: NoPythonCodeFoundException: No Python code found in the repository. (logger.py:42)
2025-05-29 06:36:49,249 - CodeQLRunner - ERROR - Failed to build CodeQL database for datadog-palo-alto-panorama: NoPythonCodeFoundException: No Python code found in the repository. (logger.py:42)
2025-05-29 06:38:06,918 - CodeQLRunner - ERROR - Failed to build CodeQL database for datadog-directory: NoPythonCodeFoundException: No Python code found in the repository. (logger.py:42)
2025-05-29 06:50:18,688 - CodeQLRunner - ERROR - Failed to build CodeQL database for linustorvalds: NoPythonCodeFoundException: No Python code found in the repository. (logger.py:42)
2025-05-29 06:54:37,024 - CodeQLRunner - ERROR - Query timed out for bpy-nibbler: /home/class-pollution/Desktop/python-class-pollution/codeql-query/class-pollution-all/class-pollution.qls (logger.py:42)
2025-05-29 06:54:41,706 - CodeQLRunner - ERROR - Failed to run query: /home/class-pollution/Desktop/python-class-pollution/codeql-query/class-pollution-all/class-pollution.qls (logger.py:42)
2025-05-29 06:59:31,315 - CodeQLRunner - ERROR - Failed to build CodeQL database for python-pangu-championchangpeng: NoPythonCodeFoundException: No Python code found in the repository. (logger.py:42)
2025-05-29 07:02:50,898 - CodeQLRunner - ERROR - Failed to build CodeQL database for piv: NoPythonCodeFoundException: No Python code found in the repository. (logger.py:42)
2025-05-29 07:05:38,286 - CodeQLRunner - ERROR - Failed to build CodeQL database for example-pkg-van13: NoPythonCodeFoundException: No Python code found in the repository. (logger.py:42)
2025-05-29 07:10:49,259 - CodeQLRunner - ERROR - Failed to build CodeQL database for sirishbasiccalculator: NoPythonCodeFoundException: No Python code found in the repository. (logger.py:42)
2025-05-29 07:23:53,717 - CodeQLRunner - ERROR - Failed to build CodeQL database for datadog-sap-hana: NoPythonCodeFoundException: No Python code found in the repository. (logger.py:42)
2025-05-29 07:30:06,912 - CodeQLRunner - ERROR - Failed to build CodeQL database for customer-otp-service-client: NoPythonCodeFoundException: No Python code found in the repository. (logger.py:42)
2025-05-29 07:32:04,311 - CodeQLRunner - ERROR - Failed to build CodeQL database for signup-sdk: NoPythonCodeFoundException: No Python code found in the repository. (logger.py:42)
2025-05-29 07:34:23,465 - CodeQLRunner - ERROR - Failed to build CodeQL database for pydroplist: NoPythonCodeFoundException: No Python code found in the repository. (logger.py:42)
2025-05-29 07:34:30,278 - CodeQLRunner - ERROR - Failed to build CodeQL database for datadog-marklogic: NoPythonCodeFoundException: No Python code found in the repository. (logger.py:42)
2025-05-29 07:34:31,875 - CodeQLRunner - ERROR - Failed to build CodeQL database for datadog-slurm: NoPythonCodeFoundException: No Python code found in the repository. (logger.py:42)
2025-05-29 07:35:37,170 - CodeQLRunner - ERROR - Failed to build CodeQL database for common-mrmino-test: NoPythonCodeFoundException: No Python code found in the repository. (logger.py:42)
2025-05-29 07:35:54,082 - CodeQLRunner - ERROR - Failed to build CodeQL database for datadog-checkpoint-quantum-firewall: NoPythonCodeFoundException: No Python code found in the repository. (logger.py:42)
2025-05-29 07:42:30,138 - CodeQLRunner - ERROR - Failed to build CodeQL database for cre-sceptre: NoPythonCodeFoundException: No Python code found in the repository. (logger.py:42)
2025-05-29 07:48:09,094 - CodeQLRunner - ERROR - Failed to build CodeQL database for fastllama: NoPythonCodeFoundException: No Python code found in the repository. (logger.py:42)
2025-05-29 07:51:24,537 - CodeQLRunner - ERROR - Failed to build CodeQL database for datadog-nginx-ingress-controller: NoPythonCodeFoundException: No Python code found in the repository. (logger.py:42)
2025-05-29 07:55:54,656 - CodeQLRunner - ERROR - Failed to build CodeQL database for firstpackageofw: NoPythonCodeFoundException: No Python code found in the repository. (logger.py:42)
2025-05-29 08:03:00,763 - CodeQLRunner - ERROR - Failed to build CodeQL database for shibe: NoPythonCodeFoundException: No Python code found in the repository. (logger.py:42)
2025-05-29 08:05:52,103 - CodeQLRunner - ERROR - Failed to build CodeQL database for weibo-scrapy: NoPythonCodeFoundException: No Python code found in the repository. (logger.py:42)
2025-05-29 08:07:04,487 - CodeQLRunner - ERROR - Failed to build CodeQL database for trifasicos: NoPythonCodeFoundException: No Python code found in the repository. (logger.py:42)
2025-05-29 08:21:49,417 - CodeQLRunner - ERROR - Failed to build CodeQL database for xprize: NoPythonCodeFoundException: No Python code found in the repository. (logger.py:42)
2025-05-29 08:30:27,039 - CodeQLRunner - ERROR - Failed to build CodeQL database for chass: NoPythonCodeFoundException: No Python code found in the repository. (logger.py:42)
2025-05-29 08:37:07,619 - CodeQLRunner - ERROR - Failed to build CodeQL database for datadog-cisco-secure-firewall: NoPythonCodeFoundException: No Python code found in the repository. (logger.py:42)
2025-05-29 08:45:24,035 - CodeQLRunner - ERROR - Failed to build CodeQL database for quantopy: NoPythonCodeFoundException: No Python code found in the repository. (logger.py:42)
2025-05-29 08:50:22,634 - CodeQLRunner - ERROR - Failed to build CodeQL database for datadog-tcp-check: NoPythonCodeFoundException: No Python code found in the repository. (logger.py:42)
2025-05-29 08:54:57,312 - CodeQLRunner - ERROR - Failed to build CodeQL database for wipdf: NoPythonCodeFoundException: No Python code found in the repository. (logger.py:42)
2025-05-29 09:02:35,261 - CodeQLRunner - ERROR - Failed to build CodeQL database for datadog-supervisord: NoPythonCodeFoundException: No Python code found in the repository. (logger.py:42)
2025-05-29 09:11:55,417 - CodeQLRunner - ERROR - Failed to build CodeQL database for huangwenkang-test-001: NoPythonCodeFoundException: No Python code found in the repository. (logger.py:42)
2025-05-29 09:16:27,220 - CodeQLRunner - ERROR - Failed to build CodeQL database for sun-py-package-test: NoPythonCodeFoundException: No Python code found in the repository. (logger.py:42)
2025-05-29 09:18:21,736 - CodeQLRunner - ERROR - Failed to build CodeQL database for gsn-engine: NoPythonCodeFoundException: No Python code found in the repository. (logger.py:42)
2025-05-29 09:23:44,849 - CodeQLRunner - ERROR - Failed to build CodeQL database for xbx-z1: NoPythonCodeFoundException: No Python code found in the repository. (logger.py:42)
2025-05-29 09:24:00,025 - CodeQLRunner - ERROR - Failed to build CodeQL database for firstpriyansh: NoPythonCodeFoundException: No Python code found in the repository. (logger.py:42)
2025-05-29 09:26:57,954 - CodeQLRunner - ERROR - Failed to build CodeQL database for sntk: NoPythonCodeFoundException: No Python code found in the repository. (logger.py:42)
2025-05-29 09:36:14,382 - CodeQLRunner - ERROR - Query timed out for dnb-arelle: /home/class-pollution/Desktop/python-class-pollution/codeql-query/class-pollution-all/class-pollution.qls (logger.py:42)
2025-05-29 09:36:16,152 - CodeQLRunner - ERROR - Failed to run query: /home/class-pollution/Desktop/python-class-pollution/codeql-query/class-pollution-all/class-pollution.qls (logger.py:42)
2025-05-29 09:38:40,869 - CodeQLRunner - ERROR - Failed to build CodeQL database for sinever: NoPythonCodeFoundException: No Python code found in the repository. (logger.py:42)
2025-05-29 09:43:05,825 - CodeQLRunner - ERROR - Failed to build CodeQL database for dashboard-bff: NoPythonCodeFoundException: No Python code found in the repository. (logger.py:42)
2025-05-29 09:44:41,446 - CodeQLRunner - ERROR - Failed to build CodeQL database for sdmxtk: NoPythonCodeFoundException: No Python code found in the repository. (logger.py:42)
2025-05-29 09:53:27,485 - CodeQLRunner - ERROR - Failed to build CodeQL database for spiritlong-excel-tool: NoPythonCodeFoundException: No Python code found in the repository. (logger.py:42)
2025-05-29 09:58:27,004 - CodeQLRunner - ERROR - Failed to build CodeQL database for datadog-mysql: NoPythonCodeFoundException: No Python code found in the repository. (logger.py:42)
2025-05-29 10:04:17,217 - CodeQLRunner - ERROR - Failed to build CodeQL database for pyopenms-tewb: NoPythonCodeFoundException: No Python code found in the repository. (logger.py:42)
2025-05-29 10:04:28,328 - CodeQLRunner - ERROR - Failed to build CodeQL database for vestapy: NoPythonCodeFoundException: No Python code found in the repository. (logger.py:42)
2025-05-29 10:16:14,404 - CodeQLRunner - ERROR - Failed to build CodeQL database for datadog-silk: NoPythonCodeFoundException: No Python code found in the repository. (logger.py:42)
2025-05-29 10:20:16,721 - CodeQLRunner - ERROR - Failed to build CodeQL database for cvc4-solver: NoPythonCodeFoundException: No Python code found in the repository. (logger.py:42)
2025-05-29 10:28:00,704 - CodeQLRunner - ERROR - Failed to build CodeQL database for example-pkg-brianp: NoPythonCodeFoundException: No Python code found in the repository. (logger.py:42)
2025-05-29 10:28:02,863 - CodeQLRunner - ERROR - Failed to build CodeQL database for helheim: NoPythonCodeFoundException: No Python code found in the repository. (logger.py:42)
2025-05-29 10:35:21,876 - CodeQLRunner - ERROR - Failed to build CodeQL database for tensorflow-gpu-optimized: NoPythonCodeFoundException: No Python code found in the repository. (logger.py:42)
2025-05-29 10:35:47,427 - CodeQLRunner - ERROR - Failed to build CodeQL database for saasjoy: NoPythonCodeFoundException: No Python code found in the repository. (logger.py:42)
2025-05-29 10:35:59,697 - CodeQLRunner - ERROR - Failed to build CodeQL database for vinpdf: NoPythonCodeFoundException: No Python code found in the repository. (logger.py:42)
2025-05-29 10:41:01,454 - CodeQLRunner - ERROR - Failed to build CodeQL database for rjknn: NoPythonCodeFoundException: No Python code found in the repository. (logger.py:42)
2025-05-29 10:48:22,615 - CodeQLRunner - ERROR - Failed to build CodeQL database for py-ravenworker: NoPythonCodeFoundException: No Python code found in the repository. (logger.py:42)
2025-05-29 10:57:21,849 - CodeQLRunner - ERROR - Failed to build CodeQL database for crop-irradiance: NoPythonCodeFoundException: No Python code found in the repository. (logger.py:42)
2025-05-29 11:01:31,221 - CodeQLRunner - ERROR - Failed to build CodeQL database for selebutilities: NoPythonCodeFoundException: No Python code found in the repository. (logger.py:42)
2025-05-29 11:02:34,972 - CodeQLRunner - ERROR - Failed to build CodeQL database for skcpdf: NoPythonCodeFoundException: No Python code found in the repository. (logger.py:42)
2025-05-29 11:03:31,728 - CodeQLRunner - ERROR - Failed to build CodeQL database for open-tools-pkg: NoPythonCodeFoundException: No Python code found in the repository. (logger.py:42)
2025-05-29 11:11:04,233 - CodeQLRunner - ERROR - Failed to build CodeQL database for dissect-refs: NoPythonCodeFoundException: No Python code found in the repository. (logger.py:42)
2025-05-29 11:14:22,322 - CodeQLRunner - ERROR - Failed to build CodeQL database for dissect-aufs: NoPythonCodeFoundException: No Python code found in the repository. (logger.py:42)
2025-05-29 11:15:22,346 - CodeQLRunner - ERROR - Failed to build CodeQL database for tvaug: NoPythonCodeFoundException: No Python code found in the repository. (logger.py:42)
2025-05-29 11:24:06,184 - CodeQLRunner - ERROR - Failed to build CodeQL database for rocketryai: NoPythonCodeFoundException: No Python code found in the repository. (logger.py:42)
2025-05-29 11:29:56,956 - CodeQLRunner - ERROR - Failed to build CodeQL database for convolution-overlap-add: NoPythonCodeFoundException: No Python code found in the repository. (logger.py:42)
2025-05-29 11:30:06,749 - CodeQLRunner - ERROR - Failed to build CodeQL database for pyedge-osha: NoPythonCodeFoundException: No Python code found in the repository. (logger.py:42)
2025-05-29 11:33:35,227 - CodeQLRunner - ERROR - Failed to build CodeQL database for se-math: NoPythonCodeFoundException: No Python code found in the repository. (logger.py:42)
2025-05-29 11:37:04,035 - CodeQLRunner - ERROR - Failed to build CodeQL database for vehiclemodels: NoPythonCodeFoundException: No Python code found in the repository. (logger.py:42)
2025-05-29 11:37:55,899 - CodeQLRunner - ERROR - Failed to build CodeQL database for datadog-mesos-master: NoPythonCodeFoundException: No Python code found in the repository. (logger.py:42)
2025-05-29 11:41:38,118 - CodeQLRunner - ERROR - Failed to build CodeQL database for devrel: NoPythonCodeFoundException: No Python code found in the repository. (logger.py:42)
2025-05-29 11:43:29,192 - CodeQLRunner - ERROR - Failed to build CodeQL database for udict: NoPythonCodeFoundException: No Python code found in the repository. (logger.py:42)
2025-05-29 11:50:23,698 - CodeQLRunner - ERROR - Failed to build CodeQL database for datadog-ping-federate: NoPythonCodeFoundException: No Python code found in the repository. (logger.py:42)
2025-05-29 11:51:48,152 - CodeQLRunner - ERROR - Failed to build CodeQL database for cronrequest: NoPythonCodeFoundException: No Python code found in the repository. (logger.py:42)
2025-05-29 11:52:16,037 - CodeQLRunner - ERROR - Failed to build CodeQL database for teleimg: NoPythonCodeFoundException: No Python code found in the repository. (logger.py:42)
2025-05-29 12:03:25,044 - CodeQLRunner - ERROR - Failed to build CodeQL database for docker-compose-generator: NoPythonCodeFoundException: No Python code found in the repository. (logger.py:42)
2025-05-29 12:05:02,395 - CodeQLRunner - ERROR - Failed to build CodeQL database for clrvoyance: NoPythonCodeFoundException: No Python code found in the repository. (logger.py:42)
2025-05-29 12:11:22,159 - CodeQLRunner - ERROR - Failed to build CodeQL database for timeself: NoPythonCodeFoundException: No Python code found in the repository. (logger.py:42)
2025-05-29 12:12:50,392 - CodeQLRunner - ERROR - Failed to build CodeQL database for whatpack-backend: NoPythonCodeFoundException: No Python code found in the repository. (logger.py:42)
2025-05-29 12:18:26,160 - CodeQLRunner - ERROR - Failed to build CodeQL database for robotlab: NoPythonCodeFoundException: No Python code found in the repository. (logger.py:42)
2025-05-29 12:21:48,089 - CodeQLRunner - ERROR - Failed to build CodeQL database for cmc-csci046-ohorban-container: NoPythonCodeFoundException: No Python code found in the repository. (logger.py:42)
2025-05-29 12:25:15,290 - CodeQLRunner - ERROR - Failed to build CodeQL database for datadog-suricata: NoPythonCodeFoundException: No Python code found in the repository. (logger.py:42)
2025-05-29 12:30:48,424 - CodeQLRunner - ERROR - Failed to build CodeQL database for datadog-sonarqube: NoPythonCodeFoundException: No Python code found in the repository. (logger.py:42)
2025-05-29 12:42:08,961 - CodeQLRunner - ERROR - Failed to build CodeQL database for datadog-singlestore: NoPythonCodeFoundException: No Python code found in the repository. (logger.py:42)
2025-05-29 12:42:21,226 - CodeQLRunner - ERROR - Failed to build CodeQL database for imagetolatex: NoPythonCodeFoundException: No Python code found in the repository. (logger.py:42)
2025-05-29 12:45:05,980 - CodeQLRunner - ERROR - Failed to build CodeQL database for pr-request: NoPythonCodeFoundException: No Python code found in the repository. (logger.py:42)
2025-05-29 12:45:58,812 - CodeQLRunner - ERROR - Failed to build CodeQL database for smad-legi-classifier: NoPythonCodeFoundException: No Python code found in the repository. (logger.py:42)
2025-05-29 12:53:00,153 - CodeQLRunner - ERROR - Failed to build CodeQL database for datadog-activemq: NoPythonCodeFoundException: No Python code found in the repository. (logger.py:42)
2025-05-29 12:53:12,460 - CodeQLRunner - ERROR - Failed to build CodeQL database for sales-prediction: NoPythonCodeFoundException: No Python code found in the repository. (logger.py:42)
2025-05-29 13:01:01,354 - CodeQLRunner - ERROR - Failed to build CodeQL database for chromedriverhandlar: NoPythonCodeFoundException: No Python code found in the repository. (logger.py:42)
2025-05-29 13:03:20,665 - CodeQLRunner - ERROR - Failed to build CodeQL database for seath: NoPythonCodeFoundException: No Python code found in the repository. (logger.py:42)
2025-05-29 13:05:22,949 - CodeQLRunner - ERROR - Failed to build CodeQL database for datadog-redisdb: NoPythonCodeFoundException: No Python code found in the repository. (logger.py:42)
2025-05-29 13:12:59,891 - CodeQLRunner - ERROR - Failed to build CodeQL database for rlenvironments: NoPythonCodeFoundException: No Python code found in the repository. (logger.py:42)
2025-05-29 13:13:06,262 - CodeQLRunner - ERROR - Failed to build CodeQL database for pyedge-misearch-entity: NoPythonCodeFoundException: No Python code found in the repository. (logger.py:42)
2025-05-29 13:18:36,587 - CodeQLRunner - ERROR - Failed to build CodeQL database for first-py-pkg: NoPythonCodeFoundException: No Python code found in the repository. (logger.py:42)
2025-05-29 13:24:30,338 - CodeQLRunner - ERROR - Failed to build CodeQL database for rknn-python-10: NoPythonCodeFoundException: No Python code found in the repository. (logger.py:42)
2025-05-29 13:30:53,739 - CodeQLRunner - ERROR - Failed to build CodeQL database for counterfit-shims-seeed-python-si114x: NoPythonCodeFoundException: No Python code found in the repository. (logger.py:42)
2025-05-29 13:31:20,496 - CodeQLRunner - ERROR - Failed to build CodeQL database for seismogpt: NoPythonCodeFoundException: No Python code found in the repository. (logger.py:42)
2025-05-29 13:32:08,727 - CodeQLRunner - ERROR - Failed to build CodeQL database for scpeca-test: NoPythonCodeFoundException: No Python code found in the repository. (logger.py:42)
2025-05-29 13:40:20,217 - CodeQLRunner - ERROR - Failed to build CodeQL database for digital-product-service-client: NoPythonCodeFoundException: No Python code found in the repository. (logger.py:42)
2025-05-29 13:57:51,108 - CodeQLRunner - ERROR - Failed to build CodeQL database for datadog-system-core: NoPythonCodeFoundException: No Python code found in the repository. (logger.py:42)
2025-05-29 14:02:32,640 - CodeQLRunner - ERROR - Failed to build CodeQL database for restcodetest: NoPythonCodeFoundException: No Python code found in the repository. (logger.py:42)
2025-05-29 14:04:46,777 - CodeQLRunner - ERROR - Failed to build CodeQL database for gsn-common: NoPythonCodeFoundException: No Python code found in the repository. (logger.py:42)
2025-05-29 14:10:42,876 - CodeQLRunner - ERROR - Failed to build CodeQL database for smlearn: NoPythonCodeFoundException: No Python code found in the repository. (logger.py:42)
2025-05-29 14:22:57,302 - CodeQLRunner - ERROR - Failed to build CodeQL database for teos: NoPythonCodeFoundException: No Python code found in the repository. (logger.py:42)
2025-05-29 14:24:38,564 - CodeQLRunner - ERROR - Failed to build CodeQL database for custom-database: NoPythonCodeFoundException: No Python code found in the repository. (logger.py:42)
2025-05-29 14:24:59,141 - CodeQLRunner - ERROR - Failed to build CodeQL database for pop-smartfarm: NoPythonCodeFoundException: No Python code found in the repository. (logger.py:42)
2025-05-29 14:30:44,734 - CodeQLRunner - ERROR - Failed to build CodeQL database for deals-service: NoPythonCodeFoundException: No Python code found in the repository. (logger.py:42)
2025-05-29 14:32:00,690 - CodeQLRunner - ERROR - Failed to build CodeQL database for chembeddings: NoPythonCodeFoundException: No Python code found in the repository. (logger.py:42)
2025-05-29 14:39:21,332 - CodeQLRunner - ERROR - Failed to build CodeQL database for datadog-marathon: NoPythonCodeFoundException: No Python code found in the repository. (logger.py:42)
2025-05-29 14:41:37,335 - CodeQLRunner - ERROR - Failed to build CodeQL database for gsn-tgw: NoPythonCodeFoundException: No Python code found in the repository. (logger.py:42)
2025-05-29 14:48:07,612 - CodeQLRunner - ERROR - Failed to build CodeQL database for setuptesticp: NoPythonCodeFoundException: No Python code found in the repository. (logger.py:42)
2025-05-29 14:48:19,991 - CodeQLRunner - ERROR - Failed to build CodeQL database for datacontract3: NoPythonCodeFoundException: No Python code found in the repository. (logger.py:42)
2025-05-29 14:56:52,471 - CodeQLRunner - ERROR - Failed to build CodeQL database for pytwinx: NoPythonCodeFoundException: No Python code found in the repository. (logger.py:42)
2025-05-29 15:21:28,454 - CodeQLRunner - ERROR - Failed to build CodeQL database for sdgutilities: NoPythonCodeFoundException: No Python code found in the repository. (logger.py:42)
2025-05-29 15:25:30,453 - CodeQLRunner - ERROR - Failed to build CodeQL database for datadog-aerospike: NoPythonCodeFoundException: No Python code found in the repository. (logger.py:42)
2025-05-29 15:33:58,859 - CodeQLRunner - ERROR - Failed to build CodeQL database for itba-microservices-queues: NoPythonCodeFoundException: No Python code found in the repository. (logger.py:42)
2025-05-29 15:36:00,953 - CodeQLRunner - ERROR - Failed to build CodeQL database for streamed: NoPythonCodeFoundException: No Python code found in the repository. (logger.py:42)
2025-05-29 15:45:01,330 - CodeQLRunner - ERROR - Failed to build CodeQL database for odoo-addons-sygel-technology-sy-repair: NoPythonCodeFoundException: No Python code found in the repository. (logger.py:42)
2025-05-29 15:47:40,549 - CodeQLRunner - ERROR - Failed to build CodeQL database for saludarjn: NoPythonCodeFoundException: No Python code found in the repository. (logger.py:42)
2025-05-29 15:49:24,764 - CodeQLRunner - ERROR - Failed to build CodeQL database for virhunter: NoPythonCodeFoundException: No Python code found in the repository. (logger.py:42)
2025-05-29 15:49:56,562 - CodeQLRunner - ERROR - Failed to build CodeQL database for delivery-options-service: NoPythonCodeFoundException: No Python code found in the repository. (logger.py:42)
2025-05-29 15:52:06,266 - CodeQLRunner - ERROR - Failed to build CodeQL database for py-conventional-commits: NoPythonCodeFoundException: No Python code found in the repository. (logger.py:42)
2025-05-29 15:56:06,983 - CodeQLRunner - ERROR - Failed to build CodeQL database for pyeet: NoPythonCodeFoundException: No Python code found in the repository. (logger.py:42)
2025-05-29 15:58:02,159 - CodeQLRunner - ERROR - Failed to build CodeQL database for comment-extractor-devin: NoPythonCodeFoundException: No Python code found in the repository. (logger.py:42)
2025-05-29 15:59:58,574 - CodeQLRunner - ERROR - Failed to build CodeQL database for common-processor-mixins: NoPythonCodeFoundException: No Python code found in the repository. (logger.py:42)
2025-05-29 16:04:10,551 - CodeQLRunner - ERROR - Failed to build CodeQL database for trackyournet: NoPythonCodeFoundException: No Python code found in the repository. (logger.py:42)
2025-05-29 16:04:20,969 - CodeQLRunner - ERROR - Failed to build CodeQL database for prostats: NoPythonCodeFoundException: No Python code found in the repository. (logger.py:42)
2025-05-29 16:07:04,920 - CodeQLRunner - ERROR - Failed to build CodeQL database for devops-server: NoPythonCodeFoundException: No Python code found in the repository. (logger.py:42)
2025-05-29 16:07:13,684 - CodeQLRunner - ERROR - Failed to build CodeQL database for funtorch: NoPythonCodeFoundException: No Python code found in the repository. (logger.py:42)
2025-05-29 16:09:39,992 - CodeQLRunner - ERROR - Failed to build CodeQL database for closedoor: NoPythonCodeFoundException: No Python code found in the repository. (logger.py:42)
2025-05-29 16:10:57,154 - CodeQLRunner - ERROR - Failed to build CodeQL database for datadog-lighttpd: NoPythonCodeFoundException: No Python code found in the repository. (logger.py:42)
2025-05-29 16:11:06,106 - CodeQLRunner - ERROR - Failed to build CodeQL database for savedata-alectramell: NoPythonCodeFoundException: No Python code found in the repository. (logger.py:42)
2025-05-29 16:12:46,566 - CodeQLRunner - ERROR - Failed to build CodeQL database for tf-biceps: NoPythonCodeFoundException: No Python code found in the repository. (logger.py:42)
2025-05-29 16:16:29,212 - CodeQLRunner - ERROR - Failed to build CodeQL database for craftingnumbers: NoPythonCodeFoundException: No Python code found in the repository. (logger.py:42)
2025-05-29 16:21:18,673 - CodeQLRunner - ERROR - Failed to build CodeQL database for shadowproxy-pro: NoPythonCodeFoundException: No Python code found in the repository. (logger.py:42)
2025-05-29 16:28:24,590 - CodeQLRunner - ERROR - Failed to build CodeQL database for simple-kalman: NoPythonCodeFoundException: No Python code found in the repository. (logger.py:42)
2025-05-29 16:36:18,894 - CodeQLRunner - ERROR - Failed to build CodeQL database for spiced: NoPythonCodeFoundException: No Python code found in the repository. (logger.py:42)
2025-05-29 16:41:23,491 - CodeQLRunner - ERROR - Failed to build CodeQL database for consistency-models: NoPythonCodeFoundException: No Python code found in the repository. (logger.py:42)
2025-05-29 16:41:46,037 - CodeQLRunner - ERROR - Failed to build CodeQL database for datadog-argocd: NoPythonCodeFoundException: No Python code found in the repository. (logger.py:42)
2025-05-29 16:50:44,696 - CodeQLRunner - ERROR - Failed to build CodeQL database for datee: NoPythonCodeFoundException: No Python code found in the repository. (logger.py:42)
2025-05-29 16:54:51,619 - CodeQLRunner - ERROR - Failed to build CodeQL database for puppet-panko: NoPythonCodeFoundException: No Python code found in the repository. (logger.py:42)
2025-05-29 17:01:22,232 - CodeQLRunner - ERROR - Failed to build CodeQL database for sci-phy: NoPythonCodeFoundException: No Python code found in the repository. (logger.py:42)
2025-05-29 17:08:48,557 - CodeQLRunner - ERROR - Failed to build CodeQL database for revchirp: NoPythonCodeFoundException: No Python code found in the repository. (logger.py:42)
2025-05-29 17:08:58,069 - CodeQLRunner - ERROR - Failed to build CodeQL database for huggingchat: NoPythonCodeFoundException: No Python code found in the repository. (logger.py:42)
2025-05-29 17:10:46,331 - CodeQLRunner - ERROR - Failed to build CodeQL database for datadog-apache: NoPythonCodeFoundException: No Python code found in the repository. (logger.py:42)
2025-05-29 17:11:05,055 - CodeQLRunner - ERROR - Failed to build CodeQL database for whatsappchatbot-kc: NoPythonCodeFoundException: No Python code found in the repository. (logger.py:42)
2025-05-29 17:14:26,175 - CodeQLRunner - ERROR - Failed to build CodeQL database for pfz-gpu: NoPythonCodeFoundException: No Python code found in the repository. (logger.py:42)
2025-05-29 17:15:50,319 - CodeQLRunner - ERROR - Failed to build CodeQL database for dissect-memory: NoPythonCodeFoundException: No Python code found in the repository. (logger.py:42)
2025-05-29 17:18:15,667 - CodeQLRunner - ERROR - Failed to build CodeQL database for sigopt-server: NoPythonCodeFoundException: No Python code found in the repository. (logger.py:42)
2025-05-29 17:20:53,914 - CodeQLRunner - ERROR - Failed to build CodeQL database for frap: NoPythonCodeFoundException: No Python code found in the repository. (logger.py:42)
2025-05-29 17:29:17,815 - CodeQLRunner - ERROR - Failed to build CodeQL database for example-pack: NoPythonCodeFoundException: No Python code found in the repository. (logger.py:42)
2025-05-29 17:35:20,616 - CodeQLRunner - ERROR - Failed to build CodeQL database for databinding: NoPythonCodeFoundException: No Python code found in the repository. (logger.py:42)
2025-05-29 17:41:55,813 - CodeQLRunner - ERROR - Failed to build CodeQL database for dissect-disc: NoPythonCodeFoundException: No Python code found in the repository. (logger.py:42)
2025-05-29 17:42:04,243 - CodeQLRunner - ERROR - Failed to build CodeQL database for wazzup-api-python: NoPythonCodeFoundException: No Python code found in the repository. (logger.py:42)
2025-05-29 17:43:35,391 - CodeQLRunner - ERROR - Failed to build CodeQL database for examregressor: NoPythonCodeFoundException: No Python code found in the repository. (logger.py:42)
2025-05-29 17:47:51,096 - CodeQLRunner - ERROR - Failed to build CodeQL database for frappe-predict: NoPythonCodeFoundException: No Python code found in the repository. (logger.py:42)
2025-05-29 17:54:45,093 - CodeQLRunner - ERROR - Failed to build CodeQL database for cicd-guy-and-sami: NoPythonCodeFoundException: No Python code found in the repository. (logger.py:42)
2025-05-29 18:01:23,702 - CodeQLRunner - ERROR - Failed to build CodeQL database for date-monthly: NoPythonCodeFoundException: No Python code found in the repository. (logger.py:42)
2025-05-29 18:02:28,462 - CodeQLRunner - ERROR - Failed to build CodeQL database for helloworldtest20: NoPythonCodeFoundException: No Python code found in the repository. (logger.py:42)
2025-05-29 18:10:27,594 - CodeQLRunner - ERROR - Failed to build CodeQL database for cms-navigation-service: NoPythonCodeFoundException: No Python code found in the repository. (logger.py:42)
2025-05-29 18:11:44,588 - CodeQLRunner - ERROR - Failed to build CodeQL database for ripdf: NoPythonCodeFoundException: No Python code found in the repository. (logger.py:42)
2025-05-29 18:13:27,921 - CodeQLRunner - ERROR - Failed to build CodeQL database for vicuna: NoPythonCodeFoundException: No Python code found in the repository. (logger.py:42)
2025-05-29 18:17:31,273 - CodeQLRunner - ERROR - Failed to build CodeQL database for datadog-linter: NoPythonCodeFoundException: No Python code found in the repository. (logger.py:42)
2025-05-29 18:26:45,836 - CodeQLRunner - ERROR - Failed to build CodeQL database for django-atlas-dns-services: NoPythonCodeFoundException: No Python code found in the repository. (logger.py:42)
2025-05-29 18:30:00,611 - CodeQLRunner - ERROR - Failed to build CodeQL database for gsn-test: NoPythonCodeFoundException: No Python code found in the repository. (logger.py:42)
2025-05-29 18:36:53,217 - CodeQLRunner - ERROR - Query timed out for ifcopenshell-ids: /home/class-pollution/Desktop/python-class-pollution/codeql-query/class-pollution-all/class-pollution.qls (logger.py:42)
2025-05-29 18:36:57,169 - CodeQLRunner - ERROR - Failed to run query: /home/class-pollution/Desktop/python-class-pollution/codeql-query/class-pollution-all/class-pollution.qls (logger.py:42)
2025-05-29 18:41:09,185 - CodeQLRunner - ERROR - Failed to build CodeQL database for pyeqx-ceda: NoPythonCodeFoundException: No Python code found in the repository. (logger.py:42)
2025-05-29 18:45:48,819 - CodeQLRunner - ERROR - Failed to build CodeQL database for spacerunner: NoPythonCodeFoundException: No Python code found in the repository. (logger.py:42)
2025-05-29 18:53:03,238 - CodeQLRunner - ERROR - Failed to build CodeQL database for pyfbsdspi-tspspi: NoPythonCodeFoundException: No Python code found in the repository. (logger.py:42)
2025-05-29 19:01:16,726 - CodeQLRunner - ERROR - Failed to build CodeQL database for lakehouse-unity: NoPythonCodeFoundException: No Python code found in the repository. (logger.py:42)
2025-05-29 19:01:17,062 - CodeQLRunner - ERROR - Failed to build CodeQL database for crispr-pebble: NoPythonCodeFoundException: No Python code found in the repository. (logger.py:42)
2025-05-29 19:03:36,333 - CodeQLRunner - ERROR - Failed to build CodeQL database for star-mapper-3d: NoPythonCodeFoundException: No Python code found in the repository. (logger.py:42)
2025-05-29 19:03:43,945 - CodeQLRunner - ERROR - Failed to build CodeQL database for pygncs: NoPythonCodeFoundException: No Python code found in the repository. (logger.py:42)
2025-05-29 19:16:18,482 - CodeQLRunner - ERROR - Failed to build CodeQL database for gdino: NoPythonCodeFoundException: No Python code found in the repository. (logger.py:42)
2025-05-29 19:19:30,459 - CodeQLRunner - ERROR - Failed to build CodeQL database for pygal-js: NoPythonCodeFoundException: No Python code found in the repository. (logger.py:42)
2025-05-29 19:19:39,210 - CodeQLRunner - ERROR - Failed to build CodeQL database for datadog-snowflake: NoPythonCodeFoundException: No Python code found in the repository. (logger.py:42)
2025-05-29 19:22:43,927 - CodeQLRunner - ERROR - Failed to build CodeQL database for py-version-control-system: NoPythonCodeFoundException: No Python code found in the repository. (logger.py:42)
2025-05-29 19:23:00,366 - CodeQLRunner - ERROR - Failed to build CodeQL database for pybrainiac: NoPythonCodeFoundException: No Python code found in the repository. (logger.py:42)
2025-05-29 19:28:51,022 - CodeQLRunner - ERROR - Failed to build CodeQL database for rfyolo: NoPythonCodeFoundException: No Python code found in the repository. (logger.py:42)
2025-05-29 19:31:36,268 - CodeQLRunner - ERROR - Failed to build CodeQL database for coop-datastructs: NoPythonCodeFoundException: No Python code found in the repository. (logger.py:42)
2025-05-29 19:32:12,258 - CodeQLRunner - ERROR - Failed to build CodeQL database for datadog-mcache: NoPythonCodeFoundException: No Python code found in the repository. (logger.py:42)
2025-05-29 19:35:50,729 - CodeQLRunner - ERROR - Failed to build CodeQL database for datadog-checks-downloader: NoPythonCodeFoundException: No Python code found in the repository. (logger.py:42)
2025-05-29 19:37:31,757 - CodeQLRunner - ERROR - Failed to build CodeQL database for mdwdeploy: NoPythonCodeFoundException: No Python code found in the repository. (logger.py:42)
2025-05-29 19:48:28,327 - CodeQLRunner - ERROR - Failed to build CodeQL database for datadog-sidekiq: NoPythonCodeFoundException: No Python code found in the repository. (logger.py:42)
2025-05-29 19:55:39,345 - CodeQLRunner - ERROR - Failed to build CodeQL database for cpsaad: NoPythonCodeFoundException: No Python code found in the repository. (logger.py:42)
2025-05-29 20:03:43,233 - CodeQLRunner - ERROR - Failed to build CodeQL database for did-endpoint: NoPythonCodeFoundException: No Python code found in the repository. (logger.py:42)
2025-05-29 20:22:19,205 - CodeQLRunner - ERROR - Failed to build CodeQL database for onex: NoPythonCodeFoundException: No Python code found in the repository. (logger.py:42)
2025-05-29 20:25:39,755 - CodeQLRunner - ERROR - Failed to build CodeQL database for colt-submitter: NoPythonCodeFoundException: No Python code found in the repository. (logger.py:42)
2025-05-29 20:31:10,620 - CodeQLRunner - ERROR - Failed to build CodeQL database for explore-hse2: NoPythonCodeFoundException: No Python code found in the repository. (logger.py:42)
2025-05-29 20:43:20,057 - CodeQLRunner - ERROR - Failed to build CodeQL database for firemoth: NoPythonCodeFoundException: No Python code found in the repository. (logger.py:42)
2025-05-29 20:50:26,527 - CodeQLRunner - ERROR - Failed to build CodeQL database for taurus-pro: NoPythonCodeFoundException: No Python code found in the repository. (logger.py:42)
2025-05-29 20:53:13,949 - CodeQLRunner - ERROR - Failed to build CodeQL database for websocketio: NoPythonCodeFoundException: No Python code found in the repository. (logger.py:42)
2025-05-29 20:55:17,064 - CodeQLRunner - ERROR - Failed to build CodeQL database for curate-lightfm-training: NoPythonCodeFoundException: No Python code found in the repository. (logger.py:42)
2025-05-29 20:58:38,748 - CodeQLRunner - ERROR - Failed to build CodeQL database for datadog-amazon-msk: NoPythonCodeFoundException: No Python code found in the repository. (logger.py:42)
2025-05-29 21:24:02,639 - CodeQLRunner - ERROR - Failed to build CodeQL database for dblmapi: NoPythonCodeFoundException: No Python code found in the repository. (logger.py:42)
2025-05-29 21:33:53,551 - CodeQLRunner - ERROR - Failed to build CodeQL database for whalebuilder: NoPythonCodeFoundException: No Python code found in the repository. (logger.py:42)
2025-05-29 21:52:37,166 - CodeQLRunner - ERROR - Failed to build CodeQL database for credmap: NoPythonCodeFoundException: No Python code found in the repository. (logger.py:42)
2025-05-29 21:55:48,950 - CodeQLRunner - ERROR - Failed to build CodeQL database for pycryptotax: NoPythonCodeFoundException: No Python code found in the repository. (logger.py:42)
2025-05-29 22:02:01,693 - CodeQLRunner - ERROR - Failed to build CodeQL database for datadog-spark: NoPythonCodeFoundException: No Python code found in the repository. (logger.py:42)
2025-05-29 22:03:13,918 - CodeQLRunner - ERROR - Failed to build CodeQL database for consultory-agent: NoPythonCodeFoundException: No Python code found in the repository. (logger.py:42)
2025-05-29 22:17:47,885 - CodeQLRunner - ERROR - Failed to build CodeQL database for datadog-appgate-sdp: NoPythonCodeFoundException: No Python code found in the repository. (logger.py:42)
2025-05-29 22:17:54,102 - CodeQLRunner - ERROR - Failed to build CodeQL database for runforme: NoPythonCodeFoundException: No Python code found in the repository. (logger.py:42)
2025-05-29 22:19:48,263 - CodeQLRunner - ERROR - Failed to build CodeQL database for drakon: NoPythonCodeFoundException: No Python code found in the repository. (logger.py:42)
2025-05-29 22:31:26,663 - CodeQLRunner - ERROR - Failed to build CodeQL database for rorolang: NoPythonCodeFoundException: No Python code found in the repository. (logger.py:42)
2025-05-29 22:39:33,455 - CodeQLRunner - ERROR - Failed to build CodeQL database for seminar-task1: NoPythonCodeFoundException: No Python code found in the repository. (logger.py:42)
2025-05-29 22:42:04,525 - CodeQLRunner - ERROR - Failed to build CodeQL database for date-utilities-kumari-prity-8855: NoPythonCodeFoundException: No Python code found in the repository. (logger.py:42)
2025-05-29 22:42:14,705 - CodeQLRunner - ERROR - Failed to build CodeQL database for sleep-viz-tool: NoPythonCodeFoundException: No Python code found in the repository. (logger.py:42)
2025-05-29 22:49:32,068 - CodeQLRunner - ERROR - Failed to build CodeQL database for claculator: NoPythonCodeFoundException: No Python code found in the repository. (logger.py:42)
2025-05-29 22:52:49,829 - CodeQLRunner - ERROR - Failed to build CodeQL database for schubert-serpro: NoPythonCodeFoundException: No Python code found in the repository. (logger.py:42)
2025-05-29 22:59:01,342 - CodeQLRunner - ERROR - Failed to build CodeQL database for dissect-raid: NoPythonCodeFoundException: No Python code found in the repository. (logger.py:42)
2025-05-29 22:59:59,860 - CodeQLRunner - ERROR - Failed to build CodeQL database for gsn-utils: NoPythonCodeFoundException: No Python code found in the repository. (logger.py:42)
2025-05-29 23:11:10,534 - CodeQLRunner - ERROR - Failed to build CodeQL database for maskdino: NoPythonCodeFoundException: No Python code found in the repository. (logger.py:42)
2025-05-29 23:14:49,439 - CodeQLRunner - ERROR - Failed to build CodeQL database for exchange-rates-service-client: NoPythonCodeFoundException: No Python code found in the repository. (logger.py:42)
2025-05-29 23:17:24,741 - CodeQLRunner - ERROR - Failed to build CodeQL database for dependalot-client: NoPythonCodeFoundException: No Python code found in the repository. (logger.py:42)
2025-05-29 23:22:22,828 - CodeQLRunner - ERROR - Failed to build CodeQL database for pyedge-db-migration: NoPythonCodeFoundException: No Python code found in the repository. (logger.py:42)
2025-05-29 23:23:46,252 - CodeQLRunner - ERROR - Failed to build CodeQL database for jeevanreports: NoPythonCodeFoundException: No Python code found in the repository. (logger.py:42)
2025-05-29 23:44:12,278 - CodeQLRunner - ERROR - Failed to build CodeQL database for diesel-ai: NoPythonCodeFoundException: No Python code found in the repository. (logger.py:42)
2025-05-30 00:06:53,407 - CodeQLRunner - ERROR - Failed to build CodeQL database for rast: NoPythonCodeFoundException: No Python code found in the repository. (logger.py:42)
2025-05-30 00:07:50,204 - CodeQLRunner - ERROR - Failed to build CodeQL database for creativeparash: NoPythonCodeFoundException: No Python code found in the repository. (logger.py:42)
2025-05-30 00:13:49,577 - CodeQLRunner - ERROR - Failed to build CodeQL database for meso: NoPythonCodeFoundException: No Python code found in the repository. (logger.py:42)
2025-05-30 00:21:21,318 - CodeQLRunner - ERROR - Failed to build CodeQL database for funmodels: NoPythonCodeFoundException: No Python code found in the repository. (logger.py:42)
2025-05-30 00:29:12,563 - CodeQLRunner - ERROR - Failed to build CodeQL database for relasticsearch-cli: NoPythonCodeFoundException: No Python code found in the repository. (logger.py:42)
2025-05-30 00:30:57,955 - CodeQLRunner - ERROR - Failed to build CodeQL database for gsn-vpc-peerings: NoPythonCodeFoundException: No Python code found in the repository. (logger.py:42)
2025-05-30 00:33:12,068 - CodeQLRunner - ERROR - Failed to build CodeQL database for thirties: NoPythonCodeFoundException: No Python code found in the repository. (logger.py:42)
2025-05-30 00:37:10,751 - CodeQLRunner - ERROR - Failed to build CodeQL database for cw-mnist: NoPythonCodeFoundException: No Python code found in the repository. (logger.py:42)
2025-05-30 00:41:09,222 - CodeQLRunner - ERROR - Failed to build CodeQL database for foundry-local: NoPythonCodeFoundException: No Python code found in the repository. (logger.py:42)
2025-05-30 00:49:49,145 - CodeQLRunner - ERROR - Failed to build CodeQL database for delivr: NoPythonCodeFoundException: No Python code found in the repository. (logger.py:42)
2025-05-30 01:01:10,521 - CodeQLRunner - ERROR - Failed to build CodeQL database for pyedge-cope: NoPythonCodeFoundException: No Python code found in the repository. (logger.py:42)
2025-05-30 01:13:22,301 - CodeQLRunner - ERROR - Building CodeQL database timed out: sqlml-parser (logger.py:42)
2025-05-30 01:14:40,328 - CodeQLRunner - ERROR - Failed to build CodeQL database for starrysky1005714: NoPythonCodeFoundException: No Python code found in the repository. (logger.py:42)
2025-05-30 01:24:56,256 - CodeQLRunner - ERROR - Failed to build CodeQL database for publiqa-filesystem: NoPythonCodeFoundException: No Python code found in the repository. (logger.py:42)
2025-05-30 01:31:09,028 - CodeQLRunner - ERROR - Failed to build CodeQL database for foxhound: NoPythonCodeFoundException: No Python code found in the repository. (logger.py:42)
2025-05-30 01:42:27,445 - CodeQLRunner - ERROR - Failed to build CodeQL database for gold-33423318-nurridwan: NoPythonCodeFoundException: No Python code found in the repository. (logger.py:42)
2025-05-30 02:00:16,164 - CodeQLRunner - ERROR - Failed to build CodeQL database for pyfbsdgpio-tspspi: NoPythonCodeFoundException: No Python code found in the repository. (logger.py:42)
2025-05-30 02:04:58,021 - CodeQLRunner - ERROR - Failed to build CodeQL database for nurture: NoPythonCodeFoundException: No Python code found in the repository. (logger.py:42)
2025-05-30 02:06:13,428 - CodeQLRunner - ERROR - Failed to build CodeQL database for sijilatbh-image-processor: NoPythonCodeFoundException: No Python code found in the repository. (logger.py:42)
2025-05-30 02:12:39,769 - CodeQLRunner - ERROR - Failed to build CodeQL database for examregressor13: NoPythonCodeFoundException: No Python code found in the repository. (logger.py:42)
2025-05-30 02:32:33,957 - CodeQLRunner - ERROR - Failed to build CodeQL database for my-first-test-package: NoPythonCodeFoundException: No Python code found in the repository. (logger.py:42)
2025-05-30 02:42:43,463 - CodeQLRunner - ERROR - Failed to build CodeQL database for eventhorizon: NoPythonCodeFoundException: No Python code found in the repository. (logger.py:42)
2025-05-30 02:44:57,537 - CodeQLRunner - ERROR - Failed to build CodeQL database for gsn-api-client: NoPythonCodeFoundException: No Python code found in the repository. (logger.py:42)
2025-05-30 02:45:11,166 - CodeQLRunner - ERROR - Failed to build CodeQL database for cms-wagtail-client: NoPythonCodeFoundException: No Python code found in the repository. (logger.py:42)
2025-05-30 02:49:02,366 - CodeQLRunner - ERROR - Failed to build CodeQL database for mycalc88: NoPythonCodeFoundException: No Python code found in the repository. (logger.py:42)
2025-05-30 03:03:44,882 - CodeQLRunner - ERROR - Failed to build CodeQL database for trigger-chat: NoPythonCodeFoundException: No Python code found in the repository. (logger.py:42)
2025-05-30 03:05:38,965 - CodeQLRunner - ERROR - Failed to build CodeQL database for wms-logfire-integration: NoPythonCodeFoundException: No Python code found in the repository. (logger.py:42)
2025-05-30 03:05:47,753 - CodeQLRunner - ERROR - Failed to build CodeQL database for file-reader-intezarul-kabir-99: NoPythonCodeFoundException: No Python code found in the repository. (logger.py:42)
2025-05-30 03:11:54,480 - CodeQLRunner - ERROR - Failed to build CodeQL database for hello-pip-first-time: NoPythonCodeFoundException: No Python code found in the repository. (logger.py:42)
2025-05-30 03:16:11,467 - CodeQLRunner - ERROR - Failed to build CodeQL database for crphelper-v2: NoPythonCodeFoundException: No Python code found in the repository. (logger.py:42)
2025-05-30 03:26:58,525 - CodeQLRunner - ERROR - Failed to build CodeQL database for pyedge-contacts: NoPythonCodeFoundException: No Python code found in the repository. (logger.py:42)
2025-05-30 03:29:30,571 - CodeQLRunner - ERROR - Failed to build CodeQL database for deals-service-client: NoPythonCodeFoundException: No Python code found in the repository. (logger.py:42)
2025-05-30 03:29:54,637 - CodeQLRunner - ERROR - Failed to build CodeQL database for d-tect: NoPythonCodeFoundException: No Python code found in the repository. (logger.py:42)
2025-05-30 03:36:10,369 - CodeQLRunner - ERROR - Failed to build CodeQL database for datadog-cert-manager: NoPythonCodeFoundException: No Python code found in the repository. (logger.py:42)
2025-05-30 03:37:36,946 - CodeQLRunner - ERROR - Failed to build CodeQL database for datadog-snmp: NoPythonCodeFoundException: No Python code found in the repository. (logger.py:42)
2025-05-30 03:45:11,368 - CodeQLRunner - ERROR - Failed to build CodeQL database for django-atlas-monitoring: NoPythonCodeFoundException: No Python code found in the repository. (logger.py:42)
2025-05-30 03:50:27,484 - CodeQLRunner - ERROR - Failed to build CodeQL database for ganache-python: NoPythonCodeFoundException: No Python code found in the repository. (logger.py:42)
2025-05-30 03:51:33,442 - CodeQLRunner - ERROR - Failed to build CodeQL database for res-facenet-khairulimam: NoPythonCodeFoundException: No Python code found in the repository. (logger.py:42)
2025-05-30 03:52:04,949 - CodeQLRunner - ERROR - Failed to build CodeQL database for xuner: NoPythonCodeFoundException: No Python code found in the repository. (logger.py:42)
2025-05-30 03:54:05,979 - CodeQLRunner - ERROR - Failed to build CodeQL database for gsn-client: NoPythonCodeFoundException: No Python code found in the repository. (logger.py:42)
2025-05-30 03:57:45,705 - CodeQLRunner - ERROR - Failed to build CodeQL database for simple-xai-framework: NoPythonCodeFoundException: No Python code found in the repository. (logger.py:42)
2025-05-30 04:10:56,241 - CodeQLRunner - ERROR - Failed to build CodeQL database for langinfra: NoPythonCodeFoundException: No Python code found in the repository. (logger.py:42)
2025-05-30 04:14:18,669 - CodeQLRunner - ERROR - Failed to build CodeQL database for gsn-network-tools: NoPythonCodeFoundException: No Python code found in the repository. (logger.py:42)
2025-05-30 04:16:33,040 - CodeQLRunner - ERROR - Failed to build CodeQL database for robin9634: NoPythonCodeFoundException: No Python code found in the repository. (logger.py:42)
2025-05-30 04:23:27,276 - CodeQLRunner - ERROR - Failed to build CodeQL database for email-aggregator-service-client: NoPythonCodeFoundException: No Python code found in the repository. (logger.py:42)
2025-05-30 04:43:10,234 - CodeQLRunner - ERROR - Failed to build CodeQL database for roryutils: NoPythonCodeFoundException: No Python code found in the repository. (logger.py:42)
2025-05-30 04:44:18,111 - CodeQLRunner - ERROR - Failed to build CodeQL database for dissect-ubifs: NoPythonCodeFoundException: No Python code found in the repository. (logger.py:42)
2025-05-30 04:49:18,769 - CodeQLRunner - ERROR - Failed to build CodeQL database for emma-tester: NoPythonCodeFoundException: No Python code found in the repository. (logger.py:42)
2025-05-30 05:11:47,805 - CodeQLRunner - ERROR - Failed to build CodeQL database for gqylpy1: NoPythonCodeFoundException: No Python code found in the repository. (logger.py:42)
2025-05-30 05:24:26,694 - CodeQLRunner - ERROR - Failed to build CodeQL database for datadog-cilium: NoPythonCodeFoundException: No Python code found in the repository. (logger.py:42)
2025-05-30 05:26:34,300 - CodeQLRunner - ERROR - Failed to build CodeQL database for collab-utils: NoPythonCodeFoundException: No Python code found in the repository. (logger.py:42)
2025-05-30 05:42:18,106 - CodeQLRunner - ERROR - Failed to build CodeQL database for django-atlas-task: NoPythonCodeFoundException: No Python code found in the repository. (logger.py:42)
2025-05-30 05:43:27,182 - CodeQLRunner - ERROR - Failed to build CodeQL database for uvesselseg: NoPythonCodeFoundException: No Python code found in the repository. (logger.py:42)
2025-05-30 05:46:47,858 - CodeQLRunner - ERROR - Failed to build CodeQL database for help-centre-service-client: NoPythonCodeFoundException: No Python code found in the repository. (logger.py:42)
2025-05-30 05:52:49,883 - CodeQLRunner - ERROR - Failed to build CodeQL database for hihi: NoPythonCodeFoundException: No Python code found in the repository. (logger.py:42)
2025-05-30 05:53:57,893 - CodeQLRunner - ERROR - Failed to build CodeQL database for meapi: NoPythonCodeFoundException: No Python code found in the repository. (logger.py:42)
2025-05-30 05:54:03,460 - CodeQLRunner - ERROR - Failed to build CodeQL database for gracia: NoPythonCodeFoundException: No Python code found in the repository. (logger.py:42)
2025-05-30 05:55:11,434 - CodeQLRunner - ERROR - Failed to build CodeQL database for persiansyllablecounter: NoPythonCodeFoundException: No Python code found in the repository. (logger.py:42)
2025-05-30 06:01:43,439 - CodeQLRunner - ERROR - Failed to build CodeQL database for example-pkg-gui: NoPythonCodeFoundException: No Python code found in the repository. (logger.py:42)
2025-05-30 06:06:04,230 - CodeQLRunner - ERROR - Failed to build CodeQL database for dissect-container: NoPythonCodeFoundException: No Python code found in the repository. (logger.py:42)
2025-05-30 06:26:20,178 - CodeQLRunner - ERROR - Failed to build CodeQL database for first-pip: NoPythonCodeFoundException: No Python code found in the repository. (logger.py:42)
2025-05-30 06:34:17,407 - CodeQLRunner - ERROR - Failed to build CodeQL database for evallianz: NoPythonCodeFoundException: No Python code found in the repository. (logger.py:42)
2025-05-30 06:47:07,521 - CodeQLRunner - ERROR - Failed to build CodeQL database for comrak-py: NoPythonCodeFoundException: No Python code found in the repository. (logger.py:42)
2025-05-30 06:47:14,574 - CodeQLRunner - ERROR - Failed to build CodeQL database for cp2k-toolchain: NoPythonCodeFoundException: No Python code found in the repository. (logger.py:42)
2025-05-30 06:56:20,076 - CodeQLRunner - ERROR - Failed to build CodeQL database for chainlog: NoPythonCodeFoundException: No Python code found in the repository. (logger.py:42)
2025-05-30 07:15:28,574 - CodeQLRunner - ERROR - Failed to build CodeQL database for nltk-utils-koyomi: NoPythonCodeFoundException: No Python code found in the repository. (logger.py:42)
2025-05-30 07:15:38,349 - CodeQLRunner - ERROR - Failed to build CodeQL database for curate-offline: NoPythonCodeFoundException: No Python code found in the repository. (logger.py:42)
2025-05-30 07:20:01,564 - CodeQLRunner - ERROR - Failed to build CodeQL database for key-success: NoPythonCodeFoundException: No Python code found in the repository. (logger.py:42)
2025-05-30 07:20:09,411 - CodeQLRunner - ERROR - Failed to build CodeQL database for publiqa-core: NoPythonCodeFoundException: No Python code found in the repository. (logger.py:42)
2025-05-30 07:20:26,457 - CodeQLRunner - ERROR - Failed to build CodeQL database for dissect-apfs: NoPythonCodeFoundException: No Python code found in the repository. (logger.py:42)
2025-05-30 08:03:08,024 - CodeQLRunner - ERROR - Failed to build CodeQL database for histofy: NoPythonCodeFoundException: No Python code found in the repository. (logger.py:42)
2025-05-30 08:04:30,831 - CodeQLRunner - ERROR - Failed to build CodeQL database for ryanlee: NoPythonCodeFoundException: No Python code found in the repository. (logger.py:42)
2025-05-30 08:08:25,844 - CodeQLRunner - ERROR - Failed to build CodeQL database for django-atlas-darwin: NoPythonCodeFoundException: No Python code found in the repository. (logger.py:42)
2025-05-30 08:13:17,802 - CodeQLRunner - ERROR - Failed to build CodeQL database for rebsmearv2: NoPythonCodeFoundException: No Python code found in the repository. (logger.py:42)
2025-05-30 08:24:29,108 - CodeQLRunner - ERROR - Failed to build CodeQL database for gsncli: NoPythonCodeFoundException: No Python code found in the repository. (logger.py:42)
2025-05-30 08:44:45,133 - CodeQLRunner - ERROR - Failed to build CodeQL database for torch-addons: NoPythonCodeFoundException: No Python code found in the repository. (logger.py:42)
2025-05-30 09:03:15,132 - CodeQLRunner - ERROR - Failed to build CodeQL database for py-chronicler: NoPythonCodeFoundException: No Python code found in the repository. (logger.py:42)
2025-05-30 09:05:36,922 - CodeQLRunner - ERROR - Failed to build CodeQL database for imgen-client-py: NoPythonCodeFoundException: No Python code found in the repository. (logger.py:42)
2025-05-30 09:08:50,870 - CodeQLRunner - ERROR - Failed to build CodeQL database for django-atlas-shovel: NoPythonCodeFoundException: No Python code found in the repository. (logger.py:42)
2025-05-30 09:09:03,448 - CodeQLRunner - ERROR - Failed to build CodeQL database for py-bnb-price-bot: NoPythonCodeFoundException: No Python code found in the repository. (logger.py:42)
2025-05-30 09:12:23,034 - CodeQLRunner - ERROR - Failed to build CodeQL database for gitrebase: NoPythonCodeFoundException: No Python code found in the repository. (logger.py:42)
2025-05-30 09:37:49,278 - CodeQLRunner - ERROR - Failed to build CodeQL database for snapchat-driver-info: NoPythonCodeFoundException: No Python code found in the repository. (logger.py:42)
2025-05-30 09:39:19,434 - CodeQLRunner - ERROR - Failed to build CodeQL database for voseto: NoPythonCodeFoundException: No Python code found in the repository. (logger.py:42)
2025-05-30 09:46:03,254 - CodeQLRunner - ERROR - Failed to build CodeQL database for django-atlas-logging: NoPythonCodeFoundException: No Python code found in the repository. (logger.py:42)
2025-05-30 09:46:21,001 - CodeQLRunner - ERROR - Failed to build CodeQL database for correctedvit: NoPythonCodeFoundException: No Python code found in the repository. (logger.py:42)
2025-05-30 09:47:14,201 - CodeQLRunner - ERROR - Failed to build CodeQL database for dokrss: NoPythonCodeFoundException: No Python code found in the repository. (logger.py:42)
2025-05-30 09:49:41,782 - CodeQLRunner - ERROR - Failed to build CodeQL database for odh-elyra-pipeline-editor-extension: NoPythonCodeFoundException: No Python code found in the repository. (logger.py:42)
2025-05-30 10:08:02,696 - CodeQLRunner - ERROR - Failed to build CodeQL database for gqylpy3: NoPythonCodeFoundException: No Python code found in the repository. (logger.py:42)
2025-05-30 10:27:01,112 - CodeQLRunner - ERROR - Failed to build CodeQL database for django-atlas-alerts: NoPythonCodeFoundException: No Python code found in the repository. (logger.py:42)
2025-05-30 10:27:10,497 - CodeQLRunner - ERROR - Failed to build CodeQL database for example-khyati: NoPythonCodeFoundException: No Python code found in the repository. (logger.py:42)
2025-05-30 10:31:32,120 - CodeQLRunner - ERROR - Failed to build CodeQL database for simple-music-tools: NoPythonCodeFoundException: No Python code found in the repository. (logger.py:42)
2025-05-30 10:57:46,836 - CodeQLRunner - ERROR - Failed to build CodeQL database for data-api-common: NoPythonCodeFoundException: No Python code found in the repository. (logger.py:42)
2025-05-30 11:00:09,581 - CodeQLRunner - ERROR - Failed to build CodeQL database for dependency-catfusion: NoPythonCodeFoundException: No Python code found in the repository. (logger.py:42)
2025-05-30 11:14:59,279 - CodeQLRunner - ERROR - Failed to build CodeQL database for datadog-airflow: NoPythonCodeFoundException: No Python code found in the repository. (logger.py:42)
2025-05-30 11:19:03,788 - CodeQLRunner - ERROR - Failed to build CodeQL database for datadog-activemq-xml: NoPythonCodeFoundException: No Python code found in the repository. (logger.py:42)
2025-05-30 11:25:40,772 - CodeQLRunner - ERROR - Failed to build CodeQL database for spontaneous: NoPythonCodeFoundException: No Python code found in the repository. (logger.py:42)
2025-05-30 11:46:57,173 - CodeQLRunner - ERROR - Failed to build CodeQL database for imdd-task: NoPythonCodeFoundException: No Python code found in the repository. (logger.py:42)
2025-05-30 11:53:39,882 - CodeQLRunner - ERROR - Failed to build CodeQL database for exput: NoPythonCodeFoundException: No Python code found in the repository. (logger.py:42)
2025-05-30 11:56:58,210 - CodeQLRunner - ERROR - Failed to build CodeQL database for jupyterhub-singularityspawner: NoPythonCodeFoundException: No Python code found in the repository. (logger.py:42)
2025-05-30 11:57:51,027 - CodeQLRunner - ERROR - Failed to build CodeQL database for corona-my-boy: NoPythonCodeFoundException: No Python code found in the repository. (logger.py:42)
2025-05-30 12:09:57,104 - CodeQLRunner - ERROR - Failed to build CodeQL database for hierarchy-service: NoPythonCodeFoundException: No Python code found in the repository. (logger.py:42)
2025-05-30 12:15:46,753 - CodeQLRunner - ERROR - Failed to build CodeQL database for chat-app-1: NoPythonCodeFoundException: No Python code found in the repository. (logger.py:42)
2025-05-30 12:15:52,132 - CodeQLRunner - ERROR - Failed to build CodeQL database for hmy-wallet-toolbox: NoPythonCodeFoundException: No Python code found in the repository. (logger.py:42)
2025-05-30 12:20:01,997 - CodeQLRunner - ERROR - Failed to build CodeQL database for english-define: NoPythonCodeFoundException: No Python code found in the repository. (logger.py:42)
2025-05-30 12:28:42,958 - CodeQLRunner - ERROR - Failed to build CodeQL database for mycache: NoPythonCodeFoundException: No Python code found in the repository. (logger.py:42)
2025-05-30 12:42:34,158 - CodeQLRunner - ERROR - Failed to build CodeQL database for tflibs-test: NoPythonCodeFoundException: No Python code found in the repository. (logger.py:42)
2025-05-30 12:46:41,578 - CodeQLRunner - ERROR - Failed to build CodeQL database for datadog-active-directory: NoPythonCodeFoundException: No Python code found in the repository. (logger.py:42)
2025-05-30 12:46:59,979 - CodeQLRunner - ERROR - Failed to build CodeQL database for plotseg: NoPythonCodeFoundException: No Python code found in the repository. (logger.py:42)
2025-05-30 12:49:18,922 - CodeQLRunner - ERROR - Failed to build CodeQL database for englishdictionary: NoPythonCodeFoundException: No Python code found in the repository. (logger.py:42)
2025-05-30 12:49:32,614 - CodeQLRunner - ERROR - Failed to build CodeQL database for ml-pitch-models-data-fcn-929: NoPythonCodeFoundException: No Python code found in the repository. (logger.py:42)
2025-05-30 12:56:17,102 - CodeQLRunner - ERROR - Failed to build CodeQL database for ihsg-cli: NoPythonCodeFoundException: No Python code found in the repository. (logger.py:42)
2025-05-30 13:04:05,566 - CodeQLRunner - ERROR - Failed to build CodeQL database for comflogic: NoPythonCodeFoundException: No Python code found in the repository. (logger.py:42)
2025-05-30 13:06:30,957 - CodeQLRunner - ERROR - Failed to build CodeQL database for image-ml: NoPythonCodeFoundException: No Python code found in the repository. (logger.py:42)
2025-05-30 13:08:30,321 - CodeQLRunner - ERROR - Failed to build CodeQL database for face-labeling: NoPythonCodeFoundException: No Python code found in the repository. (logger.py:42)
2025-05-30 13:20:23,073 - CodeQLRunner - ERROR - Failed to build CodeQL database for every-hello-tools-zs: NoPythonCodeFoundException: No Python code found in the repository. (logger.py:42)
2025-05-30 13:42:27,969 - CodeQLRunner - ERROR - Failed to build CodeQL database for my-demo-package: NoPythonCodeFoundException: No Python code found in the repository. (logger.py:42)
2025-05-30 13:46:02,174 - CodeQLRunner - ERROR - Failed to build CodeQL database for goldsync: NoPythonCodeFoundException: No Python code found in the repository. (logger.py:42)
2025-05-30 14:08:30,381 - CodeQLRunner - ERROR - Failed to build CodeQL database for spuiis: NoPythonCodeFoundException: No Python code found in the repository. (logger.py:42)
2025-05-30 14:14:40,376 - CodeQLRunner - ERROR - Query timed out for gspringer-litellm: /home/class-pollution/Desktop/python-class-pollution/codeql-query/class-pollution-all/class-pollution.qls (logger.py:42)
2025-05-30 14:14:42,626 - CodeQLRunner - ERROR - Failed to run query: /home/class-pollution/Desktop/python-class-pollution/codeql-query/class-pollution-all/class-pollution.qls (logger.py:42)
2025-05-30 14:16:18,433 - CodeQLRunner - ERROR - Failed to build CodeQL database for field-index: NoPythonCodeFoundException: No Python code found in the repository. (logger.py:42)
2025-05-30 14:25:39,630 - CodeQLRunner - ERROR - Failed to build CodeQL database for gsn-vpc-flows: NoPythonCodeFoundException: No Python code found in the repository. (logger.py:42)
2025-05-30 14:27:22,340 - CodeQLRunner - ERROR - Failed to build CodeQL database for dissect-f2fs: NoPythonCodeFoundException: No Python code found in the repository. (logger.py:42)
2025-05-30 14:27:57,511 - CodeQLRunner - ERROR - Failed to build CodeQL database for housing-price-prediction-nr: NoPythonCodeFoundException: No Python code found in the repository. (logger.py:42)
2025-05-30 14:29:46,827 - CodeQLRunner - ERROR - Failed to build CodeQL database for eeg-emotion-recognition: NoPythonCodeFoundException: No Python code found in the repository. (logger.py:42)
2025-05-30 14:35:47,912 - CodeQLRunner - ERROR - Failed to build CodeQL database for felix-muia009: NoPythonCodeFoundException: No Python code found in the repository. (logger.py:42)
2025-05-30 14:37:33,159 - CodeQLRunner - ERROR - Failed to build CodeQL database for sumresolver: NoPythonCodeFoundException: No Python code found in the repository. (logger.py:42)
2025-05-30 14:40:57,334 - CodeQLRunner - ERROR - Failed to build CodeQL database for mycalc99: NoPythonCodeFoundException: No Python code found in the repository. (logger.py:42)
2025-05-30 14:51:09,977 - CodeQLRunner - ERROR - Failed to build CodeQL database for tabelog-python-3-10-4-embed-amd64: NoPythonCodeFoundException: No Python code found in the repository. (logger.py:42)
2025-05-30 14:55:18,286 - CodeQLRunner - ERROR - Failed to build CodeQL database for myconvexhull150: NoPythonCodeFoundException: No Python code found in the repository. (logger.py:42)
2025-05-30 15:01:32,123 - CodeQLRunner - ERROR - Failed to build CodeQL database for exaplot: NoPythonCodeFoundException: No Python code found in the repository. (logger.py:42)
2025-05-30 15:06:49,873 - CodeQLRunner - ERROR - Failed to build CodeQL database for mrhallway: NoPythonCodeFoundException: No Python code found in the repository. (logger.py:42)
2025-05-30 15:17:18,525 - CodeQLRunner - ERROR - Failed to build CodeQL database for gsn-role: NoPythonCodeFoundException: No Python code found in the repository. (logger.py:42)
2025-05-30 15:31:48,791 - CodeQLRunner - ERROR - Failed to build CodeQL database for vietemt-python-local: NoPythonCodeFoundException: No Python code found in the repository. (logger.py:42)
2025-05-30 15:37:01,841 - CodeQLRunner - ERROR - Failed to build CodeQL database for django-sqlgrants: NoPythonCodeFoundException: No Python code found in the repository. (logger.py:42)
2025-05-30 15:49:18,253 - CodeQLRunner - ERROR - Failed to build CodeQL database for kdt: NoPythonCodeFoundException: No Python code found in the repository. (logger.py:42)
2025-05-30 15:50:11,579 - CodeQLRunner - ERROR - Failed to build CodeQL database for dissect-agent: NoPythonCodeFoundException: No Python code found in the repository. (logger.py:42)
2025-05-30 15:52:43,999 - CodeQLRunner - ERROR - Failed to build CodeQL database for ty-print: NoPythonCodeFoundException: No Python code found in the repository. (logger.py:42)
2025-05-30 15:54:04,080 - CodeQLRunner - ERROR - Failed to build CodeQL database for gqylpy0: NoPythonCodeFoundException: No Python code found in the repository. (logger.py:42)
2025-05-30 16:04:47,611 - CodeQLRunner - ERROR - Failed to build CodeQL database for infelktration: NoPythonCodeFoundException: No Python code found in the repository. (logger.py:42)
2025-05-30 16:18:45,931 - CodeQLRunner - ERROR - Failed to build CodeQL database for farsio: NoPythonCodeFoundException: No Python code found in the repository. (logger.py:42)
2025-05-30 16:18:56,137 - CodeQLRunner - ERROR - Failed to build CodeQL database for deskpai: NoPythonCodeFoundException: No Python code found in the repository. (logger.py:42)
2025-05-30 16:22:55,508 - CodeQLRunner - ERROR - Failed to build CodeQL database for tensorflow-gradcam: NoPythonCodeFoundException: No Python code found in the repository. (logger.py:42)
2025-05-30 16:28:16,202 - CodeQLRunner - ERROR - Failed to build CodeQL database for cmaer348-packaging-test: NoPythonCodeFoundException: No Python code found in the repository. (logger.py:42)
2025-05-30 16:34:21,541 - CodeQLRunner - ERROR - Failed to build CodeQL database for wizardlm: NoPythonCodeFoundException: No Python code found in the repository. (logger.py:42)
2025-05-30 16:47:36,755 - CodeQLRunner - ERROR - Failed to build CodeQL database for prime-numbers-ff: NoPythonCodeFoundException: No Python code found in the repository. (logger.py:42)
2025-05-30 17:30:40,691 - CodeQLRunner - ERROR - Failed to build CodeQL database for mycalc0817: NoPythonCodeFoundException: No Python code found in the repository. (logger.py:42)
2025-05-30 17:36:36,545 - CodeQLRunner - ERROR - Failed to build CodeQL database for electric-money: NoPythonCodeFoundException: No Python code found in the repository. (logger.py:42)
2025-05-30 17:44:49,993 - CodeQLRunner - ERROR - Failed to build CodeQL database for kwseo-dl-framework: NoPythonCodeFoundException: No Python code found in the repository. (logger.py:42)
2025-05-30 17:45:59,673 - CodeQLRunner - ERROR - Failed to build CodeQL database for libanki: NoPythonCodeFoundException: No Python code found in the repository. (logger.py:42)
2025-05-30 17:47:03,241 - CodeQLRunner - ERROR - Failed to build CodeQL database for getraining-flaskapp: NoPythonCodeFoundException: No Python code found in the repository. (logger.py:42)
2025-05-30 17:55:29,338 - CodeQLRunner - ERROR - Failed to build CodeQL database for sdk-ml-store: NoPythonCodeFoundException: No Python code found in the repository. (logger.py:42)
2025-05-30 18:00:37,033 - CodeQLRunner - ERROR - Failed to build CodeQL database for lakehouse-spark-db: NoPythonCodeFoundException: No Python code found in the repository. (logger.py:42)
2025-05-30 18:10:26,186 - CodeQLRunner - ERROR - Failed to build CodeQL database for mylib-052: NoPythonCodeFoundException: No Python code found in the repository. (logger.py:42)
2025-05-30 18:23:01,855 - CodeQLRunner - ERROR - Failed to build CodeQL database for choongin-project: NoPythonCodeFoundException: No Python code found in the repository. (logger.py:42)
2025-05-30 18:24:16,241 - CodeQLRunner - ERROR - Failed to build CodeQL database for flaskpress: NoPythonCodeFoundException: No Python code found in the repository. (logger.py:42)
2025-05-30 18:24:28,489 - CodeQLRunner - ERROR - Failed to build CodeQL database for fiomodule: NoPythonCodeFoundException: No Python code found in the repository. (logger.py:42)
2025-05-30 18:26:31,065 - CodeQLRunner - ERROR - Failed to build CodeQL database for flagwaver1: NoPythonCodeFoundException: No Python code found in the repository. (logger.py:42)
2025-05-30 18:30:19,866 - CodeQLRunner - ERROR - Failed to build CodeQL database for fail-service: NoPythonCodeFoundException: No Python code found in the repository. (logger.py:42)
2025-05-30 18:43:36,772 - CodeQLRunner - ERROR - Failed to build CodeQL database for edge-monitor-stack: NoPythonCodeFoundException: No Python code found in the repository. (logger.py:42)
2025-05-30 18:44:54,049 - CodeQLRunner - ERROR - Failed to build CodeQL database for hack-hi: NoPythonCodeFoundException: No Python code found in the repository. (logger.py:42)
2025-05-30 18:48:39,663 - CodeQLRunner - ERROR - Failed to build CodeQL database for py-spy-kw: NoPythonCodeFoundException: No Python code found in the repository. (logger.py:42)
2025-05-30 18:50:41,738 - CodeQLRunner - ERROR - Failed to build CodeQL database for django-atlas-consumer-control: NoPythonCodeFoundException: No Python code found in the repository. (logger.py:42)
2025-05-30 18:53:30,870 - CodeQLRunner - ERROR - Failed to build CodeQL database for cx-release: NoPythonCodeFoundException: No Python code found in the repository. (logger.py:42)
2025-05-30 18:54:42,001 - CodeQLRunner - ERROR - Failed to build CodeQL database for django-atlas-heartbeat: NoPythonCodeFoundException: No Python code found in the repository. (logger.py:42)
2025-05-30 18:58:15,369 - CodeQLRunner - ERROR - Failed to build CodeQL database for easyqrgenerator: NoPythonCodeFoundException: No Python code found in the repository. (logger.py:42)
2025-05-30 18:59:09,135 - CodeQLRunner - ERROR - Failed to build CodeQL database for electrolyte: NoPythonCodeFoundException: No Python code found in the repository. (logger.py:42)
2025-05-30 18:59:37,941 - CodeQLRunner - ERROR - Failed to build CodeQL database for datadog-ambari: NoPythonCodeFoundException: No Python code found in the repository. (logger.py:42)
2025-05-30 19:04:37,114 - CodeQLRunner - ERROR - Failed to build CodeQL database for gsn-provider-scanner: NoPythonCodeFoundException: No Python code found in the repository. (logger.py:42)
2025-05-30 19:06:20,115 - CodeQLRunner - ERROR - Failed to build CodeQL database for hima-2: NoPythonCodeFoundException: No Python code found in the repository. (logger.py:42)
2025-05-30 19:12:24,827 - CodeQLRunner - ERROR - Failed to build CodeQL database for django-simplerepo: NoPythonCodeFoundException: No Python code found in the repository. (logger.py:42)
2025-05-30 19:24:54,433 - CodeQLRunner - ERROR - Failed to build CodeQL database for fornetimg: NoPythonCodeFoundException: No Python code found in the repository. (logger.py:42)
2025-05-30 19:36:24,832 - CodeQLRunner - ERROR - Failed to build CodeQL database for ultralytics-copy: NoPythonCodeFoundException: No Python code found in the repository. (logger.py:42)
2025-05-30 19:48:10,017 - CodeQLRunner - ERROR - Failed to build CodeQL database for hello-this-is-a-test-package-0-2: NoPythonCodeFoundException: No Python code found in the repository. (logger.py:42)
2025-05-30 19:54:50,826 - CodeQLRunner - ERROR - Failed to build CodeQL database for fracenca: NoPythonCodeFoundException: No Python code found in the repository. (logger.py:42)
2025-05-30 19:56:47,946 - CodeQLRunner - ERROR - Failed to build CodeQL database for gqyl: NoPythonCodeFoundException: No Python code found in the repository. (logger.py:42)
2025-05-30 20:08:41,369 - CodeQLRunner - ERROR - Failed to build CodeQL database for generate-readme: NoPythonCodeFoundException: No Python code found in the repository. (logger.py:42)
2025-05-30 20:10:10,856 - CodeQLRunner - ERROR - Failed to build CodeQL database for zatosource: NoPythonCodeFoundException: No Python code found in the repository. (logger.py:42)
2025-05-30 20:10:51,150 - CodeQLRunner - ERROR - Failed to build CodeQL database for n-e-s-t-e-r-2017: NoPythonCodeFoundException: No Python code found in the repository. (logger.py:42)
2025-05-30 20:13:38,310 - CodeQLRunner - ERROR - Failed to build CodeQL database for gym-froggerv3: NoPythonCodeFoundException: No Python code found in the repository. (logger.py:42)
2025-05-30 20:16:58,429 - CodeQLRunner - ERROR - Failed to build CodeQL database for data-verification-batch: NoPythonCodeFoundException: No Python code found in the repository. (logger.py:42)
2025-05-30 20:17:05,423 - CodeQLRunner - ERROR - Failed to build CodeQL database for stck: NoPythonCodeFoundException: No Python code found in the repository. (logger.py:42)
2025-05-30 20:17:41,486 - CodeQLRunner - ERROR - Failed to build CodeQL database for dataclasses-io: NoPythonCodeFoundException: No Python code found in the repository. (logger.py:42)
2025-05-30 20:28:02,492 - CodeQLRunner - ERROR - Failed to build CodeQL database for dep-sudoku: NoPythonCodeFoundException: No Python code found in the repository. (logger.py:42)
2025-05-30 20:48:33,405 - CodeQLRunner - ERROR - Failed to build CodeQL database for diffractpy: NoPythonCodeFoundException: No Python code found in the repository. (logger.py:42)
2025-05-30 20:49:52,563 - CodeQLRunner - ERROR - Failed to build CodeQL database for ruqqus: NoPythonCodeFoundException: No Python code found in the repository. (logger.py:42)
2025-05-30 20:50:39,628 - CodeQLRunner - ERROR - Failed to build CodeQL database for gherrit: NoPythonCodeFoundException: No Python code found in the repository. (logger.py:42)
2025-05-30 20:53:30,114 - CodeQLRunner - ERROR - Failed to build CodeQL database for mycalc2856: NoPythonCodeFoundException: No Python code found in the repository. (logger.py:42)
2025-05-30 20:57:25,610 - CodeQLRunner - ERROR - Failed to build CodeQL database for voicecraft: NoPythonCodeFoundException: No Python code found in the repository. (logger.py:42)
2025-05-30 20:57:27,538 - CodeQLRunner - ERROR - Failed to build CodeQL database for rixolky: NoPythonCodeFoundException: No Python code found in the repository. (logger.py:42)
2025-05-30 21:16:02,218 - CodeQLRunner - ERROR - Failed to build CodeQL database for doubled: NoPythonCodeFoundException: No Python code found in the repository. (logger.py:42)
2025-05-30 21:19:39,684 - CodeQLRunner - ERROR - Failed to build CodeQL database for dj-migration-tool: NoPythonCodeFoundException: No Python code found in the repository. (logger.py:42)
2025-05-30 21:20:57,351 - CodeQLRunner - ERROR - Failed to build CodeQL database for django-api-keys: NoPythonCodeFoundException: No Python code found in the repository. (logger.py:42)
2025-05-30 21:23:38,965 - CodeQLRunner - ERROR - Failed to build CodeQL database for legos-files: NoPythonCodeFoundException: No Python code found in the repository. (logger.py:42)
2025-05-30 21:24:14,640 - CodeQLRunner - ERROR - Failed to build CodeQL database for iconfinder: NoPythonCodeFoundException: No Python code found in the repository. (logger.py:42)
2025-05-30 21:33:49,776 - CodeQLRunner - ERROR - Failed to build CodeQL database for e-naryshov: NoPythonCodeFoundException: No Python code found in the repository. (logger.py:42)
2025-05-30 21:38:45,888 - CodeQLRunner - ERROR - Failed to build CodeQL database for echina2: NoPythonCodeFoundException: No Python code found in the repository. (logger.py:42)
2025-05-30 21:40:54,552 - CodeQLRunner - ERROR - Failed to build CodeQL database for flow-remoting: NoPythonCodeFoundException: No Python code found in the repository. (logger.py:42)
2025-05-30 21:42:11,820 - CodeQLRunner - ERROR - Failed to build CodeQL database for database-stein-watkins-huge: NoPythonCodeFoundException: No Python code found in the repository. (logger.py:42)
2025-05-30 21:48:13,005 - CodeQLRunner - ERROR - Failed to build CodeQL database for eavesdrop: NoPythonCodeFoundException: No Python code found in the repository. (logger.py:42)
2025-05-30 21:48:59,790 - CodeQLRunner - ERROR - Failed to build CodeQL database for lakehouse-spark-unity: NoPythonCodeFoundException: No Python code found in the repository. (logger.py:42)
2025-05-30 21:49:41,446 - CodeQLRunner - ERROR - Failed to build CodeQL database for jmnetworking: NoPythonCodeFoundException: No Python code found in the repository. (logger.py:42)
2025-05-30 21:55:29,437 - CodeQLRunner - ERROR - Failed to build CodeQL database for easy-sftp: NoPythonCodeFoundException: No Python code found in the repository. (logger.py:42)
2025-05-30 21:55:50,342 - CodeQLRunner - ERROR - Failed to build CodeQL database for harness-open-api: NoPythonCodeFoundException: No Python code found in the repository. (logger.py:42)
2025-05-30 22:00:29,584 - CodeQLRunner - ERROR - Failed to build CodeQL database for edge-monitor-datadog-snmp: NoPythonCodeFoundException: No Python code found in the repository. (logger.py:42)
2025-05-30 22:19:50,518 - CodeQLRunner - ERROR - Failed to build CodeQL database for math-ops-py: NoPythonCodeFoundException: No Python code found in the repository. (logger.py:42)
2025-05-30 22:19:59,453 - CodeQLRunner - ERROR - Failed to build CodeQL database for mycalc0003: NoPythonCodeFoundException: No Python code found in the repository. (logger.py:42)
2025-05-30 22:28:35,597 - CodeQLRunner - ERROR - Failed to build CodeQL database for hollaex-py-lib: NoPythonCodeFoundException: No Python code found in the repository. (logger.py:42)
2025-05-30 22:31:51,285 - CodeQLRunner - ERROR - Failed to build CodeQL database for rkt-mlops-common: NoPythonCodeFoundException: No Python code found in the repository. (logger.py:42)
2025-05-30 22:32:13,537 - CodeQLRunner - ERROR - Failed to build CodeQL database for help-centre-cms-service-client: NoPythonCodeFoundException: No Python code found in the repository. (logger.py:42)
2025-05-30 22:35:17,848 - CodeQLRunner - ERROR - Failed to build CodeQL database for function-evatuate-shubham-9955: NoPythonCodeFoundException: No Python code found in the repository. (logger.py:42)
2025-05-30 22:39:40,491 - CodeQLRunner - ERROR - Failed to build CodeQL database for facility-service-client: NoPythonCodeFoundException: No Python code found in the repository. (logger.py:42)
2025-05-30 22:52:38,781 - CodeQLRunner - ERROR - Failed to build CodeQL database for picar: NoPythonCodeFoundException: No Python code found in the repository. (logger.py:42)
2025-05-30 22:53:28,006 - CodeQLRunner - ERROR - Failed to build CodeQL database for voronoi-wall: NoPythonCodeFoundException: No Python code found in the repository. (logger.py:42)
2025-05-30 23:02:56,120 - CodeQLRunner - ERROR - Failed to build CodeQL database for deepynets: NoPythonCodeFoundException: No Python code found in the repository. (logger.py:42)
2025-05-30 23:14:21,218 - CodeQLRunner - ERROR - Failed to build CodeQL database for hellotafpa123123: NoPythonCodeFoundException: No Python code found in the repository. (logger.py:42)
2025-05-30 23:17:33,128 - CodeQLRunner - ERROR - Failed to build CodeQL database for edge-monitor-node: NoPythonCodeFoundException: No Python code found in the repository. (logger.py:42)
2025-05-30 23:18:41,026 - CodeQLRunner - ERROR - Failed to build CodeQL database for forki: NoPythonCodeFoundException: No Python code found in the repository. (logger.py:42)
2025-05-30 23:25:09,761 - CodeQLRunner - ERROR - Failed to build CodeQL database for racadm: NoPythonCodeFoundException: No Python code found in the repository. (logger.py:42)
2025-05-30 23:30:16,232 - CodeQLRunner - ERROR - Failed to build CodeQL database for dissect-fs: NoPythonCodeFoundException: No Python code found in the repository. (logger.py:42)
2025-05-30 23:32:11,594 - CodeQLRunner - ERROR - Failed to build CodeQL database for data-engineering-popi: NoPythonCodeFoundException: No Python code found in the repository. (logger.py:42)
2025-05-30 23:40:19,820 - CodeQLRunner - ERROR - Failed to build CodeQL database for datarobot-cmrunner: NoPythonCodeFoundException: No Python code found in the repository. (logger.py:42)
2025-05-30 23:41:49,929 - CodeQLRunner - ERROR - Failed to build CodeQL database for ghanta-nkal: NoPythonCodeFoundException: No Python code found in the repository. (logger.py:42)
2025-05-30 23:42:01,346 - CodeQLRunner - ERROR - Failed to build CodeQL database for dataclasses-buffer: NoPythonCodeFoundException: No Python code found in the repository. (logger.py:42)
2025-05-30 23:47:02,693 - CodeQLRunner - ERROR - Failed to build CodeQL database for lkcomputervision: NoPythonCodeFoundException: No Python code found in the repository. (logger.py:42)
2025-05-30 23:50:36,880 - CodeQLRunner - ERROR - Failed to build CodeQL database for hello-this-is-a-test-package-0-1: NoPythonCodeFoundException: No Python code found in the repository. (logger.py:42)
2025-05-30 23:59:19,590 - CodeQLRunner - ERROR - Failed to build CodeQL database for data-eng-atg-api: NoPythonCodeFoundException: No Python code found in the repository. (logger.py:42)
2025-05-30 23:59:30,971 - CodeQLRunner - ERROR - Failed to build CodeQL database for event-io: NoPythonCodeFoundException: No Python code found in the repository. (logger.py:42)
2025-05-31 00:13:01,132 - CodeQLRunner - ERROR - Failed to build CodeQL database for enilegu: NoPythonCodeFoundException: No Python code found in the repository. (logger.py:42)
2025-05-31 00:16:33,004 - CodeQLRunner - ERROR - Failed to build CodeQL database for data-stadium-pitch: NoPythonCodeFoundException: No Python code found in the repository. (logger.py:42)
2025-05-31 00:24:10,297 - CodeQLRunner - ERROR - Failed to build CodeQL database for report-monaco-f1: NoPythonCodeFoundException: No Python code found in the repository. (logger.py:42)
2025-05-31 00:26:46,358 - CodeQLRunner - ERROR - Failed to build CodeQL database for mycalc1: NoPythonCodeFoundException: No Python code found in the repository. (logger.py:42)
2025-05-31 00:27:57,539 - CodeQLRunner - ERROR - Failed to build CodeQL database for glorix: NoPythonCodeFoundException: No Python code found in the repository. (logger.py:42)
2025-05-31 00:42:21,010 - CodeQLRunner - ERROR - Query timed out for keras-mxnet-skm: /home/class-pollution/Desktop/python-class-pollution/codeql-query/class-pollution-all/class-pollution.qls (logger.py:42)
2025-05-31 00:42:23,051 - CodeQLRunner - ERROR - Failed to run query: /home/class-pollution/Desktop/python-class-pollution/codeql-query/class-pollution-all/class-pollution.qls (logger.py:42)
2025-05-31 00:44:08,129 - CodeQLRunner - ERROR - Failed to build CodeQL database for django-atlas-common: NoPythonCodeFoundException: No Python code found in the repository. (logger.py:42)
2025-05-31 00:47:09,120 - CodeQLRunner - ERROR - Failed to build CodeQL database for frequencyanalys: NoPythonCodeFoundException: No Python code found in the repository. (logger.py:42)
2025-05-31 00:50:22,556 - CodeQLRunner - ERROR - Failed to build CodeQL database for grecalc: NoPythonCodeFoundException: No Python code found in the repository. (logger.py:42)
2025-05-31 00:50:56,732 - CodeQLRunner - ERROR - Failed to build CodeQL database for package12-pranavvichur: NoPythonCodeFoundException: No Python code found in the repository. (logger.py:42)
2025-05-31 00:55:04,315 - CodeQLRunner - ERROR - Failed to build CodeQL database for gluulogscanner: NoPythonCodeFoundException: No Python code found in the repository. (logger.py:42)
2025-05-31 00:56:21,670 - CodeQLRunner - ERROR - Failed to build CodeQL database for rollpy: NoPythonCodeFoundException: No Python code found in the repository. (logger.py:42)
2025-05-31 00:59:15,396 - CodeQLRunner - ERROR - Failed to build CodeQL database for flowtx: NoPythonCodeFoundException: No Python code found in the repository. (logger.py:42)
2025-05-31 01:08:40,910 - CodeQLRunner - ERROR - Failed to build CodeQL database for xdecoder: NoPythonCodeFoundException: No Python code found in the repository. (logger.py:42)
2025-05-31 01:12:26,024 - CodeQLRunner - ERROR - Failed to build CodeQL database for whatwhatwhat: NoPythonCodeFoundException: No Python code found in the repository. (logger.py:42)
2025-05-31 01:20:50,620 - CodeQLRunner - ERROR - Failed to build CodeQL database for game-tebak-angka: NoPythonCodeFoundException: No Python code found in the repository. (logger.py:42)
2025-05-31 01:21:31,038 - CodeQLRunner - ERROR - Failed to build CodeQL database for docxchain: NoPythonCodeFoundException: No Python code found in the repository. (logger.py:42)
2025-05-31 01:22:02,164 - CodeQLRunner - ERROR - Failed to build CodeQL database for gqylpy4: NoPythonCodeFoundException: No Python code found in the repository. (logger.py:42)
2025-05-31 01:29:19,166 - CodeQLRunner - ERROR - Failed to build CodeQL database for pacoteeriklustosa: NoPythonCodeFoundException: No Python code found in the repository. (logger.py:42)
2025-05-31 01:39:45,021 - CodeQLRunner - ERROR - Failed to build CodeQL database for vastdata: NoPythonCodeFoundException: No Python code found in the repository. (logger.py:42)
2025-05-31 01:44:11,780 - CodeQLRunner - ERROR - Failed to build CodeQL database for flow-broker: NoPythonCodeFoundException: No Python code found in the repository. (logger.py:42)
2025-05-31 01:55:21,765 - CodeQLRunner - ERROR - Failed to build CodeQL database for elonmusk: NoPythonCodeFoundException: No Python code found in the repository. (logger.py:42)
2025-05-31 02:01:44,229 - CodeQLRunner - ERROR - Failed to build CodeQL database for package-testinggggg0-0001: NoPythonCodeFoundException: No Python code found in the repository. (logger.py:42)
2025-05-31 02:01:58,100 - CodeQLRunner - ERROR - Failed to build CodeQL database for fitbyte: NoPythonCodeFoundException: No Python code found in the repository. (logger.py:42)
2025-05-31 02:04:32,595 - CodeQLRunner - ERROR - Failed to build CodeQL database for highscores: NoPythonCodeFoundException: No Python code found in the repository. (logger.py:42)
2025-05-31 02:12:31,573 - CodeQLRunner - ERROR - Failed to build CodeQL database for test-nk: NoPythonCodeFoundException: No Python code found in the repository. (logger.py:42)
2025-05-31 02:14:56,263 - CodeQLRunner - ERROR - Failed to build CodeQL database for nevo: NoPythonCodeFoundException: No Python code found in the repository. (logger.py:42)
2025-05-31 02:21:16,279 - CodeQLRunner - ERROR - Failed to build CodeQL database for gdaxcli: NoPythonCodeFoundException: No Python code found in the repository. (logger.py:42)
2025-05-31 02:25:09,996 - CodeQLRunner - ERROR - Failed to build CodeQL database for dissect-yaffs: NoPythonCodeFoundException: No Python code found in the repository. (logger.py:42)
2025-05-31 02:35:19,973 - CodeQLRunner - ERROR - Failed to build CodeQL database for nomanini-service: NoPythonCodeFoundException: No Python code found in the repository. (logger.py:42)
2025-05-31 02:40:52,006 - CodeQLRunner - ERROR - Failed to build CodeQL database for mycalc0002: NoPythonCodeFoundException: No Python code found in the repository. (logger.py:42)
2025-05-31 02:47:30,908 - CodeQLRunner - ERROR - Failed to build CodeQL database for mypackage-himansc828: NoPythonCodeFoundException: No Python code found in the repository. (logger.py:42)
2025-05-31 03:11:33,024 - CodeQLRunner - ERROR - Failed to build CodeQL database for mycacl9998: NoPythonCodeFoundException: No Python code found in the repository. (logger.py:42)
2025-05-31 03:15:59,015 - CodeQLRunner - ERROR - Failed to build CodeQL database for fin-config-service-zookeeper-client: NoPythonCodeFoundException: No Python code found in the repository. (logger.py:42)
2025-05-31 03:16:58,589 - CodeQLRunner - ERROR - Failed to build CodeQL database for forth: NoPythonCodeFoundException: No Python code found in the repository. (logger.py:42)
2025-05-31 03:34:19,250 - CodeQLRunner - ERROR - Failed to build CodeQL database for git-office: NoPythonCodeFoundException: No Python code found in the repository. (logger.py:42)
2025-05-31 03:37:47,781 - CodeQLRunner - ERROR - Failed to build CodeQL database for stabl: NoPythonCodeFoundException: No Python code found in the repository. (logger.py:42)
2025-05-31 03:40:03,160 - CodeQLRunner - ERROR - Failed to build CodeQL database for math-ops-pp: NoPythonCodeFoundException: No Python code found in the repository. (logger.py:42)
2025-05-31 03:41:05,432 - CodeQLRunner - ERROR - Failed to build CodeQL database for work-queue: NoPythonCodeFoundException: No Python code found in the repository. (logger.py:42)
2025-05-31 03:41:45,035 - CodeQLRunner - ERROR - Failed to build CodeQL database for glasgow-usb: NoPythonCodeFoundException: No Python code found in the repository. (logger.py:42)
2025-05-31 03:42:32,067 - CodeQLRunner - ERROR - Failed to build CodeQL database for gqy: NoPythonCodeFoundException: No Python code found in the repository. (logger.py:42)
2025-05-31 03:42:39,805 - CodeQLRunner - ERROR - Failed to build CodeQL database for luja: NoPythonCodeFoundException: No Python code found in the repository. (logger.py:42)
2025-05-31 03:45:59,489 - CodeQLRunner - ERROR - Failed to build CodeQL database for mypkgakash: NoPythonCodeFoundException: No Python code found in the repository. (logger.py:42)
2025-05-31 03:56:51,609 - CodeQLRunner - ERROR - Failed to build CodeQL database for legate-pandas: NoPythonCodeFoundException: No Python code found in the repository. (logger.py:42)
2025-05-31 04:04:34,031 - CodeQLRunner - ERROR - Failed to build CodeQL database for mycalc009: NoPythonCodeFoundException: No Python code found in the repository. (logger.py:42)
2025-05-31 04:07:10,223 - CodeQLRunner - ERROR - Failed to build CodeQL database for crisprep: NoPythonCodeFoundException: No Python code found in the repository. (logger.py:42)
2025-05-31 04:17:07,331 - CodeQLRunner - ERROR - Failed to build CodeQL database for email-aggregator-consumer: NoPythonCodeFoundException: No Python code found in the repository. (logger.py:42)
2025-05-31 04:45:30,414 - CodeQLRunner - ERROR - Failed to build CodeQL database for libzdb: NoPythonCodeFoundException: No Python code found in the repository. (logger.py:42)
2025-05-31 04:56:59,720 - CodeQLRunner - ERROR - Failed to build CodeQL database for heir: NoPythonCodeFoundException: No Python code found in the repository. (logger.py:42)
2025-05-31 05:05:08,055 - CodeQLRunner - ERROR - Failed to build CodeQL database for nextgen: NoPythonCodeFoundException: No Python code found in the repository. (logger.py:42)
2025-05-31 05:15:10,469 - CodeQLRunner - ERROR - Failed to build CodeQL database for dssalt: NoPythonCodeFoundException: No Python code found in the repository. (logger.py:42)
2025-05-31 05:15:20,518 - CodeQLRunner - ERROR - Failed to build CodeQL database for helfertool: NoPythonCodeFoundException: No Python code found in the repository. (logger.py:42)
2025-05-31 05:17:35,437 - CodeQLRunner - ERROR - Failed to build CodeQL database for lakehouse-spark: NoPythonCodeFoundException: No Python code found in the repository. (logger.py:42)
2025-05-31 05:18:59,461 - CodeQLRunner - ERROR - Failed to build CodeQL database for image-service: NoPythonCodeFoundException: No Python code found in the repository. (logger.py:42)
2025-05-31 05:21:34,118 - CodeQLRunner - ERROR - Failed to build CodeQL database for oxidized-transformers: NoPythonCodeFoundException: No Python code found in the repository. (logger.py:42)
2025-05-31 05:22:23,712 - CodeQLRunner - ERROR - Failed to build CodeQL database for duplicatefn: NoPythonCodeFoundException: No Python code found in the repository. (logger.py:42)
2025-05-31 05:31:28,186 - CodeQLRunner - ERROR - Failed to build CodeQL database for merchant-returns-service: NoPythonCodeFoundException: No Python code found in the repository. (logger.py:42)
2025-05-31 05:34:19,938 - CodeQLRunner - ERROR - Failed to build CodeQL database for django-simply-theme: NoPythonCodeFoundException: No Python code found in the repository. (logger.py:42)
2025-05-31 05:36:24,499 - CodeQLRunner - ERROR - Failed to build CodeQL database for sea-dj-checks: NoPythonCodeFoundException: No Python code found in the repository. (logger.py:42)
2025-05-31 05:55:29,357 - CodeQLRunner - ERROR - Failed to build CodeQL database for moderate: NoPythonCodeFoundException: No Python code found in the repository. (logger.py:42)
2025-05-31 05:57:54,057 - CodeQLRunner - ERROR - Failed to build CodeQL database for jiseok: NoPythonCodeFoundException: No Python code found in the repository. (logger.py:42)
2025-05-31 06:06:50,173 - CodeQLRunner - ERROR - Failed to build CodeQL database for mycalc001: NoPythonCodeFoundException: No Python code found in the repository. (logger.py:42)
2025-05-31 06:09:14,026 - CodeQLRunner - ERROR - Failed to build CodeQL database for colawork: NoPythonCodeFoundException: No Python code found in the repository. (logger.py:42)
2025-05-31 06:23:19,229 - CodeQLRunner - ERROR - Failed to build CodeQL database for exdatic: NoPythonCodeFoundException: No Python code found in the repository. (logger.py:42)
2025-05-31 06:27:18,257 - CodeQLRunner - ERROR - Failed to build CodeQL database for gptcore: NoPythonCodeFoundException: No Python code found in the repository. (logger.py:42)
2025-05-31 06:36:29,084 - CodeQLRunner - ERROR - Failed to build CodeQL database for machine-learning-jobs: NoPythonCodeFoundException: No Python code found in the repository. (logger.py:42)
2025-05-31 07:15:11,722 - CodeQLRunner - ERROR - Failed to build CodeQL database for lakehouse-polars-unity: NoPythonCodeFoundException: No Python code found in the repository. (logger.py:42)
2025-05-31 07:26:13,559 - CodeQLRunner - ERROR - Failed to build CodeQL database for mycalc123: NoPythonCodeFoundException: No Python code found in the repository. (logger.py:42)
2025-05-31 07:41:59,950 - CodeQLRunner - ERROR - Failed to build CodeQL database for data-engineering-util: NoPythonCodeFoundException: No Python code found in the repository. (logger.py:42)
2025-05-31 07:43:31,291 - CodeQLRunner - ERROR - Failed to build CodeQL database for pop-mavin: NoPythonCodeFoundException: No Python code found in the repository. (logger.py:42)
2025-05-31 07:45:26,151 - CodeQLRunner - ERROR - Failed to build CodeQL database for ezs: NoPythonCodeFoundException: No Python code found in the repository. (logger.py:42)
2025-05-31 07:45:54,229 - CodeQLRunner - ERROR - Failed to build CodeQL database for gsn-aws: NoPythonCodeFoundException: No Python code found in the repository. (logger.py:42)
2025-05-31 07:56:25,819 - CodeQLRunner - ERROR - Failed to build CodeQL database for ihsgstockinfo: NoPythonCodeFoundException: No Python code found in the repository. (logger.py:42)
2025-05-31 07:58:55,368 - CodeQLRunner - ERROR - Failed to build CodeQL database for dissect-zfs: NoPythonCodeFoundException: No Python code found in the repository. (logger.py:42)
2025-05-31 08:01:23,230 - CodeQLRunner - ERROR - Failed to build CodeQL database for jsontools4labelme: NoPythonCodeFoundException: No Python code found in the repository. (logger.py:42)
2025-05-31 08:05:53,515 - CodeQLRunner - ERROR - Failed to build CodeQL database for fin-portal-service: NoPythonCodeFoundException: No Python code found in the repository. (logger.py:42)
2025-05-31 08:07:58,920 - CodeQLRunner - ERROR - Failed to build CodeQL database for dump-it: NoPythonCodeFoundException: No Python code found in the repository. (logger.py:42)
2025-05-31 08:10:12,217 - CodeQLRunner - ERROR - Failed to build CodeQL database for odoo-addons-sygel-technology-sy-account-financial-reporting: NoPythonCodeFoundException: No Python code found in the repository. (logger.py:42)
2025-05-31 08:16:12,038 - CodeQLRunner - ERROR - Failed to build CodeQL database for ip-library: NoPythonCodeFoundException: No Python code found in the repository. (logger.py:42)
2025-05-31 08:25:40,041 - CodeQLRunner - ERROR - Failed to build CodeQL database for my-firstever-py-pkg: NoPythonCodeFoundException: No Python code found in the repository. (logger.py:42)
2025-05-31 08:26:12,024 - CodeQLRunner - ERROR - Failed to build CodeQL database for falcon-llm: NoPythonCodeFoundException: No Python code found in the repository. (logger.py:42)
2025-05-31 08:44:12,866 - CodeQLRunner - ERROR - Failed to build CodeQL database for db-pkg001: NoPythonCodeFoundException: No Python code found in the repository. (logger.py:42)
2025-05-31 08:44:21,863 - CodeQLRunner - ERROR - Failed to build CodeQL database for hqsam: NoPythonCodeFoundException: No Python code found in the repository. (logger.py:42)
2025-05-31 08:54:58,862 - CodeQLRunner - ERROR - Failed to build CodeQL database for merchant-removal-order-service: NoPythonCodeFoundException: No Python code found in the repository. (logger.py:42)
2025-05-31 08:55:20,902 - CodeQLRunner - ERROR - Failed to build CodeQL database for mycalc-castlecode: NoPythonCodeFoundException: No Python code found in the repository. (logger.py:42)
2025-05-31 08:57:52,042 - CodeQLRunner - ERROR - Failed to build CodeQL database for vmware-vsan-data-protection: NoPythonCodeFoundException: No Python code found in the repository. (logger.py:42)
2025-05-31 09:03:47,959 - CodeQLRunner - ERROR - Failed to build CodeQL database for liurui-upload: NoPythonCodeFoundException: No Python code found in the repository. (logger.py:42)
2025-05-31 09:04:57,459 - CodeQLRunner - ERROR - Failed to build CodeQL database for ovi: NoPythonCodeFoundException: No Python code found in the repository. (logger.py:42)
2025-05-31 09:16:43,630 - CodeQLRunner - ERROR - Failed to build CodeQL database for job-service: NoPythonCodeFoundException: No Python code found in the repository. (logger.py:42)
2025-05-31 09:17:57,399 - CodeQLRunner - ERROR - Failed to build CodeQL database for pykasa: NoPythonCodeFoundException: No Python code found in the repository. (logger.py:42)
2025-05-31 09:45:46,069 - CodeQLRunner - ERROR - Failed to build CodeQL database for instruction-service: NoPythonCodeFoundException: No Python code found in the repository. (logger.py:42)
2025-05-31 09:46:12,615 - CodeQLRunner - ERROR - Failed to build CodeQL database for env-verify: NoPythonCodeFoundException: No Python code found in the repository. (logger.py:42)
2025-05-31 09:49:42,986 - CodeQLRunner - ERROR - Failed to build CodeQL database for mycalul0001: NoPythonCodeFoundException: No Python code found in the repository. (logger.py:42)
2025-05-31 09:59:31,190 - CodeQLRunner - ERROR - Failed to build CodeQL database for rtoindia: NoPythonCodeFoundException: No Python code found in the repository. (logger.py:42)
2025-05-31 10:04:52,242 - CodeQLRunner - ERROR - Failed to build CodeQL database for lockphish: NoPythonCodeFoundException: No Python code found in the repository. (logger.py:42)
2025-05-31 10:20:11,916 - CodeQLRunner - ERROR - Failed to build CodeQL database for libzmap: NoPythonCodeFoundException: No Python code found in the repository. (logger.py:42)
2025-05-31 10:32:37,449 - CodeQLRunner - ERROR - Failed to build CodeQL database for graduate-pull: NoPythonCodeFoundException: No Python code found in the repository. (logger.py:42)
2025-05-31 10:32:47,200 - CodeQLRunner - ERROR - Failed to build CodeQL database for mycalcultor0002: NoPythonCodeFoundException: No Python code found in the repository. (logger.py:42)
2025-05-31 10:35:01,603 - CodeQLRunner - ERROR - Failed to build CodeQL database for jinyalan: NoPythonCodeFoundException: No Python code found in the repository. (logger.py:42)
2025-05-31 10:36:31,313 - CodeQLRunner - ERROR - Failed to build CodeQL database for zextractror: NoPythonCodeFoundException: No Python code found in the repository. (logger.py:42)
2025-05-31 10:41:06,655 - CodeQLRunner - ERROR - Failed to build CodeQL database for mycalc841154: NoPythonCodeFoundException: No Python code found in the repository. (logger.py:42)
2025-05-31 10:49:29,493 - CodeQLRunner - ERROR - Failed to build CodeQL database for messaging-intent-model: NoPythonCodeFoundException: No Python code found in the repository. (logger.py:42)
2025-05-31 10:55:56,648 - CodeQLRunner - ERROR - Query timed out for nextdl: /home/class-pollution/Desktop/python-class-pollution/codeql-query/class-pollution-all/class-pollution.qls (logger.py:42)
2025-05-31 10:55:59,925 - CodeQLRunner - ERROR - Failed to run query: /home/class-pollution/Desktop/python-class-pollution/codeql-query/class-pollution-all/class-pollution.qls (logger.py:42)
2025-05-31 11:01:14,829 - CodeQLRunner - ERROR - Failed to build CodeQL database for katscript-jupyterlab: NoPythonCodeFoundException: No Python code found in the repository. (logger.py:42)
2025-05-31 11:18:45,419 - CodeQLRunner - ERROR - Failed to build CodeQL database for ml-api-base: NoPythonCodeFoundException: No Python code found in the repository. (logger.py:42)
2025-05-31 11:27:38,776 - CodeQLRunner - ERROR - Failed to build CodeQL database for hajiiiin: NoPythonCodeFoundException: No Python code found in the repository. (logger.py:42)
2025-05-31 11:30:31,823 - CodeQLRunner - ERROR - Failed to build CodeQL database for materialsgenome: NoPythonCodeFoundException: No Python code found in the repository. (logger.py:42)
2025-05-31 11:33:22,877 - CodeQLRunner - ERROR - Failed to build CodeQL database for django-builddb: NoPythonCodeFoundException: No Python code found in the repository. (logger.py:42)
2025-05-31 11:36:45,783 - CodeQLRunner - ERROR - Failed to build CodeQL database for testoutput: NoPythonCodeFoundException: No Python code found in the repository. (logger.py:42)
2025-05-31 11:39:50,964 - CodeQLRunner - ERROR - Failed to build CodeQL database for eaiesbinternscalc: NoPythonCodeFoundException: No Python code found in the repository. (logger.py:42)
2025-05-31 11:43:36,784 - CodeQLRunner - ERROR - Failed to build CodeQL database for goblinpass: NoPythonCodeFoundException: No Python code found in the repository. (logger.py:42)
2025-05-31 11:48:07,282 - CodeQLRunner - ERROR - Failed to build CodeQL database for evmlang: NoPythonCodeFoundException: No Python code found in the repository. (logger.py:42)
2025-05-31 12:15:25,322 - CodeQLRunner - ERROR - Failed to build CodeQL database for ieastatsbrowser: NoPythonCodeFoundException: No Python code found in the repository. (logger.py:42)
2025-05-31 12:16:22,500 - CodeQLRunner - ERROR - Failed to build CodeQL database for mad-tools: NoPythonCodeFoundException: No Python code found in the repository. (logger.py:42)
2025-05-31 12:31:11,069 - CodeQLRunner - ERROR - Failed to build CodeQL database for f16774e1d64c: NoPythonCodeFoundException: No Python code found in the repository. (logger.py:42)
2025-05-31 12:47:42,025 - CodeQLRunner - ERROR - Failed to build CodeQL database for job-works: NoPythonCodeFoundException: No Python code found in the repository. (logger.py:42)
2025-05-31 12:47:45,980 - CodeQLRunner - ERROR - Failed to build CodeQL database for troy-ai-dev: NoPythonCodeFoundException: No Python code found in the repository. (logger.py:42)
2025-05-31 12:47:56,481 - CodeQLRunner - ERROR - Failed to build CodeQL database for dino2: NoPythonCodeFoundException: No Python code found in the repository. (logger.py:42)
2025-05-31 13:01:12,511 - CodeQLRunner - ERROR - Failed to build CodeQL database for hacktronian: NoPythonCodeFoundException: No Python code found in the repository. (logger.py:42)
2025-05-31 13:02:33,321 - CodeQLRunner - ERROR - Failed to build CodeQL database for django-puyo: NoPythonCodeFoundException: No Python code found in the repository. (logger.py:42)
2025-05-31 13:08:43,685 - CodeQLRunner - ERROR - Failed to build CodeQL database for rget: NoPythonCodeFoundException: No Python code found in the repository. (logger.py:42)
2025-05-31 13:20:25,293 - CodeQLRunner - ERROR - Failed to build CodeQL database for ndarrayflow: NoPythonCodeFoundException: No Python code found in the repository. (logger.py:42)
2025-05-31 13:20:43,828 - CodeQLRunner - ERROR - Failed to build CodeQL database for dssalt-dev: NoPythonCodeFoundException: No Python code found in the repository. (logger.py:42)
2025-05-31 13:24:38,062 - CodeQLRunner - ERROR - Failed to build CodeQL database for gii-hbase-thrift: NoPythonCodeFoundException: No Python code found in the repository. (logger.py:42)
2025-05-31 13:32:22,672 - CodeQLRunner - ERROR - Failed to build CodeQL database for samochat: NoPythonCodeFoundException: No Python code found in the repository. (logger.py:42)
2025-05-31 13:35:19,632 - CodeQLRunner - ERROR - Failed to build CodeQL database for mj-cacl: NoPythonCodeFoundException: No Python code found in the repository. (logger.py:42)
2025-05-31 13:40:59,462 - CodeQLRunner - ERROR - Failed to build CodeQL database for my-own-py-pkg: NoPythonCodeFoundException: No Python code found in the repository. (logger.py:42)
2025-05-31 13:45:59,330 - CodeQLRunner - ERROR - Failed to build CodeQL database for jscalculator: NoPythonCodeFoundException: No Python code found in the repository. (logger.py:42)
2025-05-31 13:51:40,838 - CodeQLRunner - ERROR - Failed to build CodeQL database for lineareregressionfromscrach: NoPythonCodeFoundException: No Python code found in the repository. (logger.py:42)
2025-05-31 14:10:33,436 - CodeQLRunner - ERROR - Failed to build CodeQL database for oversight: NoPythonCodeFoundException: No Python code found in the repository. (logger.py:42)
2025-05-31 14:13:32,934 - CodeQLRunner - ERROR - Failed to build CodeQL database for mads-pump: NoPythonCodeFoundException: No Python code found in the repository. (logger.py:42)
2025-05-31 14:16:02,841 - CodeQLRunner - ERROR - Failed to build CodeQL database for modex: NoPythonCodeFoundException: No Python code found in the repository. (logger.py:42)
2025-05-31 14:18:59,823 - CodeQLRunner - ERROR - Failed to build CodeQL database for jenkins-metrics: NoPythonCodeFoundException: No Python code found in the repository. (logger.py:42)
2025-05-31 14:21:36,645 - CodeQLRunner - ERROR - Failed to build CodeQL database for dialobot: NoPythonCodeFoundException: No Python code found in the repository. (logger.py:42)
2025-05-31 14:22:23,480 - CodeQLRunner - ERROR - Failed to build CodeQL database for lightpype: NoPythonCodeFoundException: No Python code found in the repository. (logger.py:42)
2025-05-31 14:22:32,435 - CodeQLRunner - ERROR - Failed to build CodeQL database for mycalc9985: NoPythonCodeFoundException: No Python code found in the repository. (logger.py:42)
2025-05-31 14:22:48,942 - CodeQLRunner - ERROR - Failed to build CodeQL database for merchant-sales-service: NoPythonCodeFoundException: No Python code found in the repository. (logger.py:42)
2025-05-31 14:39:16,655 - CodeQLRunner - ERROR - Failed to build CodeQL database for graphene-ds-lib: NoPythonCodeFoundException: No Python code found in the repository. (logger.py:42)
2025-05-31 14:41:21,092 - CodeQLRunner - ERROR - Failed to build CodeQL database for enilegu-2: NoPythonCodeFoundException: No Python code found in the repository. (logger.py:42)
2025-05-31 14:42:35,632 - CodeQLRunner - ERROR - Failed to build CodeQL database for valuation-tool-ml-api-lib: NoPythonCodeFoundException: No Python code found in the repository. (logger.py:42)
2025-05-31 14:43:13,903 - CodeQLRunner - ERROR - Failed to build CodeQL database for nitin: NoPythonCodeFoundException: No Python code found in the repository. (logger.py:42)
2025-05-31 14:44:06,984 - CodeQLRunner - ERROR - Failed to build CodeQL database for ether-header: NoPythonCodeFoundException: No Python code found in the repository. (logger.py:42)
2025-05-31 14:46:21,573 - CodeQLRunner - ERROR - Failed to build CodeQL database for wms-messaging-service: NoPythonCodeFoundException: No Python code found in the repository. (logger.py:42)
2025-05-31 14:46:41,687 - CodeQLRunner - ERROR - Failed to build CodeQL database for my-number-guessing-game: NoPythonCodeFoundException: No Python code found in the repository. (logger.py:42)
2025-05-31 14:51:51,937 - CodeQLRunner - ERROR - Failed to build CodeQL database for datadog-ceph: NoPythonCodeFoundException: No Python code found in the repository. (logger.py:42)
2025-05-31 14:59:33,798 - CodeQLRunner - ERROR - Failed to build CodeQL database for nidhicalci: NoPythonCodeFoundException: No Python code found in the repository. (logger.py:42)
2025-05-31 15:02:32,284 - CodeQLRunner - ERROR - Failed to build CodeQL database for lotte-com: NoPythonCodeFoundException: No Python code found in the repository. (logger.py:42)
2025-05-31 15:13:29,623 - CodeQLRunner - ERROR - Failed to build CodeQL database for jilo-lol: NoPythonCodeFoundException: No Python code found in the repository. (logger.py:42)
2025-05-31 15:14:58,678 - CodeQLRunner - ERROR - Failed to build CodeQL database for kbc-jinjamator-public-tasks: NoPythonCodeFoundException: No Python code found in the repository. (logger.py:42)
2025-05-31 15:18:56,863 - CodeQLRunner - ERROR - Failed to build CodeQL database for unlearn: NoPythonCodeFoundException: No Python code found in the repository. (logger.py:42)
2025-05-31 15:28:02,724 - CodeQLRunner - ERROR - Failed to build CodeQL database for tropical: NoPythonCodeFoundException: No Python code found in the repository. (logger.py:42)
2025-05-31 15:32:58,239 - CodeQLRunner - ERROR - Failed to build CodeQL database for logistics-integration-service: NoPythonCodeFoundException: No Python code found in the repository. (logger.py:42)
2025-05-31 15:33:17,075 - CodeQLRunner - ERROR - Failed to build CodeQL database for nomanini-gocd: NoPythonCodeFoundException: No Python code found in the repository. (logger.py:42)
2025-05-31 15:38:10,309 - CodeQLRunner - ERROR - Failed to build CodeQL database for wow-3: NoPythonCodeFoundException: No Python code found in the repository. (logger.py:42)
2025-05-31 15:43:03,785 - CodeQLRunner - ERROR - Failed to build CodeQL database for ml-pitch-models-data-fcn-993: NoPythonCodeFoundException: No Python code found in the repository. (logger.py:42)
2025-05-31 15:44:48,249 - CodeQLRunner - ERROR - Failed to build CodeQL database for flytekitplugins-myplugin: NoPythonCodeFoundException: No Python code found in the repository. (logger.py:42)
2025-05-31 15:44:55,487 - CodeQLRunner - ERROR - Failed to build CodeQL database for rustshogi: NoPythonCodeFoundException: No Python code found in the repository. (logger.py:42)
2025-05-31 15:45:03,661 - CodeQLRunner - ERROR - Failed to build CodeQL database for tal-sc-libs-utils: NoPythonCodeFoundException: No Python code found in the repository. (logger.py:42)
2025-05-31 15:49:20,443 - CodeQLRunner - ERROR - Failed to build CodeQL database for easyspectroscopy: NoPythonCodeFoundException: No Python code found in the repository. (logger.py:42)
2025-05-31 15:50:14,576 - CodeQLRunner - ERROR - Failed to build CodeQL database for mycalc3500: NoPythonCodeFoundException: No Python code found in the repository. (logger.py:42)
2025-05-31 15:58:23,340 - CodeQLRunner - ERROR - Failed to build CodeQL database for maklaahbnatlapyt: NoPythonCodeFoundException: No Python code found in the repository. (logger.py:42)
2025-05-31 15:58:52,654 - CodeQLRunner - ERROR - Failed to build CodeQL database for flustry: NoPythonCodeFoundException: No Python code found in the repository. (logger.py:42)
2025-05-31 16:00:08,803 - CodeQLRunner - ERROR - Failed to build CodeQL database for ml-pitch-models-data-crepe-large: NoPythonCodeFoundException: No Python code found in the repository. (logger.py:42)
2025-05-31 16:08:36,879 - CodeQLRunner - ERROR - Failed to build CodeQL database for odoo13-addons-oca-l10n-estonia: NoPythonCodeFoundException: No Python code found in the repository. (logger.py:42)
2025-05-31 16:14:01,348 - CodeQLRunner - ERROR - Failed to build CodeQL database for user-agent-random: NoPythonCodeFoundException: No Python code found in the repository. (logger.py:42)
2025-05-31 16:15:37,187 - CodeQLRunner - ERROR - Failed to build CodeQL database for hierarchy-service-client: NoPythonCodeFoundException: No Python code found in the repository. (logger.py:42)
2025-05-31 16:22:13,111 - CodeQLRunner - ERROR - Failed to build CodeQL database for dws: NoPythonCodeFoundException: No Python code found in the repository. (logger.py:42)
2025-05-31 16:23:38,693 - CodeQLRunner - ERROR - Failed to build CodeQL database for messaging-model-io: NoPythonCodeFoundException: No Python code found in the repository. (logger.py:42)
2025-05-31 16:26:30,972 - CodeQLRunner - ERROR - Failed to build CodeQL database for my-flask: NoPythonCodeFoundException: No Python code found in the repository. (logger.py:42)
2025-05-31 16:44:05,773 - CodeQLRunner - ERROR - Failed to build CodeQL database for maxsage: NoPythonCodeFoundException: No Python code found in the repository. (logger.py:42)
2025-05-31 16:49:50,143 - CodeQLRunner - ERROR - Failed to build CodeQL database for json-orm: NoPythonCodeFoundException: No Python code found in the repository. (logger.py:42)
2025-05-31 16:50:52,213 - CodeQLRunner - ERROR - Failed to build CodeQL database for huatuogpt: NoPythonCodeFoundException: No Python code found in the repository. (logger.py:42)
2025-05-31 17:04:41,297 - CodeQLRunner - ERROR - Failed to build CodeQL database for mohini: NoPythonCodeFoundException: No Python code found in the repository. (logger.py:42)
2025-05-31 17:08:28,802 - CodeQLRunner - ERROR - Failed to build CodeQL database for termuxguide: NoPythonCodeFoundException: No Python code found in the repository. (logger.py:42)
2025-05-31 17:14:35,216 - CodeQLRunner - ERROR - Failed to build CodeQL database for hepsdataprocess: NoPythonCodeFoundException: No Python code found in the repository. (logger.py:42)
2025-05-31 17:18:01,565 - CodeQLRunner - ERROR - Failed to build CodeQL database for dutch-concepts: NoPythonCodeFoundException: No Python code found in the repository. (logger.py:42)
2025-05-31 17:30:59,242 - CodeQLRunner - ERROR - Failed to build CodeQL database for mycalc-pypi: NoPythonCodeFoundException: No Python code found in the repository. (logger.py:42)
2025-05-31 17:32:06,757 - CodeQLRunner - ERROR - Failed to build CodeQL database for odoo-addons-oca-connector-ecommerce: NoPythonCodeFoundException: No Python code found in the repository. (logger.py:42)
2025-05-31 17:32:18,419 - CodeQLRunner - ERROR - Failed to build CodeQL database for kirbyverysimplepackage: NoPythonCodeFoundException: No Python code found in the repository. (logger.py:42)
2025-05-31 17:35:29,341 - CodeQLRunner - ERROR - Failed to build CodeQL database for isopix: NoPythonCodeFoundException: No Python code found in the repository. (logger.py:42)
2025-05-31 17:37:26,181 - CodeQLRunner - ERROR - Failed to build CodeQL database for gogogaga: NoPythonCodeFoundException: No Python code found in the repository. (logger.py:42)
2025-05-31 17:42:22,317 - CodeQLRunner - ERROR - Failed to build CodeQL database for marvel-characters-da: NoPythonCodeFoundException: No Python code found in the repository. (logger.py:42)
2025-05-31 17:58:58,192 - CodeQLRunner - ERROR - Failed to build CodeQL database for netconfig: NoPythonCodeFoundException: No Python code found in the repository. (logger.py:42)
2025-05-31 18:26:52,290 - CodeQLRunner - ERROR - Failed to build CodeQL database for ent-embedding: NoPythonCodeFoundException: No Python code found in the repository. (logger.py:42)
2025-05-31 18:31:27,307 - CodeQLRunner - ERROR - Failed to build CodeQL database for imageservice-datadog: NoPythonCodeFoundException: No Python code found in the repository. (logger.py:42)
2025-05-31 18:37:53,970 - CodeQLRunner - ERROR - Failed to build CodeQL database for malwrapper: NoPythonCodeFoundException: No Python code found in the repository. (logger.py:42)
2025-05-31 18:40:29,728 - CodeQLRunner - ERROR - Failed to build CodeQL database for nomanini-documentation: NoPythonCodeFoundException: No Python code found in the repository. (logger.py:42)
2025-05-31 18:42:24,765 - CodeQLRunner - ERROR - Failed to build CodeQL database for jmt2: NoPythonCodeFoundException: No Python code found in the repository. (logger.py:42)
2025-05-31 18:50:34,689 - CodeQLRunner - ERROR - Failed to build CodeQL database for httpbin-client: NoPythonCodeFoundException: No Python code found in the repository. (logger.py:42)
2025-05-31 19:12:16,390 - CodeQLRunner - ERROR - Failed to build CodeQL database for mpt-ml: NoPythonCodeFoundException: No Python code found in the repository. (logger.py:42)
2025-05-31 19:22:21,643 - CodeQLRunner - ERROR - Failed to build CodeQL database for supplier-returns-service-client: NoPythonCodeFoundException: No Python code found in the repository. (logger.py:42)
2025-05-31 19:30:30,809 - CodeQLRunner - ERROR - Failed to build CodeQL database for mysql-service: NoPythonCodeFoundException: No Python code found in the repository. (logger.py:42)
2025-05-31 19:37:56,851 - CodeQLRunner - ERROR - Failed to build CodeQL database for s4f-order-service-client: NoPythonCodeFoundException: No Python code found in the repository. (logger.py:42)
2025-05-31 19:42:05,677 - CodeQLRunner - ERROR - Failed to build CodeQL database for marketanalysis: NoPythonCodeFoundException: No Python code found in the repository. (logger.py:42)
2025-05-31 19:42:33,916 - CodeQLRunner - ERROR - Failed to build CodeQL database for dumap: NoPythonCodeFoundException: No Python code found in the repository. (logger.py:42)
2025-05-31 19:47:03,417 - CodeQLRunner - ERROR - Failed to build CodeQL database for sixfigurecareer: NoPythonCodeFoundException: No Python code found in the repository. (logger.py:42)
2025-05-31 19:53:27,061 - CodeQLRunner - ERROR - Failed to build CodeQL database for flow-ioc: NoPythonCodeFoundException: No Python code found in the repository. (logger.py:42)
2025-05-31 19:54:40,736 - CodeQLRunner - ERROR - Failed to build CodeQL database for test-nk-2: NoPythonCodeFoundException: No Python code found in the repository. (logger.py:42)
2025-05-31 20:02:06,044 - CodeQLRunner - ERROR - Failed to build CodeQL database for socialbox: NoPythonCodeFoundException: No Python code found in the repository. (logger.py:42)
2025-05-31 20:08:03,138 - CodeQLRunner - ERROR - Failed to build CodeQL database for gomatic-manager: NoPythonCodeFoundException: No Python code found in the repository. (logger.py:42)
2025-05-31 20:24:28,153 - CodeQLRunner - ERROR - Failed to build CodeQL database for mypandas2024huu123: NoPythonCodeFoundException: No Python code found in the repository. (logger.py:42)
2025-05-31 20:36:39,013 - CodeQLRunner - ERROR - Failed to build CodeQL database for tal-sc-libs-oracle: NoPythonCodeFoundException: No Python code found in the repository. (logger.py:42)
2025-05-31 20:37:00,181 - CodeQLRunner - ERROR - Failed to build CodeQL database for serenity-module-feature-extraction: NoPythonCodeFoundException: No Python code found in the repository. (logger.py:42)
2025-05-31 20:57:51,784 - CodeQLRunner - ERROR - Failed to build CodeQL database for jksearch: NoPythonCodeFoundException: No Python code found in the repository. (logger.py:42)
2025-05-31 21:08:08,877 - CodeQLRunner - ERROR - Failed to build CodeQL database for lepsta-py-types: NoPythonCodeFoundException: No Python code found in the repository. (logger.py:42)
2025-05-31 21:08:38,723 - CodeQLRunner - ERROR - Failed to build CodeQL database for topsis101703573-pkg-suruchipundir: NoPythonCodeFoundException: No Python code found in the repository. (logger.py:42)
2025-05-31 21:14:35,358 - CodeQLRunner - ERROR - Failed to build CodeQL database for modbus-lookup: NoPythonCodeFoundException: No Python code found in the repository. (logger.py:42)
2025-05-31 21:19:28,542 - CodeQLRunner - ERROR - Failed to build CodeQL database for uniconnapps: NoPythonCodeFoundException: No Python code found in the repository. (logger.py:42)
2025-05-31 21:33:10,842 - CodeQLRunner - ERROR - Failed to build CodeQL database for misweeticalculator: NoPythonCodeFoundException: No Python code found in the repository. (logger.py:42)
2025-05-31 21:36:49,990 - CodeQLRunner - ERROR - Failed to build CodeQL database for tal-sc-libs-logging-ext: NoPythonCodeFoundException: No Python code found in the repository. (logger.py:42)
2025-05-31 21:41:09,973 - CodeQLRunner - ERROR - Failed to build CodeQL database for odoo-addons-sygel-technology-sy-general-connector: NoPythonCodeFoundException: No Python code found in the repository. (logger.py:42)
2025-05-31 21:47:30,132 - CodeQLRunner - ERROR - Failed to build CodeQL database for gen-info-est-tools: NoPythonCodeFoundException: No Python code found in the repository. (logger.py:42)
2025-05-31 21:53:07,099 - CodeQLRunner - ERROR - Failed to build CodeQL database for electron-inject-dark-slack: UnknownError: Initializing database at /home/class-pollution/Desktop/python-class-pollution/tasks/class-pollution-pip-r2-520K-570K/output/electron-inject-dark-slack/codeql-db.
Failed to calculate baseline information: scc exited with exit code 0 and message 'ERROR 2025-06-01T01:53:04Z: open electron-inject-dark-slack/.gitignore: permission denied
ERROR 2025-06-01T01:53:04Z: open electron-inject-dark-slack/dist: permission denied
ERROR 2025-06-01T01:53:04Z: open electron-inject-dark-slack/build: permission denied
ERROR 2025-06-01T01:53:04Z: open electron-inject-dark-slack/electron_inject_dark_slack: permission denied
ERROR 2025-06-01T01:53:04Z: open electron-inject-dark-slack/electron_inject_dark_slack.egg-info: permission denied
'.
Running build command: []
Running command in /home/class-pollution/Desktop/python-class-pollution/tasks/class-pollution-pip-r2-520K-570K/output/electron-inject-dark-slack/codebase: [/home/class-pollution/Downloads/codeql/python/tools/autobuild.sh]
A fatal error occurred: Exit status 1 from command: [/home/class-pollution/Downloads/codeql/python/tools/autobuild.sh]
 (logger.py:42)
2025-05-31 21:57:00,549 - CodeQLRunner - ERROR - Failed to build CodeQL database for ezoptics: NoPythonCodeFoundException: No Python code found in the repository. (logger.py:42)
2025-05-31 21:58:19,217 - CodeQLRunner - ERROR - Failed to build CodeQL database for nomanini-appengine: NoPythonCodeFoundException: No Python code found in the repository. (logger.py:42)
2025-05-31 22:07:16,376 - CodeQLRunner - ERROR - Failed to build CodeQL database for irfancalculator: NoPythonCodeFoundException: No Python code found in the repository. (logger.py:42)
2025-05-31 22:13:21,501 - CodeQLRunner - ERROR - Failed to build CodeQL database for jaram-rhythmgamewiki-2019: NoPythonCodeFoundException: No Python code found in the repository. (logger.py:42)
2025-05-31 22:30:27,176 - CodeQLRunner - ERROR - Failed to build CodeQL database for lepst-py-types: NoPythonCodeFoundException: No Python code found in the repository. (logger.py:42)
2025-05-31 22:30:53,714 - CodeQLRunner - ERROR - Failed to build CodeQL database for nomanini-code: NoPythonCodeFoundException: No Python code found in the repository. (logger.py:42)
2025-05-31 22:36:38,222 - CodeQLRunner - ERROR - Failed to build CodeQL database for sosal: NoPythonCodeFoundException: No Python code found in the repository. (logger.py:42)
2025-05-31 22:37:20,571 - CodeQLRunner - ERROR - Failed to build CodeQL database for ml-pitch-models-data-fcn-1953: NoPythonCodeFoundException: No Python code found in the repository. (logger.py:42)
2025-05-31 22:46:19,807 - CodeQLRunner - ERROR - Failed to build CodeQL database for monoml-agent: NoPythonCodeFoundException: No Python code found in the repository. (logger.py:42)
2025-05-31 22:50:01,863 - CodeQLRunner - ERROR - Failed to build CodeQL database for dokr-101: NoPythonCodeFoundException: No Python code found in the repository. (logger.py:42)
2025-05-31 22:50:09,441 - CodeQLRunner - ERROR - Failed to build CodeQL database for ml-optimize: NoPythonCodeFoundException: No Python code found in the repository. (logger.py:42)
2025-05-31 22:50:15,855 - CodeQLRunner - ERROR - Failed to build CodeQL database for easybotfn: NoPythonCodeFoundException: No Python code found in the repository. (logger.py:42)
2025-05-31 22:50:24,348 - CodeQLRunner - ERROR - Failed to build CodeQL database for tal-sc-libs-saga: NoPythonCodeFoundException: No Python code found in the repository. (logger.py:42)
2025-05-31 22:58:16,124 - CodeQLRunner - ERROR - Failed to build CodeQL database for odoo-addons-oca-connector-cmis: NoPythonCodeFoundException: No Python code found in the repository. (logger.py:42)
2025-05-31 23:02:35,385 - CodeQLRunner - ERROR - Failed to build CodeQL database for tal-ml-service-config: NoPythonCodeFoundException: No Python code found in the repository. (logger.py:42)
2025-05-31 23:06:55,157 - CodeQLRunner - ERROR - Failed to build CodeQL database for termuxguru: NoPythonCodeFoundException: No Python code found in the repository. (logger.py:42)
2025-05-31 23:08:33,805 - CodeQLRunner - ERROR - Failed to build CodeQL database for printlistitem: NoPythonCodeFoundException: No Python code found in the repository. (logger.py:42)
2025-05-31 23:09:44,097 - CodeQLRunner - ERROR - Failed to build CodeQL database for gqylpy2: NoPythonCodeFoundException: No Python code found in the repository. (logger.py:42)
2025-05-31 23:15:25,442 - CodeQLRunner - ERROR - Failed to build CodeQL database for odoo-addons-sygel-technology-sy-commission: NoPythonCodeFoundException: No Python code found in the repository. (logger.py:42)
2025-05-31 23:33:46,561 - CodeQLRunner - ERROR - Failed to build CodeQL database for fulfilment-client: NoPythonCodeFoundException: No Python code found in the repository. (logger.py:42)
2025-05-31 23:47:02,768 - CodeQLRunner - ERROR - Failed to build CodeQL database for enilegu-1: NoPythonCodeFoundException: No Python code found in the repository. (logger.py:42)
2025-06-01 00:03:33,587 - CodeQLRunner - ERROR - Failed to build CodeQL database for lakehouse-polars: NoPythonCodeFoundException: No Python code found in the repository. (logger.py:42)
2025-06-01 00:20:36,121 - CodeQLRunner - ERROR - Failed to build CodeQL database for kellanz: NoPythonCodeFoundException: No Python code found in the repository. (logger.py:42)
2025-06-01 00:26:35,716 - CodeQLRunner - ERROR - Failed to build CodeQL database for test-output2143527: NoPythonCodeFoundException: No Python code found in the repository. (logger.py:42)
2025-06-01 00:27:11,390 - CodeQLRunner - ERROR - Failed to build CodeQL database for zibuyu-lanzou: NoPythonCodeFoundException: No Python code found in the repository. (logger.py:42)
2025-06-01 00:31:10,631 - CodeQLRunner - ERROR - Failed to build CodeQL database for ken-cli: NoPythonCodeFoundException: No Python code found in the repository. (logger.py:42)
2025-06-01 00:31:18,136 - CodeQLRunner - ERROR - Failed to build CodeQL database for morapapapadi: NoPythonCodeFoundException: No Python code found in the repository. (logger.py:42)
2025-06-01 00:36:52,282 - CodeQLRunner - ERROR - Failed to build CodeQL database for graylogdeploy: NoPythonCodeFoundException: No Python code found in the repository. (logger.py:42)
2025-06-01 00:43:51,875 - CodeQLRunner - ERROR - Failed to build CodeQL database for heps: NoPythonCodeFoundException: No Python code found in the repository. (logger.py:42)
2025-06-01 00:48:43,178 - CodeQLRunner - ERROR - Failed to build CodeQL database for mylib041: NoPythonCodeFoundException: No Python code found in the repository. (logger.py:42)
2025-06-01 01:00:09,710 - CodeQLRunner - ERROR - Failed to build CodeQL database for jelleprebenlol: NoPythonCodeFoundException: No Python code found in the repository. (logger.py:42)
2025-06-01 01:13:05,577 - CodeQLRunner - ERROR - Failed to build CodeQL database for mncai: NoPythonCodeFoundException: No Python code found in the repository. (logger.py:42)
2025-06-01 01:17:22,018 - CodeQLRunner - ERROR - Failed to build CodeQL database for ezfntestingfranedit: NoPythonCodeFoundException: No Python code found in the repository. (logger.py:42)
2025-06-01 01:33:56,770 - CodeQLRunner - ERROR - Failed to build CodeQL database for jsmmy01323: NoPythonCodeFoundException: No Python code found in the repository. (logger.py:42)
2025-06-01 01:38:29,885 - CodeQLRunner - ERROR - Failed to build CodeQL database for jarvis4: NoPythonCodeFoundException: No Python code found in the repository. (logger.py:42)
2025-06-01 01:39:01,644 - CodeQLRunner - ERROR - Failed to build CodeQL database for lottery-dcl-78: NoPythonCodeFoundException: No Python code found in the repository. (logger.py:42)
2025-06-01 01:41:35,070 - CodeQLRunner - ERROR - Failed to build CodeQL database for serenity-module-duplicate: NoPythonCodeFoundException: No Python code found in the repository. (logger.py:42)
2025-06-01 01:47:30,693 - CodeQLRunner - ERROR - Failed to build CodeQL database for taltest-service: NoPythonCodeFoundException: No Python code found in the repository. (logger.py:42)
2025-06-01 01:55:07,434 - CodeQLRunner - ERROR - Failed to build CodeQL database for ml-pitch-models-data-crepe-medium: NoPythonCodeFoundException: No Python code found in the repository. (logger.py:42)
2025-06-01 02:08:23,411 - CodeQLRunner - ERROR - Failed to build CodeQL database for myossprc: NoPythonCodeFoundException: No Python code found in the repository. (logger.py:42)
2025-06-01 02:08:47,014 - CodeQLRunner - ERROR - Failed to build CodeQL database for lumbergh: NoPythonCodeFoundException: No Python code found in the repository. (logger.py:42)
2025-06-01 02:16:35,828 - CodeQLRunner - ERROR - Failed to build CodeQL database for nlpcorepy: NoPythonCodeFoundException: No Python code found in the repository. (logger.py:42)
2025-06-01 02:35:55,084 - CodeQLRunner - ERROR - Failed to build CodeQL database for timer-service: NoPythonCodeFoundException: No Python code found in the repository. (logger.py:42)
2025-06-01 02:39:56,393 - CodeQLRunner - ERROR - Failed to build CodeQL database for loadsheet-service-client: NoPythonCodeFoundException: No Python code found in the repository. (logger.py:42)
2025-06-01 02:43:46,259 - CodeQLRunner - ERROR - Failed to build CodeQL database for mowuchen: NoPythonCodeFoundException: No Python code found in the repository. (logger.py:42)
2025-06-01 02:48:02,259 - CodeQLRunner - ERROR - Failed to build CodeQL database for worker-service: NoPythonCodeFoundException: No Python code found in the repository. (logger.py:42)
2025-06-01 02:51:48,189 - CodeQLRunner - ERROR - Failed to build CodeQL database for irbench-python: NoPythonCodeFoundException: No Python code found in the repository. (logger.py:42)
2025-06-01 02:54:50,391 - CodeQLRunner - ERROR - Failed to build CodeQL database for openlang: NoPythonCodeFoundException: No Python code found in the repository. (logger.py:42)
2025-06-01 03:01:23,559 - CodeQLRunner - ERROR - Failed to build CodeQL database for greedygridsearch: NoPythonCodeFoundException: No Python code found in the repository. (logger.py:42)
2025-06-01 03:06:53,918 - CodeQLRunner - ERROR - Failed to build CodeQL database for eink: NoPythonCodeFoundException: No Python code found in the repository. (logger.py:42)
2025-06-01 03:15:51,695 - CodeQLRunner - ERROR - Failed to build CodeQL database for jinjamator-plugin-output-apic: NoPythonCodeFoundException: No Python code found in the repository. (logger.py:42)
2025-06-01 03:22:21,012 - CodeQLRunner - ERROR - Failed to build CodeQL database for parkmetry: NoPythonCodeFoundException: No Python code found in the repository. (logger.py:42)
2025-06-01 03:31:15,516 - CodeQLRunner - ERROR - Failed to build CodeQL database for packt-knuth-package: NoPythonCodeFoundException: No Python code found in the repository. (logger.py:42)
2025-06-01 03:35:32,067 - CodeQLRunner - ERROR - Failed to build CodeQL database for nomanini-promotion: NoPythonCodeFoundException: No Python code found in the repository. (logger.py:42)
2025-06-01 03:36:56,381 - CodeQLRunner - ERROR - Failed to build CodeQL database for oiia-interpret: NoPythonCodeFoundException: No Python code found in the repository. (logger.py:42)
2025-06-01 03:40:07,393 - CodeQLRunner - ERROR - Failed to build CodeQL database for neuradao-ocean-contracts: NoPythonCodeFoundException: No Python code found in the repository. (logger.py:42)
2025-06-01 03:45:11,731 - CodeQLRunner - ERROR - Failed to build CodeQL database for tal-dml-slow-log: NoPythonCodeFoundException: No Python code found in the repository. (logger.py:42)
2025-06-01 03:58:18,603 - CodeQLRunner - ERROR - Failed to build CodeQL database for testnewb: NoPythonCodeFoundException: No Python code found in the repository. (logger.py:42)
2025-06-01 04:26:39,145 - CodeQLRunner - ERROR - Failed to build CodeQL database for pandas-mercyfan: NoPythonCodeFoundException: No Python code found in the repository. (logger.py:42)
2025-06-01 04:28:42,365 - CodeQLRunner - ERROR - Failed to build CodeQL database for ml-online-learning: NoPythonCodeFoundException: No Python code found in the repository. (logger.py:42)
2025-06-01 04:28:56,574 - CodeQLRunner - ERROR - Failed to build CodeQL database for marketplace-metrics-client: NoPythonCodeFoundException: No Python code found in the repository. (logger.py:42)
2025-06-01 04:44:02,855 - CodeQLRunner - ERROR - Failed to build CodeQL database for databricks-dolly: NoPythonCodeFoundException: No Python code found in the repository. (logger.py:42)
2025-06-01 04:47:38,944 - CodeQLRunner - ERROR - Failed to build CodeQL database for environment-helper: NoPythonCodeFoundException: No Python code found in the repository. (logger.py:42)
2025-06-01 04:51:53,699 - CodeQLRunner - ERROR - Failed to build CodeQL database for edakit: NoPythonCodeFoundException: No Python code found in the repository. (logger.py:42)
2025-06-01 05:02:28,289 - CodeQLRunner - ERROR - Failed to build CodeQL database for odoo-addons-sygel-technology-sy-crm: NoPythonCodeFoundException: No Python code found in the repository. (logger.py:42)
2025-06-01 05:05:48,751 - CodeQLRunner - ERROR - Failed to build CodeQL database for ml-pitch-models-data-crepe-small: NoPythonCodeFoundException: No Python code found in the repository. (logger.py:42)
2025-06-01 05:08:05,809 - CodeQLRunner - ERROR - Failed to build CodeQL database for libdocgen: NoPythonCodeFoundException: No Python code found in the repository. (logger.py:42)
2025-06-01 05:37:36,275 - CodeQLRunner - ERROR - Failed to build CodeQL database for nxs: NoPythonCodeFoundException: No Python code found in the repository. (logger.py:42)
2025-06-01 05:38:50,069 - CodeQLRunner - ERROR - Failed to build CodeQL database for logic-ds-bm: NoPythonCodeFoundException: No Python code found in the repository. (logger.py:42)
2025-06-01 06:20:30,218 - CodeQLRunner - ERROR - Failed to build CodeQL database for sai-dhawanjewar: NoPythonCodeFoundException: No Python code found in the repository. (logger.py:42)
2025-06-01 06:43:56,164 - CodeQLRunner - ERROR - Failed to build CodeQL database for youngnlp: NoPythonCodeFoundException: No Python code found in the repository. (logger.py:42)
2025-06-01 06:47:45,880 - CodeQLRunner - ERROR - Failed to build CodeQL database for tal-test-fixtures: NoPythonCodeFoundException: No Python code found in the repository. (logger.py:42)
2025-06-01 06:50:12,662 - CodeQLRunner - ERROR - Failed to build CodeQL database for faastpy-client: NoPythonCodeFoundException: No Python code found in the repository. (logger.py:42)
2025-06-01 07:02:31,870 - CodeQLRunner - ERROR - Failed to build CodeQL database for pyautogen-next: NoPythonCodeFoundException: No Python code found in the repository. (logger.py:42)
2025-06-01 07:08:20,264 - CodeQLRunner - ERROR - Failed to build CodeQL database for renamex: NoPythonCodeFoundException: No Python code found in the repository. (logger.py:42)
2025-06-01 07:18:04,929 - CodeQLRunner - ERROR - Failed to build CodeQL database for noonbekhar: NoPythonCodeFoundException: No Python code found in the repository. (logger.py:42)
2025-06-01 07:28:36,198 - CodeQLRunner - ERROR - Failed to build CodeQL database for nikal: NoPythonCodeFoundException: No Python code found in the repository. (logger.py:42)
2025-06-01 07:32:28,401 - CodeQLRunner - ERROR - Failed to build CodeQL database for globaldefect: NoPythonCodeFoundException: No Python code found in the repository. (logger.py:42)
2025-06-01 07:38:10,772 - CodeQLRunner - ERROR - Failed to build CodeQL database for odoo14-addon-write-kw-multi-mitigation: NoPythonCodeFoundException: No Python code found in the repository. (logger.py:42)
2025-06-01 07:38:20,519 - CodeQLRunner - ERROR - Failed to build CodeQL database for tal-dml-tests: NoPythonCodeFoundException: No Python code found in the repository. (logger.py:42)
2025-06-01 07:39:34,128 - CodeQLRunner - ERROR - Failed to build CodeQL database for odoo12-addons-oca-mis-builder-contrib: NoPythonCodeFoundException: No Python code found in the repository. (logger.py:42)
2025-06-01 07:50:06,948 - CodeQLRunner - ERROR - Failed to build CodeQL database for lakehouse-daft: NoPythonCodeFoundException: No Python code found in the repository. (logger.py:42)
2025-06-01 07:51:29,949 - CodeQLRunner - ERROR - Failed to build CodeQL database for wow-7: NoPythonCodeFoundException: No Python code found in the repository. (logger.py:42)
2025-06-01 07:54:57,517 - CodeQLRunner - ERROR - Failed to build CodeQL database for minipwd: NoPythonCodeFoundException: No Python code found in the repository. (logger.py:42)
2025-06-01 08:10:27,687 - CodeQLRunner - ERROR - Failed to build CodeQL database for tal-sc-libs-distributed-lock: NoPythonCodeFoundException: No Python code found in the repository. (logger.py:42)
2025-06-01 08:14:28,954 - CodeQLRunner - ERROR - Failed to build CodeQL database for friendlycloud: NoPythonCodeFoundException: No Python code found in the repository. (logger.py:42)
2025-06-01 08:16:16,713 - CodeQLRunner - ERROR - Failed to build CodeQL database for libdnf5-cli: NoPythonCodeFoundException: No Python code found in the repository. (logger.py:42)
2025-06-01 08:16:48,179 - CodeQLRunner - ERROR - Failed to build CodeQL database for faastpy: NoPythonCodeFoundException: No Python code found in the repository. (logger.py:42)
2025-06-01 08:22:37,263 - CodeQLRunner - ERROR - Failed to build CodeQL database for mycalculator0504: NoPythonCodeFoundException: No Python code found in the repository. (logger.py:42)
2025-06-01 08:24:58,208 - CodeQLRunner - ERROR - Failed to build CodeQL database for ipy-search: NoPythonCodeFoundException: No Python code found in the repository. (logger.py:42)
2025-06-01 08:28:50,884 - CodeQLRunner - ERROR - Failed to build CodeQL database for mrae-chat: NoPythonCodeFoundException: No Python code found in the repository. (logger.py:42)
2025-06-01 08:29:32,046 - CodeQLRunner - ERROR - Failed to build CodeQL database for industry-classifier-library: NoPythonCodeFoundException: No Python code found in the repository. (logger.py:42)
2025-06-01 08:32:18,829 - CodeQLRunner - ERROR - Failed to build CodeQL database for kjhpandas: NoPythonCodeFoundException: No Python code found in the repository. (logger.py:42)
2025-06-01 08:34:22,132 - CodeQLRunner - ERROR - Failed to build CodeQL database for goscout-communications: NoPythonCodeFoundException: No Python code found in the repository. (logger.py:42)
2025-06-01 08:34:49,742 - CodeQLRunner - ERROR - Failed to build CodeQL database for tirem-bin: NoPythonCodeFoundException: No Python code found in the repository. (logger.py:42)
2025-06-01 08:36:47,680 - CodeQLRunner - ERROR - Failed to build CodeQL database for tal-libyear: NoPythonCodeFoundException: No Python code found in the repository. (logger.py:42)
2025-06-01 08:39:30,024 - CodeQLRunner - ERROR - Failed to build CodeQL database for knox-shell: NoPythonCodeFoundException: No Python code found in the repository. (logger.py:42)
2025-06-01 08:40:30,097 - CodeQLRunner - ERROR - Failed to build CodeQL database for odoo-addons-oca-vertical-abbey: NoPythonCodeFoundException: No Python code found in the repository. (logger.py:42)
2025-06-01 08:41:42,373 - CodeQLRunner - ERROR - Failed to build CodeQL database for tal-sc-libs-sftp: NoPythonCodeFoundException: No Python code found in the repository. (logger.py:42)
2025-06-01 08:47:58,152 - CodeQLRunner - ERROR - Failed to build CodeQL database for specgen: NoPythonCodeFoundException: No Python code found in the repository. (logger.py:42)
2025-06-01 08:56:35,159 - CodeQLRunner - ERROR - Failed to build CodeQL database for winevent: NoPythonCodeFoundException: No Python code found in the repository. (logger.py:42)
2025-06-01 09:05:12,903 - CodeQLRunner - ERROR - Failed to build CodeQL database for testoutput38r573: NoPythonCodeFoundException: No Python code found in the repository. (logger.py:42)
2025-06-01 09:08:35,921 - CodeQLRunner - ERROR - Failed to build CodeQL database for odoo-addons-sygel-technology-sy-intrastat-extrastat: NoPythonCodeFoundException: No Python code found in the repository. (logger.py:42)
2025-06-01 09:16:04,826 - CodeQLRunner - ERROR - Failed to build CodeQL database for onair-device: NoPythonCodeFoundException: No Python code found in the repository. (logger.py:42)
2025-06-01 09:17:01,639 - CodeQLRunner - ERROR - Failed to build CodeQL database for odoo12-addons-shopinvader-odoo-pim: NoPythonCodeFoundException: No Python code found in the repository. (logger.py:42)
2025-06-01 09:18:53,540 - CodeQLRunner - ERROR - Failed to build CodeQL database for odoo-addons-sygel-technology-sy-margin-analysis: NoPythonCodeFoundException: No Python code found in the repository. (logger.py:42)
2025-06-01 09:19:18,499 - CodeQLRunner - ERROR - Failed to build CodeQL database for legos-cli: NoPythonCodeFoundException: No Python code found in the repository. (logger.py:42)
2025-06-01 09:46:19,690 - CodeQLRunner - ERROR - Failed to build CodeQL database for xzd-example1: NoPythonCodeFoundException: No Python code found in the repository. (logger.py:42)
2025-06-01 10:00:12,267 - CodeQLRunner - ERROR - Failed to build CodeQL database for package98452: NoPythonCodeFoundException: No Python code found in the repository. (logger.py:42)
2025-06-01 10:10:07,283 - CodeQLRunner - ERROR - Failed to build CodeQL database for tal-dml-stats: NoPythonCodeFoundException: No Python code found in the repository. (logger.py:42)
2025-06-01 10:21:26,286 - CodeQLRunner - ERROR - Failed to build CodeQL database for lakehouse-daft-unity: NoPythonCodeFoundException: No Python code found in the repository. (logger.py:42)
2025-06-01 10:23:50,388 - CodeQLRunner - ERROR - Failed to build CodeQL database for tal-ml-test: NoPythonCodeFoundException: No Python code found in the repository. (logger.py:42)
2025-06-01 10:23:58,238 - CodeQLRunner - ERROR - Failed to build CodeQL database for ipay-consumer: NoPythonCodeFoundException: No Python code found in the repository. (logger.py:42)
2025-06-01 10:26:21,467 - CodeQLRunner - ERROR - Failed to build CodeQL database for my-py-pkg-forked: NoPythonCodeFoundException: No Python code found in the repository. (logger.py:42)
2025-06-01 10:39:04,754 - CodeQLRunner - ERROR - Failed to build CodeQL database for tal-sc-libs-demo: NoPythonCodeFoundException: No Python code found in the repository. (logger.py:42)
2025-06-01 10:40:36,847 - CodeQLRunner - ERROR - Failed to build CodeQL database for storefront-product-adapter: NoPythonCodeFoundException: No Python code found in the repository. (logger.py:42)
2025-06-01 10:42:51,590 - CodeQLRunner - ERROR - Failed to build CodeQL database for ml-evaluation: NoPythonCodeFoundException: No Python code found in the repository. (logger.py:42)
2025-06-01 10:53:09,630 - CodeQLRunner - ERROR - Failed to build CodeQL database for unlimiformer: NoPythonCodeFoundException: No Python code found in the repository. (logger.py:42)
2025-06-01 10:57:46,198 - CodeQLRunner - ERROR - Failed to build CodeQL database for seymour: NoPythonCodeFoundException: No Python code found in the repository. (logger.py:42)
2025-06-01 10:59:11,097 - CodeQLRunner - ERROR - Failed to build CodeQL database for python-jsonparser: NoPythonCodeFoundException: No Python code found in the repository. (logger.py:42)
2025-06-01 10:59:20,275 - CodeQLRunner - ERROR - Failed to build CodeQL database for s4f-returns-service-client: NoPythonCodeFoundException: No Python code found in the repository. (logger.py:42)
2025-06-01 11:03:50,736 - CodeQLRunner - ERROR - Failed to build CodeQL database for testoutput2: NoPythonCodeFoundException: No Python code found in the repository. (logger.py:42)
2025-06-01 11:21:02,098 - CodeQLRunner - ERROR - Query timed out for ngandn18-dist: /home/class-pollution/Desktop/python-class-pollution/codeql-query/class-pollution-all/class-pollution.qls (logger.py:42)
2025-06-01 11:21:02,328 - CodeQLRunner - ERROR - Query timed out for optimizacionpaquete-meliyork-1: /home/class-pollution/Desktop/python-class-pollution/codeql-query/class-pollution-all/class-pollution.qls (logger.py:42)
2025-06-01 11:21:04,158 - CodeQLRunner - ERROR - Failed to run query: /home/class-pollution/Desktop/python-class-pollution/codeql-query/class-pollution-all/class-pollution.qls (logger.py:42)
2025-06-01 11:21:04,823 - CodeQLRunner - ERROR - Failed to run query: /home/class-pollution/Desktop/python-class-pollution/codeql-query/class-pollution-all/class-pollution.qls (logger.py:42)
2025-06-01 11:21:27,474 - CodeQLRunner - ERROR - Query timed out for himama: /home/class-pollution/Desktop/python-class-pollution/codeql-query/class-pollution-all/class-pollution.qls (logger.py:42)
2025-06-01 11:21:28,172 - CodeQLRunner - ERROR - Failed to run query: /home/class-pollution/Desktop/python-class-pollution/codeql-query/class-pollution-all/class-pollution.qls (logger.py:42)
2025-06-01 11:21:47,794 - CodeQLRunner - ERROR - Query timed out for gu-tea: /home/class-pollution/Desktop/python-class-pollution/codeql-query/class-pollution-all/class-pollution.qls (logger.py:42)
2025-06-01 11:21:48,955 - CodeQLRunner - ERROR - Failed to run query: /home/class-pollution/Desktop/python-class-pollution/codeql-query/class-pollution-all/class-pollution.qls (logger.py:42)
2025-06-01 11:21:54,021 - CodeQLRunner - ERROR - Query timed out for timedcache: /home/class-pollution/Desktop/python-class-pollution/codeql-query/class-pollution-all/class-pollution.qls (logger.py:42)
2025-06-01 11:21:55,096 - CodeQLRunner - ERROR - Failed to run query: /home/class-pollution/Desktop/python-class-pollution/codeql-query/class-pollution-all/class-pollution.qls (logger.py:42)
2025-06-01 11:28:54,783 - CodeQLRunner - ERROR - Failed to build CodeQL database for kimsehyeon: NoPythonCodeFoundException: No Python code found in the repository. (logger.py:42)
2025-06-01 11:41:26,737 - CodeQLRunner - ERROR - Failed to build CodeQL database for monoml: NoPythonCodeFoundException: No Python code found in the repository. (logger.py:42)
2025-06-01 11:45:48,235 - CodeQLRunner - ERROR - Failed to build CodeQL database for invoice-aggregator-service-client: NoPythonCodeFoundException: No Python code found in the repository. (logger.py:42)
2025-06-01 11:54:41,499 - CodeQLRunner - ERROR - Failed to build CodeQL database for goli-mult: NoPythonCodeFoundException: No Python code found in the repository. (logger.py:42)
2025-06-01 12:15:55,286 - CodeQLRunner - ERROR - Failed to build CodeQL database for mldn-messge: NoPythonCodeFoundException: No Python code found in the repository. (logger.py:42)
2025-06-01 12:16:31,031 - CodeQLRunner - ERROR - Failed to build CodeQL database for logistics-integration-service-client: NoPythonCodeFoundException: No Python code found in the repository. (logger.py:42)
2025-06-01 12:22:31,825 - CodeQLRunner - ERROR - Failed to build CodeQL database for serenity-module-bad-word: NoPythonCodeFoundException: No Python code found in the repository. (logger.py:42)
2025-06-01 12:25:49,445 - CodeQLRunner - ERROR - Failed to build CodeQL database for tal-sc-libs-obfuscation: NoPythonCodeFoundException: No Python code found in the repository. (logger.py:42)
2025-06-01 12:28:10,163 - CodeQLRunner - ERROR - Failed to build CodeQL database for socialphish: NoPythonCodeFoundException: No Python code found in the repository. (logger.py:42)
2025-06-01 12:59:30,162 - CodeQLRunner - ERROR - Failed to build CodeQL database for testoutput1228: NoPythonCodeFoundException: No Python code found in the repository. (logger.py:42)
2025-06-01 13:07:04,291 - CodeQLRunner - ERROR - Failed to build CodeQL database for mobileautomationframework: NoPythonCodeFoundException: No Python code found in the repository. (logger.py:42)
2025-06-01 13:17:44,230 - CodeQLRunner - ERROR - Failed to build CodeQL database for groupercore: NoPythonCodeFoundException: No Python code found in the repository. (logger.py:42)
2025-06-01 13:26:45,095 - CodeQLRunner - ERROR - Failed to build CodeQL database for network-service: NoPythonCodeFoundException: No Python code found in the repository. (logger.py:42)
2025-06-01 13:32:14,010 - CodeQLRunner - ERROR - Failed to build CodeQL database for p10n-luigi-commons: NoPythonCodeFoundException: No Python code found in the repository. (logger.py:42)
2025-06-01 13:33:06,129 - CodeQLRunner - ERROR - Failed to build CodeQL database for my-pipi: NoPythonCodeFoundException: No Python code found in the repository. (logger.py:42)
2025-06-01 13:39:07,672 - CodeQLRunner - ERROR - Failed to build CodeQL database for test9485: NoPythonCodeFoundException: No Python code found in the repository. (logger.py:42)
2025-06-01 13:43:58,693 - CodeQLRunner - ERROR - Failed to build CodeQL database for tal-schema-registry: NoPythonCodeFoundException: No Python code found in the repository. (logger.py:42)
2025-06-01 13:48:18,565 - CodeQLRunner - ERROR - Failed to build CodeQL database for vfx-pipeline-api: NoPythonCodeFoundException: No Python code found in the repository. (logger.py:42)
2025-06-01 14:00:04,483 - CodeQLRunner - ERROR - Failed to build CodeQL database for nhmailpy: NoPythonCodeFoundException: No Python code found in the repository. (logger.py:42)
2025-06-01 14:03:11,168 - CodeQLRunner - ERROR - Failed to build CodeQL database for ingradient-lib: NoPythonCodeFoundException: No Python code found in the repository. (logger.py:42)
2025-06-01 14:06:55,274 - CodeQLRunner - ERROR - Failed to build CodeQL database for docker-virtualnet: NoPythonCodeFoundException: No Python code found in the repository. (logger.py:42)
2025-06-01 14:12:24,267 - CodeQLRunner - ERROR - Failed to build CodeQL database for leads-pipelines: NoPythonCodeFoundException: No Python code found in the repository. (logger.py:42)
2025-06-01 14:13:37,405 - CodeQLRunner - ERROR - Failed to build CodeQL database for hackthebox-py: NoPythonCodeFoundException: No Python code found in the repository. (logger.py:42)
2025-06-01 14:25:34,663 - CodeQLRunner - ERROR - Failed to build CodeQL database for onair: NoPythonCodeFoundException: No Python code found in the repository. (logger.py:42)
2025-06-01 14:25:41,193 - CodeQLRunner - ERROR - Failed to build CodeQL database for packagecode: NoPythonCodeFoundException: No Python code found in the repository. (logger.py:42)
2025-06-01 14:54:53,660 - CodeQLRunner - ERROR - Failed to build CodeQL database for odoo14-addons-oca-project-agile: NoPythonCodeFoundException: No Python code found in the repository. (logger.py:42)
2025-06-01 15:02:03,459 - CodeQLRunner - ERROR - Failed to build CodeQL database for libscrt: NoPythonCodeFoundException: No Python code found in the repository. (logger.py:42)
2025-06-01 15:10:33,733 - CodeQLRunner - ERROR - Failed to build CodeQL database for my-python-rust-project: NoSupportedPythonCodeFound: No supported code found in the repository. (logger.py:42)
2025-06-01 15:19:46,071 - CodeQLRunner - ERROR - Failed to build CodeQL database for pai-blade-cpu: NoPythonCodeFoundException: No Python code found in the repository. (logger.py:42)
2025-06-01 15:34:03,767 - CodeQLRunner - ERROR - Failed to build CodeQL database for serenity-module-geo-ip: NoPythonCodeFoundException: No Python code found in the repository. (logger.py:42)
2025-06-01 15:34:14,219 - CodeQLRunner - ERROR - Failed to build CodeQL database for odoo-addons-oca-infrastructure: NoPythonCodeFoundException: No Python code found in the repository. (logger.py:42)
2025-06-01 15:36:40,360 - CodeQLRunner - ERROR - Failed to build CodeQL database for mounty-tool: NoPythonCodeFoundException: No Python code found in the repository. (logger.py:42)
2025-06-01 15:43:37,984 - CodeQLRunner - ERROR - Failed to build CodeQL database for jaxlib-alpa: NoPythonCodeFoundException: No Python code found in the repository. (logger.py:42)
2025-06-01 15:44:10,603 - CodeQLRunner - ERROR - Failed to build CodeQL database for tal-sc-libs-sc-retry: NoPythonCodeFoundException: No Python code found in the repository. (logger.py:42)
2025-06-01 15:49:14,915 - CodeQLRunner - ERROR - Failed to build CodeQL database for util-test: NoPythonCodeFoundException: No Python code found in the repository. (logger.py:42)
2025-06-01 15:49:19,861 - CodeQLRunner - ERROR - Failed to build CodeQL database for video-collage: NoPythonCodeFoundException: No Python code found in the repository. (logger.py:42)
2025-06-01 15:56:06,475 - CodeQLRunner - ERROR - Failed to build CodeQL database for odoo12-addons-oca-web-api: NoPythonCodeFoundException: No Python code found in the repository. (logger.py:42)
2025-06-01 15:59:04,795 - CodeQLRunner - ERROR - Failed to build CodeQL database for tal-sc-libs-http-client: NoPythonCodeFoundException: No Python code found in the repository. (logger.py:42)
2025-06-01 15:59:37,113 - CodeQLRunner - ERROR - Failed to build CodeQL database for titok: NoPythonCodeFoundException: No Python code found in the repository. (logger.py:42)
2025-06-01 16:00:59,631 - CodeQLRunner - ERROR - Failed to build CodeQL database for tal-dml-service-errors: NoPythonCodeFoundException: No Python code found in the repository. (logger.py:42)
2025-06-01 16:01:22,766 - CodeQLRunner - ERROR - Failed to build CodeQL database for serenity-module-dataplatform: NoPythonCodeFoundException: No Python code found in the repository. (logger.py:42)
2025-06-01 16:04:29,981 - CodeQLRunner - ERROR - Failed to build CodeQL database for numerical-integration-rmg: NoPythonCodeFoundException: No Python code found in the repository. (logger.py:42)
2025-06-01 16:05:53,887 - CodeQLRunner - ERROR - Failed to build CodeQL database for tfnlp: NoPythonCodeFoundException: No Python code found in the repository. (logger.py:42)
2025-06-01 16:06:41,017 - CodeQLRunner - ERROR - Failed to build CodeQL database for s4f-payment-payflex-client: NoPythonCodeFoundException: No Python code found in the repository. (logger.py:42)
2025-06-01 16:11:00,286 - CodeQLRunner - ERROR - Failed to build CodeQL database for scraper-utils: NoPythonCodeFoundException: No Python code found in the repository. (logger.py:42)
2025-06-01 16:14:35,049 - CodeQLRunner - ERROR - Failed to build CodeQL database for testcalc: NoPythonCodeFoundException: No Python code found in the repository. (logger.py:42)
2025-06-01 16:15:27,766 - CodeQLRunner - ERROR - Failed to build CodeQL database for nikal007007: NoPythonCodeFoundException: No Python code found in the repository. (logger.py:42)
2025-06-01 16:15:52,851 - CodeQLRunner - ERROR - Failed to build CodeQL database for serenity-module-auto-quality-check: NoPythonCodeFoundException: No Python code found in the repository. (logger.py:42)
2025-06-01 16:24:07,795 - CodeQLRunner - ERROR - Failed to build CodeQL database for py-roofline: NoPythonCodeFoundException: No Python code found in the repository. (logger.py:42)
2025-06-01 16:24:34,929 - CodeQLRunner - ERROR - Failed to build CodeQL database for minard: NoPythonCodeFoundException: No Python code found in the repository. (logger.py:42)
