2025-05-06 14:12:16,729 - CodeQLRunner - ERROR - Failed to build CodeQL database for malibu-lambda-2: NoPythonCodeFoundException: No Python code found in the repository. (logger.py:42)
2025-05-06 14:24:05,883 - CodeQLRunner - ERROR - Failed to build CodeQL database for coly: NoPythonCodeFoundException: No Python code found in the repository. (logger.py:42)
2025-05-06 14:33:34,697 - CodeQLRunner - ERROR - Failed to build CodeQL database for gg-streamlit-table: NoPythonCodeFoundException: No Python code found in the repository. (logger.py:42)
2025-05-06 14:35:40,404 - CodeQLRunner - ERROR - Query timed out for virtual-parquet: /home/class-pollution/Desktop/python-class-pollution/codeql-query/class-pollution-all/class-pollution.qls (logger.py:42)
2025-05-06 14:35:41,876 - CodeQLRunner - ERROR - Failed to run query: /home/class-pollution/Desktop/python-class-pollution/codeql-query/class-pollution-all/class-pollution.qls (logger.py:42)
2025-05-06 14:45:13,170 - CodeQLRunner - ERROR - Failed to build CodeQL database for spotify-win-cli: NoPythonCodeFoundException: No Python code found in the repository. (logger.py:42)
2025-05-06 14:59:11,417 - CodeQLRunner - ERROR - Failed to build CodeQL database for dnalignment: NoPythonCodeFoundException: No Python code found in the repository. (logger.py:42)
2025-05-06 15:18:51,741 - CodeQLRunner - ERROR - Failed to build CodeQL database for odoo13-addons-oca-wms: NoPythonCodeFoundException: No Python code found in the repository. (logger.py:42)
2025-05-06 15:20:26,853 - CodeQLRunner - ERROR - Failed to build CodeQL database for anyfox: NoPythonCodeFoundException: No Python code found in the repository. (logger.py:42)
2025-05-06 15:33:44,956 - CodeQLRunner - ERROR - Failed to build CodeQL database for data-analysis-tools-alpha: NoPythonCodeFoundException: No Python code found in the repository. (logger.py:42)
2025-05-06 15:35:03,915 - CodeQLRunner - ERROR - Failed to build CodeQL database for odoo11-addons-oca-pos: NoPythonCodeFoundException: No Python code found in the repository. (logger.py:42)
2025-05-06 15:40:53,905 - CodeQLRunner - ERROR - Failed to build CodeQL database for quickminer: NoPythonCodeFoundException: No Python code found in the repository. (logger.py:42)
2025-05-06 15:45:24,802 - CodeQLRunner - ERROR - Failed to build CodeQL database for icespringpysidestubs-pyqt6: NoSupportedPythonCodeFound: No supported code found in the repository. (logger.py:42)
2025-05-06 16:55:28,032 - CodeQLRunner - ERROR - Failed to build CodeQL database for arctk: NoPythonCodeFoundException: No Python code found in the repository. (logger.py:42)
2025-05-06 17:11:10,413 - CodeQLRunner - ERROR - Failed to build CodeQL database for pyyield: NoPythonCodeFoundException: No Python code found in the repository. (logger.py:42)
2025-05-06 17:43:52,632 - CodeQLRunner - ERROR - Failed to build CodeQL database for drawbook: NoPythonCodeFoundException: No Python code found in the repository. (logger.py:42)
2025-05-06 17:48:55,072 - CodeQLRunner - ERROR - Failed to build CodeQL database for pybacktest: NoPythonCodeFoundException: No Python code found in the repository. (logger.py:42)
2025-05-06 17:53:11,387 - CodeQLRunner - ERROR - Failed to build CodeQL database for pydatabridgex: NoPythonCodeFoundException: No Python code found in the repository. (logger.py:42)
2025-05-06 18:17:05,898 - CodeQLRunner - ERROR - Failed to build CodeQL database for quickshot: NoPythonCodeFoundException: No Python code found in the repository. (logger.py:42)
2025-05-06 18:34:18,693 - CodeQLRunner - ERROR - Failed to build CodeQL database for 3games: NoPythonCodeFoundException: No Python code found in the repository. (logger.py:42)
2025-05-06 18:59:37,342 - CodeQLRunner - ERROR - Failed to build CodeQL database for langchain-openwebui: NoPythonCodeFoundException: No Python code found in the repository. (logger.py:42)
2025-05-06 19:44:43,122 - CodeQLRunner - ERROR - Failed to build CodeQL database for testauskas1123: NoPythonCodeFoundException: No Python code found in the repository. (logger.py:42)
2025-05-06 19:53:00,007 - CodeQLRunner - ERROR - Failed to build CodeQL database for methpype: NoPythonCodeFoundException: No Python code found in the repository. (logger.py:42)
2025-05-06 20:00:13,397 - CodeQLRunner - ERROR - Failed to build CodeQL database for pytools-kit: NoPythonCodeFoundException: No Python code found in the repository. (logger.py:42)
2025-05-06 20:14:35,421 - CodeQLRunner - ERROR - Failed to build CodeQL database for is-click-predictor: NoPythonCodeFoundException: No Python code found in the repository. (logger.py:42)
2025-05-06 20:16:08,247 - CodeQLRunner - ERROR - Failed to build CodeQL database for probabilisticsampling: NoPythonCodeFoundException: No Python code found in the repository. (logger.py:42)
2025-05-06 20:30:17,503 - CodeQLRunner - ERROR - Failed to build CodeQL database for ariel-ta-ts: NoPythonCodeFoundException: No Python code found in the repository. (logger.py:42)
2025-05-06 20:34:09,640 - CodeQLRunner - ERROR - Failed to build CodeQL database for jk-accounts: NoPythonCodeFoundException: No Python code found in the repository. (logger.py:42)
2025-05-06 21:20:07,314 - CodeQLRunner - ERROR - Failed to build CodeQL database for zen-quotes: NoPythonCodeFoundException: No Python code found in the repository. (logger.py:42)
2025-05-06 21:24:42,475 - CodeQLRunner - ERROR - Failed to build CodeQL database for administrator: NoPythonCodeFoundException: No Python code found in the repository. (logger.py:42)
2025-05-06 21:33:37,330 - CodeQLRunner - ERROR - Failed to build CodeQL database for cmeel-coinutils: NoPythonCodeFoundException: No Python code found in the repository. (logger.py:42)
2025-05-06 21:34:39,388 - CodeQLRunner - ERROR - Failed to build CodeQL database for ome-ansible-molecule: NoPythonCodeFoundException: No Python code found in the repository. (logger.py:42)
2025-05-06 21:49:13,343 - CodeQLRunner - ERROR - Failed to build CodeQL database for annnie-install: NoPythonCodeFoundException: No Python code found in the repository. (logger.py:42)
2025-05-06 21:50:07,549 - CodeQLRunner - ERROR - Failed to build CodeQL database for kth-build: NoPythonCodeFoundException: No Python code found in the repository. (logger.py:42)
2025-05-06 22:01:34,954 - CodeQLRunner - ERROR - Failed to build CodeQL database for oursfirstchatapp2: NoPythonCodeFoundException: No Python code found in the repository. (logger.py:42)
2025-05-06 22:17:27,356 - CodeQLRunner - ERROR - Failed to build CodeQL database for django-flasky: NoPythonCodeFoundException: No Python code found in the repository. (logger.py:42)
2025-05-06 22:42:53,926 - CodeQLRunner - ERROR - Failed to build CodeQL database for oasis-daq: NoPythonCodeFoundException: No Python code found in the repository. (logger.py:42)
2025-05-06 23:06:25,001 - CodeQLRunner - ERROR - Failed to build CodeQL database for vmwarecloud-aws: NoPythonCodeFoundException: No Python code found in the repository. (logger.py:42)
2025-05-06 23:08:41,452 - CodeQLRunner - ERROR - Failed to build CodeQL database for fake-bpy-module-3-5: NoSupportedPythonCodeFound: No supported code found in the repository. (logger.py:42)
2025-05-06 23:26:25,722 - CodeQLRunner - ERROR - Failed to build CodeQL database for odoo12-addons-oca-reporting-engine: NoPythonCodeFoundException: No Python code found in the repository. (logger.py:42)
2025-05-06 23:34:18,652 - CodeQLRunner - ERROR - Failed to build CodeQL database for eeg-preprocessing: NoPythonCodeFoundException: No Python code found in the repository. (logger.py:42)
2025-05-06 23:34:24,768 - CodeQLRunner - ERROR - Failed to build CodeQL database for hello-dave-donaghy: NoPythonCodeFoundException: No Python code found in the repository. (logger.py:42)
2025-05-06 23:52:39,801 - CodeQLRunner - ERROR - Failed to build CodeQL database for tnn-pytorch: NoPythonCodeFoundException: No Python code found in the repository. (logger.py:42)
2025-05-06 23:57:27,878 - CodeQLRunner - ERROR - Failed to build CodeQL database for gostyle: NoPythonCodeFoundException: No Python code found in the repository. (logger.py:42)
2025-05-07 00:02:00,013 - CodeQLRunner - ERROR - Failed to build CodeQL database for xontrib-powerline2: NoPythonCodeFoundException: No Python code found in the repository. (logger.py:42)
2025-05-07 00:42:03,159 - CodeQLRunner - ERROR - Failed to build CodeQL database for pysmartkd: NoPythonCodeFoundException: No Python code found in the repository. (logger.py:42)
2025-05-07 01:05:49,339 - CodeQLRunner - ERROR - Failed to build CodeQL database for techtrekloganalyzer: NoPythonCodeFoundException: No Python code found in the repository. (logger.py:42)
2025-05-07 01:14:40,211 - CodeQLRunner - ERROR - Failed to build CodeQL database for mls-python: NoPythonCodeFoundException: No Python code found in the repository. (logger.py:42)
2025-05-07 01:17:27,712 - CodeQLRunner - ERROR - Failed to build CodeQL database for django-huey-stubs: NoSupportedPythonCodeFound: No supported code found in the repository. (logger.py:42)
2025-05-07 01:33:59,427 - CodeQLRunner - ERROR - Failed to build CodeQL database for easyregx: NoPythonCodeFoundException: No Python code found in the repository. (logger.py:42)
2025-05-07 01:49:01,672 - CodeQLRunner - ERROR - Failed to build CodeQL database for quantedgemarketdata: NoPythonCodeFoundException: No Python code found in the repository. (logger.py:42)
2025-05-07 02:01:45,596 - CodeQLRunner - ERROR - Failed to build CodeQL database for odoo11-addons-oca-event: NoPythonCodeFoundException: No Python code found in the repository. (logger.py:42)
2025-05-07 02:20:18,438 - CodeQLRunner - ERROR - Failed to build CodeQL database for ml-ops-mironov: NoPythonCodeFoundException: No Python code found in the repository. (logger.py:42)
2025-05-07 02:52:59,251 - CodeQLRunner - ERROR - Failed to build CodeQL database for paddlepaddle-stubs: NoSupportedPythonCodeFound: No supported code found in the repository. (logger.py:42)
2025-05-07 02:54:13,373 - CodeQLRunner - ERROR - Failed to build CodeQL database for virtualfleet: NoPythonCodeFoundException: No Python code found in the repository. (logger.py:42)
2025-05-07 03:08:11,715 - CodeQLRunner - ERROR - Failed to build CodeQL database for myfunctions-ysakova90: NoPythonCodeFoundException: No Python code found in the repository. (logger.py:42)
2025-05-07 03:08:33,112 - CodeQLRunner - ERROR - Failed to build CodeQL database for myfunctions-sashakrav: NoPythonCodeFoundException: No Python code found in the repository. (logger.py:42)
2025-05-07 03:23:58,968 - CodeQLRunner - ERROR - Failed to build CodeQL database for odoo-addons-oca-l10n-belgium: NoPythonCodeFoundException: No Python code found in the repository. (logger.py:42)
2025-05-07 03:27:53,834 - CodeQLRunner - ERROR - Failed to build CodeQL database for cugraph-pyg-cu11: NoPythonCodeFoundException: No Python code found in the repository. (logger.py:42)
2025-05-07 04:02:00,812 - CodeQLRunner - ERROR - Failed to build CodeQL database for asocialgraph: NoPythonCodeFoundException: No Python code found in the repository. (logger.py:42)
2025-05-07 04:09:03,186 - CodeQLRunner - ERROR - Failed to build CodeQL database for coderedcms-bootstrap4: NoPythonCodeFoundException: No Python code found in the repository. (logger.py:42)
2025-05-07 04:11:36,781 - CodeQLRunner - ERROR - Failed to build CodeQL database for getmagpi: NoPythonCodeFoundException: No Python code found in the repository. (logger.py:42)
2025-05-07 04:13:44,463 - CodeQLRunner - ERROR - Failed to build CodeQL database for brawlhallapy: NoPythonCodeFoundException: No Python code found in the repository. (logger.py:42)
2025-05-07 04:40:17,416 - CodeQLRunner - ERROR - Failed to build CodeQL database for ubergraph: NoPythonCodeFoundException: No Python code found in the repository. (logger.py:42)
2025-05-07 05:44:38,970 - CodeQLRunner - ERROR - Failed to build CodeQL database for aibotaditya: NoPythonCodeFoundException: No Python code found in the repository. (logger.py:42)
2025-05-07 06:11:31,449 - CodeQLRunner - ERROR - Failed to build CodeQL database for discpybot: NoPythonCodeFoundException: No Python code found in the repository. (logger.py:42)
2025-05-07 06:53:40,084 - CodeQLRunner - ERROR - Failed to build CodeQL database for pygamemode: NoPythonCodeFoundException: No Python code found in the repository. (logger.py:42)
2025-05-07 06:54:09,602 - CodeQLRunner - ERROR - Failed to build CodeQL database for python-socialite: NoPythonCodeFoundException: No Python code found in the repository. (logger.py:42)
2025-05-07 07:16:04,054 - CodeQLRunner - ERROR - Failed to build CodeQL database for shelldonx: NoPythonCodeFoundException: No Python code found in the repository. (logger.py:42)
2025-05-07 07:37:10,456 - CodeQLRunner - ERROR - Failed to build CodeQL database for terrajinja-templates: NoPythonCodeFoundException: No Python code found in the repository. (logger.py:42)
2025-05-07 08:03:44,414 - CodeQLRunner - ERROR - Failed to build CodeQL database for odoo12-addons-oca-l10n-netherlands: NoPythonCodeFoundException: No Python code found in the repository. (logger.py:42)
2025-05-07 08:07:12,642 - CodeQLRunner - ERROR - Failed to build CodeQL database for odoo12-addons-oca-management-system: NoPythonCodeFoundException: No Python code found in the repository. (logger.py:42)
2025-05-07 08:08:30,371 - CodeQLRunner - ERROR - Failed to build CodeQL database for algmonbody: NoPythonCodeFoundException: No Python code found in the repository. (logger.py:42)
2025-05-07 08:36:27,441 - CodeQLRunner - ERROR - Failed to build CodeQL database for rml-qrcode: NoPythonCodeFoundException: No Python code found in the repository. (logger.py:42)
2025-05-07 08:45:46,942 - CodeQLRunner - ERROR - Failed to build CodeQL database for hocuspocus-ood: NoPythonCodeFoundException: No Python code found in the repository. (logger.py:42)
2025-05-07 08:56:19,627 - CodeQLRunner - ERROR - Failed to build CodeQL database for circleci-stubs: NoSupportedPythonCodeFound: No supported code found in the repository. (logger.py:42)
2025-05-07 09:18:06,401 - CodeQLRunner - ERROR - Failed to build CodeQL database for decodedeeplearning: NoPythonCodeFoundException: No Python code found in the repository. (logger.py:42)
2025-05-07 09:29:22,755 - CodeQLRunner - ERROR - Failed to build CodeQL database for kivy-music-player-package: NoPythonCodeFoundException: No Python code found in the repository. (logger.py:42)
2025-05-07 09:32:12,179 - CodeQLRunner - ERROR - Failed to build CodeQL database for autodiff-team15-2022: NoPythonCodeFoundException: No Python code found in the repository. (logger.py:42)
2025-05-07 10:02:54,151 - CodeQLRunner - ERROR - Failed to build CodeQL database for nbconvert-theme-pale-sand-navy: NoPythonCodeFoundException: No Python code found in the repository. (logger.py:42)
2025-05-07 10:20:43,552 - CodeQLRunner - ERROR - Failed to build CodeQL database for odoo-addons-oca-server-env: NoPythonCodeFoundException: No Python code found in the repository. (logger.py:42)
2025-05-07 10:31:31,375 - CodeQLRunner - ERROR - Failed to build CodeQL database for testing-sung: NoPythonCodeFoundException: No Python code found in the repository. (logger.py:42)
2025-05-07 10:41:02,128 - CodeQLRunner - ERROR - Failed to build CodeQL database for gaapi: NoPythonCodeFoundException: No Python code found in the repository. (logger.py:42)
2025-05-07 11:05:43,739 - CodeQLRunner - ERROR - Failed to build CodeQL database for cloud-bunny: NoPythonCodeFoundException: No Python code found in the repository. (logger.py:42)
2025-05-07 11:42:27,491 - CodeQLRunner - ERROR - Failed to build CodeQL database for lshw: NoPythonCodeFoundException: No Python code found in the repository. (logger.py:42)
2025-05-07 12:02:11,722 - CodeQLRunner - ERROR - Failed to build CodeQL database for atomicloops-utils: NoPythonCodeFoundException: No Python code found in the repository. (logger.py:42)
2025-05-07 12:07:40,993 - CodeQLRunner - ERROR - Failed to build CodeQL database for assessedge: NoPythonCodeFoundException: No Python code found in the repository. (logger.py:42)
2025-05-07 12:09:03,836 - CodeQLRunner - ERROR - Failed to build CodeQL database for abc-build-tool: NoPythonCodeFoundException: No Python code found in the repository. (logger.py:42)
2025-05-07 12:11:11,051 - CodeQLRunner - ERROR - Failed to build CodeQL database for packageimporter: NoPythonCodeFoundException: No Python code found in the repository. (logger.py:42)
2025-05-07 12:39:22,302 - CodeQLRunner - ERROR - Failed to build CodeQL database for iqm-station-control: NoPythonCodeFoundException: No Python code found in the repository. (logger.py:42)
2025-05-07 13:02:22,721 - CodeQLRunner - ERROR - Failed to build CodeQL database for build-compiler: NoPythonCodeFoundException: No Python code found in the repository. (logger.py:42)
2025-05-07 13:17:41,113 - CodeQLRunner - ERROR - Failed to build CodeQL database for pylibwholegraph-cu11: NoPythonCodeFoundException: No Python code found in the repository. (logger.py:42)
2025-05-07 13:33:32,993 - CodeQLRunner - ERROR - Failed to build CodeQL database for odoo11-addons-oca-bank-payment: NoPythonCodeFoundException: No Python code found in the repository. (logger.py:42)
2025-05-07 13:44:37,152 - CodeQLRunner - ERROR - Failed to build CodeQL database for auto-fix: NoPythonCodeFoundException: No Python code found in the repository. (logger.py:42)
2025-05-07 13:55:21,138 - CodeQLRunner - ERROR - Failed to build CodeQL database for skie: NoPythonCodeFoundException: No Python code found in the repository. (logger.py:42)
2025-05-07 14:16:02,733 - CodeQLRunner - ERROR - Failed to build CodeQL database for asynccsv: NoPythonCodeFoundException: No Python code found in the repository. (logger.py:42)
2025-05-07 14:28:57,559 - CodeQLRunner - ERROR - Failed to build CodeQL database for abcdfu8964: NoPythonCodeFoundException: No Python code found in the repository. (logger.py:42)
2025-05-07 14:37:09,644 - CodeQLRunner - ERROR - Failed to build CodeQL database for odoo-addons-oca-stock-logistics-transport: NoPythonCodeFoundException: No Python code found in the repository. (logger.py:42)
2025-05-07 14:42:10,645 - CodeQLRunner - ERROR - Failed to build CodeQL database for codeforcespy: NoPythonCodeFoundException: No Python code found in the repository. (logger.py:42)
2025-05-07 15:03:30,250 - CodeQLRunner - ERROR - Failed to build CodeQL database for mlotsawa: NoPythonCodeFoundException: No Python code found in the repository. (logger.py:42)
2025-05-07 15:31:10,136 - CodeQLRunner - ERROR - Failed to build CodeQL database for odoo12-addons-oca-multi-company: NoPythonCodeFoundException: No Python code found in the repository. (logger.py:42)
2025-05-07 16:01:25,851 - CodeQLRunner - ERROR - Failed to build CodeQL database for llmyaml: NoPythonCodeFoundException: No Python code found in the repository. (logger.py:42)
2025-05-07 16:27:01,645 - CodeQLRunner - ERROR - Failed to build CodeQL database for odoo11-addons-oca-server-ux: NoPythonCodeFoundException: No Python code found in the repository. (logger.py:42)
2025-05-07 16:27:22,690 - CodeQLRunner - ERROR - Failed to build CodeQL database for numix: NoPythonCodeFoundException: No Python code found in the repository. (logger.py:42)
2025-05-07 16:29:24,818 - CodeQLRunner - ERROR - Failed to build CodeQL database for getffff: NoPythonCodeFoundException: No Python code found in the repository. (logger.py:42)
2025-05-07 16:45:17,278 - CodeQLRunner - ERROR - Failed to build CodeQL database for hztools: NoPythonCodeFoundException: No Python code found in the repository. (logger.py:42)
2025-05-07 17:14:33,719 - CodeQLRunner - ERROR - Failed to build CodeQL database for cdwutils: NoPythonCodeFoundException: No Python code found in the repository. (logger.py:42)
2025-05-07 18:01:09,295 - CodeQLRunner - ERROR - Failed to build CodeQL database for odoo13-addons-oca-account-analytic: NoPythonCodeFoundException: No Python code found in the repository. (logger.py:42)
2025-05-07 18:24:29,865 - CodeQLRunner - ERROR - Failed to build CodeQL database for colortype: NoPythonCodeFoundException: No Python code found in the repository. (logger.py:42)
2025-05-07 18:25:48,487 - CodeQLRunner - ERROR - Failed to build CodeQL database for onednn-cpu-dpcpp-gpu-dpcpp: NoPythonCodeFoundException: No Python code found in the repository. (logger.py:42)
2025-05-07 18:39:59,193 - CodeQLRunner - ERROR - Failed to build CodeQL database for kibo-unibs-fp-lib: NoPythonCodeFoundException: No Python code found in the repository. (logger.py:42)
2025-05-07 18:41:22,587 - CodeQLRunner - ERROR - Failed to build CodeQL database for qr-pdf: NoPythonCodeFoundException: No Python code found in the repository. (logger.py:42)
2025-05-07 18:43:53,053 - CodeQLRunner - ERROR - Failed to build CodeQL database for pypi-test-frank-momo: NoPythonCodeFoundException: No Python code found in the repository. (logger.py:42)
2025-05-07 19:01:44,177 - CodeQLRunner - ERROR - Failed to build CodeQL database for full-stack-agent: NoPythonCodeFoundException: No Python code found in the repository. (logger.py:42)
2025-05-07 19:16:33,376 - CodeQLRunner - ERROR - Failed to build CodeQL database for uselessstring: NoPythonCodeFoundException: No Python code found in the repository. (logger.py:42)
2025-05-07 19:29:20,129 - CodeQLRunner - ERROR - Query timed out for alpaca-ccxt: /home/class-pollution/Desktop/python-class-pollution/codeql-query/class-pollution-all/class-pollution.qls (logger.py:42)
2025-05-07 19:29:21,883 - CodeQLRunner - ERROR - Failed to run query: /home/class-pollution/Desktop/python-class-pollution/codeql-query/class-pollution-all/class-pollution.qls (logger.py:42)
2025-05-07 19:42:13,248 - CodeQLRunner - ERROR - Failed to build CodeQL database for oldmango: NoPythonCodeFoundException: No Python code found in the repository. (logger.py:42)
2025-05-07 19:58:29,765 - CodeQLRunner - ERROR - Failed to build CodeQL database for dthriz: NoPythonCodeFoundException: No Python code found in the repository. (logger.py:42)
2025-05-07 20:00:53,056 - CodeQLRunner - ERROR - Failed to build CodeQL database for lucgpa: NoPythonCodeFoundException: No Python code found in the repository. (logger.py:42)
2025-05-07 20:10:43,967 - CodeQLRunner - ERROR - Failed to build CodeQL database for retrieval: NoPythonCodeFoundException: No Python code found in the repository. (logger.py:42)
2025-05-07 20:31:26,648 - CodeQLRunner - ERROR - Failed to build CodeQL database for seismohub: NoPythonCodeFoundException: No Python code found in the repository. (logger.py:42)
2025-05-07 20:33:50,178 - CodeQLRunner - ERROR - Failed to build CodeQL database for abletonparsing: NoPythonCodeFoundException: No Python code found in the repository. (logger.py:42)
2025-05-07 20:45:11,420 - CodeQLRunner - ERROR - Failed to build CodeQL database for flux3d: NoPythonCodeFoundException: No Python code found in the repository. (logger.py:42)
2025-05-07 20:56:04,524 - CodeQLRunner - ERROR - Failed to build CodeQL database for odoo14-addons-oca-l10n-switzerland: NoPythonCodeFoundException: No Python code found in the repository. (logger.py:42)
2025-05-07 21:40:33,505 - CodeQLRunner - ERROR - Failed to build CodeQL database for ytduration: NoPythonCodeFoundException: No Python code found in the repository. (logger.py:42)
2025-05-07 21:57:23,656 - CodeQLRunner - ERROR - Failed to build CodeQL database for first-packge: NoPythonCodeFoundException: No Python code found in the repository. (logger.py:42)
2025-05-07 22:17:06,486 - CodeQLRunner - ERROR - Failed to build CodeQL database for tqsdk2-fclib: NoPythonCodeFoundException: No Python code found in the repository. (logger.py:42)
2025-05-07 22:44:36,187 - CodeQLRunner - ERROR - Failed to build CodeQL database for aocd: NoPythonCodeFoundException: No Python code found in the repository. (logger.py:42)
2025-05-07 22:49:47,930 - CodeQLRunner - ERROR - Failed to build CodeQL database for vigi-assist: NoPythonCodeFoundException: No Python code found in the repository. (logger.py:42)
2025-05-07 23:08:52,536 - CodeQLRunner - ERROR - Failed to build CodeQL database for odoo12-addons-oca-server-auth: NoPythonCodeFoundException: No Python code found in the repository. (logger.py:42)
2025-05-07 23:19:23,294 - CodeQLRunner - ERROR - Failed to build CodeQL database for tokyopollen: NoPythonCodeFoundException: No Python code found in the repository. (logger.py:42)
2025-05-07 23:23:33,998 - CodeQLRunner - ERROR - Failed to build CodeQL database for typewrap: NoPythonCodeFoundException: No Python code found in the repository. (logger.py:42)
2025-05-07 23:55:45,759 - CodeQLRunner - ERROR - Failed to build CodeQL database for aiogram-di: NoPythonCodeFoundException: No Python code found in the repository. (logger.py:42)
2025-05-08 00:04:03,448 - CodeQLRunner - ERROR - Failed to build CodeQL database for sparse-optimization-toolbox: NoPythonCodeFoundException: No Python code found in the repository. (logger.py:42)
2025-05-08 00:12:34,476 - CodeQLRunner - ERROR - Failed to build CodeQL database for jupyter-sequor: NoPythonCodeFoundException: No Python code found in the repository. (logger.py:42)
2025-05-08 00:14:03,436 - CodeQLRunner - ERROR - Failed to build CodeQL database for solarsage: NoPythonCodeFoundException: No Python code found in the repository. (logger.py:42)
2025-05-08 00:16:13,112 - CodeQLRunner - ERROR - Failed to build CodeQL database for cugraph-dgl-cu11: NoPythonCodeFoundException: No Python code found in the repository. (logger.py:42)
2025-05-08 00:26:01,643 - CodeQLRunner - ERROR - Failed to build CodeQL database for veda-tensorflow: NoPythonCodeFoundException: No Python code found in the repository. (logger.py:42)
2025-05-08 01:07:53,217 - CodeQLRunner - ERROR - Failed to build CodeQL database for cs253-packaging-demo-pip: NoPythonCodeFoundException: No Python code found in the repository. (logger.py:42)
2025-05-08 01:14:48,934 - CodeQLRunner - ERROR - Failed to build CodeQL database for blic: NoPythonCodeFoundException: No Python code found in the repository. (logger.py:42)
2025-05-08 01:17:50,507 - CodeQLRunner - ERROR - Failed to build CodeQL database for thanhtrong: NoPythonCodeFoundException: No Python code found in the repository. (logger.py:42)
2025-05-08 01:57:31,454 - CodeQLRunner - ERROR - Failed to build CodeQL database for cartesi-nexus: NoPythonCodeFoundException: No Python code found in the repository. (logger.py:42)
2025-05-08 02:08:37,376 - CodeQLRunner - ERROR - Failed to build CodeQL database for file-compressor: NoPythonCodeFoundException: No Python code found in the repository. (logger.py:42)
2025-05-08 02:16:43,895 - CodeQLRunner - ERROR - Query timed out for genesis-world-nightly: /home/class-pollution/Desktop/python-class-pollution/codeql-query/class-pollution-all/class-pollution.qls (logger.py:42)
2025-05-08 02:16:46,444 - CodeQLRunner - ERROR - Failed to run query: /home/class-pollution/Desktop/python-class-pollution/codeql-query/class-pollution-all/class-pollution.qls (logger.py:42)
2025-05-08 02:23:48,991 - CodeQLRunner - ERROR - Failed to build CodeQL database for esto: NoPythonCodeFoundException: No Python code found in the repository. (logger.py:42)
2025-05-08 02:24:18,747 - CodeQLRunner - ERROR - Failed to build CodeQL database for gff2mss: NoPythonCodeFoundException: No Python code found in the repository. (logger.py:42)
2025-05-08 02:26:12,497 - CodeQLRunner - ERROR - Failed to build CodeQL database for sanjeev-pypi-test01: NoPythonCodeFoundException: No Python code found in the repository. (logger.py:42)
2025-05-08 02:39:37,427 - CodeQLRunner - ERROR - Failed to build CodeQL database for drt-telea: NoPythonCodeFoundException: No Python code found in the repository. (logger.py:42)
2025-05-08 02:49:07,621 - CodeQLRunner - ERROR - Failed to build CodeQL database for zealot: NoPythonCodeFoundException: No Python code found in the repository. (logger.py:42)
2025-05-08 02:54:48,193 - CodeQLRunner - ERROR - Failed to build CodeQL database for bridge-data-tools: NoPythonCodeFoundException: No Python code found in the repository. (logger.py:42)
2025-05-08 03:07:50,806 - CodeQLRunner - ERROR - Failed to build CodeQL database for pynutrition1-0: NoPythonCodeFoundException: No Python code found in the repository. (logger.py:42)
2025-05-08 03:08:11,809 - CodeQLRunner - ERROR - Failed to build CodeQL database for sidewinderffb2: NoPythonCodeFoundException: No Python code found in the repository. (logger.py:42)
2025-05-08 03:26:51,654 - CodeQLRunner - ERROR - Failed to build CodeQL database for veda: NoPythonCodeFoundException: No Python code found in the repository. (logger.py:42)
2025-05-08 03:32:14,069 - CodeQLRunner - ERROR - Failed to build CodeQL database for protolint-bin-test: NoPythonCodeFoundException: No Python code found in the repository. (logger.py:42)
2025-05-08 04:43:45,627 - CodeQLRunner - ERROR - Failed to build CodeQL database for godot-python: NoPythonCodeFoundException: No Python code found in the repository. (logger.py:42)
2025-05-08 04:55:32,880 - CodeQLRunner - ERROR - Failed to build CodeQL database for odoo14-addons-oca-sale-reporting: NoPythonCodeFoundException: No Python code found in the repository. (logger.py:42)
2025-05-08 04:58:25,994 - CodeQLRunner - ERROR - Failed to build CodeQL database for az-image-converter: NoPythonCodeFoundException: No Python code found in the repository. (logger.py:42)
2025-05-08 05:00:17,589 - CodeQLRunner - ERROR - Failed to build CodeQL database for inference-service: NoPythonCodeFoundException: No Python code found in the repository. (logger.py:42)
2025-05-08 05:29:45,431 - CodeQLRunner - ERROR - Failed to build CodeQL database for mdbl-api: NoPythonCodeFoundException: No Python code found in the repository. (logger.py:42)
2025-05-08 05:42:59,169 - CodeQLRunner - ERROR - Failed to build CodeQL database for treepoints: NoPythonCodeFoundException: No Python code found in the repository. (logger.py:42)
2025-05-08 06:00:31,636 - CodeQLRunner - ERROR - Failed to build CodeQL database for stratbox: NoPythonCodeFoundException: No Python code found in the repository. (logger.py:42)
2025-05-08 06:02:12,554 - CodeQLRunner - ERROR - Failed to build CodeQL database for azure-devops-automation: NoPythonCodeFoundException: No Python code found in the repository. (logger.py:42)
2025-05-08 06:02:45,071 - CodeQLRunner - ERROR - Failed to build CodeQL database for calpi: NoPythonCodeFoundException: No Python code found in the repository. (logger.py:42)
2025-05-08 06:21:11,372 - CodeQLRunner - ERROR - Failed to build CodeQL database for abbypython: NoPythonCodeFoundException: No Python code found in the repository. (logger.py:42)
2025-05-08 06:23:16,395 - CodeQLRunner - ERROR - Failed to build CodeQL database for hi-humans: NoPythonCodeFoundException: No Python code found in the repository. (logger.py:42)
2025-05-08 06:42:10,420 - CodeQLRunner - ERROR - Failed to build CodeQL database for jaysuntools: NoPythonCodeFoundException: No Python code found in the repository. (logger.py:42)
2025-05-08 07:14:43,331 - CodeQLRunner - ERROR - Failed to build CodeQL database for habitninja-bot: NoPythonCodeFoundException: No Python code found in the repository. (logger.py:42)
2025-05-08 07:18:45,239 - CodeQLRunner - ERROR - Failed to build CodeQL database for spartan-viz: NoPythonCodeFoundException: No Python code found in the repository. (logger.py:42)
2025-05-08 07:23:28,848 - CodeQLRunner - ERROR - Failed to build CodeQL database for pre-commit-rusty: NoPythonCodeFoundException: No Python code found in the repository. (logger.py:42)
2025-05-08 07:35:24,571 - CodeQLRunner - ERROR - Failed to build CodeQL database for m-lib-full: NoPythonCodeFoundException: No Python code found in the repository. (logger.py:42)
2025-05-08 08:04:47,959 - CodeQLRunner - ERROR - Failed to build CodeQL database for simple-python-test: NoPythonCodeFoundException: No Python code found in the repository. (logger.py:42)
2025-05-08 08:28:17,915 - CodeQLRunner - ERROR - Failed to build CodeQL database for pyphysics: NoPythonCodeFoundException: No Python code found in the repository. (logger.py:42)
2025-05-08 08:36:09,581 - CodeQLRunner - ERROR - Failed to build CodeQL database for kcp-py: NoPythonCodeFoundException: No Python code found in the repository. (logger.py:42)
2025-05-08 08:41:00,935 - CodeQLRunner - ERROR - Query timed out for mola-treelab: /home/class-pollution/Desktop/python-class-pollution/codeql-query/class-pollution-all/class-pollution.qls (logger.py:42)
2025-05-08 08:41:03,038 - CodeQLRunner - ERROR - Failed to run query: /home/class-pollution/Desktop/python-class-pollution/codeql-query/class-pollution-all/class-pollution.qls (logger.py:42)
2025-05-08 08:59:22,605 - CodeQLRunner - ERROR - Failed to build CodeQL database for odoo14-addons-oca-l10n-usa: NoPythonCodeFoundException: No Python code found in the repository. (logger.py:42)
2025-05-08 09:08:04,779 - CodeQLRunner - ERROR - Failed to build CodeQL database for cargo-insta: NoPythonCodeFoundException: No Python code found in the repository. (logger.py:42)
2025-05-08 09:28:15,743 - CodeQLRunner - ERROR - Failed to build CodeQL database for odoo13-addons-oca-hr: NoPythonCodeFoundException: No Python code found in the repository. (logger.py:42)
2025-05-08 09:38:20,725 - CodeQLRunner - ERROR - Failed to build CodeQL database for berkeleydb-stubs: NoSupportedPythonCodeFound: No supported code found in the repository. (logger.py:42)
2025-05-08 09:38:30,217 - CodeQLRunner - ERROR - Failed to build CodeQL database for cargo-generate-rpm: NoPythonCodeFoundException: No Python code found in the repository. (logger.py:42)
2025-05-08 09:40:21,140 - CodeQLRunner - ERROR - Failed to build CodeQL database for ai4-metadata-validator: NoPythonCodeFoundException: No Python code found in the repository. (logger.py:42)
2025-05-08 09:59:45,575 - CodeQLRunner - ERROR - Failed to build CodeQL database for cuda-cccl: NoPythonCodeFoundException: No Python code found in the repository. (logger.py:42)
2025-05-08 10:04:01,571 - CodeQLRunner - ERROR - Failed to build CodeQL database for odoo12-addons-oca-e-commerce: NoPythonCodeFoundException: No Python code found in the repository. (logger.py:42)
2025-05-08 10:08:11,331 - CodeQLRunner - ERROR - Failed to build CodeQL database for dfsprl: NoPythonCodeFoundException: No Python code found in the repository. (logger.py:42)
2025-05-08 10:34:38,942 - CodeQLRunner - ERROR - Failed to build CodeQL database for dvinci-api: NoPythonCodeFoundException: No Python code found in the repository. (logger.py:42)
2025-05-08 10:37:11,729 - CodeQLRunner - ERROR - Failed to build CodeQL database for deepalign-never-satisfied-deepalign-registry-service-client: NoPythonCodeFoundException: No Python code found in the repository. (logger.py:42)
2025-05-08 10:45:36,403 - CodeQLRunner - ERROR - Failed to build CodeQL database for flake8-comma: NoPythonCodeFoundException: No Python code found in the repository. (logger.py:42)
2025-05-08 10:58:02,711 - CodeQLRunner - ERROR - Failed to build CodeQL database for mikuni-pkg: NoPythonCodeFoundException: No Python code found in the repository. (logger.py:42)
2025-05-08 11:40:40,120 - CodeQLRunner - ERROR - Failed to build CodeQL database for img2sketch: NoPythonCodeFoundException: No Python code found in the repository. (logger.py:42)
2025-05-08 12:05:37,192 - CodeQLRunner - ERROR - Failed to build CodeQL database for gym-watertank: NoPythonCodeFoundException: No Python code found in the repository. (logger.py:42)
2025-05-08 12:14:46,566 - CodeQLRunner - ERROR - Failed to build CodeQL database for kooora: NoPythonCodeFoundException: No Python code found in the repository. (logger.py:42)
2025-05-08 12:29:30,476 - CodeQLRunner - ERROR - Failed to build CodeQL database for automatiic: NoPythonCodeFoundException: No Python code found in the repository. (logger.py:42)
2025-05-08 12:33:19,223 - CodeQLRunner - ERROR - Failed to build CodeQL database for multiploter: NoPythonCodeFoundException: No Python code found in the repository. (logger.py:42)
2025-05-08 13:20:10,488 - CodeQLRunner - ERROR - Building CodeQL database timed out: ydk-models-cisco-ios-xr (logger.py:42)
2025-05-08 13:53:41,934 - CodeQLRunner - ERROR - Failed to build CodeQL database for odoo11-addons-oca-reporting-engine: NoPythonCodeFoundException: No Python code found in the repository. (logger.py:42)
2025-05-08 14:36:35,064 - CodeQLRunner - ERROR - Failed to build CodeQL database for benchmarkllm: NoPythonCodeFoundException: No Python code found in the repository. (logger.py:42)
2025-05-08 15:05:14,985 - CodeQLRunner - ERROR - Failed to build CodeQL database for banking-adv-coding-proj: NoPythonCodeFoundException: No Python code found in the repository. (logger.py:42)
2025-05-08 15:12:14,680 - CodeQLRunner - ERROR - Failed to build CodeQL database for odoo12-addons-oca-geospatial: NoPythonCodeFoundException: No Python code found in the repository. (logger.py:42)
2025-05-08 15:32:49,415 - CodeQLRunner - ERROR - Failed to build CodeQL database for polyaxon-pip-tests: NoPythonCodeFoundException: No Python code found in the repository. (logger.py:42)
2025-05-08 15:54:50,269 - CodeQLRunner - ERROR - Failed to build CodeQL database for cimulate: NoSupportedPythonCodeFound: No supported code found in the repository. (logger.py:42)
2025-05-08 15:58:42,417 - CodeQLRunner - ERROR - Failed to build CodeQL database for leoncalculator: NoPythonCodeFoundException: No Python code found in the repository. (logger.py:42)
2025-05-08 16:07:47,979 - CodeQLRunner - ERROR - Failed to build CodeQL database for ai-common: NoPythonCodeFoundException: No Python code found in the repository. (logger.py:42)
2025-05-08 16:17:17,324 - CodeQLRunner - ERROR - Failed to build CodeQL database for flush-mass-mailing: NoPythonCodeFoundException: No Python code found in the repository. (logger.py:42)
2025-05-08 16:30:39,866 - CodeQLRunner - ERROR - Failed to build CodeQL database for tregen: NoPythonCodeFoundException: No Python code found in the repository. (logger.py:42)
2025-05-08 16:45:39,029 - CodeQLRunner - ERROR - Failed to build CodeQL database for odoo14-addons-oca-l10n-thailand: NoPythonCodeFoundException: No Python code found in the repository. (logger.py:42)
2025-05-08 17:05:45,693 - CodeQLRunner - ERROR - Failed to build CodeQL database for reborntool: NoPythonCodeFoundException: No Python code found in the repository. (logger.py:42)
2025-05-08 17:24:27,148 - CodeQLRunner - ERROR - Failed to build CodeQL database for odoo14-addons-oca-hr-holidays: NoPythonCodeFoundException: No Python code found in the repository. (logger.py:42)
2025-05-08 17:40:22,208 - CodeQLRunner - ERROR - Failed to build CodeQL database for teamtrain-sdk: NoSupportedPythonCodeFound: No supported code found in the repository. (logger.py:42)
2025-05-08 18:00:15,455 - CodeQLRunner - ERROR - Failed to build CodeQL database for basicpy2captcha: NoPythonCodeFoundException: No Python code found in the repository. (logger.py:42)
2025-05-08 18:07:21,740 - CodeQLRunner - ERROR - Failed to build CodeQL database for pykaldi: NoPythonCodeFoundException: No Python code found in the repository. (logger.py:42)
2025-05-08 18:10:30,993 - CodeQLRunner - ERROR - Failed to build CodeQL database for pywxbase: NoSupportedPythonCodeFound: No supported code found in the repository. (logger.py:42)
2025-05-08 18:34:52,940 - CodeQLRunner - ERROR - Failed to build CodeQL database for mkdocs-material-langly: NoPythonCodeFoundException: No Python code found in the repository. (logger.py:42)
2025-05-08 18:51:37,556 - CodeQLRunner - ERROR - Building CodeQL database timed out: pqmusic (logger.py:42)
2025-05-08 19:21:01,012 - CodeQLRunner - ERROR - Query timed out for seiscat: /home/class-pollution/Desktop/python-class-pollution/codeql-query/class-pollution-all/class-pollution.qls (logger.py:42)
2025-05-08 19:21:03,796 - CodeQLRunner - ERROR - Failed to run query: /home/class-pollution/Desktop/python-class-pollution/codeql-query/class-pollution-all/class-pollution.qls (logger.py:42)
2025-05-08 19:29:06,144 - CodeQLRunner - ERROR - Failed to build CodeQL database for types-dataclasses-json: NoSupportedPythonCodeFound: No supported code found in the repository. (logger.py:42)
2025-05-08 19:29:57,834 - CodeQLRunner - ERROR - Failed to build CodeQL database for simple-package-023: NoPythonCodeFoundException: No Python code found in the repository. (logger.py:42)
2025-05-08 20:00:36,458 - CodeQLRunner - ERROR - Failed to build CodeQL database for buildout-script: NoSupportedPythonCodeFound: No supported code found in the repository. (logger.py:42)
2025-05-08 20:25:58,758 - CodeQLRunner - ERROR - Failed to build CodeQL database for topsis-dhanishta-102203520: NoPythonCodeFoundException: No Python code found in the repository. (logger.py:42)
2025-05-08 20:55:01,553 - CodeQLRunner - ERROR - Failed to build CodeQL database for micropython-rp2-rpi-pico2-stubs: NoSupportedPythonCodeFound: No supported code found in the repository. (logger.py:42)
2025-05-08 21:32:22,254 - CodeQLRunner - ERROR - Failed to build CodeQL database for kivy-calculator-package: NoPythonCodeFoundException: No Python code found in the repository. (logger.py:42)
2025-05-08 21:38:27,481 - CodeQLRunner - ERROR - Failed to build CodeQL database for chatpc: NoPythonCodeFoundException: No Python code found in the repository. (logger.py:42)
2025-05-08 21:44:32,011 - CodeQLRunner - ERROR - Failed to build CodeQL database for rl-env-core: NoPythonCodeFoundException: No Python code found in the repository. (logger.py:42)
2025-05-08 22:21:05,793 - CodeQLRunner - ERROR - Failed to build CodeQL database for hi-hello: NoPythonCodeFoundException: No Python code found in the repository. (logger.py:42)
2025-05-08 22:59:48,419 - CodeQLRunner - ERROR - Failed to build CodeQL database for micropython-esp32-esp32-generic-c6-stubs: NoSupportedPythonCodeFound: No supported code found in the repository. (logger.py:42)
2025-05-08 23:06:42,488 - CodeQLRunner - ERROR - Failed to build CodeQL database for odoo11-addons-oca-community-data-files: NoPythonCodeFoundException: No Python code found in the repository. (logger.py:42)
2025-05-08 23:13:32,270 - CodeQLRunner - ERROR - Failed to build CodeQL database for odoo-addons-oca-product-variant: NoPythonCodeFoundException: No Python code found in the repository. (logger.py:42)
2025-05-08 23:14:52,543 - CodeQLRunner - ERROR - Failed to build CodeQL database for evsetool: NoPythonCodeFoundException: No Python code found in the repository. (logger.py:42)
2025-05-08 23:34:56,720 - CodeQLRunner - ERROR - Failed to build CodeQL database for wixp-lib: NoPythonCodeFoundException: No Python code found in the repository. (logger.py:42)
2025-05-09 00:03:51,564 - CodeQLRunner - ERROR - Failed to build CodeQL database for pyfarcore: NoPythonCodeFoundException: No Python code found in the repository. (logger.py:42)
2025-05-09 00:14:43,103 - CodeQLRunner - ERROR - Failed to build CodeQL database for lucit-ubdcc-shared-modules: NoPythonCodeFoundException: No Python code found in the repository. (logger.py:42)
2025-05-09 00:20:53,234 - CodeQLRunner - ERROR - Failed to build CodeQL database for dolby: NoPythonCodeFoundException: No Python code found in the repository. (logger.py:42)
2025-05-09 00:21:58,063 - CodeQLRunner - ERROR - Failed to build CodeQL database for voila-vuetify-template-tuwien: NoPythonCodeFoundException: No Python code found in the repository. (logger.py:42)
2025-05-09 00:35:19,091 - CodeQLRunner - ERROR - Failed to build CodeQL database for fast-data-vis: NoPythonCodeFoundException: No Python code found in the repository. (logger.py:42)
2025-05-09 00:43:03,230 - CodeQLRunner - ERROR - Failed to build CodeQL database for faisalpdf: NoPythonCodeFoundException: No Python code found in the repository. (logger.py:42)
2025-05-09 00:54:57,443 - CodeQLRunner - ERROR - Failed to build CodeQL database for disembhook: NoPythonCodeFoundException: No Python code found in the repository. (logger.py:42)
2025-05-09 01:03:33,524 - CodeQLRunner - ERROR - Failed to build CodeQL database for odoo13-addons-oca-stock-logistics-reporting: NoPythonCodeFoundException: No Python code found in the repository. (logger.py:42)
2025-05-09 01:23:36,963 - CodeQLRunner - ERROR - Failed to build CodeQL database for odoo-addons-oca-brand: NoPythonCodeFoundException: No Python code found in the repository. (logger.py:42)
2025-05-09 01:23:47,576 - CodeQLRunner - ERROR - Failed to build CodeQL database for byeworld: NoPythonCodeFoundException: No Python code found in the repository. (logger.py:42)
2025-05-09 01:29:03,514 - CodeQLRunner - ERROR - Failed to build CodeQL database for neon-agent: NoPythonCodeFoundException: No Python code found in the repository. (logger.py:42)
2025-05-09 01:29:18,631 - CodeQLRunner - ERROR - Failed to build CodeQL database for 5345345345345345: NoPythonCodeFoundException: No Python code found in the repository. (logger.py:42)
2025-05-09 01:30:58,970 - CodeQLRunner - ERROR - Failed to build CodeQL database for renify: NoPythonCodeFoundException: No Python code found in the repository. (logger.py:42)
2025-05-09 01:32:04,121 - CodeQLRunner - ERROR - Failed to build CodeQL database for kivy-to-do-app-package: NoPythonCodeFoundException: No Python code found in the repository. (logger.py:42)
2025-05-09 01:46:24,508 - CodeQLRunner - ERROR - Failed to build CodeQL database for wxgbot: NoPythonCodeFoundException: No Python code found in the repository. (logger.py:42)
2025-05-09 02:10:30,863 - CodeQLRunner - ERROR - Failed to build CodeQL database for casperdcl-test: NoPythonCodeFoundException: No Python code found in the repository. (logger.py:42)
2025-05-09 02:29:10,026 - CodeQLRunner - ERROR - Failed to build CodeQL database for dotenvx: NoPythonCodeFoundException: No Python code found in the repository. (logger.py:42)
2025-05-09 02:51:07,324 - CodeQLRunner - ERROR - Failed to build CodeQL database for kivy-work-timer-package: NoPythonCodeFoundException: No Python code found in the repository. (logger.py:42)
2025-05-09 02:54:00,862 - CodeQLRunner - ERROR - Failed to build CodeQL database for gmail-label-manager: NoPythonCodeFoundException: No Python code found in the repository. (logger.py:42)
2025-05-09 02:55:54,668 - CodeQLRunner - ERROR - Failed to build CodeQL database for ask2ai: NoPythonCodeFoundException: No Python code found in the repository. (logger.py:42)
2025-05-09 03:16:43,703 - CodeQLRunner - ERROR - Failed to build CodeQL database for dnallm: NoPythonCodeFoundException: No Python code found in the repository. (logger.py:42)
2025-05-09 03:17:56,633 - CodeQLRunner - ERROR - Failed to build CodeQL database for sphempackage: NoPythonCodeFoundException: No Python code found in the repository. (logger.py:42)
2025-05-09 03:25:35,353 - CodeQLRunner - ERROR - Failed to build CodeQL database for kivy-bmi-calculator-package: NoPythonCodeFoundException: No Python code found in the repository. (logger.py:42)
2025-05-09 03:29:58,053 - CodeQLRunner - ERROR - Failed to build CodeQL database for odoo-addons-sygel-technology-sy-sale-workflow: NoPythonCodeFoundException: No Python code found in the repository. (logger.py:42)
2025-05-09 03:40:59,203 - CodeQLRunner - ERROR - Failed to build CodeQL database for ksaa-res: NoPythonCodeFoundException: No Python code found in the repository. (logger.py:42)
2025-05-09 03:44:26,803 - CodeQLRunner - ERROR - Failed to build CodeQL database for abdlmutii: NoPythonCodeFoundException: No Python code found in the repository. (logger.py:42)
2025-05-09 04:17:59,508 - CodeQLRunner - ERROR - Failed to build CodeQL database for permit-langflow: NoPythonCodeFoundException: No Python code found in the repository. (logger.py:42)
2025-05-09 04:34:31,033 - CodeQLRunner - ERROR - Failed to build CodeQL database for pioneer-nn: NoPythonCodeFoundException: No Python code found in the repository. (logger.py:42)
2025-05-09 04:41:33,207 - CodeQLRunner - ERROR - Failed to build CodeQL database for sema-toolchain: NoPythonCodeFoundException: No Python code found in the repository. (logger.py:42)
2025-05-09 04:47:10,319 - CodeQLRunner - ERROR - Failed to build CodeQL database for newscript: NoPythonCodeFoundException: No Python code found in the repository. (logger.py:42)
2025-05-09 05:00:55,449 - CodeQLRunner - ERROR - Failed to build CodeQL database for dj-custom-auth: NoPythonCodeFoundException: No Python code found in the repository. (logger.py:42)
2025-05-09 05:05:15,465 - CodeQLRunner - ERROR - Query timed out for robotter-hummingbot: /home/class-pollution/Desktop/python-class-pollution/codeql-query/class-pollution-all/class-pollution.qls (logger.py:42)
2025-05-09 05:05:17,864 - CodeQLRunner - ERROR - Failed to run query: /home/class-pollution/Desktop/python-class-pollution/codeql-query/class-pollution-all/class-pollution.qls (logger.py:42)
2025-05-09 05:07:42,669 - CodeQLRunner - ERROR - Failed to build CodeQL database for odoo11-addons-oca-account-invoice-reporting: NoPythonCodeFoundException: No Python code found in the repository. (logger.py:42)
2025-05-09 05:08:45,444 - CodeQLRunner - ERROR - Failed to build CodeQL database for uncompyle2: NoPythonCodeFoundException: No Python code found in the repository. (logger.py:42)
2025-05-09 05:34:07,910 - CodeQLRunner - ERROR - Failed to build CodeQL database for power-daps: NoPythonCodeFoundException: No Python code found in the repository. (logger.py:42)
2025-05-09 05:35:30,164 - CodeQLRunner - ERROR - Failed to build CodeQL database for kivy-stopwatch-package: NoPythonCodeFoundException: No Python code found in the repository. (logger.py:42)
2025-05-09 05:45:42,111 - CodeQLRunner - ERROR - Failed to build CodeQL database for librecell-layout: NoPythonCodeFoundException: No Python code found in the repository. (logger.py:42)
2025-05-09 05:51:54,415 - CodeQLRunner - ERROR - Failed to build CodeQL database for bybithttpx: NoPythonCodeFoundException: No Python code found in the repository. (logger.py:42)
2025-05-09 06:03:59,506 - CodeQLRunner - ERROR - Failed to build CodeQL database for cuopt-lp: NoPythonCodeFoundException: No Python code found in the repository. (logger.py:42)
2025-05-09 06:04:38,061 - CodeQLRunner - ERROR - Failed to build CodeQL database for flask-session-cookie-manager: NoPythonCodeFoundException: No Python code found in the repository. (logger.py:42)
2025-05-09 06:35:49,130 - CodeQLRunner - ERROR - Failed to build CodeQL database for csttx: NoPythonCodeFoundException: No Python code found in the repository. (logger.py:42)
2025-05-09 06:56:09,631 - CodeQLRunner - ERROR - Failed to build CodeQL database for qcirc: NoPythonCodeFoundException: No Python code found in the repository. (logger.py:42)
2025-05-09 07:07:33,093 - CodeQLRunner - ERROR - Failed to build CodeQL database for eg-analysis: NoPythonCodeFoundException: No Python code found in the repository. (logger.py:42)
2025-05-09 07:31:51,899 - CodeQLRunner - ERROR - Failed to build CodeQL database for acerlinnester: NoPythonCodeFoundException: No Python code found in the repository. (logger.py:42)
2025-05-09 07:34:57,793 - CodeQLRunner - ERROR - Failed to build CodeQL database for pypi-test-pkg-jhjoh: NoPythonCodeFoundException: No Python code found in the repository. (logger.py:42)
2025-05-09 08:48:09,211 - CodeQLRunner - ERROR - Failed to build CodeQL database for xargsd: NoPythonCodeFoundException: No Python code found in the repository. (logger.py:42)
2025-05-09 09:12:27,117 - CodeQLRunner - ERROR - Failed to build CodeQL database for odoo13-addons-oca-bank-statement-import: NoPythonCodeFoundException: No Python code found in the repository. (logger.py:42)
2025-05-09 09:35:50,243 - CodeQLRunner - ERROR - Building CodeQL database timed out: guide-seq (logger.py:42)
2025-05-09 10:17:09,587 - CodeQLRunner - ERROR - Building CodeQL database timed out: pyeccodes (logger.py:42)
2025-05-09 10:27:06,116 - CodeQLRunner - ERROR - Failed to build CodeQL database for quakex: NoPythonCodeFoundException: No Python code found in the repository. (logger.py:42)
2025-05-09 10:35:47,696 - CodeQLRunner - ERROR - Failed to build CodeQL database for vaccum-git-cli: NoPythonCodeFoundException: No Python code found in the repository. (logger.py:42)
2025-05-09 10:44:57,108 - CodeQLRunner - ERROR - Failed to build CodeQL database for banksys: NoPythonCodeFoundException: No Python code found in the repository. (logger.py:42)
2025-05-09 11:12:11,852 - CodeQLRunner - ERROR - Failed to build CodeQL database for percy-python-selenium: NoPythonCodeFoundException: No Python code found in the repository. (logger.py:42)
2025-05-09 12:09:54,840 - CodeQLRunner - ERROR - Failed to build CodeQL database for pydataedit: NoPythonCodeFoundException: No Python code found in the repository. (logger.py:42)
2025-05-09 12:18:46,684 - CodeQLRunner - ERROR - Failed to build CodeQL database for discordpie: NoPythonCodeFoundException: No Python code found in the repository. (logger.py:42)
2025-05-09 12:18:58,375 - CodeQLRunner - ERROR - Failed to build CodeQL database for chatgptlibwrapper: NoPythonCodeFoundException: No Python code found in the repository. (logger.py:42)
2025-05-09 12:20:03,913 - CodeQLRunner - ERROR - Failed to build CodeQL database for dt-vsphere-automation-sdk: NoPythonCodeFoundException: No Python code found in the repository. (logger.py:42)
2025-05-09 12:24:31,669 - CodeQLRunner - ERROR - Failed to build CodeQL database for propergitblame: NoPythonCodeFoundException: No Python code found in the repository. (logger.py:42)
2025-05-09 12:35:24,581 - CodeQLRunner - ERROR - Failed to build CodeQL database for allways: NoPythonCodeFoundException: No Python code found in the repository. (logger.py:42)
2025-05-09 12:36:32,270 - CodeQLRunner - ERROR - Failed to build CodeQL database for odoo-addons-oca-stock-weighing: NoPythonCodeFoundException: No Python code found in the repository. (logger.py:42)
2025-05-09 12:42:38,050 - CodeQLRunner - ERROR - Failed to build CodeQL database for venvwrapper: NoPythonCodeFoundException: No Python code found in the repository. (logger.py:42)
2025-05-09 13:01:47,832 - CodeQLRunner - ERROR - Failed to build CodeQL database for tabling: NoPythonCodeFoundException: No Python code found in the repository. (logger.py:42)
2025-05-09 13:16:29,010 - CodeQLRunner - ERROR - Failed to build CodeQL database for discourse-archive: NoPythonCodeFoundException: No Python code found in the repository. (logger.py:42)
2025-05-09 13:20:29,572 - CodeQLRunner - ERROR - Failed to build CodeQL database for acstubecode: NoPythonCodeFoundException: No Python code found in the repository. (logger.py:42)
2025-05-09 13:44:42,669 - CodeQLRunner - ERROR - Failed to build CodeQL database for fileio: NoPythonCodeFoundException: No Python code found in the repository. (logger.py:42)
2025-05-09 14:12:32,995 - CodeQLRunner - ERROR - Failed to build CodeQL database for 5dee: NoPythonCodeFoundException: No Python code found in the repository. (logger.py:42)
2025-05-09 14:31:03,387 - CodeQLRunner - ERROR - Building CodeQL database timed out: tabxar (logger.py:42)
2025-05-09 14:52:05,576 - CodeQLRunner - ERROR - Failed to build CodeQL database for lzzradiomic: NoPythonCodeFoundException: No Python code found in the repository. (logger.py:42)
2025-05-09 15:12:25,153 - CodeQLRunner - ERROR - Failed to build CodeQL database for gitlab-trigger-helper: NoPythonCodeFoundException: No Python code found in the repository. (logger.py:42)
2025-05-09 15:26:29,503 - CodeQLRunner - ERROR - Failed to build CodeQL database for ffysh: NoPythonCodeFoundException: No Python code found in the repository. (logger.py:42)
2025-05-09 15:37:24,430 - CodeQLRunner - ERROR - Failed to build CodeQL database for graphsdk: NoPythonCodeFoundException: No Python code found in the repository. (logger.py:42)
2025-05-09 15:50:58,495 - CodeQLRunner - ERROR - Query timed out for pyscnomics: /home/class-pollution/Desktop/python-class-pollution/codeql-query/class-pollution-all/class-pollution.qls (logger.py:42)
2025-05-09 15:51:00,774 - CodeQLRunner - ERROR - Failed to run query: /home/class-pollution/Desktop/python-class-pollution/codeql-query/class-pollution-all/class-pollution.qls (logger.py:42)
2025-05-09 16:10:58,595 - CodeQLRunner - ERROR - Failed to build CodeQL database for ca-scribner-example-package: NoPythonCodeFoundException: No Python code found in the repository. (logger.py:42)
2025-05-09 16:11:07,405 - CodeQLRunner - ERROR - Failed to build CodeQL database for fls-lopper-v3: NoPythonCodeFoundException: No Python code found in the repository. (logger.py:42)
2025-05-09 16:27:32,404 - CodeQLRunner - ERROR - Failed to build CodeQL database for justmerge: NoPythonCodeFoundException: No Python code found in the repository. (logger.py:42)
2025-05-09 16:30:57,101 - CodeQLRunner - ERROR - Failed to build CodeQL database for pyhtmp: NoPythonCodeFoundException: No Python code found in the repository. (logger.py:42)
2025-05-09 16:44:44,081 - CodeQLRunner - ERROR - Failed to build CodeQL database for recsystem: NoPythonCodeFoundException: No Python code found in the repository. (logger.py:42)
2025-05-09 16:52:28,459 - CodeQLRunner - ERROR - Query timed out for duprol: /home/class-pollution/Desktop/python-class-pollution/codeql-query/class-pollution-all/class-pollution.qls (logger.py:42)
2025-05-09 16:52:30,681 - CodeQLRunner - ERROR - Failed to run query: /home/class-pollution/Desktop/python-class-pollution/codeql-query/class-pollution-all/class-pollution.qls (logger.py:42)
2025-05-09 17:21:53,892 - CodeQLRunner - ERROR - Failed to build CodeQL database for uwu-python: NoPythonCodeFoundException: No Python code found in the repository. (logger.py:42)
2025-05-09 17:27:10,316 - CodeQLRunner - ERROR - Failed to build CodeQL database for db-conn-lib: NoPythonCodeFoundException: No Python code found in the repository. (logger.py:42)
2025-05-09 17:29:03,798 - CodeQLRunner - ERROR - Failed to build CodeQL database for topsis-kashika-102203492: NoPythonCodeFoundException: No Python code found in the repository. (logger.py:42)
2025-05-09 17:33:51,144 - CodeQLRunner - ERROR - Failed to build CodeQL database for pytest-web-ui: NoPythonCodeFoundException: No Python code found in the repository. (logger.py:42)
2025-05-09 17:42:45,757 - CodeQLRunner - ERROR - Failed to build CodeQL database for imgpkg: NoPythonCodeFoundException: No Python code found in the repository. (logger.py:42)
2025-05-09 17:57:48,140 - CodeQLRunner - ERROR - Failed to build CodeQL database for bits-tools: NoPythonCodeFoundException: No Python code found in the repository. (logger.py:42)
2025-05-09 18:02:24,382 - CodeQLRunner - ERROR - Failed to build CodeQL database for canopy-viz: NoPythonCodeFoundException: No Python code found in the repository. (logger.py:42)
2025-05-09 18:17:54,946 - CodeQLRunner - ERROR - Failed to build CodeQL database for ai-code-debugger: NoPythonCodeFoundException: No Python code found in the repository. (logger.py:42)
2025-05-09 18:28:22,719 - CodeQLRunner - ERROR - Failed to build CodeQL database for modular-api-mateus: NoPythonCodeFoundException: No Python code found in the repository. (logger.py:42)
2025-05-09 18:34:51,406 - CodeQLRunner - ERROR - Failed to build CodeQL database for github-file-downloader: NoPythonCodeFoundException: No Python code found in the repository. (logger.py:42)
2025-05-09 18:44:12,055 - CodeQLRunner - ERROR - Failed to build CodeQL database for deadline-cloud: NoPythonCodeFoundException: No Python code found in the repository. (logger.py:42)
2025-05-09 18:51:39,838 - CodeQLRunner - ERROR - Failed to build CodeQL database for odoo14-addons-oca-account-closing: NoPythonCodeFoundException: No Python code found in the repository. (logger.py:42)
2025-05-09 19:15:43,121 - CodeQLRunner - ERROR - Failed to build CodeQL database for voila-reveal: NoPythonCodeFoundException: No Python code found in the repository. (logger.py:42)
2025-05-09 19:16:58,346 - CodeQLRunner - ERROR - Failed to build CodeQL database for fttlib: NoPythonCodeFoundException: No Python code found in the repository. (logger.py:42)
2025-05-09 19:38:36,342 - CodeQLRunner - ERROR - Failed to build CodeQL database for helper-folder2: NoPythonCodeFoundException: No Python code found in the repository. (logger.py:42)
2025-05-09 19:42:17,993 - CodeQLRunner - ERROR - Failed to build CodeQL database for atpcl: NoPythonCodeFoundException: No Python code found in the repository. (logger.py:42)
2025-05-09 20:40:35,757 - CodeQLRunner - ERROR - Failed to build CodeQL database for casinogv: NoPythonCodeFoundException: No Python code found in the repository. (logger.py:42)
2025-05-09 20:50:00,430 - CodeQLRunner - ERROR - Failed to build CodeQL database for bcbp: NoPythonCodeFoundException: No Python code found in the repository. (logger.py:42)
2025-05-09 21:06:45,351 - CodeQLRunner - ERROR - Failed to build CodeQL database for ghostumap: NoPythonCodeFoundException: No Python code found in the repository. (logger.py:42)
2025-05-09 21:26:41,006 - CodeQLRunner - ERROR - Building CodeQL database timed out: ydk-models-cisco-ios-xe (logger.py:42)
2025-05-09 22:06:58,361 - CodeQLRunner - ERROR - Failed to build CodeQL database for tetraframework: NoPythonCodeFoundException: No Python code found in the repository. (logger.py:42)
2025-05-09 22:10:09,864 - CodeQLRunner - ERROR - Failed to build CodeQL database for async-8ball: NoPythonCodeFoundException: No Python code found in the repository. (logger.py:42)
2025-05-09 23:05:19,455 - CodeQLRunner - ERROR - Failed to build CodeQL database for logpoints: NoPythonCodeFoundException: No Python code found in the repository. (logger.py:42)
2025-05-09 23:13:57,973 - CodeQLRunner - ERROR - Failed to build CodeQL database for quakedm: NoPythonCodeFoundException: No Python code found in the repository. (logger.py:42)
2025-05-09 23:21:48,724 - CodeQLRunner - ERROR - Failed to build CodeQL database for valhallabott: NoPythonCodeFoundException: No Python code found in the repository. (logger.py:42)
2025-05-09 23:37:25,851 - CodeQLRunner - ERROR - Failed to build CodeQL database for pyqtads: NoPythonCodeFoundException: No Python code found in the repository. (logger.py:42)
2025-05-10 00:01:05,181 - CodeQLRunner - ERROR - Failed to build CodeQL database for azurelogger: NoPythonCodeFoundException: No Python code found in the repository. (logger.py:42)
2025-05-10 00:30:30,367 - CodeQLRunner - ERROR - Failed to build CodeQL database for gmail-label-email-processor: NoPythonCodeFoundException: No Python code found in the repository. (logger.py:42)
2025-05-10 00:34:27,877 - CodeQLRunner - ERROR - Failed to build CodeQL database for pype-base: NoPythonCodeFoundException: No Python code found in the repository. (logger.py:42)
2025-05-10 00:37:33,888 - CodeQLRunner - ERROR - Failed to build CodeQL database for terrapin-test-pkg: NoPythonCodeFoundException: No Python code found in the repository. (logger.py:42)
2025-05-10 00:56:22,183 - CodeQLRunner - ERROR - Failed to build CodeQL database for odoo11-addons-oca-multi-company: NoPythonCodeFoundException: No Python code found in the repository. (logger.py:42)
2025-05-10 01:01:47,057 - CodeQLRunner - ERROR - Failed to build CodeQL database for zhanghm-tool: NoPythonCodeFoundException: No Python code found in the repository. (logger.py:42)
2025-05-10 01:33:45,442 - CodeQLRunner - ERROR - Failed to build CodeQL database for odoo14-addons-oca-l10n-germany: NoPythonCodeFoundException: No Python code found in the repository. (logger.py:42)
2025-05-10 01:49:11,683 - CodeQLRunner - ERROR - Failed to build CodeQL database for deaconhuang: NoPythonCodeFoundException: No Python code found in the repository. (logger.py:42)
2025-05-10 02:07:38,904 - CodeQLRunner - ERROR - Failed to build CodeQL database for aioamqp-stubs: NoSupportedPythonCodeFound: No supported code found in the repository. (logger.py:42)
2025-05-10 02:25:02,799 - CodeQLRunner - ERROR - Failed to build CodeQL database for jmeterwebreport: NoPythonCodeFoundException: No Python code found in the repository. (logger.py:42)
2025-05-10 02:36:08,976 - CodeQLRunner - ERROR - Failed to build CodeQL database for pytubex-yt: NoPythonCodeFoundException: No Python code found in the repository. (logger.py:42)
2025-05-10 02:44:53,102 - CodeQLRunner - ERROR - Failed to build CodeQL database for vite-project: NoPythonCodeFoundException: No Python code found in the repository. (logger.py:42)
2025-05-10 02:50:26,259 - CodeQLRunner - ERROR - Failed to build CodeQL database for affectlog360: NoPythonCodeFoundException: No Python code found in the repository. (logger.py:42)
2025-05-10 02:51:17,248 - CodeQLRunner - ERROR - Failed to build CodeQL database for bumboyo: NoPythonCodeFoundException: No Python code found in the repository. (logger.py:42)
2025-05-10 03:01:08,039 - CodeQLRunner - ERROR - Failed to build CodeQL database for data-eng-cli: NoPythonCodeFoundException: No Python code found in the repository. (logger.py:42)
2025-05-10 03:13:13,869 - CodeQLRunner - ERROR - Failed to build CodeQL database for topsis-shrihantayal-102203460: NoPythonCodeFoundException: No Python code found in the repository. (logger.py:42)
2025-05-10 03:28:50,291 - CodeQLRunner - ERROR - Failed to build CodeQL database for html-mitra: NoPythonCodeFoundException: No Python code found in the repository. (logger.py:42)
2025-05-10 04:15:54,646 - CodeQLRunner - ERROR - Failed to build CodeQL database for tensorslow: NoPythonCodeFoundException: No Python code found in the repository. (logger.py:42)
2025-05-10 04:20:24,709 - CodeQLRunner - ERROR - Failed to build CodeQL database for plover-sqlite-dictionary: NoPythonCodeFoundException: No Python code found in the repository. (logger.py:42)
2025-05-10 04:26:36,567 - CodeQLRunner - ERROR - Failed to build CodeQL database for topsis-ananyaag-102083036: NoPythonCodeFoundException: No Python code found in the repository. (logger.py:42)
2025-05-10 05:03:51,311 - CodeQLRunner - ERROR - Failed to build CodeQL database for ntc-ansible: NoPythonCodeFoundException: No Python code found in the repository. (logger.py:42)
2025-05-10 05:26:29,199 - CodeQLRunner - ERROR - Failed to build CodeQL database for bodycr: NoPythonCodeFoundException: No Python code found in the repository. (logger.py:42)
2025-05-10 05:36:23,741 - CodeQLRunner - ERROR - Failed to build CodeQL database for micropython-rp2-pimoroni-picolipo-16mb-stubs: NoSupportedPythonCodeFound: No supported code found in the repository. (logger.py:42)
2025-05-10 05:54:05,967 - CodeQLRunner - ERROR - Failed to build CodeQL database for intel-opencl-fpga-emu-rt: NoPythonCodeFoundException: No Python code found in the repository. (logger.py:42)
2025-05-10 06:10:33,724 - CodeQLRunner - ERROR - Failed to build CodeQL database for zuspec: NoPythonCodeFoundException: No Python code found in the repository. (logger.py:42)
2025-05-10 06:27:22,479 - CodeQLRunner - ERROR - Failed to build CodeQL database for actions-test: NoPythonCodeFoundException: No Python code found in the repository. (logger.py:42)
2025-05-10 06:27:25,229 - CodeQLRunner - ERROR - Failed to build CodeQL database for interfacy: NoPythonCodeFoundException: No Python code found in the repository. (logger.py:42)
2025-05-10 06:50:58,732 - CodeQLRunner - ERROR - Failed to build CodeQL database for odoo-addons-oca-edi-framework: NoPythonCodeFoundException: No Python code found in the repository. (logger.py:42)
2025-05-10 07:01:45,703 - CodeQLRunner - ERROR - Failed to build CodeQL database for data-loader-lib: NoPythonCodeFoundException: No Python code found in the repository. (logger.py:42)
2025-05-10 07:27:04,887 - CodeQLRunner - ERROR - Failed to build CodeQL database for steam-models: NoPythonCodeFoundException: No Python code found in the repository. (logger.py:42)
2025-05-10 07:33:32,542 - CodeQLRunner - ERROR - Failed to build CodeQL database for kivy-tic-tac-toe-package: NoPythonCodeFoundException: No Python code found in the repository. (logger.py:42)
2025-05-10 07:35:48,849 - CodeQLRunner - ERROR - Failed to build CodeQL database for dobot-dopy: NoPythonCodeFoundException: No Python code found in the repository. (logger.py:42)
2025-05-10 07:38:44,615 - CodeQLRunner - ERROR - Failed to build CodeQL database for ecov003-l2t-stars: NoPythonCodeFoundException: No Python code found in the repository. (logger.py:42)
2025-05-10 08:00:43,187 - CodeQLRunner - ERROR - Failed to build CodeQL database for odoo13-addons-oca-survey: NoPythonCodeFoundException: No Python code found in the repository. (logger.py:42)
2025-05-10 08:05:04,685 - CodeQLRunner - ERROR - Failed to build CodeQL database for odoo14-addons-oca-hr-attendance: NoPythonCodeFoundException: No Python code found in the repository. (logger.py:42)
2025-05-10 08:29:06,051 - CodeQLRunner - ERROR - Failed to build CodeQL database for odoo-addons-oca-queue: NoPythonCodeFoundException: No Python code found in the repository. (logger.py:42)
2025-05-10 08:45:45,495 - CodeQLRunner - ERROR - Failed to build CodeQL database for anycloud: NoPythonCodeFoundException: No Python code found in the repository. (logger.py:42)
2025-05-10 08:49:41,769 - CodeQLRunner - ERROR - Failed to build CodeQL database for mqmanager: NoPythonCodeFoundException: No Python code found in the repository. (logger.py:42)
2025-05-10 09:00:29,473 - CodeQLRunner - ERROR - Failed to build CodeQL database for reborn-api: NoPythonCodeFoundException: No Python code found in the repository. (logger.py:42)
2025-05-10 09:02:58,757 - CodeQLRunner - ERROR - Failed to build CodeQL database for bindtorchaudio: NoPythonCodeFoundException: No Python code found in the repository. (logger.py:42)
2025-05-10 09:13:03,592 - CodeQLRunner - ERROR - Failed to build CodeQL database for odoo11-addons-oca-management-system: NoPythonCodeFoundException: No Python code found in the repository. (logger.py:42)
2025-05-10 09:23:45,960 - CodeQLRunner - ERROR - Failed to build CodeQL database for event-meetup-com-selenium-imp-local: NoPythonCodeFoundException: No Python code found in the repository. (logger.py:42)
2025-05-10 09:40:39,850 - CodeQLRunner - ERROR - Failed to build CodeQL database for cmdgen: NoPythonCodeFoundException: No Python code found in the repository. (logger.py:42)
2025-05-10 09:41:22,761 - CodeQLRunner - ERROR - Failed to build CodeQL database for myadditionlib: NoPythonCodeFoundException: No Python code found in the repository. (logger.py:42)
2025-05-10 09:47:57,152 - CodeQLRunner - ERROR - Failed to build CodeQL database for kaede-api-creation: NoPythonCodeFoundException: No Python code found in the repository. (logger.py:42)
2025-05-10 10:30:23,790 - CodeQLRunner - ERROR - Failed to build CodeQL database for quickstart-cli: NoPythonCodeFoundException: No Python code found in the repository. (logger.py:42)
2025-05-10 10:44:49,024 - CodeQLRunner - ERROR - Failed to build CodeQL database for helloryan: NoPythonCodeFoundException: No Python code found in the repository. (logger.py:42)
2025-05-10 11:08:51,511 - CodeQLRunner - ERROR - Failed to build CodeQL database for mptimer: NoPythonCodeFoundException: No Python code found in the repository. (logger.py:42)
2025-05-10 11:34:33,297 - CodeQLRunner - ERROR - Failed to build CodeQL database for bmicalc: NoPythonCodeFoundException: No Python code found in the repository. (logger.py:42)
2025-05-10 11:51:57,616 - CodeQLRunner - ERROR - Failed to build CodeQL database for bhyuncorpapkg: NoPythonCodeFoundException: No Python code found in the repository. (logger.py:42)
2025-05-10 11:57:38,230 - CodeQLRunner - ERROR - Failed to build CodeQL database for digip: NoPythonCodeFoundException: No Python code found in the repository. (logger.py:42)
2025-05-10 12:12:11,944 - CodeQLRunner - ERROR - Failed to build CodeQL database for unitree-go2-api: NoPythonCodeFoundException: No Python code found in the repository. (logger.py:42)
2025-05-10 12:13:39,685 - CodeQLRunner - ERROR - Failed to build CodeQL database for filesampler: NoPythonCodeFoundException: No Python code found in the repository. (logger.py:42)
2025-05-10 12:22:52,762 - CodeQLRunner - ERROR - Failed to build CodeQL database for comparing-quantities: NoPythonCodeFoundException: No Python code found in the repository. (logger.py:42)
2025-05-10 12:50:48,609 - CodeQLRunner - ERROR - Failed to build CodeQL database for odoo-addons-oca-survey: NoPythonCodeFoundException: No Python code found in the repository. (logger.py:42)
2025-05-10 12:54:37,146 - CodeQLRunner - ERROR - Failed to build CodeQL database for odoo13-addons-oca-account-payment: NoPythonCodeFoundException: No Python code found in the repository. (logger.py:42)
2025-05-10 12:59:09,604 - CodeQLRunner - ERROR - Failed to build CodeQL database for qspace: NoPythonCodeFoundException: No Python code found in the repository. (logger.py:42)
2025-05-10 13:13:50,989 - CodeQLRunner - ERROR - Failed to build CodeQL database for immutablex-starknet: NoPythonCodeFoundException: No Python code found in the repository. (logger.py:42)
2025-05-10 13:15:52,188 - CodeQLRunner - ERROR - Failed to build CodeQL database for brainfuck-swimmy4days: NoPythonCodeFoundException: No Python code found in the repository. (logger.py:42)
2025-05-10 13:22:14,089 - CodeQLRunner - ERROR - Failed to build CodeQL database for topsis-balbir-singh-102217078: NoPythonCodeFoundException: No Python code found in the repository. (logger.py:42)
2025-05-10 13:40:02,943 - CodeQLRunner - ERROR - Failed to build CodeQL database for odoo12-addon-things: NoPythonCodeFoundException: No Python code found in the repository. (logger.py:42)
2025-05-10 13:49:11,294 - CodeQLRunner - ERROR - Failed to build CodeQL database for greetworld: NoPythonCodeFoundException: No Python code found in the repository. (logger.py:42)
2025-05-10 14:04:52,650 - CodeQLRunner - ERROR - Failed to build CodeQL database for onednn-devel-cpu-dpcpp-gpu-dpcpp: NoPythonCodeFoundException: No Python code found in the repository. (logger.py:42)
2025-05-10 14:10:18,559 - CodeQLRunner - ERROR - Failed to build CodeQL database for wf-rappi: NoPythonCodeFoundException: No Python code found in the repository. (logger.py:42)
2025-05-10 14:37:07,188 - CodeQLRunner - ERROR - Failed to build CodeQL database for gmail-message-processor: NoPythonCodeFoundException: No Python code found in the repository. (logger.py:42)
2025-05-10 15:08:26,917 - CodeQLRunner - ERROR - Failed to build CodeQL database for compilers: NoPythonCodeFoundException: No Python code found in the repository. (logger.py:42)
2025-05-10 15:20:59,330 - CodeQLRunner - ERROR - Failed to build CodeQL database for categorai: NoPythonCodeFoundException: No Python code found in the repository. (logger.py:42)
2025-05-10 15:44:12,650 - CodeQLRunner - ERROR - Failed to build CodeQL database for sleetbot: NoPythonCodeFoundException: No Python code found in the repository. (logger.py:42)
2025-05-10 15:48:30,073 - CodeQLRunner - ERROR - Failed to build CodeQL database for bssdevice: NoPythonCodeFoundException: No Python code found in the repository. (logger.py:42)
2025-05-10 15:50:59,799 - CodeQLRunner - ERROR - Failed to build CodeQL database for baby-code: NoPythonCodeFoundException: No Python code found in the repository. (logger.py:42)
2025-05-10 15:54:36,530 - CodeQLRunner - ERROR - Failed to build CodeQL database for emanbells12electropiproject: NoPythonCodeFoundException: No Python code found in the repository. (logger.py:42)
2025-05-10 16:06:04,838 - CodeQLRunner - ERROR - Failed to build CodeQL database for burnedcad: NoPythonCodeFoundException: No Python code found in the repository. (logger.py:42)
2025-05-10 16:12:54,460 - CodeQLRunner - ERROR - Failed to build CodeQL database for eqflow: NoPythonCodeFoundException: No Python code found in the repository. (logger.py:42)
2025-05-10 16:16:48,983 - CodeQLRunner - ERROR - Failed to build CodeQL database for odoo12-addons-oca-server-ux: NoPythonCodeFoundException: No Python code found in the repository. (logger.py:42)
2025-05-10 16:43:18,820 - CodeQLRunner - ERROR - Failed to build CodeQL database for addfunctions: NoPythonCodeFoundException: No Python code found in the repository. (logger.py:42)
2025-05-10 17:01:04,308 - CodeQLRunner - ERROR - Query timed out for grader: /home/class-pollution/Desktop/python-class-pollution/codeql-query/class-pollution-all/class-pollution.qls (logger.py:42)
2025-05-10 17:01:05,959 - CodeQLRunner - ERROR - Failed to run query: /home/class-pollution/Desktop/python-class-pollution/codeql-query/class-pollution-all/class-pollution.qls (logger.py:42)
2025-05-10 17:16:43,441 - CodeQLRunner - ERROR - Failed to build CodeQL database for openbudgetapi: NoPythonCodeFoundException: No Python code found in the repository. (logger.py:42)
2025-05-10 17:17:55,520 - CodeQLRunner - ERROR - Failed to build CodeQL database for napari-btrack-reader: NoPythonCodeFoundException: No Python code found in the repository. (logger.py:42)
2025-05-10 17:20:33,667 - CodeQLRunner - ERROR - Query timed out for zato-common: /home/class-pollution/Desktop/python-class-pollution/codeql-query/class-pollution-all/class-pollution.qls (logger.py:42)
2025-05-10 17:20:36,817 - CodeQLRunner - ERROR - Failed to run query: /home/class-pollution/Desktop/python-class-pollution/codeql-query/class-pollution-all/class-pollution.qls (logger.py:42)
2025-05-10 17:29:38,035 - CodeQLRunner - ERROR - Failed to build CodeQL database for hive-gate: NoPythonCodeFoundException: No Python code found in the repository. (logger.py:42)
2025-05-10 17:47:57,779 - CodeQLRunner - ERROR - Failed to build CodeQL database for django-types-extra: NoSupportedPythonCodeFound: No supported code found in the repository. (logger.py:42)
2025-05-10 17:59:09,571 - CodeQLRunner - ERROR - Failed to build CodeQL database for pdf2excel: NoPythonCodeFoundException: No Python code found in the repository. (logger.py:42)
2025-05-10 18:21:32,660 - CodeQLRunner - ERROR - Failed to build CodeQL database for vortexweb: NoPythonCodeFoundException: No Python code found in the repository. (logger.py:42)
2025-05-10 18:40:16,247 - CodeQLRunner - ERROR - Failed to build CodeQL database for fg-proto: NoPythonCodeFoundException: No Python code found in the repository. (logger.py:42)
2025-05-10 18:40:32,361 - CodeQLRunner - ERROR - Failed to build CodeQL database for comcscraper: NoPythonCodeFoundException: No Python code found in the repository. (logger.py:42)
2025-05-10 19:22:21,035 - CodeQLRunner - ERROR - Failed to build CodeQL database for image-resize-python-script: NoPythonCodeFoundException: No Python code found in the repository. (logger.py:42)
2025-05-10 19:35:31,436 - CodeQLRunner - ERROR - Failed to build CodeQL database for odoo12-addons-oca-server-backend: NoPythonCodeFoundException: No Python code found in the repository. (logger.py:42)
2025-05-10 19:44:56,060 - CodeQLRunner - ERROR - Failed to build CodeQL database for ada-client: NoPythonCodeFoundException: No Python code found in the repository. (logger.py:42)
2025-05-10 20:06:37,961 - CodeQLRunner - ERROR - Failed to build CodeQL database for ezlikepy: NoPythonCodeFoundException: No Python code found in the repository. (logger.py:42)
2025-05-10 20:17:45,028 - CodeQLRunner - ERROR - Failed to build CodeQL database for dsls: NoPythonCodeFoundException: No Python code found in the repository. (logger.py:42)
2025-05-10 21:01:10,396 - CodeQLRunner - ERROR - Failed to build CodeQL database for aboutfinalproject: NoPythonCodeFoundException: No Python code found in the repository. (logger.py:42)
2025-05-10 21:04:39,750 - CodeQLRunner - ERROR - Failed to build CodeQL database for pypwext: NoPythonCodeFoundException: No Python code found in the repository. (logger.py:42)
2025-05-10 21:47:02,519 - CodeQLRunner - ERROR - Failed to build CodeQL database for starbyte-games-platformer: NoPythonCodeFoundException: No Python code found in the repository. (logger.py:42)
2025-05-10 21:57:45,166 - CodeQLRunner - ERROR - Failed to build CodeQL database for qgis-stubs: NoSupportedPythonCodeFound: No supported code found in the repository. (logger.py:42)
2025-05-10 21:57:55,963 - CodeQLRunner - ERROR - Failed to build CodeQL database for example-package-2-tmcavoy2: NoPythonCodeFoundException: No Python code found in the repository. (logger.py:42)
2025-05-10 22:00:48,732 - CodeQLRunner - ERROR - Failed to build CodeQL database for ecov002-l2t-stars: NoPythonCodeFoundException: No Python code found in the repository. (logger.py:42)
2025-05-10 22:07:15,981 - CodeQLRunner - ERROR - Failed to build CodeQL database for calcalc-ys: NoPythonCodeFoundException: No Python code found in the repository. (logger.py:42)
2025-05-10 22:29:09,150 - CodeQLRunner - ERROR - Failed to build CodeQL database for sameli: NoPythonCodeFoundException: No Python code found in the repository. (logger.py:42)
2025-05-10 22:54:35,900 - CodeQLRunner - ERROR - Failed to build CodeQL database for px-recount: NoPythonCodeFoundException: No Python code found in the repository. (logger.py:42)
2025-05-10 23:22:17,671 - CodeQLRunner - ERROR - Failed to build CodeQL database for grok3: NoPythonCodeFoundException: No Python code found in the repository. (logger.py:42)
2025-05-10 23:26:54,784 - CodeQLRunner - ERROR - Failed to build CodeQL database for metalscratch: NoPythonCodeFoundException: No Python code found in the repository. (logger.py:42)
2025-05-10 23:34:09,316 - CodeQLRunner - ERROR - Failed to build CodeQL database for probability-stasis: NoPythonCodeFoundException: No Python code found in the repository. (logger.py:42)
2025-05-10 23:44:44,167 - CodeQLRunner - ERROR - Failed to build CodeQL database for types-watchpoints: NoSupportedPythonCodeFound: No supported code found in the repository. (logger.py:42)
2025-05-10 23:52:12,785 - CodeQLRunner - ERROR - Failed to build CodeQL database for fjsim: NoPythonCodeFoundException: No Python code found in the repository. (logger.py:42)
2025-05-10 23:53:24,140 - CodeQLRunner - ERROR - Failed to build CodeQL database for skytemple-3rdparty-typestubs: NoSupportedPythonCodeFound: No supported code found in the repository. (logger.py:42)
2025-05-11 00:01:21,395 - CodeQLRunner - ERROR - Failed to build CodeQL database for suibshishi: NoPythonCodeFoundException: No Python code found in the repository. (logger.py:42)
2025-05-11 00:34:44,316 - CodeQLRunner - ERROR - Failed to build CodeQL database for abigale2: NoPythonCodeFoundException: No Python code found in the repository. (logger.py:42)
2025-05-11 00:35:55,052 - CodeQLRunner - ERROR - Failed to build CodeQL database for colon: NoPythonCodeFoundException: No Python code found in the repository. (logger.py:42)
2025-05-11 00:40:18,986 - CodeQLRunner - ERROR - Failed to build CodeQL database for apexnova-python-stubs: NoPythonCodeFoundException: No Python code found in the repository. (logger.py:42)
2025-05-11 00:53:50,262 - CodeQLRunner - ERROR - Failed to build CodeQL database for discountestimator: NoPythonCodeFoundException: No Python code found in the repository. (logger.py:42)
2025-05-11 01:16:06,898 - CodeQLRunner - ERROR - Failed to build CodeQL database for abdodataprepkit: NoPythonCodeFoundException: No Python code found in the repository. (logger.py:42)
2025-05-11 01:23:12,496 - CodeQLRunner - ERROR - Failed to build CodeQL database for danalysis: NoPythonCodeFoundException: No Python code found in the repository. (logger.py:42)
2025-05-11 01:38:15,642 - CodeQLRunner - ERROR - Failed to build CodeQL database for extract-samples: NoPythonCodeFoundException: No Python code found in the repository. (logger.py:42)
2025-05-11 01:39:16,150 - CodeQLRunner - ERROR - Failed to build CodeQL database for pycocotools-stubs: NoSupportedPythonCodeFound: No supported code found in the repository. (logger.py:42)
2025-05-11 01:43:00,182 - CodeQLRunner - ERROR - Failed to build CodeQL database for encryptdecryptpy: NoPythonCodeFoundException: No Python code found in the repository. (logger.py:42)
2025-05-11 01:48:56,947 - CodeQLRunner - ERROR - Failed to build CodeQL database for odoo11-addons-oca-stock-logistics-barcode: NoPythonCodeFoundException: No Python code found in the repository. (logger.py:42)
2025-05-11 01:50:06,751 - CodeQLRunner - ERROR - Failed to build CodeQL database for pygamingengine: NoPythonCodeFoundException: No Python code found in the repository. (logger.py:42)
2025-05-11 01:55:00,787 - CodeQLRunner - ERROR - Failed to build CodeQL database for my-package-anirudh: NoPythonCodeFoundException: No Python code found in the repository. (logger.py:42)
2025-05-11 02:45:14,735 - CodeQLRunner - ERROR - Failed to build CodeQL database for geojson-repair: NoPythonCodeFoundException: No Python code found in the repository. (logger.py:42)
2025-05-11 02:57:58,517 - CodeQLRunner - ERROR - Failed to build CodeQL database for confcompiler: NoPythonCodeFoundException: No Python code found in the repository. (logger.py:42)
2025-05-11 03:33:59,266 - CodeQLRunner - ERROR - Failed to build CodeQL database for 101703573-topsis-pkg-suruchipundir: NoPythonCodeFoundException: No Python code found in the repository. (logger.py:42)
2025-05-11 03:59:17,098 - CodeQLRunner - ERROR - Failed to build CodeQL database for odoo11-addons-oca-l10n-switzerland: NoPythonCodeFoundException: No Python code found in the repository. (logger.py:42)
2025-05-11 04:00:29,894 - CodeQLRunner - ERROR - Failed to build CodeQL database for databaseconnectorabubakar: NoPythonCodeFoundException: No Python code found in the repository. (logger.py:42)
2025-05-11 04:16:46,233 - CodeQLRunner - ERROR - Failed to build CodeQL database for fake-bge-module-0-2-5: NoSupportedPythonCodeFound: No supported code found in the repository. (logger.py:42)
2025-05-11 04:16:56,528 - CodeQLRunner - ERROR - Failed to build CodeQL database for odoo14-addons-oca-l10n-portugal: NoPythonCodeFoundException: No Python code found in the repository. (logger.py:42)
2025-05-11 04:37:12,052 - CodeQLRunner - ERROR - Failed to build CodeQL database for cottonwood: NoPythonCodeFoundException: No Python code found in the repository. (logger.py:42)
2025-05-11 04:41:28,156 - CodeQLRunner - ERROR - Failed to build CodeQL database for ollamamia: NoPythonCodeFoundException: No Python code found in the repository. (logger.py:42)
2025-05-11 05:08:01,291 - CodeQLRunner - ERROR - Building CodeQL database timed out: asyncua-fork-for-eta-utility (logger.py:42)
2025-05-11 05:15:53,788 - CodeQLRunner - ERROR - Failed to build CodeQL database for moe-cap: NoPythonCodeFoundException: No Python code found in the repository. (logger.py:42)
2025-05-11 05:33:07,224 - CodeQLRunner - ERROR - Failed to build CodeQL database for pytextpopup: NoPythonCodeFoundException: No Python code found in the repository. (logger.py:42)
2025-05-11 05:51:34,744 - CodeQLRunner - ERROR - Failed to build CodeQL database for magic-terminal: NoPythonCodeFoundException: No Python code found in the repository. (logger.py:42)
2025-05-11 05:58:00,011 - CodeQLRunner - ERROR - Failed to build CodeQL database for relic-tool-sga: NoPythonCodeFoundException: No Python code found in the repository. (logger.py:42)
2025-05-11 06:37:51,463 - CodeQLRunner - ERROR - Failed to build CodeQL database for finnlp: NoPythonCodeFoundException: No Python code found in the repository. (logger.py:42)
2025-05-11 06:43:34,673 - CodeQLRunner - ERROR - Failed to build CodeQL database for fourmodels: NoPythonCodeFoundException: No Python code found in the repository. (logger.py:42)
2025-05-11 07:06:24,472 - CodeQLRunner - ERROR - Failed to build CodeQL database for twohorse-package: NoPythonCodeFoundException: No Python code found in the repository. (logger.py:42)
2025-05-11 07:07:31,559 - CodeQLRunner - ERROR - Failed to build CodeQL database for crypto-cli-tool: NoPythonCodeFoundException: No Python code found in the repository. (logger.py:42)
2025-05-11 07:09:58,046 - CodeQLRunner - ERROR - Failed to build CodeQL database for cmc-dataeng-internship-maudeplucker: NoPythonCodeFoundException: No Python code found in the repository. (logger.py:42)
2025-05-11 07:13:20,648 - CodeQLRunner - ERROR - Failed to build CodeQL database for nuc: NoPythonCodeFoundException: No Python code found in the repository. (logger.py:42)
2025-05-11 07:25:17,717 - CodeQLRunner - ERROR - Failed to build CodeQL database for dataloaders: NoPythonCodeFoundException: No Python code found in the repository. (logger.py:42)
2025-05-11 07:27:42,380 - CodeQLRunner - ERROR - Failed to build CodeQL database for adaptris-service: NoPythonCodeFoundException: No Python code found in the repository. (logger.py:42)
2025-05-11 07:39:42,144 - CodeQLRunner - ERROR - Failed to build CodeQL database for pype-tensorflow: NoPythonCodeFoundException: No Python code found in the repository. (logger.py:42)
2025-05-11 07:42:13,073 - CodeQLRunner - ERROR - Failed to build CodeQL database for movepy: NoPythonCodeFoundException: No Python code found in the repository. (logger.py:42)
2025-05-11 08:14:01,198 - CodeQLRunner - ERROR - Failed to build CodeQL database for airflow-remote-jupyter-notebook: NoPythonCodeFoundException: No Python code found in the repository. (logger.py:42)
2025-05-11 08:30:23,256 - CodeQLRunner - ERROR - Failed to build CodeQL database for pkg-nm-usd-nwr-but-hr: NoPythonCodeFoundException: No Python code found in the repository. (logger.py:42)
2025-05-11 08:38:07,502 - CodeQLRunner - ERROR - Failed to build CodeQL database for nash-geo-scanner: NoPythonCodeFoundException: No Python code found in the repository. (logger.py:42)
2025-05-11 08:38:37,986 - CodeQLRunner - ERROR - Failed to build CodeQL database for plyvel-stubs: NoSupportedPythonCodeFound: No supported code found in the repository. (logger.py:42)
2025-05-11 08:48:54,704 - CodeQLRunner - ERROR - Failed to build CodeQL database for cloaksdk: NoPythonCodeFoundException: No Python code found in the repository. (logger.py:42)
2025-05-11 08:55:29,055 - CodeQLRunner - ERROR - Failed to build CodeQL database for house-pricing-package: NoPythonCodeFoundException: No Python code found in the repository. (logger.py:42)
2025-05-11 09:13:15,475 - CodeQLRunner - ERROR - Failed to build CodeQL database for adb-helper: NoPythonCodeFoundException: No Python code found in the repository. (logger.py:42)
2025-05-11 09:30:23,491 - CodeQLRunner - ERROR - Query timed out for cwltool-ucsc: /home/class-pollution/Desktop/python-class-pollution/codeql-query/class-pollution-all/class-pollution.qls (logger.py:42)
2025-05-11 09:30:25,358 - CodeQLRunner - ERROR - Failed to run query: /home/class-pollution/Desktop/python-class-pollution/codeql-query/class-pollution-all/class-pollution.qls (logger.py:42)
2025-05-11 09:35:43,831 - CodeQLRunner - ERROR - Failed to build CodeQL database for odoo13-addons-oca-account-invoice-reporting: NoPythonCodeFoundException: No Python code found in the repository. (logger.py:42)
2025-05-11 09:48:10,932 - CodeQLRunner - ERROR - Failed to build CodeQL database for abs-package: NoPythonCodeFoundException: No Python code found in the repository. (logger.py:42)
2025-05-11 09:49:59,551 - CodeQLRunner - ERROR - Failed to build CodeQL database for cloudship: NoPythonCodeFoundException: No Python code found in the repository. (logger.py:42)
2025-05-11 10:34:59,852 - CodeQLRunner - ERROR - Failed to build CodeQL database for odoo12-addons-oca-edi: NoPythonCodeFoundException: No Python code found in the repository. (logger.py:42)
2025-05-11 10:35:13,188 - CodeQLRunner - ERROR - Failed to build CodeQL database for my-system: NoPythonCodeFoundException: No Python code found in the repository. (logger.py:42)
2025-05-11 10:55:11,068 - CodeQLRunner - ERROR - Failed to build CodeQL database for highorderclustering: NoPythonCodeFoundException: No Python code found in the repository. (logger.py:42)
2025-05-11 10:58:40,240 - CodeQLRunner - ERROR - Failed to build CodeQL database for pyunity-stubs: NoSupportedPythonCodeFound: No supported code found in the repository. (logger.py:42)
2025-05-11 10:59:17,568 - CodeQLRunner - ERROR - Failed to build CodeQL database for compjoules: NoPythonCodeFoundException: No Python code found in the repository. (logger.py:42)
2025-05-11 11:10:11,697 - CodeQLRunner - ERROR - Failed to build CodeQL database for eeg-fconn: NoPythonCodeFoundException: No Python code found in the repository. (logger.py:42)
2025-05-11 11:18:55,981 - CodeQLRunner - ERROR - Failed to build CodeQL database for adul: NoPythonCodeFoundException: No Python code found in the repository. (logger.py:42)
2025-05-11 11:24:50,974 - CodeQLRunner - ERROR - Failed to build CodeQL database for chatanalysis: NoPythonCodeFoundException: No Python code found in the repository. (logger.py:42)
2025-05-11 11:24:52,991 - CodeQLRunner - ERROR - Failed to build CodeQL database for my-package-shruti: NoPythonCodeFoundException: No Python code found in the repository. (logger.py:42)
2025-05-11 11:43:33,659 - CodeQLRunner - ERROR - Failed to build CodeQL database for askflow-cli: NoPythonCodeFoundException: No Python code found in the repository. (logger.py:42)
2025-05-11 12:04:31,309 - CodeQLRunner - ERROR - Failed to build CodeQL database for transform-text: NoPythonCodeFoundException: No Python code found in the repository. (logger.py:42)
2025-05-11 12:04:39,802 - CodeQLRunner - ERROR - Failed to build CodeQL database for ds-test: NoPythonCodeFoundException: No Python code found in the repository. (logger.py:42)
2025-05-11 12:20:50,212 - CodeQLRunner - ERROR - Failed to build CodeQL database for odoo-addons-oca-manufacture-reporting: NoPythonCodeFoundException: No Python code found in the repository. (logger.py:42)
2025-05-11 12:54:24,556 - CodeQLRunner - ERROR - Failed to build CodeQL database for odoo14-addons-oca-connector-telephony: NoPythonCodeFoundException: No Python code found in the repository. (logger.py:42)
2025-05-11 13:19:55,477 - CodeQLRunner - ERROR - Failed to build CodeQL database for agglomerative-py-custom: NoPythonCodeFoundException: No Python code found in the repository. (logger.py:42)
2025-05-11 13:27:01,581 - CodeQLRunner - ERROR - Failed to build CodeQL database for nuextract: NoPythonCodeFoundException: No Python code found in the repository. (logger.py:42)
2025-05-11 13:50:26,646 - CodeQLRunner - ERROR - Failed to build CodeQL database for mofa-ai: NoPythonCodeFoundException: No Python code found in the repository. (logger.py:42)
2025-05-11 14:08:52,190 - CodeQLRunner - ERROR - Failed to build CodeQL database for adetfs: NoPythonCodeFoundException: No Python code found in the repository. (logger.py:42)
2025-05-11 14:10:28,299 - CodeQLRunner - ERROR - Failed to build CodeQL database for algorithmiccomputergeneratedconsciousness: NoPythonCodeFoundException: No Python code found in the repository. (logger.py:42)
2025-05-11 14:25:39,566 - CodeQLRunner - ERROR - Failed to build CodeQL database for pype-sklearn: NoPythonCodeFoundException: No Python code found in the repository. (logger.py:42)
2025-05-11 14:42:05,444 - CodeQLRunner - ERROR - Failed to build CodeQL database for pysyft: NoPythonCodeFoundException: No Python code found in the repository. (logger.py:42)
2025-05-11 15:01:55,031 - CodeQLRunner - ERROR - Failed to build CodeQL database for odoo14-addons-oca-product-variant: NoPythonCodeFoundException: No Python code found in the repository. (logger.py:42)
2025-05-11 15:18:45,246 - CodeQLRunner - ERROR - Failed to build CodeQL database for odoo13-addons-oca-contract: NoPythonCodeFoundException: No Python code found in the repository. (logger.py:42)
2025-05-11 15:32:53,117 - CodeQLRunner - ERROR - Failed to build CodeQL database for easy-heroku-flask: NoPythonCodeFoundException: No Python code found in the repository. (logger.py:42)
2025-05-11 15:40:39,034 - CodeQLRunner - ERROR - Failed to build CodeQL database for disvide: NoPythonCodeFoundException: No Python code found in the repository. (logger.py:42)
2025-05-11 16:01:15,430 - CodeQLRunner - ERROR - Failed to build CodeQL database for ota42y-python-package-test: NoPythonCodeFoundException: No Python code found in the repository. (logger.py:42)
2025-05-11 16:04:13,825 - CodeQLRunner - ERROR - Failed to build CodeQL database for adminlte-full: NoPythonCodeFoundException: No Python code found in the repository. (logger.py:42)
2025-05-11 16:06:33,578 - CodeQLRunner - ERROR - Failed to build CodeQL database for myfunction-vikmin2022: NoPythonCodeFoundException: No Python code found in the repository. (logger.py:42)
2025-05-11 16:27:25,143 - CodeQLRunner - ERROR - Failed to build CodeQL database for pytest-parameterize-from-files: NoPythonCodeFoundException: No Python code found in the repository. (logger.py:42)
2025-05-11 16:46:23,326 - CodeQLRunner - ERROR - Failed to build CodeQL database for camera-intrinsic-calibration: NoPythonCodeFoundException: No Python code found in the repository. (logger.py:42)
2025-05-11 17:03:33,026 - CodeQLRunner - ERROR - Failed to build CodeQL database for ashalib: NoPythonCodeFoundException: No Python code found in the repository. (logger.py:42)
2025-05-11 17:28:48,950 - CodeQLRunner - ERROR - Failed to build CodeQL database for datahyde: NoPythonCodeFoundException: No Python code found in the repository. (logger.py:42)
2025-05-11 17:41:47,835 - CodeQLRunner - ERROR - Failed to build CodeQL database for odoo11-addons-oca-knowledge: NoPythonCodeFoundException: No Python code found in the repository. (logger.py:42)
2025-05-11 17:50:17,612 - CodeQLRunner - ERROR - Query timed out for lambda-notebook: /home/class-pollution/Desktop/python-class-pollution/codeql-query/class-pollution-all/class-pollution.qls (logger.py:42)
2025-05-11 17:50:19,709 - CodeQLRunner - ERROR - Failed to run query: /home/class-pollution/Desktop/python-class-pollution/codeql-query/class-pollution-all/class-pollution.qls (logger.py:42)
2025-05-11 17:53:10,502 - CodeQLRunner - ERROR - Failed to build CodeQL database for above: NoPythonCodeFoundException: No Python code found in the repository. (logger.py:42)
2025-05-11 18:07:08,984 - CodeQLRunner - ERROR - Failed to build CodeQL database for omnifaces: NoPythonCodeFoundException: No Python code found in the repository. (logger.py:42)
2025-05-11 18:17:24,379 - CodeQLRunner - ERROR - Failed to build CodeQL database for libspot: NoPythonCodeFoundException: No Python code found in the repository. (logger.py:42)
2025-05-11 18:48:28,520 - CodeQLRunner - ERROR - Failed to build CodeQL database for onedpl-devel: NoPythonCodeFoundException: No Python code found in the repository. (logger.py:42)
2025-05-11 18:55:56,655 - CodeQLRunner - ERROR - Failed to build CodeQL database for valhallabot: NoPythonCodeFoundException: No Python code found in the repository. (logger.py:42)
2025-05-11 19:00:31,230 - CodeQLRunner - ERROR - Failed to build CodeQL database for physics-gabri432: NoPythonCodeFoundException: No Python code found in the repository. (logger.py:42)
2025-05-11 19:02:31,759 - CodeQLRunner - ERROR - Failed to build CodeQL database for mcpython: NoPythonCodeFoundException: No Python code found in the repository. (logger.py:42)
2025-05-11 19:19:06,047 - CodeQLRunner - ERROR - Failed to build CodeQL database for adiosiker: NoPythonCodeFoundException: No Python code found in the repository. (logger.py:42)
2025-05-11 19:21:09,204 - CodeQLRunner - ERROR - Failed to build CodeQL database for odoo14-addons-oca-account-invoice-reporting: NoPythonCodeFoundException: No Python code found in the repository. (logger.py:42)
2025-05-11 19:22:25,092 - CodeQLRunner - ERROR - Failed to build CodeQL database for odoo11-addons-oca-edi: NoPythonCodeFoundException: No Python code found in the repository. (logger.py:42)
2025-05-11 19:24:45,636 - CodeQLRunner - ERROR - Failed to build CodeQL database for odoo14-addons-oca-helpdesk: NoPythonCodeFoundException: No Python code found in the repository. (logger.py:42)
2025-05-11 20:06:56,304 - CodeQLRunner - ERROR - Failed to build CodeQL database for id-card-check-code-verification: NoPythonCodeFoundException: No Python code found in the repository. (logger.py:42)
2025-05-11 20:07:04,518 - CodeQLRunner - ERROR - Failed to build CodeQL database for cocopack: NoPythonCodeFoundException: No Python code found in the repository. (logger.py:42)
2025-05-11 20:14:15,114 - CodeQLRunner - ERROR - Failed to build CodeQL database for crypto-utils: NoPythonCodeFoundException: No Python code found in the repository. (logger.py:42)
2025-05-11 20:24:16,836 - CodeQLRunner - ERROR - Failed to build CodeQL database for fourier-series-python: NoPythonCodeFoundException: No Python code found in the repository. (logger.py:42)
2025-05-11 20:31:05,812 - CodeQLRunner - ERROR - Failed to build CodeQL database for odoo14-addons-oca-product-configurator: NoPythonCodeFoundException: No Python code found in the repository. (logger.py:42)
2025-05-11 20:56:02,368 - CodeQLRunner - ERROR - Failed to build CodeQL database for sophia-optim: NoPythonCodeFoundException: No Python code found in the repository. (logger.py:42)
2025-05-11 21:03:32,364 - CodeQLRunner - ERROR - Failed to build CodeQL database for datide: NoPythonCodeFoundException: No Python code found in the repository. (logger.py:42)
2025-05-11 21:30:34,664 - CodeQLRunner - ERROR - Failed to build CodeQL database for dobbystocksimulation: NoPythonCodeFoundException: No Python code found in the repository. (logger.py:42)
2025-05-11 21:30:45,233 - CodeQLRunner - ERROR - Failed to build CodeQL database for einsteintex: NoPythonCodeFoundException: No Python code found in the repository. (logger.py:42)
2025-05-11 21:31:36,398 - CodeQLRunner - ERROR - Failed to build CodeQL database for techman: NoPythonCodeFoundException: No Python code found in the repository. (logger.py:42)
2025-05-11 21:33:22,961 - CodeQLRunner - ERROR - Failed to build CodeQL database for helloiammayur: NoPythonCodeFoundException: No Python code found in the repository. (logger.py:42)
2025-05-11 21:35:39,607 - CodeQLRunner - ERROR - Failed to build CodeQL database for eaglepick: NoPythonCodeFoundException: No Python code found in the repository. (logger.py:42)
2025-05-11 21:36:52,346 - CodeQLRunner - ERROR - Failed to build CodeQL database for gogo: NoSupportedPythonCodeFound: No supported code found in the repository. (logger.py:42)
2025-05-11 22:07:13,654 - CodeQLRunner - ERROR - Failed to build CodeQL database for django-vue-admin: NoPythonCodeFoundException: No Python code found in the repository. (logger.py:42)
2025-05-11 22:23:45,733 - CodeQLRunner - ERROR - Failed to build CodeQL database for counterofvisit: NoPythonCodeFoundException: No Python code found in the repository. (logger.py:42)
2025-05-11 22:44:21,583 - CodeQLRunner - ERROR - Failed to build CodeQL database for basicpycalc: NoPythonCodeFoundException: No Python code found in the repository. (logger.py:42)
2025-05-11 22:44:22,322 - CodeQLRunner - ERROR - Failed to build CodeQL database for odoo13-addons-oca-website: NoPythonCodeFoundException: No Python code found in the repository. (logger.py:42)
2025-05-11 22:48:31,551 - CodeQLRunner - ERROR - Failed to build CodeQL database for codeargument-python-version2: NoPythonCodeFoundException: No Python code found in the repository. (logger.py:42)
2025-05-11 22:52:15,101 - CodeQLRunner - ERROR - Failed to build CodeQL database for awschains: NoPythonCodeFoundException: No Python code found in the repository. (logger.py:42)
2025-05-11 23:16:27,309 - CodeQLRunner - ERROR - Failed to build CodeQL database for poktroll-clients: NoPythonCodeFoundException: No Python code found in the repository. (logger.py:42)
2025-05-11 23:31:30,726 - CodeQLRunner - ERROR - Failed to build CodeQL database for menv: NoPythonCodeFoundException: No Python code found in the repository. (logger.py:42)
2025-05-11 23:35:01,623 - CodeQLRunner - ERROR - Failed to build CodeQL database for virtualmachine: NoPythonCodeFoundException: No Python code found in the repository. (logger.py:42)
2025-05-11 23:35:47,757 - CodeQLRunner - ERROR - Failed to build CodeQL database for group12-cs2pp22nu-cw2: NoPythonCodeFoundException: No Python code found in the repository. (logger.py:42)
2025-05-11 23:36:25,036 - CodeQLRunner - ERROR - Failed to build CodeQL database for github-workflows: NoPythonCodeFoundException: No Python code found in the repository. (logger.py:42)
2025-05-11 23:48:54,743 - CodeQLRunner - ERROR - Failed to build CodeQL database for extensionkiller: NoPythonCodeFoundException: No Python code found in the repository. (logger.py:42)
2025-05-12 00:00:18,723 - CodeQLRunner - ERROR - Failed to build CodeQL database for paramath: NoPythonCodeFoundException: No Python code found in the repository. (logger.py:42)
2025-05-12 00:07:03,068 - CodeQLRunner - ERROR - Failed to build CodeQL database for fastmlops: NoPythonCodeFoundException: No Python code found in the repository. (logger.py:42)
2025-05-12 00:31:21,063 - CodeQLRunner - ERROR - Failed to build CodeQL database for developer-os-builder: NoPythonCodeFoundException: No Python code found in the repository. (logger.py:42)
2025-05-12 00:59:23,341 - CodeQLRunner - ERROR - Failed to build CodeQL database for pytorch-adversarial-attackers: NoPythonCodeFoundException: No Python code found in the repository. (logger.py:42)
2025-05-12 01:11:35,031 - CodeQLRunner - ERROR - Failed to build CodeQL database for vcell-cli-utils: NoPythonCodeFoundException: No Python code found in the repository. (logger.py:42)
2025-05-12 01:25:06,088 - CodeQLRunner - ERROR - Failed to build CodeQL database for data-exporter: NoPythonCodeFoundException: No Python code found in the repository. (logger.py:42)
2025-05-12 01:28:16,846 - CodeQLRunner - ERROR - Failed to build CodeQL database for odoo11-addons-oca-server-backend: NoPythonCodeFoundException: No Python code found in the repository. (logger.py:42)
2025-05-12 01:56:37,039 - CodeQLRunner - ERROR - Failed to build CodeQL database for flake8-allowlist-imports: NoPythonCodeFoundException: No Python code found in the repository. (logger.py:42)
2025-05-12 02:04:57,604 - CodeQLRunner - ERROR - Failed to build CodeQL database for 10-8-publishing-packages: NoPythonCodeFoundException: No Python code found in the repository. (logger.py:42)
2025-05-12 02:13:54,943 - CodeQLRunner - ERROR - Failed to build CodeQL database for electroanalyzer: NoPythonCodeFoundException: No Python code found in the repository. (logger.py:42)
2025-05-12 02:17:30,568 - CodeQLRunner - ERROR - Failed to build CodeQL database for odoo-addons-oca-report-print-send: NoPythonCodeFoundException: No Python code found in the repository. (logger.py:42)
2025-05-12 02:20:44,065 - CodeQLRunner - ERROR - Failed to build CodeQL database for mai-langtools: NoPythonCodeFoundException: No Python code found in the repository. (logger.py:42)
2025-05-12 02:27:53,815 - CodeQLRunner - ERROR - Failed to build CodeQL database for petpypi: NoPythonCodeFoundException: No Python code found in the repository. (logger.py:42)
2025-05-12 02:35:38,912 - CodeQLRunner - ERROR - Failed to build CodeQL database for database-setup: NoPythonCodeFoundException: No Python code found in the repository. (logger.py:42)
2025-05-12 02:57:49,034 - CodeQLRunner - ERROR - Failed to build CodeQL database for hac-game-lib: NoPythonCodeFoundException: No Python code found in the repository. (logger.py:42)
2025-05-12 03:09:57,793 - CodeQLRunner - ERROR - Failed to build CodeQL database for pygptres: NoPythonCodeFoundException: No Python code found in the repository. (logger.py:42)
2025-05-12 03:19:17,263 - CodeQLRunner - ERROR - Failed to build CodeQL database for cgohlke: NoPythonCodeFoundException: No Python code found in the repository. (logger.py:42)
2025-05-12 03:45:43,741 - CodeQLRunner - ERROR - Failed to build CodeQL database for aicns-auto-release-test: NoPythonCodeFoundException: No Python code found in the repository. (logger.py:42)
2025-05-12 03:51:05,493 - CodeQLRunner - ERROR - Failed to build CodeQL database for example-pkg-channing: NoPythonCodeFoundException: No Python code found in the repository. (logger.py:42)
2025-05-12 04:10:28,364 - CodeQLRunner - ERROR - Failed to build CodeQL database for trustpilot-scraper: NoPythonCodeFoundException: No Python code found in the repository. (logger.py:42)
2025-05-12 04:38:11,891 - CodeQLRunner - ERROR - Failed to build CodeQL database for mensajes-pablohn: NoPythonCodeFoundException: No Python code found in the repository. (logger.py:42)
2025-05-12 04:51:53,594 - CodeQLRunner - ERROR - Failed to build CodeQL database for emailynmatest: NoPythonCodeFoundException: No Python code found in the repository. (logger.py:42)
2025-05-12 05:04:48,092 - CodeQLRunner - ERROR - Failed to build CodeQL database for topsis-rishika-101953022: NoPythonCodeFoundException: No Python code found in the repository. (logger.py:42)
2025-05-12 05:28:24,380 - CodeQLRunner - ERROR - Failed to build CodeQL database for jsongrabber: NoPythonCodeFoundException: No Python code found in the repository. (logger.py:42)
2025-05-12 05:29:36,237 - CodeQLRunner - ERROR - Failed to build CodeQL database for id-connect-package-packagingcon23: NoPythonCodeFoundException: No Python code found in the repository. (logger.py:42)
2025-05-12 05:49:45,830 - CodeQLRunner - ERROR - Failed to build CodeQL database for certigenerator: NoPythonCodeFoundException: No Python code found in the repository. (logger.py:42)
2025-05-12 05:56:28,296 - CodeQLRunner - ERROR - Failed to build CodeQL database for magplots: NoPythonCodeFoundException: No Python code found in the repository. (logger.py:42)
2025-05-12 06:00:34,397 - CodeQLRunner - ERROR - Failed to build CodeQL database for cleantextkit: NoPythonCodeFoundException: No Python code found in the repository. (logger.py:42)
2025-05-12 06:27:07,460 - CodeQLRunner - ERROR - Failed to build CodeQL database for packagename-jarne: NoPythonCodeFoundException: No Python code found in the repository. (logger.py:42)
2025-05-12 07:04:59,634 - CodeQLRunner - ERROR - Failed to build CodeQL database for odoo14-addons-oca-ddmrp: NoPythonCodeFoundException: No Python code found in the repository. (logger.py:42)
2025-05-12 07:37:42,703 - CodeQLRunner - ERROR - Failed to build CodeQL database for esih: NoPythonCodeFoundException: No Python code found in the repository. (logger.py:42)
2025-05-12 07:56:38,735 - CodeQLRunner - ERROR - Failed to build CodeQL database for coptpy-stubs: NoSupportedPythonCodeFound: No supported code found in the repository. (logger.py:42)
2025-05-12 07:57:22,982 - CodeQLRunner - ERROR - Failed to build CodeQL database for fasttextprocessor: NoPythonCodeFoundException: No Python code found in the repository. (logger.py:42)
2025-05-12 08:05:35,445 - CodeQLRunner - ERROR - Failed to build CodeQL database for pyjeugdjournaal: NoPythonCodeFoundException: No Python code found in the repository. (logger.py:42)
2025-05-12 08:06:01,020 - CodeQLRunner - ERROR - Failed to build CodeQL database for topsis-chhavi-102103438: NoPythonCodeFoundException: No Python code found in the repository. (logger.py:42)
2025-05-12 08:07:18,493 - CodeQLRunner - ERROR - Failed to build CodeQL database for odoo12-addons-oca-operating-unit: NoPythonCodeFoundException: No Python code found in the repository. (logger.py:42)
2025-05-12 08:34:39,487 - CodeQLRunner - ERROR - Failed to build CodeQL database for gsmp-sdk: NoPythonCodeFoundException: No Python code found in the repository. (logger.py:42)
2025-05-12 09:03:21,623 - CodeQLRunner - ERROR - Failed to build CodeQL database for app-parcheggi-backup: NoPythonCodeFoundException: No Python code found in the repository. (logger.py:42)
2025-05-12 09:07:36,223 - CodeQLRunner - ERROR - Failed to build CodeQL database for genai-assistant: NoPythonCodeFoundException: No Python code found in the repository. (logger.py:42)
2025-05-12 09:09:18,766 - CodeQLRunner - ERROR - Failed to build CodeQL database for est-notes: NoPythonCodeFoundException: No Python code found in the repository. (logger.py:42)
2025-05-12 09:22:19,043 - CodeQLRunner - ERROR - Failed to build CodeQL database for user-utils-vb: NoPythonCodeFoundException: No Python code found in the repository. (logger.py:42)
2025-05-12 09:24:06,364 - CodeQLRunner - ERROR - Failed to build CodeQL database for muda-imagem-9-16: NoPythonCodeFoundException: No Python code found in the repository. (logger.py:42)
2025-05-12 09:39:23,098 - CodeQLRunner - ERROR - Query timed out for musicpy: /home/class-pollution/Desktop/python-class-pollution/codeql-query/class-pollution-all/class-pollution.qls (logger.py:42)
2025-05-12 09:39:25,370 - CodeQLRunner - ERROR - Failed to run query: /home/class-pollution/Desktop/python-class-pollution/codeql-query/class-pollution-all/class-pollution.qls (logger.py:42)
2025-05-12 09:48:36,614 - CodeQLRunner - ERROR - Failed to build CodeQL database for odoo11-addons-oca-manufacture-reporting: NoPythonCodeFoundException: No Python code found in the repository. (logger.py:42)
2025-05-12 09:50:19,219 - CodeQLRunner - ERROR - Failed to build CodeQL database for omim-data-all: NoPythonCodeFoundException: No Python code found in the repository. (logger.py:42)
2025-05-12 09:56:14,438 - CodeQLRunner - ERROR - Failed to build CodeQL database for email-reverse-engine: NoPythonCodeFoundException: No Python code found in the repository. (logger.py:42)
2025-05-12 09:58:16,401 - CodeQLRunner - ERROR - Failed to build CodeQL database for dlim: NoPythonCodeFoundException: No Python code found in the repository. (logger.py:42)
2025-05-12 10:02:09,425 - CodeQLRunner - ERROR - Failed to build CodeQL database for types-dirhash: NoSupportedPythonCodeFound: No supported code found in the repository. (logger.py:42)
2025-05-12 10:02:35,443 - CodeQLRunner - ERROR - Failed to build CodeQL database for jakesilberstein-ml: NoPythonCodeFoundException: No Python code found in the repository. (logger.py:42)
2025-05-12 10:12:21,087 - CodeQLRunner - ERROR - Failed to build CodeQL database for finmisc: NoPythonCodeFoundException: No Python code found in the repository. (logger.py:42)
2025-05-12 10:14:24,814 - CodeQLRunner - ERROR - Failed to build CodeQL database for odoo-addons-oca-agreement: NoPythonCodeFoundException: No Python code found in the repository. (logger.py:42)
2025-05-12 10:16:51,073 - CodeQLRunner - ERROR - Failed to build CodeQL database for keepyournetwork: NoPythonCodeFoundException: No Python code found in the repository. (logger.py:42)
2025-05-12 10:24:25,263 - CodeQLRunner - ERROR - Query timed out for requake: /home/class-pollution/Desktop/python-class-pollution/codeql-query/class-pollution-all/class-pollution.qls (logger.py:42)
2025-05-12 10:24:28,502 - CodeQLRunner - ERROR - Failed to run query: /home/class-pollution/Desktop/python-class-pollution/codeql-query/class-pollution-all/class-pollution.qls (logger.py:42)
2025-05-12 10:26:19,846 - CodeQLRunner - ERROR - Failed to build CodeQL database for erc721: NoPythonCodeFoundException: No Python code found in the repository. (logger.py:42)
2025-05-12 10:45:14,538 - CodeQLRunner - ERROR - Failed to build CodeQL database for gpkg-keras-deep-dream: NoPythonCodeFoundException: No Python code found in the repository. (logger.py:42)
2025-05-12 11:13:37,220 - CodeQLRunner - ERROR - Failed to build CodeQL database for makarlib: NoPythonCodeFoundException: No Python code found in the repository. (logger.py:42)
2025-05-12 11:24:01,698 - CodeQLRunner - ERROR - Failed to build CodeQL database for dgrpy-mongodb: NoPythonCodeFoundException: No Python code found in the repository. (logger.py:42)
2025-05-12 12:15:58,982 - CodeQLRunner - ERROR - Failed to build CodeQL database for bloomfilter-lite: NoPythonCodeFoundException: No Python code found in the repository. (logger.py:42)
2025-05-12 12:51:12,353 - CodeQLRunner - ERROR - Failed to build CodeQL database for combo-llm: NoPythonCodeFoundException: No Python code found in the repository. (logger.py:42)
2025-05-12 13:11:04,249 - CodeQLRunner - ERROR - Failed to build CodeQL database for kewkekkek: NoPythonCodeFoundException: No Python code found in the repository. (logger.py:42)
2025-05-12 13:21:34,446 - CodeQLRunner - ERROR - Failed to build CodeQL database for jpassets: NoPythonCodeFoundException: No Python code found in the repository. (logger.py:42)
2025-05-12 13:59:28,280 - CodeQLRunner - ERROR - Failed to build CodeQL database for autodocs: NoPythonCodeFoundException: No Python code found in the repository. (logger.py:42)
2025-05-12 14:01:44,324 - CodeQLRunner - ERROR - Failed to build CodeQL database for joestock: NoPythonCodeFoundException: No Python code found in the repository. (logger.py:42)
2025-05-12 14:05:29,715 - CodeQLRunner - ERROR - Failed to build CodeQL database for odoo13-addons-oca-product-variant: NoPythonCodeFoundException: No Python code found in the repository. (logger.py:42)
2025-05-12 14:36:18,260 - CodeQLRunner - ERROR - Query timed out for xs-transformers: /home/class-pollution/Desktop/python-class-pollution/codeql-query/class-pollution-all/class-pollution.qls (logger.py:42)
2025-05-12 14:36:20,063 - CodeQLRunner - ERROR - Failed to run query: /home/class-pollution/Desktop/python-class-pollution/codeql-query/class-pollution-all/class-pollution.qls (logger.py:42)
2025-05-12 14:53:38,331 - CodeQLRunner - ERROR - Failed to build CodeQL database for rs-distances: NoSupportedPythonCodeFound: No supported code found in the repository. (logger.py:42)
2025-05-12 14:53:52,233 - CodeQLRunner - ERROR - Failed to build CodeQL database for baguette-senpai: NoPythonCodeFoundException: No Python code found in the repository. (logger.py:42)
2025-05-12 14:54:26,280 - CodeQLRunner - ERROR - Failed to build CodeQL database for automagica: NoPythonCodeFoundException: No Python code found in the repository. (logger.py:42)
2025-05-12 14:57:00,354 - CodeQLRunner - ERROR - Failed to build CodeQL database for aml: NoPythonCodeFoundException: No Python code found in the repository. (logger.py:42)
2025-05-12 15:05:00,969 - CodeQLRunner - ERROR - Failed to build CodeQL database for ai-logics: NoPythonCodeFoundException: No Python code found in the repository. (logger.py:42)
2025-05-12 15:14:51,353 - CodeQLRunner - ERROR - Failed to build CodeQL database for actioneer: NoPythonCodeFoundException: No Python code found in the repository. (logger.py:42)
2025-05-12 15:28:04,981 - CodeQLRunner - ERROR - Failed to build CodeQL database for valhallaiq: NoPythonCodeFoundException: No Python code found in the repository. (logger.py:42)
2025-05-12 15:48:18,624 - CodeQLRunner - ERROR - Failed to build CodeQL database for getacs5ydata: NoPythonCodeFoundException: No Python code found in the repository. (logger.py:42)
2025-05-12 15:53:01,735 - CodeQLRunner - ERROR - Failed to build CodeQL database for pyrsec: NoPythonCodeFoundException: No Python code found in the repository. (logger.py:42)
2025-05-12 15:54:03,421 - CodeQLRunner - ERROR - Failed to build CodeQL database for datapreprocessorcihanfatmanur: NoPythonCodeFoundException: No Python code found in the repository. (logger.py:42)
2025-05-12 16:01:29,065 - CodeQLRunner - ERROR - Failed to build CodeQL database for optimizacionelipaquete: NoPythonCodeFoundException: No Python code found in the repository. (logger.py:42)
2025-05-12 16:47:42,323 - CodeQLRunner - ERROR - Failed to build CodeQL database for jerooga: NoPythonCodeFoundException: No Python code found in the repository. (logger.py:42)
2025-05-12 17:03:09,983 - CodeQLRunner - ERROR - Failed to build CodeQL database for pythonfilegenerator: NoPythonCodeFoundException: No Python code found in the repository. (logger.py:42)
2025-05-12 17:48:00,801 - CodeQLRunner - ERROR - Failed to build CodeQL database for hiborcrawl: NoPythonCodeFoundException: No Python code found in the repository. (logger.py:42)
2025-05-12 18:15:13,809 - CodeQLRunner - ERROR - Failed to build CodeQL database for g-baysed: NoPythonCodeFoundException: No Python code found in the repository. (logger.py:42)
2025-05-12 19:15:02,477 - CodeQLRunner - ERROR - Failed to build CodeQL database for theostekno: NoPythonCodeFoundException: No Python code found in the repository. (logger.py:42)
2025-05-12 19:19:23,265 - CodeQLRunner - ERROR - Failed to build CodeQL database for vitest: NoPythonCodeFoundException: No Python code found in the repository. (logger.py:42)
2025-05-12 19:19:32,388 - CodeQLRunner - ERROR - Failed to build CodeQL database for emonic-admin: NoPythonCodeFoundException: No Python code found in the repository. (logger.py:42)
2025-05-12 19:44:49,849 - CodeQLRunner - ERROR - Failed to build CodeQL database for priorityqueue: NoPythonCodeFoundException: No Python code found in the repository. (logger.py:42)
2025-05-12 19:49:21,610 - CodeQLRunner - ERROR - Failed to build CodeQL database for minarai: NoSupportedPythonCodeFound: No supported code found in the repository. (logger.py:42)
2025-05-12 19:52:12,113 - CodeQLRunner - ERROR - Failed to build CodeQL database for good-mitm: NoPythonCodeFoundException: No Python code found in the repository. (logger.py:42)
2025-05-12 20:08:32,854 - CodeQLRunner - ERROR - Failed to build CodeQL database for shark-ai: NoPythonCodeFoundException: No Python code found in the repository. (logger.py:42)
2025-05-12 20:17:56,717 - CodeQLRunner - ERROR - Failed to build CodeQL database for newsfx: NoPythonCodeFoundException: No Python code found in the repository. (logger.py:42)
2025-05-12 20:37:12,786 - CodeQLRunner - ERROR - Failed to build CodeQL database for pythief-dj: NoPythonCodeFoundException: No Python code found in the repository. (logger.py:42)
2025-05-12 21:04:56,373 - CodeQLRunner - ERROR - Failed to build CodeQL database for limit-uncertainty-control-yourself2: NoPythonCodeFoundException: No Python code found in the repository. (logger.py:42)
2025-05-12 21:11:03,841 - CodeQLRunner - ERROR - Failed to build CodeQL database for pymdzcf: NoSupportedPythonCodeFound: No supported code found in the repository. (logger.py:42)
2025-05-12 21:11:41,914 - CodeQLRunner - ERROR - Failed to build CodeQL database for jdpupf: NoPythonCodeFoundException: No Python code found in the repository. (logger.py:42)
2025-05-12 21:14:52,920 - CodeQLRunner - ERROR - Failed to build CodeQL database for pytorchimagepipeline: NoPythonCodeFoundException: No Python code found in the repository. (logger.py:42)
2025-05-12 21:43:44,676 - CodeQLRunner - ERROR - Failed to build CodeQL database for ts2g2: NoPythonCodeFoundException: No Python code found in the repository. (logger.py:42)
2025-05-12 21:45:14,922 - CodeQLRunner - ERROR - Failed to build CodeQL database for fnlobbybot: NoPythonCodeFoundException: No Python code found in the repository. (logger.py:42)
2025-05-12 22:05:58,678 - CodeQLRunner - ERROR - Failed to build CodeQL database for websearchapi: NoPythonCodeFoundException: No Python code found in the repository. (logger.py:42)
2025-05-12 22:39:00,489 - CodeQLRunner - ERROR - Failed to build CodeQL database for lipo2pol: NoPythonCodeFoundException: No Python code found in the repository. (logger.py:42)
2025-05-12 23:36:29,512 - CodeQLRunner - ERROR - Failed to build CodeQL database for topsis-shobhit-101803372: NoPythonCodeFoundException: No Python code found in the repository. (logger.py:42)
2025-05-12 23:38:37,340 - CodeQLRunner - ERROR - Failed to build CodeQL database for odoo-addons-sygel-technology-sy-partner-contact: NoPythonCodeFoundException: No Python code found in the repository. (logger.py:42)
2025-05-12 23:45:21,927 - CodeQLRunner - ERROR - Failed to build CodeQL database for pydronecan: NoPythonCodeFoundException: No Python code found in the repository. (logger.py:42)
2025-05-12 23:54:26,978 - CodeQLRunner - ERROR - Failed to build CodeQL database for commonroad-all: NoPythonCodeFoundException: No Python code found in the repository. (logger.py:42)
2025-05-13 00:32:27,792 - CodeQLRunner - ERROR - Failed to build CodeQL database for taxopedia: NoPythonCodeFoundException: No Python code found in the repository. (logger.py:42)
2025-05-13 00:35:03,763 - CodeQLRunner - ERROR - Failed to build CodeQL database for gam-chat-server: NoPythonCodeFoundException: No Python code found in the repository. (logger.py:42)
2025-05-13 00:52:58,081 - CodeQLRunner - ERROR - Building CodeQL database timed out: komle-witslm-client (logger.py:42)
2025-05-13 00:58:22,103 - CodeQLRunner - ERROR - Failed to build CodeQL database for topsis-govindsingla-102016060: NoPythonCodeFoundException: No Python code found in the repository. (logger.py:42)
2025-05-13 01:17:48,520 - CodeQLRunner - ERROR - Failed to build CodeQL database for gptvm: NoSupportedPythonCodeFound: No supported code found in the repository. (logger.py:42)
2025-05-13 01:24:33,224 - CodeQLRunner - ERROR - Failed to build CodeQL database for deeplocrna: NoPythonCodeFoundException: No Python code found in the repository. (logger.py:42)
2025-05-13 01:30:10,248 - CodeQLRunner - ERROR - Failed to build CodeQL database for mx-sdk-erdpy-network-providers: NoPythonCodeFoundException: No Python code found in the repository. (logger.py:42)
2025-05-13 01:37:20,094 - CodeQLRunner - ERROR - Failed to build CodeQL database for adspeechtotext: NoPythonCodeFoundException: No Python code found in the repository. (logger.py:42)
2025-05-13 01:45:27,642 - CodeQLRunner - ERROR - Failed to build CodeQL database for librh2o: NoSupportedPythonCodeFound: No supported code found in the repository. (logger.py:42)
2025-05-13 01:50:17,482 - CodeQLRunner - ERROR - Failed to build CodeQL database for topsis-kunal-101917017: NoPythonCodeFoundException: No Python code found in the repository. (logger.py:42)
2025-05-13 02:02:57,725 - CodeQLRunner - ERROR - Failed to build CodeQL database for dynemo: NoPythonCodeFoundException: No Python code found in the repository. (logger.py:42)
2025-05-13 02:19:12,971 - CodeQLRunner - ERROR - Failed to build CodeQL database for quotient-remainder: NoPythonCodeFoundException: No Python code found in the repository. (logger.py:42)
2025-05-13 02:25:29,194 - CodeQLRunner - ERROR - Failed to build CodeQL database for conjunto-bravo1996: NoPythonCodeFoundException: No Python code found in the repository. (logger.py:42)
2025-05-13 02:26:31,337 - CodeQLRunner - ERROR - Failed to build CodeQL database for practicalai: NoPythonCodeFoundException: No Python code found in the repository. (logger.py:42)
2025-05-13 02:35:25,859 - CodeQLRunner - ERROR - Failed to build CodeQL database for odoo11-addons-oca-delivery-carrier: NoPythonCodeFoundException: No Python code found in the repository. (logger.py:42)
2025-05-13 03:09:31,379 - CodeQLRunner - ERROR - Failed to build CodeQL database for 102003646-topsis: NoPythonCodeFoundException: No Python code found in the repository. (logger.py:42)
2025-05-13 03:26:57,275 - CodeQLRunner - ERROR - Failed to build CodeQL database for mitm-chrome: NoPythonCodeFoundException: No Python code found in the repository. (logger.py:42)
2025-05-13 03:28:00,674 - CodeQLRunner - ERROR - Failed to build CodeQL database for nbclassic-gist-it: NoPythonCodeFoundException: No Python code found in the repository. (logger.py:42)
2025-05-13 03:57:49,416 - CodeQLRunner - ERROR - Query timed out for nezzle: /home/class-pollution/Desktop/python-class-pollution/codeql-query/class-pollution-all/class-pollution.qls (logger.py:42)
2025-05-13 03:57:50,869 - CodeQLRunner - ERROR - Failed to run query: /home/class-pollution/Desktop/python-class-pollution/codeql-query/class-pollution-all/class-pollution.qls (logger.py:42)
2025-05-13 04:30:51,409 - CodeQLRunner - ERROR - Failed to build CodeQL database for numind: NoPythonCodeFoundException: No Python code found in the repository. (logger.py:42)
2025-05-13 04:44:41,234 - CodeQLRunner - ERROR - Failed to build CodeQL database for cvsrflow: NoPythonCodeFoundException: No Python code found in the repository. (logger.py:42)
2025-05-13 05:04:13,958 - CodeQLRunner - ERROR - Failed to build CodeQL database for ailp: NoPythonCodeFoundException: No Python code found in the repository. (logger.py:42)
2025-05-13 05:16:33,233 - CodeQLRunner - ERROR - Failed to build CodeQL database for jttoolbox: NoPythonCodeFoundException: No Python code found in the repository. (logger.py:42)
2025-05-13 05:26:12,458 - CodeQLRunner - ERROR - Failed to build CodeQL database for simplelayoutpiglet94: NoPythonCodeFoundException: No Python code found in the repository. (logger.py:42)
2025-05-13 05:29:02,703 - CodeQLRunner - ERROR - Failed to build CodeQL database for hi-tension: NoPythonCodeFoundException: No Python code found in the repository. (logger.py:42)
2025-05-13 05:57:32,089 - CodeQLRunner - ERROR - Failed to build CodeQL database for odoo11-addons-oca-account-financial-reporting: NoPythonCodeFoundException: No Python code found in the repository. (logger.py:42)
2025-05-13 06:03:50,730 - CodeQLRunner - ERROR - Failed to build CodeQL database for if-etl-sdk: NoPythonCodeFoundException: No Python code found in the repository. (logger.py:42)
2025-05-13 06:16:13,182 - CodeQLRunner - ERROR - Failed to build CodeQL database for pygifconv-castlhoo: NoPythonCodeFoundException: No Python code found in the repository. (logger.py:42)
2025-05-13 06:25:24,711 - CodeQLRunner - ERROR - Failed to build CodeQL database for dreambrookpy: NoPythonCodeFoundException: No Python code found in the repository. (logger.py:42)
2025-05-13 06:32:28,686 - CodeQLRunner - ERROR - Failed to build CodeQL database for statistics-library: NoPythonCodeFoundException: No Python code found in the repository. (logger.py:42)
2025-05-13 06:34:13,576 - CodeQLRunner - ERROR - Failed to build CodeQL database for seaturtle-simulator: NoPythonCodeFoundException: No Python code found in the repository. (logger.py:42)
2025-05-13 06:42:06,749 - CodeQLRunner - ERROR - Failed to build CodeQL database for airflow-extended-api: NoPythonCodeFoundException: No Python code found in the repository. (logger.py:42)
2025-05-13 07:52:48,377 - CodeQLRunner - ERROR - Failed to build CodeQL database for img2org: NoPythonCodeFoundException: No Python code found in the repository. (logger.py:42)
2025-05-13 08:11:32,656 - CodeQLRunner - ERROR - Failed to build CodeQL database for drf-rw-serializers-stubs: NoSupportedPythonCodeFound: No supported code found in the repository. (logger.py:42)
2025-05-13 08:16:32,881 - CodeQLRunner - ERROR - Failed to build CodeQL database for gameblock: NoPythonCodeFoundException: No Python code found in the repository. (logger.py:42)
2025-05-13 08:17:42,340 - CodeQLRunner - ERROR - Failed to build CodeQL database for odoo11-addons-oca-bank-statement-import: NoPythonCodeFoundException: No Python code found in the repository. (logger.py:42)
2025-05-13 08:17:45,234 - CodeQLRunner - ERROR - Failed to build CodeQL database for zerosync: NoPythonCodeFoundException: No Python code found in the repository. (logger.py:42)
2025-05-13 08:23:08,612 - CodeQLRunner - ERROR - Failed to build CodeQL database for root-binance-api-1-2025-2-28: NoPythonCodeFoundException: No Python code found in the repository. (logger.py:42)
2025-05-13 08:38:19,916 - CodeQLRunner - ERROR - Failed to build CodeQL database for lddtestgitforjenkins: NoPythonCodeFoundException: No Python code found in the repository. (logger.py:42)
2025-05-13 08:47:57,207 - CodeQLRunner - ERROR - Failed to build CodeQL database for icitytool: NoPythonCodeFoundException: No Python code found in the repository. (logger.py:42)
2025-05-13 08:54:06,566 - CodeQLRunner - ERROR - Failed to build CodeQL database for ssrecon: NoSupportedPythonCodeFound: No supported code found in the repository. (logger.py:42)
2025-05-13 09:18:41,910 - CodeQLRunner - ERROR - Failed to build CodeQL database for odoo14-addons-oca-l10n-belgium: NoPythonCodeFoundException: No Python code found in the repository. (logger.py:42)
2025-05-13 09:33:36,160 - CodeQLRunner - ERROR - Failed to build CodeQL database for odoo14-addons-oca-rest-framework: NoPythonCodeFoundException: No Python code found in the repository. (logger.py:42)
2025-05-13 09:49:50,841 - CodeQLRunner - ERROR - Failed to build CodeQL database for torchkan: NoPythonCodeFoundException: No Python code found in the repository. (logger.py:42)
2025-05-13 10:02:36,746 - CodeQLRunner - ERROR - Failed to build CodeQL database for aengineconsole: NoPythonCodeFoundException: No Python code found in the repository. (logger.py:42)
2025-05-13 10:09:19,833 - CodeQLRunner - ERROR - Failed to build CodeQL database for liuncoyo: NoPythonCodeFoundException: No Python code found in the repository. (logger.py:42)
2025-05-13 10:10:31,652 - CodeQLRunner - ERROR - Building CodeQL database timed out: oc-config-validate (logger.py:42)
2025-05-13 10:18:23,454 - CodeQLRunner - ERROR - Failed to build CodeQL database for types-pyperclip: NoSupportedPythonCodeFound: No supported code found in the repository. (logger.py:42)
2025-05-13 10:55:47,683 - CodeQLRunner - ERROR - Failed to build CodeQL database for dlib2mediapipe: NoPythonCodeFoundException: No Python code found in the repository. (logger.py:42)
2025-05-13 11:09:31,142 - CodeQLRunner - ERROR - Failed to build CodeQL database for myml: NoPythonCodeFoundException: No Python code found in the repository. (logger.py:42)
2025-05-13 11:31:52,554 - CodeQLRunner - ERROR - Failed to build CodeQL database for odoo13-addons-shopinvader-odoo-shopinvader: NoPythonCodeFoundException: No Python code found in the repository. (logger.py:42)
2025-05-13 11:41:27,944 - CodeQLRunner - ERROR - Failed to build CodeQL database for gongtest: NoPythonCodeFoundException: No Python code found in the repository. (logger.py:42)
2025-05-13 11:57:57,290 - CodeQLRunner - ERROR - Failed to build CodeQL database for nvidia-cudss-cu12: NoPythonCodeFoundException: No Python code found in the repository. (logger.py:42)
2025-05-13 12:09:44,998 - CodeQLRunner - ERROR - Query timed out for j11hail: /home/class-pollution/Desktop/python-class-pollution/codeql-query/class-pollution-all/class-pollution.qls (logger.py:42)
2025-05-13 12:09:46,661 - CodeQLRunner - ERROR - Failed to run query: /home/class-pollution/Desktop/python-class-pollution/codeql-query/class-pollution-all/class-pollution.qls (logger.py:42)
2025-05-13 12:14:54,611 - CodeQLRunner - ERROR - Failed to build CodeQL database for odoo-addons-oca-server-brand: NoPythonCodeFoundException: No Python code found in the repository. (logger.py:42)
2025-05-13 12:51:01,134 - CodeQLRunner - ERROR - Failed to build CodeQL database for minutes-mail: NoPythonCodeFoundException: No Python code found in the repository. (logger.py:42)
2025-05-13 12:58:38,829 - CodeQLRunner - ERROR - Failed to build CodeQL database for odoo14-addons-oca-web-api: NoPythonCodeFoundException: No Python code found in the repository. (logger.py:42)
2025-05-13 13:01:33,197 - CodeQLRunner - ERROR - Failed to build CodeQL database for g2nb: NoPythonCodeFoundException: No Python code found in the repository. (logger.py:42)
2025-05-13 13:02:24,018 - CodeQLRunner - ERROR - Failed to build CodeQL database for odoo11-addons-oca-l10n-romania: NoPythonCodeFoundException: No Python code found in the repository. (logger.py:42)
2025-05-13 13:22:16,228 - CodeQLRunner - ERROR - Failed to build CodeQL database for asistan-ai: NoPythonCodeFoundException: No Python code found in the repository. (logger.py:42)
2025-05-13 13:30:10,484 - CodeQLRunner - ERROR - Failed to build CodeQL database for simplelib: NoPythonCodeFoundException: No Python code found in the repository. (logger.py:42)
2025-05-13 13:44:48,725 - CodeQLRunner - ERROR - Failed to build CodeQL database for cm-psc-pkg-allongoldberg: NoPythonCodeFoundException: No Python code found in the repository. (logger.py:42)
2025-05-13 14:19:24,659 - CodeQLRunner - ERROR - Failed to build CodeQL database for eulerhelper: NoPythonCodeFoundException: No Python code found in the repository. (logger.py:42)
2025-05-13 14:31:17,254 - CodeQLRunner - ERROR - Failed to build CodeQL database for penis: NoPythonCodeFoundException: No Python code found in the repository. (logger.py:42)
2025-05-13 14:52:58,571 - CodeQLRunner - ERROR - Query timed out for nutil: /home/class-pollution/Desktop/python-class-pollution/codeql-query/class-pollution-all/class-pollution.qls (logger.py:42)
2025-05-13 14:53:01,514 - CodeQLRunner - ERROR - Failed to run query: /home/class-pollution/Desktop/python-class-pollution/codeql-query/class-pollution-all/class-pollution.qls (logger.py:42)
2025-05-13 14:57:03,609 - CodeQLRunner - ERROR - Failed to build CodeQL database for torchcap: NoPythonCodeFoundException: No Python code found in the repository. (logger.py:42)
2025-05-13 15:21:32,117 - CodeQLRunner - ERROR - Failed to build CodeQL database for antivirus-microservice: NoPythonCodeFoundException: No Python code found in the repository. (logger.py:42)
2025-05-13 15:24:05,959 - CodeQLRunner - ERROR - Failed to build CodeQL database for hcw-py-sdk: NoPythonCodeFoundException: No Python code found in the repository. (logger.py:42)
2025-05-13 15:31:21,500 - CodeQLRunner - ERROR - Failed to build CodeQL database for vinayaga: NoPythonCodeFoundException: No Python code found in the repository. (logger.py:42)
2025-05-13 15:36:36,910 - CodeQLRunner - ERROR - Failed to build CodeQL database for dsi-bitstream: NoPythonCodeFoundException: No Python code found in the repository. (logger.py:42)
2025-05-13 15:39:01,730 - CodeQLRunner - ERROR - Failed to build CodeQL database for tutorial-factorial: NoPythonCodeFoundException: No Python code found in the repository. (logger.py:42)
2025-05-13 16:02:41,965 - CodeQLRunner - ERROR - Failed to build CodeQL database for adtomo: NoPythonCodeFoundException: No Python code found in the repository. (logger.py:42)
2025-05-13 16:07:09,988 - CodeQLRunner - ERROR - Failed to build CodeQL database for tradovatepy: NoPythonCodeFoundException: No Python code found in the repository. (logger.py:42)
2025-05-13 16:08:15,749 - CodeQLRunner - ERROR - Failed to build CodeQL database for flatworm: NoPythonCodeFoundException: No Python code found in the repository. (logger.py:42)
2025-05-13 16:22:53,926 - CodeQLRunner - ERROR - Failed to build CodeQL database for oneargopy: NoPythonCodeFoundException: No Python code found in the repository. (logger.py:42)
2025-05-13 16:48:59,556 - CodeQLRunner - ERROR - Failed to build CodeQL database for flask-mdform: NoPythonCodeFoundException: No Python code found in the repository. (logger.py:42)
2025-05-13 16:51:46,699 - CodeQLRunner - ERROR - Failed to build CodeQL database for color4py: NoPythonCodeFoundException: No Python code found in the repository. (logger.py:42)
2025-05-13 17:02:32,243 - CodeQLRunner - ERROR - Failed to build CodeQL database for lightrl: NoPythonCodeFoundException: No Python code found in the repository. (logger.py:42)
2025-05-13 17:08:37,116 - CodeQLRunner - ERROR - Failed to build CodeQL database for micropython-samd-minisam-m4-stubs: NoSupportedPythonCodeFound: No supported code found in the repository. (logger.py:42)
2025-05-13 17:25:53,643 - CodeQLRunner - ERROR - Failed to build CodeQL database for topsis-gaurvi-401903031: NoPythonCodeFoundException: No Python code found in the repository. (logger.py:42)
2025-05-13 17:48:52,928 - CodeQLRunner - ERROR - Failed to build CodeQL database for openforest: NoPythonCodeFoundException: No Python code found in the repository. (logger.py:42)
2025-05-13 18:43:36,042 - CodeQLRunner - ERROR - Failed to build CodeQL database for doxyzpy: NoPythonCodeFoundException: No Python code found in the repository. (logger.py:42)
2025-05-13 18:47:55,821 - CodeQLRunner - ERROR - Failed to build CodeQL database for pylibcugraphops-cu12: NoPythonCodeFoundException: No Python code found in the repository. (logger.py:42)
2025-05-13 19:04:21,417 - CodeQLRunner - ERROR - Failed to build CodeQL database for digitalsystems: NoPythonCodeFoundException: No Python code found in the repository. (logger.py:42)
2025-05-13 19:09:01,097 - CodeQLRunner - ERROR - Failed to build CodeQL database for odoo14-addons-oca-storage: NoPythonCodeFoundException: No Python code found in the repository. (logger.py:42)
2025-05-13 19:10:03,738 - CodeQLRunner - ERROR - Failed to build CodeQL database for odoo13-addons-oca-crm: NoPythonCodeFoundException: No Python code found in the repository. (logger.py:42)
2025-05-13 19:21:57,156 - CodeQLRunner - ERROR - Failed to build CodeQL database for ankitrazorpay: NoPythonCodeFoundException: No Python code found in the repository. (logger.py:42)
2025-05-13 19:25:22,055 - CodeQLRunner - ERROR - Failed to build CodeQL database for asterisk-pypi-package-uploader: NoPythonCodeFoundException: No Python code found in the repository. (logger.py:42)
2025-05-13 19:30:03,872 - CodeQLRunner - ERROR - Failed to build CodeQL database for termstyler: NoPythonCodeFoundException: No Python code found in the repository. (logger.py:42)
2025-05-13 19:35:36,875 - CodeQLRunner - ERROR - Failed to build CodeQL database for publishtutorial: NoPythonCodeFoundException: No Python code found in the repository. (logger.py:42)
2025-05-13 20:02:08,574 - CodeQLRunner - ERROR - Failed to build CodeQL database for logged: NoPythonCodeFoundException: No Python code found in the repository. (logger.py:42)
2025-05-13 20:20:41,209 - CodeQLRunner - ERROR - Failed to build CodeQL database for suyiyilib: NoPythonCodeFoundException: No Python code found in the repository. (logger.py:42)
2025-05-13 20:34:06,283 - CodeQLRunner - ERROR - Failed to build CodeQL database for spqr-slg: NoPythonCodeFoundException: No Python code found in the repository. (logger.py:42)
2025-05-13 20:44:55,334 - CodeQLRunner - ERROR - Failed to build CodeQL database for the-running-api: NoPythonCodeFoundException: No Python code found in the repository. (logger.py:42)
2025-05-13 20:49:43,420 - CodeQLRunner - ERROR - Failed to build CodeQL database for fuse-con: NoPythonCodeFoundException: No Python code found in the repository. (logger.py:42)
2025-05-13 21:10:19,444 - CodeQLRunner - ERROR - Failed to build CodeQL database for gxyur-env: NoPythonCodeFoundException: No Python code found in the repository. (logger.py:42)
2025-05-13 21:29:12,509 - CodeQLRunner - ERROR - Failed to build CodeQL database for aiops4b-pkg-julgonza: NoPythonCodeFoundException: No Python code found in the repository. (logger.py:42)
2025-05-13 21:43:21,268 - CodeQLRunner - ERROR - Failed to build CodeQL database for pypinterest: NoPythonCodeFoundException: No Python code found in the repository. (logger.py:42)
2025-05-13 22:09:04,713 - CodeQLRunner - ERROR - Failed to build CodeQL database for sai-logger: NoPythonCodeFoundException: No Python code found in the repository. (logger.py:42)
2025-05-13 22:42:24,530 - CodeQLRunner - ERROR - Failed to build CodeQL database for vcenter-bindings: NoPythonCodeFoundException: No Python code found in the repository. (logger.py:42)
2025-05-13 22:45:28,148 - CodeQLRunner - ERROR - Failed to build CodeQL database for ems-requests-handler-v1: NoPythonCodeFoundException: No Python code found in the repository. (logger.py:42)
2025-05-13 22:48:24,987 - CodeQLRunner - ERROR - Failed to build CodeQL database for rhi-metrics: NoPythonCodeFoundException: No Python code found in the repository. (logger.py:42)
2025-05-13 23:07:29,899 - CodeQLRunner - ERROR - Failed to build CodeQL database for odoo12-addons-oca-commission: NoPythonCodeFoundException: No Python code found in the repository. (logger.py:42)
2025-05-13 23:26:28,369 - CodeQLRunner - ERROR - Failed to build CodeQL database for cutensor: NoPythonCodeFoundException: No Python code found in the repository. (logger.py:42)
2025-05-13 23:58:20,229 - CodeQLRunner - ERROR - Failed to build CodeQL database for example-pkg-reinier-sterkenburg: NoPythonCodeFoundException: No Python code found in the repository. (logger.py:42)
2025-05-14 00:50:24,680 - CodeQLRunner - ERROR - Failed to build CodeQL database for pl-test-utils: NoPythonCodeFoundException: No Python code found in the repository. (logger.py:42)
2025-05-14 00:53:58,695 - CodeQLRunner - ERROR - Failed to build CodeQL database for chanmeet: NoPythonCodeFoundException: No Python code found in the repository. (logger.py:42)
2025-05-14 01:14:24,588 - CodeQLRunner - ERROR - Failed to build CodeQL database for buser-xml-to-dict: NoPythonCodeFoundException: No Python code found in the repository. (logger.py:42)
2025-05-14 01:46:51,802 - CodeQLRunner - ERROR - Failed to build CodeQL database for rsaitehu-pointcloud: NoPythonCodeFoundException: No Python code found in the repository. (logger.py:42)
2025-05-14 01:52:50,795 - CodeQLRunner - ERROR - Failed to build CodeQL database for psnawp-api: NoPythonCodeFoundException: No Python code found in the repository. (logger.py:42)
2025-05-14 01:54:37,549 - CodeQLRunner - ERROR - Failed to build CodeQL database for odoo12-addons-oca-bank-payment: NoPythonCodeFoundException: No Python code found in the repository. (logger.py:42)
2025-05-14 01:55:31,054 - CodeQLRunner - ERROR - Failed to build CodeQL database for monprojetwejerjrj: NoPythonCodeFoundException: No Python code found in the repository. (logger.py:42)
2025-05-14 01:56:57,571 - CodeQLRunner - ERROR - Failed to build CodeQL database for mult-tokenizer: NoPythonCodeFoundException: No Python code found in the repository. (logger.py:42)
2025-05-14 02:02:44,387 - CodeQLRunner - ERROR - Failed to build CodeQL database for securedb: NoPythonCodeFoundException: No Python code found in the repository. (logger.py:42)
2025-05-14 02:18:01,372 - CodeQLRunner - ERROR - Failed to build CodeQL database for jsonpath-sh: NoPythonCodeFoundException: No Python code found in the repository. (logger.py:42)
2025-05-14 02:27:12,617 - CodeQLRunner - ERROR - Query timed out for visionscript: /home/class-pollution/Desktop/python-class-pollution/codeql-query/class-pollution-all/class-pollution.qls (logger.py:42)
2025-05-14 02:27:15,260 - CodeQLRunner - ERROR - Failed to run query: /home/class-pollution/Desktop/python-class-pollution/codeql-query/class-pollution-all/class-pollution.qls (logger.py:42)
2025-05-14 02:30:47,953 - CodeQLRunner - ERROR - Failed to build CodeQL database for kimoji-atm: NoPythonCodeFoundException: No Python code found in the repository. (logger.py:42)
2025-05-14 02:34:19,554 - CodeQLRunner - ERROR - Failed to build CodeQL database for odoo13-addons-oca-field-service: NoPythonCodeFoundException: No Python code found in the repository. (logger.py:42)
2025-05-14 02:52:57,958 - CodeQLRunner - ERROR - Failed to build CodeQL database for pytest-explorer: NoPythonCodeFoundException: No Python code found in the repository. (logger.py:42)
2025-05-14 02:58:12,585 - CodeQLRunner - ERROR - Failed to build CodeQL database for zaki: NoPythonCodeFoundException: No Python code found in the repository. (logger.py:42)
2025-05-14 03:14:33,146 - CodeQLRunner - ERROR - Failed to build CodeQL database for endpointer: NoPythonCodeFoundException: No Python code found in the repository. (logger.py:42)
2025-05-14 03:20:07,848 - CodeQLRunner - ERROR - Failed to build CodeQL database for gravipython: NoPythonCodeFoundException: No Python code found in the repository. (logger.py:42)
2025-05-14 03:27:13,137 - CodeQLRunner - ERROR - Failed to build CodeQL database for naver-email-verifier: NoPythonCodeFoundException: No Python code found in the repository. (logger.py:42)
2025-05-14 03:43:00,234 - CodeQLRunner - ERROR - Failed to build CodeQL database for celery-valkey-backend: NoPythonCodeFoundException: No Python code found in the repository. (logger.py:42)
2025-05-14 03:56:06,710 - CodeQLRunner - ERROR - Failed to build CodeQL database for xtouch2vjoy: NoPythonCodeFoundException: No Python code found in the repository. (logger.py:42)
2025-05-14 04:18:14,322 - CodeQLRunner - ERROR - Failed to build CodeQL database for checkdnssec: NoPythonCodeFoundException: No Python code found in the repository. (logger.py:42)
2025-05-14 04:27:10,070 - CodeQLRunner - ERROR - Failed to build CodeQL database for sigmalabweek2individualassignment: NoPythonCodeFoundException: No Python code found in the repository. (logger.py:42)
2025-05-14 04:31:35,101 - CodeQLRunner - ERROR - Failed to build CodeQL database for todolist-maness: NoPythonCodeFoundException: No Python code found in the repository. (logger.py:42)
2025-05-14 04:35:31,074 - CodeQLRunner - ERROR - Failed to build CodeQL database for micropython-samd-adafruit-feather-m4-express-stubs: NoSupportedPythonCodeFound: No supported code found in the repository. (logger.py:42)
2025-05-14 05:25:29,240 - CodeQLRunner - ERROR - Failed to build CodeQL database for createai: NoPythonCodeFoundException: No Python code found in the repository. (logger.py:42)
2025-05-14 05:29:32,016 - CodeQLRunner - ERROR - Failed to build CodeQL database for afiles: NoPythonCodeFoundException: No Python code found in the repository. (logger.py:42)
2025-05-14 05:33:30,181 - CodeQLRunner - ERROR - Failed to build CodeQL database for odoo13-addons-oca-server-auth: NoPythonCodeFoundException: No Python code found in the repository. (logger.py:42)
2025-05-14 05:48:30,941 - CodeQLRunner - ERROR - Failed to build CodeQL database for cmd-clock: NoPythonCodeFoundException: No Python code found in the repository. (logger.py:42)
2025-05-14 06:02:45,172 - CodeQLRunner - ERROR - Failed to build CodeQL database for jupyterlab-gpulab: NoPythonCodeFoundException: No Python code found in the repository. (logger.py:42)
2025-05-14 06:14:48,745 - CodeQLRunner - ERROR - Failed to build CodeQL database for cz-benchmarks: NoPythonCodeFoundException: No Python code found in the repository. (logger.py:42)
2025-05-14 06:17:40,638 - CodeQLRunner - ERROR - Failed to build CodeQL database for laelaps: NoPythonCodeFoundException: No Python code found in the repository. (logger.py:42)
2025-05-14 06:44:10,800 - CodeQLRunner - ERROR - Failed to build CodeQL database for evan-octo-py: NoPythonCodeFoundException: No Python code found in the repository. (logger.py:42)
2025-05-14 07:04:10,356 - CodeQLRunner - ERROR - Failed to build CodeQL database for localrequirement: NoPythonCodeFoundException: No Python code found in the repository. (logger.py:42)
2025-05-14 07:15:45,812 - CodeQLRunner - ERROR - Failed to build CodeQL database for vmwarecloud-draas: NoPythonCodeFoundException: No Python code found in the repository. (logger.py:42)
2025-05-14 07:23:11,785 - CodeQLRunner - ERROR - Failed to build CodeQL database for instructorapi: NoPythonCodeFoundException: No Python code found in the repository. (logger.py:42)
2025-05-14 07:36:05,836 - CodeQLRunner - ERROR - Failed to build CodeQL database for hieralog2: NoPythonCodeFoundException: No Python code found in the repository. (logger.py:42)
2025-05-14 07:47:53,607 - CodeQLRunner - ERROR - Failed to build CodeQL database for lxw: NoPythonCodeFoundException: No Python code found in the repository. (logger.py:42)
2025-05-14 07:49:55,267 - CodeQLRunner - ERROR - Failed to build CodeQL database for aiovcf: NoPythonCodeFoundException: No Python code found in the repository. (logger.py:42)
2025-05-14 08:04:03,786 - CodeQLRunner - ERROR - Failed to build CodeQL database for luke-example: NoPythonCodeFoundException: No Python code found in the repository. (logger.py:42)
2025-05-14 08:25:52,475 - CodeQLRunner - ERROR - Failed to build CodeQL database for odoo11-addons-oca-website-cms: NoPythonCodeFoundException: No Python code found in the repository. (logger.py:42)
2025-05-14 08:46:44,600 - CodeQLRunner - ERROR - Failed to build CodeQL database for maxtime: NoPythonCodeFoundException: No Python code found in the repository. (logger.py:42)
2025-05-14 08:46:54,742 - CodeQLRunner - ERROR - Failed to build CodeQL database for n-ext: NoPythonCodeFoundException: No Python code found in the repository. (logger.py:42)
2025-05-14 08:48:15,714 - CodeQLRunner - ERROR - Failed to build CodeQL database for unb-cs2613: NoPythonCodeFoundException: No Python code found in the repository. (logger.py:42)
2025-05-14 08:52:06,175 - CodeQLRunner - ERROR - Failed to build CodeQL database for foyou: NoPythonCodeFoundException: No Python code found in the repository. (logger.py:42)
2025-05-14 08:58:40,460 - CodeQLRunner - ERROR - Failed to build CodeQL database for gym-dino: NoPythonCodeFoundException: No Python code found in the repository. (logger.py:42)
