[33;20m2026-05-15 11:45:12,084 - Scheduler - WARNING - Skipping unsupported URL: https://steam-sdk.docs.cern.ch/tree/2025.1.1 - Unsupported URL: https://steam-sdk.docs.cern.ch/tree/2025.1.1 (base_scheduler.py:89)[0m
[33;20m2026-05-15 11:45:12,084 - Scheduler - WARNING - Removed 1 duplicate repo URLs (by resolved name). (base_scheduler.py:96)[0m
[33;20m2026-05-15 11:45:12,084 - Scheduler - WARNING - Skipped 1 URL(s) the downloader cannot handle. (base_scheduler.py:98)[0m
[32;20m2026-05-15 11:45:12,084 - Scheduler - INFO - Scheduling tasks for 74 repositories with 8 workers. (base_scheduler.py:101)[0m
[32;20m2026-05-15 11:45:12,092 - Scheduler - INFO - Starting worker for repo: https://github.com/MaybeShewill-CV/CRNN_Tensorflow (run_cp_analysis.py:28)[0m
[32;20m2026-05-15 11:45:12,092 - GithubDownloader - INFO - Cloning repository: https://github.com/MaybeShewill-CV/CRNN_Tensorflow to /home/jackfromeast/Desktop/python-class-pollution/tasks/cp-collection/output/CRNN_Tensorflow/codebase (downloader.py:89)[0m
[32;20m2026-05-15 11:45:12,093 - Scheduler - INFO - Starting worker for repo: https://github.com/tjiiv-cprg/EPro-PnP (run_cp_analysis.py:28)[0m
[32;20m2026-05-15 11:45:12,093 - Scheduler - INFO - Starting worker for repo: https://github.com/LagoLunatic/GCFT (run_cp_analysis.py:28)[0m
[32;20m2026-05-15 11:45:12,093 - Scheduler - INFO - Starting worker for repo: https://github.com/comfyanonymous/ComfyUI (run_cp_analysis.py:28)[0m
[32;20m2026-05-15 11:45:12,094 - GithubDownloader - INFO - Cloning repository: https://github.com/tjiiv-cprg/EPro-PnP to /home/jackfromeast/Desktop/python-class-pollution/tasks/cp-collection/output/EPro-PnP/codebase (downloader.py:89)[0m
[32;20m2026-05-15 11:45:12,094 - GithubDownloader - INFO - Cloning repository: https://github.com/LagoLunatic/GCFT to /home/jackfromeast/Desktop/python-class-pollution/tasks/cp-collection/output/GCFT/codebase (downloader.py:89)[0m
[32;20m2026-05-15 11:45:12,094 - Scheduler - INFO - Starting worker for repo: https://github.com/extremeheat/JSPyBridge/tree/1.2.1 (run_cp_analysis.py:28)[0m
[32;20m2026-05-15 11:45:12,094 - GithubDownloader - INFO - Cloning repository: https://github.com/comfyanonymous/ComfyUI to /home/jackfromeast/Desktop/python-class-pollution/tasks/cp-collection/output/ComfyUI/codebase (downloader.py:89)[0m
[32;20m2026-05-15 11:45:12,094 - Scheduler - INFO - Starting worker for repo: https://github.com/alibaba/EasyCV (run_cp_analysis.py:28)[0m
[32;20m2026-05-15 11:45:12,094 - Scheduler - INFO - Starting worker for repo: https://github.com/huggingface/accelerate (run_cp_analysis.py:28)[0m
[32;20m2026-05-15 11:45:12,094 - Scheduler - INFO - Starting worker for repo: https://github.com/Cog-Creators/Red-DiscordBot (run_cp_analysis.py:28)[0m
[32;20m2026-05-15 11:45:12,094 - GithubDownloader - INFO - Cloning repository: https://github.com/extremeheat/JSPyBridge to /home/jackfromeast/Desktop/python-class-pollution/tasks/cp-collection/output/JSPyBridge/codebase (ref: 1.2.1) (downloader.py:89)[0m
[32;20m2026-05-15 11:45:12,095 - GithubDownloader - INFO - Cloning repository: https://github.com/huggingface/accelerate to /home/jackfromeast/Desktop/python-class-pollution/tasks/cp-collection/output/accelerate/codebase (downloader.py:89)[0m
[32;20m2026-05-15 11:45:12,095 - GithubDownloader - INFO - Cloning repository: https://github.com/Cog-Creators/Red-DiscordBot to /home/jackfromeast/Desktop/python-class-pollution/tasks/cp-collection/output/Red-DiscordBot/codebase (downloader.py:89)[0m
[32;20m2026-05-15 11:45:12,094 - GithubDownloader - INFO - Cloning repository: https://github.com/alibaba/EasyCV to /home/jackfromeast/Desktop/python-class-pollution/tasks/cp-collection/output/EasyCV/codebase (downloader.py:89)[0m
[32;20m2026-05-15 11:45:12,385 - GithubDownloader - INFO - Repository cloned successfully to /home/jackfromeast/Desktop/python-class-pollution/tasks/cp-collection/output/GCFT/codebase (downloader.py:138)[0m
[32;20m2026-05-15 11:45:12,386 - CodeQLRunner - INFO - Building CodeQL database for: /home/jackfromeast/Desktop/python-class-pollution/tasks/cp-collection/output/GCFT/codebase (logger.py:42)[0m
[32;20m2026-05-15 11:45:12,637 - GithubDownloader - INFO - Checking out ref: 1.2.1 (downloader.py:122)[0m
[32;20m2026-05-15 11:45:12,641 - GithubDownloader - INFO - Repository cloned successfully to /home/jackfromeast/Desktop/python-class-pollution/tasks/cp-collection/output/EPro-PnP/codebase (downloader.py:138)[0m
[32;20m2026-05-15 11:45:12,641 - CodeQLRunner - INFO - Building CodeQL database for: /home/jackfromeast/Desktop/python-class-pollution/tasks/cp-collection/output/EPro-PnP/codebase (logger.py:42)[0m
[32;20m2026-05-15 11:45:12,642 - GithubDownloader - INFO - Checked out ref: 1.2.1 (downloader.py:136)[0m
[32;20m2026-05-15 11:45:12,642 - GithubDownloader - INFO - Repository cloned successfully to /home/jackfromeast/Desktop/python-class-pollution/tasks/cp-collection/output/JSPyBridge/codebase (downloader.py:138)[0m
[32;20m2026-05-15 11:45:12,643 - CodeQLRunner - INFO - Building CodeQL database for: /home/jackfromeast/Desktop/python-class-pollution/tasks/cp-collection/output/JSPyBridge/codebase (logger.py:42)[0m
[32;20m2026-05-15 11:45:13,581 - GithubDownloader - INFO - Repository cloned successfully to /home/jackfromeast/Desktop/python-class-pollution/tasks/cp-collection/output/EasyCV/codebase (downloader.py:138)[0m
[32;20m2026-05-15 11:45:13,582 - CodeQLRunner - INFO - Building CodeQL database for: /home/jackfromeast/Desktop/python-class-pollution/tasks/cp-collection/output/EasyCV/codebase (logger.py:42)[0m
[32;20m2026-05-15 11:45:13,804 - GithubDownloader - INFO - Repository cloned successfully to /home/jackfromeast/Desktop/python-class-pollution/tasks/cp-collection/output/accelerate/codebase (downloader.py:138)[0m
[32;20m2026-05-15 11:45:13,805 - CodeQLRunner - INFO - Building CodeQL database for: /home/jackfromeast/Desktop/python-class-pollution/tasks/cp-collection/output/accelerate/codebase (logger.py:42)[0m
[32;20m2026-05-15 11:45:18,341 - CodeQLRunner - INFO - CodeQL database created successfully at /home/jackfromeast/Desktop/python-class-pollution/tasks/cp-collection/output/JSPyBridge/codeql-db (logger.py:42)[0m
[32;20m2026-05-15 11:45:18,341 - CodeQLRunner - INFO - Running CodeQL queries on database: /home/jackfromeast/Desktop/python-class-pollution/tasks/cp-collection/output/JSPyBridge/codeql-db (logger.py:42)[0m
[32;20m2026-05-15 11:45:18,341 - CodeQLRunner - INFO - Running query: /home/jackfromeast/Desktop/python-class-pollution/src/pyrl/codeql/class-pollution-all/class-pollution-external.qls (logger.py:42)[0m
[32;20m2026-05-15 11:45:18,424 - CodeQLRunner - INFO - CodeQL database created successfully at /home/jackfromeast/Desktop/python-class-pollution/tasks/cp-collection/output/GCFT/codeql-db (logger.py:42)[0m
[32;20m2026-05-15 11:45:18,424 - CodeQLRunner - INFO - Running CodeQL queries on database: /home/jackfromeast/Desktop/python-class-pollution/tasks/cp-collection/output/GCFT/codeql-db (logger.py:42)[0m
[32;20m2026-05-15 11:45:18,424 - CodeQLRunner - INFO - Running query: /home/jackfromeast/Desktop/python-class-pollution/src/pyrl/codeql/class-pollution-all/class-pollution-external.qls (logger.py:42)[0m
[32;20m2026-05-15 11:45:19,230 - GithubDownloader - INFO - Repository cloned successfully to /home/jackfromeast/Desktop/python-class-pollution/tasks/cp-collection/output/ComfyUI/codebase (downloader.py:138)[0m
[32;20m2026-05-15 11:45:19,231 - CodeQLRunner - INFO - Building CodeQL database for: /home/jackfromeast/Desktop/python-class-pollution/tasks/cp-collection/output/ComfyUI/codebase (logger.py:42)[0m
[32;20m2026-05-15 11:45:19,418 - CodeQLRunner - INFO - CodeQL database created successfully at /home/jackfromeast/Desktop/python-class-pollution/tasks/cp-collection/output/EPro-PnP/codeql-db (logger.py:42)[0m
[32;20m2026-05-15 11:45:19,418 - CodeQLRunner - INFO - Running CodeQL queries on database: /home/jackfromeast/Desktop/python-class-pollution/tasks/cp-collection/output/EPro-PnP/codeql-db (logger.py:42)[0m
[32;20m2026-05-15 11:45:19,418 - CodeQLRunner - INFO - Running query: /home/jackfromeast/Desktop/python-class-pollution/src/pyrl/codeql/class-pollution-all/class-pollution-external.qls (logger.py:42)[0m
[32;20m2026-05-15 11:45:19,778 - GithubDownloader - INFO - Repository cloned successfully to /home/jackfromeast/Desktop/python-class-pollution/tasks/cp-collection/output/Red-DiscordBot/codebase (downloader.py:138)[0m
[32;20m2026-05-15 11:45:19,779 - CodeQLRunner - INFO - Building CodeQL database for: /home/jackfromeast/Desktop/python-class-pollution/tasks/cp-collection/output/Red-DiscordBot/codebase (logger.py:42)[0m
[32;20m2026-05-15 11:45:26,588 - CodeQLRunner - INFO - CodeQL database created successfully at /home/jackfromeast/Desktop/python-class-pollution/tasks/cp-collection/output/accelerate/codeql-db (logger.py:42)[0m
[32;20m2026-05-15 11:45:26,589 - CodeQLRunner - INFO - Running CodeQL queries on database: /home/jackfromeast/Desktop/python-class-pollution/tasks/cp-collection/output/accelerate/codeql-db (logger.py:42)[0m
[32;20m2026-05-15 11:45:26,589 - CodeQLRunner - INFO - Running query: /home/jackfromeast/Desktop/python-class-pollution/src/pyrl/codeql/class-pollution-all/class-pollution-external.qls (logger.py:42)[0m
[32;20m2026-05-15 11:45:27,810 - GithubDownloader - INFO - Repository cloned successfully to /home/jackfromeast/Desktop/python-class-pollution/tasks/cp-collection/output/CRNN_Tensorflow/codebase (downloader.py:138)[0m
[32;20m2026-05-15 11:45:27,811 - CodeQLRunner - INFO - Building CodeQL database for: /home/jackfromeast/Desktop/python-class-pollution/tasks/cp-collection/output/CRNN_Tensorflow/codebase (logger.py:42)[0m
[32;20m2026-05-15 11:45:35,226 - CodeQLRunner - INFO - CodeQL database created successfully at /home/jackfromeast/Desktop/python-class-pollution/tasks/cp-collection/output/EasyCV/codeql-db (logger.py:42)[0m
[32;20m2026-05-15 11:45:35,226 - CodeQLRunner - INFO - Running CodeQL queries on database: /home/jackfromeast/Desktop/python-class-pollution/tasks/cp-collection/output/EasyCV/codeql-db (logger.py:42)[0m
[32;20m2026-05-15 11:45:35,226 - CodeQLRunner - INFO - Running query: /home/jackfromeast/Desktop/python-class-pollution/src/pyrl/codeql/class-pollution-all/class-pollution-external.qls (logger.py:42)[0m
[32;20m2026-05-15 11:45:37,564 - CodeQLRunner - INFO - CodeQL database created successfully at /home/jackfromeast/Desktop/python-class-pollution/tasks/cp-collection/output/CRNN_Tensorflow/codeql-db (logger.py:42)[0m
[32;20m2026-05-15 11:45:37,565 - CodeQLRunner - INFO - Running CodeQL queries on database: /home/jackfromeast/Desktop/python-class-pollution/tasks/cp-collection/output/CRNN_Tensorflow/codeql-db (logger.py:42)[0m
[32;20m2026-05-15 11:45:37,565 - CodeQLRunner - INFO - Running query: /home/jackfromeast/Desktop/python-class-pollution/src/pyrl/codeql/class-pollution-all/class-pollution-external.qls (logger.py:42)[0m
[32;20m2026-05-15 11:45:38,748 - CodeQLRunner - INFO - CodeQL database created successfully at /home/jackfromeast/Desktop/python-class-pollution/tasks/cp-collection/output/Red-DiscordBot/codeql-db (logger.py:42)[0m
[32;20m2026-05-15 11:45:38,748 - CodeQLRunner - INFO - Running CodeQL queries on database: /home/jackfromeast/Desktop/python-class-pollution/tasks/cp-collection/output/Red-DiscordBot/codeql-db (logger.py:42)[0m
[32;20m2026-05-15 11:45:38,748 - CodeQLRunner - INFO - Running query: /home/jackfromeast/Desktop/python-class-pollution/src/pyrl/codeql/class-pollution-all/class-pollution-external.qls (logger.py:42)[0m
[32;20m2026-05-15 11:45:42,858 - CodeQLRunner - INFO - CodeQL database created successfully at /home/jackfromeast/Desktop/python-class-pollution/tasks/cp-collection/output/ComfyUI/codeql-db (logger.py:42)[0m
[32;20m2026-05-15 11:45:42,858 - CodeQLRunner - INFO - Running CodeQL queries on database: /home/jackfromeast/Desktop/python-class-pollution/tasks/cp-collection/output/ComfyUI/codeql-db (logger.py:42)[0m
[32;20m2026-05-15 11:45:42,859 - CodeQLRunner - INFO - Running query: /home/jackfromeast/Desktop/python-class-pollution/src/pyrl/codeql/class-pollution-all/class-pollution-external.qls (logger.py:42)[0m
[32;20m2026-05-15 11:48:40,877 - CodeQLRunner - INFO - Query /home/jackfromeast/Desktop/python-class-pollution/src/pyrl/codeql/class-pollution-all/class-pollution-external.qls executed successfully. Results saved to /home/jackfromeast/Desktop/python-class-pollution/tasks/cp-collection/output/GCFT/results/class-pollution-external.qls.sarif (logger.py:42)[0m
[32;20m2026-05-15 11:48:40,877 - CodeQLRunner - INFO - Query completed successfully: /home/jackfromeast/Desktop/python-class-pollution/src/pyrl/codeql/class-pollution-all/class-pollution-external.qls (logger.py:42)[0m
[32;20m2026-05-15 11:48:40,877 - CodeQLRunner - INFO - Summarizing CodeQL results... (logger.py:42)[0m
[32;20m2026-05-15 11:48:40,878 - CodeQLRunner - INFO - Processed /home/jackfromeast/Desktop/python-class-pollution/tasks/cp-collection/output/GCFT/results/class-pollution-external.qls.sarif: 1 flows detected. (logger.py:42)[0m
[32;20m2026-05-15 11:48:40,879 - CodeQLRunner - INFO - Summary saved to /home/jackfromeast/Desktop/python-class-pollution/tasks/cp-collection/output/GCFT/results/summary.json (logger.py:42)[0m
[32;20m2026-05-15 11:48:40,879 - Scheduler - INFO - Worker completed for repo: https://github.com/LagoLunatic/GCFT (run_cp_analysis.py:37)[0m
[32;20m2026-05-15 11:48:40,900 - Scheduler - INFO - Progress: 1/76 repositories scanned. (base_scheduler.py:134)[0m
[32;20m2026-05-15 11:48:40,902 - Scheduler - INFO - Starting worker for repo: https://github.com/ServiceNow/AgentLab/tree/v0.3.2 (run_cp_analysis.py:28)[0m
[32;20m2026-05-15 11:48:40,903 - GithubDownloader - INFO - Cloning repository: https://github.com/ServiceNow/AgentLab to /home/jackfromeast/Desktop/python-class-pollution/tasks/cp-collection/output/AgentLab/codebase (ref: v0.3.2) (downloader.py:89)[0m
[32;20m2026-05-15 11:48:41,465 - GithubDownloader - INFO - Checking out ref: v0.3.2 (downloader.py:122)[0m
[32;20m2026-05-15 11:48:41,495 - GithubDownloader - INFO - Checked out ref: v0.3.2 (downloader.py:136)[0m
[32;20m2026-05-15 11:48:41,495 - GithubDownloader - INFO - Repository cloned successfully to /home/jackfromeast/Desktop/python-class-pollution/tasks/cp-collection/output/AgentLab/codebase (downloader.py:138)[0m
[32;20m2026-05-15 11:48:41,496 - CodeQLRunner - INFO - Building CodeQL database for: /home/jackfromeast/Desktop/python-class-pollution/tasks/cp-collection/output/AgentLab/codebase (logger.py:42)[0m
[32;20m2026-05-15 11:48:46,336 - CodeQLRunner - INFO - Query /home/jackfromeast/Desktop/python-class-pollution/src/pyrl/codeql/class-pollution-all/class-pollution-external.qls executed successfully. Results saved to /home/jackfromeast/Desktop/python-class-pollution/tasks/cp-collection/output/JSPyBridge/results/class-pollution-external.qls.sarif (logger.py:42)[0m
[32;20m2026-05-15 11:48:46,336 - CodeQLRunner - INFO - Query completed successfully: /home/jackfromeast/Desktop/python-class-pollution/src/pyrl/codeql/class-pollution-all/class-pollution-external.qls (logger.py:42)[0m
[32;20m2026-05-15 11:48:46,336 - CodeQLRunner - INFO - Summarizing CodeQL results... (logger.py:42)[0m
[32;20m2026-05-15 11:48:46,337 - CodeQLRunner - INFO - Processed /home/jackfromeast/Desktop/python-class-pollution/tasks/cp-collection/output/JSPyBridge/results/class-pollution-external.qls.sarif: 6 flows detected. (logger.py:42)[0m
[32;20m2026-05-15 11:48:46,338 - CodeQLRunner - INFO - Summary saved to /home/jackfromeast/Desktop/python-class-pollution/tasks/cp-collection/output/JSPyBridge/results/summary.json (logger.py:42)[0m
[32;20m2026-05-15 11:48:46,338 - Scheduler - INFO - Worker completed for repo: https://github.com/extremeheat/JSPyBridge/tree/1.2.1 (run_cp_analysis.py:37)[0m
[32;20m2026-05-15 11:48:46,353 - Scheduler - INFO - Progress: 2/76 repositories scanned. (base_scheduler.py:134)[0m
[32;20m2026-05-15 11:48:46,355 - Scheduler - INFO - Starting worker for repo: https://github.com/Azure/azure-cli/tree/v2.68.0 (run_cp_analysis.py:28)[0m
[32;20m2026-05-15 11:48:46,356 - GithubDownloader - INFO - Cloning repository: https://github.com/Azure/azure-cli to /home/jackfromeast/Desktop/python-class-pollution/tasks/cp-collection/output/azure-cli/codebase (ref: v2.68.0) (downloader.py:89)[0m
[32;20m2026-05-15 11:48:47,114 - CodeQLRunner - INFO - CodeQL database created successfully at /home/jackfromeast/Desktop/python-class-pollution/tasks/cp-collection/output/AgentLab/codeql-db (logger.py:42)[0m
[32;20m2026-05-15 11:48:47,115 - CodeQLRunner - INFO - Running CodeQL queries on database: /home/jackfromeast/Desktop/python-class-pollution/tasks/cp-collection/output/AgentLab/codeql-db (logger.py:42)[0m
[32;20m2026-05-15 11:48:47,115 - CodeQLRunner - INFO - Running query: /home/jackfromeast/Desktop/python-class-pollution/src/pyrl/codeql/class-pollution-all/class-pollution-external.qls (logger.py:42)[0m
[32;20m2026-05-15 11:48:54,116 - CodeQLRunner - INFO - Query /home/jackfromeast/Desktop/python-class-pollution/src/pyrl/codeql/class-pollution-all/class-pollution-external.qls executed successfully. Results saved to /home/jackfromeast/Desktop/python-class-pollution/tasks/cp-collection/output/EPro-PnP/results/class-pollution-external.qls.sarif (logger.py:42)[0m
[32;20m2026-05-15 11:48:54,116 - CodeQLRunner - INFO - Query completed successfully: /home/jackfromeast/Desktop/python-class-pollution/src/pyrl/codeql/class-pollution-all/class-pollution-external.qls (logger.py:42)[0m
[32;20m2026-05-15 11:48:54,116 - CodeQLRunner - INFO - Summarizing CodeQL results... (logger.py:42)[0m
[32;20m2026-05-15 11:48:54,117 - CodeQLRunner - INFO - Processed /home/jackfromeast/Desktop/python-class-pollution/tasks/cp-collection/output/EPro-PnP/results/class-pollution-external.qls.sarif: 6 flows detected. (logger.py:42)[0m
[32;20m2026-05-15 11:48:54,117 - CodeQLRunner - INFO - Summary saved to /home/jackfromeast/Desktop/python-class-pollution/tasks/cp-collection/output/EPro-PnP/results/summary.json (logger.py:42)[0m
[32;20m2026-05-15 11:48:54,118 - Scheduler - INFO - Worker completed for repo: https://github.com/tjiiv-cprg/EPro-PnP (run_cp_analysis.py:37)[0m
[32;20m2026-05-15 11:48:54,134 - Scheduler - INFO - Progress: 3/76 repositories scanned. (base_scheduler.py:134)[0m
[32;20m2026-05-15 11:48:54,136 - Scheduler - INFO - Starting worker for repo: https://github.com/allegroai/clearml.git/tree/v1.16.5 (run_cp_analysis.py:28)[0m
[32;20m2026-05-15 11:48:54,136 - GithubDownloader - INFO - Cloning repository: https://github.com/allegroai/clearml.git to /home/jackfromeast/Desktop/python-class-pollution/tasks/cp-collection/output/clearml/codebase (ref: v1.16.5) (downloader.py:89)[0m
[32;20m2026-05-15 11:48:55,275 - CodeQLRunner - INFO - Query /home/jackfromeast/Desktop/python-class-pollution/src/pyrl/codeql/class-pollution-all/class-pollution-external.qls executed successfully. Results saved to /home/jackfromeast/Desktop/python-class-pollution/tasks/cp-collection/output/CRNN_Tensorflow/results/class-pollution-external.qls.sarif (logger.py:42)[0m
[32;20m2026-05-15 11:48:55,275 - CodeQLRunner - INFO - Query completed successfully: /home/jackfromeast/Desktop/python-class-pollution/src/pyrl/codeql/class-pollution-all/class-pollution-external.qls (logger.py:42)[0m
[32;20m2026-05-15 11:48:55,275 - CodeQLRunner - INFO - Summarizing CodeQL results... (logger.py:42)[0m
[32;20m2026-05-15 11:48:55,276 - CodeQLRunner - INFO - Processed /home/jackfromeast/Desktop/python-class-pollution/tasks/cp-collection/output/CRNN_Tensorflow/results/class-pollution-external.qls.sarif: 6 flows detected. (logger.py:42)[0m
[32;20m2026-05-15 11:48:55,276 - CodeQLRunner - INFO - Summary saved to /home/jackfromeast/Desktop/python-class-pollution/tasks/cp-collection/output/CRNN_Tensorflow/results/summary.json (logger.py:42)[0m
[32;20m2026-05-15 11:48:55,277 - Scheduler - INFO - Worker completed for repo: https://github.com/MaybeShewill-CV/CRNN_Tensorflow (run_cp_analysis.py:37)[0m
[32;20m2026-05-15 11:48:55,300 - Scheduler - INFO - Progress: 4/76 repositories scanned. (base_scheduler.py:134)[0m
[32;20m2026-05-15 11:48:55,302 - Scheduler - INFO - Starting worker for repo: https://github.com/deepchem/deepchem (run_cp_analysis.py:28)[0m
[32;20m2026-05-15 11:48:55,303 - GithubDownloader - INFO - Cloning repository: https://github.com/deepchem/deepchem to /home/jackfromeast/Desktop/python-class-pollution/tasks/cp-collection/output/deepchem/codebase (downloader.py:89)[0m
[32;20m2026-05-15 11:48:56,573 - GithubDownloader - INFO - Checking out ref: v1.16.5 (downloader.py:122)[0m
[32;20m2026-05-15 11:48:56,698 - GithubDownloader - INFO - Checked out ref: v1.16.5 (downloader.py:136)[0m
[32;20m2026-05-15 11:48:56,698 - GithubDownloader - INFO - Repository cloned successfully to /home/jackfromeast/Desktop/python-class-pollution/tasks/cp-collection/output/clearml/codebase (downloader.py:138)[0m
[32;20m2026-05-15 11:48:56,698 - CodeQLRunner - INFO - Building CodeQL database for: /home/jackfromeast/Desktop/python-class-pollution/tasks/cp-collection/output/clearml/codebase (logger.py:42)[0m
[32;20m2026-05-15 11:49:06,757 - CodeQLRunner - INFO - Query /home/jackfromeast/Desktop/python-class-pollution/src/pyrl/codeql/class-pollution-all/class-pollution-external.qls executed successfully. Results saved to /home/jackfromeast/Desktop/python-class-pollution/tasks/cp-collection/output/AgentLab/results/class-pollution-external.qls.sarif (logger.py:42)[0m
[32;20m2026-05-15 11:49:06,758 - CodeQLRunner - INFO - Query completed successfully: /home/jackfromeast/Desktop/python-class-pollution/src/pyrl/codeql/class-pollution-all/class-pollution-external.qls (logger.py:42)[0m
[32;20m2026-05-15 11:49:06,758 - CodeQLRunner - INFO - Summarizing CodeQL results... (logger.py:42)[0m
[32;20m2026-05-15 11:49:06,758 - CodeQLRunner - INFO - Processed /home/jackfromeast/Desktop/python-class-pollution/tasks/cp-collection/output/AgentLab/results/class-pollution-external.qls.sarif: 5 flows detected. (logger.py:42)[0m
[32;20m2026-05-15 11:49:06,758 - CodeQLRunner - INFO - Summary saved to /home/jackfromeast/Desktop/python-class-pollution/tasks/cp-collection/output/AgentLab/results/summary.json (logger.py:42)[0m
[32;20m2026-05-15 11:49:06,759 - Scheduler - INFO - Worker completed for repo: https://github.com/ServiceNow/AgentLab/tree/v0.3.2 (run_cp_analysis.py:37)[0m
[32;20m2026-05-15 11:49:06,778 - Scheduler - INFO - Progress: 5/76 repositories scanned. (base_scheduler.py:134)[0m
[32;20m2026-05-15 11:49:06,780 - Scheduler - INFO - Starting worker for repo: https://github.com/seperman/deepdiff/tree/v8.0.0 (run_cp_analysis.py:28)[0m
[32;20m2026-05-15 11:49:06,780 - GithubDownloader - INFO - Cloning repository: https://github.com/seperman/deepdiff to /home/jackfromeast/Desktop/python-class-pollution/tasks/cp-collection/output/deepdiff/codebase (ref: v8.0.0) (downloader.py:89)[0m
[32;20m2026-05-15 11:49:07,365 - GithubDownloader - INFO - Checking out ref: v8.0.0 (downloader.py:122)[0m
[33;20m2026-05-15 11:49:07,367 - GithubDownloader - WARNING - Failed to checkout ref 'v8.0.0': error: pathspec 'v8.0.0' did not match any file(s) known to git; falling back to default branch. (downloader.py:131)[0m
[32;20m2026-05-15 11:49:07,367 - GithubDownloader - INFO - Repository cloned successfully to /home/jackfromeast/Desktop/python-class-pollution/tasks/cp-collection/output/deepdiff/codebase (downloader.py:138)[0m
[32;20m2026-05-15 11:49:07,368 - CodeQLRunner - INFO - Building CodeQL database for: /home/jackfromeast/Desktop/python-class-pollution/tasks/cp-collection/output/deepdiff/codebase (logger.py:42)[0m
[32;20m2026-05-15 11:49:09,246 - CodeQLRunner - INFO - CodeQL database created successfully at /home/jackfromeast/Desktop/python-class-pollution/tasks/cp-collection/output/clearml/codeql-db (logger.py:42)[0m
[32;20m2026-05-15 11:49:09,247 - CodeQLRunner - INFO - Running CodeQL queries on database: /home/jackfromeast/Desktop/python-class-pollution/tasks/cp-collection/output/clearml/codeql-db (logger.py:42)[0m
[32;20m2026-05-15 11:49:09,247 - CodeQLRunner - INFO - Running query: /home/jackfromeast/Desktop/python-class-pollution/src/pyrl/codeql/class-pollution-all/class-pollution-external.qls (logger.py:42)[0m
[32;20m2026-05-15 11:49:09,793 - GithubDownloader - INFO - Repository cloned successfully to /home/jackfromeast/Desktop/python-class-pollution/tasks/cp-collection/output/deepchem/codebase (downloader.py:138)[0m
[32;20m2026-05-15 11:49:09,794 - CodeQLRunner - INFO - Building CodeQL database for: /home/jackfromeast/Desktop/python-class-pollution/tasks/cp-collection/output/deepchem/codebase (logger.py:42)[0m
[32;20m2026-05-15 11:49:14,064 - CodeQLRunner - INFO - CodeQL database created successfully at /home/jackfromeast/Desktop/python-class-pollution/tasks/cp-collection/output/deepdiff/codeql-db (logger.py:42)[0m
[32;20m2026-05-15 11:49:14,064 - CodeQLRunner - INFO - Running CodeQL queries on database: /home/jackfromeast/Desktop/python-class-pollution/tasks/cp-collection/output/deepdiff/codeql-db (logger.py:42)[0m
[32;20m2026-05-15 11:49:14,064 - CodeQLRunner - INFO - Running query: /home/jackfromeast/Desktop/python-class-pollution/src/pyrl/codeql/class-pollution-all/class-pollution-external.qls (logger.py:42)[0m
[32;20m2026-05-15 11:49:17,716 - CodeQLRunner - INFO - Query /home/jackfromeast/Desktop/python-class-pollution/src/pyrl/codeql/class-pollution-all/class-pollution-external.qls executed successfully. Results saved to /home/jackfromeast/Desktop/python-class-pollution/tasks/cp-collection/output/Red-DiscordBot/results/class-pollution-external.qls.sarif (logger.py:42)[0m
[32;20m2026-05-15 11:49:17,717 - CodeQLRunner - INFO - Query completed successfully: /home/jackfromeast/Desktop/python-class-pollution/src/pyrl/codeql/class-pollution-all/class-pollution-external.qls (logger.py:42)[0m
[32;20m2026-05-15 11:49:17,717 - CodeQLRunner - INFO - Summarizing CodeQL results... (logger.py:42)[0m
[32;20m2026-05-15 11:49:17,719 - CodeQLRunner - INFO - Processed /home/jackfromeast/Desktop/python-class-pollution/tasks/cp-collection/output/Red-DiscordBot/results/class-pollution-external.qls.sarif: 1 flows detected. (logger.py:42)[0m
[32;20m2026-05-15 11:49:17,719 - CodeQLRunner - INFO - Summary saved to /home/jackfromeast/Desktop/python-class-pollution/tasks/cp-collection/output/Red-DiscordBot/results/summary.json (logger.py:42)[0m
[32;20m2026-05-15 11:49:17,719 - Scheduler - INFO - Worker completed for repo: https://github.com/Cog-Creators/Red-DiscordBot (run_cp_analysis.py:37)[0m
[32;20m2026-05-15 11:49:17,742 - Scheduler - INFO - Progress: 6/76 repositories scanned. (base_scheduler.py:134)[0m
[32;20m2026-05-15 11:49:17,743 - Scheduler - INFO - Starting worker for repo: https://github.com/deepdoctection/deepdoctection (run_cp_analysis.py:28)[0m
[32;20m2026-05-15 11:49:17,743 - GithubDownloader - INFO - Cloning repository: https://github.com/deepdoctection/deepdoctection to /home/jackfromeast/Desktop/python-class-pollution/tasks/cp-collection/output/deepdoctection/codebase (downloader.py:89)[0m
[32;20m2026-05-15 11:49:19,954 - GithubDownloader - INFO - Repository cloned successfully to /home/jackfromeast/Desktop/python-class-pollution/tasks/cp-collection/output/deepdoctection/codebase (downloader.py:138)[0m
[32;20m2026-05-15 11:49:19,955 - CodeQLRunner - INFO - Building CodeQL database for: /home/jackfromeast/Desktop/python-class-pollution/tasks/cp-collection/output/deepdoctection/codebase (logger.py:42)[0m
[32;20m2026-05-15 11:49:26,279 - CodeQLRunner - INFO - CodeQL database created successfully at /home/jackfromeast/Desktop/python-class-pollution/tasks/cp-collection/output/deepchem/codeql-db (logger.py:42)[0m
[32;20m2026-05-15 11:49:26,279 - CodeQLRunner - INFO - Running CodeQL queries on database: /home/jackfromeast/Desktop/python-class-pollution/tasks/cp-collection/output/deepchem/codeql-db (logger.py:42)[0m
[32;20m2026-05-15 11:49:26,279 - CodeQLRunner - INFO - Running query: /home/jackfromeast/Desktop/python-class-pollution/src/pyrl/codeql/class-pollution-all/class-pollution-external.qls (logger.py:42)[0m
[32;20m2026-05-15 11:49:26,469 - CodeQLRunner - INFO - Query /home/jackfromeast/Desktop/python-class-pollution/src/pyrl/codeql/class-pollution-all/class-pollution-external.qls executed successfully. Results saved to /home/jackfromeast/Desktop/python-class-pollution/tasks/cp-collection/output/accelerate/results/class-pollution-external.qls.sarif (logger.py:42)[0m
[32;20m2026-05-15 11:49:26,470 - CodeQLRunner - INFO - Query completed successfully: /home/jackfromeast/Desktop/python-class-pollution/src/pyrl/codeql/class-pollution-all/class-pollution-external.qls (logger.py:42)[0m
[32;20m2026-05-15 11:49:26,470 - CodeQLRunner - INFO - Summarizing CodeQL results... (logger.py:42)[0m
[32;20m2026-05-15 11:49:26,471 - CodeQLRunner - INFO - Processed /home/jackfromeast/Desktop/python-class-pollution/tasks/cp-collection/output/accelerate/results/class-pollution-external.qls.sarif: 1 flows detected. (logger.py:42)[0m
[32;20m2026-05-15 11:49:26,471 - CodeQLRunner - INFO - Summary saved to /home/jackfromeast/Desktop/python-class-pollution/tasks/cp-collection/output/accelerate/results/summary.json (logger.py:42)[0m
[32;20m2026-05-15 11:49:26,472 - Scheduler - INFO - Worker completed for repo: https://github.com/huggingface/accelerate (run_cp_analysis.py:37)[0m
[32;20m2026-05-15 11:49:26,493 - Scheduler - INFO - Progress: 7/76 repositories scanned. (base_scheduler.py:134)[0m
[32;20m2026-05-15 11:49:26,495 - Scheduler - INFO - Starting worker for repo: https://pypi.org/project/dektools/tree/0.2.59 (run_cp_analysis.py:28)[0m
[32;20m2026-05-15 11:49:26,495 - PipDownloader - INFO - Cloning repository: dektools==tree to /home/jackfromeast/Desktop/python-class-pollution/tasks/cp-collection/output/dektools/codebase (downloader.py:264)[0m
[33;20m2026-05-15 11:49:27,038 - PipDownloader - WARNING - Version tree not found for dektools, falling back to latest version. (downloader.py:289)[0m
[32;20m2026-05-15 11:49:27,038 - PipDownloader - INFO - Removing existing directory: /home/jackfromeast/Desktop/python-class-pollution/tasks/cp-collection/output/dektools/wheel (downloader.py:228)[0m
[32;20m2026-05-15 11:49:27,653 - PipDownloader - INFO - Successfully downloaded latest version of dektools (downloader.py:304)[0m
[32;20m2026-05-15 11:49:27,653 - PipDownloader - INFO - Extracting /home/jackfromeast/Desktop/python-class-pollution/tasks/cp-collection/output/dektools/wheel/dektools-0.4.96-py3-none-any.whl to /home/jackfromeast/Desktop/python-class-pollution/tasks/cp-collection/output/dektools/codebase (downloader.py:192)[0m
[32;20m2026-05-15 11:49:27,664 - PipDownloader - INFO - Extraction successful: /home/jackfromeast/Desktop/python-class-pollution/tasks/cp-collection/output/dektools/codebase (downloader.py:196)[0m
[32;20m2026-05-15 11:49:27,665 - PipDownloader - INFO - Repository cloned successfully to /home/jackfromeast/Desktop/python-class-pollution/tasks/cp-collection/output/dektools/codebase (downloader.py:330)[0m
[32;20m2026-05-15 11:49:27,665 - CodeQLRunner - INFO - Building CodeQL database for: /home/jackfromeast/Desktop/python-class-pollution/tasks/cp-collection/output/dektools/codebase (logger.py:42)[0m
[32;20m2026-05-15 11:49:28,293 - CodeQLRunner - INFO - CodeQL database created successfully at /home/jackfromeast/Desktop/python-class-pollution/tasks/cp-collection/output/deepdoctection/codeql-db (logger.py:42)[0m
[32;20m2026-05-15 11:49:28,293 - CodeQLRunner - INFO - Running CodeQL queries on database: /home/jackfromeast/Desktop/python-class-pollution/tasks/cp-collection/output/deepdoctection/codeql-db (logger.py:42)[0m
[32;20m2026-05-15 11:49:28,293 - CodeQLRunner - INFO - Running query: /home/jackfromeast/Desktop/python-class-pollution/src/pyrl/codeql/class-pollution-all/class-pollution-external.qls (logger.py:42)[0m
[32;20m2026-05-15 11:49:33,310 - CodeQLRunner - INFO - CodeQL database created successfully at /home/jackfromeast/Desktop/python-class-pollution/tasks/cp-collection/output/dektools/codeql-db (logger.py:42)[0m
[32;20m2026-05-15 11:49:33,310 - CodeQLRunner - INFO - Running CodeQL queries on database: /home/jackfromeast/Desktop/python-class-pollution/tasks/cp-collection/output/dektools/codeql-db (logger.py:42)[0m
[32;20m2026-05-15 11:49:33,310 - CodeQLRunner - INFO - Running query: /home/jackfromeast/Desktop/python-class-pollution/src/pyrl/codeql/class-pollution-all/class-pollution-external.qls (logger.py:42)[0m
[32;20m2026-05-15 11:49:49,303 - CodeQLRunner - INFO - Query /home/jackfromeast/Desktop/python-class-pollution/src/pyrl/codeql/class-pollution-all/class-pollution-external.qls executed successfully. Results saved to /home/jackfromeast/Desktop/python-class-pollution/tasks/cp-collection/output/deepdiff/results/class-pollution-external.qls.sarif (logger.py:42)[0m
[32;20m2026-05-15 11:49:49,304 - CodeQLRunner - INFO - Query completed successfully: /home/jackfromeast/Desktop/python-class-pollution/src/pyrl/codeql/class-pollution-all/class-pollution-external.qls (logger.py:42)[0m
[32;20m2026-05-15 11:49:49,304 - CodeQLRunner - INFO - Summarizing CodeQL results... (logger.py:42)[0m
[32;20m2026-05-15 11:49:49,305 - CodeQLRunner - INFO - Processed /home/jackfromeast/Desktop/python-class-pollution/tasks/cp-collection/output/deepdiff/results/class-pollution-external.qls.sarif: 19 flows detected. (logger.py:42)[0m
[32;20m2026-05-15 11:49:49,305 - CodeQLRunner - INFO - Summary saved to /home/jackfromeast/Desktop/python-class-pollution/tasks/cp-collection/output/deepdiff/results/summary.json (logger.py:42)[0m
[32;20m2026-05-15 11:49:49,305 - Scheduler - INFO - Worker completed for repo: https://github.com/seperman/deepdiff/tree/v8.0.0 (run_cp_analysis.py:37)[0m
[32;20m2026-05-15 11:49:49,318 - Scheduler - INFO - Progress: 8/76 repositories scanned. (base_scheduler.py:134)[0m
[32;20m2026-05-15 11:49:49,319 - Scheduler - INFO - Starting worker for repo: https://github.com/huggingface/diffusers (run_cp_analysis.py:28)[0m
[32;20m2026-05-15 11:49:49,320 - GithubDownloader - INFO - Cloning repository: https://github.com/huggingface/diffusers to /home/jackfromeast/Desktop/python-class-pollution/tasks/cp-collection/output/diffusers/codebase (downloader.py:89)[0m
[32;20m2026-05-15 11:49:52,967 - CodeQLRunner - INFO - Query /home/jackfromeast/Desktop/python-class-pollution/src/pyrl/codeql/class-pollution-all/class-pollution-external.qls executed successfully. Results saved to /home/jackfromeast/Desktop/python-class-pollution/tasks/cp-collection/output/dektools/results/class-pollution-external.qls.sarif (logger.py:42)[0m
[32;20m2026-05-15 11:49:52,967 - CodeQLRunner - INFO - Query completed successfully: /home/jackfromeast/Desktop/python-class-pollution/src/pyrl/codeql/class-pollution-all/class-pollution-external.qls (logger.py:42)[0m
[32;20m2026-05-15 11:49:52,967 - CodeQLRunner - INFO - Summarizing CodeQL results... (logger.py:42)[0m
[32;20m2026-05-15 11:49:52,968 - CodeQLRunner - INFO - Processed /home/jackfromeast/Desktop/python-class-pollution/tasks/cp-collection/output/dektools/results/class-pollution-external.qls.sarif: 2 flows detected. (logger.py:42)[0m
[32;20m2026-05-15 11:49:52,968 - CodeQLRunner - INFO - Summary saved to /home/jackfromeast/Desktop/python-class-pollution/tasks/cp-collection/output/dektools/results/summary.json (logger.py:42)[0m
[32;20m2026-05-15 11:49:52,968 - Scheduler - INFO - Worker completed for repo: https://pypi.org/project/dektools/tree/0.2.59 (run_cp_analysis.py:37)[0m
[32;20m2026-05-15 11:49:52,986 - Scheduler - INFO - Progress: 9/76 repositories scanned. (base_scheduler.py:134)[0m
[32;20m2026-05-15 11:49:52,988 - Scheduler - INFO - Starting worker for repo: https://github.com/adamghill/django-unicorn/tree/0.61.0 (run_cp_analysis.py:28)[0m
[32;20m2026-05-15 11:49:52,988 - GithubDownloader - INFO - Cloning repository: https://github.com/adamghill/django-unicorn to /home/jackfromeast/Desktop/python-class-pollution/tasks/cp-collection/output/django-unicorn/codebase (ref: 0.61.0) (downloader.py:89)[0m
[32;20m2026-05-15 11:49:55,868 - GithubDownloader - INFO - Checking out ref: 0.61.0 (downloader.py:122)[0m
[32;20m2026-05-15 11:49:55,891 - GithubDownloader - INFO - Checked out ref: 0.61.0 (downloader.py:136)[0m
[32;20m2026-05-15 11:49:55,891 - GithubDownloader - INFO - Repository cloned successfully to /home/jackfromeast/Desktop/python-class-pollution/tasks/cp-collection/output/django-unicorn/codebase (downloader.py:138)[0m
[32;20m2026-05-15 11:49:55,891 - CodeQLRunner - INFO - Building CodeQL database for: /home/jackfromeast/Desktop/python-class-pollution/tasks/cp-collection/output/django-unicorn/codebase (logger.py:42)[0m
[32;20m2026-05-15 11:49:56,245 - CodeQLRunner - INFO - Query /home/jackfromeast/Desktop/python-class-pollution/src/pyrl/codeql/class-pollution-all/class-pollution-external.qls executed successfully. Results saved to /home/jackfromeast/Desktop/python-class-pollution/tasks/cp-collection/output/deepdoctection/results/class-pollution-external.qls.sarif (logger.py:42)[0m
[32;20m2026-05-15 11:49:56,245 - CodeQLRunner - INFO - Query completed successfully: /home/jackfromeast/Desktop/python-class-pollution/src/pyrl/codeql/class-pollution-all/class-pollution-external.qls (logger.py:42)[0m
[32;20m2026-05-15 11:49:56,245 - CodeQLRunner - INFO - Summarizing CodeQL results... (logger.py:42)[0m
[32;20m2026-05-15 11:49:56,247 - CodeQLRunner - INFO - Processed /home/jackfromeast/Desktop/python-class-pollution/tasks/cp-collection/output/deepdoctection/results/class-pollution-external.qls.sarif: 9 flows detected. (logger.py:42)[0m
[32;20m2026-05-15 11:49:56,247 - CodeQLRunner - INFO - Summary saved to /home/jackfromeast/Desktop/python-class-pollution/tasks/cp-collection/output/deepdoctection/results/summary.json (logger.py:42)[0m
[32;20m2026-05-15 11:49:56,247 - Scheduler - INFO - Worker completed for repo: https://github.com/deepdoctection/deepdoctection (run_cp_analysis.py:37)[0m
[32;20m2026-05-15 11:49:56,266 - Scheduler - INFO - Progress: 10/76 repositories scanned. (base_scheduler.py:134)[0m
[32;20m2026-05-15 11:49:56,267 - Scheduler - INFO - Starting worker for repo: https://github.com/docarray/docarray (run_cp_analysis.py:28)[0m
[32;20m2026-05-15 11:49:56,268 - GithubDownloader - INFO - Cloning repository: https://github.com/docarray/docarray to /home/jackfromeast/Desktop/python-class-pollution/tasks/cp-collection/output/docarray/codebase (downloader.py:89)[0m
[32;20m2026-05-15 11:49:56,615 - GithubDownloader - INFO - Repository cloned successfully to /home/jackfromeast/Desktop/python-class-pollution/tasks/cp-collection/output/diffusers/codebase (downloader.py:138)[0m
[32;20m2026-05-15 11:49:56,616 - CodeQLRunner - INFO - Building CodeQL database for: /home/jackfromeast/Desktop/python-class-pollution/tasks/cp-collection/output/diffusers/codebase (logger.py:42)[0m
[32;20m2026-05-15 11:50:01,795 - CodeQLRunner - INFO - CodeQL database created successfully at /home/jackfromeast/Desktop/python-class-pollution/tasks/cp-collection/output/django-unicorn/codeql-db (logger.py:42)[0m
[32;20m2026-05-15 11:50:01,795 - CodeQLRunner - INFO - Running CodeQL queries on database: /home/jackfromeast/Desktop/python-class-pollution/tasks/cp-collection/output/django-unicorn/codeql-db (logger.py:42)[0m
[32;20m2026-05-15 11:50:01,795 - CodeQLRunner - INFO - Running query: /home/jackfromeast/Desktop/python-class-pollution/src/pyrl/codeql/class-pollution-all/class-pollution-external.qls (logger.py:42)[0m
[32;20m2026-05-15 11:50:21,208 - CodeQLRunner - INFO - Query /home/jackfromeast/Desktop/python-class-pollution/src/pyrl/codeql/class-pollution-all/class-pollution-external.qls executed successfully. Results saved to /home/jackfromeast/Desktop/python-class-pollution/tasks/cp-collection/output/django-unicorn/results/class-pollution-external.qls.sarif (logger.py:42)[0m
[32;20m2026-05-15 11:50:21,208 - CodeQLRunner - INFO - Query completed successfully: /home/jackfromeast/Desktop/python-class-pollution/src/pyrl/codeql/class-pollution-all/class-pollution-external.qls (logger.py:42)[0m
[32;20m2026-05-15 11:50:21,208 - CodeQLRunner - INFO - Summarizing CodeQL results... (logger.py:42)[0m
[32;20m2026-05-15 11:50:21,209 - CodeQLRunner - INFO - Processed /home/jackfromeast/Desktop/python-class-pollution/tasks/cp-collection/output/django-unicorn/results/class-pollution-external.qls.sarif: 11 flows detected. (logger.py:42)[0m
[32;20m2026-05-15 11:50:21,209 - CodeQLRunner - INFO - Summary saved to /home/jackfromeast/Desktop/python-class-pollution/tasks/cp-collection/output/django-unicorn/results/summary.json (logger.py:42)[0m
[32;20m2026-05-15 11:50:21,210 - Scheduler - INFO - Worker completed for repo: https://github.com/adamghill/django-unicorn/tree/0.61.0 (run_cp_analysis.py:37)[0m
[32;20m2026-05-15 11:50:21,230 - Scheduler - INFO - Progress: 11/76 repositories scanned. (base_scheduler.py:134)[0m
[32;20m2026-05-15 11:50:21,231 - Scheduler - INFO - Starting worker for repo: https://github.com/aphp/edsnlp/tree/v0.15.0 (run_cp_analysis.py:28)[0m
[32;20m2026-05-15 11:50:21,231 - GithubDownloader - INFO - Cloning repository: https://github.com/aphp/edsnlp to /home/jackfromeast/Desktop/python-class-pollution/tasks/cp-collection/output/edsnlp/codebase (ref: v0.15.0) (downloader.py:89)[0m
[32;20m2026-05-15 11:50:35,027 - CodeQLRunner - INFO - Query /home/jackfromeast/Desktop/python-class-pollution/src/pyrl/codeql/class-pollution-all/class-pollution-external.qls executed successfully. Results saved to /home/jackfromeast/Desktop/python-class-pollution/tasks/cp-collection/output/EasyCV/results/class-pollution-external.qls.sarif (logger.py:42)[0m
[32;20m2026-05-15 11:50:35,028 - CodeQLRunner - INFO - Query completed successfully: /home/jackfromeast/Desktop/python-class-pollution/src/pyrl/codeql/class-pollution-all/class-pollution-external.qls (logger.py:42)[0m
[32;20m2026-05-15 11:50:35,028 - CodeQLRunner - INFO - Summarizing CodeQL results... (logger.py:42)[0m
[32;20m2026-05-15 11:50:35,032 - CodeQLRunner - INFO - Processed /home/jackfromeast/Desktop/python-class-pollution/tasks/cp-collection/output/EasyCV/results/class-pollution-external.qls.sarif: 1 flows detected. (logger.py:42)[0m
[32;20m2026-05-15 11:50:35,032 - CodeQLRunner - INFO - Summary saved to /home/jackfromeast/Desktop/python-class-pollution/tasks/cp-collection/output/EasyCV/results/summary.json (logger.py:42)[0m
[32;20m2026-05-15 11:50:35,033 - Scheduler - INFO - Worker completed for repo: https://github.com/alibaba/EasyCV (run_cp_analysis.py:37)[0m
[32;20m2026-05-15 11:50:35,046 - Scheduler - INFO - Progress: 12/76 repositories scanned. (base_scheduler.py:134)[0m
[32;20m2026-05-15 11:50:35,047 - Scheduler - INFO - Starting worker for repo: https://github.com/evennia/evennia (run_cp_analysis.py:28)[0m
[32;20m2026-05-15 11:50:35,048 - GithubDownloader - INFO - Cloning repository: https://github.com/evennia/evennia to /home/jackfromeast/Desktop/python-class-pollution/tasks/cp-collection/output/evennia/codebase (downloader.py:89)[0m
[32;20m2026-05-15 11:50:41,490 - GithubDownloader - INFO - Checking out ref: v0.15.0 (downloader.py:122)[0m
[32;20m2026-05-15 11:50:41,523 - GithubDownloader - INFO - Checked out ref: v0.15.0 (downloader.py:136)[0m
[32;20m2026-05-15 11:50:41,523 - GithubDownloader - INFO - Repository cloned successfully to /home/jackfromeast/Desktop/python-class-pollution/tasks/cp-collection/output/edsnlp/codebase (downloader.py:138)[0m
[32;20m2026-05-15 11:50:41,523 - CodeQLRunner - INFO - Building CodeQL database for: /home/jackfromeast/Desktop/python-class-pollution/tasks/cp-collection/output/edsnlp/codebase (logger.py:42)[0m
[32;20m2026-05-15 11:50:44,893 - GithubDownloader - INFO - Repository cloned successfully to /home/jackfromeast/Desktop/python-class-pollution/tasks/cp-collection/output/docarray/codebase (downloader.py:138)[0m
[32;20m2026-05-15 11:50:44,894 - CodeQLRunner - INFO - Building CodeQL database for: /home/jackfromeast/Desktop/python-class-pollution/tasks/cp-collection/output/docarray/codebase (logger.py:42)[0m
[32;20m2026-05-15 11:50:48,438 - CodeQLRunner - INFO - CodeQL database created successfully at /home/jackfromeast/Desktop/python-class-pollution/tasks/cp-collection/output/edsnlp/codeql-db (logger.py:42)[0m
[32;20m2026-05-15 11:50:48,439 - CodeQLRunner - INFO - Running CodeQL queries on database: /home/jackfromeast/Desktop/python-class-pollution/tasks/cp-collection/output/edsnlp/codeql-db (logger.py:42)[0m
[32;20m2026-05-15 11:50:48,439 - CodeQLRunner - INFO - Running query: /home/jackfromeast/Desktop/python-class-pollution/src/pyrl/codeql/class-pollution-all/class-pollution-external.qls (logger.py:42)[0m
[32;20m2026-05-15 11:50:51,141 - CodeQLRunner - INFO - CodeQL database created successfully at /home/jackfromeast/Desktop/python-class-pollution/tasks/cp-collection/output/docarray/codeql-db (logger.py:42)[0m
[32;20m2026-05-15 11:50:51,141 - CodeQLRunner - INFO - Running CodeQL queries on database: /home/jackfromeast/Desktop/python-class-pollution/tasks/cp-collection/output/docarray/codeql-db (logger.py:42)[0m
[32;20m2026-05-15 11:50:51,141 - CodeQLRunner - INFO - Running query: /home/jackfromeast/Desktop/python-class-pollution/src/pyrl/codeql/class-pollution-all/class-pollution-external.qls (logger.py:42)[0m
[32;20m2026-05-15 11:50:52,394 - CodeQLRunner - INFO - CodeQL database created successfully at /home/jackfromeast/Desktop/python-class-pollution/tasks/cp-collection/output/diffusers/codeql-db (logger.py:42)[0m
[32;20m2026-05-15 11:50:52,395 - CodeQLRunner - INFO - Running CodeQL queries on database: /home/jackfromeast/Desktop/python-class-pollution/tasks/cp-collection/output/diffusers/codeql-db (logger.py:42)[0m
[32;20m2026-05-15 11:50:52,395 - CodeQLRunner - INFO - Running query: /home/jackfromeast/Desktop/python-class-pollution/src/pyrl/codeql/class-pollution-all/class-pollution-external.qls (logger.py:42)[0m
[32;20m2026-05-15 11:51:08,983 - GithubDownloader - INFO - Repository cloned successfully to /home/jackfromeast/Desktop/python-class-pollution/tasks/cp-collection/output/evennia/codebase (downloader.py:138)[0m
[32;20m2026-05-15 11:51:08,984 - CodeQLRunner - INFO - Building CodeQL database for: /home/jackfromeast/Desktop/python-class-pollution/tasks/cp-collection/output/evennia/codebase (logger.py:42)[0m
[32;20m2026-05-15 11:51:09,805 - GithubDownloader - INFO - Checking out ref: v2.68.0 (downloader.py:122)[0m
[33;20m2026-05-15 11:51:09,810 - GithubDownloader - WARNING - Failed to checkout ref 'v2.68.0': error: pathspec 'v2.68.0' did not match any file(s) known to git; falling back to default branch. (downloader.py:131)[0m
[32;20m2026-05-15 11:51:09,810 - GithubDownloader - INFO - Repository cloned successfully to /home/jackfromeast/Desktop/python-class-pollution/tasks/cp-collection/output/azure-cli/codebase (downloader.py:138)[0m
[32;20m2026-05-15 11:51:09,811 - CodeQLRunner - INFO - Building CodeQL database for: /home/jackfromeast/Desktop/python-class-pollution/tasks/cp-collection/output/azure-cli/codebase (logger.py:42)[0m
[32;20m2026-05-15 11:51:17,147 - CodeQLRunner - INFO - Query /home/jackfromeast/Desktop/python-class-pollution/src/pyrl/codeql/class-pollution-all/class-pollution-external.qls executed successfully. Results saved to /home/jackfromeast/Desktop/python-class-pollution/tasks/cp-collection/output/docarray/results/class-pollution-external.qls.sarif (logger.py:42)[0m
[32;20m2026-05-15 11:51:17,147 - CodeQLRunner - INFO - Query completed successfully: /home/jackfromeast/Desktop/python-class-pollution/src/pyrl/codeql/class-pollution-all/class-pollution-external.qls (logger.py:42)[0m
[32;20m2026-05-15 11:51:17,147 - CodeQLRunner - INFO - Summarizing CodeQL results... (logger.py:42)[0m
[32;20m2026-05-15 11:51:17,149 - CodeQLRunner - INFO - Processed /home/jackfromeast/Desktop/python-class-pollution/tasks/cp-collection/output/docarray/results/class-pollution-external.qls.sarif: 1 flows detected. (logger.py:42)[0m
[32;20m2026-05-15 11:51:17,149 - CodeQLRunner - INFO - Summary saved to /home/jackfromeast/Desktop/python-class-pollution/tasks/cp-collection/output/docarray/results/summary.json (logger.py:42)[0m
[32;20m2026-05-15 11:51:17,149 - Scheduler - INFO - Worker completed for repo: https://github.com/docarray/docarray (run_cp_analysis.py:37)[0m
[32;20m2026-05-15 11:51:17,164 - Scheduler - INFO - Progress: 13/76 repositories scanned. (base_scheduler.py:134)[0m
[32;20m2026-05-15 11:51:17,166 - Scheduler - INFO - Starting worker for repo: https://github.com/facebookresearch/fairseq (run_cp_analysis.py:28)[0m
[32;20m2026-05-15 11:51:17,166 - GithubDownloader - INFO - Cloning repository: https://github.com/facebookresearch/fairseq to /home/jackfromeast/Desktop/python-class-pollution/tasks/cp-collection/output/fairseq/codebase (downloader.py:89)[0m
[32;20m2026-05-15 11:51:18,661 - GithubDownloader - INFO - Repository cloned successfully to /home/jackfromeast/Desktop/python-class-pollution/tasks/cp-collection/output/fairseq/codebase (downloader.py:138)[0m
[32;20m2026-05-15 11:51:18,661 - CodeQLRunner - INFO - Building CodeQL database for: /home/jackfromeast/Desktop/python-class-pollution/tasks/cp-collection/output/fairseq/codebase (logger.py:42)[0m
[32;20m2026-05-15 11:51:18,825 - CodeQLRunner - INFO - Query /home/jackfromeast/Desktop/python-class-pollution/src/pyrl/codeql/class-pollution-all/class-pollution-external.qls executed successfully. Results saved to /home/jackfromeast/Desktop/python-class-pollution/tasks/cp-collection/output/edsnlp/results/class-pollution-external.qls.sarif (logger.py:42)[0m
[32;20m2026-05-15 11:51:18,826 - CodeQLRunner - INFO - Query completed successfully: /home/jackfromeast/Desktop/python-class-pollution/src/pyrl/codeql/class-pollution-all/class-pollution-external.qls (logger.py:42)[0m
[32;20m2026-05-15 11:51:18,826 - CodeQLRunner - INFO - Summarizing CodeQL results... (logger.py:42)[0m
[32;20m2026-05-15 11:51:18,829 - CodeQLRunner - INFO - Processed /home/jackfromeast/Desktop/python-class-pollution/tasks/cp-collection/output/edsnlp/results/class-pollution-external.qls.sarif: 4 flows detected. (logger.py:42)[0m
[32;20m2026-05-15 11:51:18,829 - CodeQLRunner - INFO - Summary saved to /home/jackfromeast/Desktop/python-class-pollution/tasks/cp-collection/output/edsnlp/results/summary.json (logger.py:42)[0m
[32;20m2026-05-15 11:51:18,829 - Scheduler - INFO - Worker completed for repo: https://github.com/aphp/edsnlp/tree/v0.15.0 (run_cp_analysis.py:37)[0m
[32;20m2026-05-15 11:51:18,850 - Scheduler - INFO - Progress: 14/76 repositories scanned. (base_scheduler.py:134)[0m
[32;20m2026-05-15 11:51:18,851 - Scheduler - INFO - Starting worker for repo: https://github.com/amisadmin/fastapi-amis-admin (run_cp_analysis.py:28)[0m
[32;20m2026-05-15 11:51:18,851 - GithubDownloader - INFO - Cloning repository: https://github.com/amisadmin/fastapi-amis-admin to /home/jackfromeast/Desktop/python-class-pollution/tasks/cp-collection/output/fastapi-amis-admin/codebase (downloader.py:89)[0m
[32;20m2026-05-15 11:51:19,263 - GithubDownloader - INFO - Repository cloned successfully to /home/jackfromeast/Desktop/python-class-pollution/tasks/cp-collection/output/fastapi-amis-admin/codebase (downloader.py:138)[0m
[32;20m2026-05-15 11:51:19,264 - CodeQLRunner - INFO - Building CodeQL database for: /home/jackfromeast/Desktop/python-class-pollution/tasks/cp-collection/output/fastapi-amis-admin/codebase (logger.py:42)[0m
[32;20m2026-05-15 11:51:26,530 - CodeQLRunner - INFO - CodeQL database created successfully at /home/jackfromeast/Desktop/python-class-pollution/tasks/cp-collection/output/evennia/codeql-db (logger.py:42)[0m
[32;20m2026-05-15 11:51:26,530 - CodeQLRunner - INFO - Running CodeQL queries on database: /home/jackfromeast/Desktop/python-class-pollution/tasks/cp-collection/output/evennia/codeql-db (logger.py:42)[0m
[32;20m2026-05-15 11:51:26,530 - CodeQLRunner - INFO - Running query: /home/jackfromeast/Desktop/python-class-pollution/src/pyrl/codeql/class-pollution-all/class-pollution-external.qls (logger.py:42)[0m
[32;20m2026-05-15 11:51:32,727 - CodeQLRunner - INFO - CodeQL database created successfully at /home/jackfromeast/Desktop/python-class-pollution/tasks/cp-collection/output/fastapi-amis-admin/codeql-db (logger.py:42)[0m
[32;20m2026-05-15 11:51:32,727 - CodeQLRunner - INFO - Running CodeQL queries on database: /home/jackfromeast/Desktop/python-class-pollution/tasks/cp-collection/output/fastapi-amis-admin/codeql-db (logger.py:42)[0m
[32;20m2026-05-15 11:51:32,728 - CodeQLRunner - INFO - Running query: /home/jackfromeast/Desktop/python-class-pollution/src/pyrl/codeql/class-pollution-all/class-pollution-external.qls (logger.py:42)[0m
[32;20m2026-05-15 11:51:43,424 - CodeQLRunner - INFO - CodeQL database created successfully at /home/jackfromeast/Desktop/python-class-pollution/tasks/cp-collection/output/fairseq/codeql-db (logger.py:42)[0m
[32;20m2026-05-15 11:51:43,424 - CodeQLRunner - INFO - Running CodeQL queries on database: /home/jackfromeast/Desktop/python-class-pollution/tasks/cp-collection/output/fairseq/codeql-db (logger.py:42)[0m
[32;20m2026-05-15 11:51:43,424 - CodeQLRunner - INFO - Running query: /home/jackfromeast/Desktop/python-class-pollution/src/pyrl/codeql/class-pollution-all/class-pollution-external.qls (logger.py:42)[0m
[32;20m2026-05-15 11:52:06,539 - CodeQLRunner - INFO - Query /home/jackfromeast/Desktop/python-class-pollution/src/pyrl/codeql/class-pollution-all/class-pollution-external.qls executed successfully. Results saved to /home/jackfromeast/Desktop/python-class-pollution/tasks/cp-collection/output/fastapi-amis-admin/results/class-pollution-external.qls.sarif (logger.py:42)[0m
[32;20m2026-05-15 11:52:06,540 - CodeQLRunner - INFO - Query completed successfully: /home/jackfromeast/Desktop/python-class-pollution/src/pyrl/codeql/class-pollution-all/class-pollution-external.qls (logger.py:42)[0m
[32;20m2026-05-15 11:52:06,540 - CodeQLRunner - INFO - Summarizing CodeQL results... (logger.py:42)[0m
[32;20m2026-05-15 11:52:06,540 - CodeQLRunner - INFO - Processed /home/jackfromeast/Desktop/python-class-pollution/tasks/cp-collection/output/fastapi-amis-admin/results/class-pollution-external.qls.sarif: 4 flows detected. (logger.py:42)[0m
[32;20m2026-05-15 11:52:06,540 - CodeQLRunner - INFO - Summary saved to /home/jackfromeast/Desktop/python-class-pollution/tasks/cp-collection/output/fastapi-amis-admin/results/summary.json (logger.py:42)[0m
[32;20m2026-05-15 11:52:06,541 - Scheduler - INFO - Worker completed for repo: https://github.com/amisadmin/fastapi-amis-admin (run_cp_analysis.py:37)[0m
[32;20m2026-05-15 11:52:06,563 - Scheduler - INFO - Progress: 15/76 repositories scanned. (base_scheduler.py:134)[0m
[32;20m2026-05-15 11:52:06,564 - Scheduler - INFO - Starting worker for repo: https://github.com/someengineering/fixinventory/tree/4.2.0 (run_cp_analysis.py:28)[0m
[32;20m2026-05-15 11:52:06,565 - GithubDownloader - INFO - Cloning repository: https://github.com/someengineering/fixinventory to /home/jackfromeast/Desktop/python-class-pollution/tasks/cp-collection/output/fixinventory/codebase (ref: 4.2.0) (downloader.py:89)[0m
[32;20m2026-05-15 11:52:08,479 - GithubDownloader - INFO - Checking out ref: 4.2.0 (downloader.py:122)[0m
[32;20m2026-05-15 11:52:08,545 - GithubDownloader - INFO - Checked out ref: 4.2.0 (downloader.py:136)[0m
[32;20m2026-05-15 11:52:08,545 - GithubDownloader - INFO - Repository cloned successfully to /home/jackfromeast/Desktop/python-class-pollution/tasks/cp-collection/output/fixinventory/codebase (downloader.py:138)[0m
[32;20m2026-05-15 11:52:08,545 - CodeQLRunner - INFO - Building CodeQL database for: /home/jackfromeast/Desktop/python-class-pollution/tasks/cp-collection/output/fixinventory/codebase (logger.py:42)[0m
[32;20m2026-05-15 11:52:15,073 - CodeQLRunner - INFO - Query /home/jackfromeast/Desktop/python-class-pollution/src/pyrl/codeql/class-pollution-all/class-pollution-external.qls executed successfully. Results saved to /home/jackfromeast/Desktop/python-class-pollution/tasks/cp-collection/output/clearml/results/class-pollution-external.qls.sarif (logger.py:42)[0m
[32;20m2026-05-15 11:52:15,074 - CodeQLRunner - INFO - Query completed successfully: /home/jackfromeast/Desktop/python-class-pollution/src/pyrl/codeql/class-pollution-all/class-pollution-external.qls (logger.py:42)[0m
[32;20m2026-05-15 11:52:15,074 - CodeQLRunner - INFO - Summarizing CodeQL results... (logger.py:42)[0m
[32;20m2026-05-15 11:52:15,077 - CodeQLRunner - INFO - Processed /home/jackfromeast/Desktop/python-class-pollution/tasks/cp-collection/output/clearml/results/class-pollution-external.qls.sarif: 29 flows detected. (logger.py:42)[0m
[32;20m2026-05-15 11:52:15,077 - CodeQLRunner - INFO - Summary saved to /home/jackfromeast/Desktop/python-class-pollution/tasks/cp-collection/output/clearml/results/summary.json (logger.py:42)[0m
[32;20m2026-05-15 11:52:15,078 - Scheduler - INFO - Worker completed for repo: https://github.com/allegroai/clearml.git/tree/v1.16.5 (run_cp_analysis.py:37)[0m
[32;20m2026-05-15 11:52:15,129 - Scheduler - INFO - Progress: 16/76 repositories scanned. (base_scheduler.py:134)[0m
[32;20m2026-05-15 11:52:15,139 - Scheduler - INFO - Starting worker for repo: https://github.com/google-gemini/generative-ai-python (run_cp_analysis.py:28)[0m
[32;20m2026-05-15 11:52:15,139 - GithubDownloader - INFO - Cloning repository: https://github.com/google-gemini/generative-ai-python to /home/jackfromeast/Desktop/python-class-pollution/tasks/cp-collection/output/generative-ai-python/codebase (downloader.py:89)[0m
[32;20m2026-05-15 11:52:16,966 - GithubDownloader - INFO - Repository cloned successfully to /home/jackfromeast/Desktop/python-class-pollution/tasks/cp-collection/output/generative-ai-python/codebase (downloader.py:138)[0m
[32;20m2026-05-15 11:52:16,967 - CodeQLRunner - INFO - Building CodeQL database for: /home/jackfromeast/Desktop/python-class-pollution/tasks/cp-collection/output/generative-ai-python/codebase (logger.py:42)[0m
[32;20m2026-05-15 11:52:24,223 - CodeQLRunner - INFO - Query /home/jackfromeast/Desktop/python-class-pollution/src/pyrl/codeql/class-pollution-all/class-pollution-external.qls executed successfully. Results saved to /home/jackfromeast/Desktop/python-class-pollution/tasks/cp-collection/output/ComfyUI/results/class-pollution-external.qls.sarif (logger.py:42)[0m
[32;20m2026-05-15 11:52:24,224 - CodeQLRunner - INFO - Query completed successfully: /home/jackfromeast/Desktop/python-class-pollution/src/pyrl/codeql/class-pollution-all/class-pollution-external.qls (logger.py:42)[0m
[32;20m2026-05-15 11:52:24,224 - CodeQLRunner - INFO - Summarizing CodeQL results... (logger.py:42)[0m
[32;20m2026-05-15 11:52:24,228 - CodeQLRunner - INFO - Processed /home/jackfromeast/Desktop/python-class-pollution/tasks/cp-collection/output/ComfyUI/results/class-pollution-external.qls.sarif: 3 flows detected. (logger.py:42)[0m
[32;20m2026-05-15 11:52:24,228 - CodeQLRunner - INFO - Summary saved to /home/jackfromeast/Desktop/python-class-pollution/tasks/cp-collection/output/ComfyUI/results/summary.json (logger.py:42)[0m
[32;20m2026-05-15 11:52:24,229 - Scheduler - INFO - Worker completed for repo: https://github.com/comfyanonymous/ComfyUI (run_cp_analysis.py:37)[0m
[32;20m2026-05-15 11:52:24,251 - Scheduler - INFO - Progress: 17/76 repositories scanned. (base_scheduler.py:134)[0m
[32;20m2026-05-15 11:52:24,253 - Scheduler - INFO - Starting worker for repo: https://github.com/CiscoTestAutomation/genielibs/tree/V24.9 (run_cp_analysis.py:28)[0m
[32;20m2026-05-15 11:52:24,253 - GithubDownloader - INFO - Cloning repository: https://github.com/CiscoTestAutomation/genielibs to /home/jackfromeast/Desktop/python-class-pollution/tasks/cp-collection/output/genielibs/codebase (ref: V24.9) (downloader.py:89)[0m
[32;20m2026-05-15 11:52:27,374 - CodeQLRunner - INFO - CodeQL database created successfully at /home/jackfromeast/Desktop/python-class-pollution/tasks/cp-collection/output/generative-ai-python/codeql-db (logger.py:42)[0m
[32;20m2026-05-15 11:52:27,375 - CodeQLRunner - INFO - Running CodeQL queries on database: /home/jackfromeast/Desktop/python-class-pollution/tasks/cp-collection/output/generative-ai-python/codeql-db (logger.py:42)[0m
[32;20m2026-05-15 11:52:27,375 - CodeQLRunner - INFO - Running query: /home/jackfromeast/Desktop/python-class-pollution/src/pyrl/codeql/class-pollution-all/class-pollution-external.qls (logger.py:42)[0m
[32;20m2026-05-15 11:52:28,119 - GithubDownloader - INFO - Checking out ref: V24.9 (downloader.py:122)[0m
[33;20m2026-05-15 11:52:28,127 - GithubDownloader - WARNING - Failed to checkout ref 'V24.9': error: pathspec 'V24.9' did not match any file(s) known to git; falling back to default branch. (downloader.py:131)[0m
[32;20m2026-05-15 11:52:28,127 - GithubDownloader - INFO - Repository cloned successfully to /home/jackfromeast/Desktop/python-class-pollution/tasks/cp-collection/output/genielibs/codebase (downloader.py:138)[0m
[32;20m2026-05-15 11:52:28,128 - CodeQLRunner - INFO - Building CodeQL database for: /home/jackfromeast/Desktop/python-class-pollution/tasks/cp-collection/output/genielibs/codebase (logger.py:42)[0m
[32;20m2026-05-15 11:52:34,207 - CodeQLRunner - INFO - CodeQL database created successfully at /home/jackfromeast/Desktop/python-class-pollution/tasks/cp-collection/output/fixinventory/codeql-db (logger.py:42)[0m
[32;20m2026-05-15 11:52:34,207 - CodeQLRunner - INFO - Running CodeQL queries on database: /home/jackfromeast/Desktop/python-class-pollution/tasks/cp-collection/output/fixinventory/codeql-db (logger.py:42)[0m
[32;20m2026-05-15 11:52:34,207 - CodeQLRunner - INFO - Running query: /home/jackfromeast/Desktop/python-class-pollution/src/pyrl/codeql/class-pollution-all/class-pollution-external.qls (logger.py:42)[0m
[32;20m2026-05-15 11:52:50,571 - CodeQLRunner - INFO - Query /home/jackfromeast/Desktop/python-class-pollution/src/pyrl/codeql/class-pollution-all/class-pollution-external.qls executed successfully. Results saved to /home/jackfromeast/Desktop/python-class-pollution/tasks/cp-collection/output/generative-ai-python/results/class-pollution-external.qls.sarif (logger.py:42)[0m
[32;20m2026-05-15 11:52:50,571 - CodeQLRunner - INFO - Query completed successfully: /home/jackfromeast/Desktop/python-class-pollution/src/pyrl/codeql/class-pollution-all/class-pollution-external.qls (logger.py:42)[0m
[32;20m2026-05-15 11:52:50,572 - CodeQLRunner - INFO - Summarizing CodeQL results... (logger.py:42)[0m
[32;20m2026-05-15 11:52:50,572 - CodeQLRunner - INFO - Processed /home/jackfromeast/Desktop/python-class-pollution/tasks/cp-collection/output/generative-ai-python/results/class-pollution-external.qls.sarif: 5 flows detected. (logger.py:42)[0m
[32;20m2026-05-15 11:52:50,573 - CodeQLRunner - INFO - Summary saved to /home/jackfromeast/Desktop/python-class-pollution/tasks/cp-collection/output/generative-ai-python/results/summary.json (logger.py:42)[0m
[32;20m2026-05-15 11:52:50,573 - Scheduler - INFO - Worker completed for repo: https://github.com/google-gemini/generative-ai-python (run_cp_analysis.py:37)[0m
[32;20m2026-05-15 11:52:50,596 - Scheduler - INFO - Progress: 18/76 repositories scanned. (base_scheduler.py:134)[0m
[32;20m2026-05-15 11:52:50,598 - Scheduler - INFO - Starting worker for repo: https://github.com/octopus2023-inc/gensphere (run_cp_analysis.py:28)[0m
[32;20m2026-05-15 11:52:50,598 - GithubDownloader - INFO - Cloning repository: https://github.com/octopus2023-inc/gensphere to /home/jackfromeast/Desktop/python-class-pollution/tasks/cp-collection/output/gensphere/codebase (downloader.py:89)[0m
[32;20m2026-05-15 11:52:50,895 - GithubDownloader - INFO - Repository cloned successfully to /home/jackfromeast/Desktop/python-class-pollution/tasks/cp-collection/output/gensphere/codebase (downloader.py:138)[0m
[32;20m2026-05-15 11:52:50,896 - CodeQLRunner - INFO - Building CodeQL database for: /home/jackfromeast/Desktop/python-class-pollution/tasks/cp-collection/output/gensphere/codebase (logger.py:42)[0m
[32;20m2026-05-15 11:52:55,398 - CodeQLRunner - INFO - CodeQL database created successfully at /home/jackfromeast/Desktop/python-class-pollution/tasks/cp-collection/output/gensphere/codeql-db (logger.py:42)[0m
[32;20m2026-05-15 11:52:55,398 - CodeQLRunner - INFO - Running CodeQL queries on database: /home/jackfromeast/Desktop/python-class-pollution/tasks/cp-collection/output/gensphere/codeql-db (logger.py:42)[0m
[32;20m2026-05-15 11:52:55,398 - CodeQLRunner - INFO - Running query: /home/jackfromeast/Desktop/python-class-pollution/src/pyrl/codeql/class-pollution-all/class-pollution-external.qls (logger.py:42)[0m
[32;20m2026-05-15 11:53:07,486 - CodeQLRunner - INFO - Query /home/jackfromeast/Desktop/python-class-pollution/src/pyrl/codeql/class-pollution-all/class-pollution-external.qls executed successfully. Results saved to /home/jackfromeast/Desktop/python-class-pollution/tasks/cp-collection/output/deepchem/results/class-pollution-external.qls.sarif (logger.py:42)[0m
[32;20m2026-05-15 11:53:07,486 - CodeQLRunner - INFO - Query completed successfully: /home/jackfromeast/Desktop/python-class-pollution/src/pyrl/codeql/class-pollution-all/class-pollution-external.qls (logger.py:42)[0m
[32;20m2026-05-15 11:53:07,486 - CodeQLRunner - INFO - Summarizing CodeQL results... (logger.py:42)[0m
[32;20m2026-05-15 11:53:07,491 - CodeQLRunner - INFO - Processed /home/jackfromeast/Desktop/python-class-pollution/tasks/cp-collection/output/deepchem/results/class-pollution-external.qls.sarif: 40 flows detected. (logger.py:42)[0m
[32;20m2026-05-15 11:53:07,491 - CodeQLRunner - INFO - Summary saved to /home/jackfromeast/Desktop/python-class-pollution/tasks/cp-collection/output/deepchem/results/summary.json (logger.py:42)[0m
[32;20m2026-05-15 11:53:07,491 - Scheduler - INFO - Worker completed for repo: https://github.com/deepchem/deepchem (run_cp_analysis.py:37)[0m
[32;20m2026-05-15 11:53:07,510 - Scheduler - INFO - Progress: 19/76 repositories scanned. (base_scheduler.py:134)[0m
[32;20m2026-05-15 11:53:07,511 - Scheduler - INFO - Starting worker for repo: https://pypi.org/project/geodesic-api/tree/0.66.0 (run_cp_analysis.py:28)[0m
[32;20m2026-05-15 11:53:07,512 - PipDownloader - INFO - Cloning repository: geodesic-api==tree to /home/jackfromeast/Desktop/python-class-pollution/tasks/cp-collection/output/geodesic-api/codebase (downloader.py:264)[0m
[33;20m2026-05-15 11:53:07,876 - PipDownloader - WARNING - Version tree not found for geodesic-api, falling back to latest version. (downloader.py:289)[0m
[32;20m2026-05-15 11:53:07,876 - PipDownloader - INFO - Removing existing directory: /home/jackfromeast/Desktop/python-class-pollution/tasks/cp-collection/output/geodesic-api/wheel (downloader.py:228)[0m
[32;20m2026-05-15 11:53:08,446 - PipDownloader - INFO - Successfully downloaded latest version of geodesic-api (downloader.py:304)[0m
[32;20m2026-05-15 11:53:08,446 - PipDownloader - INFO - Extracting /home/jackfromeast/Desktop/python-class-pollution/tasks/cp-collection/output/geodesic-api/wheel/geodesic_api-1.17.11-py3-none-any.whl to /home/jackfromeast/Desktop/python-class-pollution/tasks/cp-collection/output/geodesic-api/codebase (downloader.py:192)[0m
[32;20m2026-05-15 11:53:08,456 - PipDownloader - INFO - Extraction successful: /home/jackfromeast/Desktop/python-class-pollution/tasks/cp-collection/output/geodesic-api/codebase (downloader.py:196)[0m
[32;20m2026-05-15 11:53:08,456 - PipDownloader - INFO - Repository cloned successfully to /home/jackfromeast/Desktop/python-class-pollution/tasks/cp-collection/output/geodesic-api/codebase (downloader.py:330)[0m
[32;20m2026-05-15 11:53:08,456 - CodeQLRunner - INFO - Building CodeQL database for: /home/jackfromeast/Desktop/python-class-pollution/tasks/cp-collection/output/geodesic-api/codebase (logger.py:42)[0m
[32;20m2026-05-15 11:53:10,305 - CodeQLRunner - INFO - Query /home/jackfromeast/Desktop/python-class-pollution/src/pyrl/codeql/class-pollution-all/class-pollution-external.qls executed successfully. Results saved to /home/jackfromeast/Desktop/python-class-pollution/tasks/cp-collection/output/gensphere/results/class-pollution-external.qls.sarif (logger.py:42)[0m
[32;20m2026-05-15 11:53:10,305 - CodeQLRunner - INFO - Query completed successfully: /home/jackfromeast/Desktop/python-class-pollution/src/pyrl/codeql/class-pollution-all/class-pollution-external.qls (logger.py:42)[0m
[32;20m2026-05-15 11:53:10,305 - CodeQLRunner - INFO - Summarizing CodeQL results... (logger.py:42)[0m
[32;20m2026-05-15 11:53:10,305 - CodeQLRunner - INFO - Processed /home/jackfromeast/Desktop/python-class-pollution/tasks/cp-collection/output/gensphere/results/class-pollution-external.qls.sarif: 1 flows detected. (logger.py:42)[0m
[32;20m2026-05-15 11:53:10,306 - CodeQLRunner - INFO - Summary saved to /home/jackfromeast/Desktop/python-class-pollution/tasks/cp-collection/output/gensphere/results/summary.json (logger.py:42)[0m
[32;20m2026-05-15 11:53:10,306 - Scheduler - INFO - Worker completed for repo: https://github.com/octopus2023-inc/gensphere (run_cp_analysis.py:37)[0m
[32;20m2026-05-15 11:53:10,329 - Scheduler - INFO - Progress: 20/76 repositories scanned. (base_scheduler.py:134)[0m
[32;20m2026-05-15 11:53:10,331 - Scheduler - INFO - Starting worker for repo: https://github.com/mahmoud/glom/tree/v24.11.0 (run_cp_analysis.py:28)[0m
[32;20m2026-05-15 11:53:10,331 - GithubDownloader - INFO - Cloning repository: https://github.com/mahmoud/glom to /home/jackfromeast/Desktop/python-class-pollution/tasks/cp-collection/output/glom/codebase (ref: v24.11.0) (downloader.py:89)[0m
[32;20m2026-05-15 11:53:10,789 - GithubDownloader - INFO - Checking out ref: v24.11.0 (downloader.py:122)[0m
[32;20m2026-05-15 11:53:10,795 - GithubDownloader - INFO - Checked out ref: v24.11.0 (downloader.py:136)[0m
[32;20m2026-05-15 11:53:10,795 - GithubDownloader - INFO - Repository cloned successfully to /home/jackfromeast/Desktop/python-class-pollution/tasks/cp-collection/output/glom/codebase (downloader.py:138)[0m
[32;20m2026-05-15 11:53:10,796 - CodeQLRunner - INFO - Building CodeQL database for: /home/jackfromeast/Desktop/python-class-pollution/tasks/cp-collection/output/glom/codebase (logger.py:42)[0m
[32;20m2026-05-15 11:53:13,290 - CodeQLRunner - INFO - CodeQL database created successfully at /home/jackfromeast/Desktop/python-class-pollution/tasks/cp-collection/output/geodesic-api/codeql-db (logger.py:42)[0m
[32;20m2026-05-15 11:53:13,290 - CodeQLRunner - INFO - Running CodeQL queries on database: /home/jackfromeast/Desktop/python-class-pollution/tasks/cp-collection/output/geodesic-api/codeql-db (logger.py:42)[0m
[32;20m2026-05-15 11:53:13,290 - CodeQLRunner - INFO - Running query: /home/jackfromeast/Desktop/python-class-pollution/src/pyrl/codeql/class-pollution-all/class-pollution-external.qls (logger.py:42)[0m
[32;20m2026-05-15 11:53:15,063 - CodeQLRunner - INFO - CodeQL database created successfully at /home/jackfromeast/Desktop/python-class-pollution/tasks/cp-collection/output/glom/codeql-db (logger.py:42)[0m
[32;20m2026-05-15 11:53:15,063 - CodeQLRunner - INFO - Running CodeQL queries on database: /home/jackfromeast/Desktop/python-class-pollution/tasks/cp-collection/output/glom/codeql-db (logger.py:42)[0m
[32;20m2026-05-15 11:53:15,063 - CodeQLRunner - INFO - Running query: /home/jackfromeast/Desktop/python-class-pollution/src/pyrl/codeql/class-pollution-all/class-pollution-external.qls (logger.py:42)[0m
[32;20m2026-05-15 11:53:22,010 - CodeQLRunner - INFO - CodeQL database created successfully at /home/jackfromeast/Desktop/python-class-pollution/tasks/cp-collection/output/genielibs/codeql-db (logger.py:42)[0m
[32;20m2026-05-15 11:53:22,011 - CodeQLRunner - INFO - Running CodeQL queries on database: /home/jackfromeast/Desktop/python-class-pollution/tasks/cp-collection/output/genielibs/codeql-db (logger.py:42)[0m
[32;20m2026-05-15 11:53:22,012 - CodeQLRunner - INFO - Running query: /home/jackfromeast/Desktop/python-class-pollution/src/pyrl/codeql/class-pollution-all/class-pollution-external.qls (logger.py:42)[0m
[32;20m2026-05-15 11:53:33,409 - CodeQLRunner - INFO - Query /home/jackfromeast/Desktop/python-class-pollution/src/pyrl/codeql/class-pollution-all/class-pollution-external.qls executed successfully. Results saved to /home/jackfromeast/Desktop/python-class-pollution/tasks/cp-collection/output/glom/results/class-pollution-external.qls.sarif (logger.py:42)[0m
[32;20m2026-05-15 11:53:33,409 - CodeQLRunner - INFO - Query completed successfully: /home/jackfromeast/Desktop/python-class-pollution/src/pyrl/codeql/class-pollution-all/class-pollution-external.qls (logger.py:42)[0m
[32;20m2026-05-15 11:53:33,409 - CodeQLRunner - INFO - Summarizing CodeQL results... (logger.py:42)[0m
[32;20m2026-05-15 11:53:33,410 - CodeQLRunner - INFO - Processed /home/jackfromeast/Desktop/python-class-pollution/tasks/cp-collection/output/glom/results/class-pollution-external.qls.sarif: 15 flows detected. (logger.py:42)[0m
[32;20m2026-05-15 11:53:33,410 - CodeQLRunner - INFO - Summary saved to /home/jackfromeast/Desktop/python-class-pollution/tasks/cp-collection/output/glom/results/summary.json (logger.py:42)[0m
[32;20m2026-05-15 11:53:33,410 - Scheduler - INFO - Worker completed for repo: https://github.com/mahmoud/glom/tree/v24.11.0 (run_cp_analysis.py:37)[0m
[32;20m2026-05-15 11:53:33,430 - Scheduler - INFO - Progress: 21/76 repositories scanned. (base_scheduler.py:134)[0m
[32;20m2026-05-15 11:53:33,431 - Scheduler - INFO - Starting worker for repo: https://github.com/hummingbot/hummingbot (run_cp_analysis.py:28)[0m
[32;20m2026-05-15 11:53:33,431 - GithubDownloader - INFO - Cloning repository: https://github.com/hummingbot/hummingbot to /home/jackfromeast/Desktop/python-class-pollution/tasks/cp-collection/output/hummingbot/codebase (downloader.py:89)[0m
[32;20m2026-05-15 11:53:34,027 - CodeQLRunner - INFO - Query /home/jackfromeast/Desktop/python-class-pollution/src/pyrl/codeql/class-pollution-all/class-pollution-external.qls executed successfully. Results saved to /home/jackfromeast/Desktop/python-class-pollution/tasks/cp-collection/output/geodesic-api/results/class-pollution-external.qls.sarif (logger.py:42)[0m
[32;20m2026-05-15 11:53:34,027 - CodeQLRunner - INFO - Query completed successfully: /home/jackfromeast/Desktop/python-class-pollution/src/pyrl/codeql/class-pollution-all/class-pollution-external.qls (logger.py:42)[0m
[32;20m2026-05-15 11:53:34,027 - CodeQLRunner - INFO - Summarizing CodeQL results... (logger.py:42)[0m
[32;20m2026-05-15 11:53:34,029 - CodeQLRunner - INFO - Processed /home/jackfromeast/Desktop/python-class-pollution/tasks/cp-collection/output/geodesic-api/results/class-pollution-external.qls.sarif: 47 flows detected. (logger.py:42)[0m
[32;20m2026-05-15 11:53:34,030 - CodeQLRunner - INFO - Summary saved to /home/jackfromeast/Desktop/python-class-pollution/tasks/cp-collection/output/geodesic-api/results/summary.json (logger.py:42)[0m
[32;20m2026-05-15 11:53:34,030 - Scheduler - INFO - Worker completed for repo: https://pypi.org/project/geodesic-api/tree/0.66.0 (run_cp_analysis.py:37)[0m
[32;20m2026-05-15 11:53:34,046 - Scheduler - INFO - Progress: 22/76 repositories scanned. (base_scheduler.py:134)[0m
[32;20m2026-05-15 11:53:34,048 - Scheduler - INFO - Starting worker for repo: https://github.com/ibis-project/ibis (run_cp_analysis.py:28)[0m
[32;20m2026-05-15 11:53:34,048 - GithubDownloader - INFO - Cloning repository: https://github.com/ibis-project/ibis to /home/jackfromeast/Desktop/python-class-pollution/tasks/cp-collection/output/ibis/codebase (downloader.py:89)[0m
[32;20m2026-05-15 11:53:44,501 - CodeQLRunner - INFO - Query /home/jackfromeast/Desktop/python-class-pollution/src/pyrl/codeql/class-pollution-all/class-pollution-external.qls executed successfully. Results saved to /home/jackfromeast/Desktop/python-class-pollution/tasks/cp-collection/output/evennia/results/class-pollution-external.qls.sarif (logger.py:42)[0m
[32;20m2026-05-15 11:53:44,502 - CodeQLRunner - INFO - Query completed successfully: /home/jackfromeast/Desktop/python-class-pollution/src/pyrl/codeql/class-pollution-all/class-pollution-external.qls (logger.py:42)[0m
[32;20m2026-05-15 11:53:44,502 - CodeQLRunner - INFO - Summarizing CodeQL results... (logger.py:42)[0m
[32;20m2026-05-15 11:53:44,504 - CodeQLRunner - INFO - Processed /home/jackfromeast/Desktop/python-class-pollution/tasks/cp-collection/output/evennia/results/class-pollution-external.qls.sarif: 2 flows detected. (logger.py:42)[0m
[32;20m2026-05-15 11:53:44,504 - CodeQLRunner - INFO - Summary saved to /home/jackfromeast/Desktop/python-class-pollution/tasks/cp-collection/output/evennia/results/summary.json (logger.py:42)[0m
[32;20m2026-05-15 11:53:44,504 - Scheduler - INFO - Worker completed for repo: https://github.com/evennia/evennia (run_cp_analysis.py:37)[0m
[32;20m2026-05-15 11:53:44,514 - Scheduler - INFO - Progress: 23/76 repositories scanned. (base_scheduler.py:134)[0m
[32;20m2026-05-15 11:53:44,515 - Scheduler - INFO - Starting worker for repo: https://github.com/isaac-sim/IsaacLab/tree/v1.4.0 (run_cp_analysis.py:28)[0m
[32;20m2026-05-15 11:53:44,515 - GithubDownloader - INFO - Cloning repository: https://github.com/isaac-sim/IsaacLab to /home/jackfromeast/Desktop/python-class-pollution/tasks/cp-collection/output/IsaacLab/codebase (ref: v1.4.0) (downloader.py:89)[0m
[32;20m2026-05-15 11:53:45,192 - GithubDownloader - INFO - Repository cloned successfully to /home/jackfromeast/Desktop/python-class-pollution/tasks/cp-collection/output/hummingbot/codebase (downloader.py:138)[0m
[32;20m2026-05-15 11:53:45,192 - CodeQLRunner - INFO - Building CodeQL database for: /home/jackfromeast/Desktop/python-class-pollution/tasks/cp-collection/output/hummingbot/codebase (logger.py:42)[0m
[32;20m2026-05-15 11:53:45,817 - GithubDownloader - INFO - Repository cloned successfully to /home/jackfromeast/Desktop/python-class-pollution/tasks/cp-collection/output/ibis/codebase (downloader.py:138)[0m
[32;20m2026-05-15 11:53:45,818 - CodeQLRunner - INFO - Building CodeQL database for: /home/jackfromeast/Desktop/python-class-pollution/tasks/cp-collection/output/ibis/codebase (logger.py:42)[0m
[32;20m2026-05-15 11:53:59,837 - CodeQLRunner - INFO - CodeQL database created successfully at /home/jackfromeast/Desktop/python-class-pollution/tasks/cp-collection/output/ibis/codeql-db (logger.py:42)[0m
[32;20m2026-05-15 11:53:59,838 - CodeQLRunner - INFO - Running CodeQL queries on database: /home/jackfromeast/Desktop/python-class-pollution/tasks/cp-collection/output/ibis/codeql-db (logger.py:42)[0m
[32;20m2026-05-15 11:53:59,838 - CodeQLRunner - INFO - Running query: /home/jackfromeast/Desktop/python-class-pollution/src/pyrl/codeql/class-pollution-all/class-pollution-external.qls (logger.py:42)[0m
[32;20m2026-05-15 11:54:04,457 - CodeQLRunner - INFO - Query /home/jackfromeast/Desktop/python-class-pollution/src/pyrl/codeql/class-pollution-all/class-pollution-external.qls executed successfully. Results saved to /home/jackfromeast/Desktop/python-class-pollution/tasks/cp-collection/output/fixinventory/results/class-pollution-external.qls.sarif (logger.py:42)[0m
[32;20m2026-05-15 11:54:04,457 - CodeQLRunner - INFO - Query completed successfully: /home/jackfromeast/Desktop/python-class-pollution/src/pyrl/codeql/class-pollution-all/class-pollution-external.qls (logger.py:42)[0m
[32;20m2026-05-15 11:54:04,457 - CodeQLRunner - INFO - Summarizing CodeQL results... (logger.py:42)[0m
[32;20m2026-05-15 11:54:04,460 - CodeQLRunner - INFO - Processed /home/jackfromeast/Desktop/python-class-pollution/tasks/cp-collection/output/fixinventory/results/class-pollution-external.qls.sarif: 0 flows detected. (logger.py:42)[0m
[32;20m2026-05-15 11:54:04,460 - CodeQLRunner - INFO - Summary saved to /home/jackfromeast/Desktop/python-class-pollution/tasks/cp-collection/output/fixinventory/results/summary.json (logger.py:42)[0m
[32;20m2026-05-15 11:54:04,460 - CodeQLRunner - INFO - No flows detected. Cleaning up... (logger.py:42)[0m
[32;20m2026-05-15 11:54:04,460 - CodeQLRunner - INFO - Cleaning up CodeQL database and codebase... (logger.py:42)[0m
[32;20m2026-05-15 11:54:04,838 - CodeQLRunner - INFO - No processes found using /home/jackfromeast/Desktop/python-class-pollution/tasks/cp-collection/output/fixinventory/codeql-db. (logger.py:42)[0m
[32;20m2026-05-15 11:54:04,918 - CodeQLRunner - INFO - Removed repo directory at /home/jackfromeast/Desktop/python-class-pollution/tasks/cp-collection/output/fixinventory as no flows detected. (logger.py:42)[0m
[32;20m2026-05-15 11:54:04,918 - Scheduler - INFO - Worker completed for repo: https://github.com/someengineering/fixinventory/tree/4.2.0 (run_cp_analysis.py:37)[0m
[32;20m2026-05-15 11:54:04,934 - Scheduler - INFO - Progress: 24/76 repositories scanned. (base_scheduler.py:134)[0m
[32;20m2026-05-15 11:54:04,935 - Scheduler - INFO - Starting worker for repo: https://github.com/vacancy/Jacinle (run_cp_analysis.py:28)[0m
[32;20m2026-05-15 11:54:04,936 - GithubDownloader - INFO - Cloning repository: https://github.com/vacancy/Jacinle to /home/jackfromeast/Desktop/python-class-pollution/tasks/cp-collection/output/Jacinle/codebase (downloader.py:89)[0m
[32;20m2026-05-15 11:54:05,266 - GithubDownloader - INFO - Repository cloned successfully to /home/jackfromeast/Desktop/python-class-pollution/tasks/cp-collection/output/Jacinle/codebase (downloader.py:138)[0m
[32;20m2026-05-15 11:54:05,267 - CodeQLRunner - INFO - Building CodeQL database for: /home/jackfromeast/Desktop/python-class-pollution/tasks/cp-collection/output/Jacinle/codebase (logger.py:42)[0m
[32;20m2026-05-15 11:54:11,059 - CodeQLRunner - INFO - CodeQL database created successfully at /home/jackfromeast/Desktop/python-class-pollution/tasks/cp-collection/output/Jacinle/codeql-db (logger.py:42)[0m
[32;20m2026-05-15 11:54:11,060 - CodeQLRunner - INFO - Running CodeQL queries on database: /home/jackfromeast/Desktop/python-class-pollution/tasks/cp-collection/output/Jacinle/codeql-db (logger.py:42)[0m
[32;20m2026-05-15 11:54:11,060 - CodeQLRunner - INFO - Running query: /home/jackfromeast/Desktop/python-class-pollution/src/pyrl/codeql/class-pollution-all/class-pollution-external.qls (logger.py:42)[0m
[32;20m2026-05-15 11:54:12,009 - CodeQLRunner - INFO - CodeQL database created successfully at /home/jackfromeast/Desktop/python-class-pollution/tasks/cp-collection/output/hummingbot/codeql-db (logger.py:42)[0m
[32;20m2026-05-15 11:54:12,010 - CodeQLRunner - INFO - Running CodeQL queries on database: /home/jackfromeast/Desktop/python-class-pollution/tasks/cp-collection/output/hummingbot/codeql-db (logger.py:42)[0m
[32;20m2026-05-15 11:54:12,010 - CodeQLRunner - INFO - Running query: /home/jackfromeast/Desktop/python-class-pollution/src/pyrl/codeql/class-pollution-all/class-pollution-external.qls (logger.py:42)[0m
[32;20m2026-05-15 11:54:14,867 - GithubDownloader - INFO - Checking out ref: v1.4.0 (downloader.py:122)[0m
[32;20m2026-05-15 11:54:15,067 - GithubDownloader - INFO - Checked out ref: v1.4.0 (downloader.py:136)[0m
[32;20m2026-05-15 11:54:15,068 - GithubDownloader - INFO - Repository cloned successfully to /home/jackfromeast/Desktop/python-class-pollution/tasks/cp-collection/output/IsaacLab/codebase (downloader.py:138)[0m
[32;20m2026-05-15 11:54:15,068 - CodeQLRunner - INFO - Building CodeQL database for: /home/jackfromeast/Desktop/python-class-pollution/tasks/cp-collection/output/IsaacLab/codebase (logger.py:42)[0m
[32;20m2026-05-15 11:54:26,192 - CodeQLRunner - INFO - CodeQL database created successfully at /home/jackfromeast/Desktop/python-class-pollution/tasks/cp-collection/output/IsaacLab/codeql-db (logger.py:42)[0m
[32;20m2026-05-15 11:54:26,193 - CodeQLRunner - INFO - Running CodeQL queries on database: /home/jackfromeast/Desktop/python-class-pollution/tasks/cp-collection/output/IsaacLab/codeql-db (logger.py:42)[0m
[32;20m2026-05-15 11:54:26,193 - CodeQLRunner - INFO - Running query: /home/jackfromeast/Desktop/python-class-pollution/src/pyrl/codeql/class-pollution-all/class-pollution-external.qls (logger.py:42)[0m
[32;20m2026-05-15 11:54:38,647 - CodeQLRunner - INFO - Query /home/jackfromeast/Desktop/python-class-pollution/src/pyrl/codeql/class-pollution-all/class-pollution-external.qls executed successfully. Results saved to /home/jackfromeast/Desktop/python-class-pollution/tasks/cp-collection/output/Jacinle/results/class-pollution-external.qls.sarif (logger.py:42)[0m
[32;20m2026-05-15 11:54:38,647 - CodeQLRunner - INFO - Query completed successfully: /home/jackfromeast/Desktop/python-class-pollution/src/pyrl/codeql/class-pollution-all/class-pollution-external.qls (logger.py:42)[0m
[32;20m2026-05-15 11:54:38,647 - CodeQLRunner - INFO - Summarizing CodeQL results... (logger.py:42)[0m
[32;20m2026-05-15 11:54:38,649 - CodeQLRunner - INFO - Processed /home/jackfromeast/Desktop/python-class-pollution/tasks/cp-collection/output/Jacinle/results/class-pollution-external.qls.sarif: 1 flows detected. (logger.py:42)[0m
[32;20m2026-05-15 11:54:38,649 - CodeQLRunner - INFO - Summary saved to /home/jackfromeast/Desktop/python-class-pollution/tasks/cp-collection/output/Jacinle/results/summary.json (logger.py:42)[0m
[32;20m2026-05-15 11:54:38,649 - Scheduler - INFO - Worker completed for repo: https://github.com/vacancy/Jacinle (run_cp_analysis.py:37)[0m
[32;20m2026-05-15 11:54:38,670 - Scheduler - INFO - Progress: 25/76 repositories scanned. (base_scheduler.py:134)[0m
[32;20m2026-05-15 11:54:38,671 - Scheduler - INFO - Starting worker for repo: https://github.com/zhinst/laboneq/tree/v2.44.0 (run_cp_analysis.py:28)[0m
[32;20m2026-05-15 11:54:38,672 - GithubDownloader - INFO - Cloning repository: https://github.com/zhinst/laboneq to /home/jackfromeast/Desktop/python-class-pollution/tasks/cp-collection/output/laboneq/codebase (ref: v2.44.0) (downloader.py:89)[0m
[32;20m2026-05-15 11:54:39,729 - GithubDownloader - INFO - Checking out ref: v2.44.0 (downloader.py:122)[0m
[33;20m2026-05-15 11:54:39,732 - GithubDownloader - WARNING - Failed to checkout ref 'v2.44.0': error: pathspec 'v2.44.0' did not match any file(s) known to git; falling back to default branch. (downloader.py:131)[0m
[32;20m2026-05-15 11:54:39,732 - GithubDownloader - INFO - Repository cloned successfully to /home/jackfromeast/Desktop/python-class-pollution/tasks/cp-collection/output/laboneq/codebase (downloader.py:138)[0m
[32;20m2026-05-15 11:54:39,732 - CodeQLRunner - INFO - Building CodeQL database for: /home/jackfromeast/Desktop/python-class-pollution/tasks/cp-collection/output/laboneq/codebase (logger.py:42)[0m
[32;20m2026-05-15 11:54:47,754 - CodeQLRunner - INFO - CodeQL database created successfully at /home/jackfromeast/Desktop/python-class-pollution/tasks/cp-collection/output/laboneq/codeql-db (logger.py:42)[0m
[32;20m2026-05-15 11:54:47,754 - CodeQLRunner - INFO - Running CodeQL queries on database: /home/jackfromeast/Desktop/python-class-pollution/tasks/cp-collection/output/laboneq/codeql-db (logger.py:42)[0m
[32;20m2026-05-15 11:54:47,755 - CodeQLRunner - INFO - Running query: /home/jackfromeast/Desktop/python-class-pollution/src/pyrl/codeql/class-pollution-all/class-pollution-external.qls (logger.py:42)[0m
[32;20m2026-05-15 11:54:55,377 - CodeQLRunner - INFO - Query /home/jackfromeast/Desktop/python-class-pollution/src/pyrl/codeql/class-pollution-all/class-pollution-external.qls executed successfully. Results saved to /home/jackfromeast/Desktop/python-class-pollution/tasks/cp-collection/output/IsaacLab/results/class-pollution-external.qls.sarif (logger.py:42)[0m
[32;20m2026-05-15 11:54:55,377 - CodeQLRunner - INFO - Query completed successfully: /home/jackfromeast/Desktop/python-class-pollution/src/pyrl/codeql/class-pollution-all/class-pollution-external.qls (logger.py:42)[0m
[32;20m2026-05-15 11:54:55,377 - CodeQLRunner - INFO - Summarizing CodeQL results... (logger.py:42)[0m
[32;20m2026-05-15 11:54:55,380 - CodeQLRunner - INFO - Processed /home/jackfromeast/Desktop/python-class-pollution/tasks/cp-collection/output/IsaacLab/results/class-pollution-external.qls.sarif: 2 flows detected. (logger.py:42)[0m
[32;20m2026-05-15 11:54:55,380 - CodeQLRunner - INFO - Summary saved to /home/jackfromeast/Desktop/python-class-pollution/tasks/cp-collection/output/IsaacLab/results/summary.json (logger.py:42)[0m
[32;20m2026-05-15 11:54:55,380 - Scheduler - INFO - Worker completed for repo: https://github.com/isaac-sim/IsaacLab/tree/v1.4.0 (run_cp_analysis.py:37)[0m
[32;20m2026-05-15 11:54:55,393 - Scheduler - INFO - Progress: 26/76 repositories scanned. (base_scheduler.py:134)[0m
[32;20m2026-05-15 11:54:55,394 - Scheduler - INFO - Starting worker for repo: https://github.com/leggedrobotics/legged_gym (run_cp_analysis.py:28)[0m
[32;20m2026-05-15 11:54:55,395 - GithubDownloader - INFO - Cloning repository: https://github.com/leggedrobotics/legged_gym to /home/jackfromeast/Desktop/python-class-pollution/tasks/cp-collection/output/legged_gym/codebase (downloader.py:89)[0m
[32;20m2026-05-15 11:54:56,289 - GithubDownloader - INFO - Repository cloned successfully to /home/jackfromeast/Desktop/python-class-pollution/tasks/cp-collection/output/legged_gym/codebase (downloader.py:138)[0m
[32;20m2026-05-15 11:54:56,290 - CodeQLRunner - INFO - Building CodeQL database for: /home/jackfromeast/Desktop/python-class-pollution/tasks/cp-collection/output/legged_gym/codebase (logger.py:42)[0m
[32;20m2026-05-15 11:55:01,004 - CodeQLRunner - INFO - CodeQL database created successfully at /home/jackfromeast/Desktop/python-class-pollution/tasks/cp-collection/output/legged_gym/codeql-db (logger.py:42)[0m
[32;20m2026-05-15 11:55:01,004 - CodeQLRunner - INFO - Running CodeQL queries on database: /home/jackfromeast/Desktop/python-class-pollution/tasks/cp-collection/output/legged_gym/codeql-db (logger.py:42)[0m
[32;20m2026-05-15 11:55:01,004 - CodeQLRunner - INFO - Running query: /home/jackfromeast/Desktop/python-class-pollution/src/pyrl/codeql/class-pollution-all/class-pollution-external.qls (logger.py:42)[0m
[32;20m2026-05-15 11:55:14,461 - CodeQLRunner - INFO - Query /home/jackfromeast/Desktop/python-class-pollution/src/pyrl/codeql/class-pollution-all/class-pollution-external.qls executed successfully. Results saved to /home/jackfromeast/Desktop/python-class-pollution/tasks/cp-collection/output/ibis/results/class-pollution-external.qls.sarif (logger.py:42)[0m
[32;20m2026-05-15 11:55:14,461 - CodeQLRunner - INFO - Query completed successfully: /home/jackfromeast/Desktop/python-class-pollution/src/pyrl/codeql/class-pollution-all/class-pollution-external.qls (logger.py:42)[0m
[32;20m2026-05-15 11:55:14,461 - CodeQLRunner - INFO - Summarizing CodeQL results... (logger.py:42)[0m
[32;20m2026-05-15 11:55:14,462 - CodeQLRunner - INFO - Processed /home/jackfromeast/Desktop/python-class-pollution/tasks/cp-collection/output/ibis/results/class-pollution-external.qls.sarif: 1 flows detected. (logger.py:42)[0m
[32;20m2026-05-15 11:55:14,462 - CodeQLRunner - INFO - Summary saved to /home/jackfromeast/Desktop/python-class-pollution/tasks/cp-collection/output/ibis/results/summary.json (logger.py:42)[0m
[32;20m2026-05-15 11:55:14,463 - Scheduler - INFO - Worker completed for repo: https://github.com/ibis-project/ibis (run_cp_analysis.py:37)[0m
[32;20m2026-05-15 11:55:14,476 - Scheduler - INFO - Progress: 27/76 repositories scanned. (base_scheduler.py:134)[0m
[32;20m2026-05-15 11:55:14,477 - Scheduler - INFO - Starting worker for repo: https://github.com/frmdstryr/magicattr/tree/v3.9.0 (run_cp_analysis.py:28)[0m
[32;20m2026-05-15 11:55:14,477 - GithubDownloader - INFO - Cloning repository: https://github.com/frmdstryr/magicattr to /home/jackfromeast/Desktop/python-class-pollution/tasks/cp-collection/output/magicattr/codebase (ref: v3.9.0) (downloader.py:89)[0m
[32;20m2026-05-15 11:55:14,677 - GithubDownloader - INFO - Checking out ref: v3.9.0 (downloader.py:122)[0m
[33;20m2026-05-15 11:55:14,679 - GithubDownloader - WARNING - Failed to checkout ref 'v3.9.0': error: pathspec 'v3.9.0' did not match any file(s) known to git; falling back to default branch. (downloader.py:131)[0m
[32;20m2026-05-15 11:55:14,679 - GithubDownloader - INFO - Repository cloned successfully to /home/jackfromeast/Desktop/python-class-pollution/tasks/cp-collection/output/magicattr/codebase (downloader.py:138)[0m
[32;20m2026-05-15 11:55:14,679 - CodeQLRunner - INFO - Building CodeQL database for: /home/jackfromeast/Desktop/python-class-pollution/tasks/cp-collection/output/magicattr/codebase (logger.py:42)[0m
[32;20m2026-05-15 11:55:15,145 - CodeQLRunner - INFO - Query /home/jackfromeast/Desktop/python-class-pollution/src/pyrl/codeql/class-pollution-all/class-pollution-external.qls executed successfully. Results saved to /home/jackfromeast/Desktop/python-class-pollution/tasks/cp-collection/output/legged_gym/results/class-pollution-external.qls.sarif (logger.py:42)[0m
[32;20m2026-05-15 11:55:15,145 - CodeQLRunner - INFO - Query completed successfully: /home/jackfromeast/Desktop/python-class-pollution/src/pyrl/codeql/class-pollution-all/class-pollution-external.qls (logger.py:42)[0m
[32;20m2026-05-15 11:55:15,145 - CodeQLRunner - INFO - Summarizing CodeQL results... (logger.py:42)[0m
[32;20m2026-05-15 11:55:15,145 - CodeQLRunner - INFO - Processed /home/jackfromeast/Desktop/python-class-pollution/tasks/cp-collection/output/legged_gym/results/class-pollution-external.qls.sarif: 1 flows detected. (logger.py:42)[0m
[32;20m2026-05-15 11:55:15,145 - CodeQLRunner - INFO - Summary saved to /home/jackfromeast/Desktop/python-class-pollution/tasks/cp-collection/output/legged_gym/results/summary.json (logger.py:42)[0m
[32;20m2026-05-15 11:55:15,146 - Scheduler - INFO - Worker completed for repo: https://github.com/leggedrobotics/legged_gym (run_cp_analysis.py:37)[0m
[32;20m2026-05-15 11:55:15,166 - Scheduler - INFO - Progress: 28/76 repositories scanned. (base_scheduler.py:134)[0m
[32;20m2026-05-15 11:55:15,168 - Scheduler - INFO - Starting worker for repo: https://github.com/google/mesop/tree/v0.13.0 (run_cp_analysis.py:28)[0m
[32;20m2026-05-15 11:55:15,168 - GithubDownloader - INFO - Cloning repository: https://github.com/google/mesop to /home/jackfromeast/Desktop/python-class-pollution/tasks/cp-collection/output/mesop/codebase (ref: v0.13.0) (downloader.py:89)[0m
[32;20m2026-05-15 11:55:16,001 - GithubDownloader - INFO - Checking out ref: v0.13.0 (downloader.py:122)[0m
[32;20m2026-05-15 11:55:16,097 - GithubDownloader - INFO - Checked out ref: v0.13.0 (downloader.py:136)[0m
[32;20m2026-05-15 11:55:16,097 - GithubDownloader - INFO - Repository cloned successfully to /home/jackfromeast/Desktop/python-class-pollution/tasks/cp-collection/output/mesop/codebase (downloader.py:138)[0m
[32;20m2026-05-15 11:55:16,098 - CodeQLRunner - INFO - Building CodeQL database for: /home/jackfromeast/Desktop/python-class-pollution/tasks/cp-collection/output/mesop/codebase (logger.py:42)[0m
[32;20m2026-05-15 11:55:18,884 - CodeQLRunner - INFO - CodeQL database created successfully at /home/jackfromeast/Desktop/python-class-pollution/tasks/cp-collection/output/magicattr/codeql-db (logger.py:42)[0m
[32;20m2026-05-15 11:55:18,884 - CodeQLRunner - INFO - Running CodeQL queries on database: /home/jackfromeast/Desktop/python-class-pollution/tasks/cp-collection/output/magicattr/codeql-db (logger.py:42)[0m
[32;20m2026-05-15 11:55:18,884 - CodeQLRunner - INFO - Running query: /home/jackfromeast/Desktop/python-class-pollution/src/pyrl/codeql/class-pollution-all/class-pollution-external.qls (logger.py:42)[0m
[32;20m2026-05-15 11:55:22,730 - CodeQLRunner - INFO - CodeQL database created successfully at /home/jackfromeast/Desktop/python-class-pollution/tasks/cp-collection/output/mesop/codeql-db (logger.py:42)[0m
[32;20m2026-05-15 11:55:22,730 - CodeQLRunner - INFO - Running CodeQL queries on database: /home/jackfromeast/Desktop/python-class-pollution/tasks/cp-collection/output/mesop/codeql-db (logger.py:42)[0m
[32;20m2026-05-15 11:55:22,730 - CodeQLRunner - INFO - Running query: /home/jackfromeast/Desktop/python-class-pollution/src/pyrl/codeql/class-pollution-all/class-pollution-external.qls (logger.py:42)[0m
[32;20m2026-05-15 11:55:29,989 - CodeQLRunner - INFO - Query /home/jackfromeast/Desktop/python-class-pollution/src/pyrl/codeql/class-pollution-all/class-pollution-external.qls executed successfully. Results saved to /home/jackfromeast/Desktop/python-class-pollution/tasks/cp-collection/output/laboneq/results/class-pollution-external.qls.sarif (logger.py:42)[0m
[32;20m2026-05-15 11:55:29,989 - CodeQLRunner - INFO - Query completed successfully: /home/jackfromeast/Desktop/python-class-pollution/src/pyrl/codeql/class-pollution-all/class-pollution-external.qls (logger.py:42)[0m
[32;20m2026-05-15 11:55:29,989 - CodeQLRunner - INFO - Summarizing CodeQL results... (logger.py:42)[0m
[32;20m2026-05-15 11:55:29,991 - CodeQLRunner - INFO - Processed /home/jackfromeast/Desktop/python-class-pollution/tasks/cp-collection/output/laboneq/results/class-pollution-external.qls.sarif: 0 flows detected. (logger.py:42)[0m
[32;20m2026-05-15 11:55:29,991 - CodeQLRunner - INFO - Summary saved to /home/jackfromeast/Desktop/python-class-pollution/tasks/cp-collection/output/laboneq/results/summary.json (logger.py:42)[0m
[32;20m2026-05-15 11:55:29,992 - CodeQLRunner - INFO - No flows detected. Cleaning up... (logger.py:42)[0m
[32;20m2026-05-15 11:55:29,992 - CodeQLRunner - INFO - Cleaning up CodeQL database and codebase... (logger.py:42)[0m
[32;20m2026-05-15 11:55:30,362 - CodeQLRunner - INFO - No processes found using /home/jackfromeast/Desktop/python-class-pollution/tasks/cp-collection/output/laboneq/codeql-db. (logger.py:42)[0m
[32;20m2026-05-15 11:55:30,434 - CodeQLRunner - INFO - Removed repo directory at /home/jackfromeast/Desktop/python-class-pollution/tasks/cp-collection/output/laboneq as no flows detected. (logger.py:42)[0m
[32;20m2026-05-15 11:55:30,435 - Scheduler - INFO - Worker completed for repo: https://github.com/zhinst/laboneq/tree/v2.44.0 (run_cp_analysis.py:37)[0m
[32;20m2026-05-15 11:55:30,461 - Scheduler - INFO - Progress: 29/76 repositories scanned. (base_scheduler.py:134)[0m
[32;20m2026-05-15 11:55:30,467 - Scheduler - INFO - Starting worker for repo: https://github.com/google-research/meta-dataset (run_cp_analysis.py:28)[0m
[32;20m2026-05-15 11:55:30,468 - GithubDownloader - INFO - Cloning repository: https://github.com/google-research/meta-dataset to /home/jackfromeast/Desktop/python-class-pollution/tasks/cp-collection/output/meta-dataset/codebase (downloader.py:89)[0m
[32;20m2026-05-15 11:55:31,369 - GithubDownloader - INFO - Repository cloned successfully to /home/jackfromeast/Desktop/python-class-pollution/tasks/cp-collection/output/meta-dataset/codebase (downloader.py:138)[0m
[32;20m2026-05-15 11:55:31,370 - CodeQLRunner - INFO - Building CodeQL database for: /home/jackfromeast/Desktop/python-class-pollution/tasks/cp-collection/output/meta-dataset/codebase (logger.py:42)[0m
[32;20m2026-05-15 11:55:31,720 - CodeQLRunner - INFO - Query /home/jackfromeast/Desktop/python-class-pollution/src/pyrl/codeql/class-pollution-all/class-pollution-external.qls executed successfully. Results saved to /home/jackfromeast/Desktop/python-class-pollution/tasks/cp-collection/output/magicattr/results/class-pollution-external.qls.sarif (logger.py:42)[0m
[32;20m2026-05-15 11:55:31,720 - CodeQLRunner - INFO - Query completed successfully: /home/jackfromeast/Desktop/python-class-pollution/src/pyrl/codeql/class-pollution-all/class-pollution-external.qls (logger.py:42)[0m
[32;20m2026-05-15 11:55:31,720 - CodeQLRunner - INFO - Summarizing CodeQL results... (logger.py:42)[0m
[32;20m2026-05-15 11:55:31,721 - CodeQLRunner - INFO - Processed /home/jackfromeast/Desktop/python-class-pollution/tasks/cp-collection/output/magicattr/results/class-pollution-external.qls.sarif: 5 flows detected. (logger.py:42)[0m
[32;20m2026-05-15 11:55:31,721 - CodeQLRunner - INFO - Summary saved to /home/jackfromeast/Desktop/python-class-pollution/tasks/cp-collection/output/magicattr/results/summary.json (logger.py:42)[0m
[32;20m2026-05-15 11:55:31,721 - Scheduler - INFO - Worker completed for repo: https://github.com/frmdstryr/magicattr/tree/v3.9.0 (run_cp_analysis.py:37)[0m
[32;20m2026-05-15 11:55:31,743 - Scheduler - INFO - Progress: 30/76 repositories scanned. (base_scheduler.py:134)[0m
[32;20m2026-05-15 11:55:31,744 - Scheduler - INFO - Starting worker for repo: https://github.com/karpathy/minGPT (run_cp_analysis.py:28)[0m
[32;20m2026-05-15 11:55:31,745 - GithubDownloader - INFO - Cloning repository: https://github.com/karpathy/minGPT to /home/jackfromeast/Desktop/python-class-pollution/tasks/cp-collection/output/minGPT/codebase (downloader.py:89)[0m
[32;20m2026-05-15 11:55:32,003 - GithubDownloader - INFO - Repository cloned successfully to /home/jackfromeast/Desktop/python-class-pollution/tasks/cp-collection/output/minGPT/codebase (downloader.py:138)[0m
[32;20m2026-05-15 11:55:32,004 - CodeQLRunner - INFO - Building CodeQL database for: /home/jackfromeast/Desktop/python-class-pollution/tasks/cp-collection/output/minGPT/codebase (logger.py:42)[0m
[32;20m2026-05-15 11:55:36,914 - CodeQLRunner - INFO - CodeQL database created successfully at /home/jackfromeast/Desktop/python-class-pollution/tasks/cp-collection/output/minGPT/codeql-db (logger.py:42)[0m
[32;20m2026-05-15 11:55:36,915 - CodeQLRunner - INFO - Running CodeQL queries on database: /home/jackfromeast/Desktop/python-class-pollution/tasks/cp-collection/output/minGPT/codeql-db (logger.py:42)[0m
[32;20m2026-05-15 11:55:36,915 - CodeQLRunner - INFO - Running query: /home/jackfromeast/Desktop/python-class-pollution/src/pyrl/codeql/class-pollution-all/class-pollution-external.qls (logger.py:42)[0m
[32;20m2026-05-15 11:55:37,113 - CodeQLRunner - INFO - CodeQL database created successfully at /home/jackfromeast/Desktop/python-class-pollution/tasks/cp-collection/output/meta-dataset/codeql-db (logger.py:42)[0m
[32;20m2026-05-15 11:55:37,114 - CodeQLRunner - INFO - Running CodeQL queries on database: /home/jackfromeast/Desktop/python-class-pollution/tasks/cp-collection/output/meta-dataset/codeql-db (logger.py:42)[0m
[32;20m2026-05-15 11:55:37,114 - CodeQLRunner - INFO - Running query: /home/jackfromeast/Desktop/python-class-pollution/src/pyrl/codeql/class-pollution-all/class-pollution-external.qls (logger.py:42)[0m
[32;20m2026-05-15 11:55:48,096 - CodeQLRunner - INFO - Query /home/jackfromeast/Desktop/python-class-pollution/src/pyrl/codeql/class-pollution-all/class-pollution-external.qls executed successfully. Results saved to /home/jackfromeast/Desktop/python-class-pollution/tasks/cp-collection/output/mesop/results/class-pollution-external.qls.sarif (logger.py:42)[0m
[32;20m2026-05-15 11:55:48,097 - CodeQLRunner - INFO - Query completed successfully: /home/jackfromeast/Desktop/python-class-pollution/src/pyrl/codeql/class-pollution-all/class-pollution-external.qls (logger.py:42)[0m
[32;20m2026-05-15 11:55:48,097 - CodeQLRunner - INFO - Summarizing CodeQL results... (logger.py:42)[0m
[32;20m2026-05-15 11:55:48,098 - CodeQLRunner - INFO - Processed /home/jackfromeast/Desktop/python-class-pollution/tasks/cp-collection/output/mesop/results/class-pollution-external.qls.sarif: 4 flows detected. (logger.py:42)[0m
[32;20m2026-05-15 11:55:48,098 - CodeQLRunner - INFO - Summary saved to /home/jackfromeast/Desktop/python-class-pollution/tasks/cp-collection/output/mesop/results/summary.json (logger.py:42)[0m
[32;20m2026-05-15 11:55:48,099 - Scheduler - INFO - Worker completed for repo: https://github.com/google/mesop/tree/v0.13.0 (run_cp_analysis.py:37)[0m
[32;20m2026-05-15 11:55:48,112 - Scheduler - INFO - Progress: 31/76 repositories scanned. (base_scheduler.py:134)[0m
[32;20m2026-05-15 11:55:48,113 - Scheduler - INFO - Starting worker for repo: https://github.com/open-mmlab/mmpose (run_cp_analysis.py:28)[0m
[32;20m2026-05-15 11:55:48,113 - GithubDownloader - INFO - Cloning repository: https://github.com/open-mmlab/mmpose to /home/jackfromeast/Desktop/python-class-pollution/tasks/cp-collection/output/mmpose/codebase (downloader.py:89)[0m
[32;20m2026-05-15 11:55:49,545 - GithubDownloader - INFO - Repository cloned successfully to /home/jackfromeast/Desktop/python-class-pollution/tasks/cp-collection/output/mmpose/codebase (downloader.py:138)[0m
[32;20m2026-05-15 11:55:49,545 - CodeQLRunner - INFO - Building CodeQL database for: /home/jackfromeast/Desktop/python-class-pollution/tasks/cp-collection/output/mmpose/codebase (logger.py:42)[0m
[32;20m2026-05-15 11:55:52,177 - CodeQLRunner - INFO - Query /home/jackfromeast/Desktop/python-class-pollution/src/pyrl/codeql/class-pollution-all/class-pollution-external.qls executed successfully. Results saved to /home/jackfromeast/Desktop/python-class-pollution/tasks/cp-collection/output/minGPT/results/class-pollution-external.qls.sarif (logger.py:42)[0m
[32;20m2026-05-15 11:55:52,177 - CodeQLRunner - INFO - Query completed successfully: /home/jackfromeast/Desktop/python-class-pollution/src/pyrl/codeql/class-pollution-all/class-pollution-external.qls (logger.py:42)[0m
[32;20m2026-05-15 11:55:52,177 - CodeQLRunner - INFO - Summarizing CodeQL results... (logger.py:42)[0m
[32;20m2026-05-15 11:55:52,177 - CodeQLRunner - INFO - Processed /home/jackfromeast/Desktop/python-class-pollution/tasks/cp-collection/output/minGPT/results/class-pollution-external.qls.sarif: 1 flows detected. (logger.py:42)[0m
[32;20m2026-05-15 11:55:52,177 - CodeQLRunner - INFO - Summary saved to /home/jackfromeast/Desktop/python-class-pollution/tasks/cp-collection/output/minGPT/results/summary.json (logger.py:42)[0m
[32;20m2026-05-15 11:55:52,178 - Scheduler - INFO - Worker completed for repo: https://github.com/karpathy/minGPT (run_cp_analysis.py:37)[0m
[32;20m2026-05-15 11:55:52,216 - Scheduler - INFO - Progress: 32/76 repositories scanned. (base_scheduler.py:134)[0m
[32;20m2026-05-15 11:55:52,223 - Scheduler - INFO - Starting worker for repo: https://github.com/klahnakoski/mo-dots/tree/10.659.25005 (run_cp_analysis.py:28)[0m
[32;20m2026-05-15 11:55:52,223 - GithubDownloader - INFO - Cloning repository: https://github.com/klahnakoski/mo-dots to /home/jackfromeast/Desktop/python-class-pollution/tasks/cp-collection/output/mo-dots/codebase (ref: 10.659.25005) (downloader.py:89)[0m
[32;20m2026-05-15 11:55:52,592 - GithubDownloader - INFO - Checking out ref: 10.659.25005 (downloader.py:122)[0m
[32;20m2026-05-15 11:55:52,606 - GithubDownloader - INFO - Checked out ref: 10.659.25005 (downloader.py:136)[0m
[32;20m2026-05-15 11:55:52,606 - GithubDownloader - INFO - Repository cloned successfully to /home/jackfromeast/Desktop/python-class-pollution/tasks/cp-collection/output/mo-dots/codebase (downloader.py:138)[0m
[32;20m2026-05-15 11:55:52,607 - CodeQLRunner - INFO - Building CodeQL database for: /home/jackfromeast/Desktop/python-class-pollution/tasks/cp-collection/output/mo-dots/codebase (logger.py:42)[0m
[32;20m2026-05-15 11:55:57,072 - CodeQLRunner - INFO - CodeQL database created successfully at /home/jackfromeast/Desktop/python-class-pollution/tasks/cp-collection/output/azure-cli/codeql-db (logger.py:42)[0m
[32;20m2026-05-15 11:55:57,073 - CodeQLRunner - INFO - Running CodeQL queries on database: /home/jackfromeast/Desktop/python-class-pollution/tasks/cp-collection/output/azure-cli/codeql-db (logger.py:42)[0m
[32;20m2026-05-15 11:55:57,073 - CodeQLRunner - INFO - Running query: /home/jackfromeast/Desktop/python-class-pollution/src/pyrl/codeql/class-pollution-all/class-pollution-external.qls (logger.py:42)[0m
[32;20m2026-05-15 11:55:57,783 - CodeQLRunner - INFO - CodeQL database created successfully at /home/jackfromeast/Desktop/python-class-pollution/tasks/cp-collection/output/mo-dots/codeql-db (logger.py:42)[0m
[32;20m2026-05-15 11:55:57,783 - CodeQLRunner - INFO - Running CodeQL queries on database: /home/jackfromeast/Desktop/python-class-pollution/tasks/cp-collection/output/mo-dots/codeql-db (logger.py:42)[0m
[32;20m2026-05-15 11:55:57,783 - CodeQLRunner - INFO - Running query: /home/jackfromeast/Desktop/python-class-pollution/src/pyrl/codeql/class-pollution-all/class-pollution-external.qls (logger.py:42)[0m
[32;20m2026-05-15 11:56:03,730 - CodeQLRunner - INFO - CodeQL database created successfully at /home/jackfromeast/Desktop/python-class-pollution/tasks/cp-collection/output/mmpose/codeql-db (logger.py:42)[0m
[32;20m2026-05-15 11:56:03,730 - CodeQLRunner - INFO - Running CodeQL queries on database: /home/jackfromeast/Desktop/python-class-pollution/tasks/cp-collection/output/mmpose/codeql-db (logger.py:42)[0m
[32;20m2026-05-15 11:56:03,730 - CodeQLRunner - INFO - Running query: /home/jackfromeast/Desktop/python-class-pollution/src/pyrl/codeql/class-pollution-all/class-pollution-external.qls (logger.py:42)[0m
[32;20m2026-05-15 11:56:07,792 - CodeQLRunner - INFO - Query /home/jackfromeast/Desktop/python-class-pollution/src/pyrl/codeql/class-pollution-all/class-pollution-external.qls executed successfully. Results saved to /home/jackfromeast/Desktop/python-class-pollution/tasks/cp-collection/output/meta-dataset/results/class-pollution-external.qls.sarif (logger.py:42)[0m
[32;20m2026-05-15 11:56:07,792 - CodeQLRunner - INFO - Query completed successfully: /home/jackfromeast/Desktop/python-class-pollution/src/pyrl/codeql/class-pollution-all/class-pollution-external.qls (logger.py:42)[0m
[32;20m2026-05-15 11:56:07,792 - CodeQLRunner - INFO - Summarizing CodeQL results... (logger.py:42)[0m
[32;20m2026-05-15 11:56:07,793 - CodeQLRunner - INFO - Processed /home/jackfromeast/Desktop/python-class-pollution/tasks/cp-collection/output/meta-dataset/results/class-pollution-external.qls.sarif: 2 flows detected. (logger.py:42)[0m
[32;20m2026-05-15 11:56:07,793 - CodeQLRunner - INFO - Summary saved to /home/jackfromeast/Desktop/python-class-pollution/tasks/cp-collection/output/meta-dataset/results/summary.json (logger.py:42)[0m
[32;20m2026-05-15 11:56:07,793 - Scheduler - INFO - Worker completed for repo: https://github.com/google-research/meta-dataset (run_cp_analysis.py:37)[0m
[32;20m2026-05-15 11:56:07,807 - Scheduler - INFO - Progress: 33/76 repositories scanned. (base_scheduler.py:134)[0m
[32;20m2026-05-15 11:56:07,809 - Scheduler - INFO - Starting worker for repo: https://github.com/nebari-dev/nebari/tree/2024.12.1 (run_cp_analysis.py:28)[0m
[32;20m2026-05-15 11:56:07,809 - GithubDownloader - INFO - Cloning repository: https://github.com/nebari-dev/nebari to /home/jackfromeast/Desktop/python-class-pollution/tasks/cp-collection/output/nebari/codebase (ref: 2024.12.1) (downloader.py:89)[0m
[32;20m2026-05-15 11:56:08,629 - GithubDownloader - INFO - Checking out ref: 2024.12.1 (downloader.py:122)[0m
[32;20m2026-05-15 11:56:08,646 - GithubDownloader - INFO - Checked out ref: 2024.12.1 (downloader.py:136)[0m
[32;20m2026-05-15 11:56:08,646 - GithubDownloader - INFO - Repository cloned successfully to /home/jackfromeast/Desktop/python-class-pollution/tasks/cp-collection/output/nebari/codebase (downloader.py:138)[0m
[32;20m2026-05-15 11:56:08,647 - CodeQLRunner - INFO - Building CodeQL database for: /home/jackfromeast/Desktop/python-class-pollution/tasks/cp-collection/output/nebari/codebase (logger.py:42)[0m
[32;20m2026-05-15 11:56:14,524 - CodeQLRunner - INFO - Query /home/jackfromeast/Desktop/python-class-pollution/src/pyrl/codeql/class-pollution-all/class-pollution-external.qls executed successfully. Results saved to /home/jackfromeast/Desktop/python-class-pollution/tasks/cp-collection/output/mo-dots/results/class-pollution-external.qls.sarif (logger.py:42)[0m
[32;20m2026-05-15 11:56:14,525 - CodeQLRunner - INFO - Query completed successfully: /home/jackfromeast/Desktop/python-class-pollution/src/pyrl/codeql/class-pollution-all/class-pollution-external.qls (logger.py:42)[0m
[32;20m2026-05-15 11:56:14,525 - CodeQLRunner - INFO - Summarizing CodeQL results... (logger.py:42)[0m
[32;20m2026-05-15 11:56:14,525 - CodeQLRunner - INFO - Processed /home/jackfromeast/Desktop/python-class-pollution/tasks/cp-collection/output/mo-dots/results/class-pollution-external.qls.sarif: 3 flows detected. (logger.py:42)[0m
[32;20m2026-05-15 11:56:14,525 - CodeQLRunner - INFO - Summary saved to /home/jackfromeast/Desktop/python-class-pollution/tasks/cp-collection/output/mo-dots/results/summary.json (logger.py:42)[0m
[32;20m2026-05-15 11:56:14,525 - Scheduler - INFO - Worker completed for repo: https://github.com/klahnakoski/mo-dots/tree/10.659.25005 (run_cp_analysis.py:37)[0m
[32;20m2026-05-15 11:56:14,538 - Scheduler - INFO - Progress: 34/76 repositories scanned. (base_scheduler.py:134)[0m
[32;20m2026-05-15 11:56:14,539 - Scheduler - INFO - Starting worker for repo: https://github.com/hardbyte/netchecks/tree/v0.5.4 (run_cp_analysis.py:28)[0m
[32;20m2026-05-15 11:56:14,539 - GithubDownloader - INFO - Cloning repository: https://github.com/hardbyte/netchecks to /home/jackfromeast/Desktop/python-class-pollution/tasks/cp-collection/output/netchecks/codebase (ref: v0.5.4) (downloader.py:89)[0m
[32;20m2026-05-15 11:56:14,703 - CodeQLRunner - INFO - CodeQL database created successfully at /home/jackfromeast/Desktop/python-class-pollution/tasks/cp-collection/output/nebari/codeql-db (logger.py:42)[0m
[32;20m2026-05-15 11:56:14,704 - CodeQLRunner - INFO - Running CodeQL queries on database: /home/jackfromeast/Desktop/python-class-pollution/tasks/cp-collection/output/nebari/codeql-db (logger.py:42)[0m
[32;20m2026-05-15 11:56:14,704 - CodeQLRunner - INFO - Running query: /home/jackfromeast/Desktop/python-class-pollution/src/pyrl/codeql/class-pollution-all/class-pollution-external.qls (logger.py:42)[0m
[32;20m2026-05-15 11:56:14,995 - GithubDownloader - INFO - Checking out ref: v0.5.4 (downloader.py:122)[0m
[32;20m2026-05-15 11:56:15,013 - GithubDownloader - INFO - Checked out ref: v0.5.4 (downloader.py:136)[0m
[32;20m2026-05-15 11:56:15,013 - GithubDownloader - INFO - Repository cloned successfully to /home/jackfromeast/Desktop/python-class-pollution/tasks/cp-collection/output/netchecks/codebase (downloader.py:138)[0m
[32;20m2026-05-15 11:56:15,014 - CodeQLRunner - INFO - Building CodeQL database for: /home/jackfromeast/Desktop/python-class-pollution/tasks/cp-collection/output/netchecks/codebase (logger.py:42)[0m
[32;20m2026-05-15 11:56:20,697 - CodeQLRunner - INFO - CodeQL database created successfully at /home/jackfromeast/Desktop/python-class-pollution/tasks/cp-collection/output/netchecks/codeql-db (logger.py:42)[0m
[32;20m2026-05-15 11:56:20,697 - CodeQLRunner - INFO - Running CodeQL queries on database: /home/jackfromeast/Desktop/python-class-pollution/tasks/cp-collection/output/netchecks/codeql-db (logger.py:42)[0m
[32;20m2026-05-15 11:56:20,697 - CodeQLRunner - INFO - Running query: /home/jackfromeast/Desktop/python-class-pollution/src/pyrl/codeql/class-pollution-all/class-pollution-external.qls (logger.py:42)[0m
[32;20m2026-05-15 11:56:31,921 - CodeQLRunner - INFO - Query /home/jackfromeast/Desktop/python-class-pollution/src/pyrl/codeql/class-pollution-all/class-pollution-external.qls executed successfully. Results saved to /home/jackfromeast/Desktop/python-class-pollution/tasks/cp-collection/output/nebari/results/class-pollution-external.qls.sarif (logger.py:42)[0m
[32;20m2026-05-15 11:56:31,921 - CodeQLRunner - INFO - Query completed successfully: /home/jackfromeast/Desktop/python-class-pollution/src/pyrl/codeql/class-pollution-all/class-pollution-external.qls (logger.py:42)[0m
[32;20m2026-05-15 11:56:31,921 - CodeQLRunner - INFO - Summarizing CodeQL results... (logger.py:42)[0m
[32;20m2026-05-15 11:56:31,922 - CodeQLRunner - INFO - Processed /home/jackfromeast/Desktop/python-class-pollution/tasks/cp-collection/output/nebari/results/class-pollution-external.qls.sarif: 2 flows detected. (logger.py:42)[0m
[32;20m2026-05-15 11:56:31,922 - CodeQLRunner - INFO - Summary saved to /home/jackfromeast/Desktop/python-class-pollution/tasks/cp-collection/output/nebari/results/summary.json (logger.py:42)[0m
[32;20m2026-05-15 11:56:31,922 - Scheduler - INFO - Worker completed for repo: https://github.com/nebari-dev/nebari/tree/2024.12.1 (run_cp_analysis.py:37)[0m
[32;20m2026-05-15 11:56:31,941 - Scheduler - INFO - Progress: 35/76 repositories scanned. (base_scheduler.py:134)[0m
[32;20m2026-05-15 11:56:31,943 - Scheduler - INFO - Starting worker for repo: https://github.com/intel/neural-compressor (run_cp_analysis.py:28)[0m
[32;20m2026-05-15 11:56:31,943 - GithubDownloader - INFO - Cloning repository: https://github.com/intel/neural-compressor to /home/jackfromeast/Desktop/python-class-pollution/tasks/cp-collection/output/neural-compressor/codebase (downloader.py:89)[0m
[32;20m2026-05-15 11:56:33,302 - CodeQLRunner - INFO - Query /home/jackfromeast/Desktop/python-class-pollution/src/pyrl/codeql/class-pollution-all/class-pollution-external.qls executed successfully. Results saved to /home/jackfromeast/Desktop/python-class-pollution/tasks/cp-collection/output/netchecks/results/class-pollution-external.qls.sarif (logger.py:42)[0m
[32;20m2026-05-15 11:56:33,302 - CodeQLRunner - INFO - Query completed successfully: /home/jackfromeast/Desktop/python-class-pollution/src/pyrl/codeql/class-pollution-all/class-pollution-external.qls (logger.py:42)[0m
[32;20m2026-05-15 11:56:33,302 - CodeQLRunner - INFO - Summarizing CodeQL results... (logger.py:42)[0m
[32;20m2026-05-15 11:56:33,303 - CodeQLRunner - INFO - Processed /home/jackfromeast/Desktop/python-class-pollution/tasks/cp-collection/output/netchecks/results/class-pollution-external.qls.sarif: 5 flows detected. (logger.py:42)[0m
[32;20m2026-05-15 11:56:33,303 - CodeQLRunner - INFO - Summary saved to /home/jackfromeast/Desktop/python-class-pollution/tasks/cp-collection/output/netchecks/results/summary.json (logger.py:42)[0m
[32;20m2026-05-15 11:56:33,303 - Scheduler - INFO - Worker completed for repo: https://github.com/hardbyte/netchecks/tree/v0.5.4 (run_cp_analysis.py:37)[0m
[32;20m2026-05-15 11:56:33,316 - Scheduler - INFO - Progress: 36/76 repositories scanned. (base_scheduler.py:134)[0m
[32;20m2026-05-15 11:56:33,318 - Scheduler - INFO - Starting worker for repo: https://github.com/microsoft/nni (run_cp_analysis.py:28)[0m
[32;20m2026-05-15 11:56:33,318 - GithubDownloader - INFO - Cloning repository: https://github.com/microsoft/nni to /home/jackfromeast/Desktop/python-class-pollution/tasks/cp-collection/output/nni/codebase (downloader.py:89)[0m
[32;20m2026-05-15 11:56:37,861 - GithubDownloader - INFO - Repository cloned successfully to /home/jackfromeast/Desktop/python-class-pollution/tasks/cp-collection/output/nni/codebase (downloader.py:138)[0m
[32;20m2026-05-15 11:56:37,861 - CodeQLRunner - INFO - Building CodeQL database for: /home/jackfromeast/Desktop/python-class-pollution/tasks/cp-collection/output/nni/codebase (logger.py:42)[0m
[32;20m2026-05-15 11:56:39,258 - CodeQLRunner - INFO - Query /home/jackfromeast/Desktop/python-class-pollution/src/pyrl/codeql/class-pollution-all/class-pollution-external.qls executed successfully. Results saved to /home/jackfromeast/Desktop/python-class-pollution/tasks/cp-collection/output/fairseq/results/class-pollution-external.qls.sarif (logger.py:42)[0m
[32;20m2026-05-15 11:56:39,258 - CodeQLRunner - INFO - Query completed successfully: /home/jackfromeast/Desktop/python-class-pollution/src/pyrl/codeql/class-pollution-all/class-pollution-external.qls (logger.py:42)[0m
[32;20m2026-05-15 11:56:39,258 - CodeQLRunner - INFO - Summarizing CodeQL results... (logger.py:42)[0m
[32;20m2026-05-15 11:56:39,263 - CodeQLRunner - INFO - Processed /home/jackfromeast/Desktop/python-class-pollution/tasks/cp-collection/output/fairseq/results/class-pollution-external.qls.sarif: 5 flows detected. (logger.py:42)[0m
[32;20m2026-05-15 11:56:39,263 - CodeQLRunner - INFO - Summary saved to /home/jackfromeast/Desktop/python-class-pollution/tasks/cp-collection/output/fairseq/results/summary.json (logger.py:42)[0m
[32;20m2026-05-15 11:56:39,263 - Scheduler - INFO - Worker completed for repo: https://github.com/facebookresearch/fairseq (run_cp_analysis.py:37)[0m
[32;20m2026-05-15 11:56:39,283 - Scheduler - INFO - Progress: 37/76 repositories scanned. (base_scheduler.py:134)[0m
[32;20m2026-05-15 11:56:39,284 - Scheduler - INFO - Starting worker for repo: https://github.com/blawar/nut (run_cp_analysis.py:28)[0m
[32;20m2026-05-15 11:56:39,284 - GithubDownloader - INFO - Cloning repository: https://github.com/blawar/nut to /home/jackfromeast/Desktop/python-class-pollution/tasks/cp-collection/output/nut/codebase (downloader.py:89)[0m
[32;20m2026-05-15 11:56:41,433 - GithubDownloader - INFO - Repository cloned successfully to /home/jackfromeast/Desktop/python-class-pollution/tasks/cp-collection/output/nut/codebase (downloader.py:138)[0m
[32;20m2026-05-15 11:56:41,434 - CodeQLRunner - INFO - Building CodeQL database for: /home/jackfromeast/Desktop/python-class-pollution/tasks/cp-collection/output/nut/codebase (logger.py:42)[0m
[32;20m2026-05-15 11:56:47,542 - CodeQLRunner - INFO - CodeQL database created successfully at /home/jackfromeast/Desktop/python-class-pollution/tasks/cp-collection/output/nut/codeql-db (logger.py:42)[0m
[32;20m2026-05-15 11:56:47,542 - CodeQLRunner - INFO - Running CodeQL queries on database: /home/jackfromeast/Desktop/python-class-pollution/tasks/cp-collection/output/nut/codeql-db (logger.py:42)[0m
[32;20m2026-05-15 11:56:47,542 - CodeQLRunner - INFO - Running query: /home/jackfromeast/Desktop/python-class-pollution/src/pyrl/codeql/class-pollution-all/class-pollution-external.qls (logger.py:42)[0m
[32;20m2026-05-15 11:56:51,188 - CodeQLRunner - INFO - CodeQL database created successfully at /home/jackfromeast/Desktop/python-class-pollution/tasks/cp-collection/output/nni/codeql-db (logger.py:42)[0m
[32;20m2026-05-15 11:56:51,188 - CodeQLRunner - INFO - Running CodeQL queries on database: /home/jackfromeast/Desktop/python-class-pollution/tasks/cp-collection/output/nni/codeql-db (logger.py:42)[0m
[32;20m2026-05-15 11:56:51,188 - CodeQLRunner - INFO - Running query: /home/jackfromeast/Desktop/python-class-pollution/src/pyrl/codeql/class-pollution-all/class-pollution-external.qls (logger.py:42)[0m
[32;20m2026-05-15 11:57:14,650 - GithubDownloader - INFO - Repository cloned successfully to /home/jackfromeast/Desktop/python-class-pollution/tasks/cp-collection/output/neural-compressor/codebase (downloader.py:138)[0m
[32;20m2026-05-15 11:57:14,650 - CodeQLRunner - INFO - Building CodeQL database for: /home/jackfromeast/Desktop/python-class-pollution/tasks/cp-collection/output/neural-compressor/codebase (logger.py:42)[0m
[32;20m2026-05-15 11:57:21,003 - CodeQLRunner - INFO - Query /home/jackfromeast/Desktop/python-class-pollution/src/pyrl/codeql/class-pollution-all/class-pollution-external.qls executed successfully. Results saved to /home/jackfromeast/Desktop/python-class-pollution/tasks/cp-collection/output/mmpose/results/class-pollution-external.qls.sarif (logger.py:42)[0m
[32;20m2026-05-15 11:57:21,003 - CodeQLRunner - INFO - Query completed successfully: /home/jackfromeast/Desktop/python-class-pollution/src/pyrl/codeql/class-pollution-all/class-pollution-external.qls (logger.py:42)[0m
[32;20m2026-05-15 11:57:21,003 - CodeQLRunner - INFO - Summarizing CodeQL results... (logger.py:42)[0m
[32;20m2026-05-15 11:57:21,007 - CodeQLRunner - INFO - Processed /home/jackfromeast/Desktop/python-class-pollution/tasks/cp-collection/output/mmpose/results/class-pollution-external.qls.sarif: 3 flows detected. (logger.py:42)[0m
[32;20m2026-05-15 11:57:21,007 - CodeQLRunner - INFO - Summary saved to /home/jackfromeast/Desktop/python-class-pollution/tasks/cp-collection/output/mmpose/results/summary.json (logger.py:42)[0m
[32;20m2026-05-15 11:57:21,008 - Scheduler - INFO - Worker completed for repo: https://github.com/open-mmlab/mmpose (run_cp_analysis.py:37)[0m
[32;20m2026-05-15 11:57:21,023 - Scheduler - INFO - Progress: 38/76 repositories scanned. (base_scheduler.py:134)[0m
[32;20m2026-05-15 11:57:21,025 - Scheduler - INFO - Starting worker for repo: https://github.com/OpenInterpreter/open-interpreter (run_cp_analysis.py:28)[0m
[32;20m2026-05-15 11:57:21,025 - GithubDownloader - INFO - Cloning repository: https://github.com/OpenInterpreter/open-interpreter to /home/jackfromeast/Desktop/python-class-pollution/tasks/cp-collection/output/open-interpreter/codebase (downloader.py:89)[0m
[32;20m2026-05-15 11:57:21,616 - CodeQLRunner - INFO - Query /home/jackfromeast/Desktop/python-class-pollution/src/pyrl/codeql/class-pollution-all/class-pollution-external.qls executed successfully. Results saved to /home/jackfromeast/Desktop/python-class-pollution/tasks/cp-collection/output/nut/results/class-pollution-external.qls.sarif (logger.py:42)[0m
[32;20m2026-05-15 11:57:21,617 - CodeQLRunner - INFO - Query completed successfully: /home/jackfromeast/Desktop/python-class-pollution/src/pyrl/codeql/class-pollution-all/class-pollution-external.qls (logger.py:42)[0m
[32;20m2026-05-15 11:57:21,617 - CodeQLRunner - INFO - Summarizing CodeQL results... (logger.py:42)[0m
[32;20m2026-05-15 11:57:21,617 - CodeQLRunner - INFO - Processed /home/jackfromeast/Desktop/python-class-pollution/tasks/cp-collection/output/nut/results/class-pollution-external.qls.sarif: 2 flows detected. (logger.py:42)[0m
[32;20m2026-05-15 11:57:21,617 - CodeQLRunner - INFO - Summary saved to /home/jackfromeast/Desktop/python-class-pollution/tasks/cp-collection/output/nut/results/summary.json (logger.py:42)[0m
[32;20m2026-05-15 11:57:21,618 - Scheduler - INFO - Worker completed for repo: https://github.com/blawar/nut (run_cp_analysis.py:37)[0m
[32;20m2026-05-15 11:57:21,640 - Scheduler - INFO - Progress: 39/76 repositories scanned. (base_scheduler.py:134)[0m
[32;20m2026-05-15 11:57:21,641 - Scheduler - INFO - Starting worker for repo: https://github.com/huggingface/optimum (run_cp_analysis.py:28)[0m
[32;20m2026-05-15 11:57:21,642 - GithubDownloader - INFO - Cloning repository: https://github.com/huggingface/optimum to /home/jackfromeast/Desktop/python-class-pollution/tasks/cp-collection/output/optimum/codebase (downloader.py:89)[0m
[32;20m2026-05-15 11:57:22,712 - GithubDownloader - INFO - Repository cloned successfully to /home/jackfromeast/Desktop/python-class-pollution/tasks/cp-collection/output/optimum/codebase (downloader.py:138)[0m
[32;20m2026-05-15 11:57:22,712 - CodeQLRunner - INFO - Building CodeQL database for: /home/jackfromeast/Desktop/python-class-pollution/tasks/cp-collection/output/optimum/codebase (logger.py:42)[0m
[32;20m2026-05-15 11:57:23,938 - GithubDownloader - INFO - Repository cloned successfully to /home/jackfromeast/Desktop/python-class-pollution/tasks/cp-collection/output/open-interpreter/codebase (downloader.py:138)[0m
[32;20m2026-05-15 11:57:23,939 - CodeQLRunner - INFO - Building CodeQL database for: /home/jackfromeast/Desktop/python-class-pollution/tasks/cp-collection/output/open-interpreter/codebase (logger.py:42)[0m
[32;20m2026-05-15 11:57:27,454 - CodeQLRunner - INFO - CodeQL database created successfully at /home/jackfromeast/Desktop/python-class-pollution/tasks/cp-collection/output/optimum/codeql-db (logger.py:42)[0m
[32;20m2026-05-15 11:57:27,454 - CodeQLRunner - INFO - Running CodeQL queries on database: /home/jackfromeast/Desktop/python-class-pollution/tasks/cp-collection/output/optimum/codeql-db (logger.py:42)[0m
[32;20m2026-05-15 11:57:27,454 - CodeQLRunner - INFO - Running query: /home/jackfromeast/Desktop/python-class-pollution/src/pyrl/codeql/class-pollution-all/class-pollution-external.qls (logger.py:42)[0m
[32;20m2026-05-15 11:57:29,289 - CodeQLRunner - INFO - CodeQL database created successfully at /home/jackfromeast/Desktop/python-class-pollution/tasks/cp-collection/output/open-interpreter/codeql-db (logger.py:42)[0m
[32;20m2026-05-15 11:57:29,290 - CodeQLRunner - INFO - Running CodeQL queries on database: /home/jackfromeast/Desktop/python-class-pollution/tasks/cp-collection/output/open-interpreter/codeql-db (logger.py:42)[0m
[32;20m2026-05-15 11:57:29,290 - CodeQLRunner - INFO - Running query: /home/jackfromeast/Desktop/python-class-pollution/src/pyrl/codeql/class-pollution-all/class-pollution-external.qls (logger.py:42)[0m
[32;20m2026-05-15 11:57:42,449 - CodeQLRunner - INFO - CodeQL database created successfully at /home/jackfromeast/Desktop/python-class-pollution/tasks/cp-collection/output/neural-compressor/codeql-db (logger.py:42)[0m
[32;20m2026-05-15 11:57:42,449 - CodeQLRunner - INFO - Running CodeQL queries on database: /home/jackfromeast/Desktop/python-class-pollution/tasks/cp-collection/output/neural-compressor/codeql-db (logger.py:42)[0m
[32;20m2026-05-15 11:57:42,449 - CodeQLRunner - INFO - Running query: /home/jackfromeast/Desktop/python-class-pollution/src/pyrl/codeql/class-pollution-all/class-pollution-external.qls (logger.py:42)[0m
[32;20m2026-05-15 11:57:44,295 - CodeQLRunner - INFO - Query /home/jackfromeast/Desktop/python-class-pollution/src/pyrl/codeql/class-pollution-all/class-pollution-external.qls executed successfully. Results saved to /home/jackfromeast/Desktop/python-class-pollution/tasks/cp-collection/output/optimum/results/class-pollution-external.qls.sarif (logger.py:42)[0m
[32;20m2026-05-15 11:57:44,295 - CodeQLRunner - INFO - Query completed successfully: /home/jackfromeast/Desktop/python-class-pollution/src/pyrl/codeql/class-pollution-all/class-pollution-external.qls (logger.py:42)[0m
[32;20m2026-05-15 11:57:44,295 - CodeQLRunner - INFO - Summarizing CodeQL results... (logger.py:42)[0m
[32;20m2026-05-15 11:57:44,296 - CodeQLRunner - INFO - Processed /home/jackfromeast/Desktop/python-class-pollution/tasks/cp-collection/output/optimum/results/class-pollution-external.qls.sarif: 1 flows detected. (logger.py:42)[0m
[32;20m2026-05-15 11:57:44,296 - CodeQLRunner - INFO - Summary saved to /home/jackfromeast/Desktop/python-class-pollution/tasks/cp-collection/output/optimum/results/summary.json (logger.py:42)[0m
[32;20m2026-05-15 11:57:44,296 - Scheduler - INFO - Worker completed for repo: https://github.com/huggingface/optimum (run_cp_analysis.py:37)[0m
[32;20m2026-05-15 11:57:44,308 - Scheduler - INFO - Progress: 40/76 repositories scanned. (base_scheduler.py:134)[0m
[32;20m2026-05-15 11:57:44,310 - Scheduler - INFO - Starting worker for repo: https://github.com/openvinotoolkit/training_extensions/tree/v2.2.2 (run_cp_analysis.py:28)[0m
[32;20m2026-05-15 11:57:44,310 - GithubDownloader - INFO - Cloning repository: https://github.com/openvinotoolkit/training_extensions to /home/jackfromeast/Desktop/python-class-pollution/tasks/cp-collection/output/training_extensions/codebase (ref: v2.2.2) (downloader.py:89)[0m
[32;20m2026-05-15 11:57:58,936 - CodeQLRunner - INFO - Query /home/jackfromeast/Desktop/python-class-pollution/src/pyrl/codeql/class-pollution-all/class-pollution-external.qls executed successfully. Results saved to /home/jackfromeast/Desktop/python-class-pollution/tasks/cp-collection/output/genielibs/results/class-pollution-external.qls.sarif (logger.py:42)[0m
[32;20m2026-05-15 11:57:58,936 - CodeQLRunner - INFO - Query completed successfully: /home/jackfromeast/Desktop/python-class-pollution/src/pyrl/codeql/class-pollution-all/class-pollution-external.qls (logger.py:42)[0m
[32;20m2026-05-15 11:57:58,936 - CodeQLRunner - INFO - Summarizing CodeQL results... (logger.py:42)[0m
[32;20m2026-05-15 11:57:58,969 - CodeQLRunner - INFO - Processed /home/jackfromeast/Desktop/python-class-pollution/tasks/cp-collection/output/genielibs/results/class-pollution-external.qls.sarif: 12 flows detected. (logger.py:42)[0m
[32;20m2026-05-15 11:57:58,969 - CodeQLRunner - INFO - Summary saved to /home/jackfromeast/Desktop/python-class-pollution/tasks/cp-collection/output/genielibs/results/summary.json (logger.py:42)[0m
[32;20m2026-05-15 11:57:58,975 - Scheduler - INFO - Worker completed for repo: https://github.com/CiscoTestAutomation/genielibs/tree/V24.9 (run_cp_analysis.py:37)[0m
[32;20m2026-05-15 11:57:58,986 - Scheduler - INFO - Progress: 41/76 repositories scanned. (base_scheduler.py:134)[0m
[32;20m2026-05-15 11:57:58,987 - Scheduler - INFO - Starting worker for repo: https://github.com/holoviz/panel (run_cp_analysis.py:28)[0m
[32;20m2026-05-15 11:57:58,988 - GithubDownloader - INFO - Cloning repository: https://github.com/holoviz/panel to /home/jackfromeast/Desktop/python-class-pollution/tasks/cp-collection/output/panel/codebase (downloader.py:89)[0m
[32;20m2026-05-15 11:58:01,538 - GithubDownloader - INFO - Checking out ref: v2.2.2 (downloader.py:122)[0m
[33;20m2026-05-15 11:58:01,541 - GithubDownloader - WARNING - Failed to checkout ref 'v2.2.2': error: pathspec 'v2.2.2' did not match any file(s) known to git; falling back to default branch. (downloader.py:131)[0m
[32;20m2026-05-15 11:58:01,541 - GithubDownloader - INFO - Repository cloned successfully to /home/jackfromeast/Desktop/python-class-pollution/tasks/cp-collection/output/training_extensions/codebase (downloader.py:138)[0m
[32;20m2026-05-15 11:58:01,542 - CodeQLRunner - INFO - Building CodeQL database for: /home/jackfromeast/Desktop/python-class-pollution/tasks/cp-collection/output/training_extensions/codebase (logger.py:42)[0m
[32;20m2026-05-15 11:58:04,729 - GithubDownloader - INFO - Repository cloned successfully to /home/jackfromeast/Desktop/python-class-pollution/tasks/cp-collection/output/panel/codebase (downloader.py:138)[0m
[32;20m2026-05-15 11:58:04,730 - CodeQLRunner - INFO - Building CodeQL database for: /home/jackfromeast/Desktop/python-class-pollution/tasks/cp-collection/output/panel/codebase (logger.py:42)[0m
[32;20m2026-05-15 11:58:17,274 - CodeQLRunner - INFO - CodeQL database created successfully at /home/jackfromeast/Desktop/python-class-pollution/tasks/cp-collection/output/panel/codeql-db (logger.py:42)[0m
[32;20m2026-05-15 11:58:17,274 - CodeQLRunner - INFO - Running CodeQL queries on database: /home/jackfromeast/Desktop/python-class-pollution/tasks/cp-collection/output/panel/codeql-db (logger.py:42)[0m
[32;20m2026-05-15 11:58:17,274 - CodeQLRunner - INFO - Running query: /home/jackfromeast/Desktop/python-class-pollution/src/pyrl/codeql/class-pollution-all/class-pollution-external.qls (logger.py:42)[0m
[32;20m2026-05-15 11:58:18,008 - CodeQLRunner - INFO - CodeQL database created successfully at /home/jackfromeast/Desktop/python-class-pollution/tasks/cp-collection/output/training_extensions/codeql-db (logger.py:42)[0m
[32;20m2026-05-15 11:58:18,008 - CodeQLRunner - INFO - Running CodeQL queries on database: /home/jackfromeast/Desktop/python-class-pollution/tasks/cp-collection/output/training_extensions/codeql-db (logger.py:42)[0m
[32;20m2026-05-15 11:58:18,008 - CodeQLRunner - INFO - Running query: /home/jackfromeast/Desktop/python-class-pollution/src/pyrl/codeql/class-pollution-all/class-pollution-external.qls (logger.py:42)[0m
[32;20m2026-05-15 11:58:43,150 - CodeQLRunner - INFO - Query /home/jackfromeast/Desktop/python-class-pollution/src/pyrl/codeql/class-pollution-all/class-pollution-external.qls executed successfully. Results saved to /home/jackfromeast/Desktop/python-class-pollution/tasks/cp-collection/output/nni/results/class-pollution-external.qls.sarif (logger.py:42)[0m
[32;20m2026-05-15 11:58:43,150 - CodeQLRunner - INFO - Query completed successfully: /home/jackfromeast/Desktop/python-class-pollution/src/pyrl/codeql/class-pollution-all/class-pollution-external.qls (logger.py:42)[0m
[32;20m2026-05-15 11:58:43,150 - CodeQLRunner - INFO - Summarizing CodeQL results... (logger.py:42)[0m
[32;20m2026-05-15 11:58:43,154 - CodeQLRunner - INFO - Processed /home/jackfromeast/Desktop/python-class-pollution/tasks/cp-collection/output/nni/results/class-pollution-external.qls.sarif: 4 flows detected. (logger.py:42)[0m
[32;20m2026-05-15 11:58:43,154 - CodeQLRunner - INFO - Summary saved to /home/jackfromeast/Desktop/python-class-pollution/tasks/cp-collection/output/nni/results/summary.json (logger.py:42)[0m
[32;20m2026-05-15 11:58:43,155 - Scheduler - INFO - Worker completed for repo: https://github.com/microsoft/nni (run_cp_analysis.py:37)[0m
[32;20m2026-05-15 11:58:43,172 - Scheduler - INFO - Progress: 42/76 repositories scanned. (base_scheduler.py:134)[0m
[32;20m2026-05-15 11:58:43,173 - Scheduler - INFO - Starting worker for repo: https://github.com/nalgeon/pokitoki/tree/v210 (run_cp_analysis.py:28)[0m
[32;20m2026-05-15 11:58:43,174 - GithubDownloader - INFO - Cloning repository: https://github.com/nalgeon/pokitoki to /home/jackfromeast/Desktop/python-class-pollution/tasks/cp-collection/output/pokitoki/codebase (ref: v210) (downloader.py:89)[0m
[32;20m2026-05-15 11:58:43,415 - GithubDownloader - INFO - Checking out ref: v210 (downloader.py:122)[0m
[32;20m2026-05-15 11:58:43,419 - GithubDownloader - INFO - Checked out ref: v210 (downloader.py:136)[0m
[32;20m2026-05-15 11:58:43,419 - GithubDownloader - INFO - Repository cloned successfully to /home/jackfromeast/Desktop/python-class-pollution/tasks/cp-collection/output/pokitoki/codebase (downloader.py:138)[0m
[32;20m2026-05-15 11:58:43,420 - CodeQLRunner - INFO - Building CodeQL database for: /home/jackfromeast/Desktop/python-class-pollution/tasks/cp-collection/output/pokitoki/codebase (logger.py:42)[0m
[32;20m2026-05-15 11:58:47,451 - CodeQLRunner - INFO - CodeQL database created successfully at /home/jackfromeast/Desktop/python-class-pollution/tasks/cp-collection/output/pokitoki/codeql-db (logger.py:42)[0m
[32;20m2026-05-15 11:58:47,451 - CodeQLRunner - INFO - Running CodeQL queries on database: /home/jackfromeast/Desktop/python-class-pollution/tasks/cp-collection/output/pokitoki/codeql-db (logger.py:42)[0m
[32;20m2026-05-15 11:58:47,451 - CodeQLRunner - INFO - Running query: /home/jackfromeast/Desktop/python-class-pollution/src/pyrl/codeql/class-pollution-all/class-pollution-external.qls (logger.py:42)[0m
[32;20m2026-05-15 11:59:00,572 - CodeQLRunner - INFO - Query /home/jackfromeast/Desktop/python-class-pollution/src/pyrl/codeql/class-pollution-all/class-pollution-external.qls executed successfully. Results saved to /home/jackfromeast/Desktop/python-class-pollution/tasks/cp-collection/output/pokitoki/results/class-pollution-external.qls.sarif (logger.py:42)[0m
[32;20m2026-05-15 11:59:00,572 - CodeQLRunner - INFO - Query completed successfully: /home/jackfromeast/Desktop/python-class-pollution/src/pyrl/codeql/class-pollution-all/class-pollution-external.qls (logger.py:42)[0m
[32;20m2026-05-15 11:59:00,572 - CodeQLRunner - INFO - Summarizing CodeQL results... (logger.py:42)[0m
[32;20m2026-05-15 11:59:00,572 - CodeQLRunner - INFO - Processed /home/jackfromeast/Desktop/python-class-pollution/tasks/cp-collection/output/pokitoki/results/class-pollution-external.qls.sarif: 2 flows detected. (logger.py:42)[0m
[32;20m2026-05-15 11:59:00,573 - CodeQLRunner - INFO - Summary saved to /home/jackfromeast/Desktop/python-class-pollution/tasks/cp-collection/output/pokitoki/results/summary.json (logger.py:42)[0m
[32;20m2026-05-15 11:59:00,573 - Scheduler - INFO - Worker completed for repo: https://github.com/nalgeon/pokitoki/tree/v210 (run_cp_analysis.py:37)[0m
[32;20m2026-05-15 11:59:00,588 - Scheduler - INFO - Progress: 43/76 repositories scanned. (base_scheduler.py:134)[0m
[32;20m2026-05-15 11:59:00,590 - Scheduler - INFO - Starting worker for repo: https://github.com/dgilland/pydash/tree/v5.1.2 (run_cp_analysis.py:28)[0m
[32;20m2026-05-15 11:59:00,590 - GithubDownloader - INFO - Cloning repository: https://github.com/dgilland/pydash to /home/jackfromeast/Desktop/python-class-pollution/tasks/cp-collection/output/pydash/codebase (ref: v5.1.2) (downloader.py:89)[0m
[32;20m2026-05-15 11:59:01,000 - GithubDownloader - INFO - Checking out ref: v5.1.2 (downloader.py:122)[0m
[32;20m2026-05-15 11:59:01,009 - GithubDownloader - INFO - Checked out ref: v5.1.2 (downloader.py:136)[0m
[32;20m2026-05-15 11:59:01,009 - GithubDownloader - INFO - Repository cloned successfully to /home/jackfromeast/Desktop/python-class-pollution/tasks/cp-collection/output/pydash/codebase (downloader.py:138)[0m
[32;20m2026-05-15 11:59:01,010 - CodeQLRunner - INFO - Building CodeQL database for: /home/jackfromeast/Desktop/python-class-pollution/tasks/cp-collection/output/pydash/codebase (logger.py:42)[0m
[32;20m2026-05-15 11:59:05,502 - CodeQLRunner - INFO - CodeQL database created successfully at /home/jackfromeast/Desktop/python-class-pollution/tasks/cp-collection/output/pydash/codeql-db (logger.py:42)[0m
[32;20m2026-05-15 11:59:05,502 - CodeQLRunner - INFO - Running CodeQL queries on database: /home/jackfromeast/Desktop/python-class-pollution/tasks/cp-collection/output/pydash/codeql-db (logger.py:42)[0m
[32;20m2026-05-15 11:59:05,502 - CodeQLRunner - INFO - Running query: /home/jackfromeast/Desktop/python-class-pollution/src/pyrl/codeql/class-pollution-all/class-pollution-external.qls (logger.py:42)[0m
[32;20m2026-05-15 11:59:07,897 - CodeQLRunner - INFO - Query /home/jackfromeast/Desktop/python-class-pollution/src/pyrl/codeql/class-pollution-all/class-pollution-external.qls executed successfully. Results saved to /home/jackfromeast/Desktop/python-class-pollution/tasks/cp-collection/output/open-interpreter/results/class-pollution-external.qls.sarif (logger.py:42)[0m
[32;20m2026-05-15 11:59:07,897 - CodeQLRunner - INFO - Query completed successfully: /home/jackfromeast/Desktop/python-class-pollution/src/pyrl/codeql/class-pollution-all/class-pollution-external.qls (logger.py:42)[0m
[32;20m2026-05-15 11:59:07,897 - CodeQLRunner - INFO - Summarizing CodeQL results... (logger.py:42)[0m
[32;20m2026-05-15 11:59:07,898 - CodeQLRunner - INFO - Processed /home/jackfromeast/Desktop/python-class-pollution/tasks/cp-collection/output/open-interpreter/results/class-pollution-external.qls.sarif: 7 flows detected. (logger.py:42)[0m
[32;20m2026-05-15 11:59:07,898 - CodeQLRunner - INFO - Summary saved to /home/jackfromeast/Desktop/python-class-pollution/tasks/cp-collection/output/open-interpreter/results/summary.json (logger.py:42)[0m
[32;20m2026-05-15 11:59:07,898 - Scheduler - INFO - Worker completed for repo: https://github.com/OpenInterpreter/open-interpreter (run_cp_analysis.py:37)[0m
[32;20m2026-05-15 11:59:07,916 - Scheduler - INFO - Progress: 44/76 repositories scanned. (base_scheduler.py:134)[0m
[32;20m2026-05-15 11:59:07,917 - Scheduler - INFO - Starting worker for repo: https://github.com/joerick/pyinstrument (run_cp_analysis.py:28)[0m
[32;20m2026-05-15 11:59:07,918 - GithubDownloader - INFO - Cloning repository: https://github.com/joerick/pyinstrument to /home/jackfromeast/Desktop/python-class-pollution/tasks/cp-collection/output/pyinstrument/codebase (downloader.py:89)[0m
[32;20m2026-05-15 11:59:08,390 - GithubDownloader - INFO - Repository cloned successfully to /home/jackfromeast/Desktop/python-class-pollution/tasks/cp-collection/output/pyinstrument/codebase (downloader.py:138)[0m
[32;20m2026-05-15 11:59:08,391 - CodeQLRunner - INFO - Building CodeQL database for: /home/jackfromeast/Desktop/python-class-pollution/tasks/cp-collection/output/pyinstrument/codebase (logger.py:42)[0m
[32;20m2026-05-15 11:59:13,515 - CodeQLRunner - INFO - CodeQL database created successfully at /home/jackfromeast/Desktop/python-class-pollution/tasks/cp-collection/output/pyinstrument/codeql-db (logger.py:42)[0m
[32;20m2026-05-15 11:59:13,515 - CodeQLRunner - INFO - Running CodeQL queries on database: /home/jackfromeast/Desktop/python-class-pollution/tasks/cp-collection/output/pyinstrument/codeql-db (logger.py:42)[0m
[32;20m2026-05-15 11:59:13,515 - CodeQLRunner - INFO - Running query: /home/jackfromeast/Desktop/python-class-pollution/src/pyrl/codeql/class-pollution-all/class-pollution-external.qls (logger.py:42)[0m
[32;20m2026-05-15 11:59:25,445 - CodeQLRunner - INFO - Query /home/jackfromeast/Desktop/python-class-pollution/src/pyrl/codeql/class-pollution-all/class-pollution-external.qls executed successfully. Results saved to /home/jackfromeast/Desktop/python-class-pollution/tasks/cp-collection/output/pydash/results/class-pollution-external.qls.sarif (logger.py:42)[0m
[32;20m2026-05-15 11:59:25,445 - CodeQLRunner - INFO - Query completed successfully: /home/jackfromeast/Desktop/python-class-pollution/src/pyrl/codeql/class-pollution-all/class-pollution-external.qls (logger.py:42)[0m
[32;20m2026-05-15 11:59:25,445 - CodeQLRunner - INFO - Summarizing CodeQL results... (logger.py:42)[0m
[32;20m2026-05-15 11:59:25,446 - CodeQLRunner - INFO - Processed /home/jackfromeast/Desktop/python-class-pollution/tasks/cp-collection/output/pydash/results/class-pollution-external.qls.sarif: 18 flows detected. (logger.py:42)[0m
[32;20m2026-05-15 11:59:25,446 - CodeQLRunner - INFO - Summary saved to /home/jackfromeast/Desktop/python-class-pollution/tasks/cp-collection/output/pydash/results/summary.json (logger.py:42)[0m
[32;20m2026-05-15 11:59:25,446 - Scheduler - INFO - Worker completed for repo: https://github.com/dgilland/pydash/tree/v5.1.2 (run_cp_analysis.py:37)[0m
[32;20m2026-05-15 11:59:25,465 - Scheduler - INFO - Progress: 45/76 repositories scanned. (base_scheduler.py:134)[0m
[32;20m2026-05-15 11:59:25,467 - Scheduler - INFO - Starting worker for repo: https://github.com/jodal/pykka (run_cp_analysis.py:28)[0m
[32;20m2026-05-15 11:59:25,467 - GithubDownloader - INFO - Cloning repository: https://github.com/jodal/pykka to /home/jackfromeast/Desktop/python-class-pollution/tasks/cp-collection/output/pykka/codebase (downloader.py:89)[0m
[32;20m2026-05-15 11:59:25,808 - GithubDownloader - INFO - Repository cloned successfully to /home/jackfromeast/Desktop/python-class-pollution/tasks/cp-collection/output/pykka/codebase (downloader.py:138)[0m
[32;20m2026-05-15 11:59:25,809 - CodeQLRunner - INFO - Building CodeQL database for: /home/jackfromeast/Desktop/python-class-pollution/tasks/cp-collection/output/pykka/codebase (logger.py:42)[0m
[32;20m2026-05-15 11:59:28,974 - CodeQLRunner - INFO - Query /home/jackfromeast/Desktop/python-class-pollution/src/pyrl/codeql/class-pollution-all/class-pollution-external.qls executed successfully. Results saved to /home/jackfromeast/Desktop/python-class-pollution/tasks/cp-collection/output/training_extensions/results/class-pollution-external.qls.sarif (logger.py:42)[0m
[32;20m2026-05-15 11:59:28,974 - CodeQLRunner - INFO - Query completed successfully: /home/jackfromeast/Desktop/python-class-pollution/src/pyrl/codeql/class-pollution-all/class-pollution-external.qls (logger.py:42)[0m
[32;20m2026-05-15 11:59:28,974 - CodeQLRunner - INFO - Summarizing CodeQL results... (logger.py:42)[0m
[32;20m2026-05-15 11:59:28,980 - CodeQLRunner - INFO - Processed /home/jackfromeast/Desktop/python-class-pollution/tasks/cp-collection/output/training_extensions/results/class-pollution-external.qls.sarif: 4 flows detected. (logger.py:42)[0m
[32;20m2026-05-15 11:59:28,980 - CodeQLRunner - INFO - Summary saved to /home/jackfromeast/Desktop/python-class-pollution/tasks/cp-collection/output/training_extensions/results/summary.json (logger.py:42)[0m
[32;20m2026-05-15 11:59:28,981 - Scheduler - INFO - Worker completed for repo: https://github.com/openvinotoolkit/training_extensions/tree/v2.2.2 (run_cp_analysis.py:37)[0m
[32;20m2026-05-15 11:59:28,997 - Scheduler - INFO - Progress: 46/76 repositories scanned. (base_scheduler.py:134)[0m
[32;20m2026-05-15 11:59:28,998 - Scheduler - INFO - Starting worker for repo: https://github.com/dansimau/pystringattr (run_cp_analysis.py:28)[0m
[32;20m2026-05-15 11:59:28,998 - GithubDownloader - INFO - Cloning repository: https://github.com/dansimau/pystringattr to /home/jackfromeast/Desktop/python-class-pollution/tasks/cp-collection/output/pystringattr/codebase (downloader.py:89)[0m
[32;20m2026-05-15 11:59:29,199 - GithubDownloader - INFO - Repository cloned successfully to /home/jackfromeast/Desktop/python-class-pollution/tasks/cp-collection/output/pystringattr/codebase (downloader.py:138)[0m
[32;20m2026-05-15 11:59:29,199 - CodeQLRunner - INFO - Building CodeQL database for: /home/jackfromeast/Desktop/python-class-pollution/tasks/cp-collection/output/pystringattr/codebase (logger.py:42)[0m
[32;20m2026-05-15 11:59:30,266 - CodeQLRunner - INFO - CodeQL database created successfully at /home/jackfromeast/Desktop/python-class-pollution/tasks/cp-collection/output/pykka/codeql-db (logger.py:42)[0m
[32;20m2026-05-15 11:59:30,266 - CodeQLRunner - INFO - Running CodeQL queries on database: /home/jackfromeast/Desktop/python-class-pollution/tasks/cp-collection/output/pykka/codeql-db (logger.py:42)[0m
[32;20m2026-05-15 11:59:30,266 - CodeQLRunner - INFO - Running query: /home/jackfromeast/Desktop/python-class-pollution/src/pyrl/codeql/class-pollution-all/class-pollution-external.qls (logger.py:42)[0m
[32;20m2026-05-15 11:59:30,489 - CodeQLRunner - INFO - Query /home/jackfromeast/Desktop/python-class-pollution/src/pyrl/codeql/class-pollution-all/class-pollution-external.qls executed successfully. Results saved to /home/jackfromeast/Desktop/python-class-pollution/tasks/cp-collection/output/pyinstrument/results/class-pollution-external.qls.sarif (logger.py:42)[0m
[32;20m2026-05-15 11:59:30,489 - CodeQLRunner - INFO - Query completed successfully: /home/jackfromeast/Desktop/python-class-pollution/src/pyrl/codeql/class-pollution-all/class-pollution-external.qls (logger.py:42)[0m
[32;20m2026-05-15 11:59:30,489 - CodeQLRunner - INFO - Summarizing CodeQL results... (logger.py:42)[0m
[32;20m2026-05-15 11:59:30,490 - CodeQLRunner - INFO - Processed /home/jackfromeast/Desktop/python-class-pollution/tasks/cp-collection/output/pyinstrument/results/class-pollution-external.qls.sarif: 1 flows detected. (logger.py:42)[0m
[32;20m2026-05-15 11:59:30,490 - CodeQLRunner - INFO - Summary saved to /home/jackfromeast/Desktop/python-class-pollution/tasks/cp-collection/output/pyinstrument/results/summary.json (logger.py:42)[0m
[32;20m2026-05-15 11:59:30,490 - Scheduler - INFO - Worker completed for repo: https://github.com/joerick/pyinstrument (run_cp_analysis.py:37)[0m
[32;20m2026-05-15 11:59:30,504 - Scheduler - INFO - Progress: 47/76 repositories scanned. (base_scheduler.py:134)[0m
[32;20m2026-05-15 11:59:30,505 - Scheduler - INFO - Starting worker for repo: https://github.com/Lightning-AI/pytorch-lightning (run_cp_analysis.py:28)[0m
[32;20m2026-05-15 11:59:30,505 - GithubDownloader - INFO - Cloning repository: https://github.com/Lightning-AI/pytorch-lightning to /home/jackfromeast/Desktop/python-class-pollution/tasks/cp-collection/output/pytorch-lightning/codebase (downloader.py:89)[0m
[32;20m2026-05-15 11:59:32,797 - CodeQLRunner - INFO - CodeQL database created successfully at /home/jackfromeast/Desktop/python-class-pollution/tasks/cp-collection/output/pystringattr/codeql-db (logger.py:42)[0m
[32;20m2026-05-15 11:59:32,797 - CodeQLRunner - INFO - Running CodeQL queries on database: /home/jackfromeast/Desktop/python-class-pollution/tasks/cp-collection/output/pystringattr/codeql-db (logger.py:42)[0m
[32;20m2026-05-15 11:59:32,798 - CodeQLRunner - INFO - Running query: /home/jackfromeast/Desktop/python-class-pollution/src/pyrl/codeql/class-pollution-all/class-pollution-external.qls (logger.py:42)[0m
[32;20m2026-05-15 11:59:39,756 - CodeQLRunner - INFO - Query /home/jackfromeast/Desktop/python-class-pollution/src/pyrl/codeql/class-pollution-all/class-pollution-external.qls executed successfully. Results saved to /home/jackfromeast/Desktop/python-class-pollution/tasks/cp-collection/output/panel/results/class-pollution-external.qls.sarif (logger.py:42)[0m
[32;20m2026-05-15 11:59:39,756 - CodeQLRunner - INFO - Query completed successfully: /home/jackfromeast/Desktop/python-class-pollution/src/pyrl/codeql/class-pollution-all/class-pollution-external.qls (logger.py:42)[0m
[32;20m2026-05-15 11:59:39,756 - CodeQLRunner - INFO - Summarizing CodeQL results... (logger.py:42)[0m
[32;20m2026-05-15 11:59:39,758 - CodeQLRunner - INFO - Processed /home/jackfromeast/Desktop/python-class-pollution/tasks/cp-collection/output/panel/results/class-pollution-external.qls.sarif: 104 flows detected. (logger.py:42)[0m
[32;20m2026-05-15 11:59:39,758 - CodeQLRunner - INFO - Summary saved to /home/jackfromeast/Desktop/python-class-pollution/tasks/cp-collection/output/panel/results/summary.json (logger.py:42)[0m
[32;20m2026-05-15 11:59:39,759 - Scheduler - INFO - Worker completed for repo: https://github.com/holoviz/panel (run_cp_analysis.py:37)[0m
[32;20m2026-05-15 11:59:39,771 - Scheduler - INFO - Progress: 48/76 repositories scanned. (base_scheduler.py:134)[0m
[32;20m2026-05-15 11:59:39,773 - Scheduler - INFO - Starting worker for repo: https://github.com/infiniflow/ragflow (run_cp_analysis.py:28)[0m
[32;20m2026-05-15 11:59:39,773 - GithubDownloader - INFO - Cloning repository: https://github.com/infiniflow/ragflow to /home/jackfromeast/Desktop/python-class-pollution/tasks/cp-collection/output/ragflow/codebase (downloader.py:89)[0m
[32;20m2026-05-15 11:59:39,849 - GithubDownloader - INFO - Repository cloned successfully to /home/jackfromeast/Desktop/python-class-pollution/tasks/cp-collection/output/pytorch-lightning/codebase (downloader.py:138)[0m
[32;20m2026-05-15 11:59:39,850 - CodeQLRunner - INFO - Building CodeQL database for: /home/jackfromeast/Desktop/python-class-pollution/tasks/cp-collection/output/pytorch-lightning/codebase (logger.py:42)[0m
[32;20m2026-05-15 11:59:44,307 - CodeQLRunner - INFO - Query /home/jackfromeast/Desktop/python-class-pollution/src/pyrl/codeql/class-pollution-all/class-pollution-external.qls executed successfully. Results saved to /home/jackfromeast/Desktop/python-class-pollution/tasks/cp-collection/output/pykka/results/class-pollution-external.qls.sarif (logger.py:42)[0m
[32;20m2026-05-15 11:59:44,307 - CodeQLRunner - INFO - Query completed successfully: /home/jackfromeast/Desktop/python-class-pollution/src/pyrl/codeql/class-pollution-all/class-pollution-external.qls (logger.py:42)[0m
[32;20m2026-05-15 11:59:44,307 - CodeQLRunner - INFO - Summarizing CodeQL results... (logger.py:42)[0m
[32;20m2026-05-15 11:59:44,307 - CodeQLRunner - INFO - Processed /home/jackfromeast/Desktop/python-class-pollution/tasks/cp-collection/output/pykka/results/class-pollution-external.qls.sarif: 0 flows detected. (logger.py:42)[0m
[32;20m2026-05-15 11:59:44,307 - CodeQLRunner - INFO - Summary saved to /home/jackfromeast/Desktop/python-class-pollution/tasks/cp-collection/output/pykka/results/summary.json (logger.py:42)[0m
[32;20m2026-05-15 11:59:44,308 - CodeQLRunner - INFO - No flows detected. Cleaning up... (logger.py:42)[0m
[32;20m2026-05-15 11:59:44,308 - CodeQLRunner - INFO - Cleaning up CodeQL database and codebase... (logger.py:42)[0m
[32;20m2026-05-15 11:59:44,788 - CodeQLRunner - INFO - No processes found using /home/jackfromeast/Desktop/python-class-pollution/tasks/cp-collection/output/pykka/codeql-db. (logger.py:42)[0m
[32;20m2026-05-15 11:59:44,803 - CodeQLRunner - INFO - Removed repo directory at /home/jackfromeast/Desktop/python-class-pollution/tasks/cp-collection/output/pykka as no flows detected. (logger.py:42)[0m
[32;20m2026-05-15 11:59:44,804 - Scheduler - INFO - Worker completed for repo: https://github.com/jodal/pykka (run_cp_analysis.py:37)[0m
[32;20m2026-05-15 11:59:44,816 - Scheduler - INFO - Progress: 49/76 repositories scanned. (base_scheduler.py:134)[0m
[32;20m2026-05-15 11:59:44,817 - Scheduler - INFO - Starting worker for repo: https://github.com/rivenmedia/riven/tree/v0.20.1 (run_cp_analysis.py:28)[0m
[32;20m2026-05-15 11:59:44,818 - GithubDownloader - INFO - Cloning repository: https://github.com/rivenmedia/riven to /home/jackfromeast/Desktop/python-class-pollution/tasks/cp-collection/output/riven/codebase (ref: v0.20.1) (downloader.py:89)[0m
[32;20m2026-05-15 11:59:45,693 - GithubDownloader - INFO - Checking out ref: v0.20.1 (downloader.py:122)[0m
[32;20m2026-05-15 11:59:45,823 - GithubDownloader - INFO - Checked out ref: v0.20.1 (downloader.py:136)[0m
[32;20m2026-05-15 11:59:45,824 - GithubDownloader - INFO - Repository cloned successfully to /home/jackfromeast/Desktop/python-class-pollution/tasks/cp-collection/output/riven/codebase (downloader.py:138)[0m
[32;20m2026-05-15 11:59:45,824 - CodeQLRunner - INFO - Building CodeQL database for: /home/jackfromeast/Desktop/python-class-pollution/tasks/cp-collection/output/riven/codebase (logger.py:42)[0m
[32;20m2026-05-15 11:59:46,439 - GithubDownloader - INFO - Repository cloned successfully to /home/jackfromeast/Desktop/python-class-pollution/tasks/cp-collection/output/ragflow/codebase (downloader.py:138)[0m
[32;20m2026-05-15 11:59:46,440 - CodeQLRunner - INFO - Building CodeQL database for: /home/jackfromeast/Desktop/python-class-pollution/tasks/cp-collection/output/ragflow/codebase (logger.py:42)[0m
[32;20m2026-05-15 11:59:47,584 - CodeQLRunner - INFO - Query /home/jackfromeast/Desktop/python-class-pollution/src/pyrl/codeql/class-pollution-all/class-pollution-external.qls executed successfully. Results saved to /home/jackfromeast/Desktop/python-class-pollution/tasks/cp-collection/output/pystringattr/results/class-pollution-external.qls.sarif (logger.py:42)[0m
[32;20m2026-05-15 11:59:47,584 - CodeQLRunner - INFO - Query completed successfully: /home/jackfromeast/Desktop/python-class-pollution/src/pyrl/codeql/class-pollution-all/class-pollution-external.qls (logger.py:42)[0m
[32;20m2026-05-15 11:59:47,584 - CodeQLRunner - INFO - Summarizing CodeQL results... (logger.py:42)[0m
[32;20m2026-05-15 11:59:47,584 - CodeQLRunner - INFO - Processed /home/jackfromeast/Desktop/python-class-pollution/tasks/cp-collection/output/pystringattr/results/class-pollution-external.qls.sarif: 5 flows detected. (logger.py:42)[0m
[32;20m2026-05-15 11:59:47,585 - CodeQLRunner - INFO - Summary saved to /home/jackfromeast/Desktop/python-class-pollution/tasks/cp-collection/output/pystringattr/results/summary.json (logger.py:42)[0m
[32;20m2026-05-15 11:59:47,585 - Scheduler - INFO - Worker completed for repo: https://github.com/dansimau/pystringattr (run_cp_analysis.py:37)[0m
[32;20m2026-05-15 11:59:47,600 - Scheduler - INFO - Progress: 50/76 repositories scanned. (base_scheduler.py:134)[0m
[32;20m2026-05-15 11:59:47,602 - Scheduler - INFO - Starting worker for repo: https://github.com/robusta-dev/robusta/tree/0.20.0 (run_cp_analysis.py:28)[0m
[32;20m2026-05-15 11:59:47,602 - GithubDownloader - INFO - Cloning repository: https://github.com/robusta-dev/robusta to /home/jackfromeast/Desktop/python-class-pollution/tasks/cp-collection/output/robusta/codebase (ref: 0.20.0) (downloader.py:89)[0m
[32;20m2026-05-15 11:59:51,202 - GithubDownloader - INFO - Checking out ref: 0.20.0 (downloader.py:122)[0m
[32;20m2026-05-15 11:59:51,451 - GithubDownloader - INFO - Checked out ref: 0.20.0 (downloader.py:136)[0m
[32;20m2026-05-15 11:59:51,451 - GithubDownloader - INFO - Repository cloned successfully to /home/jackfromeast/Desktop/python-class-pollution/tasks/cp-collection/output/robusta/codebase (downloader.py:138)[0m
[32;20m2026-05-15 11:59:51,451 - CodeQLRunner - INFO - Building CodeQL database for: /home/jackfromeast/Desktop/python-class-pollution/tasks/cp-collection/output/robusta/codebase (logger.py:42)[0m
[32;20m2026-05-15 11:59:55,965 - CodeQLRunner - INFO - CodeQL database created successfully at /home/jackfromeast/Desktop/python-class-pollution/tasks/cp-collection/output/riven/codeql-db (logger.py:42)[0m
[32;20m2026-05-15 11:59:55,966 - CodeQLRunner - INFO - Running CodeQL queries on database: /home/jackfromeast/Desktop/python-class-pollution/tasks/cp-collection/output/riven/codeql-db (logger.py:42)[0m
[32;20m2026-05-15 11:59:55,966 - CodeQLRunner - INFO - Running query: /home/jackfromeast/Desktop/python-class-pollution/src/pyrl/codeql/class-pollution-all/class-pollution-external.qls (logger.py:42)[0m
[32;20m2026-05-15 11:59:59,992 - CodeQLRunner - INFO - CodeQL database created successfully at /home/jackfromeast/Desktop/python-class-pollution/tasks/cp-collection/output/pytorch-lightning/codeql-db (logger.py:42)[0m
[32;20m2026-05-15 11:59:59,993 - CodeQLRunner - INFO - Running CodeQL queries on database: /home/jackfromeast/Desktop/python-class-pollution/tasks/cp-collection/output/pytorch-lightning/codeql-db (logger.py:42)[0m
[32;20m2026-05-15 11:59:59,993 - CodeQLRunner - INFO - Running query: /home/jackfromeast/Desktop/python-class-pollution/src/pyrl/codeql/class-pollution-all/class-pollution-external.qls (logger.py:42)[0m
[32;20m2026-05-15 12:00:01,380 - CodeQLRunner - INFO - CodeQL database created successfully at /home/jackfromeast/Desktop/python-class-pollution/tasks/cp-collection/output/robusta/codeql-db (logger.py:42)[0m
[32;20m2026-05-15 12:00:01,380 - CodeQLRunner - INFO - Running CodeQL queries on database: /home/jackfromeast/Desktop/python-class-pollution/tasks/cp-collection/output/robusta/codeql-db (logger.py:42)[0m
[32;20m2026-05-15 12:00:01,380 - CodeQLRunner - INFO - Running query: /home/jackfromeast/Desktop/python-class-pollution/src/pyrl/codeql/class-pollution-all/class-pollution-external.qls (logger.py:42)[0m
[32;20m2026-05-15 12:00:05,396 - CodeQLRunner - INFO - Query /home/jackfromeast/Desktop/python-class-pollution/src/pyrl/codeql/class-pollution-all/class-pollution-external.qls executed successfully. Results saved to /home/jackfromeast/Desktop/python-class-pollution/tasks/cp-collection/output/neural-compressor/results/class-pollution-external.qls.sarif (logger.py:42)[0m
[32;20m2026-05-15 12:00:05,396 - CodeQLRunner - INFO - Query completed successfully: /home/jackfromeast/Desktop/python-class-pollution/src/pyrl/codeql/class-pollution-all/class-pollution-external.qls (logger.py:42)[0m
[32;20m2026-05-15 12:00:05,396 - CodeQLRunner - INFO - Summarizing CodeQL results... (logger.py:42)[0m
[32;20m2026-05-15 12:00:05,400 - CodeQLRunner - INFO - Processed /home/jackfromeast/Desktop/python-class-pollution/tasks/cp-collection/output/neural-compressor/results/class-pollution-external.qls.sarif: 65 flows detected. (logger.py:42)[0m
[32;20m2026-05-15 12:00:05,401 - CodeQLRunner - INFO - Summary saved to /home/jackfromeast/Desktop/python-class-pollution/tasks/cp-collection/output/neural-compressor/results/summary.json (logger.py:42)[0m
[32;20m2026-05-15 12:00:05,401 - Scheduler - INFO - Worker completed for repo: https://github.com/intel/neural-compressor (run_cp_analysis.py:37)[0m
[32;20m2026-05-15 12:00:05,422 - Scheduler - INFO - Progress: 51/76 repositories scanned. (base_scheduler.py:134)[0m
[32;20m2026-05-15 12:00:05,423 - Scheduler - INFO - Starting worker for repo: https://github.com/linkml/schemasheets/tree/0.3.1 (run_cp_analysis.py:28)[0m
[32;20m2026-05-15 12:00:05,424 - GithubDownloader - INFO - Cloning repository: https://github.com/linkml/schemasheets to /home/jackfromeast/Desktop/python-class-pollution/tasks/cp-collection/output/schemasheets/codebase (ref: 0.3.1) (downloader.py:89)[0m
[32;20m2026-05-15 12:00:05,990 - GithubDownloader - INFO - Checking out ref: 0.3.1 (downloader.py:122)[0m
[33;20m2026-05-15 12:00:05,992 - GithubDownloader - WARNING - Failed to checkout ref '0.3.1': error: pathspec '0.3.1' did not match any file(s) known to git; falling back to default branch. (downloader.py:131)[0m
[32;20m2026-05-15 12:00:05,992 - GithubDownloader - INFO - Repository cloned successfully to /home/jackfromeast/Desktop/python-class-pollution/tasks/cp-collection/output/schemasheets/codebase (downloader.py:138)[0m
[32;20m2026-05-15 12:00:05,993 - CodeQLRunner - INFO - Building CodeQL database for: /home/jackfromeast/Desktop/python-class-pollution/tasks/cp-collection/output/schemasheets/codebase (logger.py:42)[0m
[32;20m2026-05-15 12:00:06,745 - CodeQLRunner - INFO - CodeQL database created successfully at /home/jackfromeast/Desktop/python-class-pollution/tasks/cp-collection/output/ragflow/codeql-db (logger.py:42)[0m
[32;20m2026-05-15 12:00:06,745 - CodeQLRunner - INFO - Running CodeQL queries on database: /home/jackfromeast/Desktop/python-class-pollution/tasks/cp-collection/output/ragflow/codeql-db (logger.py:42)[0m
[32;20m2026-05-15 12:00:06,745 - CodeQLRunner - INFO - Running query: /home/jackfromeast/Desktop/python-class-pollution/src/pyrl/codeql/class-pollution-all/class-pollution-external.qls (logger.py:42)[0m
[32;20m2026-05-15 12:00:12,904 - CodeQLRunner - INFO - CodeQL database created successfully at /home/jackfromeast/Desktop/python-class-pollution/tasks/cp-collection/output/schemasheets/codeql-db (logger.py:42)[0m
[32;20m2026-05-15 12:00:12,904 - CodeQLRunner - INFO - Running CodeQL queries on database: /home/jackfromeast/Desktop/python-class-pollution/tasks/cp-collection/output/schemasheets/codeql-db (logger.py:42)[0m
[32;20m2026-05-15 12:00:12,904 - CodeQLRunner - INFO - Running query: /home/jackfromeast/Desktop/python-class-pollution/src/pyrl/codeql/class-pollution-all/class-pollution-external.qls (logger.py:42)[0m
[32;20m2026-05-15 12:00:20,528 - CodeQLRunner - INFO - Query /home/jackfromeast/Desktop/python-class-pollution/src/pyrl/codeql/class-pollution-all/class-pollution-external.qls executed successfully. Results saved to /home/jackfromeast/Desktop/python-class-pollution/tasks/cp-collection/output/riven/results/class-pollution-external.qls.sarif (logger.py:42)[0m
[32;20m2026-05-15 12:00:20,528 - CodeQLRunner - INFO - Query completed successfully: /home/jackfromeast/Desktop/python-class-pollution/src/pyrl/codeql/class-pollution-all/class-pollution-external.qls (logger.py:42)[0m
[32;20m2026-05-15 12:00:20,528 - CodeQLRunner - INFO - Summarizing CodeQL results... (logger.py:42)[0m
[32;20m2026-05-15 12:00:20,528 - CodeQLRunner - INFO - Processed /home/jackfromeast/Desktop/python-class-pollution/tasks/cp-collection/output/riven/results/class-pollution-external.qls.sarif: 2 flows detected. (logger.py:42)[0m
[32;20m2026-05-15 12:00:20,529 - CodeQLRunner - INFO - Summary saved to /home/jackfromeast/Desktop/python-class-pollution/tasks/cp-collection/output/riven/results/summary.json (logger.py:42)[0m
[32;20m2026-05-15 12:00:20,529 - Scheduler - INFO - Worker completed for repo: https://github.com/rivenmedia/riven/tree/v0.20.1 (run_cp_analysis.py:37)[0m
[32;20m2026-05-15 12:00:20,548 - Scheduler - INFO - Progress: 52/76 repositories scanned. (base_scheduler.py:134)[0m
[32;20m2026-05-15 12:00:20,550 - Scheduler - INFO - Starting worker for repo: https://github.com/Mikubill/sd-webui-controlnet (run_cp_analysis.py:28)[0m
[32;20m2026-05-15 12:00:20,550 - GithubDownloader - INFO - Cloning repository: https://github.com/Mikubill/sd-webui-controlnet to /home/jackfromeast/Desktop/python-class-pollution/tasks/cp-collection/output/sd-webui-controlnet/codebase (downloader.py:89)[0m
[32;20m2026-05-15 12:00:21,538 - GithubDownloader - INFO - Repository cloned successfully to /home/jackfromeast/Desktop/python-class-pollution/tasks/cp-collection/output/sd-webui-controlnet/codebase (downloader.py:138)[0m
[32;20m2026-05-15 12:00:21,539 - CodeQLRunner - INFO - Building CodeQL database for: /home/jackfromeast/Desktop/python-class-pollution/tasks/cp-collection/output/sd-webui-controlnet/codebase (logger.py:42)[0m
[32;20m2026-05-15 12:00:31,750 - CodeQLRunner - INFO - Query /home/jackfromeast/Desktop/python-class-pollution/src/pyrl/codeql/class-pollution-all/class-pollution-external.qls executed successfully. Results saved to /home/jackfromeast/Desktop/python-class-pollution/tasks/cp-collection/output/schemasheets/results/class-pollution-external.qls.sarif (logger.py:42)[0m
[32;20m2026-05-15 12:00:31,750 - CodeQLRunner - INFO - Query completed successfully: /home/jackfromeast/Desktop/python-class-pollution/src/pyrl/codeql/class-pollution-all/class-pollution-external.qls (logger.py:42)[0m
[32;20m2026-05-15 12:00:31,750 - CodeQLRunner - INFO - Summarizing CodeQL results... (logger.py:42)[0m
[32;20m2026-05-15 12:00:31,751 - CodeQLRunner - INFO - Processed /home/jackfromeast/Desktop/python-class-pollution/tasks/cp-collection/output/schemasheets/results/class-pollution-external.qls.sarif: 3 flows detected. (logger.py:42)[0m
[32;20m2026-05-15 12:00:31,751 - CodeQLRunner - INFO - Summary saved to /home/jackfromeast/Desktop/python-class-pollution/tasks/cp-collection/output/schemasheets/results/summary.json (logger.py:42)[0m
[32;20m2026-05-15 12:00:31,751 - Scheduler - INFO - Worker completed for repo: https://github.com/linkml/schemasheets/tree/0.3.1 (run_cp_analysis.py:37)[0m
[32;20m2026-05-15 12:00:31,774 - Scheduler - INFO - Progress: 53/76 repositories scanned. (base_scheduler.py:134)[0m
[32;20m2026-05-15 12:00:31,776 - Scheduler - INFO - Starting worker for repo: https://github.com/explosion/spaCy (run_cp_analysis.py:28)[0m
[32;20m2026-05-15 12:00:31,776 - GithubDownloader - INFO - Cloning repository: https://github.com/explosion/spaCy to /home/jackfromeast/Desktop/python-class-pollution/tasks/cp-collection/output/spaCy/codebase (downloader.py:89)[0m
[32;20m2026-05-15 12:00:33,963 - CodeQLRunner - INFO - Query /home/jackfromeast/Desktop/python-class-pollution/src/pyrl/codeql/class-pollution-all/class-pollution-external.qls executed successfully. Results saved to /home/jackfromeast/Desktop/python-class-pollution/tasks/cp-collection/output/robusta/results/class-pollution-external.qls.sarif (logger.py:42)[0m
[32;20m2026-05-15 12:00:33,964 - CodeQLRunner - INFO - Query completed successfully: /home/jackfromeast/Desktop/python-class-pollution/src/pyrl/codeql/class-pollution-all/class-pollution-external.qls (logger.py:42)[0m
[32;20m2026-05-15 12:00:33,964 - CodeQLRunner - INFO - Summarizing CodeQL results... (logger.py:42)[0m
[32;20m2026-05-15 12:00:33,964 - CodeQLRunner - INFO - Processed /home/jackfromeast/Desktop/python-class-pollution/tasks/cp-collection/output/robusta/results/class-pollution-external.qls.sarif: 1 flows detected. (logger.py:42)[0m
[32;20m2026-05-15 12:00:33,965 - CodeQLRunner - INFO - Summary saved to /home/jackfromeast/Desktop/python-class-pollution/tasks/cp-collection/output/robusta/results/summary.json (logger.py:42)[0m
[32;20m2026-05-15 12:00:33,965 - Scheduler - INFO - Worker completed for repo: https://github.com/robusta-dev/robusta/tree/0.20.0 (run_cp_analysis.py:37)[0m
[32;20m2026-05-15 12:00:33,975 - Scheduler - INFO - Progress: 54/76 repositories scanned. (base_scheduler.py:134)[0m
[32;20m2026-05-15 12:00:33,976 - Scheduler - INFO - Starting worker for repo: https://github.com/lllyasviel/stable-diffusion-webui-forge (run_cp_analysis.py:28)[0m
[32;20m2026-05-15 12:00:33,977 - GithubDownloader - INFO - Cloning repository: https://github.com/lllyasviel/stable-diffusion-webui-forge to /home/jackfromeast/Desktop/python-class-pollution/tasks/cp-collection/output/stable-diffusion-webui-forge/codebase (downloader.py:89)[0m
[32;20m2026-05-15 12:00:36,257 - CodeQLRunner - INFO - CodeQL database created successfully at /home/jackfromeast/Desktop/python-class-pollution/tasks/cp-collection/output/sd-webui-controlnet/codeql-db (logger.py:42)[0m
[32;20m2026-05-15 12:00:36,258 - CodeQLRunner - INFO - Running CodeQL queries on database: /home/jackfromeast/Desktop/python-class-pollution/tasks/cp-collection/output/sd-webui-controlnet/codeql-db (logger.py:42)[0m
[32;20m2026-05-15 12:00:36,258 - CodeQLRunner - INFO - Running query: /home/jackfromeast/Desktop/python-class-pollution/src/pyrl/codeql/class-pollution-all/class-pollution-external.qls (logger.py:42)[0m
[32;20m2026-05-15 12:00:36,418 - GithubDownloader - INFO - Repository cloned successfully to /home/jackfromeast/Desktop/python-class-pollution/tasks/cp-collection/output/stable-diffusion-webui-forge/codebase (downloader.py:138)[0m
[32;20m2026-05-15 12:00:36,419 - CodeQLRunner - INFO - Building CodeQL database for: /home/jackfromeast/Desktop/python-class-pollution/tasks/cp-collection/output/stable-diffusion-webui-forge/codebase (logger.py:42)[0m
[32;20m2026-05-15 12:00:43,103 - GithubDownloader - INFO - Repository cloned successfully to /home/jackfromeast/Desktop/python-class-pollution/tasks/cp-collection/output/spaCy/codebase (downloader.py:138)[0m
[32;20m2026-05-15 12:00:43,104 - CodeQLRunner - INFO - Building CodeQL database for: /home/jackfromeast/Desktop/python-class-pollution/tasks/cp-collection/output/spaCy/codebase (logger.py:42)[0m
[32;20m2026-05-15 12:00:55,831 - CodeQLRunner - INFO - CodeQL database created successfully at /home/jackfromeast/Desktop/python-class-pollution/tasks/cp-collection/output/stable-diffusion-webui-forge/codeql-db (logger.py:42)[0m
[32;20m2026-05-15 12:00:55,831 - CodeQLRunner - INFO - Running CodeQL queries on database: /home/jackfromeast/Desktop/python-class-pollution/tasks/cp-collection/output/stable-diffusion-webui-forge/codeql-db (logger.py:42)[0m
[32;20m2026-05-15 12:00:55,831 - CodeQLRunner - INFO - Running query: /home/jackfromeast/Desktop/python-class-pollution/src/pyrl/codeql/class-pollution-all/class-pollution-external.qls (logger.py:42)[0m
[32;20m2026-05-15 12:00:56,462 - CodeQLRunner - INFO - CodeQL database created successfully at /home/jackfromeast/Desktop/python-class-pollution/tasks/cp-collection/output/spaCy/codeql-db (logger.py:42)[0m
[32;20m2026-05-15 12:00:56,462 - CodeQLRunner - INFO - Running CodeQL queries on database: /home/jackfromeast/Desktop/python-class-pollution/tasks/cp-collection/output/spaCy/codeql-db (logger.py:42)[0m
[32;20m2026-05-15 12:00:56,462 - CodeQLRunner - INFO - Running query: /home/jackfromeast/Desktop/python-class-pollution/src/pyrl/codeql/class-pollution-all/class-pollution-external.qls (logger.py:42)[0m
[32;20m2026-05-15 12:01:14,632 - CodeQLRunner - INFO - Query /home/jackfromeast/Desktop/python-class-pollution/src/pyrl/codeql/class-pollution-all/class-pollution-external.qls executed successfully. Results saved to /home/jackfromeast/Desktop/python-class-pollution/tasks/cp-collection/output/pytorch-lightning/results/class-pollution-external.qls.sarif (logger.py:42)[0m
[32;20m2026-05-15 12:01:14,632 - CodeQLRunner - INFO - Query completed successfully: /home/jackfromeast/Desktop/python-class-pollution/src/pyrl/codeql/class-pollution-all/class-pollution-external.qls (logger.py:42)[0m
[32;20m2026-05-15 12:01:14,632 - CodeQLRunner - INFO - Summarizing CodeQL results... (logger.py:42)[0m
[32;20m2026-05-15 12:01:14,634 - CodeQLRunner - INFO - Processed /home/jackfromeast/Desktop/python-class-pollution/tasks/cp-collection/output/pytorch-lightning/results/class-pollution-external.qls.sarif: 4 flows detected. (logger.py:42)[0m
[32;20m2026-05-15 12:01:14,634 - CodeQLRunner - INFO - Summary saved to /home/jackfromeast/Desktop/python-class-pollution/tasks/cp-collection/output/pytorch-lightning/results/summary.json (logger.py:42)[0m
[32;20m2026-05-15 12:01:14,635 - Scheduler - INFO - Worker completed for repo: https://github.com/Lightning-AI/pytorch-lightning (run_cp_analysis.py:37)[0m
[32;20m2026-05-15 12:01:14,655 - Scheduler - INFO - Progress: 55/76 repositories scanned. (base_scheduler.py:134)[0m
[32;20m2026-05-15 12:01:14,656 - Scheduler - INFO - Starting worker for repo: https://github.com/NVlabs/stylegan2 (run_cp_analysis.py:28)[0m
[32;20m2026-05-15 12:01:14,656 - GithubDownloader - INFO - Cloning repository: https://github.com/NVlabs/stylegan2 to /home/jackfromeast/Desktop/python-class-pollution/tasks/cp-collection/output/stylegan2/codebase (downloader.py:89)[0m
[32;20m2026-05-15 12:01:14,898 - GithubDownloader - INFO - Repository cloned successfully to /home/jackfromeast/Desktop/python-class-pollution/tasks/cp-collection/output/stylegan2/codebase (downloader.py:138)[0m
[32;20m2026-05-15 12:01:14,899 - CodeQLRunner - INFO - Building CodeQL database for: /home/jackfromeast/Desktop/python-class-pollution/tasks/cp-collection/output/stylegan2/codebase (logger.py:42)[0m
[32;20m2026-05-15 12:01:19,113 - CodeQLRunner - INFO - CodeQL database created successfully at /home/jackfromeast/Desktop/python-class-pollution/tasks/cp-collection/output/stylegan2/codeql-db (logger.py:42)[0m
[32;20m2026-05-15 12:01:19,113 - CodeQLRunner - INFO - Running CodeQL queries on database: /home/jackfromeast/Desktop/python-class-pollution/tasks/cp-collection/output/stylegan2/codeql-db (logger.py:42)[0m
[32;20m2026-05-15 12:01:19,113 - CodeQLRunner - INFO - Running query: /home/jackfromeast/Desktop/python-class-pollution/src/pyrl/codeql/class-pollution-all/class-pollution-external.qls (logger.py:42)[0m
[32;20m2026-05-15 12:01:36,217 - CodeQLRunner - INFO - Query /home/jackfromeast/Desktop/python-class-pollution/src/pyrl/codeql/class-pollution-all/class-pollution-external.qls executed successfully. Results saved to /home/jackfromeast/Desktop/python-class-pollution/tasks/cp-collection/output/stylegan2/results/class-pollution-external.qls.sarif (logger.py:42)[0m
[32;20m2026-05-15 12:01:36,217 - CodeQLRunner - INFO - Query completed successfully: /home/jackfromeast/Desktop/python-class-pollution/src/pyrl/codeql/class-pollution-all/class-pollution-external.qls (logger.py:42)[0m
[32;20m2026-05-15 12:01:36,217 - CodeQLRunner - INFO - Summarizing CodeQL results... (logger.py:42)[0m
[32;20m2026-05-15 12:01:36,218 - CodeQLRunner - INFO - Processed /home/jackfromeast/Desktop/python-class-pollution/tasks/cp-collection/output/stylegan2/results/class-pollution-external.qls.sarif: 0 flows detected. (logger.py:42)[0m
[32;20m2026-05-15 12:01:36,218 - CodeQLRunner - INFO - Summary saved to /home/jackfromeast/Desktop/python-class-pollution/tasks/cp-collection/output/stylegan2/results/summary.json (logger.py:42)[0m
[32;20m2026-05-15 12:01:36,218 - CodeQLRunner - INFO - No flows detected. Cleaning up... (logger.py:42)[0m
[32;20m2026-05-15 12:01:36,218 - CodeQLRunner - INFO - Cleaning up CodeQL database and codebase... (logger.py:42)[0m
[32;20m2026-05-15 12:01:36,616 - CodeQLRunner - INFO - No processes found using /home/jackfromeast/Desktop/python-class-pollution/tasks/cp-collection/output/stylegan2/codeql-db. (logger.py:42)[0m
[32;20m2026-05-15 12:01:36,649 - CodeQLRunner - INFO - Removed repo directory at /home/jackfromeast/Desktop/python-class-pollution/tasks/cp-collection/output/stylegan2 as no flows detected. (logger.py:42)[0m
[32;20m2026-05-15 12:01:36,649 - Scheduler - INFO - Worker completed for repo: https://github.com/NVlabs/stylegan2 (run_cp_analysis.py:37)[0m
[32;20m2026-05-15 12:01:36,673 - Scheduler - INFO - Progress: 56/76 repositories scanned. (base_scheduler.py:134)[0m
[32;20m2026-05-15 12:01:36,675 - Scheduler - INFO - Starting worker for repo: https://github.com/nortikin/sverchok (run_cp_analysis.py:28)[0m
[32;20m2026-05-15 12:01:36,676 - GithubDownloader - INFO - Cloning repository: https://github.com/nortikin/sverchok to /home/jackfromeast/Desktop/python-class-pollution/tasks/cp-collection/output/sverchok/codebase (downloader.py:89)[0m
[32;20m2026-05-15 12:01:41,255 - CodeQLRunner - INFO - Query /home/jackfromeast/Desktop/python-class-pollution/src/pyrl/codeql/class-pollution-all/class-pollution-external.qls executed successfully. Results saved to /home/jackfromeast/Desktop/python-class-pollution/tasks/cp-collection/output/spaCy/results/class-pollution-external.qls.sarif (logger.py:42)[0m
[32;20m2026-05-15 12:01:41,255 - CodeQLRunner - INFO - Query completed successfully: /home/jackfromeast/Desktop/python-class-pollution/src/pyrl/codeql/class-pollution-all/class-pollution-external.qls (logger.py:42)[0m
[32;20m2026-05-15 12:01:41,255 - CodeQLRunner - INFO - Summarizing CodeQL results... (logger.py:42)[0m
[32;20m2026-05-15 12:01:41,258 - CodeQLRunner - INFO - Processed /home/jackfromeast/Desktop/python-class-pollution/tasks/cp-collection/output/spaCy/results/class-pollution-external.qls.sarif: 1 flows detected. (logger.py:42)[0m
[32;20m2026-05-15 12:01:41,259 - CodeQLRunner - INFO - Summary saved to /home/jackfromeast/Desktop/python-class-pollution/tasks/cp-collection/output/spaCy/results/summary.json (logger.py:42)[0m
[32;20m2026-05-15 12:01:41,259 - Scheduler - INFO - Worker completed for repo: https://github.com/explosion/spaCy (run_cp_analysis.py:37)[0m
[32;20m2026-05-15 12:01:41,273 - Scheduler - INFO - Progress: 57/76 repositories scanned. (base_scheduler.py:134)[0m
[32;20m2026-05-15 12:01:41,274 - Scheduler - INFO - Starting worker for repo: https://github.com/Avaiga/taipy/tree/v4.0.3 (run_cp_analysis.py:28)[0m
[32;20m2026-05-15 12:01:41,275 - GithubDownloader - INFO - Cloning repository: https://github.com/Avaiga/taipy to /home/jackfromeast/Desktop/python-class-pollution/tasks/cp-collection/output/taipy/codebase (ref: v4.0.3) (downloader.py:89)[0m
[32;20m2026-05-15 12:01:47,018 - GithubDownloader - INFO - Checking out ref: v4.0.3 (downloader.py:122)[0m
[33;20m2026-05-15 12:01:47,022 - GithubDownloader - WARNING - Failed to checkout ref 'v4.0.3': error: pathspec 'v4.0.3' did not match any file(s) known to git; falling back to default branch. (downloader.py:131)[0m
[32;20m2026-05-15 12:01:47,022 - GithubDownloader - INFO - Repository cloned successfully to /home/jackfromeast/Desktop/python-class-pollution/tasks/cp-collection/output/taipy/codebase (downloader.py:138)[0m
[32;20m2026-05-15 12:01:47,023 - CodeQLRunner - INFO - Building CodeQL database for: /home/jackfromeast/Desktop/python-class-pollution/tasks/cp-collection/output/taipy/codebase (logger.py:42)[0m
[32;20m2026-05-15 12:01:59,078 - CodeQLRunner - INFO - CodeQL database created successfully at /home/jackfromeast/Desktop/python-class-pollution/tasks/cp-collection/output/taipy/codeql-db (logger.py:42)[0m
[32;20m2026-05-15 12:01:59,078 - CodeQLRunner - INFO - Running CodeQL queries on database: /home/jackfromeast/Desktop/python-class-pollution/tasks/cp-collection/output/taipy/codeql-db (logger.py:42)[0m
[32;20m2026-05-15 12:01:59,078 - CodeQLRunner - INFO - Running query: /home/jackfromeast/Desktop/python-class-pollution/src/pyrl/codeql/class-pollution-all/class-pollution-external.qls (logger.py:42)[0m
[32;20m2026-05-15 12:02:01,550 - GithubDownloader - INFO - Repository cloned successfully to /home/jackfromeast/Desktop/python-class-pollution/tasks/cp-collection/output/sverchok/codebase (downloader.py:138)[0m
[32;20m2026-05-15 12:02:01,550 - CodeQLRunner - INFO - Building CodeQL database for: /home/jackfromeast/Desktop/python-class-pollution/tasks/cp-collection/output/sverchok/codebase (logger.py:42)[0m
[32;20m2026-05-15 12:02:21,441 - CodeQLRunner - INFO - CodeQL database created successfully at /home/jackfromeast/Desktop/python-class-pollution/tasks/cp-collection/output/sverchok/codeql-db (logger.py:42)[0m
[32;20m2026-05-15 12:02:21,441 - CodeQLRunner - INFO - Running CodeQL queries on database: /home/jackfromeast/Desktop/python-class-pollution/tasks/cp-collection/output/sverchok/codeql-db (logger.py:42)[0m
[32;20m2026-05-15 12:02:21,442 - CodeQLRunner - INFO - Running query: /home/jackfromeast/Desktop/python-class-pollution/src/pyrl/codeql/class-pollution-all/class-pollution-external.qls (logger.py:42)[0m
[32;20m2026-05-15 12:02:35,706 - CodeQLRunner - INFO - Query /home/jackfromeast/Desktop/python-class-pollution/src/pyrl/codeql/class-pollution-all/class-pollution-external.qls executed successfully. Results saved to /home/jackfromeast/Desktop/python-class-pollution/tasks/cp-collection/output/sd-webui-controlnet/results/class-pollution-external.qls.sarif (logger.py:42)[0m
[32;20m2026-05-15 12:02:35,706 - CodeQLRunner - INFO - Query completed successfully: /home/jackfromeast/Desktop/python-class-pollution/src/pyrl/codeql/class-pollution-all/class-pollution-external.qls (logger.py:42)[0m
[32;20m2026-05-15 12:02:35,706 - CodeQLRunner - INFO - Summarizing CodeQL results... (logger.py:42)[0m
[32;20m2026-05-15 12:02:35,709 - CodeQLRunner - INFO - Processed /home/jackfromeast/Desktop/python-class-pollution/tasks/cp-collection/output/sd-webui-controlnet/results/class-pollution-external.qls.sarif: 4 flows detected. (logger.py:42)[0m
[32;20m2026-05-15 12:02:35,710 - CodeQLRunner - INFO - Summary saved to /home/jackfromeast/Desktop/python-class-pollution/tasks/cp-collection/output/sd-webui-controlnet/results/summary.json (logger.py:42)[0m
[32;20m2026-05-15 12:02:35,710 - Scheduler - INFO - Worker completed for repo: https://github.com/Mikubill/sd-webui-controlnet (run_cp_analysis.py:37)[0m
[32;20m2026-05-15 12:02:35,731 - Scheduler - INFO - Progress: 58/76 repositories scanned. (base_scheduler.py:134)[0m
[32;20m2026-05-15 12:02:35,733 - Scheduler - INFO - Starting worker for repo: https://github.com/tensorpack/tensorpack (run_cp_analysis.py:28)[0m
[32;20m2026-05-15 12:02:35,733 - GithubDownloader - INFO - Cloning repository: https://github.com/tensorpack/tensorpack to /home/jackfromeast/Desktop/python-class-pollution/tasks/cp-collection/output/tensorpack/codebase (downloader.py:89)[0m
[32;20m2026-05-15 12:02:36,569 - GithubDownloader - INFO - Repository cloned successfully to /home/jackfromeast/Desktop/python-class-pollution/tasks/cp-collection/output/tensorpack/codebase (downloader.py:138)[0m
[32;20m2026-05-15 12:02:36,570 - CodeQLRunner - INFO - Building CodeQL database for: /home/jackfromeast/Desktop/python-class-pollution/tasks/cp-collection/output/tensorpack/codebase (logger.py:42)[0m
[32;20m2026-05-15 12:02:42,995 - CodeQLRunner - INFO - CodeQL database created successfully at /home/jackfromeast/Desktop/python-class-pollution/tasks/cp-collection/output/tensorpack/codeql-db (logger.py:42)[0m
[32;20m2026-05-15 12:02:42,995 - CodeQLRunner - INFO - Running CodeQL queries on database: /home/jackfromeast/Desktop/python-class-pollution/tasks/cp-collection/output/tensorpack/codeql-db (logger.py:42)[0m
[32;20m2026-05-15 12:02:42,995 - CodeQLRunner - INFO - Running query: /home/jackfromeast/Desktop/python-class-pollution/src/pyrl/codeql/class-pollution-all/class-pollution-external.qls (logger.py:42)[0m
[32;20m2026-05-15 12:03:05,079 - CodeQLRunner - INFO - Query /home/jackfromeast/Desktop/python-class-pollution/src/pyrl/codeql/class-pollution-all/class-pollution-external.qls executed successfully. Results saved to /home/jackfromeast/Desktop/python-class-pollution/tasks/cp-collection/output/tensorpack/results/class-pollution-external.qls.sarif (logger.py:42)[0m
[32;20m2026-05-15 12:03:05,079 - CodeQLRunner - INFO - Query completed successfully: /home/jackfromeast/Desktop/python-class-pollution/src/pyrl/codeql/class-pollution-all/class-pollution-external.qls (logger.py:42)[0m
[32;20m2026-05-15 12:03:05,079 - CodeQLRunner - INFO - Summarizing CodeQL results... (logger.py:42)[0m
[32;20m2026-05-15 12:03:05,080 - CodeQLRunner - INFO - Processed /home/jackfromeast/Desktop/python-class-pollution/tasks/cp-collection/output/tensorpack/results/class-pollution-external.qls.sarif: 2 flows detected. (logger.py:42)[0m
[32;20m2026-05-15 12:03:05,080 - CodeQLRunner - INFO - Summary saved to /home/jackfromeast/Desktop/python-class-pollution/tasks/cp-collection/output/tensorpack/results/summary.json (logger.py:42)[0m
[32;20m2026-05-15 12:03:05,081 - Scheduler - INFO - Worker completed for repo: https://github.com/tensorpack/tensorpack (run_cp_analysis.py:37)[0m
[32;20m2026-05-15 12:03:05,094 - Scheduler - INFO - Progress: 59/76 repositories scanned. (base_scheduler.py:134)[0m
[32;20m2026-05-15 12:03:05,096 - Scheduler - INFO - Starting worker for repo: https://github.com/johnmarktaylor91/torchlens/tree/0.1.26 (run_cp_analysis.py:28)[0m
[32;20m2026-05-15 12:03:05,096 - GithubDownloader - INFO - Cloning repository: https://github.com/johnmarktaylor91/torchlens to /home/jackfromeast/Desktop/python-class-pollution/tasks/cp-collection/output/torchlens/codebase (ref: 0.1.26) (downloader.py:89)[0m
[32;20m2026-05-15 12:03:06,945 - GithubDownloader - INFO - Checking out ref: 0.1.26 (downloader.py:122)[0m
[33;20m2026-05-15 12:03:06,947 - GithubDownloader - WARNING - Failed to checkout ref '0.1.26': error: pathspec '0.1.26' did not match any file(s) known to git; falling back to default branch. (downloader.py:131)[0m
[32;20m2026-05-15 12:03:06,947 - GithubDownloader - INFO - Repository cloned successfully to /home/jackfromeast/Desktop/python-class-pollution/tasks/cp-collection/output/torchlens/codebase (downloader.py:138)[0m
[32;20m2026-05-15 12:03:06,947 - CodeQLRunner - INFO - Building CodeQL database for: /home/jackfromeast/Desktop/python-class-pollution/tasks/cp-collection/output/torchlens/codebase (logger.py:42)[0m
[32;20m2026-05-15 12:03:09,369 - CodeQLRunner - INFO - Query /home/jackfromeast/Desktop/python-class-pollution/src/pyrl/codeql/class-pollution-all/class-pollution-external.qls executed successfully. Results saved to /home/jackfromeast/Desktop/python-class-pollution/tasks/cp-collection/output/taipy/results/class-pollution-external.qls.sarif (logger.py:42)[0m
[32;20m2026-05-15 12:03:09,369 - CodeQLRunner - INFO - Query completed successfully: /home/jackfromeast/Desktop/python-class-pollution/src/pyrl/codeql/class-pollution-all/class-pollution-external.qls (logger.py:42)[0m
[32;20m2026-05-15 12:03:09,369 - CodeQLRunner - INFO - Summarizing CodeQL results... (logger.py:42)[0m
[32;20m2026-05-15 12:03:09,375 - CodeQLRunner - INFO - Processed /home/jackfromeast/Desktop/python-class-pollution/tasks/cp-collection/output/taipy/results/class-pollution-external.qls.sarif: 19 flows detected. (logger.py:42)[0m
[32;20m2026-05-15 12:03:09,375 - CodeQLRunner - INFO - Summary saved to /home/jackfromeast/Desktop/python-class-pollution/tasks/cp-collection/output/taipy/results/summary.json (logger.py:42)[0m
[32;20m2026-05-15 12:03:09,376 - Scheduler - INFO - Worker completed for repo: https://github.com/Avaiga/taipy/tree/v4.0.3 (run_cp_analysis.py:37)[0m
[32;20m2026-05-15 12:03:09,393 - Scheduler - INFO - Progress: 60/76 repositories scanned. (base_scheduler.py:134)[0m
[32;20m2026-05-15 12:03:09,398 - Scheduler - INFO - Starting worker for repo: https://github.com/tournesol-app/tournesol (run_cp_analysis.py:28)[0m
[32;20m2026-05-15 12:03:09,398 - GithubDownloader - INFO - Cloning repository: https://github.com/tournesol-app/tournesol to /home/jackfromeast/Desktop/python-class-pollution/tasks/cp-collection/output/tournesol/codebase (downloader.py:89)[0m
[32;20m2026-05-15 12:03:14,281 - GithubDownloader - INFO - Repository cloned successfully to /home/jackfromeast/Desktop/python-class-pollution/tasks/cp-collection/output/tournesol/codebase (downloader.py:138)[0m
[32;20m2026-05-15 12:03:14,281 - CodeQLRunner - INFO - Building CodeQL database for: /home/jackfromeast/Desktop/python-class-pollution/tasks/cp-collection/output/tournesol/codebase (logger.py:42)[0m
[32;20m2026-05-15 12:03:18,365 - CodeQLRunner - INFO - CodeQL database created successfully at /home/jackfromeast/Desktop/python-class-pollution/tasks/cp-collection/output/torchlens/codeql-db (logger.py:42)[0m
[32;20m2026-05-15 12:03:18,365 - CodeQLRunner - INFO - Running CodeQL queries on database: /home/jackfromeast/Desktop/python-class-pollution/tasks/cp-collection/output/torchlens/codeql-db (logger.py:42)[0m
[32;20m2026-05-15 12:03:18,365 - CodeQLRunner - INFO - Running query: /home/jackfromeast/Desktop/python-class-pollution/src/pyrl/codeql/class-pollution-all/class-pollution-external.qls (logger.py:42)[0m
[32;20m2026-05-15 12:03:23,240 - CodeQLRunner - INFO - CodeQL database created successfully at /home/jackfromeast/Desktop/python-class-pollution/tasks/cp-collection/output/tournesol/codeql-db (logger.py:42)[0m
[32;20m2026-05-15 12:03:23,240 - CodeQLRunner - INFO - Running CodeQL queries on database: /home/jackfromeast/Desktop/python-class-pollution/tasks/cp-collection/output/tournesol/codeql-db (logger.py:42)[0m
[32;20m2026-05-15 12:03:23,240 - CodeQLRunner - INFO - Running query: /home/jackfromeast/Desktop/python-class-pollution/src/pyrl/codeql/class-pollution-all/class-pollution-external.qls (logger.py:42)[0m
[32;20m2026-05-15 12:03:44,543 - CodeQLRunner - INFO - Query /home/jackfromeast/Desktop/python-class-pollution/src/pyrl/codeql/class-pollution-all/class-pollution-external.qls executed successfully. Results saved to /home/jackfromeast/Desktop/python-class-pollution/tasks/cp-collection/output/stable-diffusion-webui-forge/results/class-pollution-external.qls.sarif (logger.py:42)[0m
[32;20m2026-05-15 12:03:44,543 - CodeQLRunner - INFO - Query completed successfully: /home/jackfromeast/Desktop/python-class-pollution/src/pyrl/codeql/class-pollution-all/class-pollution-external.qls (logger.py:42)[0m
[32;20m2026-05-15 12:03:44,543 - CodeQLRunner - INFO - Summarizing CodeQL results... (logger.py:42)[0m
[32;20m2026-05-15 12:03:44,548 - CodeQLRunner - INFO - Processed /home/jackfromeast/Desktop/python-class-pollution/tasks/cp-collection/output/stable-diffusion-webui-forge/results/class-pollution-external.qls.sarif: 7 flows detected. (logger.py:42)[0m
[32;20m2026-05-15 12:03:44,548 - CodeQLRunner - INFO - Summary saved to /home/jackfromeast/Desktop/python-class-pollution/tasks/cp-collection/output/stable-diffusion-webui-forge/results/summary.json (logger.py:42)[0m
[32;20m2026-05-15 12:03:44,549 - Scheduler - INFO - Worker completed for repo: https://github.com/lllyasviel/stable-diffusion-webui-forge (run_cp_analysis.py:37)[0m
[32;20m2026-05-15 12:03:44,569 - Scheduler - INFO - Progress: 61/76 repositories scanned. (base_scheduler.py:134)[0m
[32;20m2026-05-15 12:03:44,570 - Scheduler - INFO - Starting worker for repo: https://github.com/theilem/uavSim (run_cp_analysis.py:28)[0m
[32;20m2026-05-15 12:03:44,570 - GithubDownloader - INFO - Cloning repository: https://github.com/theilem/uavSim to /home/jackfromeast/Desktop/python-class-pollution/tasks/cp-collection/output/uavSim/codebase (downloader.py:89)[0m
[32;20m2026-05-15 12:03:44,617 - CodeQLRunner - INFO - Query /home/jackfromeast/Desktop/python-class-pollution/src/pyrl/codeql/class-pollution-all/class-pollution-external.qls executed successfully. Results saved to /home/jackfromeast/Desktop/python-class-pollution/tasks/cp-collection/output/tournesol/results/class-pollution-external.qls.sarif (logger.py:42)[0m
[32;20m2026-05-15 12:03:44,617 - CodeQLRunner - INFO - Query completed successfully: /home/jackfromeast/Desktop/python-class-pollution/src/pyrl/codeql/class-pollution-all/class-pollution-external.qls (logger.py:42)[0m
[32;20m2026-05-15 12:03:44,618 - CodeQLRunner - INFO - Summarizing CodeQL results... (logger.py:42)[0m
[32;20m2026-05-15 12:03:44,621 - CodeQLRunner - INFO - Processed /home/jackfromeast/Desktop/python-class-pollution/tasks/cp-collection/output/tournesol/results/class-pollution-external.qls.sarif: 2 flows detected. (logger.py:42)[0m
[32;20m2026-05-15 12:03:44,621 - CodeQLRunner - INFO - Summary saved to /home/jackfromeast/Desktop/python-class-pollution/tasks/cp-collection/output/tournesol/results/summary.json (logger.py:42)[0m
[32;20m2026-05-15 12:03:44,621 - Scheduler - INFO - Worker completed for repo: https://github.com/tournesol-app/tournesol (run_cp_analysis.py:37)[0m
[32;20m2026-05-15 12:03:44,641 - Scheduler - INFO - Progress: 62/76 repositories scanned. (base_scheduler.py:134)[0m
[32;20m2026-05-15 12:03:44,643 - Scheduler - INFO - Starting worker for repo: https://github.com/virt-manager/virt-manager (run_cp_analysis.py:28)[0m
[32;20m2026-05-15 12:03:44,643 - GithubDownloader - INFO - Cloning repository: https://github.com/virt-manager/virt-manager to /home/jackfromeast/Desktop/python-class-pollution/tasks/cp-collection/output/virt-manager/codebase (downloader.py:89)[0m
[32;20m2026-05-15 12:03:45,258 - GithubDownloader - INFO - Repository cloned successfully to /home/jackfromeast/Desktop/python-class-pollution/tasks/cp-collection/output/uavSim/codebase (downloader.py:138)[0m
[32;20m2026-05-15 12:03:45,259 - CodeQLRunner - INFO - Building CodeQL database for: /home/jackfromeast/Desktop/python-class-pollution/tasks/cp-collection/output/uavSim/codebase (logger.py:42)[0m
[32;20m2026-05-15 12:03:49,013 - CodeQLRunner - INFO - CodeQL database created successfully at /home/jackfromeast/Desktop/python-class-pollution/tasks/cp-collection/output/uavSim/codeql-db (logger.py:42)[0m
[32;20m2026-05-15 12:03:49,013 - CodeQLRunner - INFO - Running CodeQL queries on database: /home/jackfromeast/Desktop/python-class-pollution/tasks/cp-collection/output/uavSim/codeql-db (logger.py:42)[0m
[32;20m2026-05-15 12:03:49,013 - CodeQLRunner - INFO - Running query: /home/jackfromeast/Desktop/python-class-pollution/src/pyrl/codeql/class-pollution-all/class-pollution-external.qls (logger.py:42)[0m
[32;20m2026-05-15 12:03:54,311 - GithubDownloader - INFO - Repository cloned successfully to /home/jackfromeast/Desktop/python-class-pollution/tasks/cp-collection/output/virt-manager/codebase (downloader.py:138)[0m
[32;20m2026-05-15 12:03:54,312 - CodeQLRunner - INFO - Building CodeQL database for: /home/jackfromeast/Desktop/python-class-pollution/tasks/cp-collection/output/virt-manager/codebase (logger.py:42)[0m
[32;20m2026-05-15 12:04:02,983 - CodeQLRunner - INFO - CodeQL database created successfully at /home/jackfromeast/Desktop/python-class-pollution/tasks/cp-collection/output/virt-manager/codeql-db (logger.py:42)[0m
[32;20m2026-05-15 12:04:02,983 - CodeQLRunner - INFO - Running CodeQL queries on database: /home/jackfromeast/Desktop/python-class-pollution/tasks/cp-collection/output/virt-manager/codeql-db (logger.py:42)[0m
[32;20m2026-05-15 12:04:02,983 - CodeQLRunner - INFO - Running query: /home/jackfromeast/Desktop/python-class-pollution/src/pyrl/codeql/class-pollution-all/class-pollution-external.qls (logger.py:42)[0m
[32;20m2026-05-15 12:04:06,079 - CodeQLRunner - INFO - Query /home/jackfromeast/Desktop/python-class-pollution/src/pyrl/codeql/class-pollution-all/class-pollution-external.qls executed successfully. Results saved to /home/jackfromeast/Desktop/python-class-pollution/tasks/cp-collection/output/uavSim/results/class-pollution-external.qls.sarif (logger.py:42)[0m
[32;20m2026-05-15 12:04:06,079 - CodeQLRunner - INFO - Query completed successfully: /home/jackfromeast/Desktop/python-class-pollution/src/pyrl/codeql/class-pollution-all/class-pollution-external.qls (logger.py:42)[0m
[32;20m2026-05-15 12:04:06,079 - CodeQLRunner - INFO - Summarizing CodeQL results... (logger.py:42)[0m
[32;20m2026-05-15 12:04:06,080 - CodeQLRunner - INFO - Processed /home/jackfromeast/Desktop/python-class-pollution/tasks/cp-collection/output/uavSim/results/class-pollution-external.qls.sarif: 4 flows detected. (logger.py:42)[0m
[32;20m2026-05-15 12:04:06,080 - CodeQLRunner - INFO - Summary saved to /home/jackfromeast/Desktop/python-class-pollution/tasks/cp-collection/output/uavSim/results/summary.json (logger.py:42)[0m
[32;20m2026-05-15 12:04:06,080 - Scheduler - INFO - Worker completed for repo: https://github.com/theilem/uavSim (run_cp_analysis.py:37)[0m
[32;20m2026-05-15 12:04:06,099 - Scheduler - INFO - Progress: 63/76 repositories scanned. (base_scheduler.py:134)[0m
[32;20m2026-05-15 12:04:06,100 - Scheduler - INFO - Starting worker for repo: https://github.com/xmendez/wfuzz (run_cp_analysis.py:28)[0m
[32;20m2026-05-15 12:04:06,101 - GithubDownloader - INFO - Cloning repository: https://github.com/xmendez/wfuzz to /home/jackfromeast/Desktop/python-class-pollution/tasks/cp-collection/output/wfuzz/codebase (downloader.py:89)[0m
[32;20m2026-05-15 12:04:06,783 - GithubDownloader - INFO - Repository cloned successfully to /home/jackfromeast/Desktop/python-class-pollution/tasks/cp-collection/output/wfuzz/codebase (downloader.py:138)[0m
[32;20m2026-05-15 12:04:06,784 - CodeQLRunner - INFO - Building CodeQL database for: /home/jackfromeast/Desktop/python-class-pollution/tasks/cp-collection/output/wfuzz/codebase (logger.py:42)[0m
[32;20m2026-05-15 12:04:12,871 - CodeQLRunner - INFO - CodeQL database created successfully at /home/jackfromeast/Desktop/python-class-pollution/tasks/cp-collection/output/wfuzz/codeql-db (logger.py:42)[0m
[32;20m2026-05-15 12:04:12,871 - CodeQLRunner - INFO - Running CodeQL queries on database: /home/jackfromeast/Desktop/python-class-pollution/tasks/cp-collection/output/wfuzz/codeql-db (logger.py:42)[0m
[32;20m2026-05-15 12:04:12,872 - CodeQLRunner - INFO - Running query: /home/jackfromeast/Desktop/python-class-pollution/src/pyrl/codeql/class-pollution-all/class-pollution-external.qls (logger.py:42)[0m
[32;20m2026-05-15 12:04:28,680 - CodeQLRunner - INFO - Query /home/jackfromeast/Desktop/python-class-pollution/src/pyrl/codeql/class-pollution-all/class-pollution-external.qls executed successfully. Results saved to /home/jackfromeast/Desktop/python-class-pollution/tasks/cp-collection/output/sverchok/results/class-pollution-external.qls.sarif (logger.py:42)[0m
[32;20m2026-05-15 12:04:28,681 - CodeQLRunner - INFO - Query completed successfully: /home/jackfromeast/Desktop/python-class-pollution/src/pyrl/codeql/class-pollution-all/class-pollution-external.qls (logger.py:42)[0m
[32;20m2026-05-15 12:04:28,681 - CodeQLRunner - INFO - Summarizing CodeQL results... (logger.py:42)[0m
[32;20m2026-05-15 12:04:28,684 - CodeQLRunner - INFO - Processed /home/jackfromeast/Desktop/python-class-pollution/tasks/cp-collection/output/sverchok/results/class-pollution-external.qls.sarif: 4 flows detected. (logger.py:42)[0m
[32;20m2026-05-15 12:04:28,684 - CodeQLRunner - INFO - Summary saved to /home/jackfromeast/Desktop/python-class-pollution/tasks/cp-collection/output/sverchok/results/summary.json (logger.py:42)[0m
[32;20m2026-05-15 12:04:28,685 - Scheduler - INFO - Worker completed for repo: https://github.com/nortikin/sverchok (run_cp_analysis.py:37)[0m
[32;20m2026-05-15 12:04:28,696 - Scheduler - INFO - Progress: 64/76 repositories scanned. (base_scheduler.py:134)[0m
[32;20m2026-05-15 12:04:28,697 - Scheduler - INFO - Starting worker for repo: https://github.com/GrahamDumpleton/wrapt (run_cp_analysis.py:28)[0m
[32;20m2026-05-15 12:04:28,698 - GithubDownloader - INFO - Cloning repository: https://github.com/GrahamDumpleton/wrapt to /home/jackfromeast/Desktop/python-class-pollution/tasks/cp-collection/output/wrapt/codebase (downloader.py:89)[0m
[32;20m2026-05-15 12:04:29,124 - GithubDownloader - INFO - Repository cloned successfully to /home/jackfromeast/Desktop/python-class-pollution/tasks/cp-collection/output/wrapt/codebase (downloader.py:138)[0m
[32;20m2026-05-15 12:04:29,125 - CodeQLRunner - INFO - Building CodeQL database for: /home/jackfromeast/Desktop/python-class-pollution/tasks/cp-collection/output/wrapt/codebase (logger.py:42)[0m
[32;20m2026-05-15 12:04:33,814 - CodeQLRunner - INFO - Query /home/jackfromeast/Desktop/python-class-pollution/src/pyrl/codeql/class-pollution-all/class-pollution-external.qls executed successfully. Results saved to /home/jackfromeast/Desktop/python-class-pollution/tasks/cp-collection/output/wfuzz/results/class-pollution-external.qls.sarif (logger.py:42)[0m
[32;20m2026-05-15 12:04:33,814 - CodeQLRunner - INFO - Query completed successfully: /home/jackfromeast/Desktop/python-class-pollution/src/pyrl/codeql/class-pollution-all/class-pollution-external.qls (logger.py:42)[0m
[32;20m2026-05-15 12:04:33,815 - CodeQLRunner - INFO - Summarizing CodeQL results... (logger.py:42)[0m
[32;20m2026-05-15 12:04:33,815 - CodeQLRunner - INFO - Processed /home/jackfromeast/Desktop/python-class-pollution/tasks/cp-collection/output/wfuzz/results/class-pollution-external.qls.sarif: 2 flows detected. (logger.py:42)[0m
[32;20m2026-05-15 12:04:33,816 - CodeQLRunner - INFO - Summary saved to /home/jackfromeast/Desktop/python-class-pollution/tasks/cp-collection/output/wfuzz/results/summary.json (logger.py:42)[0m
[32;20m2026-05-15 12:04:33,816 - Scheduler - INFO - Worker completed for repo: https://github.com/xmendez/wfuzz (run_cp_analysis.py:37)[0m
[32;20m2026-05-15 12:04:33,836 - Scheduler - INFO - Progress: 65/76 repositories scanned. (base_scheduler.py:134)[0m
[32;20m2026-05-15 12:04:33,838 - Scheduler - INFO - Starting worker for repo: https://github.com/xorbitsai/xorbits (run_cp_analysis.py:28)[0m
[32;20m2026-05-15 12:04:33,838 - GithubDownloader - INFO - Cloning repository: https://github.com/xorbitsai/xorbits to /home/jackfromeast/Desktop/python-class-pollution/tasks/cp-collection/output/xorbits/codebase (downloader.py:89)[0m
[32;20m2026-05-15 12:04:34,716 - CodeQLRunner - INFO - CodeQL database created successfully at /home/jackfromeast/Desktop/python-class-pollution/tasks/cp-collection/output/wrapt/codeql-db (logger.py:42)[0m
[32;20m2026-05-15 12:04:34,716 - CodeQLRunner - INFO - Running CodeQL queries on database: /home/jackfromeast/Desktop/python-class-pollution/tasks/cp-collection/output/wrapt/codeql-db (logger.py:42)[0m
[32;20m2026-05-15 12:04:34,716 - CodeQLRunner - INFO - Running query: /home/jackfromeast/Desktop/python-class-pollution/src/pyrl/codeql/class-pollution-all/class-pollution-external.qls (logger.py:42)[0m
[32;20m2026-05-15 12:04:34,888 - GithubDownloader - INFO - Repository cloned successfully to /home/jackfromeast/Desktop/python-class-pollution/tasks/cp-collection/output/xorbits/codebase (downloader.py:138)[0m
[32;20m2026-05-15 12:04:34,889 - CodeQLRunner - INFO - Building CodeQL database for: /home/jackfromeast/Desktop/python-class-pollution/tasks/cp-collection/output/xorbits/codebase (logger.py:42)[0m
[32;20m2026-05-15 12:04:38,655 - CodeQLRunner - INFO - Query /home/jackfromeast/Desktop/python-class-pollution/src/pyrl/codeql/class-pollution-all/class-pollution-external.qls executed successfully. Results saved to /home/jackfromeast/Desktop/python-class-pollution/tasks/cp-collection/output/virt-manager/results/class-pollution-external.qls.sarif (logger.py:42)[0m
[32;20m2026-05-15 12:04:38,655 - CodeQLRunner - INFO - Query completed successfully: /home/jackfromeast/Desktop/python-class-pollution/src/pyrl/codeql/class-pollution-all/class-pollution-external.qls (logger.py:42)[0m
[32;20m2026-05-15 12:04:38,655 - CodeQLRunner - INFO - Summarizing CodeQL results... (logger.py:42)[0m
[32;20m2026-05-15 12:04:38,656 - CodeQLRunner - INFO - Processed /home/jackfromeast/Desktop/python-class-pollution/tasks/cp-collection/output/virt-manager/results/class-pollution-external.qls.sarif: 7 flows detected. (logger.py:42)[0m
[32;20m2026-05-15 12:04:38,656 - CodeQLRunner - INFO - Summary saved to /home/jackfromeast/Desktop/python-class-pollution/tasks/cp-collection/output/virt-manager/results/summary.json (logger.py:42)[0m
[32;20m2026-05-15 12:04:38,656 - Scheduler - INFO - Worker completed for repo: https://github.com/virt-manager/virt-manager (run_cp_analysis.py:37)[0m
[32;20m2026-05-15 12:04:38,674 - Scheduler - INFO - Progress: 66/76 repositories scanned. (base_scheduler.py:134)[0m
[32;20m2026-05-15 12:04:38,675 - Scheduler - INFO - Starting worker for repo: https://github.com/quantopian/zipline (run_cp_analysis.py:28)[0m
[32;20m2026-05-15 12:04:38,676 - GithubDownloader - INFO - Cloning repository: https://github.com/quantopian/zipline to /home/jackfromeast/Desktop/python-class-pollution/tasks/cp-collection/output/zipline/codebase (downloader.py:89)[0m
[32;20m2026-05-15 12:04:43,124 - GithubDownloader - INFO - Repository cloned successfully to /home/jackfromeast/Desktop/python-class-pollution/tasks/cp-collection/output/zipline/codebase (downloader.py:138)[0m
[32;20m2026-05-15 12:04:43,125 - CodeQLRunner - INFO - Building CodeQL database for: /home/jackfromeast/Desktop/python-class-pollution/tasks/cp-collection/output/zipline/codebase (logger.py:42)[0m
[32;20m2026-05-15 12:04:53,202 - CodeQLRunner - INFO - CodeQL database created successfully at /home/jackfromeast/Desktop/python-class-pollution/tasks/cp-collection/output/zipline/codeql-db (logger.py:42)[0m
[32;20m2026-05-15 12:04:53,203 - CodeQLRunner - INFO - Running CodeQL queries on database: /home/jackfromeast/Desktop/python-class-pollution/tasks/cp-collection/output/zipline/codeql-db (logger.py:42)[0m
[32;20m2026-05-15 12:04:53,203 - CodeQLRunner - INFO - Running query: /home/jackfromeast/Desktop/python-class-pollution/src/pyrl/codeql/class-pollution-all/class-pollution-external.qls (logger.py:42)[0m
[32;20m2026-05-15 12:04:55,003 - CodeQLRunner - INFO - Query /home/jackfromeast/Desktop/python-class-pollution/src/pyrl/codeql/class-pollution-all/class-pollution-external.qls executed successfully. Results saved to /home/jackfromeast/Desktop/python-class-pollution/tasks/cp-collection/output/wrapt/results/class-pollution-external.qls.sarif (logger.py:42)[0m
[32;20m2026-05-15 12:04:55,003 - CodeQLRunner - INFO - Query completed successfully: /home/jackfromeast/Desktop/python-class-pollution/src/pyrl/codeql/class-pollution-all/class-pollution-external.qls (logger.py:42)[0m
[32;20m2026-05-15 12:04:55,004 - CodeQLRunner - INFO - Summarizing CodeQL results... (logger.py:42)[0m
[32;20m2026-05-15 12:04:55,004 - CodeQLRunner - INFO - Processed /home/jackfromeast/Desktop/python-class-pollution/tasks/cp-collection/output/wrapt/results/class-pollution-external.qls.sarif: 5 flows detected. (logger.py:42)[0m
[32;20m2026-05-15 12:04:55,005 - CodeQLRunner - INFO - Summary saved to /home/jackfromeast/Desktop/python-class-pollution/tasks/cp-collection/output/wrapt/results/summary.json (logger.py:42)[0m
[32;20m2026-05-15 12:04:55,005 - Scheduler - INFO - Worker completed for repo: https://github.com/GrahamDumpleton/wrapt (run_cp_analysis.py:37)[0m
[32;20m2026-05-15 12:04:55,020 - Scheduler - INFO - Progress: 67/76 repositories scanned. (base_scheduler.py:134)[0m
[32;20m2026-05-15 12:04:59,863 - CodeQLRunner - INFO - CodeQL database created successfully at /home/jackfromeast/Desktop/python-class-pollution/tasks/cp-collection/output/xorbits/codeql-db (logger.py:42)[0m
[32;20m2026-05-15 12:04:59,864 - CodeQLRunner - INFO - Running CodeQL queries on database: /home/jackfromeast/Desktop/python-class-pollution/tasks/cp-collection/output/xorbits/codeql-db (logger.py:42)[0m
[32;20m2026-05-15 12:04:59,864 - CodeQLRunner - INFO - Running query: /home/jackfromeast/Desktop/python-class-pollution/src/pyrl/codeql/class-pollution-all/class-pollution-external.qls (logger.py:42)[0m
[32;20m2026-05-15 12:05:23,756 - CodeQLRunner - INFO - Query /home/jackfromeast/Desktop/python-class-pollution/src/pyrl/codeql/class-pollution-all/class-pollution-external.qls executed successfully. Results saved to /home/jackfromeast/Desktop/python-class-pollution/tasks/cp-collection/output/ragflow/results/class-pollution-external.qls.sarif (logger.py:42)[0m
[32;20m2026-05-15 12:05:23,756 - CodeQLRunner - INFO - Query completed successfully: /home/jackfromeast/Desktop/python-class-pollution/src/pyrl/codeql/class-pollution-all/class-pollution-external.qls (logger.py:42)[0m
[32;20m2026-05-15 12:05:23,756 - CodeQLRunner - INFO - Summarizing CodeQL results... (logger.py:42)[0m
[32;20m2026-05-15 12:05:23,764 - CodeQLRunner - INFO - Processed /home/jackfromeast/Desktop/python-class-pollution/tasks/cp-collection/output/ragflow/results/class-pollution-external.qls.sarif: 2 flows detected. (logger.py:42)[0m
[32;20m2026-05-15 12:05:23,764 - CodeQLRunner - INFO - Summary saved to /home/jackfromeast/Desktop/python-class-pollution/tasks/cp-collection/output/ragflow/results/summary.json (logger.py:42)[0m
[32;20m2026-05-15 12:05:23,765 - Scheduler - INFO - Worker completed for repo: https://github.com/infiniflow/ragflow (run_cp_analysis.py:37)[0m
[32;20m2026-05-15 12:05:23,780 - Scheduler - INFO - Progress: 68/76 repositories scanned. (base_scheduler.py:134)[0m
[32;20m2026-05-15 12:05:33,318 - CodeQLRunner - INFO - Query /home/jackfromeast/Desktop/python-class-pollution/src/pyrl/codeql/class-pollution-all/class-pollution-external.qls executed successfully. Results saved to /home/jackfromeast/Desktop/python-class-pollution/tasks/cp-collection/output/zipline/results/class-pollution-external.qls.sarif (logger.py:42)[0m
[32;20m2026-05-15 12:05:33,319 - CodeQLRunner - INFO - Query completed successfully: /home/jackfromeast/Desktop/python-class-pollution/src/pyrl/codeql/class-pollution-all/class-pollution-external.qls (logger.py:42)[0m
[32;20m2026-05-15 12:05:33,319 - CodeQLRunner - INFO - Summarizing CodeQL results... (logger.py:42)[0m
[32;20m2026-05-15 12:05:33,319 - CodeQLRunner - INFO - Processed /home/jackfromeast/Desktop/python-class-pollution/tasks/cp-collection/output/zipline/results/class-pollution-external.qls.sarif: 0 flows detected. (logger.py:42)[0m
[32;20m2026-05-15 12:05:33,319 - CodeQLRunner - INFO - Summary saved to /home/jackfromeast/Desktop/python-class-pollution/tasks/cp-collection/output/zipline/results/summary.json (logger.py:42)[0m
[32;20m2026-05-15 12:05:33,319 - CodeQLRunner - INFO - No flows detected. Cleaning up... (logger.py:42)[0m
[32;20m2026-05-15 12:05:33,319 - CodeQLRunner - INFO - Cleaning up CodeQL database and codebase... (logger.py:42)[0m
[32;20m2026-05-15 12:05:33,614 - CodeQLRunner - INFO - No processes found using /home/jackfromeast/Desktop/python-class-pollution/tasks/cp-collection/output/zipline/codeql-db. (logger.py:42)[0m
[32;20m2026-05-15 12:05:33,667 - CodeQLRunner - INFO - Removed repo directory at /home/jackfromeast/Desktop/python-class-pollution/tasks/cp-collection/output/zipline as no flows detected. (logger.py:42)[0m
[32;20m2026-05-15 12:05:33,667 - Scheduler - INFO - Worker completed for repo: https://github.com/quantopian/zipline (run_cp_analysis.py:37)[0m
[32;20m2026-05-15 12:05:33,678 - Scheduler - INFO - Progress: 69/76 repositories scanned. (base_scheduler.py:134)[0m
[32;20m2026-05-15 12:06:08,971 - CodeQLRunner - INFO - Query /home/jackfromeast/Desktop/python-class-pollution/src/pyrl/codeql/class-pollution-all/class-pollution-external.qls executed successfully. Results saved to /home/jackfromeast/Desktop/python-class-pollution/tasks/cp-collection/output/torchlens/results/class-pollution-external.qls.sarif (logger.py:42)[0m
[32;20m2026-05-15 12:06:08,971 - CodeQLRunner - INFO - Query completed successfully: /home/jackfromeast/Desktop/python-class-pollution/src/pyrl/codeql/class-pollution-all/class-pollution-external.qls (logger.py:42)[0m
[32;20m2026-05-15 12:06:08,971 - CodeQLRunner - INFO - Summarizing CodeQL results... (logger.py:42)[0m
[32;20m2026-05-15 12:06:08,978 - CodeQLRunner - INFO - Processed /home/jackfromeast/Desktop/python-class-pollution/tasks/cp-collection/output/torchlens/results/class-pollution-external.qls.sarif: 311 flows detected. (logger.py:42)[0m
[32;20m2026-05-15 12:06:08,979 - CodeQLRunner - INFO - Summary saved to /home/jackfromeast/Desktop/python-class-pollution/tasks/cp-collection/output/torchlens/results/summary.json (logger.py:42)[0m
[32;20m2026-05-15 12:06:08,980 - Scheduler - INFO - Worker completed for repo: https://github.com/johnmarktaylor91/torchlens/tree/0.1.26 (run_cp_analysis.py:37)[0m
[32;20m2026-05-15 12:06:08,999 - Scheduler - INFO - Progress: 70/76 repositories scanned. (base_scheduler.py:134)[0m
[32;20m2026-05-15 12:06:14,898 - CodeQLRunner - INFO - Query /home/jackfromeast/Desktop/python-class-pollution/src/pyrl/codeql/class-pollution-all/class-pollution-external.qls executed successfully. Results saved to /home/jackfromeast/Desktop/python-class-pollution/tasks/cp-collection/output/hummingbot/results/class-pollution-external.qls.sarif (logger.py:42)[0m
[32;20m2026-05-15 12:06:14,898 - CodeQLRunner - INFO - Query completed successfully: /home/jackfromeast/Desktop/python-class-pollution/src/pyrl/codeql/class-pollution-all/class-pollution-external.qls (logger.py:42)[0m
[32;20m2026-05-15 12:06:14,898 - CodeQLRunner - INFO - Summarizing CodeQL results... (logger.py:42)[0m
[32;20m2026-05-15 12:06:14,902 - CodeQLRunner - INFO - Processed /home/jackfromeast/Desktop/python-class-pollution/tasks/cp-collection/output/hummingbot/results/class-pollution-external.qls.sarif: 7 flows detected. (logger.py:42)[0m
[32;20m2026-05-15 12:06:14,902 - CodeQLRunner - INFO - Summary saved to /home/jackfromeast/Desktop/python-class-pollution/tasks/cp-collection/output/hummingbot/results/summary.json (logger.py:42)[0m
[32;20m2026-05-15 12:06:14,902 - Scheduler - INFO - Worker completed for repo: https://github.com/hummingbot/hummingbot (run_cp_analysis.py:37)[0m
[32;20m2026-05-15 12:06:14,912 - Scheduler - INFO - Progress: 71/76 repositories scanned. (base_scheduler.py:134)[0m
[32;20m2026-05-15 12:08:22,414 - CodeQLRunner - INFO - Query /home/jackfromeast/Desktop/python-class-pollution/src/pyrl/codeql/class-pollution-all/class-pollution-external.qls executed successfully. Results saved to /home/jackfromeast/Desktop/python-class-pollution/tasks/cp-collection/output/xorbits/results/class-pollution-external.qls.sarif (logger.py:42)[0m
[32;20m2026-05-15 12:08:22,414 - CodeQLRunner - INFO - Query completed successfully: /home/jackfromeast/Desktop/python-class-pollution/src/pyrl/codeql/class-pollution-all/class-pollution-external.qls (logger.py:42)[0m
[32;20m2026-05-15 12:08:22,414 - CodeQLRunner - INFO - Summarizing CodeQL results... (logger.py:42)[0m
[32;20m2026-05-15 12:08:22,420 - CodeQLRunner - INFO - Processed /home/jackfromeast/Desktop/python-class-pollution/tasks/cp-collection/output/xorbits/results/class-pollution-external.qls.sarif: 2 flows detected. (logger.py:42)[0m
[32;20m2026-05-15 12:08:22,420 - CodeQLRunner - INFO - Summary saved to /home/jackfromeast/Desktop/python-class-pollution/tasks/cp-collection/output/xorbits/results/summary.json (logger.py:42)[0m
[32;20m2026-05-15 12:08:22,420 - Scheduler - INFO - Worker completed for repo: https://github.com/xorbitsai/xorbits (run_cp_analysis.py:37)[0m
[32;20m2026-05-15 12:08:22,439 - Scheduler - INFO - Progress: 72/76 repositories scanned. (base_scheduler.py:134)[0m
[31;20m2026-05-15 12:10:52,496 - CodeQLRunner - ERROR - Query timed out for diffusers: /home/jackfromeast/Desktop/python-class-pollution/src/pyrl/codeql/class-pollution-all/class-pollution-external.qls (logger.py:42)[0m
[32;20m2026-05-15 12:10:52,999 - CodeQLRunner - INFO - Terminated all spawned processes for PID 2150616 (logger.py:42)[0m
[31;20m2026-05-15 12:10:53,000 - CodeQLRunner - ERROR - Failed to run query: /home/jackfromeast/Desktop/python-class-pollution/src/pyrl/codeql/class-pollution-all/class-pollution-external.qls (logger.py:42)[0m
[32;20m2026-05-15 12:10:53,000 - CodeQLRunner - INFO - Summarizing CodeQL results... (logger.py:42)[0m
[32;20m2026-05-15 12:10:53,000 - CodeQLRunner - INFO - No results files found to summarize. (logger.py:42)[0m
[32;20m2026-05-15 12:10:53,000 - CodeQLRunner - INFO - No flows detected. Cleaning up... (logger.py:42)[0m
[32;20m2026-05-15 12:10:53,000 - CodeQLRunner - INFO - Cleaning up CodeQL database and codebase... (logger.py:42)[0m
[32;20m2026-05-15 12:10:53,376 - CodeQLRunner - INFO - No processes found using /home/jackfromeast/Desktop/python-class-pollution/tasks/cp-collection/output/diffusers/codeql-db. (logger.py:42)[0m
[32;20m2026-05-15 12:10:54,065 - CodeQLRunner - INFO - Removed repo directory at /home/jackfromeast/Desktop/python-class-pollution/tasks/cp-collection/output/diffusers as no flows detected. (logger.py:42)[0m
[32;20m2026-05-15 12:10:54,065 - Scheduler - INFO - Worker completed for repo: https://github.com/huggingface/diffusers (run_cp_analysis.py:37)[0m
[32;20m2026-05-15 12:10:54,078 - Scheduler - INFO - Progress: 73/76 repositories scanned. (base_scheduler.py:134)[0m
[31;20m2026-05-15 12:15:57,173 - CodeQLRunner - ERROR - Query timed out for azure-cli: /home/jackfromeast/Desktop/python-class-pollution/src/pyrl/codeql/class-pollution-all/class-pollution-external.qls (logger.py:42)[0m
[32;20m2026-05-15 12:15:57,556 - CodeQLRunner - INFO - Terminated all spawned processes for PID 2164829 (logger.py:42)[0m
[31;20m2026-05-15 12:15:57,556 - CodeQLRunner - ERROR - Failed to run query: /home/jackfromeast/Desktop/python-class-pollution/src/pyrl/codeql/class-pollution-all/class-pollution-external.qls (logger.py:42)[0m
[32;20m2026-05-15 12:15:57,566 - CodeQLRunner - INFO - Summarizing CodeQL results... (logger.py:42)[0m
[32;20m2026-05-15 12:15:57,566 - CodeQLRunner - INFO - No results files found to summarize. (logger.py:42)[0m
[32;20m2026-05-15 12:15:57,566 - CodeQLRunner - INFO - No flows detected. Cleaning up... (logger.py:42)[0m
[32;20m2026-05-15 12:15:57,566 - CodeQLRunner - INFO - Cleaning up CodeQL database and codebase... (logger.py:42)[0m
[32;20m2026-05-15 12:15:57,824 - CodeQLRunner - INFO - No processes found using /home/jackfromeast/Desktop/python-class-pollution/tasks/cp-collection/output/azure-cli/codeql-db. (logger.py:42)[0m
[32;20m2026-05-15 12:15:58,592 - CodeQLRunner - INFO - Removed repo directory at /home/jackfromeast/Desktop/python-class-pollution/tasks/cp-collection/output/azure-cli as no flows detected. (logger.py:42)[0m
[32;20m2026-05-15 12:15:58,592 - Scheduler - INFO - Worker completed for repo: https://github.com/Azure/azure-cli/tree/v2.68.0 (run_cp_analysis.py:37)[0m
[32;20m2026-05-15 12:15:58,602 - Scheduler - INFO - Progress: 74/76 repositories scanned. (base_scheduler.py:134)[0m
