[2024-12-30T20:23:46.161] [WARN] CRAWLER - Filter function filterHasGlomCode not found in /Users/jiachengzhong/project/jhu-research/python-class-pollution/python-class-pollution/crawler/src/filters/filter-has-glom.js
[2024-12-30T20:23:46.165] [INFO] CRAWLER - [+] Searching for repositories created between 2020-01-01 and 2020-01-08
[2024-12-30T20:23:46.589] [ERROR] CRAWLER - [-] Error during octokit.request: self-signed certificate in certificate chain
[2024-12-30T20:23:46.628] [ERROR] CRAWLER - [-] Error during octokit.request: self-signed certificate in certificate chain
[2024-12-30T20:23:46.661] [ERROR] CRAWLER - [-] Error during octokit.request: self-signed certificate in certificate chain
[2024-12-30T20:23:46.690] [ERROR] CRAWLER - [-] Error during octokit.request: self-signed certificate in certificate chain
[2024-12-30T20:23:46.691] [INFO] CRAWLER - [+] Saved 0 repositories so far.
[2024-12-30T20:23:46.692] [INFO] CRAWLER - [+] Searching for repositories created between 2020-01-08 and 2020-01-15
[2024-12-30T20:23:46.724] [ERROR] CRAWLER - [-] Error during octokit.request: self-signed certificate in certificate chain
[2024-12-30T20:23:46.758] [ERROR] CRAWLER - [-] Error during octokit.request: self-signed certificate in certificate chain
[2024-12-30T20:23:46.791] [ERROR] CRAWLER - [-] Error during octokit.request: self-signed certificate in certificate chain
[2024-12-30T20:23:46.817] [ERROR] CRAWLER - [-] Error during octokit.request: self-signed certificate in certificate chain
[2024-12-30T20:23:46.817] [INFO] CRAWLER - [+] Saved 0 repositories so far.
[2024-12-30T20:23:46.817] [INFO] CRAWLER - [+] Searching for repositories created between 2020-01-15 and 2020-01-22
[2024-12-30T20:23:46.842] [ERROR] CRAWLER - [-] Error during octokit.request: self-signed certificate in certificate chain
[2024-12-30T20:23:46.865] [ERROR] CRAWLER - [-] Error during octokit.request: self-signed certificate in certificate chain
[2024-12-30T20:23:46.887] [ERROR] CRAWLER - [-] Error during octokit.request: self-signed certificate in certificate chain
[2024-12-30T20:23:46.907] [ERROR] CRAWLER - [-] Error during octokit.request: self-signed certificate in certificate chain
[2024-12-30T20:23:46.907] [INFO] CRAWLER - [+] Saved 0 repositories so far.
[2024-12-30T20:23:46.907] [INFO] CRAWLER - [+] Searching for repositories created between 2020-01-22 and 2020-01-29
[2024-12-30T20:23:46.927] [ERROR] CRAWLER - [-] Error during octokit.request: self-signed certificate in certificate chain
[2024-12-30T20:23:46.948] [ERROR] CRAWLER - [-] Error during octokit.request: self-signed certificate in certificate chain
[2024-12-30T20:23:46.971] [ERROR] CRAWLER - [-] Error during octokit.request: self-signed certificate in certificate chain
[2024-12-30T20:23:46.993] [ERROR] CRAWLER - [-] Error during octokit.request: self-signed certificate in certificate chain
[2024-12-30T20:23:46.993] [INFO] CRAWLER - [+] Saved 0 repositories so far.
[2024-12-30T20:23:46.993] [INFO] CRAWLER - [+] Searching for repositories created between 2020-01-29 and 2020-02-05
[2024-12-30T20:23:47.013] [ERROR] CRAWLER - [-] Error during octokit.request: self-signed certificate in certificate chain
[2024-12-30T20:23:47.036] [ERROR] CRAWLER - [-] Error during octokit.request: self-signed certificate in certificate chain
[2024-12-30T20:23:47.063] [ERROR] CRAWLER - [-] Error during octokit.request: self-signed certificate in certificate chain
[2024-12-30T20:23:47.085] [ERROR] CRAWLER - [-] Error during octokit.request: self-signed certificate in certificate chain
[2024-12-30T20:23:47.085] [INFO] CRAWLER - [+] Saved 0 repositories so far.
[2024-12-30T20:23:47.085] [INFO] CRAWLER - [+] Searching for repositories created between 2020-02-05 and 2020-02-12
[2024-12-30T20:23:47.106] [ERROR] CRAWLER - [-] Error during octokit.request: self-signed certificate in certificate chain
[2024-12-30T20:23:47.127] [ERROR] CRAWLER - [-] Error during octokit.request: self-signed certificate in certificate chain
[2024-12-30T20:23:47.162] [ERROR] CRAWLER - [-] Error during octokit.request: self-signed certificate in certificate chain
[2024-12-30T20:23:47.192] [ERROR] CRAWLER - [-] Error during octokit.request: self-signed certificate in certificate chain
[2024-12-30T20:23:47.192] [INFO] CRAWLER - [+] Saved 0 repositories so far.
[2024-12-30T20:23:47.192] [INFO] CRAWLER - [+] Searching for repositories created between 2020-02-12 and 2020-02-19
[2024-12-30T20:23:47.213] [ERROR] CRAWLER - [-] Error during octokit.request: self-signed certificate in certificate chain
[2024-12-30T20:23:47.238] [ERROR] CRAWLER - [-] Error during octokit.request: self-signed certificate in certificate chain
[2024-12-30T20:23:47.263] [ERROR] CRAWLER - [-] Error during octokit.request: self-signed certificate in certificate chain
[2024-12-30T20:23:47.291] [ERROR] CRAWLER - [-] Error during octokit.request: self-signed certificate in certificate chain
[2024-12-30T20:23:47.292] [INFO] CRAWLER - [+] Saved 0 repositories so far.
[2024-12-30T20:23:47.292] [INFO] CRAWLER - [+] Searching for repositories created between 2020-02-19 and 2020-02-26
[2024-12-30T20:23:47.316] [ERROR] CRAWLER - [-] Error during octokit.request: self-signed certificate in certificate chain
[2024-12-30T20:23:47.338] [ERROR] CRAWLER - [-] Error during octokit.request: self-signed certificate in certificate chain
[2024-12-30T20:23:47.360] [ERROR] CRAWLER - [-] Error during octokit.request: self-signed certificate in certificate chain
[2024-12-30T20:23:47.385] [ERROR] CRAWLER - [-] Error during octokit.request: self-signed certificate in certificate chain
[2024-12-30T20:23:47.385] [INFO] CRAWLER - [+] Saved 0 repositories so far.
[2024-12-30T20:23:47.385] [INFO] CRAWLER - [+] Searching for repositories created between 2020-02-26 and 2020-03-04
[2024-12-30T20:23:47.408] [ERROR] CRAWLER - [-] Error during octokit.request: self-signed certificate in certificate chain
[2024-12-30T20:23:47.432] [ERROR] CRAWLER - [-] Error during octokit.request: self-signed certificate in certificate chain
[2024-12-30T20:23:47.456] [ERROR] CRAWLER - [-] Error during octokit.request: self-signed certificate in certificate chain
[2024-12-30T20:23:47.480] [ERROR] CRAWLER - [-] Error during octokit.request: self-signed certificate in certificate chain
[2024-12-30T20:23:47.480] [INFO] CRAWLER - [+] Saved 0 repositories so far.
[2024-12-30T20:23:47.480] [INFO] CRAWLER - [+] Searching for repositories created between 2020-03-04 and 2020-03-10
[2024-12-30T20:23:47.503] [ERROR] CRAWLER - [-] Error during octokit.request: self-signed certificate in certificate chain
[2024-12-30T20:23:47.524] [ERROR] CRAWLER - [-] Error during octokit.request: self-signed certificate in certificate chain
[2024-12-30T20:23:47.544] [ERROR] CRAWLER - [-] Error during octokit.request: self-signed certificate in certificate chain
[2024-12-30T20:23:47.565] [ERROR] CRAWLER - [-] Error during octokit.request: self-signed certificate in certificate chain
[2024-12-30T20:23:47.566] [INFO] CRAWLER - [+] Saved 0 repositories so far.
[2024-12-30T20:23:47.566] [INFO] CRAWLER - [+] Searching for repositories created between 2020-03-10 and 2020-03-17
[2024-12-30T20:23:47.585] [ERROR] CRAWLER - [-] Error during octokit.request: self-signed certificate in certificate chain
[2024-12-30T20:23:47.605] [ERROR] CRAWLER - [-] Error during octokit.request: self-signed certificate in certificate chain
[2024-12-30T20:23:47.624] [ERROR] CRAWLER - [-] Error during octokit.request: self-signed certificate in certificate chain
[2024-12-30T20:23:47.644] [ERROR] CRAWLER - [-] Error during octokit.request: self-signed certificate in certificate chain
[2024-12-30T20:23:47.644] [INFO] CRAWLER - [+] Saved 0 repositories so far.
[2024-12-30T20:23:47.644] [INFO] CRAWLER - [+] Searching for repositories created between 2020-03-17 and 2020-03-24
[2024-12-30T20:23:47.664] [ERROR] CRAWLER - [-] Error during octokit.request: self-signed certificate in certificate chain
[2024-12-30T20:23:47.683] [ERROR] CRAWLER - [-] Error during octokit.request: self-signed certificate in certificate chain
[2024-12-30T20:23:47.703] [ERROR] CRAWLER - [-] Error during octokit.request: self-signed certificate in certificate chain
[2024-12-30T20:23:47.722] [ERROR] CRAWLER - [-] Error during octokit.request: self-signed certificate in certificate chain
[2024-12-30T20:23:47.723] [INFO] CRAWLER - [+] Saved 0 repositories so far.
[2024-12-30T20:23:47.723] [INFO] CRAWLER - [+] Searching for repositories created between 2020-03-24 and 2020-03-31
[2024-12-30T20:23:47.744] [ERROR] CRAWLER - [-] Error during octokit.request: self-signed certificate in certificate chain
[2024-12-30T20:23:47.765] [ERROR] CRAWLER - [-] Error during octokit.request: self-signed certificate in certificate chain
[2024-12-30T20:23:47.785] [ERROR] CRAWLER - [-] Error during octokit.request: self-signed certificate in certificate chain
[2024-12-30T20:23:47.805] [ERROR] CRAWLER - [-] Error during octokit.request: self-signed certificate in certificate chain
[2024-12-30T20:23:47.805] [INFO] CRAWLER - [+] Saved 0 repositories so far.
[2024-12-30T20:23:47.805] [INFO] CRAWLER - [+] Searching for repositories created between 2020-03-31 and 2020-04-07
[2024-12-30T20:23:47.825] [ERROR] CRAWLER - [-] Error during octokit.request: self-signed certificate in certificate chain
[2024-12-30T20:23:47.846] [ERROR] CRAWLER - [-] Error during octokit.request: self-signed certificate in certificate chain
[2024-12-30T20:23:47.868] [ERROR] CRAWLER - [-] Error during octokit.request: self-signed certificate in certificate chain
[2024-12-30T20:23:47.889] [ERROR] CRAWLER - [-] Error during octokit.request: self-signed certificate in certificate chain
[2024-12-30T20:23:47.890] [INFO] CRAWLER - [+] Saved 0 repositories so far.
[2024-12-30T20:23:47.890] [INFO] CRAWLER - [+] Searching for repositories created between 2020-04-07 and 2020-04-14
[2024-12-30T20:23:47.910] [ERROR] CRAWLER - [-] Error during octokit.request: self-signed certificate in certificate chain
[2024-12-30T20:23:47.930] [ERROR] CRAWLER - [-] Error during octokit.request: self-signed certificate in certificate chain
[2024-12-30T20:23:47.950] [ERROR] CRAWLER - [-] Error during octokit.request: self-signed certificate in certificate chain
[2024-12-30T20:23:47.972] [ERROR] CRAWLER - [-] Error during octokit.request: self-signed certificate in certificate chain
[2024-12-30T20:23:47.972] [INFO] CRAWLER - [+] Saved 0 repositories so far.
[2024-12-30T20:23:47.972] [INFO] CRAWLER - [+] Searching for repositories created between 2020-04-14 and 2020-04-21
[2024-12-30T20:23:47.993] [ERROR] CRAWLER - [-] Error during octokit.request: self-signed certificate in certificate chain
[2024-12-30T20:23:48.013] [ERROR] CRAWLER - [-] Error during octokit.request: self-signed certificate in certificate chain
[2024-12-30T20:23:48.034] [ERROR] CRAWLER - [-] Error during octokit.request: self-signed certificate in certificate chain
[2024-12-30T20:23:48.053] [ERROR] CRAWLER - [-] Error during octokit.request: self-signed certificate in certificate chain
[2024-12-30T20:23:48.053] [INFO] CRAWLER - [+] Saved 0 repositories so far.
[2024-12-30T20:23:48.053] [INFO] CRAWLER - [+] Searching for repositories created between 2020-04-21 and 2020-04-28
[2024-12-30T20:23:48.077] [ERROR] CRAWLER - [-] Error during octokit.request: self-signed certificate in certificate chain
[2024-12-30T20:23:48.096] [ERROR] CRAWLER - [-] Error during octokit.request: self-signed certificate in certificate chain
[2024-12-30T20:23:48.121] [ERROR] CRAWLER - [-] Error during octokit.request: self-signed certificate in certificate chain
[2024-12-30T20:23:48.142] [ERROR] CRAWLER - [-] Error during octokit.request: self-signed certificate in certificate chain
[2024-12-30T20:23:48.143] [INFO] CRAWLER - [+] Saved 0 repositories so far.
[2024-12-30T20:23:48.143] [INFO] CRAWLER - [+] Searching for repositories created between 2020-04-28 and 2020-05-05
[2024-12-30T20:23:48.163] [ERROR] CRAWLER - [-] Error during octokit.request: self-signed certificate in certificate chain
[2024-12-30T20:23:48.188] [ERROR] CRAWLER - [-] Error during octokit.request: self-signed certificate in certificate chain
[2024-12-30T20:23:48.210] [ERROR] CRAWLER - [-] Error during octokit.request: self-signed certificate in certificate chain
[2024-12-30T20:23:48.233] [ERROR] CRAWLER - [-] Error during octokit.request: self-signed certificate in certificate chain
[2024-12-30T20:23:48.233] [INFO] CRAWLER - [+] Saved 0 repositories so far.
[2024-12-30T20:23:48.233] [INFO] CRAWLER - [+] Searching for repositories created between 2020-05-05 and 2020-05-12
[2024-12-30T20:23:48.253] [ERROR] CRAWLER - [-] Error during octokit.request: self-signed certificate in certificate chain
[2024-12-30T20:23:48.275] [ERROR] CRAWLER - [-] Error during octokit.request: self-signed certificate in certificate chain
[2024-12-30T20:23:48.305] [ERROR] CRAWLER - [-] Error during octokit.request: self-signed certificate in certificate chain
[2024-12-30T20:23:48.339] [ERROR] CRAWLER - [-] Error during octokit.request: self-signed certificate in certificate chain
[2024-12-30T20:23:48.340] [INFO] CRAWLER - [+] Saved 0 repositories so far.
[2024-12-30T20:23:48.340] [INFO] CRAWLER - [+] Searching for repositories created between 2020-05-12 and 2020-05-19
[2024-12-30T20:23:48.363] [ERROR] CRAWLER - [-] Error during octokit.request: self-signed certificate in certificate chain
[2024-12-30T20:23:48.388] [ERROR] CRAWLER - [-] Error during octokit.request: self-signed certificate in certificate chain
[2024-12-30T20:23:48.414] [ERROR] CRAWLER - [-] Error during octokit.request: self-signed certificate in certificate chain
[2024-12-30T20:23:48.457] [ERROR] CRAWLER - [-] Error during octokit.request: self-signed certificate in certificate chain
[2024-12-30T20:23:48.458] [INFO] CRAWLER - [+] Saved 0 repositories so far.
[2024-12-30T20:23:48.458] [INFO] CRAWLER - [+] Searching for repositories created between 2020-05-19 and 2020-05-26
[2024-12-30T20:23:48.480] [ERROR] CRAWLER - [-] Error during octokit.request: self-signed certificate in certificate chain
[2024-12-30T20:23:48.502] [ERROR] CRAWLER - [-] Error during octokit.request: self-signed certificate in certificate chain
[2024-12-30T20:23:48.524] [ERROR] CRAWLER - [-] Error during octokit.request: self-signed certificate in certificate chain
[2024-12-30T20:23:48.546] [ERROR] CRAWLER - [-] Error during octokit.request: self-signed certificate in certificate chain
[2024-12-30T20:23:48.546] [INFO] CRAWLER - [+] Saved 0 repositories so far.
[2024-12-30T20:23:48.546] [INFO] CRAWLER - [+] Searching for repositories created between 2020-05-26 and 2020-06-02
[2024-12-30T20:23:48.575] [ERROR] CRAWLER - [-] Error during octokit.request: self-signed certificate in certificate chain
[2024-12-30T20:23:48.622] [ERROR] CRAWLER - [-] Error during octokit.request: self-signed certificate in certificate chain
[2024-12-30T20:23:48.690] [ERROR] CRAWLER - [-] Error during octokit.request: self-signed certificate in certificate chain
[2024-12-30T20:23:48.752] [ERROR] CRAWLER - [-] Error during octokit.request: self-signed certificate in certificate chain
[2024-12-30T20:23:48.755] [INFO] CRAWLER - [+] Saved 0 repositories so far.
[2024-12-30T20:23:48.757] [INFO] CRAWLER - [+] Searching for repositories created between 2020-06-02 and 2020-06-09
[2024-12-30T20:23:48.793] [ERROR] CRAWLER - [-] Error during octokit.request: self-signed certificate in certificate chain
[2024-12-30T20:23:48.815] [ERROR] CRAWLER - [-] Error during octokit.request: self-signed certificate in certificate chain
[2024-12-30T20:23:48.836] [ERROR] CRAWLER - [-] Error during octokit.request: self-signed certificate in certificate chain
[2024-12-30T20:23:48.857] [ERROR] CRAWLER - [-] Error during octokit.request: self-signed certificate in certificate chain
[2024-12-30T20:23:48.858] [INFO] CRAWLER - [+] Saved 0 repositories so far.
[2024-12-30T20:23:48.858] [INFO] CRAWLER - [+] Searching for repositories created between 2020-06-09 and 2020-06-16
[2024-12-30T20:23:48.878] [ERROR] CRAWLER - [-] Error during octokit.request: self-signed certificate in certificate chain
[2024-12-30T20:23:48.899] [ERROR] CRAWLER - [-] Error during octokit.request: self-signed certificate in certificate chain
[2024-12-30T20:23:48.919] [ERROR] CRAWLER - [-] Error during octokit.request: self-signed certificate in certificate chain
[2024-12-30T20:23:48.939] [ERROR] CRAWLER - [-] Error during octokit.request: self-signed certificate in certificate chain
[2024-12-30T20:23:48.940] [INFO] CRAWLER - [+] Saved 0 repositories so far.
[2024-12-30T20:23:48.940] [INFO] CRAWLER - [+] Searching for repositories created between 2020-06-16 and 2020-06-23
[2024-12-30T20:23:48.960] [ERROR] CRAWLER - [-] Error during octokit.request: self-signed certificate in certificate chain
[2024-12-30T20:23:48.985] [ERROR] CRAWLER - [-] Error during octokit.request: self-signed certificate in certificate chain
[2024-12-30T20:23:49.006] [ERROR] CRAWLER - [-] Error during octokit.request: self-signed certificate in certificate chain
[2024-12-30T20:23:49.027] [ERROR] CRAWLER - [-] Error during octokit.request: self-signed certificate in certificate chain
[2024-12-30T20:23:49.027] [INFO] CRAWLER - [+] Saved 0 repositories so far.
[2024-12-30T20:23:49.027] [INFO] CRAWLER - [+] Searching for repositories created between 2020-06-23 and 2020-06-30
[2024-12-30T20:23:49.049] [ERROR] CRAWLER - [-] Error during octokit.request: self-signed certificate in certificate chain
[2024-12-30T20:23:49.071] [ERROR] CRAWLER - [-] Error during octokit.request: self-signed certificate in certificate chain
[2024-12-30T20:23:49.099] [ERROR] CRAWLER - [-] Error during octokit.request: self-signed certificate in certificate chain
[2024-12-30T20:23:49.125] [ERROR] CRAWLER - [-] Error during octokit.request: self-signed certificate in certificate chain
[2024-12-30T20:23:49.125] [INFO] CRAWLER - [+] Saved 0 repositories so far.
[2024-12-30T20:23:49.125] [INFO] CRAWLER - [+] Searching for repositories created between 2020-06-30 and 2020-07-07
[2024-12-30T20:23:49.147] [ERROR] CRAWLER - [-] Error during octokit.request: self-signed certificate in certificate chain
[2024-12-30T20:23:49.174] [ERROR] CRAWLER - [-] Error during octokit.request: self-signed certificate in certificate chain
[2024-12-30T20:23:49.209] [ERROR] CRAWLER - [-] Error during octokit.request: self-signed certificate in certificate chain
[2024-12-30T20:23:49.243] [ERROR] CRAWLER - [-] Error during octokit.request: self-signed certificate in certificate chain
[2024-12-30T20:23:49.243] [INFO] CRAWLER - [+] Saved 0 repositories so far.
[2024-12-30T20:23:49.243] [INFO] CRAWLER - [+] Searching for repositories created between 2020-07-07 and 2020-07-14
[2024-12-30T20:23:49.262] [ERROR] CRAWLER - [-] Error during octokit.request: self-signed certificate in certificate chain
[2024-12-30T20:23:49.281] [ERROR] CRAWLER - [-] Error during octokit.request: self-signed certificate in certificate chain
[2024-12-30T20:23:49.301] [ERROR] CRAWLER - [-] Error during octokit.request: self-signed certificate in certificate chain
[2024-12-30T20:23:49.322] [ERROR] CRAWLER - [-] Error during octokit.request: self-signed certificate in certificate chain
[2024-12-30T20:23:49.323] [INFO] CRAWLER - [+] Saved 0 repositories so far.
[2024-12-30T20:23:49.323] [INFO] CRAWLER - [+] Searching for repositories created between 2020-07-14 and 2020-07-21
[2024-12-30T20:23:49.349] [ERROR] CRAWLER - [-] Error during octokit.request: self-signed certificate in certificate chain
[2024-12-30T20:23:49.377] [ERROR] CRAWLER - [-] Error during octokit.request: self-signed certificate in certificate chain
[2024-12-30T20:23:49.406] [ERROR] CRAWLER - [-] Error during octokit.request: self-signed certificate in certificate chain
[2024-12-30T20:23:49.428] [ERROR] CRAWLER - [-] Error during octokit.request: self-signed certificate in certificate chain
[2024-12-30T20:23:49.430] [INFO] CRAWLER - [+] Saved 0 repositories so far.
[2024-12-30T20:23:49.431] [INFO] CRAWLER - [+] Searching for repositories created between 2020-07-21 and 2020-07-28
[2024-12-30T20:23:49.451] [ERROR] CRAWLER - [-] Error during octokit.request: self-signed certificate in certificate chain
[2024-12-30T20:23:49.470] [ERROR] CRAWLER - [-] Error during octokit.request: self-signed certificate in certificate chain
[2024-12-30T20:23:49.492] [ERROR] CRAWLER - [-] Error during octokit.request: self-signed certificate in certificate chain
[2024-12-30T20:23:49.511] [ERROR] CRAWLER - [-] Error during octokit.request: self-signed certificate in certificate chain
[2024-12-30T20:23:49.512] [INFO] CRAWLER - [+] Saved 0 repositories so far.
[2024-12-30T20:23:49.512] [INFO] CRAWLER - [+] Searching for repositories created between 2020-07-28 and 2020-08-04
[2024-12-30T20:23:49.531] [ERROR] CRAWLER - [-] Error during octokit.request: self-signed certificate in certificate chain
[2024-12-30T20:23:49.556] [ERROR] CRAWLER - [-] Error during octokit.request: self-signed certificate in certificate chain
[2024-12-30T20:23:49.575] [ERROR] CRAWLER - [-] Error during octokit.request: self-signed certificate in certificate chain
[2024-12-30T20:23:49.594] [ERROR] CRAWLER - [-] Error during octokit.request: self-signed certificate in certificate chain
[2024-12-30T20:23:49.595] [INFO] CRAWLER - [+] Saved 0 repositories so far.
[2024-12-30T20:23:49.595] [INFO] CRAWLER - [+] Searching for repositories created between 2020-08-04 and 2020-08-11
[2024-12-30T20:23:49.621] [ERROR] CRAWLER - [-] Error during octokit.request: self-signed certificate in certificate chain
[2024-12-30T20:23:49.648] [ERROR] CRAWLER - [-] Error during octokit.request: self-signed certificate in certificate chain
[2024-12-30T20:23:49.676] [ERROR] CRAWLER - [-] Error during octokit.request: self-signed certificate in certificate chain
[2024-12-30T20:23:49.697] [ERROR] CRAWLER - [-] Error during octokit.request: self-signed certificate in certificate chain
[2024-12-30T20:23:49.697] [INFO] CRAWLER - [+] Saved 0 repositories so far.
[2024-12-30T20:23:49.697] [INFO] CRAWLER - [+] Searching for repositories created between 2020-08-11 and 2020-08-18
[2024-12-30T20:23:49.719] [ERROR] CRAWLER - [-] Error during octokit.request: self-signed certificate in certificate chain
[2024-12-30T20:23:49.740] [ERROR] CRAWLER - [-] Error during octokit.request: self-signed certificate in certificate chain
[2024-12-30T20:23:49.761] [ERROR] CRAWLER - [-] Error during octokit.request: self-signed certificate in certificate chain
[2024-12-30T20:23:49.785] [ERROR] CRAWLER - [-] Error during octokit.request: self-signed certificate in certificate chain
[2024-12-30T20:23:49.785] [INFO] CRAWLER - [+] Saved 0 repositories so far.
[2024-12-30T20:23:49.785] [INFO] CRAWLER - [+] Searching for repositories created between 2020-08-18 and 2020-08-25
[2024-12-30T20:23:49.805] [ERROR] CRAWLER - [-] Error during octokit.request: self-signed certificate in certificate chain
[2024-12-30T20:23:49.826] [ERROR] CRAWLER - [-] Error during octokit.request: self-signed certificate in certificate chain
[2024-12-30T20:23:49.848] [ERROR] CRAWLER - [-] Error during octokit.request: self-signed certificate in certificate chain
[2024-12-30T20:23:49.868] [ERROR] CRAWLER - [-] Error during octokit.request: self-signed certificate in certificate chain
[2024-12-30T20:23:49.868] [INFO] CRAWLER - [+] Saved 0 repositories so far.
[2024-12-30T20:23:49.868] [INFO] CRAWLER - [+] Searching for repositories created between 2020-08-25 and 2020-09-01
[2024-12-30T20:23:49.891] [ERROR] CRAWLER - [-] Error during octokit.request: self-signed certificate in certificate chain
[2024-12-30T20:23:49.911] [ERROR] CRAWLER - [-] Error during octokit.request: self-signed certificate in certificate chain
[2024-12-30T20:23:49.935] [ERROR] CRAWLER - [-] Error during octokit.request: self-signed certificate in certificate chain
[2024-12-30T20:23:49.955] [ERROR] CRAWLER - [-] Error during octokit.request: self-signed certificate in certificate chain
[2024-12-30T20:23:49.956] [INFO] CRAWLER - [+] Saved 0 repositories so far.
[2024-12-30T20:23:49.956] [INFO] CRAWLER - [+] Searching for repositories created between 2020-09-01 and 2020-09-08
[2024-12-30T20:23:49.977] [ERROR] CRAWLER - [-] Error during octokit.request: self-signed certificate in certificate chain
[2024-12-30T20:23:49.999] [ERROR] CRAWLER - [-] Error during octokit.request: self-signed certificate in certificate chain
[2024-12-30T20:23:50.020] [ERROR] CRAWLER - [-] Error during octokit.request: self-signed certificate in certificate chain
[2024-12-30T20:23:50.041] [ERROR] CRAWLER - [-] Error during octokit.request: self-signed certificate in certificate chain
[2024-12-30T20:23:50.041] [INFO] CRAWLER - [+] Saved 0 repositories so far.
[2024-12-30T20:23:50.041] [INFO] CRAWLER - [+] Searching for repositories created between 2020-09-08 and 2020-09-15
[2024-12-30T20:23:50.062] [ERROR] CRAWLER - [-] Error during octokit.request: self-signed certificate in certificate chain
[2024-12-30T20:23:50.084] [ERROR] CRAWLER - [-] Error during octokit.request: self-signed certificate in certificate chain
[2024-12-30T20:23:50.106] [ERROR] CRAWLER - [-] Error during octokit.request: self-signed certificate in certificate chain
[2024-12-30T20:23:50.129] [ERROR] CRAWLER - [-] Error during octokit.request: self-signed certificate in certificate chain
[2024-12-30T20:23:50.129] [INFO] CRAWLER - [+] Saved 0 repositories so far.
[2024-12-30T20:23:50.129] [INFO] CRAWLER - [+] Searching for repositories created between 2020-09-15 and 2020-09-22
[2024-12-30T20:23:50.149] [ERROR] CRAWLER - [-] Error during octokit.request: self-signed certificate in certificate chain
[2024-12-30T20:23:50.169] [ERROR] CRAWLER - [-] Error during octokit.request: self-signed certificate in certificate chain
[2024-12-30T20:23:50.191] [ERROR] CRAWLER - [-] Error during octokit.request: self-signed certificate in certificate chain
[2024-12-30T20:23:50.215] [ERROR] CRAWLER - [-] Error during octokit.request: self-signed certificate in certificate chain
[2024-12-30T20:23:50.215] [INFO] CRAWLER - [+] Saved 0 repositories so far.
[2024-12-30T20:23:50.215] [INFO] CRAWLER - [+] Searching for repositories created between 2020-09-22 and 2020-09-29
[2024-12-30T20:23:50.237] [ERROR] CRAWLER - [-] Error during octokit.request: self-signed certificate in certificate chain
[2024-12-30T20:23:50.258] [ERROR] CRAWLER - [-] Error during octokit.request: self-signed certificate in certificate chain
[2024-12-30T20:23:50.279] [ERROR] CRAWLER - [-] Error during octokit.request: self-signed certificate in certificate chain
[2024-12-30T20:23:50.311] [ERROR] CRAWLER - [-] Error during octokit.request: self-signed certificate in certificate chain
[2024-12-30T20:23:50.311] [INFO] CRAWLER - [+] Saved 0 repositories so far.
[2024-12-30T20:23:50.311] [INFO] CRAWLER - [+] Searching for repositories created between 2020-09-29 and 2020-10-06
[2024-12-30T20:23:50.332] [ERROR] CRAWLER - [-] Error during octokit.request: self-signed certificate in certificate chain
[2024-12-30T20:23:50.353] [ERROR] CRAWLER - [-] Error during octokit.request: self-signed certificate in certificate chain
[2024-12-30T20:23:50.378] [ERROR] CRAWLER - [-] Error during octokit.request: self-signed certificate in certificate chain
[2024-12-30T20:23:50.401] [ERROR] CRAWLER - [-] Error during octokit.request: self-signed certificate in certificate chain
[2024-12-30T20:23:50.401] [INFO] CRAWLER - [+] Saved 0 repositories so far.
[2024-12-30T20:23:50.401] [INFO] CRAWLER - [+] Searching for repositories created between 2020-10-06 and 2020-10-13
[2024-12-30T20:23:50.425] [ERROR] CRAWLER - [-] Error during octokit.request: self-signed certificate in certificate chain
[2024-12-30T20:23:50.445] [ERROR] CRAWLER - [-] Error during octokit.request: self-signed certificate in certificate chain
[2024-12-30T20:23:50.467] [ERROR] CRAWLER - [-] Error during octokit.request: self-signed certificate in certificate chain
[2024-12-30T20:23:50.488] [ERROR] CRAWLER - [-] Error during octokit.request: self-signed certificate in certificate chain
[2024-12-30T20:23:50.488] [INFO] CRAWLER - [+] Saved 0 repositories so far.
[2024-12-30T20:23:50.488] [INFO] CRAWLER - [+] Searching for repositories created between 2020-10-13 and 2020-10-20
[2024-12-30T20:23:50.508] [ERROR] CRAWLER - [-] Error during octokit.request: self-signed certificate in certificate chain
[2024-12-30T20:23:50.529] [ERROR] CRAWLER - [-] Error during octokit.request: self-signed certificate in certificate chain
[2024-12-30T20:23:50.550] [ERROR] CRAWLER - [-] Error during octokit.request: self-signed certificate in certificate chain
[2024-12-30T20:23:50.570] [ERROR] CRAWLER - [-] Error during octokit.request: self-signed certificate in certificate chain
[2024-12-30T20:23:50.571] [INFO] CRAWLER - [+] Saved 0 repositories so far.
[2024-12-30T20:23:50.571] [INFO] CRAWLER - [+] Searching for repositories created between 2020-10-20 and 2020-10-27
[2024-12-30T20:23:50.593] [ERROR] CRAWLER - [-] Error during octokit.request: self-signed certificate in certificate chain
[2024-12-30T20:23:50.613] [ERROR] CRAWLER - [-] Error during octokit.request: self-signed certificate in certificate chain
[2024-12-30T20:23:50.633] [ERROR] CRAWLER - [-] Error during octokit.request: self-signed certificate in certificate chain
[2024-12-30T20:23:50.653] [ERROR] CRAWLER - [-] Error during octokit.request: self-signed certificate in certificate chain
[2024-12-30T20:23:50.653] [INFO] CRAWLER - [+] Saved 0 repositories so far.
[2024-12-30T20:23:50.653] [INFO] CRAWLER - [+] Searching for repositories created between 2020-10-27 and 2020-11-04
[2024-12-30T20:23:50.673] [ERROR] CRAWLER - [-] Error during octokit.request: self-signed certificate in certificate chain
[2024-12-30T20:23:50.699] [ERROR] CRAWLER - [-] Error during octokit.request: self-signed certificate in certificate chain
[2024-12-30T20:23:50.767] [ERROR] CRAWLER - [-] Error during octokit.request: self-signed certificate in certificate chain
[2024-12-30T20:23:50.792] [ERROR] CRAWLER - [-] Error during octokit.request: self-signed certificate in certificate chain
[2024-12-30T20:23:50.792] [INFO] CRAWLER - [+] Saved 0 repositories so far.
[2024-12-30T20:23:50.792] [INFO] CRAWLER - [+] Searching for repositories created between 2020-11-04 and 2020-11-11
[2024-12-30T20:23:50.816] [ERROR] CRAWLER - [-] Error during octokit.request: self-signed certificate in certificate chain
[2024-12-30T20:23:50.836] [ERROR] CRAWLER - [-] Error during octokit.request: self-signed certificate in certificate chain
[2024-12-30T20:23:50.857] [ERROR] CRAWLER - [-] Error during octokit.request: self-signed certificate in certificate chain
[2024-12-30T20:23:50.878] [ERROR] CRAWLER - [-] Error during octokit.request: self-signed certificate in certificate chain
[2024-12-30T20:23:50.878] [INFO] CRAWLER - [+] Saved 0 repositories so far.
[2024-12-30T20:23:50.878] [INFO] CRAWLER - [+] Searching for repositories created between 2020-11-11 and 2020-11-18
[2024-12-30T20:23:50.898] [ERROR] CRAWLER - [-] Error during octokit.request: self-signed certificate in certificate chain
[2024-12-30T20:23:50.918] [ERROR] CRAWLER - [-] Error during octokit.request: self-signed certificate in certificate chain
[2024-12-30T20:23:50.938] [ERROR] CRAWLER - [-] Error during octokit.request: self-signed certificate in certificate chain
[2024-12-30T20:23:50.959] [ERROR] CRAWLER - [-] Error during octokit.request: self-signed certificate in certificate chain
[2024-12-30T20:23:50.959] [INFO] CRAWLER - [+] Saved 0 repositories so far.
[2024-12-30T20:23:50.959] [INFO] CRAWLER - [+] Searching for repositories created between 2020-11-18 and 2020-11-25
[2024-12-30T20:23:50.980] [ERROR] CRAWLER - [-] Error during octokit.request: self-signed certificate in certificate chain
[2024-12-30T20:23:51.001] [ERROR] CRAWLER - [-] Error during octokit.request: self-signed certificate in certificate chain
[2024-12-30T20:23:51.023] [ERROR] CRAWLER - [-] Error during octokit.request: self-signed certificate in certificate chain
[2024-12-30T20:23:51.044] [ERROR] CRAWLER - [-] Error during octokit.request: self-signed certificate in certificate chain
[2024-12-30T20:23:51.044] [INFO] CRAWLER - [+] Saved 0 repositories so far.
[2024-12-30T20:23:51.044] [INFO] CRAWLER - [+] Searching for repositories created between 2020-11-25 and 2020-12-02
[2024-12-30T20:23:51.073] [ERROR] CRAWLER - [-] Error during octokit.request: self-signed certificate in certificate chain
[2024-12-30T20:23:51.094] [ERROR] CRAWLER - [-] Error during octokit.request: self-signed certificate in certificate chain
[2024-12-30T20:23:51.116] [ERROR] CRAWLER - [-] Error during octokit.request: self-signed certificate in certificate chain
[2024-12-30T20:23:51.137] [ERROR] CRAWLER - [-] Error during octokit.request: self-signed certificate in certificate chain
[2024-12-30T20:23:51.138] [INFO] CRAWLER - [+] Saved 0 repositories so far.
[2024-12-30T20:23:51.138] [INFO] CRAWLER - [+] Searching for repositories created between 2020-12-02 and 2020-12-09
[2024-12-30T20:23:51.161] [ERROR] CRAWLER - [-] Error during octokit.request: self-signed certificate in certificate chain
[2024-12-30T20:23:51.182] [ERROR] CRAWLER - [-] Error during octokit.request: self-signed certificate in certificate chain
[2024-12-30T20:23:51.203] [ERROR] CRAWLER - [-] Error during octokit.request: self-signed certificate in certificate chain
[2024-12-30T20:23:51.224] [ERROR] CRAWLER - [-] Error during octokit.request: self-signed certificate in certificate chain
[2024-12-30T20:23:51.224] [INFO] CRAWLER - [+] Saved 0 repositories so far.
[2024-12-30T20:23:51.224] [INFO] CRAWLER - [+] Searching for repositories created between 2020-12-09 and 2020-12-16
[2024-12-30T20:23:51.245] [ERROR] CRAWLER - [-] Error during octokit.request: self-signed certificate in certificate chain
[2024-12-30T20:23:51.279] [ERROR] CRAWLER - [-] Error during octokit.request: self-signed certificate in certificate chain
[2024-12-30T20:23:51.303] [ERROR] CRAWLER - [-] Error during octokit.request: self-signed certificate in certificate chain
[2024-12-30T20:23:51.331] [ERROR] CRAWLER - [-] Error during octokit.request: self-signed certificate in certificate chain
[2024-12-30T20:23:51.333] [INFO] CRAWLER - [+] Saved 0 repositories so far.
[2024-12-30T20:23:51.333] [INFO] CRAWLER - [+] Searching for repositories created between 2020-12-16 and 2020-12-23
[2024-12-30T20:23:51.363] [ERROR] CRAWLER - [-] Error during octokit.request: self-signed certificate in certificate chain
[2024-12-30T20:23:51.389] [ERROR] CRAWLER - [-] Error during octokit.request: self-signed certificate in certificate chain
[2024-12-30T20:23:51.410] [ERROR] CRAWLER - [-] Error during octokit.request: self-signed certificate in certificate chain
[2024-12-30T20:23:51.433] [ERROR] CRAWLER - [-] Error during octokit.request: self-signed certificate in certificate chain
[2024-12-30T20:23:51.433] [INFO] CRAWLER - [+] Saved 0 repositories so far.
[2024-12-30T20:23:51.433] [INFO] CRAWLER - [+] Searching for repositories created between 2020-12-23 and 2020-12-30
[2024-12-30T20:23:51.456] [ERROR] CRAWLER - [-] Error during octokit.request: self-signed certificate in certificate chain
[2024-12-30T20:23:51.477] [ERROR] CRAWLER - [-] Error during octokit.request: self-signed certificate in certificate chain
[2024-12-30T20:23:51.497] [ERROR] CRAWLER - [-] Error during octokit.request: self-signed certificate in certificate chain
[2024-12-30T20:23:51.519] [ERROR] CRAWLER - [-] Error during octokit.request: self-signed certificate in certificate chain
[2024-12-30T20:23:51.519] [INFO] CRAWLER - [+] Saved 0 repositories so far.
[2024-12-30T20:23:51.519] [INFO] CRAWLER - [+] Searching for repositories created between 2020-12-30 and 2020-12-31
[2024-12-30T20:23:51.541] [ERROR] CRAWLER - [-] Error during octokit.request: self-signed certificate in certificate chain
[2024-12-30T20:23:51.562] [ERROR] CRAWLER - [-] Error during octokit.request: self-signed certificate in certificate chain
[2024-12-30T20:23:51.583] [ERROR] CRAWLER - [-] Error during octokit.request: self-signed certificate in certificate chain
[2024-12-30T20:23:51.610] [ERROR] CRAWLER - [-] Error during octokit.request: self-signed certificate in certificate chain
[2024-12-30T20:23:51.611] [INFO] CRAWLER - [+] Saved 0 repositories so far.
[2024-12-30T20:24:04.626] [WARN] CRAWLER - Filter function filterHasGlomCode not found in /Users/jiachengzhong/project/jhu-research/python-class-pollution/python-class-pollution/crawler/src/filters/filter-has-glom.js
[2024-12-30T20:24:04.629] [INFO] CRAWLER - [+] Searching for repositories created between 2020-01-01 and 2020-01-08
[2024-12-30T20:24:04.808] [ERROR] CRAWLER - [-] Error during octokit.request: Bad credentials - https://docs.github.com/rest
[2024-12-30T20:24:04.989] [ERROR] CRAWLER - [-] Error during octokit.request: Bad credentials - https://docs.github.com/rest
[2024-12-30T20:24:05.054] [ERROR] CRAWLER - [-] Error during octokit.request: Bad credentials - https://docs.github.com/rest
[2024-12-30T20:24:05.119] [ERROR] CRAWLER - [-] Error during octokit.request: Bad credentials - https://docs.github.com/rest
[2024-12-30T20:24:05.120] [INFO] CRAWLER - [+] Saved 0 repositories so far.
[2024-12-30T20:24:05.120] [INFO] CRAWLER - [+] Searching for repositories created between 2020-01-08 and 2020-01-15
[2024-12-30T20:24:05.185] [ERROR] CRAWLER - [-] Error during octokit.request: Bad credentials - https://docs.github.com/rest
[2024-12-30T20:24:05.252] [ERROR] CRAWLER - [-] Error during octokit.request: Bad credentials - https://docs.github.com/rest
[2024-12-30T20:24:05.316] [ERROR] CRAWLER - [-] Error during octokit.request: Bad credentials - https://docs.github.com/rest
[2024-12-30T20:24:05.380] [ERROR] CRAWLER - [-] Error during octokit.request: Bad credentials - https://docs.github.com/rest
[2024-12-30T20:24:05.381] [INFO] CRAWLER - [+] Saved 0 repositories so far.
[2024-12-30T20:24:05.381] [INFO] CRAWLER - [+] Searching for repositories created between 2020-01-15 and 2020-01-22
[2024-12-30T20:24:05.446] [ERROR] CRAWLER - [-] Error during octokit.request: Bad credentials - https://docs.github.com/rest
[2024-12-30T20:24:05.515] [ERROR] CRAWLER - [-] Error during octokit.request: Bad credentials - https://docs.github.com/rest
[2024-12-30T20:24:05.581] [ERROR] CRAWLER - [-] Error during octokit.request: Bad credentials - https://docs.github.com/rest
[2024-12-30T20:24:05.647] [ERROR] CRAWLER - [-] Error during octokit.request: Bad credentials - https://docs.github.com/rest
[2024-12-30T20:24:05.648] [INFO] CRAWLER - [+] Saved 0 repositories so far.
[2024-12-30T20:24:05.648] [INFO] CRAWLER - [+] Searching for repositories created between 2020-01-22 and 2020-01-29
[2024-12-30T20:24:05.719] [ERROR] CRAWLER - [-] Error during octokit.request: Bad credentials - https://docs.github.com/rest
[2024-12-30T20:24:05.788] [ERROR] CRAWLER - [-] Error during octokit.request: Bad credentials - https://docs.github.com/rest
[2024-12-30T20:24:05.857] [ERROR] CRAWLER - [-] Error during octokit.request: Bad credentials - https://docs.github.com/rest
[2024-12-30T20:24:05.928] [ERROR] CRAWLER - [-] Error during octokit.request: Bad credentials - https://docs.github.com/rest
[2024-12-30T20:24:05.928] [INFO] CRAWLER - [+] Saved 0 repositories so far.
[2024-12-30T20:24:05.928] [INFO] CRAWLER - [+] Searching for repositories created between 2020-01-29 and 2020-02-05
[2024-12-30T20:24:05.997] [ERROR] CRAWLER - [-] Error during octokit.request: Bad credentials - https://docs.github.com/rest
[2024-12-30T20:24:06.069] [ERROR] CRAWLER - [-] Error during octokit.request: Bad credentials - https://docs.github.com/rest
[2024-12-30T20:24:06.143] [ERROR] CRAWLER - [-] Error during octokit.request: Bad credentials - https://docs.github.com/rest
[2024-12-30T20:24:06.211] [ERROR] CRAWLER - [-] Error during octokit.request: Bad credentials - https://docs.github.com/rest
[2024-12-30T20:24:06.212] [INFO] CRAWLER - [+] Saved 0 repositories so far.
[2024-12-30T20:24:06.212] [INFO] CRAWLER - [+] Searching for repositories created between 2020-02-05 and 2020-02-12
[2024-12-30T20:24:06.282] [ERROR] CRAWLER - [-] Error during octokit.request: Bad credentials - https://docs.github.com/rest
[2024-12-30T20:24:06.350] [ERROR] CRAWLER - [-] Error during octokit.request: Bad credentials - https://docs.github.com/rest
[2024-12-30T20:24:06.419] [ERROR] CRAWLER - [-] Error during octokit.request: Bad credentials - https://docs.github.com/rest
[2024-12-30T20:24:06.493] [ERROR] CRAWLER - [-] Error during octokit.request: Bad credentials - https://docs.github.com/rest
[2024-12-30T20:24:06.494] [INFO] CRAWLER - [+] Saved 0 repositories so far.
[2024-12-30T20:24:06.494] [INFO] CRAWLER - [+] Searching for repositories created between 2020-02-12 and 2020-02-19
[2024-12-30T20:24:06.561] [ERROR] CRAWLER - [-] Error during octokit.request: Bad credentials - https://docs.github.com/rest
[2024-12-30T20:24:06.627] [ERROR] CRAWLER - [-] Error during octokit.request: Bad credentials - https://docs.github.com/rest
[2024-12-30T20:24:06.697] [ERROR] CRAWLER - [-] Error during octokit.request: Bad credentials - https://docs.github.com/rest
[2024-12-30T20:24:06.764] [ERROR] CRAWLER - [-] Error during octokit.request: Bad credentials - https://docs.github.com/rest
[2024-12-30T20:24:06.765] [INFO] CRAWLER - [+] Saved 0 repositories so far.
[2024-12-30T20:24:06.765] [INFO] CRAWLER - [+] Searching for repositories created between 2020-02-19 and 2020-02-26
[2024-12-30T20:24:06.834] [ERROR] CRAWLER - [-] Error during octokit.request: Bad credentials - https://docs.github.com/rest
[2024-12-30T20:24:06.899] [ERROR] CRAWLER - [-] Error during octokit.request: Bad credentials - https://docs.github.com/rest
[2024-12-30T20:24:06.968] [ERROR] CRAWLER - [-] Error during octokit.request: Bad credentials - https://docs.github.com/rest
[2024-12-30T20:24:07.042] [ERROR] CRAWLER - [-] Error during octokit.request: Bad credentials - https://docs.github.com/rest
[2024-12-30T20:24:07.043] [INFO] CRAWLER - [+] Saved 0 repositories so far.
[2024-12-30T20:24:07.043] [INFO] CRAWLER - [+] Searching for repositories created between 2020-02-26 and 2020-03-04
[2024-12-30T20:24:07.111] [ERROR] CRAWLER - [-] Error during octokit.request: Bad credentials - https://docs.github.com/rest
[2024-12-30T20:24:07.183] [ERROR] CRAWLER - [-] Error during octokit.request: Bad credentials - https://docs.github.com/rest
[2024-12-30T20:24:07.252] [ERROR] CRAWLER - [-] Error during octokit.request: Bad credentials - https://docs.github.com/rest
[2024-12-30T20:24:07.334] [ERROR] CRAWLER - [-] Error during octokit.request: Bad credentials - https://docs.github.com/rest
[2024-12-30T20:24:07.336] [INFO] CRAWLER - [+] Saved 0 repositories so far.
[2024-12-30T20:24:07.336] [INFO] CRAWLER - [+] Searching for repositories created between 2020-03-04 and 2020-03-10
[2024-12-30T20:24:07.440] [ERROR] CRAWLER - [-] Error during octokit.request: Bad credentials - https://docs.github.com/rest
[2024-12-30T20:24:07.515] [ERROR] CRAWLER - [-] Error during octokit.request: Bad credentials - https://docs.github.com/rest
[2024-12-30T20:24:07.587] [ERROR] CRAWLER - [-] Error during octokit.request: Bad credentials - https://docs.github.com/rest
[2024-12-30T20:24:07.655] [ERROR] CRAWLER - [-] Error during octokit.request: Bad credentials - https://docs.github.com/rest
[2024-12-30T20:24:07.656] [INFO] CRAWLER - [+] Saved 0 repositories so far.
[2024-12-30T20:24:07.656] [INFO] CRAWLER - [+] Searching for repositories created between 2020-03-10 and 2020-03-17
[2024-12-30T20:24:07.727] [ERROR] CRAWLER - [-] Error during octokit.request: Bad credentials - https://docs.github.com/rest
[2024-12-30T20:24:07.799] [ERROR] CRAWLER - [-] Error during octokit.request: Bad credentials - https://docs.github.com/rest
[2024-12-30T20:24:07.874] [ERROR] CRAWLER - [-] Error during octokit.request: Bad credentials - https://docs.github.com/rest
[2024-12-30T20:24:07.941] [ERROR] CRAWLER - [-] Error during octokit.request: Bad credentials - https://docs.github.com/rest
[2024-12-30T20:24:07.942] [INFO] CRAWLER - [+] Saved 0 repositories so far.
[2024-12-30T20:24:07.942] [INFO] CRAWLER - [+] Searching for repositories created between 2020-03-17 and 2020-03-24
[2024-12-30T20:24:08.011] [ERROR] CRAWLER - [-] Error during octokit.request: Bad credentials - https://docs.github.com/rest
[2024-12-30T20:24:08.080] [ERROR] CRAWLER - [-] Error during octokit.request: Bad credentials - https://docs.github.com/rest
[2024-12-30T20:24:08.147] [ERROR] CRAWLER - [-] Error during octokit.request: Bad credentials - https://docs.github.com/rest
[2024-12-30T20:24:08.214] [ERROR] CRAWLER - [-] Error during octokit.request: Bad credentials - https://docs.github.com/rest
[2024-12-30T20:24:08.215] [INFO] CRAWLER - [+] Saved 0 repositories so far.
[2024-12-30T20:24:08.215] [INFO] CRAWLER - [+] Searching for repositories created between 2020-03-24 and 2020-03-31
[2024-12-30T20:24:08.292] [ERROR] CRAWLER - [-] Error during octokit.request: Bad credentials - https://docs.github.com/rest
[2024-12-30T20:24:08.362] [ERROR] CRAWLER - [-] Error during octokit.request: Bad credentials - https://docs.github.com/rest
[2024-12-30T20:24:08.426] [ERROR] CRAWLER - [-] Error during octokit.request: Bad credentials - https://docs.github.com/rest
[2024-12-30T20:24:08.501] [ERROR] CRAWLER - [-] Error during octokit.request: Bad credentials - https://docs.github.com/rest
[2024-12-30T20:24:08.502] [INFO] CRAWLER - [+] Saved 0 repositories so far.
[2024-12-30T20:24:08.502] [INFO] CRAWLER - [+] Searching for repositories created between 2020-03-31 and 2020-04-07
[2024-12-30T20:24:08.564] [ERROR] CRAWLER - [-] Error during octokit.request: Bad credentials - https://docs.github.com/rest
[2024-12-30T20:24:08.627] [ERROR] CRAWLER - [-] Error during octokit.request: Bad credentials - https://docs.github.com/rest
[2024-12-30T20:24:08.692] [ERROR] CRAWLER - [-] Error during octokit.request: Bad credentials - https://docs.github.com/rest
[2024-12-30T20:24:08.755] [ERROR] CRAWLER - [-] Error during octokit.request: Bad credentials - https://docs.github.com/rest
[2024-12-30T20:24:08.755] [INFO] CRAWLER - [+] Saved 0 repositories so far.
[2024-12-30T20:24:08.755] [INFO] CRAWLER - [+] Searching for repositories created between 2020-04-07 and 2020-04-14
[2024-12-30T20:24:08.825] [ERROR] CRAWLER - [-] Error during octokit.request: Bad credentials - https://docs.github.com/rest
[2024-12-30T20:24:08.906] [ERROR] CRAWLER - [-] Error during octokit.request: Bad credentials - https://docs.github.com/rest
[2024-12-30T20:24:09.004] [ERROR] CRAWLER - [-] Error during octokit.request: Bad credentials - https://docs.github.com/rest
[2024-12-30T20:24:09.075] [ERROR] CRAWLER - [-] Error during octokit.request: Bad credentials - https://docs.github.com/rest
[2024-12-30T20:24:09.076] [INFO] CRAWLER - [+] Saved 0 repositories so far.
[2024-12-30T20:24:09.076] [INFO] CRAWLER - [+] Searching for repositories created between 2020-04-14 and 2020-04-21
[2024-12-30T20:24:09.150] [ERROR] CRAWLER - [-] Error during octokit.request: Bad credentials - https://docs.github.com/rest
[2024-12-30T20:24:09.220] [ERROR] CRAWLER - [-] Error during octokit.request: Bad credentials - https://docs.github.com/rest
[2024-12-30T20:24:09.287] [ERROR] CRAWLER - [-] Error during octokit.request: Bad credentials - https://docs.github.com/rest
[2024-12-30T20:24:09.364] [ERROR] CRAWLER - [-] Error during octokit.request: Bad credentials - https://docs.github.com/rest
[2024-12-30T20:24:09.364] [INFO] CRAWLER - [+] Saved 0 repositories so far.
[2024-12-30T20:24:09.364] [INFO] CRAWLER - [+] Searching for repositories created between 2020-04-21 and 2020-04-28
[2024-12-30T20:24:09.442] [ERROR] CRAWLER - [-] Error during octokit.request: Bad credentials - https://docs.github.com/rest
[2024-12-30T20:24:09.507] [ERROR] CRAWLER - [-] Error during octokit.request: Bad credentials - https://docs.github.com/rest
[2024-12-30T20:24:09.568] [ERROR] CRAWLER - [-] Error during octokit.request: Bad credentials - https://docs.github.com/rest
[2024-12-30T20:24:09.640] [ERROR] CRAWLER - [-] Error during octokit.request: Bad credentials - https://docs.github.com/rest
[2024-12-30T20:24:09.640] [INFO] CRAWLER - [+] Saved 0 repositories so far.
[2024-12-30T20:24:09.640] [INFO] CRAWLER - [+] Searching for repositories created between 2020-04-28 and 2020-05-05
[2024-12-30T20:24:09.704] [ERROR] CRAWLER - [-] Error during octokit.request: Bad credentials - https://docs.github.com/rest
[2024-12-30T20:24:09.768] [ERROR] CRAWLER - [-] Error during octokit.request: Bad credentials - https://docs.github.com/rest
[2024-12-30T20:24:09.832] [ERROR] CRAWLER - [-] Error during octokit.request: Bad credentials - https://docs.github.com/rest
[2024-12-30T20:24:09.895] [ERROR] CRAWLER - [-] Error during octokit.request: Bad credentials - https://docs.github.com/rest
[2024-12-30T20:24:09.896] [INFO] CRAWLER - [+] Saved 0 repositories so far.
[2024-12-30T20:24:09.896] [INFO] CRAWLER - [+] Searching for repositories created between 2020-05-05 and 2020-05-12
[2024-12-30T20:24:09.959] [ERROR] CRAWLER - [-] Error during octokit.request: Bad credentials - https://docs.github.com/rest
[2024-12-30T20:24:10.024] [ERROR] CRAWLER - [-] Error during octokit.request: Bad credentials - https://docs.github.com/rest
[2024-12-30T20:24:10.087] [ERROR] CRAWLER - [-] Error during octokit.request: Bad credentials - https://docs.github.com/rest
[2024-12-30T20:24:10.150] [ERROR] CRAWLER - [-] Error during octokit.request: Bad credentials - https://docs.github.com/rest
[2024-12-30T20:24:10.151] [INFO] CRAWLER - [+] Saved 0 repositories so far.
[2024-12-30T20:24:10.151] [INFO] CRAWLER - [+] Searching for repositories created between 2020-05-12 and 2020-05-19
[2024-12-30T20:24:10.221] [ERROR] CRAWLER - [-] Error during octokit.request: Bad credentials - https://docs.github.com/rest
[2024-12-30T20:24:10.285] [ERROR] CRAWLER - [-] Error during octokit.request: Bad credentials - https://docs.github.com/rest
[2024-12-30T20:24:10.353] [ERROR] CRAWLER - [-] Error during octokit.request: Bad credentials - https://docs.github.com/rest
[2024-12-30T20:24:10.464] [ERROR] CRAWLER - [-] Error during octokit.request: Bad credentials - https://docs.github.com/rest
[2024-12-30T20:24:10.465] [INFO] CRAWLER - [+] Saved 0 repositories so far.
[2024-12-30T20:24:10.465] [INFO] CRAWLER - [+] Searching for repositories created between 2020-05-19 and 2020-05-26
[2024-12-30T20:24:10.536] [ERROR] CRAWLER - [-] Error during octokit.request: Bad credentials - https://docs.github.com/rest
[2024-12-30T20:24:10.604] [ERROR] CRAWLER - [-] Error during octokit.request: Bad credentials - https://docs.github.com/rest
[2024-12-30T20:24:10.691] [ERROR] CRAWLER - [-] Error during octokit.request: Bad credentials - https://docs.github.com/rest
[2024-12-30T20:24:10.752] [ERROR] CRAWLER - [-] Error during octokit.request: Bad credentials - https://docs.github.com/rest
[2024-12-30T20:24:10.753] [INFO] CRAWLER - [+] Saved 0 repositories so far.
[2024-12-30T20:24:10.753] [INFO] CRAWLER - [+] Searching for repositories created between 2020-05-26 and 2020-06-02
[2024-12-30T20:24:10.815] [ERROR] CRAWLER - [-] Error during octokit.request: Bad credentials - https://docs.github.com/rest
[2024-12-30T20:24:10.879] [ERROR] CRAWLER - [-] Error during octokit.request: Bad credentials - https://docs.github.com/rest
[2024-12-30T20:24:10.965] [ERROR] CRAWLER - [-] Error during octokit.request: Bad credentials - https://docs.github.com/rest
[2024-12-30T20:24:11.028] [ERROR] CRAWLER - [-] Error during octokit.request: Bad credentials - https://docs.github.com/rest
[2024-12-30T20:24:11.029] [INFO] CRAWLER - [+] Saved 0 repositories so far.
[2024-12-30T20:24:11.029] [INFO] CRAWLER - [+] Searching for repositories created between 2020-06-02 and 2020-06-09
[2024-12-30T20:24:11.090] [ERROR] CRAWLER - [-] Error during octokit.request: Bad credentials - https://docs.github.com/rest
[2024-12-30T20:24:11.155] [ERROR] CRAWLER - [-] Error during octokit.request: Bad credentials - https://docs.github.com/rest
[2024-12-30T20:24:11.217] [ERROR] CRAWLER - [-] Error during octokit.request: Bad credentials - https://docs.github.com/rest
[2024-12-30T20:24:11.284] [ERROR] CRAWLER - [-] Error during octokit.request: Bad credentials - https://docs.github.com/rest
[2024-12-30T20:24:11.285] [INFO] CRAWLER - [+] Saved 0 repositories so far.
[2024-12-30T20:24:11.285] [INFO] CRAWLER - [+] Searching for repositories created between 2020-06-09 and 2020-06-16
[2024-12-30T20:24:11.417] [ERROR] CRAWLER - [-] Error during octokit.request: Bad credentials - https://docs.github.com/rest
[2024-12-30T20:24:11.499] [ERROR] CRAWLER - [-] Error during octokit.request: Bad credentials - https://docs.github.com/rest
[2024-12-30T20:24:11.558] [ERROR] CRAWLER - [-] Error during octokit.request: Bad credentials - https://docs.github.com/rest
[2024-12-30T20:24:11.624] [ERROR] CRAWLER - [-] Error during octokit.request: Bad credentials - https://docs.github.com/rest
[2024-12-30T20:24:11.625] [INFO] CRAWLER - [+] Saved 0 repositories so far.
[2024-12-30T20:24:11.625] [INFO] CRAWLER - [+] Searching for repositories created between 2020-06-16 and 2020-06-23
[2024-12-30T20:24:11.689] [ERROR] CRAWLER - [-] Error during octokit.request: Bad credentials - https://docs.github.com/rest
[2024-12-30T20:24:11.757] [ERROR] CRAWLER - [-] Error during octokit.request: Bad credentials - https://docs.github.com/rest
[2024-12-30T20:24:57.545] [WARN] CRAWLER - Filter function filterHasGlomCode not found in /Users/jiachengzhong/project/jhu-research/python-class-pollution/python-class-pollution/crawler/src/filters/filter-has-glom.js
[2024-12-30T20:24:57.550] [INFO] CRAWLER - [+] Searching for repositories created between 2020-01-01 and 2020-01-08
[2024-12-30T20:25:09.617] [INFO] CRAWLER - [+] Found 100/100 results for "created:2020-01-01..2020-01-08 language:Python stars:>100" on page 1.
[2024-12-30T20:25:21.446] [INFO] CRAWLER - [+] Found 44/44 results for "created:2020-01-01..2020-01-08 language:Python stars:>100" on page 2.
[2024-12-30T20:25:21.456] [INFO] CRAWLER - [+] Saved 144 repositories so far.
[2024-12-30T20:25:21.456] [INFO] CRAWLER - [+] Searching for repositories created between 2020-01-08 and 2020-01-15
[2024-12-30T20:25:33.903] [INFO] CRAWLER - [+] Found 100/100 results for "created:2020-01-08..2020-01-15 language:Python stars:>100" on page 1.
[2024-12-30T20:25:45.366] [INFO] CRAWLER - [+] Found 62/62 results for "created:2020-01-08..2020-01-15 language:Python stars:>100" on page 2.
[2024-12-30T20:25:45.380] [INFO] CRAWLER - [+] Saved 306 repositories so far.
[2024-12-30T20:25:45.381] [INFO] CRAWLER - [+] Searching for repositories created between 2020-01-15 and 2020-01-22
[2024-12-30T20:26:11.656] [INFO] CRAWLER - [+] Searching for repositories created between 2020-01-01 and 2020-01-08
[2024-12-30T20:26:24.624] [INFO] CRAWLER - Repository lux-org/lux does not contain 'glom.assign('.
[2024-12-30T20:26:24.834] [INFO] CRAWLER - Repository hluwa/frida-dexdump does not contain 'glom.assign('.
[2024-12-30T20:26:25.086] [INFO] CRAWLER - Repository freedomofpress/dangerzone does not contain 'glom.assign('.
[2024-12-30T20:26:25.409] [INFO] CRAWLER - Repository jettify/pytorch-optimizer does not contain 'glom.assign('.
[2024-12-30T20:26:25.659] [INFO] CRAWLER - Repository ciur/papermerge does not contain 'glom.assign('.
[2024-12-30T20:26:26.083] [INFO] CRAWLER - Repository loujie0822/DeepIE does not contain 'glom.assign('.
[2024-12-30T20:26:26.345] [INFO] CRAWLER - Repository uber/orbit does not contain 'glom.assign('.
[2024-12-30T20:26:26.607] [INFO] CRAWLER - Repository mit-han-lab/once-for-all does not contain 'glom.assign('.
[2024-12-30T20:26:26.848] [INFO] CRAWLER - Repository emilianavt/OpenSeeFace does not contain 'glom.assign('.
[2024-12-30T20:26:27.043] [ERROR] CRAWLER - API rate limit exceeded for 'Search code': API rate limit exceeded for user ID 60600792. If you reach out to GitHub Support for help, please include the request ID FBDD:466F9:A3444:143B4A:67734842 and timestamp 2024-12-31 01:26:27 UTC. - https://docs.github.com/rest/overview/rate-limits-for-the-rest-api. Sleeping for 57 seconds...
[2024-12-30T20:27:24.320] [ERROR] CRAWLER - API rate limit exceeded for 'Search code': API rate limit exceeded for user ID 60600792. If you reach out to GitHub Support for help, please include the request ID FE5F:22D78C:93A28:124ACA:6773487C and timestamp 2024-12-31 01:27:24 UTC. - https://docs.github.com/rest/overview/rate-limits-for-the-rest-api. Sleeping for 0 seconds...
[2024-12-30T20:27:24.548] [ERROR] CRAWLER - API rate limit exceeded for 'Search code': API rate limit exceeded for user ID 60600792. If you reach out to GitHub Support for help, please include the request ID FE5F:22D78C:93AB6:124BF8:6773487C and timestamp 2024-12-31 01:27:24 UTC. - https://docs.github.com/rest/overview/rate-limits-for-the-rest-api. Sleeping for 0 seconds...
[2024-12-30T20:27:24.765] [ERROR] CRAWLER - API rate limit exceeded for 'Search code': API rate limit exceeded for user ID 60600792. If you reach out to GitHub Support for help, please include the request ID FE5F:22D78C:93B67:124D6C:6773487C and timestamp 2024-12-31 01:27:24 UTC. - https://docs.github.com/rest/overview/rate-limits-for-the-rest-api. Sleeping for 0 seconds...
[2024-12-30T20:27:24.983] [ERROR] CRAWLER - API rate limit exceeded for 'Search code': API rate limit exceeded for user ID 60600792. If you reach out to GitHub Support for help, please include the request ID FE5F:22D78C:93BE9:124E53:6773487C and timestamp 2024-12-31 01:27:24 UTC. - https://docs.github.com/rest/overview/rate-limits-for-the-rest-api. Sleeping for 0 seconds...
[2024-12-30T20:27:25.215] [INFO] CRAWLER - Repository theja-m/Data-Structures-and-Algorithms does not contain 'glom.assign('.
[2024-12-30T20:27:25.467] [INFO] CRAWLER - Repository CLUEbenchmark/CLUENER2020 does not contain 'glom.assign('.
[2024-12-30T20:27:25.712] [INFO] CRAWLER - Repository alexmojaki/futurecoder does not contain 'glom.assign('.
[2024-12-30T20:27:26.004] [INFO] CRAWLER - Repository robocorp/rpaframework does not contain 'glom.assign('.
[2024-12-30T20:27:26.289] [INFO] CRAWLER - Repository facebookresearch/meshrcnn does not contain 'glom.assign('.
[2024-12-30T20:27:26.563] [INFO] CRAWLER - Repository uber/fiber does not contain 'glom.assign('.
[2024-12-30T20:27:26.799] [INFO] CRAWLER - Repository cyberjunky/python-garminconnect does not contain 'glom.assign('.
[2024-12-30T20:27:27.069] [INFO] CRAWLER - Repository broken5/WebAliveScan does not contain 'glom.assign('.
[2024-12-30T20:27:27.376] [INFO] CRAWLER - Repository GoogleCloudPlatform/functions-framework-python does not contain 'glom.assign('.
[2024-12-30T20:27:27.602] [ERROR] CRAWLER - API rate limit exceeded for 'Search code': API rate limit exceeded for user ID 60600792. If you reach out to GitHub Support for help, please include the request ID FE5F:22D78C:94243:125B38:6773487F and timestamp 2024-12-31 01:27:27 UTC. - https://docs.github.com/rest/overview/rate-limits-for-the-rest-api. Sleeping for 58 seconds...
[2024-12-30T20:28:26.625] [INFO] CRAWLER - Repository braindecode/braindecode does not contain 'glom.assign('.
[2024-12-30T20:28:26.875] [INFO] CRAWLER - Repository netenglabs/suzieq does not contain 'glom.assign('.
[2024-12-30T20:28:27.151] [INFO] CRAWLER - Repository JsBergbau/MiTemperature2 does not contain 'glom.assign('.
[2024-12-30T20:28:27.368] [INFO] CRAWLER - Repository guoshnBJTU/ASTGCN-2019-pytorch does not contain 'glom.assign('.
[2024-12-30T20:28:27.670] [INFO] CRAWLER - Repository Netflix-Skunkworks/riskquant does not contain 'glom.assign('.
[2024-12-30T20:28:27.959] [INFO] CRAWLER - Repository malllabiisc/CompGCN does not contain 'glom.assign('.
[2024-12-30T20:28:28.205] [INFO] CRAWLER - Repository Rudrabha/LipGAN does not contain 'glom.assign('.
[2024-12-30T20:28:28.474] [INFO] CRAWLER - Repository statsbomb/statsbombpy does not contain 'glom.assign('.
[2024-12-30T20:28:28.694] [INFO] CRAWLER - Repository AvinashReddy3108/YetAnotherSMSBomber does not contain 'glom.assign('.
[2024-12-30T20:28:28.947] [ERROR] CRAWLER - API rate limit exceeded for 'Search code': API rate limit exceeded for user ID 60600792. If you reach out to GitHub Support for help, please include the request ID C1B4:12B988:8F1E9:11AB25:677348BC and timestamp 2024-12-31 01:28:28 UTC. - https://docs.github.com/rest/overview/rate-limits-for-the-rest-api. Sleeping for 58 seconds...
[2024-12-30T20:29:27.272] [INFO] CRAWLER - Repository ScalaConsultants/Aspect-Based-Sentiment-Analysis does not contain 'glom.assign('.
[2024-12-30T20:29:27.510] [INFO] CRAWLER - Repository ceuk/spotui does not contain 'glom.assign('.
[2024-12-30T20:29:27.774] [INFO] CRAWLER - Repository wmuron/motpy does not contain 'glom.assign('.
[2024-12-30T20:29:28.082] [INFO] CRAWLER - Repository taichi-dev/taichi_elements does not contain 'glom.assign('.
[2024-12-30T20:29:28.347] [INFO] CRAWLER - Repository qianxiao996/CTF-Tools does not contain 'glom.assign('.
[2024-12-30T20:29:28.574] [INFO] CRAWLER - Repository nnsee/fileless-elf-exec does not contain 'glom.assign('.
[2024-12-30T20:29:28.799] [INFO] CRAWLER - Repository saeed349/Microservices-Based-Algorithmic-Trading-System does not contain 'glom.assign('.
[2024-12-30T20:29:29.042] [INFO] CRAWLER - Repository yxgeee/MMT does not contain 'glom.assign('.
[2024-12-30T20:29:29.314] [INFO] CRAWLER - Repository MilesCranmer/lagrangian_nns does not contain 'glom.assign('.
[2024-12-30T20:29:29.544] [ERROR] CRAWLER - API rate limit exceeded for 'Search code': API rate limit exceeded for user ID 60600792. If you reach out to GitHub Support for help, please include the request ID C42E:173E01:2B51CB9:566E659:677348F9 and timestamp 2024-12-31 01:29:29 UTC. - https://docs.github.com/rest/overview/rate-limits-for-the-rest-api. Sleeping for 58 seconds...
[2024-12-30T20:30:27.794] [ERROR] CRAWLER - API rate limit exceeded for 'Search code': API rate limit exceeded for user ID 60600792. If you reach out to GitHub Support for help, please include the request ID C66B:1312DD:2DEE0F9:5B9F895:67734933 and timestamp 2024-12-31 01:30:27 UTC. - https://docs.github.com/rest/overview/rate-limits-for-the-rest-api. Sleeping for 0 seconds...
[2024-12-30T20:30:27.992] [ERROR] CRAWLER - API rate limit exceeded for 'Search code': API rate limit exceeded for user ID 60600792. If you reach out to GitHub Support for help, please include the request ID C66B:1312DD:2DEE1A0:5B9F9D8:67734933 and timestamp 2024-12-31 01:30:27 UTC. - https://docs.github.com/rest/overview/rate-limits-for-the-rest-api. Sleeping for 0 seconds...
[2024-12-30T20:30:28.239] [INFO] CRAWLER - Repository irfanICMLL/CoupleGenerator does not contain 'glom.assign('.
[2024-12-30T20:30:28.506] [INFO] CRAWLER - Repository shenweichen/coding_interviews does not contain 'glom.assign('.
[2024-12-30T20:30:28.750] [INFO] CRAWLER - Repository vas3k/infomate.club does not contain 'glom.assign('.
[2024-12-30T20:30:29.006] [INFO] CRAWLER - Repository neulab/nn4nlp-concepts does not contain 'glom.assign('.
[2024-12-30T20:30:29.212] [INFO] CRAWLER - Repository kovinevmv/getcontact does not contain 'glom.assign('.
[2024-12-30T20:30:29.467] [INFO] CRAWLER - Repository xmm7360/xmm7360-pci does not contain 'glom.assign('.
[2024-12-30T20:30:29.680] [INFO] CRAWLER - Repository AaronJny/DeepLearningExamples does not contain 'glom.assign('.
[2024-12-30T20:30:29.915] [INFO] CRAWLER - Repository cynricfu/MAGNN does not contain 'glom.assign('.
[2024-12-30T20:30:30.145] [INFO] CRAWLER - Repository pnxenopoulos/awpy does not contain 'glom.assign('.
[2024-12-30T20:30:30.370] [ERROR] CRAWLER - API rate limit exceeded for 'Search code': API rate limit exceeded for user ID 60600792. If you reach out to GitHub Support for help, please include the request ID C66B:1312DD:2DEE8BD:5BA0810:67734936 and timestamp 2024-12-31 01:30:30 UTC. - https://docs.github.com/rest/overview/rate-limits-for-the-rest-api. Sleeping for 58 seconds...
[2024-12-30T20:31:28.629] [ERROR] CRAWLER - API rate limit exceeded for 'Search code': API rate limit exceeded for user ID 60600792. If you reach out to GitHub Support for help, please include the request ID C89F:3D7C29:2C1A340:57E5689:67734970 and timestamp 2024-12-31 01:31:28 UTC. - https://docs.github.com/rest/overview/rate-limits-for-the-rest-api. Sleeping for 0 seconds...
[2024-12-30T20:31:28.853] [ERROR] CRAWLER - API rate limit exceeded for 'Search code': API rate limit exceeded for user ID 60600792. If you reach out to GitHub Support for help, please include the request ID C89F:3D7C29:2C1A3FD:57E57D7:67734970 and timestamp 2024-12-31 01:31:28 UTC. - https://docs.github.com/rest/overview/rate-limits-for-the-rest-api. Sleeping for 0 seconds...
[2024-12-30T20:31:29.132] [INFO] CRAWLER - Repository chemosim-lab/ProLIF does not contain 'glom.assign('.
[2024-12-30T20:31:29.394] [INFO] CRAWLER - Repository bauerji/flask-pydantic does not contain 'glom.assign('.
[2024-12-30T20:31:29.641] [INFO] CRAWLER - Repository Bergvca/string_grouper does not contain 'glom.assign('.
[2024-12-30T20:31:29.922] [INFO] CRAWLER - Repository Davidham3/STSGCN does not contain 'glom.assign('.
[2024-12-30T20:31:30.234] [INFO] CRAWLER - Repository neuraloperator/graph-pde does not contain 'glom.assign('.
[2024-12-30T20:31:30.541] [INFO] CRAWLER - Repository facebookresearch/CPC_audio does not contain 'glom.assign('.
[2024-12-30T20:31:30.884] [INFO] CRAWLER - Repository samuelcolvin/rtoml does not contain 'glom.assign('.
[2024-12-30T20:31:31.162] [INFO] CRAWLER - Repository justinpinkney/awesome-pretrained-stylegan does not contain 'glom.assign('.
[2024-12-30T20:31:31.426] [INFO] CRAWLER - Repository conda/grayskull does not contain 'glom.assign('.
[2024-12-30T20:31:31.615] [ERROR] CRAWLER - API rate limit exceeded for 'Search code': API rate limit exceeded for user ID 60600792. If you reach out to GitHub Support for help, please include the request ID C89F:3D7C29:2C1AC87:57E68D4:67734973 and timestamp 2024-12-31 01:31:31 UTC. - https://docs.github.com/rest/overview/rate-limits-for-the-rest-api. Sleeping for 58 seconds...
[2024-12-30T20:32:30.225] [INFO] CRAWLER - Repository rrwick/Trycycler does not contain 'glom.assign('.
[2024-12-30T20:32:30.525] [INFO] CRAWLER - Repository quintoandar/butterfree does not contain 'glom.assign('.
[2024-12-30T20:32:30.800] [INFO] CRAWLER - Repository Lyrebirds/cable-haunt-vulnerability-test does not contain 'glom.assign('.
[2024-12-30T20:32:31.050] [INFO] CRAWLER - Repository AdneneBoumessouer/MVTec-Anomaly-Detection does not contain 'glom.assign('.
[2024-12-30T20:32:31.283] [INFO] CRAWLER - Repository igo95862/bubblejail does not contain 'glom.assign('.
[2024-12-30T20:32:31.523] [INFO] CRAWLER - Repository zlai0/MAST does not contain 'glom.assign('.
[2024-12-30T20:32:31.783] [INFO] CRAWLER - Repository CBJerry993/TT_Fund does not contain 'glom.assign('.
[2024-12-30T20:32:32.073] [INFO] CRAWLER - Repository vishaalagartha/basketball_reference_scraper does not contain 'glom.assign('.
[2024-12-30T20:32:32.342] [INFO] CRAWLER - Repository databand-ai/dbnd does not contain 'glom.assign('.
[2024-12-30T20:32:32.580] [ERROR] CRAWLER - API rate limit exceeded for 'Search code': API rate limit exceeded for user ID 60600792. If you reach out to GitHub Support for help, please include the request ID CD64:1A946D:2C41318:583267A:677349B0 and timestamp 2024-12-31 01:32:32 UTC. - https://docs.github.com/rest/overview/rate-limits-for-the-rest-api. Sleeping for 58 seconds...
[2024-12-30T20:33:30.803] [ERROR] CRAWLER - API rate limit exceeded for 'Search code': API rate limit exceeded for user ID 60600792. If you reach out to GitHub Support for help, please include the request ID D08A:1B4E42:12B0D271:2541EE5E:677349EA and timestamp 2024-12-31 01:33:30 UTC. - https://docs.github.com/rest/overview/rate-limits-for-the-rest-api. Sleeping for 0 seconds...
[2024-12-30T20:33:31.097] [INFO] CRAWLER - Repository seclab-ucr/SymTCP does not contain 'glom.assign('.
[2024-12-30T20:33:31.338] [INFO] CRAWLER - Repository app-generator/django-material-dashboard does not contain 'glom.assign('.
[2024-12-30T20:33:31.561] [INFO] CRAWLER - Repository Erimus-Koo/.homeassistant does not contain 'glom.assign('.
[2024-12-30T20:33:31.814] [INFO] CRAWLER - Repository GalaxyLearning/GFL does not contain 'glom.assign('.
[2024-12-30T20:33:32.097] [INFO] CRAWLER - Repository linaro-its/aws2-wrap does not contain 'glom.assign('.
[2024-12-30T20:33:32.415] [INFO] CRAWLER - Repository hualuoo/dormitory_menage_system does not contain 'glom.assign('.
[2024-12-30T20:33:32.655] [INFO] CRAWLER - Repository Rapptz/discord-ext-menus does not contain 'glom.assign('.
[2024-12-30T20:33:32.897] [INFO] CRAWLER - Repository bubbliiiing/GAN-keras does not contain 'glom.assign('.
[2024-12-30T20:33:33.121] [INFO] CRAWLER - Repository avibrazil/iOSbackup does not contain 'glom.assign('.
[2024-12-30T20:33:33.344] [ERROR] CRAWLER - API rate limit exceeded for 'Search code': API rate limit exceeded for user ID 60600792. If you reach out to GitHub Support for help, please include the request ID D08A:1B4E42:12B0D990:2541FC72:677349ED and timestamp 2024-12-31 01:33:33 UTC. - https://docs.github.com/rest/overview/rate-limits-for-the-rest-api. Sleeping for 58 seconds...
[2024-12-30T20:34:31.616] [ERROR] CRAWLER - API rate limit exceeded for 'Search code': API rate limit exceeded for user ID 60600792. If you reach out to GitHub Support for help, please include the request ID D345:3764C2:DEAF5:1B9E0C:67734A27 and timestamp 2024-12-31 01:34:31 UTC. - https://docs.github.com/rest/overview/rate-limits-for-the-rest-api. Sleeping for 0 seconds...
[2024-12-30T20:34:31.831] [ERROR] CRAWLER - API rate limit exceeded for 'Search code': API rate limit exceeded for user ID 60600792. If you reach out to GitHub Support for help, please include the request ID D345:3764C2:DEB69:1B9EF1:67734A27 and timestamp 2024-12-31 01:34:31 UTC. - https://docs.github.com/rest/overview/rate-limits-for-the-rest-api. Sleeping for 0 seconds...
[2024-12-30T20:34:32.104] [INFO] CRAWLER - Repository scverse/scirpy does not contain 'glom.assign('.
[2024-12-30T20:34:32.351] [INFO] CRAWLER - Repository yan4ikyt/webhack does not contain 'glom.assign('.
[2024-12-30T20:34:32.626] [INFO] CRAWLER - Repository zlthinker/KFNet does not contain 'glom.assign('.
[2024-12-30T20:34:32.865] [INFO] CRAWLER - Repository diegoavillegasg/IMU-GNSS-Lidar-sensor-fusion-using-Extended-Kalman-Filter-for-State-Estimation does not contain 'glom.assign('.
[2024-12-30T20:34:33.117] [INFO] CRAWLER - Repository EYHN/telegram-search does not contain 'glom.assign('.
[2024-12-30T20:34:33.375] [INFO] CRAWLER - Repository jonathanTIE/googledrive-copy-downloader does not contain 'glom.assign('.
[2024-12-30T20:34:33.622] [INFO] CRAWLER - Repository jhultman/vision3d does not contain 'glom.assign('.
[2024-12-30T20:34:33.893] [INFO] CRAWLER - Repository pecu/FinancialVision does not contain 'glom.assign('.
[2024-12-30T20:34:34.227] [INFO] CRAWLER - Repository abhishekkrthakur/mlframework does not contain 'glom.assign('.
[2024-12-30T20:34:34.447] [ERROR] CRAWLER - API rate limit exceeded for 'Search code': API rate limit exceeded for user ID 60600792. If you reach out to GitHub Support for help, please include the request ID D345:3764C2:DF186:1BAB2A:67734A2A and timestamp 2024-12-31 01:34:34 UTC. - https://docs.github.com/rest/overview/rate-limits-for-the-rest-api. Sleeping for 58 seconds...
[2024-12-30T20:35:32.690] [ERROR] CRAWLER - API rate limit exceeded for 'Search code': API rate limit exceeded for user ID 60600792. If you reach out to GitHub Support for help, please include the request ID D644:12BFA3:C4306:184CD9:67734A64 and timestamp 2024-12-31 01:35:32 UTC. - https://docs.github.com/rest/overview/rate-limits-for-the-rest-api. Sleeping for 0 seconds...
[2024-12-30T20:35:32.910] [ERROR] CRAWLER - API rate limit exceeded for 'Search code': API rate limit exceeded for user ID 60600792. If you reach out to GitHub Support for help, please include the request ID D644:12BFA3:C43A8:184E24:67734A64 and timestamp 2024-12-31 01:35:32 UTC. - https://docs.github.com/rest/overview/rate-limits-for-the-rest-api. Sleeping for 0 seconds...
[2024-12-30T20:35:33.155] [INFO] CRAWLER - Repository NicholasDawson/ArchiverForGooglePhotos does not contain 'glom.assign('.
[2024-12-30T20:35:33.434] [INFO] CRAWLER - Repository xxxzc/xps15-9570-macos does not contain 'glom.assign('.
[2024-12-30T20:35:33.687] [INFO] CRAWLER - Repository 3gstudent/pyKerbrute does not contain 'glom.assign('.
[2024-12-30T20:35:34.651] [INFO] CRAWLER - Repository momijiame/linux-tcpip-book does not contain 'glom.assign('.
[2024-12-30T20:35:34.934] [INFO] CRAWLER - Repository Python3Spiders/StockSpider does not contain 'glom.assign('.
[2024-12-30T20:35:35.207] [INFO] CRAWLER - Repository AI-secure/DBA does not contain 'glom.assign('.
[2024-12-30T20:35:35.459] [INFO] CRAWLER - Repository PacktPublishing/Odoo-14-Development-Cookbook-Fourth-Edition does not contain 'glom.assign('.
[2024-12-30T20:35:35.693] [INFO] CRAWLER - Repository geeeeeeeek/QuantStudy does not contain 'glom.assign('.
[2024-12-30T20:35:35.929] [INFO] CRAWLER - Repository tschamm/boschshc-hass does not contain 'glom.assign('.
[2024-12-30T20:35:36.134] [ERROR] CRAWLER - API rate limit exceeded for 'Search code': API rate limit exceeded for user ID 60600792. If you reach out to GitHub Support for help, please include the request ID D644:12BFA3:C4CFE:185F5B:67734A68 and timestamp 2024-12-31 01:35:36 UTC. - https://docs.github.com/rest/overview/rate-limits-for-the-rest-api. Sleeping for 57 seconds...
[2024-12-30T20:36:34.186] [INFO] CRAWLER - Repository arashwan/matrixnet does not contain 'glom.assign('.
[2024-12-30T20:36:34.403] [INFO] CRAWLER - Repository jviquerat/lbm does not contain 'glom.assign('.
[2024-12-30T20:36:34.632] [INFO] CRAWLER - Repository adriansahlman/stylegan2_pytorch does not contain 'glom.assign('.
[2024-12-30T20:36:34.874] [INFO] CRAWLER - Repository wanxinjin/Pontryagin-Differentiable-Programming does not contain 'glom.assign('.
[2024-12-30T20:36:35.143] [INFO] CRAWLER - Repository dlint-py/dlint does not contain 'glom.assign('.
[2024-12-30T20:36:35.428] [INFO] CRAWLER - Repository S1M0N38/soccerapi does not contain 'glom.assign('.
[2024-12-30T20:36:35.669] [INFO] CRAWLER - Repository PaperMtn/lil-pwny does not contain 'glom.assign('.
[2024-12-30T20:36:35.927] [INFO] CRAWLER - Repository xuannianz/DifferentiableBinarization does not contain 'glom.assign('.
[2024-12-30T20:36:36.144] [INFO] CRAWLER - Repository quakkels/rssdiscoveryengine does not contain 'glom.assign('.
[2024-12-30T20:36:36.355] [ERROR] CRAWLER - API rate limit exceeded for 'Search code': API rate limit exceeded for user ID 60600792. If you reach out to GitHub Support for help, please include the request ID D8F3:2D2C67:11601E:227D97:67734AA4 and timestamp 2024-12-31 01:36:36 UTC. - https://docs.github.com/rest/overview/rate-limits-for-the-rest-api. Sleeping for 58 seconds...
[2024-12-30T20:37:34.596] [ERROR] CRAWLER - API rate limit exceeded for 'Search code': API rate limit exceeded for user ID 60600792. If you reach out to GitHub Support for help, please include the request ID DCFC:13B62:10DA7B:218490:67734ADE and timestamp 2024-12-31 01:37:34 UTC. - https://docs.github.com/rest/overview/rate-limits-for-the-rest-api. Sleeping for 0 seconds...
[2024-12-30T20:37:34.833] [ERROR] CRAWLER - API rate limit exceeded for 'Search code': API rate limit exceeded for user ID 60600792. If you reach out to GitHub Support for help, please include the request ID DCFC:13B62:10DB16:2185C0:67734ADE and timestamp 2024-12-31 01:37:34 UTC. - https://docs.github.com/rest/overview/rate-limits-for-the-rest-api. Sleeping for 0 seconds...
[2024-12-30T20:37:35.107] [INFO] CRAWLER - Repository adobe/Deep-Audio-Prior does not contain 'glom.assign('.
[2024-12-30T20:37:35.107] [INFO] CRAWLER - [+] Filtered 0/100 results using filterHasGlomAssign
[2024-12-30T20:37:35.107] [INFO] CRAWLER - [+] Found 0/100 results for "created:2020-01-01..2020-01-08 language:Python stars:>100" on page 1.
[2024-12-30T20:37:46.508] [INFO] CRAWLER - Repository kilacoda/chanim does not contain 'glom.assign('.
[2024-12-30T20:37:46.741] [INFO] CRAWLER - Repository TrevisanGMW/gt-tools does not contain 'glom.assign('.
[2024-12-30T20:37:46.998] [INFO] CRAWLER - Repository ambionics/mt_rand-reverse does not contain 'glom.assign('.
[2024-12-30T20:37:47.245] [INFO] CRAWLER - Repository filchy/slam-python does not contain 'glom.assign('.
[2024-12-30T20:37:47.496] [INFO] CRAWLER - Repository kying18/hangman does not contain 'glom.assign('.
[2024-12-30T20:37:47.774] [INFO] CRAWLER - Repository app-generator/django-argon-dashboard does not contain 'glom.assign('.
[2024-12-30T20:37:48.060] [INFO] CRAWLER - Repository getredash/redash-toolbelt does not contain 'glom.assign('.
[2024-12-30T20:37:48.335] [INFO] CRAWLER - Repository areyou1or0/Exploit-Dev does not contain 'glom.assign('.
[2024-12-30T20:37:48.535] [ERROR] CRAWLER - API rate limit exceeded for 'Search code': API rate limit exceeded for user ID 60600792. If you reach out to GitHub Support for help, please include the request ID DCFC:13B62:10FBDD:21C780:67734AEC and timestamp 2024-12-31 01:37:48 UTC. - https://docs.github.com/rest/overview/rate-limits-for-the-rest-api. Sleeping for 47 seconds...
[2024-12-30T20:38:35.790] [ERROR] CRAWLER - API rate limit exceeded for 'Search code': API rate limit exceeded for user ID 60600792. If you reach out to GitHub Support for help, please include the request ID DFA5:12EAD4:F59386:1E9DF23:67734B1B and timestamp 2024-12-31 01:38:35 UTC. - https://docs.github.com/rest/overview/rate-limits-for-the-rest-api. Sleeping for 0 seconds...
[2024-12-30T20:38:36.143] [INFO] CRAWLER - Repository devopsspiral/KubeLibrary does not contain 'glom.assign('.
[2024-12-30T20:38:36.376] [INFO] CRAWLER - Repository BADBADBADBOY/pytorch.ctpn does not contain 'glom.assign('.
[2024-12-30T20:38:36.628] [INFO] CRAWLER - Repository Viralmaniar/XposedOrNot does not contain 'glom.assign('.
[2024-12-30T20:38:36.876] [INFO] CRAWLER - Repository OrangeySeven/RedbookSpider does not contain 'glom.assign('.
[2024-12-30T20:38:37.167] [INFO] CRAWLER - Repository GoekeLab/xpore does not contain 'glom.assign('.
[2024-12-30T20:38:37.434] [INFO] CRAWLER - Repository ika-rwth-aachen/drone-dataset-tools does not contain 'glom.assign('.
[2024-12-30T20:38:37.696] [INFO] CRAWLER - Repository HKBU-HPML/FADNet does not contain 'glom.assign('.
[2024-12-30T20:38:37.926] [INFO] CRAWLER - Repository easyQuant/real_trader does not contain 'glom.assign('.
[2024-12-30T20:38:38.203] [INFO] CRAWLER - Repository maybites/NodeOSC does not contain 'glom.assign('.
[2024-12-30T20:38:38.421] [ERROR] CRAWLER - API rate limit exceeded for 'Search code': API rate limit exceeded for user ID 60600792. If you reach out to GitHub Support for help, please include the request ID DFA5:12EAD4:F59AB2:1E9ED6A:67734B1E and timestamp 2024-12-31 01:38:38 UTC. - https://docs.github.com/rest/overview/rate-limits-for-the-rest-api. Sleeping for 58 seconds...
[2024-12-30T20:39:36.760] [ERROR] CRAWLER - API rate limit exceeded for 'Search code': API rate limit exceeded for user ID 60600792. If you reach out to GitHub Support for help, please include the request ID E272:1A0BF1:6C47E05:D893935:67734B58 and timestamp 2024-12-31 01:39:36 UTC. - https://docs.github.com/rest/overview/rate-limits-for-the-rest-api. Sleeping for 0 seconds...
[2024-12-30T20:39:36.975] [ERROR] CRAWLER - API rate limit exceeded for 'Search code': API rate limit exceeded for user ID 60600792. If you reach out to GitHub Support for help, please include the request ID E272:1A0BF1:6C47E95:D893A70:67734B58 and timestamp 2024-12-31 01:39:36 UTC. - https://docs.github.com/rest/overview/rate-limits-for-the-rest-api. Sleeping for 0 seconds...
[2024-12-30T20:39:37.241] [INFO] CRAWLER - Repository bckim92/sequential-knowledge-transformer does not contain 'glom.assign('.
[2024-12-30T20:39:37.490] [INFO] CRAWLER - Repository JordyAlkema/Youtube-DL-Agent.bundle does not contain 'glom.assign('.
[2024-12-30T20:39:37.746] [INFO] CRAWLER - Repository t0thkr1s/gtfo does not contain 'glom.assign('.
[2024-12-30T20:39:37.991] [INFO] CRAWLER - Repository thehapyone/NanoCamera does not contain 'glom.assign('.
[2024-12-30T20:39:38.248] [INFO] CRAWLER - Repository avrae/d20 does not contain 'glom.assign('.
[2024-12-30T20:39:38.479] [INFO] CRAWLER - Repository pvxe/nftables-geoip does not contain 'glom.assign('.
[2024-12-30T20:39:38.735] [INFO] CRAWLER - Repository free5gmano/free5gmano does not contain 'glom.assign('.
[2024-12-30T20:39:38.994] [INFO] CRAWLER - Repository SimoneRichetti/VRPTW-Column-Generation does not contain 'glom.assign('.
[2024-12-30T20:39:39.248] [INFO] CRAWLER - Repository h1code2/douyin_search does not contain 'glom.assign('.
[2024-12-30T20:39:39.447] [ERROR] CRAWLER - API rate limit exceeded for 'Search code': API rate limit exceeded for user ID 60600792. If you reach out to GitHub Support for help, please include the request ID E272:1A0BF1:6C48556:D8947F6:67734B5B and timestamp 2024-12-31 01:39:39 UTC. - https://docs.github.com/rest/overview/rate-limits-for-the-rest-api. Sleeping for 58 seconds...
[2024-12-30T20:40:37.705] [ERROR] CRAWLER - API rate limit exceeded for 'Search code': API rate limit exceeded for user ID 60600792. If you reach out to GitHub Support for help, please include the request ID E5EC:B6BA1:7296389:E4BBF90:67734B95 and timestamp 2024-12-31 01:40:37 UTC. - https://docs.github.com/rest/overview/rate-limits-for-the-rest-api. Sleeping for 0 seconds...
[2024-12-30T20:40:37.915] [ERROR] CRAWLER - API rate limit exceeded for 'Search code': API rate limit exceeded for user ID 60600792. If you reach out to GitHub Support for help, please include the request ID E5EC:B6BA1:729640D:E4BC091:67734B95 and timestamp 2024-12-31 01:40:37 UTC. - https://docs.github.com/rest/overview/rate-limits-for-the-rest-api. Sleeping for 0 seconds...
[2024-12-30T20:40:38.194] [INFO] CRAWLER - Repository nitobuendia/oura-custom-component does not contain 'glom.assign('.
[2024-12-30T20:40:38.457] [INFO] CRAWLER - Repository fedora-infra/noggin does not contain 'glom.assign('.
[2024-12-30T20:40:38.680] [INFO] CRAWLER - Repository GoodiesHQ/noknow-python does not contain 'glom.assign('.
[2024-12-30T20:40:38.938] [INFO] CRAWLER - Repository ddxtanx/GoveeAPI does not contain 'glom.assign('.
[2024-12-30T20:40:39.297] [INFO] CRAWLER - Repository nwg-piotr/sgtk-menu does not contain 'glom.assign('.
[2024-12-30T20:40:39.534] [INFO] CRAWLER - Repository dubs3c/Injectus does not contain 'glom.assign('.
[2024-12-30T20:40:39.815] [INFO] CRAWLER - Repository datagym-ru/retailhero-recomender-baseline does not contain 'glom.assign('.
[2024-12-30T20:40:40.109] [INFO] CRAWLER - Repository diffqc/dqc does not contain 'glom.assign('.
[2024-12-30T20:40:40.378] [INFO] CRAWLER - Repository tatigabru/kaggle-rsna does not contain 'glom.assign('.
[2024-12-30T20:40:40.601] [ERROR] CRAWLER - API rate limit exceeded for 'Search code': API rate limit exceeded for user ID 60600792. If you reach out to GitHub Support for help, please include the request ID E5EC:B6BA1:7296A75:E4BCD53:67734B98 and timestamp 2024-12-31 01:40:40 UTC. - https://docs.github.com/rest/overview/rate-limits-for-the-rest-api. Sleeping for 58 seconds...
[2024-12-30T20:41:38.903] [ERROR] CRAWLER - API rate limit exceeded for 'Search code': API rate limit exceeded for user ID 60600792. If you reach out to GitHub Support for help, please include the request ID E931:9244D:7029B95:DFF1B42:67734BD2 and timestamp 2024-12-31 01:41:38 UTC. - https://docs.github.com/rest/overview/rate-limits-for-the-rest-api. Sleeping for 0 seconds...
[2024-12-30T20:41:39.178] [INFO] CRAWLER - Repository BattlesnakeOfficial/starter-snake-python does not contain 'glom.assign('.
[2024-12-30T20:41:39.453] [INFO] CRAWLER - Repository biobakery/biobakery_workflows does not contain 'glom.assign('.
[2024-12-30T20:41:39.721] [INFO] CRAWLER - Repository albanie/slurm_gpustat does not contain 'glom.assign('.
[2024-12-30T20:41:39.993] [INFO] CRAWLER - Repository aspuru-guzik-group/GA does not contain 'glom.assign('.
[2024-12-30T20:41:40.245] [INFO] CRAWLER - Repository moono/stylegan2-tf-2.x does not contain 'glom.assign('.
[2024-12-30T20:41:40.476] [INFO] CRAWLER - Repository ludlows/CSI-Activity-Recognition does not contain 'glom.assign('.
[2024-12-30T20:41:40.737] [INFO] CRAWLER - Repository nerk987/txa_ant does not contain 'glom.assign('.
[2024-12-30T20:41:40.991] [INFO] CRAWLER - Repository Ethck/Path-of-Accounting does not contain 'glom.assign('.
[2024-12-30T20:41:41.250] [INFO] CRAWLER - Repository wilmardo/migrate-plex-to-jellyfin does not contain 'glom.assign('.
[2024-12-30T20:41:41.250] [INFO] CRAWLER - [+] Filtered 0/44 results using filterHasGlomAssign
[2024-12-30T20:41:41.250] [INFO] CRAWLER - [+] Found 0/44 results for "created:2020-01-01..2020-01-08 language:Python stars:>100" on page 2.
[2024-12-30T20:41:41.253] [INFO] CRAWLER - [+] Saved 0 repositories so far.
[2024-12-30T20:41:41.254] [INFO] CRAWLER - [+] Searching for repositories created between 2020-01-08 and 2020-01-15
[2024-12-30T20:41:53.728] [ERROR] CRAWLER - API rate limit exceeded for 'Search code': API rate limit exceeded for user ID 60600792. If you reach out to GitHub Support for help, please include the request ID E931:9244D:702C05B:DFF6472:67734BE1 and timestamp 2024-12-31 01:41:53 UTC. - https://docs.github.com/rest/overview/rate-limits-for-the-rest-api. Sleeping for 46 seconds...
[2024-12-30T20:42:39.989] [ERROR] CRAWLER - API rate limit exceeded for 'Search code': API rate limit exceeded for user ID 60600792. If you reach out to GitHub Support for help, please include the request ID ECF5:24A0DD:67E7B97:CF1DC10:67734C0F and timestamp 2024-12-31 01:42:39 UTC. - https://docs.github.com/rest/overview/rate-limits-for-the-rest-api. Sleeping for 0 seconds...
[2024-12-30T20:42:40.263] [INFO] CRAWLER - Repository AntixK/PyTorch-VAE does not contain 'glom.assign('.
[2024-12-30T20:42:40.503] [INFO] CRAWLER - Repository lux-org/lux does not contain 'glom.assign('.
[2024-12-30T20:42:40.750] [INFO] CRAWLER - Repository lucidrains/stylegan2-pytorch does not contain 'glom.assign('.
[2024-12-30T20:42:41.029] [INFO] CRAWLER - Repository magenta/ddsp does not contain 'glom.assign('.
[2024-12-30T20:42:41.310] [INFO] CRAWLER - Repository python-restx/flask-restx does not contain 'glom.assign('.
[2024-12-30T20:42:41.550] [INFO] CRAWLER - Repository lucidrains/reformer-pytorch does not contain 'glom.assign('.
[2024-12-30T20:42:41.810] [INFO] CRAWLER - Repository 0xn0ne/weblogicScanner does not contain 'glom.assign('.
[2024-12-30T20:42:42.344] [INFO] CRAWLER - Repository microsoft/debugpy does not contain 'glom.assign('.
[2024-12-30T20:42:42.583] [INFO] CRAWLER - Repository ysyisyourbrother/SYSU_Notebook does not contain 'glom.assign('.
[2024-12-30T20:42:42.794] [ERROR] CRAWLER - API rate limit exceeded for 'Search code': API rate limit exceeded for user ID 60600792. If you reach out to GitHub Support for help, please include the request ID ECF5:24A0DD:67E8317:CF1EAE9:67734C12 and timestamp 2024-12-31 01:42:42 UTC. - https://docs.github.com/rest/overview/rate-limits-for-the-rest-api. Sleeping for 58 seconds...
[2024-12-30T20:43:41.092] [INFO] CRAWLER - Repository jellyfin/jellyfin-mpv-shim does not contain 'glom.assign('.
[2024-12-30T20:43:41.346] [INFO] CRAWLER - Repository fedden/poker_ai does not contain 'glom.assign('.
[2024-12-30T20:43:41.596] [INFO] CRAWLER - Repository xdavidhu/awesome-google-vrp-writeups does not contain 'glom.assign('.
[2024-12-30T20:43:41.882] [INFO] CRAWLER - Repository ipyflow/ipyflow does not contain 'glom.assign('.
[2024-12-30T20:43:42.274] [INFO] CRAWLER - Repository microsoft/DNS-Challenge does not contain 'glom.assign('.
[2024-12-30T20:43:42.551] [INFO] CRAWLER - Repository mylar3/mylar3 does not contain 'glom.assign('.
[2024-12-30T20:43:42.884] [INFO] CRAWLER - Repository CCExtractor/vardbg does not contain 'glom.assign('.
[2024-12-30T20:43:43.173] [INFO] CRAWLER - Repository curvefi/curve-contract does not contain 'glom.assign('.
[2024-12-30T20:43:43.395] [INFO] CRAWLER - Repository ozguralp/gmapsapiscanner does not contain 'glom.assign('.
[2024-12-30T20:43:43.594] [ERROR] CRAWLER - API rate limit exceeded for 'Search code': API rate limit exceeded for user ID 60600792. If you reach out to GitHub Support for help, please include the request ID EE85:20EF74:6465586:C86ABA1:67734C4F and timestamp 2024-12-31 01:43:43 UTC. - https://docs.github.com/rest/overview/rate-limits-for-the-rest-api. Sleeping for 58 seconds...
[2024-12-30T20:44:41.871] [ERROR] CRAWLER - API rate limit exceeded for 'Search code': API rate limit exceeded for user ID 60600792. If you reach out to GitHub Support for help, please include the request ID EFAA:20DDB7:5E6ED57:BCEC668:67734C89 and timestamp 2024-12-31 01:44:41 UTC. - https://docs.github.com/rest/overview/rate-limits-for-the-rest-api. Sleeping for 0 seconds...
[2024-12-30T20:44:42.150] [INFO] CRAWLER - Repository dxli94/WLASL does not contain 'glom.assign('.
[2024-12-30T20:44:42.452] [INFO] CRAWLER - Repository wasp-os/wasp-os does not contain 'glom.assign('.
[2024-12-30T20:44:42.708] [INFO] CRAWLER - Repository neuralmind-ai/portuguese-bert does not contain 'glom.assign('.
[2024-12-30T20:44:42.982] [INFO] CRAWLER - Repository anthonynsimon/timeflake does not contain 'glom.assign('.
[2024-12-30T20:44:43.200] [INFO] CRAWLER - Repository yanglbme/geetest-crack does not contain 'glom.assign('.
[2024-12-30T20:44:43.464] [INFO] CRAWLER - Repository lzccccc/SMOKE does not contain 'glom.assign('.
[2024-12-30T20:44:43.733] [INFO] CRAWLER - Repository 0xb0bb/pwndra does not contain 'glom.assign('.
[2024-12-30T20:44:43.999] [INFO] CRAWLER - Repository aimclub/FEDOT does not contain 'glom.assign('.
[2024-12-30T20:44:44.271] [INFO] CRAWLER - Repository donalffons/opencascade.js does not contain 'glom.assign('.
[2024-12-30T20:44:44.506] [ERROR] CRAWLER - API rate limit exceeded for 'Search code': API rate limit exceeded for user ID 60600792. If you reach out to GitHub Support for help, please include the request ID EFAA:20DDB7:5E6F40D:BCED3E2:67734C8C and timestamp 2024-12-31 01:44:44 UTC. - https://docs.github.com/rest/overview/rate-limits-for-the-rest-api. Sleeping for 58 seconds...
[2024-12-30T20:45:42.742] [ERROR] CRAWLER - API rate limit exceeded for 'Search code': API rate limit exceeded for user ID 60600792. If you reach out to GitHub Support for help, please include the request ID F0BF:90D87:64B65E9:C967CEC:67734CC6 and timestamp 2024-12-31 01:45:42 UTC. - https://docs.github.com/rest/overview/rate-limits-for-the-rest-api. Sleeping for 0 seconds...
[2024-12-30T20:45:42.988] [ERROR] CRAWLER - API rate limit exceeded for 'Search code': API rate limit exceeded for user ID 60600792. If you reach out to GitHub Support for help, please include the request ID F0BF:90D87:64B6697:C967E2E:67734CC6 and timestamp 2024-12-31 01:45:42 UTC. - https://docs.github.com/rest/overview/rate-limits-for-the-rest-api. Sleeping for 0 seconds...
[2024-12-30T20:45:43.199] [INFO] CRAWLER - Repository yinboc/few-shot-meta-baseline does not contain 'glom.assign('.
[2024-12-30T20:45:43.548] [INFO] CRAWLER - Repository iterative/PyDrive2 does not contain 'glom.assign('.
[2024-12-30T20:45:43.793] [INFO] CRAWLER - Repository statsbomb/statsbombpy does not contain 'glom.assign('.
[2024-12-30T20:45:44.086] [INFO] CRAWLER - Repository trustedsec/cve-2019-19781 does not contain 'glom.assign('.
[2024-12-30T20:45:44.411] [INFO] CRAWLER - Repository AvinashReddy3108/YetAnotherSMSBomber does not contain 'glom.assign('.
[2024-12-30T20:45:44.726] [INFO] CRAWLER - Repository ScalaConsultants/Aspect-Based-Sentiment-Analysis does not contain 'glom.assign('.
[2024-12-30T20:45:44.950] [INFO] CRAWLER - Repository firmai/pandapy does not contain 'glom.assign('.
[2024-12-30T20:45:47.212] [INFO] CRAWLER - Repository neuml/codequestion does not contain 'glom.assign('.
[2024-12-30T20:45:47.480] [INFO] CRAWLER - Repository ceuk/spotui does not contain 'glom.assign('.
[2024-12-30T20:45:47.698] [ERROR] CRAWLER - API rate limit exceeded for 'Search code': API rate limit exceeded for user ID 60600792. If you reach out to GitHub Support for help, please include the request ID F0BF:90D87:64B7265:C9695DE:67734CCB and timestamp 2024-12-31 01:45:47 UTC. - https://docs.github.com/rest/overview/rate-limits-for-the-rest-api. Sleeping for 56 seconds...
[2024-12-30T20:46:44.337] [INFO] CRAWLER - Repository arthurhenrique/cookiecutter-fastapi does not contain 'glom.assign('.
[2024-12-30T20:46:44.625] [INFO] CRAWLER - Repository phamquiluan/ResidualMaskingNetwork does not contain 'glom.assign('.
[2024-12-30T20:46:44.881] [INFO] CRAWLER - Repository oschwengers/bakta does not contain 'glom.assign('.
[2024-12-30T20:46:45.130] [INFO] CRAWLER - Repository Banconxuan/RTM3D does not contain 'glom.assign('.
[2024-12-30T20:46:45.368] [INFO] CRAWLER - Repository kovinevmv/getcontact does not contain 'glom.assign('.
[2024-12-30T20:46:45.621] [INFO] CRAWLER - Repository testdrivenio/fastapi-crud-async does not contain 'glom.assign('.
[2024-12-30T20:46:46.012] [INFO] CRAWLER - Repository nytimes/rd-blender-docker does not contain 'glom.assign('.
[2024-12-30T20:46:46.271] [INFO] CRAWLER - Repository Picovoice/leopard does not contain 'glom.assign('.
[2024-12-30T20:46:46.544] [INFO] CRAWLER - Repository Sp00p64/DiscordRAT does not contain 'glom.assign('.
[2024-12-30T20:46:46.748] [ERROR] CRAWLER - API rate limit exceeded for 'Search code': API rate limit exceeded for user ID 60600792. If you reach out to GitHub Support for help, please include the request ID F1FD:12E6C2:6274A63:C4A1B0B:67734D06 and timestamp 2024-12-31 01:46:46 UTC. - https://docs.github.com/rest/overview/rate-limits-for-the-rest-api. Sleeping for 58 seconds...
[2024-12-30T20:47:45.016] [ERROR] CRAWLER - API rate limit exceeded for 'Search code': API rate limit exceeded for user ID 60600792. If you reach out to GitHub Support for help, please include the request ID F2FB:3F48CC:5D19E06:BA5A63F:67734D40 and timestamp 2024-12-31 01:47:45 UTC. - https://docs.github.com/rest/overview/rate-limits-for-the-rest-api. Sleeping for -1 seconds...
[2024-12-30T20:47:45.276] [INFO] CRAWLER - Repository stanleylsx/entity_extractor_by_ner does not contain 'glom.assign('.
[2024-12-30T20:47:45.550] [INFO] CRAWLER - Repository zgojcic/3D_multiview_reg does not contain 'glom.assign('.
[2024-12-30T20:47:45.808] [INFO] CRAWLER - Repository areed1192/interactive-broker-python-api does not contain 'glom.assign('.
[2024-12-30T20:47:46.065] [INFO] CRAWLER - Repository chemosim-lab/ProLIF does not contain 'glom.assign('.
[2024-12-30T20:47:46.339] [INFO] CRAWLER - Repository aws-solutions/aws-control-tower-customizations does not contain 'glom.assign('.
[2024-12-30T20:47:46.613] [INFO] CRAWLER - Repository ronaldoussoren/py2app does not contain 'glom.assign('.
[2024-12-30T20:47:46.838] [INFO] CRAWLER - Repository pythonlessons/Reinforcement_Learning does not contain 'glom.assign('.
[2024-12-30T20:47:47.080] [INFO] CRAWLER - Repository sibirbil/IMO2020 does not contain 'glom.assign('.
[2024-12-30T20:47:47.345] [INFO] CRAWLER - Repository influxdata/community-templates does not contain 'glom.assign('.
[2024-12-30T20:47:47.571] [ERROR] CRAWLER - API rate limit exceeded for 'Search code': API rate limit exceeded for user ID 60600792. If you reach out to GitHub Support for help, please include the request ID F2FB:3F48CC:5D1A426:BA5B26D:67734D43 and timestamp 2024-12-31 01:47:47 UTC. - https://docs.github.com/rest/overview/rate-limits-for-the-rest-api. Sleeping for 58 seconds...
[2024-12-30T20:48:45.838] [ERROR] CRAWLER - API rate limit exceeded for 'Search code': API rate limit exceeded for user ID 60600792. If you reach out to GitHub Support for help, please include the request ID F3EC:84A7D:5E2B49D:BC7D048:67734D7D and timestamp 2024-12-31 01:48:45 UTC. - https://docs.github.com/rest/overview/rate-limits-for-the-rest-api. Sleeping for 0 seconds...
[2024-12-30T20:48:47.219] [INFO] CRAWLER - Repository ztosec/hunter does not contain 'glom.assign('.
[2024-12-30T20:48:47.462] [INFO] CRAWLER - Repository schroederdewitt/multiagent_mujoco does not contain 'glom.assign('.
[2024-12-30T20:48:47.863] [INFO] CRAWLER - Repository kudelskisecurity/chainoffools does not contain 'glom.assign('.
[2024-12-30T20:48:48.155] [INFO] CRAWLER - Repository davidtw0320/Resources-Allocation-in-The-Edge-Computing-Environment-Using-Reinforcement-Learning does not contain 'glom.assign('.
[2024-12-30T20:48:48.421] [INFO] CRAWLER - Repository hytseng0509/CrossDomainFewShot does not contain 'glom.assign('.
[2024-12-30T20:48:48.636] [INFO] CRAWLER - Repository PedroBern/django-graphql-auth does not contain 'glom.assign('.
[2024-12-30T20:48:48.901] [INFO] CRAWLER - Repository LunaBlack/KGAT-pytorch does not contain 'glom.assign('.
[2024-12-30T20:48:49.175] [INFO] CRAWLER - Repository allenai/allenact does not contain 'glom.assign('.
[2024-12-30T20:48:49.452] [INFO] CRAWLER - Repository CNCKitchen/GradientInfill does not contain 'glom.assign('.
[2024-12-30T20:48:49.670] [ERROR] CRAWLER - API rate limit exceeded for 'Search code': API rate limit exceeded for user ID 60600792. If you reach out to GitHub Support for help, please include the request ID F3EC:84A7D:5E2BDDC:BC7E2D3:67734D81 and timestamp 2024-12-31 01:48:49 UTC. - https://docs.github.com/rest/overview/rate-limits-for-the-rest-api. Sleeping for 58 seconds...
[2024-12-30T20:49:47.966] [ERROR] CRAWLER - API rate limit exceeded for 'Search code': API rate limit exceeded for user ID 60600792. If you reach out to GitHub Support for help, please include the request ID F4F0:15BE98:2CEE698:5991E69:67734DBB and timestamp 2024-12-31 01:49:47 UTC. - https://docs.github.com/rest/overview/rate-limits-for-the-rest-api. Sleeping for 0 seconds...
[2024-12-30T20:49:48.258] [INFO] CRAWLER - Repository rrwick/Trycycler does not contain 'glom.assign('.
[2024-12-30T20:49:48.530] [INFO] CRAWLER - Repository Liu0330/Django-Stu does not contain 'glom.assign('.
[2024-12-30T20:49:48.807] [INFO] CRAWLER - Repository scrapinghub/article-extraction-benchmark does not contain 'glom.assign('.
[2024-12-30T20:49:49.048] [INFO] CRAWLER - Repository bernsteining/instaloctrack does not contain 'glom.assign('.
[2024-12-30T20:49:49.303] [INFO] CRAWLER - Repository cytopia/badchars does not contain 'glom.assign('.
[2024-12-30T20:49:49.638] [INFO] CRAWLER - Repository hbdmapi/huobi_futures_Python does not contain 'glom.assign('.
[2024-12-30T20:49:49.900] [INFO] CRAWLER - Repository coding-ai/EasyApply-Linkedin does not contain 'glom.assign('.
[2024-12-30T20:49:50.156] [INFO] CRAWLER - Repository syncarr/syncarr does not contain 'glom.assign('.
[2024-12-30T20:49:50.391] [INFO] CRAWLER - Repository madhavmehndiratta/dorkScanner does not contain 'glom.assign('.
[2024-12-30T20:49:50.606] [ERROR] CRAWLER - API rate limit exceeded for 'Search code': API rate limit exceeded for user ID 60600792. If you reach out to GitHub Support for help, please include the request ID F4F0:15BE98:2CEED5D:5992BC8:67734DBE and timestamp 2024-12-31 01:49:50 UTC. - https://docs.github.com/rest/overview/rate-limits-for-the-rest-api. Sleeping for 58 seconds...
[2024-12-30T20:50:48.847] [ERROR] CRAWLER - API rate limit exceeded for 'Search code': API rate limit exceeded for user ID 60600792. If you reach out to GitHub Support for help, please include the request ID F690:1FA338:172B211D:2E3532F1:67734DF8 and timestamp 2024-12-31 01:50:48 UTC. - https://docs.github.com/rest/overview/rate-limits-for-the-rest-api. Sleeping for 0 seconds...
[2024-12-30T20:50:49.107] [INFO] CRAWLER - Repository tpoikela/uvm-python does not contain 'glom.assign('.
[2024-12-30T20:50:49.405] [INFO] CRAWLER - Repository johnnychen94/jill.py does not contain 'glom.assign('.
[2024-12-30T20:50:49.658] [INFO] CRAWLER - Repository anirudhbagri/whatsapp-bulk-messenger does not contain 'glom.assign('.
[2024-12-30T20:50:49.906] [INFO] CRAWLER - Repository jerrytigerxu/Simple-Python-Chatbot does not contain 'glom.assign('.
[2024-12-30T20:50:50.132] [INFO] CRAWLER - Repository shilrley6/Faster-R-CNN-with-model-pretrained-on-Visual-Genome does not contain 'glom.assign('.
[2024-12-30T20:50:50.393] [INFO] CRAWLER - Repository nir/jupylet does not contain 'glom.assign('.
[2024-12-30T20:50:50.680] [INFO] CRAWLER - Repository spcl/pymlir does not contain 'glom.assign('.
[2024-12-30T20:50:50.928] [INFO] CRAWLER - Repository yueduan/DeepBinDiff does not contain 'glom.assign('.
[2024-12-30T20:50:51.182] [INFO] CRAWLER - Repository timxx/pywpsrpc does not contain 'glom.assign('.
[2024-12-30T20:50:51.423] [ERROR] CRAWLER - API rate limit exceeded for 'Search code': API rate limit exceeded for user ID 60600792. If you reach out to GitHub Support for help, please include the request ID F690:1FA338:172B28DB:2E354225:67734DFB and timestamp 2024-12-31 01:50:51 UTC. - https://docs.github.com/rest/overview/rate-limits-for-the-rest-api. Sleeping for 58 seconds...
[2024-12-30T20:51:49.694] [ERROR] CRAWLER - API rate limit exceeded for 'Search code': API rate limit exceeded for user ID 60600792. If you reach out to GitHub Support for help, please include the request ID F83B:1A0708:2BBC231:574B3FF:67734E35 and timestamp 2024-12-31 01:51:49 UTC. - https://docs.github.com/rest/overview/rate-limits-for-the-rest-api. Sleeping for 0 seconds...
[2024-12-30T20:51:49.910] [ERROR] CRAWLER - API rate limit exceeded for 'Search code': API rate limit exceeded for user ID 60600792. If you reach out to GitHub Support for help, please include the request ID F83B:1A0708:2BBC2B0:574B536:67734E35 and timestamp 2024-12-31 01:51:49 UTC. - https://docs.github.com/rest/overview/rate-limits-for-the-rest-api. Sleeping for 0 seconds...
[2024-12-30T20:51:50.178] [INFO] CRAWLER - Repository yjh0410/yolov2-yolov3_PyTorch does not contain 'glom.assign('.
[2024-12-30T20:51:50.432] [INFO] CRAWLER - Repository michaelharms/comcrawl does not contain 'glom.assign('.
[2024-12-30T20:51:50.711] [INFO] CRAWLER - Repository k-han/AutoNovel does not contain 'glom.assign('.
[2024-12-30T20:51:50.941] [INFO] CRAWLER - Repository scverse/scirpy does not contain 'glom.assign('.
[2024-12-30T20:51:51.177] [INFO] CRAWLER - Repository yan4ikyt/webhack does not contain 'glom.assign('.
[2024-12-30T20:51:51.531] [INFO] CRAWLER - Repository pfsensible/core does not contain 'glom.assign('.
[2024-12-30T20:51:51.800] [INFO] CRAWLER - Repository kying18/tic-tac-toe does not contain 'glom.assign('.
[2024-12-30T20:51:52.060] [INFO] CRAWLER - Repository GDGVIT/HandWriter does not contain 'glom.assign('.
[2024-12-30T20:51:52.281] [INFO] CRAWLER - Repository yyasha/smsbomb does not contain 'glom.assign('.
[2024-12-30T20:51:52.478] [ERROR] CRAWLER - API rate limit exceeded for 'Search code': API rate limit exceeded for user ID 60600792. If you reach out to GitHub Support for help, please include the request ID F83B:1A0708:2BBC97A:574C2D3:67734E38 and timestamp 2024-12-31 01:51:52 UTC. - https://docs.github.com/rest/overview/rate-limits-for-the-rest-api. Sleeping for 58 seconds...
[2024-12-30T20:52:50.780] [ERROR] CRAWLER - API rate limit exceeded for 'Search code': API rate limit exceeded for user ID 60600792. If you reach out to GitHub Support for help, please include the request ID FAF2:28D6F6:16923268:2CFF17E0:67734E72 and timestamp 2024-12-31 01:52:50 UTC. - https://docs.github.com/rest/overview/rate-limits-for-the-rest-api. Sleeping for 0 seconds...
[2024-12-30T20:52:50.996] [ERROR] CRAWLER - API rate limit exceeded for 'Search code': API rate limit exceeded for user ID 60600792. If you reach out to GitHub Support for help, please include the request ID FAF2:28D6F6:169232E6:2CFF18D6:67734E72 and timestamp 2024-12-31 01:52:50 UTC. - https://docs.github.com/rest/overview/rate-limits-for-the-rest-api. Sleeping for 0 seconds...
[2024-12-30T20:52:51.254] [INFO] CRAWLER - Repository luigifcruz/CyberRadio does not contain 'glom.assign('.
[2024-12-30T20:52:51.502] [INFO] CRAWLER - Repository DebeshJha/ResUNetPlusPlus does not contain 'glom.assign('.
[2024-12-30T20:52:51.783] [INFO] CRAWLER - Repository RasaHQ/helpdesk-assistant does not contain 'glom.assign('.
[2024-12-30T20:52:52.011] [INFO] CRAWLER - Repository SoongNoonien/plattenalbum does not contain 'glom.assign('.
[2024-12-30T20:52:52.254] [INFO] CRAWLER - Repository Gobot1234/steam.py does not contain 'glom.assign('.
[2024-12-30T20:52:52.540] [INFO] CRAWLER - Repository PredictiveIntelligenceLab/GradientPathologiesPINNs does not contain 'glom.assign('.
[2024-12-30T20:52:52.828] [INFO] CRAWLER - Repository BinWang28/SBERT-WK-Sentence-Embedding does not contain 'glom.assign('.
[2024-12-30T20:52:53.067] [INFO] CRAWLER - Repository j4mie/sqlsite does not contain 'glom.assign('.
[2024-12-30T20:52:53.320] [INFO] CRAWLER - Repository danmou/onenote_export does not contain 'glom.assign('.
[2024-12-30T20:52:53.505] [ERROR] CRAWLER - API rate limit exceeded for 'Search code': API rate limit exceeded for user ID 60600792. If you reach out to GitHub Support for help, please include the request ID FAF2:28D6F6:16923900:2CFF24BF:67734E75 and timestamp 2024-12-31 01:52:53 UTC. - https://docs.github.com/rest/overview/rate-limits-for-the-rest-api. Sleeping for 58 seconds...
[2024-12-30T20:53:51.772] [ERROR] CRAWLER - API rate limit exceeded for 'Search code': API rate limit exceeded for user ID 60600792. If you reach out to GitHub Support for help, please include the request ID FDDA:28D6F6:1692CD49:2D004C8B:67734EAF and timestamp 2024-12-31 01:53:51 UTC. - https://docs.github.com/rest/overview/rate-limits-for-the-rest-api. Sleeping for 0 seconds...
[2024-12-30T20:53:51.982] [ERROR] CRAWLER - API rate limit exceeded for 'Search code': API rate limit exceeded for user ID 60600792. If you reach out to GitHub Support for help, please include the request ID FDDA:28D6F6:1692CDD5:2D004D8F:67734EAF and timestamp 2024-12-31 01:53:51 UTC. - https://docs.github.com/rest/overview/rate-limits-for-the-rest-api. Sleeping for 0 seconds...
[2024-12-30T20:53:52.234] [INFO] CRAWLER - Repository JinleiZhangBJTU/ResNet-LSTM-GCN does not contain 'glom.assign('.
[2024-12-30T20:53:52.234] [INFO] CRAWLER - [+] Filtered 0/100 results using filterHasGlomAssign
[2024-12-30T20:53:52.234] [INFO] CRAWLER - [+] Found 0/100 results for "created:2020-01-08..2020-01-15 language:Python stars:>100" on page 1.
[2024-12-30T20:54:04.372] [INFO] CRAWLER - Repository arashwan/matrixnet does not contain 'glom.assign('.
[2024-12-30T20:54:04.614] [INFO] CRAWLER - Repository JACKYLUO1991/FaceParsing does not contain 'glom.assign('.
[2024-12-30T20:54:04.829] [INFO] CRAWLER - Repository coding-geographies/dockerized-pytest-course does not contain 'glom.assign('.
[2024-12-30T20:54:05.154] [INFO] CRAWLER - Repository jviquerat/lbm does not contain 'glom.assign('.
[2024-12-30T20:54:05.540] [INFO] CRAWLER - Repository aws-samples/amazon-dynamodb-labs does not contain 'glom.assign('.
[2024-12-30T20:54:05.842] [INFO] CRAWLER - Repository dlint-py/dlint does not contain 'glom.assign('.
[2024-12-30T20:54:06.104] [INFO] CRAWLER - Repository gm19900510/Pytorch_Retina_License_Plate does not contain 'glom.assign('.
[2024-12-30T20:54:06.335] [INFO] CRAWLER - Repository S1M0N38/soccerapi does not contain 'glom.assign('.
[2024-12-30T20:54:06.545] [ERROR] CRAWLER - API rate limit exceeded for 'Search code': API rate limit exceeded for user ID 60600792. If you reach out to GitHub Support for help, please include the request ID FDDA:28D6F6:1692F37D:2D009813:67734EBE and timestamp 2024-12-31 01:54:06 UTC. - https://docs.github.com/rest/overview/rate-limits-for-the-rest-api. Sleeping for 46 seconds...
[2024-12-30T20:54:52.818] [ERROR] CRAWLER - API rate limit exceeded for 'Search code': API rate limit exceeded for user ID 60600792. If you reach out to GitHub Support for help, please include the request ID FFD8:20DDB7:5ECE245:BDAA686:67734EEC and timestamp 2024-12-31 01:54:52 UTC. - https://docs.github.com/rest/overview/rate-limits-for-the-rest-api. Sleeping for 0 seconds...
[2024-12-30T20:54:53.019] [ERROR] CRAWLER - API rate limit exceeded for 'Search code': API rate limit exceeded for user ID 60600792. If you reach out to GitHub Support for help, please include the request ID FFD8:20DDB7:5ECE2B5:BDAA77E:67734EEC and timestamp 2024-12-31 01:54:53 UTC. - https://docs.github.com/rest/overview/rate-limits-for-the-rest-api. Sleeping for -1 seconds...
[2024-12-30T20:54:53.290] [INFO] CRAWLER - Repository erezsh/runtype does not contain 'glom.assign('.
[2024-12-30T20:54:53.563] [INFO] CRAWLER - Repository jupyter/nbclient does not contain 'glom.assign('.
[2024-12-30T20:54:53.887] [INFO] CRAWLER - Repository MarsTechHAN/ch552tool does not contain 'glom.assign('.
[2024-12-30T20:54:54.166] [INFO] CRAWLER - Repository itu-algorithms/itu.algs4 does not contain 'glom.assign('.
[2024-12-30T20:54:54.450] [INFO] CRAWLER - Repository guyinatuxedo/remenissions does not contain 'glom.assign('.
[2024-12-30T20:54:54.660] [INFO] CRAWLER - Repository mpgn/CVE-2019-19781 does not contain 'glom.assign('.
[2024-12-30T20:54:54.909] [INFO] CRAWLER - Repository dividuum/html-vault does not contain 'glom.assign('.
[2024-12-30T20:54:55.161] [INFO] CRAWLER - Repository tomkwok/calplot does not contain 'glom.assign('.
[2024-12-30T20:54:55.400] [INFO] CRAWLER - Repository SamuelBroughton/StarGAN-Voice-Conversion-2 does not contain 'glom.assign('.
[2024-12-30T20:54:55.606] [ERROR] CRAWLER - API rate limit exceeded for 'Search code': API rate limit exceeded for user ID 60600792. If you reach out to GitHub Support for help, please include the request ID FFD8:20DDB7:5ECE894:BDAB358:67734EEF and timestamp 2024-12-31 01:54:55 UTC. - https://docs.github.com/rest/overview/rate-limits-for-the-rest-api. Sleeping for 58 seconds...
[2024-12-30T20:55:53.898] [ERROR] CRAWLER - API rate limit exceeded for 'Search code': API rate limit exceeded for user ID 60600792. If you reach out to GitHub Support for help, please include the request ID C1F4:1AAD38:6345C07:C652347:67734F29 and timestamp 2024-12-31 01:55:53 UTC. - https://docs.github.com/rest/overview/rate-limits-for-the-rest-api. Sleeping for 0 seconds...
[2024-12-30T20:55:54.134] [INFO] CRAWLER - Repository dapr-cn/docs does not contain 'glom.assign('.
[2024-12-30T20:55:54.390] [INFO] CRAWLER - Repository getredash/redash-toolbelt does not contain 'glom.assign('.
[2024-12-30T20:55:54.671] [INFO] CRAWLER - Repository automl/HPOBench does not contain 'glom.assign('.
[2024-12-30T20:55:54.883] [INFO] CRAWLER - Repository areyou1or0/Exploit-Dev does not contain 'glom.assign('.
[2024-12-30T20:55:55.121] [INFO] CRAWLER - Repository Fallen-Breath/PCRC does not contain 'glom.assign('.
[2024-12-30T20:55:55.387] [INFO] CRAWLER - Repository subtheme-dev/monokai-pro does not contain 'glom.assign('.
[2024-12-30T20:55:55.643] [INFO] CRAWLER - Repository app-generator/django-atlantis-dark does not contain 'glom.assign('.
[2024-12-30T20:55:55.966] [INFO] CRAWLER - Repository KenMwaura1/Fast-Api-example does not contain 'glom.assign('.
[2024-12-30T20:55:56.258] [INFO] CRAWLER - Repository RijulGulati/yt-audio does not contain 'glom.assign('.
[2024-12-30T20:55:56.552] [ERROR] CRAWLER - API rate limit exceeded for 'Search code': API rate limit exceeded for user ID 60600792. If you reach out to GitHub Support for help, please include the request ID C1F4:1AAD38:63462D0:C6530C2:67734F2C and timestamp 2024-12-31 01:55:56 UTC. - https://docs.github.com/rest/overview/rate-limits-for-the-rest-api. Sleeping for 58 seconds...
[2024-12-30T20:56:54.801] [ERROR] CRAWLER - API rate limit exceeded for 'Search code': API rate limit exceeded for user ID 60600792. If you reach out to GitHub Support for help, please include the request ID C30B:2866:611F4D1:C2201EC:67734F66 and timestamp 2024-12-31 01:56:54 UTC. - https://docs.github.com/rest/overview/rate-limits-for-the-rest-api. Sleeping for 0 seconds...
[2024-12-30T20:56:55.020] [ERROR] CRAWLER - API rate limit exceeded for 'Search code': API rate limit exceeded for user ID 60600792. If you reach out to GitHub Support for help, please include the request ID C30B:2866:611F545:C2202BD:67734F66 and timestamp 2024-12-31 01:56:55 UTC. - https://docs.github.com/rest/overview/rate-limits-for-the-rest-api. Sleeping for -1 seconds...
[2024-12-30T20:56:55.434] [INFO] CRAWLER - Repository jerrodparker20/adaptive-transformers-in-rl does not contain 'glom.assign('.
[2024-12-30T20:56:55.735] [INFO] CRAWLER - Repository google-research/remixmatch does not contain 'glom.assign('.
[2024-12-30T20:56:56.033] [INFO] CRAWLER - Repository biobakery/phylophlan does not contain 'glom.assign('.
[2024-12-30T20:56:56.315] [INFO] CRAWLER - Repository yearing1017/UAVI_Seg_Pytorch does not contain 'glom.assign('.
[2024-12-30T20:56:56.578] [INFO] CRAWLER - Repository aayush1205/muCLIar does not contain 'glom.assign('.
[2024-12-30T20:56:56.830] [INFO] CRAWLER - Repository matheusfelipeog/calculadora-tk does not contain 'glom.assign('.
[2024-12-30T20:56:57.107] [INFO] CRAWLER - Repository dietmarwo/fast-cma-es does not contain 'glom.assign('.
[2024-12-30T20:56:57.345] [INFO] CRAWLER - Repository alitourani/yolo-license-plate-detection does not contain 'glom.assign('.
[2024-12-30T20:56:57.639] [INFO] CRAWLER - Repository seominseok0429/label-smoothing-visualization-pytorch does not contain 'glom.assign('.
[2024-12-30T20:56:57.870] [ERROR] CRAWLER - API rate limit exceeded for 'Search code': API rate limit exceeded for user ID 60600792. If you reach out to GitHub Support for help, please include the request ID C30B:2866:611FC26:C2210B5:67734F69 and timestamp 2024-12-31 01:56:57 UTC. - https://docs.github.com/rest/overview/rate-limits-for-the-rest-api. Sleeping for 58 seconds...
[2024-12-30T20:57:56.161] [INFO] CRAWLER - Repository avrae/d20 does not contain 'glom.assign('.
[2024-12-30T20:57:56.415] [INFO] CRAWLER - Repository amikha1lov/RecApp does not contain 'glom.assign('.
[2024-12-30T20:57:56.799] [INFO] CRAWLER - Repository snok/drf-openapi-tester does not contain 'glom.assign('.
[2024-12-30T20:57:57.154] [INFO] CRAWLER - Repository kai687/sphinxawesome-theme does not contain 'glom.assign('.
[2024-12-30T20:57:57.435] [INFO] CRAWLER - Repository tangowithcode/tango_with_django_2_code does not contain 'glom.assign('.
[2024-12-30T20:57:57.683] [INFO] CRAWLER - Repository hellloxiaotian/ADNet does not contain 'glom.assign('.
[2024-12-30T20:57:57.939] [INFO] CRAWLER - Repository elliottzheng/face-detection does not contain 'glom.assign('.
[2024-12-30T20:57:58.187] [INFO] CRAWLER - Repository thesouther/ucas_courses does not contain 'glom.assign('.
[2024-12-30T20:57:58.455] [INFO] CRAWLER - Repository wshuyi/demo-helloworld-streamlit does not contain 'glom.assign('.
[2024-12-30T20:57:58.705] [ERROR] CRAWLER - API rate limit exceeded for 'Search code': API rate limit exceeded for user ID 60600792. If you reach out to GitHub Support for help, please include the request ID C419:39650C:60C40ED:C15C613:67734FA6 and timestamp 2024-12-31 01:57:58 UTC. - https://docs.github.com/rest/overview/rate-limits-for-the-rest-api. Sleeping for 58 seconds...
[2024-12-30T20:58:56.947] [ERROR] CRAWLER - API rate limit exceeded for 'Search code': API rate limit exceeded for user ID 60600792. If you reach out to GitHub Support for help, please include the request ID C637:3E9FA1:633A513:C62DAF7:67734FE0 and timestamp 2024-12-31 01:58:56 UTC. - https://docs.github.com/rest/overview/rate-limits-for-the-rest-api. Sleeping for 0 seconds...
[2024-12-30T20:58:57.186] [INFO] CRAWLER - Repository h1code2/douyin_search does not contain 'glom.assign('.
[2024-12-30T20:58:57.482] [INFO] CRAWLER - Repository castorini/duobert does not contain 'glom.assign('.
[2024-12-30T20:58:57.728] [INFO] CRAWLER - Repository sv3nbeast/2019_Vul_warning_Poc_Collect does not contain 'glom.assign('.
[2024-12-30T20:58:57.980] [INFO] CRAWLER - Repository Macr0phag3/ja3box does not contain 'glom.assign('.
[2024-12-30T20:58:58.224] [INFO] CRAWLER - Repository mostafaelhoushi/DeepShift does not contain 'glom.assign('.
[2024-12-30T20:58:58.476] [INFO] CRAWLER - Repository PentHertz/LoRa_Craft does not contain 'glom.assign('.
[2024-12-30T20:58:58.731] [INFO] CRAWLER - Repository diffqc/dqc does not contain 'glom.assign('.
[2024-12-30T20:58:59.042] [INFO] CRAWLER - Repository cisagov/check-cve-2019-19781 does not contain 'glom.assign('.
[2024-12-30T20:58:59.292] [INFO] CRAWLER - Repository marciovrl/fastapi does not contain 'glom.assign('.
[2024-12-30T20:58:59.503] [ERROR] CRAWLER - API rate limit exceeded for 'Search code': API rate limit exceeded for user ID 60600792. If you reach out to GitHub Support for help, please include the request ID C637:3E9FA1:633AAA1:C62E60B:67734FE3 and timestamp 2024-12-31 01:58:59 UTC. - https://docs.github.com/rest/overview/rate-limits-for-the-rest-api. Sleeping for 58 seconds...
[2024-12-30T20:59:57.804] [ERROR] CRAWLER - API rate limit exceeded for 'Search code': API rate limit exceeded for user ID 60600792. If you reach out to GitHub Support for help, please include the request ID C996:29F447:1F7D88:3E9D4A:6773501D and timestamp 2024-12-31 01:59:57 UTC. - https://docs.github.com/rest/overview/rate-limits-for-the-rest-api. Sleeping for 0 seconds...
[2024-12-30T20:59:57.987] [ERROR] CRAWLER - API rate limit exceeded for 'Search code': API rate limit exceeded for user ID 60600792. If you reach out to GitHub Support for help, please include the request ID C996:29F447:1F7E0A:3E9E4D:6773501D and timestamp 2024-12-31 01:59:57 UTC. - https://docs.github.com/rest/overview/rate-limits-for-the-rest-api. Sleeping for 0 seconds...
[2024-12-30T20:59:58.296] [INFO] CRAWLER - Repository RogerSelwyn/Home_Assistant_SkyQ_MediaPlayer does not contain 'glom.assign('.
[2024-12-30T20:59:58.562] [INFO] CRAWLER - Repository SFU-MARS/optimized_dp does not contain 'glom.assign('.
[2024-12-30T20:59:58.860] [INFO] CRAWLER - Repository BattlesnakeOfficial/starter-snake-python does not contain 'glom.assign('.
[2024-12-30T20:59:59.139] [INFO] CRAWLER - Repository biobakery/biobakery_workflows does not contain 'glom.assign('.
[2024-12-30T20:59:59.429] [INFO] CRAWLER - Repository rwnx/pynonymizer does not contain 'glom.assign('.
[2024-12-30T20:59:59.683] [INFO] CRAWLER - Repository musixmatchresearch/umberto does not contain 'glom.assign('.
[2024-12-30T20:59:59.923] [INFO] CRAWLER - Repository heyajohnny/afvalinfo does not contain 'glom.assign('.
[2024-12-30T21:00:00.167] [INFO] CRAWLER - Repository Voulnet/desharialize does not contain 'glom.assign('.
[2024-12-30T21:00:00.404] [INFO] CRAWLER - Repository mikemountain/nfl-led-scoreboard does not contain 'glom.assign('.
[2024-12-30T21:00:00.404] [INFO] CRAWLER - [+] Filtered 0/62 results using filterHasGlomAssign
[2024-12-30T21:00:00.404] [INFO] CRAWLER - [+] Found 0/62 results for "created:2020-01-08..2020-01-15 language:Python stars:>100" on page 2.
[2024-12-30T21:00:00.406] [INFO] CRAWLER - [+] Saved 0 repositories so far.
[2024-12-30T21:00:00.407] [INFO] CRAWLER - [+] Searching for repositories created between 2020-01-15 and 2020-01-22
[2024-12-30T21:00:13.202] [ERROR] CRAWLER - API rate limit exceeded for 'Search code': API rate limit exceeded for user ID 60600792. If you reach out to GitHub Support for help, please include the request ID C996:29F447:1FADE3:3EFF01:6773502D and timestamp 2024-12-31 02:00:13 UTC. - https://docs.github.com/rest/overview/rate-limits-for-the-rest-api. Sleeping for 45 seconds...
[2024-12-30T21:00:58.455] [ERROR] CRAWLER - API rate limit exceeded for 'Search code': API rate limit exceeded for user ID 60600792. If you reach out to GitHub Support for help, please include the request ID CC1C:1A017F:19B601:332A4D:6773505A and timestamp 2024-12-31 02:00:58 UTC. - https://docs.github.com/rest/overview/rate-limits-for-the-rest-api. Sleeping for 0 seconds...
[2024-12-30T21:00:58.682] [ERROR] CRAWLER - API rate limit exceeded for 'Search code': API rate limit exceeded for user ID 60600792. If you reach out to GitHub Support for help, please include the request ID CC1C:1A017F:19B683:332B4A:6773505A and timestamp 2024-12-31 02:00:58 UTC. - https://docs.github.com/rest/overview/rate-limits-for-the-rest-api. Sleeping for 0 seconds...
[2024-12-30T21:00:58.907] [ERROR] CRAWLER - API rate limit exceeded for 'Search code': API rate limit exceeded for user ID 60600792. If you reach out to GitHub Support for help, please include the request ID CC1C:1A017F:19B723:332C3F:6773505A and timestamp 2024-12-31 02:00:58 UTC. - https://docs.github.com/rest/overview/rate-limits-for-the-rest-api. Sleeping for 0 seconds...
[2024-12-30T21:00:59.158] [INFO] CRAWLER - Repository benbusby/whoogle-search does not contain 'glom.assign('.
[2024-12-30T21:00:59.413] [INFO] CRAWLER - Repository ploomber/ploomber does not contain 'glom.assign('.
[2024-12-30T21:00:59.703] [INFO] CRAWLER - Repository Farama-Foundation/PettingZoo does not contain 'glom.assign('.
[2024-12-30T21:00:59.986] [INFO] CRAWLER - Repository boston-dynamics/spot-sdk does not contain 'glom.assign('.
[2024-12-30T21:01:00.228] [INFO] CRAWLER - Repository zhanyong-wan/dongbei does not contain 'glom.assign('.
[2024-12-30T21:01:00.473] [INFO] CRAWLER - Repository 0xn0ne/weblogicScanner does not contain 'glom.assign('.
[2024-12-30T21:01:00.770] [INFO] CRAWLER - Repository BlankerL/DXY-COVID-19-Crawler does not contain 'glom.assign('.
[2024-12-30T21:01:01.060] [INFO] CRAWLER - Repository fastapiutils/fastapi-utils does not contain 'glom.assign('.
[2024-12-30T21:01:01.542] [INFO] CRAWLER - Repository microsoft/debugpy does not contain 'glom.assign('.
[2024-12-30T21:01:01.774] [ERROR] CRAWLER - API rate limit exceeded for 'Search code': API rate limit exceeded for user ID 60600792. If you reach out to GitHub Support for help, please include the request ID CC1C:1A017F:19BE77:333B56:6773505D and timestamp 2024-12-31 02:01:01 UTC. - https://docs.github.com/rest/overview/rate-limits-for-the-rest-api. Sleeping for 58 seconds...
[2024-12-30T21:02:00.073] [INFO] CRAWLER - Repository san089/Udacity-Data-Engineering-Projects does not contain 'glom.assign('.
[2024-12-30T21:02:00.345] [INFO] CRAWLER - Repository Coding-with-Adam/Dash-by-Plotly does not contain 'glom.assign('.
[2024-12-30T21:02:00.668] [INFO] CRAWLER - Repository nextstrain/ncov does not contain 'glom.assign('.
[2024-12-30T21:02:00.948] [INFO] CRAWLER - Repository linkedin/detext does not contain 'glom.assign('.
[2024-12-30T21:02:01.192] [INFO] CRAWLER - Repository xdavidhu/awesome-google-vrp-writeups does not contain 'glom.assign('.
[2024-12-30T21:02:01.487] [INFO] CRAWLER - Repository google-research/fixmatch does not contain 'glom.assign('.
[2024-12-30T21:02:01.746] [INFO] CRAWLER - Repository marian42/mesh_to_sdf does not contain 'glom.assign('.
[2024-12-30T21:02:02.114] [INFO] CRAWLER - Repository curvefi/curve-contract does not contain 'glom.assign('.
[2024-12-30T21:02:02.409] [INFO] CRAWLER - Repository aws/deep-learning-containers does not contain 'glom.assign('.
[2024-12-30T21:02:02.656] [ERROR] CRAWLER - API rate limit exceeded for 'Search code': API rate limit exceeded for user ID 60600792. If you reach out to GitHub Support for help, please include the request ID D045:1A017F:1A693E:348DF0:6773509A and timestamp 2024-12-31 02:02:02 UTC. - https://docs.github.com/rest/overview/rate-limits-for-the-rest-api. Sleeping for 58 seconds...
[2024-12-30T21:03:00.907] [ERROR] CRAWLER - API rate limit exceeded for 'Search code': API rate limit exceeded for user ID 60600792. If you reach out to GitHub Support for help, please include the request ID D286:11B8D2:18E9E0:3179B8:677350D4 and timestamp 2024-12-31 02:03:00 UTC. - https://docs.github.com/rest/overview/rate-limits-for-the-rest-api. Sleeping for 0 seconds...
[2024-12-30T21:03:01.193] [INFO] CRAWLER - Repository bytedance/fedlearner does not contain 'glom.assign('.
[2024-12-30T21:03:01.436] [INFO] CRAWLER - Repository wasp-os/wasp-os does not contain 'glom.assign('.
[2024-12-30T21:03:01.697] [INFO] CRAWLER - Repository CLUEbenchmark/CLUEPretrainedModels does not contain 'glom.assign('.
[2024-12-30T21:03:01.939] [INFO] CRAWLER - Repository jia-zhuang/pytorch-multi-gpu-training does not contain 'glom.assign('.
[2024-12-30T21:03:02.191] [INFO] CRAWLER - Repository yanglbme/geetest-crack does not contain 'glom.assign('.
[2024-12-30T21:03:02.444] [INFO] CRAWLER - Repository lllyasviel/PaintingLight does not contain 'glom.assign('.
[2024-12-30T21:03:02.701] [INFO] CRAWLER - Repository KTZgraph/sarenka does not contain 'glom.assign('.
[2024-12-30T21:03:02.966] [INFO] CRAWLER - Repository Yikun/hub-mirror-action does not contain 'glom.assign('.
[2024-12-30T21:03:03.268] [INFO] CRAWLER - Repository xtream1101/humblebundle-downloader does not contain 'glom.assign('.
[2024-12-30T21:03:03.482] [ERROR] CRAWLER - API rate limit exceeded for 'Search code': API rate limit exceeded for user ID 60600792. If you reach out to GitHub Support for help, please include the request ID D286:11B8D2:18F132:318856:677350D7 and timestamp 2024-12-31 02:03:03 UTC. - https://docs.github.com/rest/overview/rate-limits-for-the-rest-api. Sleeping for 58 seconds...
[2024-12-30T21:04:01.789] [ERROR] CRAWLER - API rate limit exceeded for 'Search code': API rate limit exceeded for user ID 60600792. If you reach out to GitHub Support for help, please include the request ID D4EF:36FF14:209337:40DF34:67735111 and timestamp 2024-12-31 02:04:01 UTC. - https://docs.github.com/rest/overview/rate-limits-for-the-rest-api. Sleeping for 0 seconds...
[2024-12-30T21:04:01.999] [ERROR] CRAWLER - API rate limit exceeded for 'Search code': API rate limit exceeded for user ID 60600792. If you reach out to GitHub Support for help, please include the request ID D4EF:36FF14:2093E1:40E07E:67735111 and timestamp 2024-12-31 02:04:01 UTC. - https://docs.github.com/rest/overview/rate-limits-for-the-rest-api. Sleeping for 0 seconds...
[2024-12-30T21:04:02.261] [INFO] CRAWLER - Repository madwind/flexget_qbittorrent_mod does not contain 'glom.assign('.
[2024-12-30T21:04:02.498] [INFO] CRAWLER - Repository firmai/pandapy does not contain 'glom.assign('.
[2024-12-30T21:04:02.791] [INFO] CRAWLER - Repository neuml/codequestion does not contain 'glom.assign('.
[2024-12-30T21:04:03.059] [INFO] CRAWLER - Repository insightglacier/Shiro_exploit does not contain 'glom.assign('.
[2024-12-30T21:04:03.345] [INFO] CRAWLER - Repository CrawlScript/tf_geometric does not contain 'glom.assign('.
[2024-12-30T21:04:03.584] [INFO] CRAWLER - Repository jwzhanggy/Graph-Bert does not contain 'glom.assign('.
[2024-12-30T21:04:03.862] [INFO] CRAWLER - Repository oschwengers/bakta does not contain 'glom.assign('.
[2024-12-30T21:04:04.149] [INFO] CRAWLER - Repository layerism/TensorRT-Inference-Server-Tutorial does not contain 'glom.assign('.
[2024-12-30T21:04:04.420] [INFO] CRAWLER - Repository pikpikcu/Pentest-Tools-Framework does not contain 'glom.assign('.
[2024-12-30T21:04:04.641] [ERROR] CRAWLER - API rate limit exceeded for 'Search code': API rate limit exceeded for user ID 60600792. If you reach out to GitHub Support for help, please include the request ID D4EF:36FF14:209AF8:40EE77:67735114 and timestamp 2024-12-31 02:04:04 UTC. - https://docs.github.com/rest/overview/rate-limits-for-the-rest-api. Sleeping for 58 seconds...
[2024-12-30T21:05:02.891] [ERROR] CRAWLER - API rate limit exceeded for 'Search code': API rate limit exceeded for user ID 60600792. If you reach out to GitHub Support for help, please include the request ID D77D:338EED:5E4E3F3:BCE319A:6773514E and timestamp 2024-12-31 02:05:02 UTC. - https://docs.github.com/rest/overview/rate-limits-for-the-rest-api. Sleeping for 0 seconds...
[2024-12-30T21:05:03.150] [INFO] CRAWLER - Repository lkulowski/LSTM_encoder_decoder does not contain 'glom.assign('.
[2024-12-30T21:05:03.401] [INFO] CRAWLER - Repository youngwanLEE/vovnet-detectron2 does not contain 'glom.assign('.
[2024-12-30T21:05:03.645] [INFO] CRAWLER - Repository gumengkai/db_monitor does not contain 'glom.assign('.
[2024-12-30T21:05:03.913] [INFO] CRAWLER - Repository antonior92/automatic-ecg-diagnosis does not contain 'glom.assign('.
[2024-12-30T21:05:04.170] [INFO] CRAWLER - Repository Nekomoekissaten-SUB/Nekomoekissaten-Storage does not contain 'glom.assign('.
[2024-12-30T21:05:04.436] [INFO] CRAWLER - Repository siriusdemon/Build-Your-Own-Face-Model does not contain 'glom.assign('.
[2024-12-30T21:05:04.704] [INFO] CRAWLER - Repository kudelskisecurity/chainoffools does not contain 'glom.assign('.
[2024-12-30T21:05:04.923] [INFO] CRAWLER - Repository davidtw0320/Resources-Allocation-in-The-Edge-Computing-Environment-Using-Reinforcement-Learning does not contain 'glom.assign('.
[2024-12-30T21:05:05.172] [INFO] CRAWLER - Repository hytseng0509/CrossDomainFewShot does not contain 'glom.assign('.
[2024-12-30T21:05:05.383] [ERROR] CRAWLER - API rate limit exceeded for 'Search code': API rate limit exceeded for user ID 60600792. If you reach out to GitHub Support for help, please include the request ID D77D:338EED:5E4EB2C:BCE4002:67735151 and timestamp 2024-12-31 02:05:05 UTC. - https://docs.github.com/rest/overview/rate-limits-for-the-rest-api. Sleeping for 58 seconds...
[2024-12-30T21:06:03.644] [ERROR] CRAWLER - API rate limit exceeded for 'Search code': API rate limit exceeded for user ID 60600792. If you reach out to GitHub Support for help, please include the request ID DB11:13D24A:5F74FCD:BEF08A4:6773518B and timestamp 2024-12-31 02:06:03 UTC. - https://docs.github.com/rest/overview/rate-limits-for-the-rest-api. Sleeping for 0 seconds...
[2024-12-30T21:06:03.865] [ERROR] CRAWLER - API rate limit exceeded for 'Search code': API rate limit exceeded for user ID 60600792. If you reach out to GitHub Support for help, please include the request ID DB11:13D24A:5F7504C:BEF0992:6773518B and timestamp 2024-12-31 02:06:03 UTC. - https://docs.github.com/rest/overview/rate-limits-for-the-rest-api. Sleeping for 0 seconds...
[2024-12-30T21:06:04.109] [INFO] CRAWLER - Repository PedroBern/django-graphql-auth does not contain 'glom.assign('.
[2024-12-30T21:06:04.349] [INFO] CRAWLER - Repository clovaai/wsolevaluation does not contain 'glom.assign('.
[2024-12-30T21:06:04.602] [INFO] CRAWLER - Repository rlouf/mcx does not contain 'glom.assign('.
[2024-12-30T21:06:04.837] [INFO] CRAWLER - Repository clovaai/assembled-cnn does not contain 'glom.assign('.
[2024-12-30T21:06:05.152] [INFO] CRAWLER - Repository ohhhyeahhh/SiamCAR does not contain 'glom.assign('.
[2024-12-30T21:06:05.417] [INFO] CRAWLER - Repository rodrigo-arenas/Sklearn-genetic-opt does not contain 'glom.assign('.
[2024-12-30T21:06:05.681] [INFO] CRAWLER - Repository anita-hu/TF2-RL does not contain 'glom.assign('.
[2024-12-30T21:06:05.910] [INFO] CRAWLER - Repository missing-semester/videos does not contain 'glom.assign('.
[2024-12-30T21:06:06.190] [INFO] CRAWLER - Repository kam1107/RealnessGAN does not contain 'glom.assign('.
[2024-12-30T21:06:06.402] [ERROR] CRAWLER - API rate limit exceeded for 'Search code': API rate limit exceeded for user ID 60600792. If you reach out to GitHub Support for help, please include the request ID DB11:13D24A:5F756C0:BEF1683:6773518E and timestamp 2024-12-31 02:06:06 UTC. - https://docs.github.com/rest/overview/rate-limits-for-the-rest-api. Sleeping for 58 seconds...
[2024-12-30T21:07:04.652] [ERROR] CRAWLER - API rate limit exceeded for 'Search code': API rate limit exceeded for user ID 60600792. If you reach out to GitHub Support for help, please include the request ID DC26:39650C:611F7B2:C2125F6:677351C8 and timestamp 2024-12-31 02:07:04 UTC. - https://docs.github.com/rest/overview/rate-limits-for-the-rest-api. Sleeping for 0 seconds...
[2024-12-30T21:07:04.877] [ERROR] CRAWLER - API rate limit exceeded for 'Search code': API rate limit exceeded for user ID 60600792. If you reach out to GitHub Support for help, please include the request ID DC26:39650C:611F853:C212724:677351C8 and timestamp 2024-12-31 02:07:04 UTC. - https://docs.github.com/rest/overview/rate-limits-for-the-rest-api. Sleeping for 0 seconds...
[2024-12-30T21:07:05.204] [INFO] CRAWLER - Repository d4em0n/exrop does not contain 'glom.assign('.
[2024-12-30T21:07:05.512] [INFO] CRAWLER - Repository astronomer/airflow-chart does not contain 'glom.assign('.
[2024-12-30T21:07:05.908] [INFO] CRAWLER - Repository pfnet/pytorch-pfn-extras does not contain 'glom.assign('.
[2024-12-30T21:07:06.167] [INFO] CRAWLER - Repository syncarr/syncarr does not contain 'glom.assign('.
[2024-12-30T21:07:06.412] [INFO] CRAWLER - Repository rainyroads/twitter-saucenao does not contain 'glom.assign('.
[2024-12-30T21:07:06.706] [INFO] CRAWLER - Repository wxpusher/wxpusher-sdk-python does not contain 'glom.assign('.
[2024-12-30T21:07:07.104] [INFO] CRAWLER - Repository WSP-LAB/FUSE does not contain 'glom.assign('.
[2024-12-30T21:07:07.374] [INFO] CRAWLER - Repository daveredrum/ScanRefer does not contain 'glom.assign('.
[2024-12-30T21:07:07.632] [INFO] CRAWLER - Repository YouQixiaowu/CUDA-Programming-with-Python does not contain 'glom.assign('.
[2024-12-30T21:07:07.831] [ERROR] CRAWLER - API rate limit exceeded for 'Search code': API rate limit exceeded for user ID 60600792. If you reach out to GitHub Support for help, please include the request ID DC26:39650C:611FFFC:C21360D:677351CB and timestamp 2024-12-31 02:07:07 UTC. - https://docs.github.com/rest/overview/rate-limits-for-the-rest-api. Sleeping for 58 seconds...
[2024-12-30T21:08:06.136] [INFO] CRAWLER - Repository LIRUILONGS/hros does not contain 'glom.assign('.
[2024-12-30T21:08:06.364] [INFO] CRAWLER - Repository andrewzlee/NeuralBlock does not contain 'glom.assign('.
[2024-12-30T21:08:06.643] [INFO] CRAWLER - Repository IBM/cdfsl-benchmark does not contain 'glom.assign('.
[2024-12-30T21:08:06.908] [INFO] CRAWLER - Repository NVlabs/6dof-graspnet does not contain 'glom.assign('.
[2024-12-30T21:08:07.146] [INFO] CRAWLER - Repository bmartacho/UniPose does not contain 'glom.assign('.
[2024-12-30T21:08:07.439] [INFO] CRAWLER - Repository coder-fly/douyin_device_register does not contain 'glom.assign('.
[2024-12-30T21:08:07.672] [INFO] CRAWLER - Repository hktalent/CVE-2020-2551 does not contain 'glom.assign('.
[2024-12-30T21:08:07.940] [INFO] CRAWLER - Repository nICEnnnnnnnLee/LiveRecorder does not contain 'glom.assign('.
[2024-12-30T21:08:08.186] [INFO] CRAWLER - Repository And3rsL/Deebot-for-Home-Assistant does not contain 'glom.assign('.
[2024-12-30T21:08:08.426] [ERROR] CRAWLER - API rate limit exceeded for 'Search code': API rate limit exceeded for user ID 60600792. If you reach out to GitHub Support for help, please include the request ID DD2E:34446A:6F0EFEB:DDAE30A:67735208 and timestamp 2024-12-31 02:08:08 UTC. - https://docs.github.com/rest/overview/rate-limits-for-the-rest-api. Sleeping for 58 seconds...
[2024-12-30T21:09:06.826] [ERROR] CRAWLER - API rate limit exceeded for 'Search code': API rate limit exceeded for user ID 60600792. If you reach out to GitHub Support for help, please include the request ID DE89:2376D2:1590EA56:2B012E80:67735242 and timestamp 2024-12-31 02:09:06 UTC. - https://docs.github.com/rest/overview/rate-limits-for-the-rest-api. Sleeping for 0 seconds...
[2024-12-30T21:09:07.092] [INFO] CRAWLER - Repository robocorp/robotframework-lsp does not contain 'glom.assign('.
[2024-12-30T21:09:07.413] [INFO] CRAWLER - Repository haltakov/simple-photo-gallery does not contain 'glom.assign('.
[2024-12-30T21:09:07.669] [INFO] CRAWLER - Repository GDGVIT/HandWriter does not contain 'glom.assign('.
[2024-12-30T21:09:07.948] [INFO] CRAWLER - Repository uxlfoundation/oneAPI-spec does not contain 'glom.assign('.
[2024-12-30T21:09:08.199] [INFO] CRAWLER - Repository bain3/pronotepy does not contain 'glom.assign('.
[2024-12-30T21:09:08.487] [INFO] CRAWLER - Repository RasaHQ/helpdesk-assistant does not contain 'glom.assign('.
[2024-12-30T21:09:08.736] [INFO] CRAWLER - Repository JonasPed/homeassistant-eloverblik does not contain 'glom.assign('.
[2024-12-30T21:09:09.015] [INFO] CRAWLER - Repository megvii-model/MABN does not contain 'glom.assign('.
[2024-12-30T21:09:09.298] [INFO] CRAWLER - Repository iganeshk/standardnotes-extensions does not contain 'glom.assign('.
[2024-12-30T21:09:09.538] [ERROR] CRAWLER - API rate limit exceeded for 'Search code': API rate limit exceeded for user ID 60600792. If you reach out to GitHub Support for help, please include the request ID DE89:2376D2:1590F43B:2B014254:67735245 and timestamp 2024-12-31 02:09:09 UTC. - https://docs.github.com/rest/overview/rate-limits-for-the-rest-api. Sleeping for 58 seconds...
[2024-12-30T21:10:07.831] [ERROR] CRAWLER - API rate limit exceeded for 'Search code': API rate limit exceeded for user ID 60600792. If you reach out to GitHub Support for help, please include the request ID DF71:181B48:2D7793B:5AAC30D:6773527F and timestamp 2024-12-31 02:10:07 UTC. - https://docs.github.com/rest/overview/rate-limits-for-the-rest-api. Sleeping for 0 seconds...
[2024-12-30T21:10:08.086] [INFO] CRAWLER - Repository brainglobe/cellfinder does not contain 'glom.assign('.
[2024-12-30T21:10:08.352] [INFO] CRAWLER - Repository MartinoMensio/spacy-universal-sentence-encoder does not contain 'glom.assign('.
[2024-12-30T21:10:08.668] [INFO] CRAWLER - Repository krypton-byte/SpamWa does not contain 'glom.assign('.
[2024-12-30T21:10:08.965] [INFO] CRAWLER - Repository cccorn/AP-loss does not contain 'glom.assign('.
[2024-12-30T21:10:09.229] [INFO] CRAWLER - Repository jeremymaya/google-it-automation-with-python does not contain 'glom.assign('.
[2024-12-30T21:10:09.454] [INFO] CRAWLER - Repository ayushupneja/fall2020internships does not contain 'glom.assign('.
[2024-12-30T21:10:09.751] [INFO] CRAWLER - Repository hou-yz/MVDet does not contain 'glom.assign('.
[2024-12-30T21:10:10.031] [INFO] CRAWLER - Repository coding-geographies/dockerized-pytest-course does not contain 'glom.assign('.
[2024-12-30T21:10:10.310] [INFO] CRAWLER - Repository artic-network/artic-ncov2019 does not contain 'glom.assign('.
[2024-12-30T21:10:10.576] [ERROR] CRAWLER - API rate limit exceeded for 'Search code': API rate limit exceeded for user ID 60600792. If you reach out to GitHub Support for help, please include the request ID DF71:181B48:2D781B4:5AAD422:67735282 and timestamp 2024-12-31 02:10:10 UTC. - https://docs.github.com/rest/overview/rate-limits-for-the-rest-api. Sleeping for 58 seconds...
[2024-12-30T21:11:08.867] [ERROR] CRAWLER - API rate limit exceeded for 'Search code': API rate limit exceeded for user ID 60600792. If you reach out to GitHub Support for help, please include the request ID E053:15EDF2:2CBBAE1:594658D:677352BC and timestamp 2024-12-31 02:11:08 UTC. - https://docs.github.com/rest/overview/rate-limits-for-the-rest-api. Sleeping for 0 seconds...
[2024-12-30T21:11:09.104] [INFO] CRAWLER - Repository rois-codh/kaokore does not contain 'glom.assign('.
[2024-12-30T21:11:09.434] [INFO] CRAWLER - Repository Home-Is-Where-You-Hang-Your-Hack/sensor.goveetemp_bt_hci does not contain 'glom.assign('.
[2024-12-30T21:11:09.728] [INFO] CRAWLER - Repository Patrowl/PatrowlHears does not contain 'glom.assign('.
[2024-12-30T21:11:09.971] [INFO] CRAWLER - Repository vprusso/toqito does not contain 'glom.assign('.
[2024-12-30T21:11:10.210] [INFO] CRAWLER - Repository AlexxIT/DashCast does not contain 'glom.assign('.
[2024-12-30T21:11:10.479] [INFO] CRAWLER - Repository deepsphere/deepsphere-pytorch does not contain 'glom.assign('.
[2024-12-30T21:11:10.762] [INFO] CRAWLER - Repository ANL-CEEESA/MIPLearn does not contain 'glom.assign('.
[2024-12-30T21:11:11.040] [INFO] CRAWLER - Repository Yepoleb/python-a2s does not contain 'glom.assign('.
[2024-12-30T21:11:11.277] [INFO] CRAWLER - Repository WouterJD/FortiusANT does not contain 'glom.assign('.
[2024-12-30T21:11:11.555] [ERROR] CRAWLER - API rate limit exceeded for 'Search code': API rate limit exceeded for user ID 60600792. If you reach out to GitHub Support for help, please include the request ID E053:15EDF2:2CBC2A2:59474FA:677352BF and timestamp 2024-12-31 02:11:11 UTC. - https://docs.github.com/rest/overview/rate-limits-for-the-rest-api. Sleeping for 58 seconds...
[2024-12-30T21:12:09.809] [ERROR] CRAWLER - API rate limit exceeded for 'Search code': API rate limit exceeded for user ID 60600792. If you reach out to GitHub Support for help, please include the request ID E327:1B9907:2ADD4F3:559DD7A:677352F9 and timestamp 2024-12-31 02:12:09 UTC. - https://docs.github.com/rest/overview/rate-limits-for-the-rest-api. Sleeping for 0 seconds...
[2024-12-30T21:12:10.061] [INFO] CRAWLER - Repository skynet0x01/tugarecon does not contain 'glom.assign('.
[2024-12-30T21:12:10.062] [INFO] CRAWLER - [+] Filtered 0/100 results using filterHasGlomAssign
[2024-12-30T21:12:10.062] [INFO] CRAWLER - [+] Found 0/100 results for "created:2020-01-15..2020-01-22 language:Python stars:>100" on page 1.
[2024-12-30T21:12:21.225] [INFO] CRAWLER - Repository Stveshawn/contextual_topic_identification does not contain 'glom.assign('.
[2024-12-30T21:12:21.487] [INFO] CRAWLER - Repository cwolff411/powerob does not contain 'glom.assign('.
[2024-12-30T21:12:21.736] [INFO] CRAWLER - Repository snopf/snopf does not contain 'glom.assign('.
[2024-12-30T21:12:21.993] [INFO] CRAWLER - Repository Omkar47/AutoLeecher does not contain 'glom.assign('.
[2024-12-30T21:12:22.250] [INFO] CRAWLER - Repository mavrikkk/ha_kettler does not contain 'glom.assign('.
[2024-12-30T21:12:22.486] [INFO] CRAWLER - Repository Radulepy/InstagramBot does not contain 'glom.assign('.
[2024-12-30T21:12:22.758] [INFO] CRAWLER - Repository iwpnd/fastapi-aws-lambda-example does not contain 'glom.assign('.
[2024-12-30T21:12:23.004] [INFO] CRAWLER - Repository LogicJake/MLCompetitionHub does not contain 'glom.assign('.
[2024-12-30T21:12:23.205] [ERROR] CRAWLER - API rate limit exceeded for 'Search code': API rate limit exceeded for user ID 60600792. If you reach out to GitHub Support for help, please include the request ID E327:1B9907:2ADFD5B:55A2E35:67735307 and timestamp 2024-12-31 02:12:23 UTC. - https://docs.github.com/rest/overview/rate-limits-for-the-rest-api. Sleeping for 47 seconds...
[2024-12-30T21:13:10.453] [ERROR] CRAWLER - API rate limit exceeded for 'Search code': API rate limit exceeded for user ID 60600792. If you reach out to GitHub Support for help, please include the request ID E709:29F248:2E20F63:5BFC57B:67735336 and timestamp 2024-12-31 02:13:10 UTC. - https://docs.github.com/rest/overview/rate-limits-for-the-rest-api. Sleeping for 0 seconds...
[2024-12-30T21:13:10.853] [ERROR] CRAWLER - API rate limit exceeded for 'Search code': API rate limit exceeded for user ID 60600792. If you reach out to GitHub Support for help, please include the request ID E709:29F248:2E2109A:5BFC816:67735336 and timestamp 2024-12-31 02:13:10 UTC. - https://docs.github.com/rest/overview/rate-limits-for-the-rest-api. Sleeping for 0 seconds...
[2024-12-30T21:13:11.119] [INFO] CRAWLER - Repository opencv/open_vision_capsules does not contain 'glom.assign('.
[2024-12-30T21:13:11.397] [INFO] CRAWLER - Repository biobakery/phylophlan does not contain 'glom.assign('.
[2024-12-30T21:13:11.636] [INFO] CRAWLER - Repository yearing1017/UAVI_Seg_Pytorch does not contain 'glom.assign('.
[2024-12-30T21:13:11.860] [INFO] CRAWLER - Repository liu-nlper/dialogue-utterance-rewriter does not contain 'glom.assign('.
[2024-12-30T21:13:12.103] [INFO] CRAWLER - Repository zwegner/x86-info-term does not contain 'glom.assign('.
[2024-12-30T21:13:12.372] [INFO] CRAWLER - Repository birolemekli/tcdd-bilet-yer-kontrol does not contain 'glom.assign('.
[2024-12-30T21:13:12.584] [INFO] CRAWLER - Repository cytopia/smtp-user-enum does not contain 'glom.assign('.
[2024-12-30T21:13:12.824] [INFO] CRAWLER - Repository romanmichaelpaolucci/AI_Stock_Trading does not contain 'glom.assign('.
[2024-12-30T21:13:13.072] [INFO] CRAWLER - Repository takala-jp/zabbix-proxmox does not contain 'glom.assign('.
[2024-12-30T21:13:13.264] [ERROR] CRAWLER - API rate limit exceeded for 'Search code': API rate limit exceeded for user ID 60600792. If you reach out to GitHub Support for help, please include the request ID E709:29F248:2E2187B:5BFD776:67735339 and timestamp 2024-12-31 02:13:13 UTC. - https://docs.github.com/rest/overview/rate-limits-for-the-rest-api. Sleeping for 58 seconds...
[2024-12-30T21:14:11.539] [ERROR] CRAWLER - API rate limit exceeded for 'Search code': API rate limit exceeded for user ID 60600792. If you reach out to GitHub Support for help, please include the request ID E956:1DE25E:2D84001:5AB963B:67735373 and timestamp 2024-12-31 02:14:11 UTC. - https://docs.github.com/rest/overview/rate-limits-for-the-rest-api. Sleeping for 0 seconds...
[2024-12-30T21:14:11.739] [ERROR] CRAWLER - API rate limit exceeded for 'Search code': API rate limit exceeded for user ID 60600792. If you reach out to GitHub Support for help, please include the request ID E956:1DE25E:2D840A2:5AB979C:67735373 and timestamp 2024-12-31 02:14:11 UTC. - https://docs.github.com/rest/overview/rate-limits-for-the-rest-api. Sleeping for 0 seconds...
[2024-12-30T21:14:11.926] [ERROR] CRAWLER - API rate limit exceeded for 'Search code': API rate limit exceeded for user ID 60600792. If you reach out to GitHub Support for help, please include the request ID E956:1DE25E:2D84127:5AB98C3:67735373 and timestamp 2024-12-31 02:14:11 UTC. - https://docs.github.com/rest/overview/rate-limits-for-the-rest-api. Sleeping for 0 seconds...
[2024-12-30T21:14:12.154] [INFO] CRAWLER - Repository ArturSpirin/pyPS4Controller does not contain 'glom.assign('.
[2024-12-30T21:14:12.391] [INFO] CRAWLER - Repository Louis-udm/VGCN-BERT does not contain 'glom.assign('.
[2024-12-30T21:14:12.646] [INFO] CRAWLER - Repository popey/pwbm does not contain 'glom.assign('.
[2024-12-30T21:14:12.884] [INFO] CRAWLER - Repository yuanbit/FinBERT-QA does not contain 'glom.assign('.
[2024-12-30T21:14:13.171] [INFO] CRAWLER - Repository bkfish/Src-Toolset does not contain 'glom.assign('.
[2024-12-30T21:14:13.449] [INFO] CRAWLER - Repository simon3dv/frustum_pointnets_pytorch does not contain 'glom.assign('.
[2024-12-30T21:14:13.688] [INFO] CRAWLER - Repository ethliup/SelfDeblur does not contain 'glom.assign('.
[2024-12-30T21:14:13.963] [INFO] CRAWLER - Repository dukeduck1984/uReflowOven-Esp32-Micropython does not contain 'glom.assign('.
[2024-12-30T21:14:14.278] [INFO] CRAWLER - Repository intuit/costBuddy does not contain 'glom.assign('.
[2024-12-30T21:14:14.461] [ERROR] CRAWLER - API rate limit exceeded for 'Search code': API rate limit exceeded for user ID 60600792. If you reach out to GitHub Support for help, please include the request ID E956:1DE25E:2D848CF:5ABA812:67735376 and timestamp 2024-12-31 02:14:14 UTC. - https://docs.github.com/rest/overview/rate-limits-for-the-rest-api. Sleeping for 58 seconds...
[2024-12-30T21:15:12.689] [ERROR] CRAWLER - API rate limit exceeded for 'Search code': API rate limit exceeded for user ID 60600792. If you reach out to GitHub Support for help, please include the request ID EC3E:22D78C:24B220:490591:677353B0 and timestamp 2024-12-31 02:15:12 UTC. - https://docs.github.com/rest/overview/rate-limits-for-the-rest-api. Sleeping for 0 seconds...
[2024-12-30T21:15:12.882] [ERROR] CRAWLER - API rate limit exceeded for 'Search code': API rate limit exceeded for user ID 60600792. If you reach out to GitHub Support for help, please include the request ID EC3E:22D78C:24B2AC:4906A1:677353B0 and timestamp 2024-12-31 02:15:12 UTC. - https://docs.github.com/rest/overview/rate-limits-for-the-rest-api. Sleeping for 0 seconds...
[2024-12-30T21:15:13.175] [INFO] CRAWLER - Repository policratus/pupyl does not contain 'glom.assign('.
[2024-12-30T21:15:13.396] [INFO] CRAWLER - Repository MarechJ/hll_rcon_tool does not contain 'glom.assign('.
[2024-12-30T21:15:13.654] [INFO] CRAWLER - Repository programgarden/book does not contain 'glom.assign('.
[2024-12-30T21:15:13.891] [INFO] CRAWLER - Repository erdavids/Birds-of-a-Feather does not contain 'glom.assign('.
[2024-12-30T21:15:14.124] [INFO] CRAWLER - Repository nficano/yakutils does not contain 'glom.assign('.
[2024-12-30T21:15:14.390] [INFO] CRAWLER - Repository PentHertz/LoRa_Craft does not contain 'glom.assign('.
[2024-12-30T21:15:14.662] [INFO] CRAWLER - Repository visini/timebox does not contain 'glom.assign('.
[2024-12-30T21:15:14.900] [INFO] CRAWLER - Repository mhashas/Document-Image-Unwarping-pytorch does not contain 'glom.assign('.
[2024-12-30T21:15:15.149] [INFO] CRAWLER - Repository w0x68y/bypassWAF does not contain 'glom.assign('.
[2024-12-30T21:15:15.388] [ERROR] CRAWLER - API rate limit exceeded for 'Search code': API rate limit exceeded for user ID 60600792. If you reach out to GitHub Support for help, please include the request ID EC3E:22D78C:24B970:49144C:677353B3 and timestamp 2024-12-31 02:15:15 UTC. - https://docs.github.com/rest/overview/rate-limits-for-the-rest-api. Sleeping for 58 seconds...
[2024-12-30T21:16:13.608] [ERROR] CRAWLER - API rate limit exceeded for 'Search code': API rate limit exceeded for user ID 60600792. If you reach out to GitHub Support for help, please include the request ID EF19:10682C:10BAF40:2154664:677353ED and timestamp 2024-12-31 02:16:13 UTC. - https://docs.github.com/rest/overview/rate-limits-for-the-rest-api. Sleeping for 0 seconds...
[2024-12-30T21:16:13.813] [ERROR] CRAWLER - API rate limit exceeded for 'Search code': API rate limit exceeded for user ID 60600792. If you reach out to GitHub Support for help, please include the request ID EF19:10682C:10BAFCE:2154783:677353ED and timestamp 2024-12-31 02:16:13 UTC. - https://docs.github.com/rest/overview/rate-limits-for-the-rest-api. Sleeping for 0 seconds...
[2024-12-30T21:16:14.093] [INFO] CRAWLER - Repository MyeongJin-Kim/Learning-Texture-Invariant-Representation does not contain 'glom.assign('.
[2024-12-30T21:16:14.363] [INFO] CRAWLER - Repository AppThreat/vulnerability-db does not contain 'glom.assign('.
[2024-12-30T21:16:14.581] [INFO] CRAWLER - Repository MikeHibbert/arweave-python-client does not contain 'glom.assign('.
[2024-12-30T21:16:14.851] [INFO] CRAWLER - Repository heyajohnny/afvalinfo does not contain 'glom.assign('.
[2024-12-30T21:16:15.115] [INFO] CRAWLER - Repository jwallbridge/translob does not contain 'glom.assign('.
[2024-12-30T21:16:15.365] [INFO] CRAWLER - Repository midasklr/FireSmokeDetectionByEfficientNet does not contain 'glom.assign('.
[2024-12-30T21:16:15.366] [INFO] CRAWLER - [+] Filtered 0/41 results using filterHasGlomAssign
[2024-12-30T21:16:15.366] [INFO] CRAWLER - [+] Found 0/41 results for "created:2020-01-15..2020-01-22 language:Python stars:>100" on page 2.
[2024-12-30T21:16:15.367] [INFO] CRAWLER - [+] Saved 0 repositories so far.
[2024-12-30T21:16:15.367] [INFO] CRAWLER - [+] Searching for repositories created between 2020-01-22 and 2020-01-29
[2024-12-30T21:16:28.000] [INFO] CRAWLER - Repository microsoft/DeepSpeed does not contain 'glom.assign('.
[2024-12-30T21:16:28.308] [INFO] CRAWLER - Repository PostHog/posthog does not contain 'glom.assign('.
[2024-12-30T21:16:28.812] [INFO] CRAWLER - Repository microsoft/DeepSpeedExamples does not contain 'glom.assign('.
[2024-12-30T21:16:29.037] [ERROR] CRAWLER - API rate limit exceeded for 'Search code': API rate limit exceeded for user ID 60600792. If you reach out to GitHub Support for help, please include the request ID EF19:10682C:10BD750:21595D3:677353FC and timestamp 2024-12-31 02:16:29 UTC. - https://docs.github.com/rest/overview/rate-limits-for-the-rest-api. Sleeping for 45 seconds...
[2024-12-30T21:17:14.303] [ERROR] CRAWLER - API rate limit exceeded for 'Search code': API rate limit exceeded for user ID 60600792. If you reach out to GitHub Support for help, please include the request ID F1BA:10D32A:21A240:42D286:6773542A and timestamp 2024-12-31 02:17:14 UTC. - https://docs.github.com/rest/overview/rate-limits-for-the-rest-api. Sleeping for 0 seconds...
[2024-12-30T21:17:14.518] [ERROR] CRAWLER - API rate limit exceeded for 'Search code': API rate limit exceeded for user ID 60600792. If you reach out to GitHub Support for help, please include the request ID F1BA:10D32A:21A2F0:42D3D8:6773542A and timestamp 2024-12-31 02:17:14 UTC. - https://docs.github.com/rest/overview/rate-limits-for-the-rest-api. Sleeping for 0 seconds...
[2024-12-30T21:17:14.729] [ERROR] CRAWLER - API rate limit exceeded for 'Search code': API rate limit exceeded for user ID 60600792. If you reach out to GitHub Support for help, please include the request ID F1BA:10D32A:21A3A1:42D55A:6773542A and timestamp 2024-12-31 02:17:14 UTC. - https://docs.github.com/rest/overview/rate-limits-for-the-rest-api. Sleeping for 0 seconds...
[2024-12-30T21:17:14.977] [ERROR] CRAWLER - API rate limit exceeded for 'Search code': API rate limit exceeded for user ID 60600792. If you reach out to GitHub Support for help, please include the request ID F1BA:10D32A:21A460:42D6E0:6773542A and timestamp 2024-12-31 02:17:14 UTC. - https://docs.github.com/rest/overview/rate-limits-for-the-rest-api. Sleeping for 0 seconds...
[2024-12-30T21:17:15.370] [INFO] CRAWLER - Repository aim-uofa/AdelaiDet does not contain 'glom.assign('.
[2024-12-30T21:17:15.607] [INFO] CRAWLER - Repository bookwyrm-social/bookwyrm does not contain 'glom.assign('.
[2024-12-30T21:17:15.867] [INFO] CRAWLER - Repository jonnyhyman/Chaos does not contain 'glom.assign('.
[2024-12-30T21:17:16.125] [INFO] CRAWLER - Repository pymatting/pymatting does not contain 'glom.assign('.
[2024-12-30T21:17:16.366] [INFO] CRAWLER - Repository amaranth-lang/amaranth does not contain 'glom.assign('.
[2024-12-30T21:17:16.657] [INFO] CRAWLER - Repository stanfordroboticsclub/StanfordQuadruped does not contain 'glom.assign('.
[2024-12-30T21:17:16.946] [INFO] CRAWLER - Repository lengjibo/RedTeamTools does not contain 'glom.assign('.
[2024-12-30T21:17:17.170] [INFO] CRAWLER - Repository AlexxIT/YandexStation does not contain 'glom.assign('.
[2024-12-30T21:17:17.432] [INFO] CRAWLER - Repository LingDong-/qiji-font does not contain 'glom.assign('.
[2024-12-30T21:17:17.646] [ERROR] CRAWLER - API rate limit exceeded for 'Search code': API rate limit exceeded for user ID 60600792. If you reach out to GitHub Support for help, please include the request ID F1BA:10D32A:21AC7B:42E700:6773542D and timestamp 2024-12-31 02:17:17 UTC. - https://docs.github.com/rest/overview/rate-limits-for-the-rest-api. Sleeping for 58 seconds...
[2024-12-30T21:18:15.892] [ERROR] CRAWLER - API rate limit exceeded for 'Search code': API rate limit exceeded for user ID 60600792. If you reach out to GitHub Support for help, please include the request ID F431:466F9:285B3F:5063D8:67735467 and timestamp 2024-12-31 02:18:15 UTC. - https://docs.github.com/rest/overview/rate-limits-for-the-rest-api. Sleeping for 0 seconds...
[2024-12-30T21:18:16.200] [INFO] CRAWLER - Repository mart1nro/joycontrol does not contain 'glom.assign('.
[2024-12-30T21:18:16.415] [INFO] CRAWLER - Repository 0xricksanchez/paper_collection does not contain 'glom.assign('.
[2024-12-30T21:18:16.687] [INFO] CRAWLER - Repository owasp-dep-scan/dep-scan does not contain 'glom.assign('.
[2024-12-30T21:18:16.966] [INFO] CRAWLER - Repository aws/aws-graviton-getting-started does not contain 'glom.assign('.
[2024-12-30T21:18:17.221] [INFO] CRAWLER - Repository kevinhwang91/rnvimr does not contain 'glom.assign('.
[2024-12-30T21:18:17.435] [INFO] CRAWLER - Repository ChenRocks/UNITER does not contain 'glom.assign('.
[2024-12-30T21:18:17.671] [INFO] CRAWLER - Repository VincentStimper/normalizing-flows does not contain 'glom.assign('.
[2024-12-30T21:18:17.947] [INFO] CRAWLER - Repository sabuhish/fastapi-mail does not contain 'glom.assign('.
[2024-12-30T21:18:18.199] [INFO] CRAWLER - Repository ZJUGiveLab/UNet-Version does not contain 'glom.assign('.
[2024-12-30T21:18:18.419] [ERROR] CRAWLER - API rate limit exceeded for 'Search code': API rate limit exceeded for user ID 60600792. If you reach out to GitHub Support for help, please include the request ID F431:466F9:2861CA:5070E6:6773546A and timestamp 2024-12-31 02:18:18 UTC. - https://docs.github.com/rest/overview/rate-limits-for-the-rest-api. Sleeping for 58 seconds...
[2024-12-30T21:19:16.650] [ERROR] CRAWLER - API rate limit exceeded for 'Search code': API rate limit exceeded for user ID 60600792. If you reach out to GitHub Support for help, please include the request ID F615:10D32A:22E371:4553A3:677354A4 and timestamp 2024-12-31 02:19:16 UTC. - https://docs.github.com/rest/overview/rate-limits-for-the-rest-api. Sleeping for 0 seconds...
[2024-12-30T21:19:17.133] [INFO] CRAWLER - Repository OverLordGoldDragon/ssqueezepy does not contain 'glom.assign('.
[2024-12-30T21:19:17.375] [INFO] CRAWLER - Repository maiyao1988/ExAndroidNativeEmu does not contain 'glom.assign('.
[2024-12-30T21:19:17.650] [INFO] CRAWLER - Repository carlmontanari/scrapli does not contain 'glom.assign('.
[2024-12-30T21:19:17.885] [INFO] CRAWLER - Repository youtype/mypy_boto3_builder does not contain 'glom.assign('.
[2024-12-30T21:19:18.109] [INFO] CRAWLER - Repository madwind/flexget_qbittorrent_mod does not contain 'glom.assign('.
[2024-12-30T21:19:18.346] [INFO] CRAWLER - Repository jayanam/jmesh-tools does not contain 'glom.assign('.
[2024-12-30T21:19:18.598] [INFO] CRAWLER - Repository danijar/dreamer does not contain 'glom.assign('.
[2024-12-30T21:19:18.838] [INFO] CRAWLER - Repository firmai/atspy does not contain 'glom.assign('.
[2024-12-30T21:19:19.138] [INFO] CRAWLER - Repository canghailan/Wuhan-2019-nCoV does not contain 'glom.assign('.
[2024-12-30T21:19:19.369] [ERROR] CRAWLER - API rate limit exceeded for 'Search code': API rate limit exceeded for user ID 60600792. If you reach out to GitHub Support for help, please include the request ID F615:10D32A:22EA44:456173:677354A7 and timestamp 2024-12-31 02:19:19 UTC. - https://docs.github.com/rest/overview/rate-limits-for-the-rest-api. Sleeping for 58 seconds...
[2024-12-30T21:20:17.623] [ERROR] CRAWLER - API rate limit exceeded for 'Search code': API rate limit exceeded for user ID 60600792. If you reach out to GitHub Support for help, please include the request ID F819:1A0BF1:6DDFDE7:DBC1D58:677354E1 and timestamp 2024-12-31 02:20:17 UTC. - https://docs.github.com/rest/overview/rate-limits-for-the-rest-api. Sleeping for 0 seconds...
[2024-12-30T21:20:17.797] [ERROR] CRAWLER - API rate limit exceeded for 'Search code': API rate limit exceeded for user ID 60600792. If you reach out to GitHub Support for help, please include the request ID F819:1A0BF1:6DDFE7D:DBC1E90:677354E1 and timestamp 2024-12-31 02:20:17 UTC. - https://docs.github.com/rest/overview/rate-limits-for-the-rest-api. Sleeping for 0 seconds...
[2024-12-30T21:20:18.013] [ERROR] CRAWLER - API rate limit exceeded for 'Search code': API rate limit exceeded for user ID 60600792. If you reach out to GitHub Support for help, please include the request ID F819:1A0BF1:6DDFF13:DBC1FC3:677354E1 and timestamp 2024-12-31 02:20:17 UTC. - https://docs.github.com/rest/overview/rate-limits-for-the-rest-api. Sleeping for -1 seconds...
[2024-12-30T21:20:18.307] [INFO] CRAWLER - Repository coreyhu/Urbanist does not contain 'glom.assign('.
[2024-12-30T21:20:18.542] [INFO] CRAWLER - Repository aydinnyunus/WhatsappBOT does not contain 'glom.assign('.
[2024-12-30T21:20:18.787] [INFO] CRAWLER - Repository JusperLee/Dual-Path-RNN-Pytorch does not contain 'glom.assign('.
[2024-12-30T21:20:19.008] [INFO] CRAWLER - Repository weisongwen/UrbanLoco does not contain 'glom.assign('.
[2024-12-30T21:20:19.287] [INFO] CRAWLER - Repository neurolib-dev/neurolib does not contain 'glom.assign('.
[2024-12-30T21:20:19.550] [INFO] CRAWLER - Repository aj-4/tinder-swipe-bot does not contain 'glom.assign('.
[2024-12-30T21:20:19.842] [INFO] CRAWLER - Repository kevinzakka/torchnca does not contain 'glom.assign('.
[2024-12-30T21:20:20.098] [INFO] CRAWLER - Repository jadijadi/sms_serial_verification does not contain 'glom.assign('.
[2024-12-30T21:20:20.343] [INFO] CRAWLER - Repository layumi/Seg-Uncertainty does not contain 'glom.assign('.
[2024-12-30T21:20:20.548] [ERROR] CRAWLER - API rate limit exceeded for 'Search code': API rate limit exceeded for user ID 60600792. If you reach out to GitHub Support for help, please include the request ID F819:1A0BF1:6DE0618:DBC2D94:677354E4 and timestamp 2024-12-31 02:20:20 UTC. - https://docs.github.com/rest/overview/rate-limits-for-the-rest-api. Sleeping for 58 seconds...
[2024-12-30T21:21:18.780] [ERROR] CRAWLER - API rate limit exceeded for 'Search code': API rate limit exceeded for user ID 60600792. If you reach out to GitHub Support for help, please include the request ID FAE3:6B8D9:6D10E1E:DA00DDE:6773551E and timestamp 2024-12-31 02:21:18 UTC. - https://docs.github.com/rest/overview/rate-limits-for-the-rest-api. Sleeping for 0 seconds...
[2024-12-30T21:21:19.018] [ERROR] CRAWLER - API rate limit exceeded for 'Search code': API rate limit exceeded for user ID 60600792. If you reach out to GitHub Support for help, please include the request ID FAE3:6B8D9:6D10EBA:DA00F1E:6773551E and timestamp 2024-12-31 02:21:18 UTC. - https://docs.github.com/rest/overview/rate-limits-for-the-rest-api. Sleeping for -1 seconds...
[2024-12-30T21:21:19.297] [INFO] CRAWLER - Repository unitaryfund/mitiq does not contain 'glom.assign('.
[2024-12-30T21:21:19.584] [INFO] CRAWLER - Repository facebookresearch/covost does not contain 'glom.assign('.
[2024-12-30T21:21:19.941] [INFO] CRAWLER - Repository xnuinside/codegraph does not contain 'glom.assign('.
[2024-12-30T21:21:20.173] [INFO] CRAWLER - Repository rlouf/mcx does not contain 'glom.assign('.
[2024-12-30T21:21:20.415] [INFO] CRAWLER - Repository HLasse/TextDescriptives does not contain 'glom.assign('.
[2024-12-30T21:21:21.593] [INFO] CRAWLER - Repository DP6/Marketing-Attribution-Models does not contain 'glom.assign('.
[2024-12-30T21:21:21.827] [INFO] CRAWLER - Repository raspicamplayer/camplayer does not contain 'glom.assign('.
[2024-12-30T21:21:22.090] [INFO] CRAWLER - Repository MBrouns/timeseers does not contain 'glom.assign('.
[2024-12-30T21:21:22.351] [INFO] CRAWLER - Repository grplyler/cisco-cheatsheet does not contain 'glom.assign('.
[2024-12-30T21:21:22.582] [ERROR] CRAWLER - API rate limit exceeded for 'Search code': API rate limit exceeded for user ID 60600792. If you reach out to GitHub Support for help, please include the request ID FAE3:6B8D9:6D1176F:DA020C1:67735522 and timestamp 2024-12-31 02:21:22 UTC. - https://docs.github.com/rest/overview/rate-limits-for-the-rest-api. Sleeping for 57 seconds...
[2024-12-30T21:22:19.826] [ERROR] CRAWLER - API rate limit exceeded for 'Search code': API rate limit exceeded for user ID 60600792. If you reach out to GitHub Support for help, please include the request ID FDF0:6B8D9:6D1A58F:DA13D48:6773555B and timestamp 2024-12-31 02:22:19 UTC. - https://docs.github.com/rest/overview/rate-limits-for-the-rest-api. Sleeping for 0 seconds...
[2024-12-30T21:22:20.061] [INFO] CRAWLER - Repository anita-hu/TF2-RL does not contain 'glom.assign('.
[2024-12-30T21:22:20.290] [INFO] CRAWLER - Repository binsentsu/home-assistant-solaredge-modbus does not contain 'glom.assign('.
[2024-12-30T21:22:20.558] [INFO] CRAWLER - Repository reb311ion/replica does not contain 'glom.assign('.
[2024-12-30T21:22:20.793] [INFO] CRAWLER - Repository windson/fastapi does not contain 'glom.assign('.
[2024-12-30T21:22:21.075] [INFO] CRAWLER - Repository astronomer/airflow-chart does not contain 'glom.assign('.
[2024-12-30T21:22:21.330] [INFO] CRAWLER - Repository dhondta/python-codext does not contain 'glom.assign('.
[2024-12-30T21:22:21.574] [INFO] CRAWLER - Repository gaplo917/Ligatured-Hack does not contain 'glom.assign('.
[2024-12-30T21:22:21.821] [INFO] CRAWLER - Repository GDQuest/gdscript-docs-maker does not contain 'glom.assign('.
[2024-12-30T21:22:22.072] [INFO] CRAWLER - Repository The-Alpha-Project/alpha-core does not contain 'glom.assign('.
[2024-12-30T21:22:22.270] [ERROR] CRAWLER - API rate limit exceeded for 'Search code': API rate limit exceeded for user ID 60600792. If you reach out to GitHub Support for help, please include the request ID FDF0:6B8D9:6D1ABBB:DA14987:6773555E and timestamp 2024-12-31 02:22:22 UTC. - https://docs.github.com/rest/overview/rate-limits-for-the-rest-api. Sleeping for 58 seconds...
[2024-12-30T21:23:20.500] [ERROR] CRAWLER - API rate limit exceeded for 'Search code': API rate limit exceeded for user ID 60600792. If you reach out to GitHub Support for help, please include the request ID C025:3694B7:6103DAB:C1ED343:67735598 and timestamp 2024-12-31 02:23:20 UTC. - https://docs.github.com/rest/overview/rate-limits-for-the-rest-api. Sleeping for 0 seconds...
[2024-12-30T21:23:20.700] [ERROR] CRAWLER - API rate limit exceeded for 'Search code': API rate limit exceeded for user ID 60600792. If you reach out to GitHub Support for help, please include the request ID C025:3694B7:6103E27:C1ED436:67735598 and timestamp 2024-12-31 02:23:20 UTC. - https://docs.github.com/rest/overview/rate-limits-for-the-rest-api. Sleeping for 0 seconds...
[2024-12-30T21:23:20.891] [ERROR] CRAWLER - API rate limit exceeded for 'Search code': API rate limit exceeded for user ID 60600792. If you reach out to GitHub Support for help, please include the request ID C025:3694B7:6103EBB:C1ED556:67735598 and timestamp 2024-12-31 02:23:20 UTC. - https://docs.github.com/rest/overview/rate-limits-for-the-rest-api. Sleeping for 0 seconds...
[2024-12-30T21:23:21.153] [INFO] CRAWLER - Repository taki0112/Tensorflow2-Cookbook does not contain 'glom.assign('.
[2024-12-30T21:23:21.402] [INFO] CRAWLER - Repository rainyroads/twitter-saucenao does not contain 'glom.assign('.
[2024-12-30T21:23:21.650] [INFO] CRAWLER - Repository banteg/multicall.py does not contain 'glom.assign('.
[2024-12-30T21:23:21.882] [INFO] CRAWLER - Repository jerry-git/pytest-split does not contain 'glom.assign('.
[2024-12-30T21:23:22.098] [INFO] CRAWLER - Repository ly4k/BlueGate does not contain 'glom.assign('.
[2024-12-30T21:23:22.324] [INFO] CRAWLER - Repository JiayuYANG/CVP-MVSNet does not contain 'glom.assign('.
[2024-12-30T21:23:22.538] [INFO] CRAWLER - Repository daveredrum/ScanRefer does not contain 'glom.assign('.
[2024-12-30T21:23:22.761] [INFO] CRAWLER - Repository andrebrait/1g1r-romset-generator does not contain 'glom.assign('.
[2024-12-30T21:23:23.053] [INFO] CRAWLER - Repository aniketmaurya/chitra does not contain 'glom.assign('.
[2024-12-30T21:23:23.255] [ERROR] CRAWLER - API rate limit exceeded for 'Search code': API rate limit exceeded for user ID 60600792. If you reach out to GitHub Support for help, please include the request ID C025:3694B7:61044DB:C1EE192:6773559B and timestamp 2024-12-31 02:23:23 UTC. - https://docs.github.com/rest/overview/rate-limits-for-the-rest-api. Sleeping for 58 seconds...
[2024-12-30T21:24:21.583] [ERROR] CRAWLER - API rate limit exceeded for 'Search code': API rate limit exceeded for user ID 60600792. If you reach out to GitHub Support for help, please include the request ID C1C6:D8679:608745A:C10696F:677355D5 and timestamp 2024-12-31 02:24:21 UTC. - https://docs.github.com/rest/overview/rate-limits-for-the-rest-api. Sleeping for 0 seconds...
[2024-12-30T21:24:21.821] [ERROR] CRAWLER - API rate limit exceeded for 'Search code': API rate limit exceeded for user ID 60600792. If you reach out to GitHub Support for help, please include the request ID C1C6:D8679:6087530:C106B0B:677355D5 and timestamp 2024-12-31 02:24:21 UTC. - https://docs.github.com/rest/overview/rate-limits-for-the-rest-api. Sleeping for 0 seconds...
[2024-12-30T21:24:22.079] [INFO] CRAWLER - Repository NVlabs/6dof-graspnet does not contain 'glom.assign('.
[2024-12-30T21:24:22.335] [INFO] CRAWLER - Repository bmartacho/UniPose does not contain 'glom.assign('.
[2024-12-30T21:24:22.715] [INFO] CRAWLER - Repository sophos/yaraml_rules does not contain 'glom.assign('.
[2024-12-30T21:24:22.969] [INFO] CRAWLER - Repository jason0x43/hacs-hubitat does not contain 'glom.assign('.
[2024-12-30T21:24:23.200] [INFO] CRAWLER - Repository sevaa/dwex does not contain 'glom.assign('.
[2024-12-30T21:24:23.438] [INFO] CRAWLER - Repository haltakov/simple-photo-gallery does not contain 'glom.assign('.
[2024-12-30T21:24:23.674] [INFO] CRAWLER - Repository 4nat/Reborn does not contain 'glom.assign('.
[2024-12-30T21:24:23.935] [INFO] CRAWLER - Repository SkyTemple/skytemple does not contain 'glom.assign('.
[2024-12-30T21:24:24.232] [INFO] CRAWLER - Repository facebook/usort does not contain 'glom.assign('.
[2024-12-30T21:24:24.454] [ERROR] CRAWLER - API rate limit exceeded for 'Search code': API rate limit exceeded for user ID 60600792. If you reach out to GitHub Support for help, please include the request ID C1C6:D8679:6087CBF:C107A35:677355D8 and timestamp 2024-12-31 02:24:24 UTC. - https://docs.github.com/rest/overview/rate-limits-for-the-rest-api. Sleeping for 58 seconds...
[2024-12-30T21:25:22.680] [ERROR] CRAWLER - API rate limit exceeded for 'Search code': API rate limit exceeded for user ID 60600792. If you reach out to GitHub Support for help, please include the request ID C333:10D32A:26A672:4CD7B1:67735612 and timestamp 2024-12-31 02:25:22 UTC. - https://docs.github.com/rest/overview/rate-limits-for-the-rest-api. Sleeping for 0 seconds...
[2024-12-30T21:25:22.912] [ERROR] CRAWLER - API rate limit exceeded for 'Search code': API rate limit exceeded for user ID 60600792. If you reach out to GitHub Support for help, please include the request ID C333:10D32A:26A70B:4CD8FC:67735612 and timestamp 2024-12-31 02:25:22 UTC. - https://docs.github.com/rest/overview/rate-limits-for-the-rest-api. Sleeping for 0 seconds...
[2024-12-30T21:25:23.167] [INFO] CRAWLER - Repository mtrazzi/rl-book-challenge does not contain 'glom.assign('.
[2024-12-30T21:25:23.419] [INFO] CRAWLER - Repository prakhar21/TextAugmentation-GPT2 does not contain 'glom.assign('.
[2024-12-30T21:25:23.664] [INFO] CRAWLER - Repository THINK989/Real-Time-Stock-Market-Prediction-using-Ensemble-DL-and-Rainbow-DQN does not contain 'glom.assign('.
[2024-12-30T21:25:23.896] [INFO] CRAWLER - Repository JonasPed/homeassistant-eloverblik does not contain 'glom.assign('.
[2024-12-30T21:25:24.172] [INFO] CRAWLER - Repository RedCokeDevelopment/Teapot.py does not contain 'glom.assign('.
[2024-12-30T21:25:24.391] [INFO] CRAWLER - Repository robbrad/UKBinCollectionData does not contain 'glom.assign('.
[2024-12-30T21:25:24.656] [INFO] CRAWLER - Repository natcap/invest does not contain 'glom.assign('.
[2024-12-30T21:25:24.872] [INFO] CRAWLER - Repository jayanam/jsculpt-tools does not contain 'glom.assign('.
[2024-12-30T21:25:26.136] [INFO] CRAWLER - Repository Anish-M-code/URL-obfuscator does not contain 'glom.assign('.
[2024-12-30T21:25:26.365] [ERROR] CRAWLER - API rate limit exceeded for 'Search code': API rate limit exceeded for user ID 60600792. If you reach out to GitHub Support for help, please include the request ID C333:10D32A:26B034:4CEB23:67735616 and timestamp 2024-12-31 02:25:26 UTC. - https://docs.github.com/rest/overview/rate-limits-for-the-rest-api. Sleeping for 57 seconds...
[2024-12-30T21:26:23.653] [ERROR] CRAWLER - API rate limit exceeded for 'Search code': API rate limit exceeded for user ID 60600792. If you reach out to GitHub Support for help, please include the request ID C47A:2CB6FD:2854B4:503409:6773564F and timestamp 2024-12-31 02:26:23 UTC. - https://docs.github.com/rest/overview/rate-limits-for-the-rest-api. Sleeping for 0 seconds...
[2024-12-30T21:26:23.901] [ERROR] CRAWLER - API rate limit exceeded for 'Search code': API rate limit exceeded for user ID 60600792. If you reach out to GitHub Support for help, please include the request ID C47A:2CB6FD:28557E:50357E:6773564F and timestamp 2024-12-31 02:26:23 UTC. - https://docs.github.com/rest/overview/rate-limits-for-the-rest-api. Sleeping for 0 seconds...
[2024-12-30T21:26:24.184] [INFO] CRAWLER - Repository xpublish-community/xpublish does not contain 'glom.assign('.
[2024-12-30T21:26:24.477] [INFO] CRAWLER - Repository prophesee-ai/prophesee-automotive-dataset-toolbox does not contain 'glom.assign('.
[2024-12-30T21:26:24.730] [INFO] CRAWLER - Repository kdgutier/esrnn_torch does not contain 'glom.assign('.
[2024-12-30T21:26:24.994] [INFO] CRAWLER - Repository norbusan/acme-debian does not contain 'glom.assign('.
[2024-12-30T21:26:25.236] [INFO] CRAWLER - Repository vprusso/toqito does not contain 'glom.assign('.
[2024-12-30T21:26:25.517] [INFO] CRAWLER - Repository cytopia/urlbuster does not contain 'glom.assign('.
[2024-12-30T21:26:25.766] [INFO] CRAWLER - Repository AlexxIT/DashCast does not contain 'glom.assign('.
[2024-12-30T21:26:26.023] [INFO] CRAWLER - Repository norbusan/certbot-debian does not contain 'glom.assign('.
[2024-12-30T21:26:26.276] [INFO] CRAWLER - Repository jayleicn/TVRetrieval does not contain 'glom.assign('.
[2024-12-30T21:26:26.517] [ERROR] CRAWLER - API rate limit exceeded for 'Search code': API rate limit exceeded for user ID 60600792. If you reach out to GitHub Support for help, please include the request ID C47A:2CB6FD:285CF4:5044AC:67735652 and timestamp 2024-12-31 02:26:26 UTC. - https://docs.github.com/rest/overview/rate-limits-for-the-rest-api. Sleeping for 58 seconds...
[2024-12-30T21:27:24.761] [ERROR] CRAWLER - API rate limit exceeded for 'Search code': API rate limit exceeded for user ID 60600792. If you reach out to GitHub Support for help, please include the request ID C622:1B2252:29D89B:53626F:6773568C and timestamp 2024-12-31 02:27:24 UTC. - https://docs.github.com/rest/overview/rate-limits-for-the-rest-api. Sleeping for 0 seconds...
[2024-12-30T21:27:24.991] [ERROR] CRAWLER - API rate limit exceeded for 'Search code': API rate limit exceeded for user ID 60600792. If you reach out to GitHub Support for help, please include the request ID C622:1B2252:29D939:536398:6773568C and timestamp 2024-12-31 02:27:24 UTC. - https://docs.github.com/rest/overview/rate-limits-for-the-rest-api. Sleeping for 0 seconds...
[2024-12-30T21:27:25.434] [INFO] CRAWLER - Repository ANL-CEEESA/MIPLearn does not contain 'glom.assign('.
[2024-12-30T21:27:25.747] [INFO] CRAWLER - Repository wuhan-support/wuhan.support does not contain 'glom.assign('.
[2024-12-30T21:27:25.986] [INFO] CRAWLER - Repository defparam/h1passets does not contain 'glom.assign('.
[2024-12-30T21:27:26.259] [INFO] CRAWLER - Repository ros2/ros2_tracing does not contain 'glom.assign('.
[2024-12-30T21:27:26.482] [INFO] CRAWLER - Repository bl0/moco does not contain 'glom.assign('.
[2024-12-30T21:27:26.756] [INFO] CRAWLER - Repository simplecto/screenshots does not contain 'glom.assign('.
[2024-12-30T21:27:27.004] [INFO] CRAWLER - Repository tmobile/magtape does not contain 'glom.assign('.
[2024-12-30T21:27:27.004] [INFO] CRAWLER - [+] Filtered 0/100 results using filterHasGlomAssign
[2024-12-30T21:27:27.005] [INFO] CRAWLER - [+] Found 0/100 results for "created:2020-01-22..2020-01-29 language:Python stars:>100" on page 1.
[2024-12-30T21:27:38.109] [INFO] CRAWLER - Repository Wanghui-Huang/CQU_bigdata does not contain 'glom.assign('.
[2024-12-30T21:27:38.385] [INFO] CRAWLER - Repository sirk123au/ArrTools does not contain 'glom.assign('.
[2024-12-30T21:27:38.607] [ERROR] CRAWLER - API rate limit exceeded for 'Search code': API rate limit exceeded for user ID 60600792. If you reach out to GitHub Support for help, please include the request ID C622:1B2252:29F86A:53A1A7:6773569A and timestamp 2024-12-31 02:27:38 UTC. - https://docs.github.com/rest/overview/rate-limits-for-the-rest-api. Sleeping for 47 seconds...
[2024-12-30T21:28:25.836] [ERROR] CRAWLER - API rate limit exceeded for 'Search code': API rate limit exceeded for user ID 60600792. If you reach out to GitHub Support for help, please include the request ID C84C:6123E:29D5A9:536DA6:677356C9 and timestamp 2024-12-31 02:28:25 UTC. - https://docs.github.com/rest/overview/rate-limits-for-the-rest-api. Sleeping for 0 seconds...
[2024-12-30T21:28:26.060] [INFO] CRAWLER - Repository snopf/snopf does not contain 'glom.assign('.
[2024-12-30T21:28:26.310] [INFO] CRAWLER - Repository 21y4d/blindSQLi does not contain 'glom.assign('.
[2024-12-30T21:28:26.556] [INFO] CRAWLER - Repository fidler-lab/social-driving does not contain 'glom.assign('.
[2024-12-30T21:28:26.826] [INFO] CRAWLER - Repository CERTCC/SSVC does not contain 'glom.assign('.
[2024-12-30T21:28:27.092] [INFO] CRAWLER - Repository wuhan2020/api-server does not contain 'glom.assign('.
[2024-12-30T21:28:27.328] [INFO] CRAWLER - Repository Radulepy/InstagramBot does not contain 'glom.assign('.
[2024-12-30T21:28:27.595] [INFO] CRAWLER - Repository facebookresearch/impact-driven-exploration does not contain 'glom.assign('.
[2024-12-30T21:28:27.840] [INFO] CRAWLER - Repository bubbliiiing/Keras-Attention does not contain 'glom.assign('.
[2024-12-30T21:28:28.067] [INFO] CRAWLER - Repository liu-nlper/dialogue-utterance-rewriter does not contain 'glom.assign('.
[2024-12-30T21:28:28.248] [ERROR] CRAWLER - API rate limit exceeded for 'Search code': API rate limit exceeded for user ID 60600792. If you reach out to GitHub Support for help, please include the request ID C84C:6123E:29DB25:53789D:677356CC and timestamp 2024-12-31 02:28:28 UTC. - https://docs.github.com/rest/overview/rate-limits-for-the-rest-api. Sleeping for 58 seconds...
[2024-12-30T21:29:26.525] [ERROR] CRAWLER - API rate limit exceeded for 'Search code': API rate limit exceeded for user ID 60600792. If you reach out to GitHub Support for help, please include the request ID CA79:33D5B5:2CB59B:58F280:67735706 and timestamp 2024-12-31 02:29:26 UTC. - https://docs.github.com/rest/overview/rate-limits-for-the-rest-api. Sleeping for 0 seconds...
[2024-12-30T21:29:26.743] [ERROR] CRAWLER - API rate limit exceeded for 'Search code': API rate limit exceeded for user ID 60600792. If you reach out to GitHub Support for help, please include the request ID CA79:33D5B5:2CB61C:58F3A9:67735706 and timestamp 2024-12-31 02:29:26 UTC. - https://docs.github.com/rest/overview/rate-limits-for-the-rest-api. Sleeping for 0 seconds...
[2024-12-30T21:29:26.945] [ERROR] CRAWLER - API rate limit exceeded for 'Search code': API rate limit exceeded for user ID 60600792. If you reach out to GitHub Support for help, please include the request ID CA79:33D5B5:2CB6AB:58F4B8:67735706 and timestamp 2024-12-31 02:29:26 UTC. - https://docs.github.com/rest/overview/rate-limits-for-the-rest-api. Sleeping for 0 seconds...
[2024-12-30T21:29:27.234] [INFO] CRAWLER - Repository birolemekli/tcdd-bilet-yer-kontrol does not contain 'glom.assign('.
[2024-12-30T21:29:27.497] [INFO] CRAWLER - Repository cytopia/smtp-user-enum does not contain 'glom.assign('.
[2024-12-30T21:29:27.740] [INFO] CRAWLER - Repository hydrogo/rainnet does not contain 'glom.assign('.
[2024-12-30T21:29:27.971] [INFO] CRAWLER - Repository Glyphack/spotify_telegram_bot does not contain 'glom.assign('.
[2024-12-30T21:29:28.228] [INFO] CRAWLER - Repository apple/ml-capsules-inverted-attention-routing does not contain 'glom.assign('.
[2024-12-30T21:29:28.457] [INFO] CRAWLER - Repository KunZhou9646/emotional-voice-conversion-with-CycleGAN-and-CWT-for-Spectrum-and-F0 does not contain 'glom.assign('.
[2024-12-30T21:29:28.805] [INFO] CRAWLER - Repository developmentseed/morecantile does not contain 'glom.assign('.
[2024-12-30T21:29:29.111] [INFO] CRAWLER - Repository materialsproject/api does not contain 'glom.assign('.
[2024-12-30T21:29:29.362] [INFO] CRAWLER - Repository dukeduck1984/uReflowOven-Esp32-Micropython does not contain 'glom.assign('.
[2024-12-30T21:29:29.567] [ERROR] CRAWLER - API rate limit exceeded for 'Search code': API rate limit exceeded for user ID 60600792. If you reach out to GitHub Support for help, please include the request ID CA79:33D5B5:2CBD6B:590200:67735709 and timestamp 2024-12-31 02:29:29 UTC. - https://docs.github.com/rest/overview/rate-limits-for-the-rest-api. Sleeping for 58 seconds...
[2024-12-30T21:30:27.810] [ERROR] CRAWLER - API rate limit exceeded for 'Search code': API rate limit exceeded for user ID 60600792. If you reach out to GitHub Support for help, please include the request ID CBDD:39174:2D44F16:5A4C811:67735743 and timestamp 2024-12-31 02:30:27 UTC. - https://docs.github.com/rest/overview/rate-limits-for-the-rest-api. Sleeping for 0 seconds...
[2024-12-30T21:30:28.000] [ERROR] CRAWLER - API rate limit exceeded for 'Search code': API rate limit exceeded for user ID 60600792. If you reach out to GitHub Support for help, please include the request ID CBDD:39174:2D44FAB:5A4C92A:67735743 and timestamp 2024-12-31 02:30:27 UTC. - https://docs.github.com/rest/overview/rate-limits-for-the-rest-api. Sleeping for -1 seconds...
[2024-12-30T21:30:28.260] [INFO] CRAWLER - Repository Crazysiri/chineseholiday does not contain 'glom.assign('.
[2024-12-30T21:30:28.511] [INFO] CRAWLER - Repository murtazahassan/Tello-Object-Tracking does not contain 'glom.assign('.
[2024-12-30T21:30:28.909] [INFO] CRAWLER - Repository guiqiqi/leaf does not contain 'glom.assign('.
[2024-12-30T21:30:29.152] [INFO] CRAWLER - Repository amaranth-lang/amaranth-boards does not contain 'glom.assign('.
[2024-12-30T21:30:29.405] [INFO] CRAWLER - Repository NVIDIA/unsupervised-video-interpolation does not contain 'glom.assign('.
[2024-12-30T21:30:29.651] [INFO] CRAWLER - Repository mhashas/Document-Image-Unwarping-pytorch does not contain 'glom.assign('.
[2024-12-30T21:30:29.975] [INFO] CRAWLER - Repository edmundsj/rcwa does not contain 'glom.assign('.
[2024-12-30T21:30:30.251] [INFO] CRAWLER - Repository kebaldwi/DNAC-TEMPLATES does not contain 'glom.assign('.
[2024-12-30T21:30:30.488] [INFO] CRAWLER - Repository codingforentrepreneurs/OpenCV-REST-API does not contain 'glom.assign('.
[2024-12-30T21:30:30.700] [ERROR] CRAWLER - API rate limit exceeded for 'Search code': API rate limit exceeded for user ID 60600792. If you reach out to GitHub Support for help, please include the request ID CBDD:39174:2D457C9:5A4D97C:67735746 and timestamp 2024-12-31 02:30:30 UTC. - https://docs.github.com/rest/overview/rate-limits-for-the-rest-api. Sleeping for 58 seconds...
[2024-12-30T21:31:28.966] [ERROR] CRAWLER - API rate limit exceeded for 'Search code': API rate limit exceeded for user ID 60600792. If you reach out to GitHub Support for help, please include the request ID CD80:173E01:2DB5D36:5B316DA:67735780 and timestamp 2024-12-31 02:31:28 UTC. - https://docs.github.com/rest/overview/rate-limits-for-the-rest-api. Sleeping for 0 seconds...
[2024-12-30T21:31:29.224] [INFO] CRAWLER - Repository tosmart01/fastsql does not contain 'glom.assign('.
[2024-12-30T21:31:29.462] [INFO] CRAWLER - Repository giladreich/ida_migrator does not contain 'glom.assign('.
[2024-12-30T21:31:29.719] [INFO] CRAWLER - Repository S2-group/icse-seip-2020-replication-package does not contain 'glom.assign('.
[2024-12-30T21:31:30.005] [INFO] CRAWLER - Repository mnrkbys/macosac does not contain 'glom.assign('.
[2024-12-30T21:31:30.006] [INFO] CRAWLER - [+] Filtered 0/33 results using filterHasGlomAssign
[2024-12-30T21:31:30.006] [INFO] CRAWLER - [+] Found 0/33 results for "created:2020-01-22..2020-01-29 language:Python stars:>100" on page 2.
[2024-12-30T21:31:30.008] [INFO] CRAWLER - [+] Saved 0 repositories so far.
[2024-12-30T21:31:30.008] [INFO] CRAWLER - [+] Searching for repositories created between 2020-01-29 and 2020-02-05
[2024-12-30T21:31:42.722] [INFO] CRAWLER - Repository mingrammer/diagrams does not contain 'glom.assign('.
[2024-12-30T21:31:43.043] [INFO] CRAWLER - Repository microsoft/DeepSpeedExamples does not contain 'glom.assign('.
[2024-12-30T21:31:43.295] [INFO] CRAWLER - Repository pyppeteer/pyppeteer does not contain 'glom.assign('.
[2024-12-30T21:31:43.540] [INFO] CRAWLER - Repository slavfox/Cozette does not contain 'glom.assign('.
[2024-12-30T21:31:43.758] [INFO] CRAWLER - Repository LimerBoy/Impulse does not contain 'glom.assign('.
[2024-12-30T21:31:43.945] [ERROR] CRAWLER - API rate limit exceeded for 'Search code': API rate limit exceeded for user ID 60600792. If you reach out to GitHub Support for help, please include the request ID CD80:173E01:2DB83D4:5B363DC:6773578F and timestamp 2024-12-31 02:31:43 UTC. - https://docs.github.com/rest/overview/rate-limits-for-the-rest-api. Sleeping for 46 seconds...
[2024-12-30T21:32:30.320] [INFO] CRAWLER - Repository NLP-LOVE/Introduction-NLP does not contain 'glom.assign('.
[2024-12-30T21:32:30.626] [INFO] CRAWLER - Repository BlankerL/DXY-COVID-19-Data does not contain 'glom.assign('.
[2024-12-30T21:32:30.909] [INFO] CRAWLER - Repository megadose/toutatis does not contain 'glom.assign('.
[2024-12-30T21:32:31.170] [INFO] CRAWLER - Repository srx-2000/spider_collection does not contain 'glom.assign('.
[2024-12-30T21:32:31.418] [INFO] CRAWLER - Repository duneanalytics/spellbook does not contain 'glom.assign('.
[2024-12-30T21:32:31.635] [INFO] CRAWLER - Repository GeekAlexis/FastMOT does not contain 'glom.assign('.
[2024-12-30T21:32:31.937] [INFO] CRAWLER - Repository google/fuzzbench does not contain 'glom.assign('.
[2024-12-30T21:32:32.192] [INFO] CRAWLER - Repository FoldingAtHome/coronavirus does not contain 'glom.assign('.
[2024-12-30T21:32:32.442] [INFO] CRAWLER - Repository e3nn/e3nn does not contain 'glom.assign('.
[2024-12-30T21:32:32.676] [ERROR] CRAWLER - API rate limit exceeded for 'Search code': API rate limit exceeded for user ID 60600792. If you reach out to GitHub Support for help, please include the request ID CE91:173E01:2DC083C:5B46B27:677357C0 and timestamp 2024-12-31 02:32:32 UTC. - https://docs.github.com/rest/overview/rate-limits-for-the-rest-api. Sleeping for 58 seconds...
[2024-12-30T21:33:30.967] [ERROR] CRAWLER - API rate limit exceeded for 'Search code': API rate limit exceeded for user ID 60600792. If you reach out to GitHub Support for help, please include the request ID D15E:15BE98:2EAE8DC:5D0F3E4:677357FA and timestamp 2024-12-31 02:33:30 UTC. - https://docs.github.com/rest/overview/rate-limits-for-the-rest-api. Sleeping for 0 seconds...
[2024-12-30T21:33:31.248] [INFO] CRAWLER - Repository snap-stanford/pretrain-gnns does not contain 'glom.assign('.
[2024-12-30T21:33:31.484] [INFO] CRAWLER - Repository jankrepl/deepdow does not contain 'glom.assign('.
[2024-12-30T21:33:31.914] [INFO] CRAWLER - Repository ansible-collections/community.general does not contain 'glom.assign('.
[2024-12-30T21:33:32.144] [INFO] CRAWLER - Repository cunjian/pytorch_face_landmark does not contain 'glom.assign('.
[2024-12-30T21:33:32.398] [INFO] CRAWLER - Repository iommirocks/iommi does not contain 'glom.assign('.
[2024-12-30T21:33:32.650] [INFO] CRAWLER - Repository segment-any-text/wtpsplit does not contain 'glom.assign('.
[2024-12-30T21:33:32.865] [INFO] CRAWLER - Repository kekmodel/FixMatch-pytorch does not contain 'glom.assign('.
[2024-12-30T21:33:33.102] [INFO] CRAWLER - Repository ikergarcia1996/Self-Driving-Car-in-Video-Games does not contain 'glom.assign('.
[2024-12-30T21:33:33.354] [INFO] CRAWLER - Repository FreeTAKTeam/FreeTakServer does not contain 'glom.assign('.
[2024-12-30T21:33:33.627] [ERROR] CRAWLER - API rate limit exceeded for 'Search code': API rate limit exceeded for user ID 60600792. If you reach out to GitHub Support for help, please include the request ID D15E:15BE98:2EAEFE0:5D101DA:677357FD and timestamp 2024-12-31 02:33:33 UTC. - https://docs.github.com/rest/overview/rate-limits-for-the-rest-api. Sleeping for 58 seconds...
[2024-12-30T21:34:31.863] [ERROR] CRAWLER - API rate limit exceeded for 'Search code': API rate limit exceeded for user ID 60600792. If you reach out to GitHub Support for help, please include the request ID 9C9C:1B9907:2BB6FF2:5750CA9:67735837 and timestamp 2024-12-31 02:34:31 UTC. - https://docs.github.com/rest/overview/rate-limits-for-the-rest-api. Sleeping for 0 seconds...
[2024-12-30T21:34:32.080] [INFO] CRAWLER - Repository maxhumber/gif does not contain 'glom.assign('.
[2024-12-30T21:34:32.292] [INFO] CRAWLER - Repository OverLordGoldDragon/ssqueezepy does not contain 'glom.assign('.
[2024-12-30T21:34:32.559] [INFO] CRAWLER - Repository xuyige/BERT4doc-Classification does not contain 'glom.assign('.
[2024-12-30T21:34:32.846] [INFO] CRAWLER - Repository russhughes/st7789_mpy does not contain 'glom.assign('.
[2024-12-30T21:34:33.108] [INFO] CRAWLER - Repository YatingMusic/remi does not contain 'glom.assign('.
[2024-12-30T21:34:33.406] [INFO] CRAWLER - Repository ovh/celery-director does not contain 'glom.assign('.
[2024-12-30T21:34:33.628] [INFO] CRAWLER - Repository stefan-it/turkish-bert does not contain 'glom.assign('.
[2024-12-30T21:34:33.872] [INFO] CRAWLER - Repository encode/httpcore does not contain 'glom.assign('.
[2024-12-30T21:34:34.117] [INFO] CRAWLER - Repository ssize-t/inlinec does not contain 'glom.assign('.
[2024-12-30T21:34:34.341] [ERROR] CRAWLER - API rate limit exceeded for 'Search code': API rate limit exceeded for user ID 60600792. If you reach out to GitHub Support for help, please include the request ID 9C9C:1B9907:2BB7664:5751987:6773583A and timestamp 2024-12-31 02:34:34 UTC. - https://docs.github.com/rest/overview/rate-limits-for-the-rest-api. Sleeping for 58 seconds...
[2024-12-30T21:35:32.630] [ERROR] CRAWLER - API rate limit exceeded for 'Search code': API rate limit exceeded for user ID 60600792. If you reach out to GitHub Support for help, please include the request ID D582:90D87:66C8201:CD89E92:67735874 and timestamp 2024-12-31 02:35:32 UTC. - https://docs.github.com/rest/overview/rate-limits-for-the-rest-api. Sleeping for 0 seconds...
[2024-12-30T21:35:32.993] [ERROR] CRAWLER - API rate limit exceeded for 'Search code': API rate limit exceeded for user ID 60600792. If you reach out to GitHub Support for help, please include the request ID D582:90D87:66C82DF:CD8A041:67735874 and timestamp 2024-12-31 02:35:32 UTC. - https://docs.github.com/rest/overview/rate-limits-for-the-rest-api. Sleeping for 0 seconds...
[2024-12-30T21:35:33.315] [INFO] CRAWLER - Repository google/cloud-forensics-utils does not contain 'glom.assign('.
[2024-12-30T21:35:33.588] [INFO] CRAWLER - Repository mementum/bta-lib does not contain 'glom.assign('.
[2024-12-30T21:35:33.826] [INFO] CRAWLER - Repository AkariAsai/learning_to_retrieve_reasoning_paths does not contain 'glom.assign('.
[2024-12-30T21:35:34.067] [INFO] CRAWLER - Repository weisongwen/UrbanLoco does not contain 'glom.assign('.
[2024-12-30T21:35:34.322] [INFO] CRAWLER - Repository TomoeMami/S1PlainTextBackup does not contain 'glom.assign('.
[2024-12-30T21:35:34.574] [INFO] CRAWLER - Repository MulongXie/UIED does not contain 'glom.assign('.
[2024-12-30T21:35:34.820] [INFO] CRAWLER - Repository dinoperovic/django-salesman does not contain 'glom.assign('.
[2024-12-30T21:35:35.162] [INFO] CRAWLER - Repository CyberAgentAILab/cmaes does not contain 'glom.assign('.
[2024-12-30T21:35:35.372] [INFO] CRAWLER - Repository layumi/Seg-Uncertainty does not contain 'glom.assign('.
[2024-12-30T21:35:35.573] [ERROR] CRAWLER - API rate limit exceeded for 'Search code': API rate limit exceeded for user ID 60600792. If you reach out to GitHub Support for help, please include the request ID D582:90D87:66C891D:CD8ACBB:67735877 and timestamp 2024-12-31 02:35:35 UTC. - https://docs.github.com/rest/overview/rate-limits-for-the-rest-api. Sleeping for 58 seconds...
[2024-12-30T21:36:33.811] [ERROR] CRAWLER - API rate limit exceeded for 'Search code': API rate limit exceeded for user ID 60600792. If you reach out to GitHub Support for help, please include the request ID D76F:25C487:6050869:C0C7D6F:677358B1 and timestamp 2024-12-31 02:36:33 UTC. - https://docs.github.com/rest/overview/rate-limits-for-the-rest-api. Sleeping for 0 seconds...
[2024-12-30T21:36:34.068] [INFO] CRAWLER - Repository Colin-b/pytest_httpx does not contain 'glom.assign('.
[2024-12-30T21:36:34.314] [INFO] CRAWLER - Repository jiangsir404/POC-S does not contain 'glom.assign('.
[2024-12-30T21:36:34.586] [INFO] CRAWLER - Repository facebookresearch/covost does not contain 'glom.assign('.
[2024-12-30T21:36:34.838] [INFO] CRAWLER - Repository XTeam-Wing/Vulcan does not contain 'glom.assign('.
[2024-12-30T21:36:35.063] [INFO] CRAWLER - Repository echowxsy/CMPEDUDownload does not contain 'glom.assign('.
[2024-12-30T21:36:35.317] [INFO] CRAWLER - Repository techwithtim/Chat-Web-App does not contain 'glom.assign('.
[2024-12-30T21:36:35.603] [INFO] CRAWLER - Repository streamlit/demo-face-gan does not contain 'glom.assign('.
[2024-12-30T21:36:35.879] [INFO] CRAWLER - Repository google-research-datasets/tydiqa does not contain 'glom.assign('.
[2024-12-30T21:36:36.137] [INFO] CRAWLER - Repository channable/opnieuw does not contain 'glom.assign('.
[2024-12-30T21:36:36.324] [ERROR] CRAWLER - API rate limit exceeded for 'Search code': API rate limit exceeded for user ID 60600792. If you reach out to GitHub Support for help, please include the request ID D76F:25C487:6050E3D:C0C893F:677358B4 and timestamp 2024-12-31 02:36:36 UTC. - https://docs.github.com/rest/overview/rate-limits-for-the-rest-api. Sleeping for 58 seconds...
[2024-12-30T21:37:34.940] [ERROR] CRAWLER - API rate limit exceeded for 'Search code': API rate limit exceeded for user ID 60600792. If you reach out to GitHub Support for help, please include the request ID DA0C:34446A:7036896:DFFCB92:677358EE and timestamp 2024-12-31 02:37:34 UTC. - https://docs.github.com/rest/overview/rate-limits-for-the-rest-api. Sleeping for 0 seconds...
[2024-12-30T21:37:35.289] [INFO] CRAWLER - Repository MuhammadKhizerJaved/Insecure-Firebase-Exploit does not contain 'glom.assign('.
[2024-12-30T21:37:35.546] [INFO] CRAWLER - Repository ton-blockchain/mytonctrl does not contain 'glom.assign('.
[2024-12-30T21:37:35.804] [INFO] CRAWLER - Repository maykar/plex_assistant does not contain 'glom.assign('.
[2024-12-30T21:37:36.062] [INFO] CRAWLER - Repository sgrvinod/a-PyTorch-Tutorial-to-Transformers does not contain 'glom.assign('.
[2024-12-30T21:37:36.294] [INFO] CRAWLER - Repository peteryuX/retinaface-tf2 does not contain 'glom.assign('.
[2024-12-30T21:37:36.528] [INFO] CRAWLER - Repository cytoscape/ipycytoscape does not contain 'glom.assign('.
[2024-12-30T21:37:36.804] [INFO] CRAWLER - Repository containers/podman-py does not contain 'glom.assign('.
[2024-12-30T21:37:37.024] [INFO] CRAWLER - Repository SkynetLabs/skynet-webportal does not contain 'glom.assign('.
[2024-12-30T21:37:37.272] [INFO] CRAWLER - Repository YatingMusic/miditoolkit does not contain 'glom.assign('.
[2024-12-30T21:37:37.473] [ERROR] CRAWLER - API rate limit exceeded for 'Search code': API rate limit exceeded for user ID 60600792. If you reach out to GitHub Support for help, please include the request ID DA0C:34446A:7036F23:DFFD899:677358F1 and timestamp 2024-12-31 02:37:37 UTC. - https://docs.github.com/rest/overview/rate-limits-for-the-rest-api. Sleeping for 58 seconds...
[2024-12-30T21:38:35.725] [ERROR] CRAWLER - API rate limit exceeded for 'Search code': API rate limit exceeded for user ID 60600792. If you reach out to GitHub Support for help, please include the request ID DAF7:20EF74:6696AB9:CCC8EA8:6773592B and timestamp 2024-12-31 02:38:35 UTC. - https://docs.github.com/rest/overview/rate-limits-for-the-rest-api. Sleeping for 0 seconds...
[2024-12-30T21:38:35.924] [ERROR] CRAWLER - API rate limit exceeded for 'Search code': API rate limit exceeded for user ID 60600792. If you reach out to GitHub Support for help, please include the request ID DAF7:20EF74:6696B42:CCC8FCF:6773592B and timestamp 2024-12-31 02:38:35 UTC. - https://docs.github.com/rest/overview/rate-limits-for-the-rest-api. Sleeping for 0 seconds...
[2024-12-30T21:38:36.206] [INFO] CRAWLER - Repository tgorgdotcom/locast2plex does not contain 'glom.assign('.
[2024-12-30T21:38:36.450] [INFO] CRAWLER - Repository theloneplant/blender-spritesheets does not contain 'glom.assign('.
[2024-12-30T21:38:36.694] [INFO] CRAWLER - Repository ThibTrip/pangres does not contain 'glom.assign('.
[2024-12-30T21:38:36.913] [INFO] CRAWLER - Repository scverse/muon does not contain 'glom.assign('.
[2024-12-30T21:38:37.160] [INFO] CRAWLER - Repository xiaoheiwo/GGSCAN does not contain 'glom.assign('.
[2024-12-30T21:38:37.388] [INFO] CRAWLER - Repository tkhirianov/lections_2020 does not contain 'glom.assign('.
[2024-12-30T21:38:37.649] [INFO] CRAWLER - Repository kajweb/wqxuetang_downloader does not contain 'glom.assign('.
[2024-12-30T21:38:37.900] [INFO] CRAWLER - Repository benedekrozemberczki/shapley does not contain 'glom.assign('.
[2024-12-30T21:38:38.155] [INFO] CRAWLER - Repository simonblowsnow/COVID-19-Visualization does not contain 'glom.assign('.
[2024-12-30T21:38:38.361] [ERROR] CRAWLER - API rate limit exceeded for 'Search code': API rate limit exceeded for user ID 60600792. If you reach out to GitHub Support for help, please include the request ID DAF7:20EF74:669716D:CCC9C1E:6773592E and timestamp 2024-12-31 02:38:38 UTC. - https://docs.github.com/rest/overview/rate-limits-for-the-rest-api. Sleeping for 58 seconds...
[2024-12-30T21:39:36.743] [ERROR] CRAWLER - API rate limit exceeded for 'Search code': API rate limit exceeded for user ID 60600792. If you reach out to GitHub Support for help, please include the request ID DDA1:21FE76:689F8EC:D0FF648:67735968 and timestamp 2024-12-31 02:39:36 UTC. - https://docs.github.com/rest/overview/rate-limits-for-the-rest-api. Sleeping for 0 seconds...
[2024-12-30T21:39:36.938] [ERROR] CRAWLER - API rate limit exceeded for 'Search code': API rate limit exceeded for user ID 60600792. If you reach out to GitHub Support for help, please include the request ID DDA1:21FE76:689F9AC:D0FF7CA:67735968 and timestamp 2024-12-31 02:39:36 UTC. - https://docs.github.com/rest/overview/rate-limits-for-the-rest-api. Sleeping for 0 seconds...
[2024-12-30T21:39:37.171] [INFO] CRAWLER - Repository iheartla/iheartla does not contain 'glom.assign('.
[2024-12-30T21:39:37.431] [INFO] CRAWLER - Repository Thijsvanede/DeepLog does not contain 'glom.assign('.
[2024-12-30T21:39:37.702] [INFO] CRAWLER - Repository PaloAltoNetworks/pan-os-ansible does not contain 'glom.assign('.
[2024-12-30T21:39:37.942] [INFO] CRAWLER - Repository hristo-atanasov/Tasmota-IRHVAC does not contain 'glom.assign('.
[2024-12-30T21:39:38.204] [INFO] CRAWLER - Repository tasooshi/brutas does not contain 'glom.assign('.
[2024-12-30T21:39:38.413] [INFO] CRAWLER - Repository 4nat/Reborn does not contain 'glom.assign('.
[2024-12-30T21:39:38.634] [INFO] CRAWLER - Repository 0xb0bb/karkinos does not contain 'glom.assign('.
[2024-12-30T21:39:38.886] [INFO] CRAWLER - Repository antoine77340/S3D_HowTo100M does not contain 'glom.assign('.
[2024-12-30T21:39:39.119] [INFO] CRAWLER - Repository yihenglu/chinese-address-segment does not contain 'glom.assign('.
[2024-12-30T21:39:39.320] [ERROR] CRAWLER - API rate limit exceeded for 'Search code': API rate limit exceeded for user ID 60600792. If you reach out to GitHub Support for help, please include the request ID DDA1:21FE76:68A0045:D1004F9:6773596B and timestamp 2024-12-31 02:39:39 UTC. - https://docs.github.com/rest/overview/rate-limits-for-the-rest-api. Sleeping for 58 seconds...
[2024-12-30T21:40:37.574] [ERROR] CRAWLER - API rate limit exceeded for 'Search code': API rate limit exceeded for user ID 60600792. If you reach out to GitHub Support for help, please include the request ID DF9F:1B2252:30DAEF:615ABC:677359A5 and timestamp 2024-12-31 02:40:37 UTC. - https://docs.github.com/rest/overview/rate-limits-for-the-rest-api. Sleeping for 0 seconds...
[2024-12-30T21:40:37.772] [ERROR] CRAWLER - API rate limit exceeded for 'Search code': API rate limit exceeded for user ID 60600792. If you reach out to GitHub Support for help, please include the request ID DF9F:1B2252:30DB78:615BB1:677359A5 and timestamp 2024-12-31 02:40:37 UTC. - https://docs.github.com/rest/overview/rate-limits-for-the-rest-api. Sleeping for 0 seconds...
[2024-12-30T21:40:38.064] [INFO] CRAWLER - Repository gregzaal/Auto-Voice-Channels does not contain 'glom.assign('.
[2024-12-30T21:40:38.312] [INFO] CRAWLER - Repository prakhar21/TextAugmentation-GPT2 does not contain 'glom.assign('.
[2024-12-30T21:40:38.582] [INFO] CRAWLER - Repository harrison-broadbent/libgen-api does not contain 'glom.assign('.
[2024-12-30T21:40:38.818] [INFO] CRAWLER - Repository hevalhazalkurt/codewars_python_solutions does not contain 'glom.assign('.
[2024-12-30T21:40:39.058] [INFO] CRAWLER - Repository omegaml/minibatch does not contain 'glom.assign('.
[2024-12-30T21:40:39.317] [INFO] CRAWLER - Repository CFMTech/pytest-monitor does not contain 'glom.assign('.
[2024-12-30T21:40:39.584] [INFO] CRAWLER - Repository natcap/invest does not contain 'glom.assign('.
[2024-12-30T21:40:39.847] [INFO] CRAWLER - Repository russhughes/st7789py_mpy does not contain 'glom.assign('.
[2024-12-30T21:40:40.115] [INFO] CRAWLER - Repository ourownstory/AR-Net does not contain 'glom.assign('.
[2024-12-30T21:40:40.345] [ERROR] CRAWLER - API rate limit exceeded for 'Search code': API rate limit exceeded for user ID 60600792. If you reach out to GitHub Support for help, please include the request ID DF9F:1B2252:30E13E:616744:677359A8 and timestamp 2024-12-31 02:40:40 UTC. - https://docs.github.com/rest/overview/rate-limits-for-the-rest-api. Sleeping for 58 seconds...
[2024-12-30T21:41:38.633] [ERROR] CRAWLER - API rate limit exceeded for 'Search code': API rate limit exceeded for user ID 60600792. If you reach out to GitHub Support for help, please include the request ID E19E:2CB6FD:31CA32:6308DC:677359E2 and timestamp 2024-12-31 02:41:38 UTC. - https://docs.github.com/rest/overview/rate-limits-for-the-rest-api. Sleeping for 0 seconds...
[2024-12-30T21:41:38.889] [ERROR] CRAWLER - API rate limit exceeded for 'Search code': API rate limit exceeded for user ID 60600792. If you reach out to GitHub Support for help, please include the request ID E19E:2CB6FD:31CAF2:630A5F:677359E2 and timestamp 2024-12-31 02:41:38 UTC. - https://docs.github.com/rest/overview/rate-limits-for-the-rest-api. Sleeping for 0 seconds...
[2024-12-30T21:41:39.128] [INFO] CRAWLER - Repository complexdb/zincbase does not contain 'glom.assign('.
[2024-12-30T21:41:39.369] [INFO] CRAWLER - Repository virgoC0der/SentimentAnalysisOfProductReview does not contain 'glom.assign('.
[2024-12-30T21:41:39.594] [INFO] CRAWLER - Repository mikel-brostrom/Yolov3_DeepSort_Pytorch does not contain 'glom.assign('.
[2024-12-30T21:41:39.798] [INFO] CRAWLER - Repository bubbliiiing/ssd-keras does not contain 'glom.assign('.
[2024-12-30T21:41:40.042] [INFO] CRAWLER - Repository fellerts/procal does not contain 'glom.assign('.
[2024-12-30T21:41:40.311] [INFO] CRAWLER - Repository S-aiueo32/lpips-pytorch does not contain 'glom.assign('.
[2024-12-30T21:41:40.552] [INFO] CRAWLER - Repository maiyao1988/IDAScripts does not contain 'glom.assign('.
[2024-12-30T21:41:40.790] [INFO] CRAWLER - Repository SAI-24-me/neverWriteByHand does not contain 'glom.assign('.
[2024-12-30T21:41:41.099] [INFO] CRAWLER - Repository e2nIEE/pandapipes does not contain 'glom.assign('.
[2024-12-30T21:41:41.351] [ERROR] CRAWLER - API rate limit exceeded for 'Search code': API rate limit exceeded for user ID 60600792. If you reach out to GitHub Support for help, please include the request ID E19E:2CB6FD:31D141:631700:677359E5 and timestamp 2024-12-31 02:41:41 UTC. - https://docs.github.com/rest/overview/rate-limits-for-the-rest-api. Sleeping for 58 seconds...
[2024-12-30T21:42:39.617] [ERROR] CRAWLER - API rate limit exceeded for 'Search code': API rate limit exceeded for user ID 60600792. If you reach out to GitHub Support for help, please include the request ID E337:29F447:38B7D1:70F45E:67735A1F and timestamp 2024-12-31 02:42:39 UTC. - https://docs.github.com/rest/overview/rate-limits-for-the-rest-api. Sleeping for 0 seconds...
[2024-12-30T21:42:39.826] [ERROR] CRAWLER - API rate limit exceeded for 'Search code': API rate limit exceeded for user ID 60600792. If you reach out to GitHub Support for help, please include the request ID E337:29F447:38B83A:70F53E:67735A1F and timestamp 2024-12-31 02:42:39 UTC. - https://docs.github.com/rest/overview/rate-limits-for-the-rest-api. Sleeping for 0 seconds...
[2024-12-30T21:42:40.071] [INFO] CRAWLER - Repository fxmeng/filter-grafting does not contain 'glom.assign('.
[2024-12-30T21:42:40.328] [INFO] CRAWLER - Repository INK-USC/CommonGen does not contain 'glom.assign('.
[2024-12-30T21:42:40.606] [INFO] CRAWLER - Repository xahidbuffon/Deep_SESR does not contain 'glom.assign('.
[2024-12-30T21:42:40.849] [INFO] CRAWLER - Repository murtazahassan/Document-Scanner does not contain 'glom.assign('.
[2024-12-30T21:42:41.092] [INFO] CRAWLER - Repository Chenzhaowei13/Light-Condition-Style-Transfer does not contain 'glom.assign('.
[2024-12-30T21:42:41.092] [INFO] CRAWLER - [+] Filtered 0/100 results using filterHasGlomAssign
[2024-12-30T21:42:41.092] [INFO] CRAWLER - [+] Found 0/100 results for "created:2020-01-29..2020-02-05 language:Python stars:>100" on page 1.
[2024-12-30T21:42:52.421] [INFO] CRAWLER - Repository damogranlabs/classy_blocks does not contain 'glom.assign('.
[2024-12-30T21:42:52.694] [INFO] CRAWLER - Repository atlassian-labs/peerd does not contain 'glom.assign('.
[2024-12-30T21:42:52.974] [INFO] CRAWLER - Repository eren-ck/st_dbscan does not contain 'glom.assign('.
[2024-12-30T21:42:53.171] [INFO] CRAWLER - Repository HanxunH/Active-Passive-Losses does not contain 'glom.assign('.
[2024-12-30T21:42:53.371] [ERROR] CRAWLER - API rate limit exceeded for 'Search code': API rate limit exceeded for user ID 60600792. If you reach out to GitHub Support for help, please include the request ID E337:29F447:38D833:7135CE:67735A2D and timestamp 2024-12-31 02:42:53 UTC. - https://docs.github.com/rest/overview/rate-limits-for-the-rest-api. Sleeping for 47 seconds...
[2024-12-30T21:43:40.629] [ERROR] CRAWLER - API rate limit exceeded for 'Search code': API rate limit exceeded for user ID 60600792. If you reach out to GitHub Support for help, please include the request ID B7EA:3D34E0:35335B:6A1917:67735A5C and timestamp 2024-12-31 02:43:40 UTC. - https://docs.github.com/rest/overview/rate-limits-for-the-rest-api. Sleeping for 0 seconds...
[2024-12-30T21:43:40.872] [ERROR] CRAWLER - API rate limit exceeded for 'Search code': API rate limit exceeded for user ID 60600792. If you reach out to GitHub Support for help, please include the request ID B7EA:3D34E0:3533C2:6A19E3:67735A5C and timestamp 2024-12-31 02:43:40 UTC. - https://docs.github.com/rest/overview/rate-limits-for-the-rest-api. Sleeping for 0 seconds...
[2024-12-30T21:43:41.128] [INFO] CRAWLER - Repository thepanacealab/SMMT does not contain 'glom.assign('.
[2024-12-30T21:43:41.379] [INFO] CRAWLER - Repository r0x0r/pywebview-react-boilerplate does not contain 'glom.assign('.
[2024-12-30T21:43:41.628] [INFO] CRAWLER - Repository TFNS/writeups does not contain 'glom.assign('.
[2024-12-30T21:43:41.862] [INFO] CRAWLER - Repository htdt/self-supervised does not contain 'glom.assign('.
[2024-12-30T21:43:42.163] [INFO] CRAWLER - Repository balena-io-experimental/inkyshot does not contain 'glom.assign('.
[2024-12-30T21:43:42.406] [INFO] CRAWLER - Repository hydrogo/rainnet does not contain 'glom.assign('.
[2024-12-30T21:43:42.669] [INFO] CRAWLER - Repository CurationCorp/curation-corpus does not contain 'glom.assign('.
[2024-12-30T21:43:42.926] [INFO] CRAWLER - Repository apple/ml-capsules-inverted-attention-routing does not contain 'glom.assign('.
[2024-12-30T21:43:43.200] [INFO] CRAWLER - Repository Tessellate-Imaging/Monk_Gui does not contain 'glom.assign('.
[2024-12-30T21:43:43.424] [ERROR] CRAWLER - API rate limit exceeded for 'Search code': API rate limit exceeded for user ID 60600792. If you reach out to GitHub Support for help, please include the request ID B7EA:3D34E0:3538DB:6A242B:67735A5F and timestamp 2024-12-31 02:43:43 UTC. - https://docs.github.com/rest/overview/rate-limits-for-the-rest-api. Sleeping for 58 seconds...
[2024-12-30T21:44:41.719] [ERROR] CRAWLER - API rate limit exceeded for 'Search code': API rate limit exceeded for user ID 60600792. If you reach out to GitHub Support for help, please include the request ID E5F2:12EAD4:11CCFD7:23817E9:67735A99 and timestamp 2024-12-31 02:44:41 UTC. - https://docs.github.com/rest/overview/rate-limits-for-the-rest-api. Sleeping for 0 seconds...
[2024-12-30T21:44:41.983] [ERROR] CRAWLER - API rate limit exceeded for 'Search code': API rate limit exceeded for user ID 60600792. If you reach out to GitHub Support for help, please include the request ID E5F2:12EAD4:11CD08D:2381942:67735A99 and timestamp 2024-12-31 02:44:41 UTC. - https://docs.github.com/rest/overview/rate-limits-for-the-rest-api. Sleeping for 0 seconds...
[2024-12-30T21:44:42.253] [INFO] CRAWLER - Repository facebookresearch/UnsupervisedDecomposition does not contain 'glom.assign('.
[2024-12-30T21:44:42.497] [INFO] CRAWLER - Repository areed1192/python-sec does not contain 'glom.assign('.
[2024-12-30T21:44:42.769] [INFO] CRAWLER - Repository Colin-b/httpx_auth does not contain 'glom.assign('.
[2024-12-30T21:44:43.013] [INFO] CRAWLER - Repository pierre-andre-long/tinder-swipe-ai does not contain 'glom.assign('.
[2024-12-30T21:44:43.320] [INFO] CRAWLER - Repository wtomin/Multitask-Emotion-Recognition-with-Incomplete-Labels does not contain 'glom.assign('.
[2024-12-30T21:44:43.597] [INFO] CRAWLER - Repository AntoineTheb/RNN-RL does not contain 'glom.assign('.
[2024-12-30T21:44:43.837] [INFO] CRAWLER - Repository Thijsvanede/FlowPrint does not contain 'glom.assign('.
[2024-12-30T21:44:44.117] [INFO] CRAWLER - Repository gersteinlab/ThermoNet does not contain 'glom.assign('.
[2024-12-30T21:44:44.405] [INFO] CRAWLER - Repository vaquerizaslab/fanc does not contain 'glom.assign('.
[2024-12-30T21:44:44.623] [ERROR] CRAWLER - API rate limit exceeded for 'Search code': API rate limit exceeded for user ID 60600792. If you reach out to GitHub Support for help, please include the request ID E5F2:12EAD4:11CD7E2:2382702:67735A9C and timestamp 2024-12-31 02:44:44 UTC. - https://docs.github.com/rest/overview/rate-limits-for-the-rest-api. Sleeping for 58 seconds...
[2024-12-30T21:45:42.869] [ERROR] CRAWLER - API rate limit exceeded for 'Search code': API rate limit exceeded for user ID 60600792. If you reach out to GitHub Support for help, please include the request ID E71B:1DE25E:2EBFED1:5D2DEE0:67735AD6 and timestamp 2024-12-31 02:45:42 UTC. - https://docs.github.com/rest/overview/rate-limits-for-the-rest-api. Sleeping for 0 seconds...
[2024-12-30T21:45:43.124] [INFO] CRAWLER - Repository robertbrada/PyQt-image-annotation-tool does not contain 'glom.assign('.
[2024-12-30T21:45:43.374] [INFO] CRAWLER - Repository Ali-Toosi/django-tgbot does not contain 'glom.assign('.
[2024-12-30T21:45:43.661] [INFO] CRAWLER - Repository developersIndia/resources does not contain 'glom.assign('.
[2024-12-30T21:45:43.948] [INFO] CRAWLER - Repository WarnerMedia/aws-fast-fixes does not contain 'glom.assign('.
[2024-12-30T21:45:44.206] [INFO] CRAWLER - Repository bdmarius/python-knowledge-graph does not contain 'glom.assign('.
[2024-12-30T21:45:44.448] [INFO] CRAWLER - Repository ChiYaoLa/TimeSeriesPredict does not contain 'glom.assign('.
[2024-12-30T21:45:44.740] [INFO] CRAWLER - Repository jianyq/Tong-Music does not contain 'glom.assign('.
[2024-12-30T21:45:44.976] [INFO] CRAWLER - Repository tosmart01/fastsql does not contain 'glom.assign('.
[2024-12-30T21:45:45.226] [INFO] CRAWLER - Repository SunsetYe66/ClasstableToIcal does not contain 'glom.assign('.
[2024-12-30T21:45:45.430] [ERROR] CRAWLER - API rate limit exceeded for 'Search code': API rate limit exceeded for user ID 60600792. If you reach out to GitHub Support for help, please include the request ID E71B:1DE25E:2EC0530:5D2EB9D:67735AD9 and timestamp 2024-12-31 02:45:45 UTC. - https://docs.github.com/rest/overview/rate-limits-for-the-rest-api. Sleeping for 58 seconds...
[2024-12-30T21:46:43.689] [ERROR] CRAWLER - API rate limit exceeded for 'Search code': API rate limit exceeded for user ID 60600792. If you reach out to GitHub Support for help, please include the request ID E907:1A0708:2DDC1D3:5B87C5A:67735B13 and timestamp 2024-12-31 02:46:43 UTC. - https://docs.github.com/rest/overview/rate-limits-for-the-rest-api. Sleeping for 0 seconds...
[2024-12-30T21:46:43.914] [ERROR] CRAWLER - API rate limit exceeded for 'Search code': API rate limit exceeded for user ID 60600792. If you reach out to GitHub Support for help, please include the request ID E907:1A0708:2DDC276:5B87D99:67735B13 and timestamp 2024-12-31 02:46:43 UTC. - https://docs.github.com/rest/overview/rate-limits-for-the-rest-api. Sleeping for 0 seconds...
[2024-12-30T21:46:44.234] [INFO] CRAWLER - Repository S2-group/icse-seip-2020-replication-package does not contain 'glom.assign('.
[2024-12-30T21:46:44.471] [INFO] CRAWLER - Repository zwdnet/2019-nCov-SIRmodel does not contain 'glom.assign('.
[2024-12-30T21:46:44.730] [INFO] CRAWLER - Repository y-kawagu/dcase2020_task2_baseline does not contain 'glom.assign('.
[2024-12-30T21:46:44.731] [INFO] CRAWLER - [+] Filtered 0/34 results using filterHasGlomAssign
[2024-12-30T21:46:44.731] [INFO] CRAWLER - [+] Found 0/34 results for "created:2020-01-29..2020-02-05 language:Python stars:>100" on page 2.
[2024-12-30T21:46:44.734] [INFO] CRAWLER - [+] Saved 0 repositories so far.
[2024-12-30T21:46:44.734] [INFO] CRAWLER - [+] Searching for repositories created between 2020-02-05 and 2020-02-12
[2024-12-30T21:46:57.639] [INFO] CRAWLER - Repository serengil/deepface does not contain 'glom.assign('.
[2024-12-30T21:46:57.901] [INFO] CRAWLER - Repository Netflix/dispatch does not contain 'glom.assign('.
[2024-12-30T21:46:58.126] [INFO] CRAWLER - Repository shashankvemuri/Finance does not contain 'glom.assign('.
[2024-12-30T21:46:58.362] [INFO] CRAWLER - Repository tensorflow/quantum does not contain 'glom.assign('.
[2024-12-30T21:46:58.599] [INFO] CRAWLER - Repository cjolowicz/cookiecutter-hypermodern-python does not contain 'glom.assign('.
[2024-12-30T21:46:58.833] [INFO] CRAWLER - Repository ExpDev07/coronavirus-tracker-api does not contain 'glom.assign('.
[2024-12-30T21:46:59.126] [ERROR] CRAWLER - API rate limit exceeded for 'Search code': API rate limit exceeded for user ID 60600792. If you reach out to GitHub Support for help, please include the request ID E907:1A0708:2DDEBA2:5B8CE27:67735B22 and timestamp 2024-12-31 02:46:59 UTC. - https://docs.github.com/rest/overview/rate-limits-for-the-rest-api. Sleeping for 45 seconds...
[2024-12-30T21:47:44.384] [ERROR] CRAWLER - API rate limit exceeded for 'Search code': API rate limit exceeded for user ID 60600792. If you reach out to GitHub Support for help, please include the request ID EAB3:1AF243:2DCFD14:5B7057A:67735B50 and timestamp 2024-12-31 02:47:44 UTC. - https://docs.github.com/rest/overview/rate-limits-for-the-rest-api. Sleeping for 0 seconds...
[2024-12-30T21:47:44.573] [ERROR] CRAWLER - API rate limit exceeded for 'Search code': API rate limit exceeded for user ID 60600792. If you reach out to GitHub Support for help, please include the request ID EAB3:1AF243:2DCFD8D:5B70654:67735B50 and timestamp 2024-12-31 02:47:44 UTC. - https://docs.github.com/rest/overview/rate-limits-for-the-rest-api. Sleeping for 0 seconds...
[2024-12-30T21:47:44.783] [ERROR] CRAWLER - API rate limit exceeded for 'Search code': API rate limit exceeded for user ID 60600792. If you reach out to GitHub Support for help, please include the request ID EAB3:1AF243:2DCFDF7:5B70738:67735B50 and timestamp 2024-12-31 02:47:44 UTC. - https://docs.github.com/rest/overview/rate-limits-for-the-rest-api. Sleeping for 0 seconds...
[2024-12-30T21:47:44.957] [ERROR] CRAWLER - API rate limit exceeded for 'Search code': API rate limit exceeded for user ID 60600792. If you reach out to GitHub Support for help, please include the request ID EAB3:1AF243:2DCFE71:5B70809:67735B50 and timestamp 2024-12-31 02:47:44 UTC. - https://docs.github.com/rest/overview/rate-limits-for-the-rest-api. Sleeping for 0 seconds...
[2024-12-30T21:47:45.342] [INFO] CRAWLER - Repository cddmp/enum4linux-ng does not contain 'glom.assign('.
[2024-12-30T21:47:45.560] [INFO] CRAWLER - Repository needleworm/bhban_rpa does not contain 'glom.assign('.
[2024-12-30T21:47:45.852] [INFO] CRAWLER - Repository neozhaoliang/surround-view-system-introduction does not contain 'glom.assign('.
[2024-12-30T21:47:46.055] [INFO] CRAWLER - Repository jonrau1/ElectricEye does not contain 'glom.assign('.
[2024-12-30T21:47:46.312] [INFO] CRAWLER - Repository makepath/xarray-spatial does not contain 'glom.assign('.
[2024-12-30T21:47:46.541] [INFO] CRAWLER - Repository Yiyiyimu/QQ-History-Backup does not contain 'glom.assign('.
[2024-12-30T21:47:46.834] [INFO] CRAWLER - Repository blackarrowsec/mssqlproxy does not contain 'glom.assign('.
[2024-12-30T21:47:47.113] [INFO] CRAWLER - Repository FreeTAKTeam/FreeTakServer does not contain 'glom.assign('.
[2024-12-30T21:47:47.378] [INFO] CRAWLER - Repository Mahlet-Inc/hobbits does not contain 'glom.assign('.
[2024-12-30T21:47:47.586] [ERROR] CRAWLER - API rate limit exceeded for 'Search code': API rate limit exceeded for user ID 60600792. If you reach out to GitHub Support for help, please include the request ID EAB3:1AF243:2DD046B:5B71404:67735B53 and timestamp 2024-12-31 02:47:47 UTC. - https://docs.github.com/rest/overview/rate-limits-for-the-rest-api. Sleeping for 58 seconds...
[2024-12-30T21:48:45.879] [ERROR] CRAWLER - API rate limit exceeded for 'Search code': API rate limit exceeded for user ID 60600792. If you reach out to GitHub Support for help, please include the request ID EC29:173E01:2E558E1:5C6F2E2:67735B8D and timestamp 2024-12-31 02:48:45 UTC. - https://docs.github.com/rest/overview/rate-limits-for-the-rest-api. Sleeping for 0 seconds...
[2024-12-30T21:48:46.302] [INFO] CRAWLER - Repository Andy-zhujunwen/UNET-ZOO does not contain 'glom.assign('.
[2024-12-30T21:48:46.555] [INFO] CRAWLER - Repository sgrvinod/a-PyTorch-Tutorial-to-Super-Resolution does not contain 'glom.assign('.
[2024-12-30T21:48:46.800] [INFO] CRAWLER - Repository xuyige/BERT4doc-Classification does not contain 'glom.assign('.
[2024-12-30T21:48:47.059] [INFO] CRAWLER - Repository sbi-dev/sbi does not contain 'glom.assign('.
[2024-12-30T21:48:47.301] [INFO] CRAWLER - Repository Rlacat/jd-automask does not contain 'glom.assign('.
[2024-12-30T21:48:47.530] [INFO] CRAWLER - Repository xinjli/allosaurus does not contain 'glom.assign('.
[2024-12-30T21:48:47.792] [INFO] CRAWLER - Repository torchmd/torchmd does not contain 'glom.assign('.
[2024-12-30T21:48:48.021] [INFO] CRAWLER - Repository MishaLaskin/curl does not contain 'glom.assign('.
[2024-12-30T21:48:48.227] [INFO] CRAWLER - Repository fabiocaccamo/django-extra-settings does not contain 'glom.assign('.
[2024-12-30T21:48:48.450] [ERROR] CRAWLER - API rate limit exceeded for 'Search code': API rate limit exceeded for user ID 60600792. If you reach out to GitHub Support for help, please include the request ID EC29:173E01:2E55EC7:5C6FEA5:67735B90 and timestamp 2024-12-31 02:48:48 UTC. - https://docs.github.com/rest/overview/rate-limits-for-the-rest-api. Sleeping for 58 seconds...
[2024-12-30T21:49:46.711] [ERROR] CRAWLER - API rate limit exceeded for 'Search code': API rate limit exceeded for user ID 60600792. If you reach out to GitHub Support for help, please include the request ID ED42:1FA338:1754192B:2E86E699:67735BCA and timestamp 2024-12-31 02:49:46 UTC. - https://docs.github.com/rest/overview/rate-limits-for-the-rest-api. Sleeping for 0 seconds...
[2024-12-30T21:49:46.948] [ERROR] CRAWLER - API rate limit exceeded for 'Search code': API rate limit exceeded for user ID 60600792. If you reach out to GitHub Support for help, please include the request ID ED42:1FA338:175419C3:2E86E7EC:67735BCA and timestamp 2024-12-31 02:49:46 UTC. - https://docs.github.com/rest/overview/rate-limits-for-the-rest-api. Sleeping for 0 seconds...
[2024-12-30T21:49:47.219] [INFO] CRAWLER - Repository ethereum/staking-deposit-cli does not contain 'glom.assign('.
[2024-12-30T21:49:47.458] [INFO] CRAWLER - Repository mos9527/pyncm does not contain 'glom.assign('.
[2024-12-30T21:49:47.762] [INFO] CRAWLER - Repository CalciferZh/Minimal-IK does not contain 'glom.assign('.
[2024-12-30T21:49:47.987] [INFO] CRAWLER - Repository Sense-X/X-Temporal does not contain 'glom.assign('.
[2024-12-30T21:49:48.253] [INFO] CRAWLER - Repository thu-coai/ConvLab-2 does not contain 'glom.assign('.
[2024-12-30T21:49:48.511] [INFO] CRAWLER - Repository jonathan-s/django-sockpuppet does not contain 'glom.assign('.
[2024-12-30T21:49:48.806] [INFO] CRAWLER - Repository python-poetry/poetry-core does not contain 'glom.assign('.
[2024-12-30T21:49:49.026] [INFO] CRAWLER - Repository Yuliang-Liu/bezier_curve_text_spotting does not contain 'glom.assign('.
[2024-12-30T21:49:49.269] [INFO] CRAWLER - Repository anvoynov/GANLatentDiscovery does not contain 'glom.assign('.
[2024-12-30T21:49:49.476] [ERROR] CRAWLER - API rate limit exceeded for 'Search code': API rate limit exceeded for user ID 60600792. If you reach out to GitHub Support for help, please include the request ID ED42:1FA338:175420A5:2E86F5A8:67735BCD and timestamp 2024-12-31 02:49:49 UTC. - https://docs.github.com/rest/overview/rate-limits-for-the-rest-api. Sleeping for 58 seconds...
[2024-12-30T21:50:47.780] [ERROR] CRAWLER - API rate limit exceeded for 'Search code': API rate limit exceeded for user ID 60600792. If you reach out to GitHub Support for help, please include the request ID EF7C:36FF14:3B3221:75FA82:67735C07 and timestamp 2024-12-31 02:50:47 UTC. - https://docs.github.com/rest/overview/rate-limits-for-the-rest-api. Sleeping for 0 seconds...
[2024-12-30T21:50:48.064] [INFO] CRAWLER - Repository hertz-pj/BERT-BiLSTM-CRF-NER-pytorch does not contain 'glom.assign('.
[2024-12-30T21:50:48.351] [INFO] CRAWLER - Repository pyapp-kit/magicgui does not contain 'glom.assign('.
[2024-12-30T21:50:48.599] [INFO] CRAWLER - Repository Urinx/alphafold_pytorch does not contain 'glom.assign('.
[2024-12-30T21:50:48.844] [INFO] CRAWLER - Repository tensorflow/cloud does not contain 'glom.assign('.
[2024-12-30T21:50:49.078] [INFO] CRAWLER - Repository Colin-b/pytest_httpx does not contain 'glom.assign('.
[2024-12-30T21:50:49.396] [INFO] CRAWLER - Repository ESP32-Musings/OTA_update_STM32_using_ESP32 does not contain 'glom.assign('.
[2024-12-30T21:50:49.675] [INFO] CRAWLER - Repository westnestling/N95-watcher does not contain 'glom.assign('.
[2024-12-30T21:50:49.961] [INFO] CRAWLER - Repository tegal1337/NekoBotV1 does not contain 'glom.assign('.
[2024-12-30T21:50:50.220] [INFO] CRAWLER - Repository FinanceData/OpenDartReader does not contain 'glom.assign('.
[2024-12-30T21:50:50.442] [ERROR] CRAWLER - API rate limit exceeded for 'Search code': API rate limit exceeded for user ID 60600792. If you reach out to GitHub Support for help, please include the request ID EF7C:36FF14:3B3873:7606DA:67735C0A and timestamp 2024-12-31 02:50:50 UTC. - https://docs.github.com/rest/overview/rate-limits-for-the-rest-api. Sleeping for 58 seconds...
[2024-12-30T21:51:48.781] [ERROR] CRAWLER - API rate limit exceeded for 'Search code': API rate limit exceeded for user ID 60600792. If you reach out to GitHub Support for help, please include the request ID F0F2:13B62:3B1D9B:75F207:67735C44 and timestamp 2024-12-31 02:51:48 UTC. - https://docs.github.com/rest/overview/rate-limits-for-the-rest-api. Sleeping for 0 seconds...
[2024-12-30T21:51:49.048] [INFO] CRAWLER - Repository ansible-collections/community.vmware does not contain 'glom.assign('.
[2024-12-30T21:51:49.296] [INFO] CRAWLER - Repository aiff22/PyNET-PyTorch does not contain 'glom.assign('.
[2024-12-30T21:51:49.547] [INFO] CRAWLER - Repository ZhaoJ9014/Anti-UAV does not contain 'glom.assign('.
[2024-12-30T21:51:49.769] [INFO] CRAWLER - Repository theAIGuysCode/Object-Detection-API does not contain 'glom.assign('.
[2024-12-30T21:51:49.997] [INFO] CRAWLER - Repository PKSHATechnology-Research/camphr does not contain 'glom.assign('.
[2024-12-30T21:51:50.265] [INFO] CRAWLER - Repository hass-emulated-hue/core does not contain 'glom.assign('.
[2024-12-30T21:51:50.532] [INFO] CRAWLER - Repository IBM/FedMA does not contain 'glom.assign('.
[2024-12-30T21:51:50.777] [INFO] CRAWLER - Repository HyperSine/forensic-qqtoken does not contain 'glom.assign('.
[2024-12-30T21:51:51.022] [INFO] CRAWLER - Repository gecko984/supervenn does not contain 'glom.assign('.
[2024-12-30T21:51:51.222] [ERROR] CRAWLER - API rate limit exceeded for 'Search code': API rate limit exceeded for user ID 60600792. If you reach out to GitHub Support for help, please include the request ID F0F2:13B62:3B23A3:75FDD6:67735C47 and timestamp 2024-12-31 02:51:51 UTC. - https://docs.github.com/rest/overview/rate-limits-for-the-rest-api. Sleeping for 58 seconds...
[2024-12-30T21:52:49.546] [ERROR] CRAWLER - API rate limit exceeded for 'Search code': API rate limit exceeded for user ID 60600792. If you reach out to GitHub Support for help, please include the request ID F1E0:2D2C67:3F2368:7D8E50:67735C81 and timestamp 2024-12-31 02:52:49 UTC. - https://docs.github.com/rest/overview/rate-limits-for-the-rest-api. Sleeping for 0 seconds...
[2024-12-30T21:52:49.751] [ERROR] CRAWLER - API rate limit exceeded for 'Search code': API rate limit exceeded for user ID 60600792. If you reach out to GitHub Support for help, please include the request ID F1E0:2D2C67:3F23EE:7D8F33:67735C81 and timestamp 2024-12-31 02:52:49 UTC. - https://docs.github.com/rest/overview/rate-limits-for-the-rest-api. Sleeping for 0 seconds...
[2024-12-30T21:52:49.947] [ERROR] CRAWLER - API rate limit exceeded for 'Search code': API rate limit exceeded for user ID 60600792. If you reach out to GitHub Support for help, please include the request ID F1E0:2D2C67:3F2464:7D901A:67735C81 and timestamp 2024-12-31 02:52:49 UTC. - https://docs.github.com/rest/overview/rate-limits-for-the-rest-api. Sleeping for 0 seconds...
[2024-12-30T21:52:50.224] [INFO] CRAWLER - Repository aiff22/PyNET does not contain 'glom.assign('.
[2024-12-30T21:52:50.481] [INFO] CRAWLER - Repository Mustard2/MustardUI does not contain 'glom.assign('.
[2024-12-30T21:52:50.732] [INFO] CRAWLER - Repository urvashik/knnlm does not contain 'glom.assign('.
[2024-12-30T21:52:50.981] [INFO] CRAWLER - Repository HazyResearch/flyingsquid does not contain 'glom.assign('.
[2024-12-30T21:52:51.254] [INFO] CRAWLER - Repository ansible-collections/amazon.aws does not contain 'glom.assign('.
[2024-12-30T21:52:51.511] [INFO] CRAWLER - Repository JetRunner/BERT-of-Theseus does not contain 'glom.assign('.
[2024-12-30T21:52:51.760] [INFO] CRAWLER - Repository lzx551402/ASLFeat does not contain 'glom.assign('.
[2024-12-30T21:52:52.016] [INFO] CRAWLER - Repository sajjjadayobi/FaceLib does not contain 'glom.assign('.
[2024-12-30T21:52:52.268] [INFO] CRAWLER - Repository google-research-datasets/tydiqa does not contain 'glom.assign('.
[2024-12-30T21:52:52.491] [ERROR] CRAWLER - API rate limit exceeded for 'Search code': API rate limit exceeded for user ID 60600792. If you reach out to GitHub Support for help, please include the request ID F1E0:2D2C67:3F2A24:7D9B8A:67735C84 and timestamp 2024-12-31 02:52:52 UTC. - https://docs.github.com/rest/overview/rate-limits-for-the-rest-api. Sleeping for 58 seconds...
[2024-12-30T21:53:50.758] [ERROR] CRAWLER - API rate limit exceeded for 'Search code': API rate limit exceeded for user ID 60600792. If you reach out to GitHub Support for help, please include the request ID F2E7:2CB6FD:392C5B:71B55D:67735CBE and timestamp 2024-12-31 02:53:50 UTC. - https://docs.github.com/rest/overview/rate-limits-for-the-rest-api. Sleeping for 0 seconds...
[2024-12-30T21:53:50.999] [ERROR] CRAWLER - API rate limit exceeded for 'Search code': API rate limit exceeded for user ID 60600792. If you reach out to GitHub Support for help, please include the request ID F2E7:2CB6FD:392CF8:71B69D:67735CBE and timestamp 2024-12-31 02:53:50 UTC. - https://docs.github.com/rest/overview/rate-limits-for-the-rest-api. Sleeping for 0 seconds...
[2024-12-30T21:53:51.261] [INFO] CRAWLER - Repository channable/opnieuw does not contain 'glom.assign('.
[2024-12-30T21:53:51.570] [INFO] CRAWLER - Repository hamlinzheng/mnist does not contain 'glom.assign('.
[2024-12-30T21:53:51.807] [INFO] CRAWLER - Repository Matheus-Garbelini/sweyntooth_bluetooth_low_energy_attacks does not contain 'glom.assign('.
[2024-12-30T21:53:52.034] [INFO] CRAWLER - Repository zverok/spylls does not contain 'glom.assign('.
[2024-12-30T21:53:52.253] [INFO] CRAWLER - Repository PushpenderIndia/apkinfector does not contain 'glom.assign('.
[2024-12-30T21:53:52.503] [INFO] CRAWLER - Repository maykar/plex_assistant does not contain 'glom.assign('.
[2024-12-30T21:53:52.778] [INFO] CRAWLER - Repository cytoscape/ipycytoscape does not contain 'glom.assign('.
[2024-12-30T21:53:53.010] [INFO] CRAWLER - Repository bdy9527/SDCN does not contain 'glom.assign('.
[2024-12-30T21:53:53.247] [INFO] CRAWLER - Repository TianBian95/BiGCN does not contain 'glom.assign('.
[2024-12-30T21:53:53.435] [ERROR] CRAWLER - API rate limit exceeded for 'Search code': API rate limit exceeded for user ID 60600792. If you reach out to GitHub Support for help, please include the request ID F2E7:2CB6FD:393288:71C1EA:67735CC1 and timestamp 2024-12-31 02:53:53 UTC. - https://docs.github.com/rest/overview/rate-limits-for-the-rest-api. Sleeping for 58 seconds...
[2024-12-30T21:54:51.695] [ERROR] CRAWLER - API rate limit exceeded for 'Search code': API rate limit exceeded for user ID 60600792. If you reach out to GitHub Support for help, please include the request ID F3D4:2930E:3B4E5C:762656:67735CFB and timestamp 2024-12-31 02:54:51 UTC. - https://docs.github.com/rest/overview/rate-limits-for-the-rest-api. Sleeping for 0 seconds...
[2024-12-30T21:54:51.898] [ERROR] CRAWLER - API rate limit exceeded for 'Search code': API rate limit exceeded for user ID 60600792. If you reach out to GitHub Support for help, please include the request ID F3D4:2930E:3B4EEA:762765:67735CFB and timestamp 2024-12-31 02:54:51 UTC. - https://docs.github.com/rest/overview/rate-limits-for-the-rest-api. Sleeping for 0 seconds...
[2024-12-30T21:54:52.164] [INFO] CRAWLER - Repository mrhavens/Dedockify does not contain 'glom.assign('.
[2024-12-30T21:54:52.431] [INFO] CRAWLER - Repository qinnzou/DeepCrack does not contain 'glom.assign('.
[2024-12-30T21:54:52.679] [INFO] CRAWLER - Repository BUTSpeechFIT/VBx does not contain 'glom.assign('.
[2024-12-30T21:54:52.957] [INFO] CRAWLER - Repository PRIS-CV/Mutual-Channel-Loss does not contain 'glom.assign('.
[2024-12-30T21:54:53.197] [INFO] CRAWLER - Repository pipeline-tools/gusty does not contain 'glom.assign('.
[2024-12-30T21:54:53.496] [INFO] CRAWLER - Repository oleg-yaroshevskiy/quest_qa_labeling does not contain 'glom.assign('.
[2024-12-30T21:54:53.764] [INFO] CRAWLER - Repository RubanSeven/Text-Image-Augmentation-python does not contain 'glom.assign('.
[2024-12-30T21:54:54.040] [INFO] CRAWLER - Repository awslabs/amazon-s3-find-and-forget does not contain 'glom.assign('.
[2024-12-30T21:54:54.305] [INFO] CRAWLER - Repository galliot-us/neuralet does not contain 'glom.assign('.
[2024-12-30T21:54:54.526] [ERROR] CRAWLER - API rate limit exceeded for 'Search code': API rate limit exceeded for user ID 60600792. If you reach out to GitHub Support for help, please include the request ID F3D4:2930E:3B54BE:763318:67735CFE and timestamp 2024-12-31 02:54:54 UTC. - https://docs.github.com/rest/overview/rate-limits-for-the-rest-api. Sleeping for 58 seconds...
[2024-12-30T21:55:52.817] [ERROR] CRAWLER - API rate limit exceeded for 'Search code': API rate limit exceeded for user ID 60600792. If you reach out to GitHub Support for help, please include the request ID F4B9:1923E9:120D955:2404515:67735D38 and timestamp 2024-12-31 02:55:52 UTC. - https://docs.github.com/rest/overview/rate-limits-for-the-rest-api. Sleeping for 0 seconds...
[2024-12-30T21:55:53.078] [INFO] CRAWLER - Repository FourThievesVinegar/solderless-microlab does not contain 'glom.assign('.
[2024-12-30T21:55:53.358] [INFO] CRAWLER - Repository thoth-station/micropipenv does not contain 'glom.assign('.
[2024-12-30T21:55:53.586] [INFO] CRAWLER - Repository WeileiZeng/Open-Source-COVID-19 does not contain 'glom.assign('.
[2024-12-30T21:55:53.884] [INFO] CRAWLER - Repository DragonBuild/dragon does not contain 'glom.assign('.
[2024-12-30T21:55:54.130] [INFO] CRAWLER - Repository kaustubh-sadekar/VirtualCam does not contain 'glom.assign('.
[2024-12-30T21:55:54.400] [INFO] CRAWLER - Repository ProjectDrawdown/solutions does not contain 'glom.assign('.
[2024-12-30T21:55:54.693] [INFO] CRAWLER - Repository choderalab/espaloma does not contain 'glom.assign('.
[2024-12-30T21:55:54.948] [INFO] CRAWLER - Repository Hackndo/sprayhound does not contain 'glom.assign('.
[2024-12-30T21:55:55.186] [INFO] CRAWLER - Repository shivamksharma/DevBrute does not contain 'glom.assign('.
[2024-12-30T21:55:55.446] [ERROR] CRAWLER - API rate limit exceeded for 'Search code': API rate limit exceeded for user ID 60600792. If you reach out to GitHub Support for help, please include the request ID F4B9:1923E9:120DEF7:24050B5:67735D3B and timestamp 2024-12-31 02:55:55 UTC. - https://docs.github.com/rest/overview/rate-limits-for-the-rest-api. Sleeping for 58 seconds...
[2024-12-30T22:07:11.477] [INFO] CRAWLER - Repository PaloAltoNetworks/pan-os-ansible does not contain 'glom.assign('.
[2024-12-30T22:07:11.844] [INFO] CRAWLER - Repository THUDM/GRAND does not contain 'glom.assign('.
[2024-12-30T22:07:12.168] [INFO] CRAWLER - Repository antonagestam/phantom-types does not contain 'glom.assign('.
[2024-12-30T22:07:12.540] [INFO] CRAWLER - Repository JeffLIrion/python-graphslam does not contain 'glom.assign('.
[2024-12-30T22:07:12.879] [INFO] CRAWLER - Repository airbus-cert/comida does not contain 'glom.assign('.
[2024-12-30T22:07:13.150] [INFO] CRAWLER - Repository anthonycorletti/cloudrun-fastapi does not contain 'glom.assign('.
[2024-12-30T22:07:13.551] [INFO] CRAWLER - Repository fjklqq/License_plate_recognition does not contain 'glom.assign('.
[2024-12-30T22:07:13.922] [INFO] CRAWLER - Repository 0x48piraj/jiraffe does not contain 'glom.assign('.
[2024-12-30T22:07:14.383] [INFO] CRAWLER - Repository lmzintgraf/varibad does not contain 'glom.assign('.
[2024-12-30T22:07:14.563] [ERROR] CRAWLER - API rate limit exceeded for 'Search code': API rate limit exceeded for user ID 60600792. If you reach out to GitHub Support for help, please include the request ID F67D:175D41:2EC4282:5D4A4FA:67735FE2 and timestamp 2024-12-31 03:07:14 UTC. - https://docs.github.com/rest/overview/rate-limits-for-the-rest-api. Sleeping for 57 seconds...
[2024-12-30T22:08:11.769] [ERROR] CRAWLER - API rate limit exceeded for 'Search code': API rate limit exceeded for user ID 60600792. If you reach out to GitHub Support for help, please include the request ID F9A9:236FAC:17932163:2EEFA644:6773601B and timestamp 2024-12-31 03:08:11 UTC. - https://docs.github.com/rest/overview/rate-limits-for-the-rest-api. Sleeping for 0 seconds...
[2024-12-30T22:08:11.959] [ERROR] CRAWLER - API rate limit exceeded for 'Search code': API rate limit exceeded for user ID 60600792. If you reach out to GitHub Support for help, please include the request ID F9A9:236FAC:17932223:2EEFA79E:6773601B and timestamp 2024-12-31 03:08:11 UTC. - https://docs.github.com/rest/overview/rate-limits-for-the-rest-api. Sleeping for 0 seconds...
[2024-12-30T22:08:12.234] [INFO] CRAWLER - Repository Abhijeet-AR/Competitive_Programming_Score_API does not contain 'glom.assign('.
[2024-12-30T22:08:12.472] [INFO] CRAWLER - Repository MasoniteFramework/orm does not contain 'glom.assign('.
[2024-12-30T22:08:12.693] [INFO] CRAWLER - Repository zhangyikaii/auto-buy-Python-tool does not contain 'glom.assign('.
[2024-12-30T22:08:12.957] [INFO] CRAWLER - Repository AuroAi/carla_apollo_bridge does not contain 'glom.assign('.
[2024-12-30T22:08:12.958] [INFO] CRAWLER - [+] Filtered 0/100 results using filterHasGlomAssign
[2024-12-30T22:08:12.958] [INFO] CRAWLER - [+] Found 0/100 results for "created:2020-02-05..2020-02-12 language:Python stars:>100" on page 1.
[2024-12-30T22:08:24.501] [INFO] CRAWLER - Repository ourownstory/AR-Net does not contain 'glom.assign('.
[2024-12-30T22:08:24.705] [INFO] CRAWLER - Repository veronikaro/django-dashboard-app does not contain 'glom.assign('.
[2024-12-30T22:08:24.990] [INFO] CRAWLER - Repository mikel-brostrom/Yolov3_DeepSort_Pytorch does not contain 'glom.assign('.
[2024-12-30T22:08:25.221] [INFO] CRAWLER - Repository astro30/valinvest does not contain 'glom.assign('.
[2024-12-30T22:08:25.454] [INFO] CRAWLER - Repository toshikwa/fqf-iqn-qrdqn.pytorch does not contain 'glom.assign('.
[2024-12-30T22:08:25.654] [ERROR] CRAWLER - API rate limit exceeded for 'Search code': API rate limit exceeded for user ID 60600792. If you reach out to GitHub Support for help, please include the request ID F9A9:236FAC:17934D7B:2EEFFECE:67736029 and timestamp 2024-12-31 03:08:25 UTC. - https://docs.github.com/rest/overview/rate-limits-for-the-rest-api. Sleeping for 47 seconds...
[2024-12-30T22:09:12.882] [ERROR] CRAWLER - API rate limit exceeded for 'Search code': API rate limit exceeded for user ID 60600792. If you reach out to GitHub Support for help, please include the request ID FE19:15BE98:3011607:5FD1860:67736058 and timestamp 2024-12-31 03:09:12 UTC. - https://docs.github.com/rest/overview/rate-limits-for-the-rest-api. Sleeping for 0 seconds...
[2024-12-30T22:09:13.157] [INFO] CRAWLER - Repository gagebenne/pydexcom does not contain 'glom.assign('.
[2024-12-30T22:09:13.407] [INFO] CRAWLER - Repository algernonx/SexyYolo does not contain 'glom.assign('.
[2024-12-30T22:09:13.651] [INFO] CRAWLER - Repository onchainification/candlestick_retriever does not contain 'glom.assign('.
[2024-12-30T22:09:13.894] [INFO] CRAWLER - Repository maxfrenzel/CompressionVAE does not contain 'glom.assign('.
[2024-12-30T22:09:14.192] [INFO] CRAWLER - Repository CenterForTheBuiltEnvironment/pythermalcomfort does not contain 'glom.assign('.
[2024-12-30T22:09:14.443] [INFO] CRAWLER - Repository pfirsich/makelove does not contain 'glom.assign('.
[2024-12-30T22:09:14.674] [INFO] CRAWLER - Repository gkahn13/badgr does not contain 'glom.assign('.
[2024-12-30T22:09:15.014] [INFO] CRAWLER - Repository benpiper/ccnp-enterprise does not contain 'glom.assign('.
[2024-12-30T22:09:15.293] [INFO] CRAWLER - Repository ideonate/streamlit-launchpad does not contain 'glom.assign('.
[2024-12-30T22:09:15.487] [ERROR] CRAWLER - API rate limit exceeded for 'Search code': API rate limit exceeded for user ID 60600792. If you reach out to GitHub Support for help, please include the request ID FE19:15BE98:3011DC9:5FD27DF:6773605B and timestamp 2024-12-31 03:09:15 UTC. - https://docs.github.com/rest/overview/rate-limits-for-the-rest-api. Sleeping for 58 seconds...
[2024-12-30T22:10:13.823] [ERROR] CRAWLER - API rate limit exceeded for 'Search code': API rate limit exceeded for user ID 60600792. If you reach out to GitHub Support for help, please include the request ID C22A:1492C1:17C66792:2F5CC683:67736095 and timestamp 2024-12-31 03:10:13 UTC. - https://docs.github.com/rest/overview/rate-limits-for-the-rest-api. Sleeping for 0 seconds...
[2024-12-30T22:10:14.083] [INFO] CRAWLER - Repository lmbxmu/HRankPlus does not contain 'glom.assign('.
[2024-12-30T22:10:14.377] [INFO] CRAWLER - Repository Voice-Lab/VoiceLab does not contain 'glom.assign('.
[2024-12-30T22:10:14.620] [INFO] CRAWLER - Repository Gaurav-chatterjee/Harry-potter-Invisible-Cloak does not contain 'glom.assign('.
[2024-12-30T22:10:14.872] [INFO] CRAWLER - Repository YisenWang/MART does not contain 'glom.assign('.
[2024-12-30T22:10:15.126] [INFO] CRAWLER - Repository jacobsvante/fastapi-security does not contain 'glom.assign('.
[2024-12-30T22:10:15.352] [INFO] CRAWLER - Repository Boyiliee/MoEx does not contain 'glom.assign('.
[2024-12-30T22:10:15.632] [INFO] CRAWLER - Repository chenzhuo1011/libri_css does not contain 'glom.assign('.
[2024-12-30T22:10:15.934] [INFO] CRAWLER - Repository lehaifeng/DASNet does not contain 'glom.assign('.
[2024-12-30T22:10:16.175] [INFO] CRAWLER - Repository edoardottt/spark-ar-creators does not contain 'glom.assign('.
[2024-12-30T22:10:16.430] [ERROR] CRAWLER - API rate limit exceeded for 'Search code': API rate limit exceeded for user ID 60600792. If you reach out to GitHub Support for help, please include the request ID C22A:1492C1:17C67128:2F5CD999:67736098 and timestamp 2024-12-31 03:10:16 UTC. - https://docs.github.com/rest/overview/rate-limits-for-the-rest-api. Sleeping for 58 seconds...
[2024-12-30T22:10:26.126] [INFO] CRAWLER - [+] Searching for repositories created between 2020-01-01 and 2020-01-08
[2024-12-30T22:10:26.175] [ERROR] CRAWLER - [-] Error during octokit.request: self-signed certificate in certificate chain
[2024-12-30T22:10:26.200] [ERROR] CRAWLER - [-] Error during octokit.request: self-signed certificate in certificate chain
[2024-12-30T22:10:26.220] [ERROR] CRAWLER - [-] Error during octokit.request: self-signed certificate in certificate chain
[2024-12-30T22:10:26.238] [ERROR] CRAWLER - [-] Error during octokit.request: self-signed certificate in certificate chain
[2024-12-30T22:10:26.240] [INFO] CRAWLER - [+] Saved 0 repositories so far.
[2024-12-30T22:10:26.240] [INFO] CRAWLER - [+] Searching for repositories created between 2020-01-08 and 2020-01-15
[2024-12-30T22:10:26.258] [ERROR] CRAWLER - [-] Error during octokit.request: self-signed certificate in certificate chain
[2024-12-30T22:10:26.275] [ERROR] CRAWLER - [-] Error during octokit.request: self-signed certificate in certificate chain
[2024-12-30T22:10:26.293] [ERROR] CRAWLER - [-] Error during octokit.request: self-signed certificate in certificate chain
[2024-12-30T22:10:26.309] [ERROR] CRAWLER - [-] Error during octokit.request: self-signed certificate in certificate chain
[2024-12-30T22:10:26.310] [INFO] CRAWLER - [+] Saved 0 repositories so far.
[2024-12-30T22:10:26.310] [INFO] CRAWLER - [+] Searching for repositories created between 2020-01-15 and 2020-01-22
[2024-12-30T22:10:26.327] [ERROR] CRAWLER - [-] Error during octokit.request: self-signed certificate in certificate chain
[2024-12-30T22:10:26.343] [ERROR] CRAWLER - [-] Error during octokit.request: self-signed certificate in certificate chain
[2024-12-30T22:10:26.360] [ERROR] CRAWLER - [-] Error during octokit.request: self-signed certificate in certificate chain
[2024-12-30T22:10:26.376] [ERROR] CRAWLER - [-] Error during octokit.request: self-signed certificate in certificate chain
[2024-12-30T22:10:26.376] [INFO] CRAWLER - [+] Saved 0 repositories so far.
[2024-12-30T22:10:26.376] [INFO] CRAWLER - [+] Searching for repositories created between 2020-01-22 and 2020-01-29
[2024-12-30T22:10:26.394] [ERROR] CRAWLER - [-] Error during octokit.request: self-signed certificate in certificate chain
[2024-12-30T22:10:26.411] [ERROR] CRAWLER - [-] Error during octokit.request: self-signed certificate in certificate chain
[2024-12-30T22:10:26.430] [ERROR] CRAWLER - [-] Error during octokit.request: self-signed certificate in certificate chain
[2024-12-30T22:10:26.449] [ERROR] CRAWLER - [-] Error during octokit.request: self-signed certificate in certificate chain
[2024-12-30T22:10:26.449] [INFO] CRAWLER - [+] Saved 0 repositories so far.
[2024-12-30T22:10:26.449] [INFO] CRAWLER - [+] Searching for repositories created between 2020-01-29 and 2020-02-05
[2024-12-30T22:10:26.469] [ERROR] CRAWLER - [-] Error during octokit.request: self-signed certificate in certificate chain
[2024-12-30T22:10:26.488] [ERROR] CRAWLER - [-] Error during octokit.request: self-signed certificate in certificate chain
[2024-12-30T22:10:26.507] [ERROR] CRAWLER - [-] Error during octokit.request: self-signed certificate in certificate chain
[2024-12-30T22:10:26.525] [ERROR] CRAWLER - [-] Error during octokit.request: self-signed certificate in certificate chain
[2024-12-30T22:10:26.526] [INFO] CRAWLER - [+] Saved 0 repositories so far.
[2024-12-30T22:10:26.526] [INFO] CRAWLER - [+] Searching for repositories created between 2020-02-05 and 2020-02-12
[2024-12-30T22:10:26.545] [ERROR] CRAWLER - [-] Error during octokit.request: self-signed certificate in certificate chain
[2024-12-30T22:10:26.564] [ERROR] CRAWLER - [-] Error during octokit.request: self-signed certificate in certificate chain
[2024-12-30T22:10:26.582] [ERROR] CRAWLER - [-] Error during octokit.request: self-signed certificate in certificate chain
[2024-12-30T22:10:26.601] [ERROR] CRAWLER - [-] Error during octokit.request: self-signed certificate in certificate chain
[2024-12-30T22:10:26.602] [INFO] CRAWLER - [+] Saved 0 repositories so far.
[2024-12-30T22:10:26.602] [INFO] CRAWLER - [+] Searching for repositories created between 2020-02-12 and 2020-02-19
[2024-12-30T22:10:26.623] [ERROR] CRAWLER - [-] Error during octokit.request: self-signed certificate in certificate chain
[2024-12-30T22:10:26.644] [ERROR] CRAWLER - [-] Error during octokit.request: self-signed certificate in certificate chain
[2024-12-30T22:10:26.666] [ERROR] CRAWLER - [-] Error during octokit.request: self-signed certificate in certificate chain
[2024-12-30T22:10:26.687] [ERROR] CRAWLER - [-] Error during octokit.request: self-signed certificate in certificate chain
[2024-12-30T22:10:26.688] [INFO] CRAWLER - [+] Saved 0 repositories so far.
[2024-12-30T22:10:26.688] [INFO] CRAWLER - [+] Searching for repositories created between 2020-02-19 and 2020-02-26
[2024-12-30T22:10:26.709] [ERROR] CRAWLER - [-] Error during octokit.request: self-signed certificate in certificate chain
[2024-12-30T22:10:26.731] [ERROR] CRAWLER - [-] Error during octokit.request: self-signed certificate in certificate chain
[2024-12-30T22:10:26.756] [ERROR] CRAWLER - [-] Error during octokit.request: self-signed certificate in certificate chain
[2024-12-30T22:10:26.778] [ERROR] CRAWLER - [-] Error during octokit.request: self-signed certificate in certificate chain
[2024-12-30T22:10:26.779] [INFO] CRAWLER - [+] Saved 0 repositories so far.
[2024-12-30T22:10:26.779] [INFO] CRAWLER - [+] Searching for repositories created between 2020-02-26 and 2020-03-04
[2024-12-30T22:10:26.800] [ERROR] CRAWLER - [-] Error during octokit.request: self-signed certificate in certificate chain
[2024-12-30T22:10:26.822] [ERROR] CRAWLER - [-] Error during octokit.request: self-signed certificate in certificate chain
[2024-12-30T22:10:26.844] [ERROR] CRAWLER - [-] Error during octokit.request: self-signed certificate in certificate chain
[2024-12-30T22:10:26.867] [ERROR] CRAWLER - [-] Error during octokit.request: self-signed certificate in certificate chain
[2024-12-30T22:10:26.868] [INFO] CRAWLER - [+] Saved 0 repositories so far.
[2024-12-30T22:10:26.868] [INFO] CRAWLER - [+] Searching for repositories created between 2020-03-04 and 2020-03-10
[2024-12-30T22:10:26.889] [ERROR] CRAWLER - [-] Error during octokit.request: self-signed certificate in certificate chain
[2024-12-30T22:10:26.913] [ERROR] CRAWLER - [-] Error during octokit.request: self-signed certificate in certificate chain
[2024-12-30T22:10:26.934] [ERROR] CRAWLER - [-] Error during octokit.request: self-signed certificate in certificate chain
[2024-12-30T22:10:26.955] [ERROR] CRAWLER - [-] Error during octokit.request: self-signed certificate in certificate chain
[2024-12-30T22:10:26.956] [INFO] CRAWLER - [+] Saved 0 repositories so far.
[2024-12-30T22:10:26.956] [INFO] CRAWLER - [+] Searching for repositories created between 2020-03-10 and 2020-03-17
[2024-12-30T22:10:26.979] [ERROR] CRAWLER - [-] Error during octokit.request: self-signed certificate in certificate chain
[2024-12-30T22:10:26.997] [ERROR] CRAWLER - [-] Error during octokit.request: self-signed certificate in certificate chain
[2024-12-30T22:10:27.016] [ERROR] CRAWLER - [-] Error during octokit.request: self-signed certificate in certificate chain
[2024-12-30T22:10:27.035] [ERROR] CRAWLER - [-] Error during octokit.request: self-signed certificate in certificate chain
[2024-12-30T22:10:27.036] [INFO] CRAWLER - [+] Saved 0 repositories so far.
[2024-12-30T22:10:27.036] [INFO] CRAWLER - [+] Searching for repositories created between 2020-03-17 and 2020-03-24
[2024-12-30T22:10:27.054] [ERROR] CRAWLER - [-] Error during octokit.request: self-signed certificate in certificate chain
[2024-12-30T22:10:27.073] [ERROR] CRAWLER - [-] Error during octokit.request: self-signed certificate in certificate chain
[2024-12-30T22:10:27.093] [ERROR] CRAWLER - [-] Error during octokit.request: self-signed certificate in certificate chain
[2024-12-30T22:10:27.114] [ERROR] CRAWLER - [-] Error during octokit.request: self-signed certificate in certificate chain
[2024-12-30T22:10:27.114] [INFO] CRAWLER - [+] Saved 0 repositories so far.
[2024-12-30T22:10:27.115] [INFO] CRAWLER - [+] Searching for repositories created between 2020-03-24 and 2020-03-31
[2024-12-30T22:10:27.137] [ERROR] CRAWLER - [-] Error during octokit.request: self-signed certificate in certificate chain
[2024-12-30T22:10:27.158] [ERROR] CRAWLER - [-] Error during octokit.request: self-signed certificate in certificate chain
[2024-12-30T22:10:27.180] [ERROR] CRAWLER - [-] Error during octokit.request: self-signed certificate in certificate chain
[2024-12-30T22:10:27.198] [ERROR] CRAWLER - [-] Error during octokit.request: self-signed certificate in certificate chain
[2024-12-30T22:10:27.198] [INFO] CRAWLER - [+] Saved 0 repositories so far.
[2024-12-30T22:10:27.198] [INFO] CRAWLER - [+] Searching for repositories created between 2020-03-31 and 2020-04-07
[2024-12-30T22:10:27.217] [ERROR] CRAWLER - [-] Error during octokit.request: self-signed certificate in certificate chain
[2024-12-30T22:10:27.235] [ERROR] CRAWLER - [-] Error during octokit.request: self-signed certificate in certificate chain
[2024-12-30T22:10:27.256] [ERROR] CRAWLER - [-] Error during octokit.request: self-signed certificate in certificate chain
[2024-12-30T22:10:27.276] [ERROR] CRAWLER - [-] Error during octokit.request: self-signed certificate in certificate chain
[2024-12-30T22:10:27.277] [INFO] CRAWLER - [+] Saved 0 repositories so far.
[2024-12-30T22:10:27.277] [INFO] CRAWLER - [+] Searching for repositories created between 2020-04-07 and 2020-04-14
[2024-12-30T22:10:27.295] [ERROR] CRAWLER - [-] Error during octokit.request: self-signed certificate in certificate chain
[2024-12-30T22:10:27.315] [ERROR] CRAWLER - [-] Error during octokit.request: self-signed certificate in certificate chain
[2024-12-30T22:10:27.337] [ERROR] CRAWLER - [-] Error during octokit.request: self-signed certificate in certificate chain
[2024-12-30T22:10:27.360] [ERROR] CRAWLER - [-] Error during octokit.request: self-signed certificate in certificate chain
[2024-12-30T22:10:27.361] [INFO] CRAWLER - [+] Saved 0 repositories so far.
[2024-12-30T22:10:27.361] [INFO] CRAWLER - [+] Searching for repositories created between 2020-04-14 and 2020-04-21
[2024-12-30T22:10:43.348] [INFO] CRAWLER - [+] Searching for repositories created between 2020-01-01 and 2020-01-08
[2024-12-30T22:10:57.963] [INFO] CRAWLER - Downloading repository: https://github.com/lux-org/lux.git
[2024-12-30T22:11:14.679] [ERROR] CRAWLER - API rate limit exceeded for 'Search code': API rate limit exceeded for user ID 60600792. If you reach out to GitHub Support for help, please include the request ID C6F3:39174:2EEFBFE:5D9FB13:677360D2 and timestamp 2024-12-31 03:11:14 UTC. - https://docs.github.com/rest/overview/rate-limits-for-the-rest-api. Sleeping for 0 seconds...
[2024-12-30T22:11:14.869] [ERROR] CRAWLER - API rate limit exceeded for 'Search code': API rate limit exceeded for user ID 60600792. If you reach out to GitHub Support for help, please include the request ID C6F3:39174:2EEFC96:5D9FC51:677360D2 and timestamp 2024-12-31 03:11:14 UTC. - https://docs.github.com/rest/overview/rate-limits-for-the-rest-api. Sleeping for 0 seconds...
[2024-12-30T22:11:15.109] [INFO] CRAWLER - Repository thepanacealab/SMMT does not contain 'glom.assign('.
[2024-12-30T22:11:15.336] [INFO] CRAWLER - Repository r0x0r/pywebview-react-boilerplate does not contain 'glom.assign('.
[2024-12-30T22:11:15.592] [INFO] CRAWLER - Repository Pullusb/Tesselate_texture_plane does not contain 'glom.assign('.
[2024-12-30T22:11:15.821] [INFO] CRAWLER - Repository glam-imperial/EmotionalConversionStarGAN does not contain 'glom.assign('.
[2024-12-30T22:11:16.124] [INFO] CRAWLER - Repository scikit-hep/hist does not contain 'glom.assign('.
[2024-12-30T22:11:16.392] [INFO] CRAWLER - Repository fernandod1/Instagram-to-discord does not contain 'glom.assign('.
[2024-12-30T22:11:16.635] [INFO] CRAWLER - Repository amigavision/AmigaVision does not contain 'glom.assign('.
[2024-12-30T22:11:16.987] [INFO] CRAWLER - Repository cereslibra/TurtleAndFourier does not contain 'glom.assign('.
[2024-12-30T22:11:17.265] [INFO] CRAWLER - Repository aa-samad/conv_snn does not contain 'glom.assign('.
[2024-12-30T22:11:17.487] [ERROR] CRAWLER - API rate limit exceeded for 'Search code': API rate limit exceeded for user ID 60600792. If you reach out to GitHub Support for help, please include the request ID C6F3:39174:2EF0422:5DA0B2B:677360D5 and timestamp 2024-12-31 03:11:17 UTC. - https://docs.github.com/rest/overview/rate-limits-for-the-rest-api. Sleeping for 58 seconds...
[2024-12-30T22:11:00.637] [INFO] CRAWLER - Downloading repository: https://github.com/hluwa/frida-dexdump.git
[2024-12-30T22:11:01.126] [INFO] CRAWLER - Downloading repository: https://github.com/freedomofpress/dangerzone.git
[2024-12-30T22:11:02.090] [INFO] CRAWLER - Downloading repository: https://github.com/jettify/pytorch-optimizer.git
[2024-12-30T22:11:04.448] [INFO] CRAWLER - Downloading repository: https://github.com/ciur/papermerge.git
[2024-12-30T22:11:06.168] [INFO] CRAWLER - Downloading repository: https://github.com/loujie0822/DeepIE.git
[2024-12-30T22:11:06.574] [INFO] CRAWLER - Downloading repository: https://github.com/uber/orbit.git
[2024-12-30T22:11:15.872] [INFO] CRAWLER - Downloading repository: https://github.com/mit-han-lab/once-for-all.git
[2024-12-30T22:11:16.736] [INFO] CRAWLER - Downloading repository: https://github.com/emilianavt/OpenSeeFace.git
[2024-12-30T22:11:26.583] [INFO] CRAWLER - Downloading repository: https://github.com/theja-m/Data-Structures-and-Algorithms.git
[2024-12-30T22:11:26.770] [INFO] CRAWLER - Downloading repository: https://github.com/CLUEbenchmark/CLUENER2020.git
[2024-12-30T22:11:27.018] [INFO] CRAWLER - Found sub-pattern 2 of glom.assign.as in file /Users/jiachengzhong/project/jhu-research/python-class-pollution/python-class-pollution/crawler/tmp/repo-231908902/tf_version/optimization.py at line 69
[2024-12-30T22:11:27.018] [INFO] CRAWLER - Found sub-pattern 2 of glom.assign.wildcard_import in file /Users/jiachengzhong/project/jhu-research/python-class-pollution/python-class-pollution/crawler/tmp/repo-231908902/tf_version/optimization.py at line 69
[2024-12-30T22:11:27.072] [INFO] CRAWLER - Downloading repository: https://github.com/alexmojaki/futurecoder.git
[2024-12-30T22:11:28.463] [INFO] CRAWLER - Downloading repository: https://github.com/robocorp/rpaframework.git
[2024-12-30T22:11:45.102] [INFO] CRAWLER - Downloading repository: https://github.com/facebookresearch/meshrcnn.git
[2024-12-30T22:11:45.370] [INFO] CRAWLER - Found sub-pattern 2 of pydash.set_.as in file /Users/jiachengzhong/project/jhu-research/python-class-pollution/python-class-pollution/crawler/tmp/repo-232438134/shapenet/utils/binvox_torch.py at line 32
[2024-12-30T22:11:45.370] [INFO] CRAWLER - Found sub-pattern 2 of pydash.set_.wildcard_import in file /Users/jiachengzhong/project/jhu-research/python-class-pollution/python-class-pollution/crawler/tmp/repo-232438134/shapenet/utils/binvox_torch.py at line 32
[2024-12-30T22:11:45.389] [INFO] CRAWLER - Downloading repository: https://github.com/uber/fiber.git
[2024-12-30T22:11:46.214] [INFO] CRAWLER - Downloading repository: https://github.com/cyberjunky/python-garminconnect.git
[2024-12-30T22:11:46.501] [INFO] CRAWLER - Downloading repository: https://github.com/broken5/WebAliveScan.git
[2024-12-30T22:11:46.744] [INFO] CRAWLER - Downloading repository: https://github.com/GoogleCloudPlatform/functions-framework-python.git
[2024-12-30T22:11:47.052] [INFO] CRAWLER - Downloading repository: https://github.com/braindecode/braindecode.git
[2024-12-30T22:11:47.881] [INFO] CRAWLER - Downloading repository: https://github.com/netenglabs/suzieq.git
[2024-12-30T22:11:58.917] [INFO] CRAWLER - Downloading repository: https://github.com/JsBergbau/MiTemperature2.git
[2024-12-30T22:11:59.172] [INFO] CRAWLER - Downloading repository: https://github.com/guoshnBJTU/ASTGCN-2019-pytorch.git
[2024-12-30T22:11:59.485] [INFO] CRAWLER - Downloading repository: https://github.com/Netflix-Skunkworks/riskquant.git
[2024-12-30T22:11:59.703] [INFO] CRAWLER - Downloading repository: https://github.com/malllabiisc/CompGCN.git
[2024-12-30T22:12:00.136] [INFO] CRAWLER - Downloading repository: https://github.com/Rudrabha/LipGAN.git
[2024-12-30T22:12:00.340] [INFO] CRAWLER - Downloading repository: https://github.com/statsbomb/statsbombpy.git
[2024-12-30T22:12:00.616] [INFO] CRAWLER - Downloading repository: https://github.com/AvinashReddy3108/YetAnotherSMSBomber.git
[2024-12-30T22:12:00.819] [INFO] CRAWLER - Downloading repository: https://github.com/ScalaConsultants/Aspect-Based-Sentiment-Analysis.git
[2024-12-30T22:12:01.117] [INFO] CRAWLER - Downloading repository: https://github.com/ceuk/spotui.git
[2024-12-30T22:12:01.320] [INFO] CRAWLER - Downloading repository: https://github.com/wmuron/motpy.git
[2024-12-30T22:12:02.550] [INFO] CRAWLER - Downloading repository: https://github.com/taichi-dev/taichi_elements.git
[2024-12-30T22:12:02.805] [INFO] CRAWLER - Downloading repository: https://github.com/qianxiao996/CTF-Tools.git
[2024-12-30T22:12:03.075] [INFO] CRAWLER - Downloading repository: https://github.com/nnsee/fileless-elf-exec.git
[2024-12-30T22:12:03.278] [INFO] CRAWLER - Downloading repository: https://github.com/saeed349/Microservices-Based-Algorithmic-Trading-System.git
[2024-12-30T22:12:06.403] [INFO] CRAWLER - Downloading repository: https://github.com/yxgeee/MMT.git
[2024-12-30T22:12:06.636] [INFO] CRAWLER - Downloading repository: https://github.com/MilesCranmer/lagrangian_nns.git
[2024-12-30T22:12:08.187] [INFO] CRAWLER - Downloading repository: https://github.com/irfanICMLL/CoupleGenerator.git
[2024-12-30T22:12:09.085] [INFO] CRAWLER - Found sub-pattern 2 of glom.assign.as in file /Users/jiachengzhong/project/jhu-research/python-class-pollution/python-class-pollution/crawler/tmp/repo-232026136/references/wgan_pred.py at line 371
[2024-12-30T22:12:09.085] [INFO] CRAWLER - Found sub-pattern 2 of glom.assign.wildcard_import in file /Users/jiachengzhong/project/jhu-research/python-class-pollution/python-class-pollution/crawler/tmp/repo-232026136/references/wgan_pred.py at line 371
[2024-12-30T22:12:09.128] [INFO] CRAWLER - Downloading repository: https://github.com/shenweichen/coding_interviews.git
[2024-12-30T22:12:09.341] [INFO] CRAWLER - Downloading repository: https://github.com/vas3k/infomate.club.git
[2024-12-30T22:12:09.647] [INFO] CRAWLER - Downloading repository: https://github.com/neulab/nn4nlp-concepts.git
[2024-12-30T22:12:10.271] [INFO] CRAWLER - Downloading repository: https://github.com/kovinevmv/getcontact.git
[2024-12-30T22:12:10.497] [INFO] CRAWLER - Downloading repository: https://github.com/xmm7360/xmm7360-pci.git
[2024-12-30T22:12:10.701] [INFO] CRAWLER - Downloading repository: https://github.com/AaronJny/DeepLearningExamples.git
[2024-12-30T22:12:12.491] [INFO] CRAWLER - Downloading repository: https://github.com/cynricfu/MAGNN.git
[2024-12-30T22:12:12.882] [INFO] CRAWLER - Downloading repository: https://github.com/pnxenopoulos/awpy.git
[2024-12-30T22:12:24.110] [INFO] CRAWLER - Downloading repository: https://github.com/chemosim-lab/ProLIF.git
[2024-12-30T22:12:25.144] [INFO] CRAWLER - Found sub-pattern 2 of glom.assign.as in file /Users/jiachengzhong/project/jhu-research/python-class-pollution/python-class-pollution/crawler/tmp/repo-232564899/prolif/plotting/network.py at line 821
[2024-12-30T22:12:25.144] [INFO] CRAWLER - Found sub-pattern 2 of glom.assign.wildcard_import in file /Users/jiachengzhong/project/jhu-research/python-class-pollution/python-class-pollution/crawler/tmp/repo-232564899/prolif/plotting/network.py at line 821
[2024-12-30T22:12:25.160] [INFO] CRAWLER - Downloading repository: https://github.com/bauerji/flask-pydantic.git
[2024-12-30T22:12:25.382] [INFO] CRAWLER - Downloading repository: https://github.com/Bergvca/string_grouper.git
[2024-12-30T22:12:25.945] [INFO] CRAWLER - Downloading repository: https://github.com/Davidham3/STSGCN.git
[2024-12-30T22:12:26.212] [INFO] CRAWLER - Downloading repository: https://github.com/neuraloperator/graph-pde.git
[2024-12-30T22:12:26.607] [INFO] CRAWLER - Downloading repository: https://github.com/facebookresearch/CPC_audio.git
[2024-12-30T22:12:27.077] [INFO] CRAWLER - Downloading repository: https://github.com/samuelcolvin/rtoml.git
[2024-12-30T22:12:27.298] [INFO] CRAWLER - Downloading repository: https://github.com/justinpinkney/awesome-pretrained-stylegan.git
[2024-12-30T22:12:27.585] [INFO] CRAWLER - Downloading repository: https://github.com/conda/grayskull.git
[2024-12-30T22:12:28.089] [INFO] CRAWLER - Downloading repository: https://github.com/rrwick/Trycycler.git
[2024-12-30T22:12:28.482] [INFO] CRAWLER - Downloading repository: https://github.com/quintoandar/butterfree.git
[2024-12-30T22:12:28.937] [INFO] CRAWLER - Downloading repository: https://github.com/Lyrebirds/cable-haunt-vulnerability-test.git
[2024-12-30T22:12:29.146] [INFO] CRAWLER - Downloading repository: https://github.com/AdneneBoumessouer/MVTec-Anomaly-Detection.git
[2024-12-30T22:12:46.226] [INFO] CRAWLER - Downloading repository: https://github.com/igo95862/bubblejail.git
[2024-12-30T22:12:46.537] [INFO] CRAWLER - Downloading repository: https://github.com/zlai0/MAST.git
[2024-12-30T22:12:48.510] [INFO] CRAWLER - Downloading repository: https://github.com/CBJerry993/TT_Fund.git
[2024-12-30T22:12:48.771] [INFO] CRAWLER - Downloading repository: https://github.com/vishaalagartha/basketball_reference_scraper.git
[2024-12-30T22:12:48.964] [INFO] CRAWLER - Downloading repository: https://github.com/databand-ai/dbnd.git
[2024-12-30T22:12:51.034] [INFO] CRAWLER - Downloading repository: https://github.com/seclab-ucr/SymTCP.git
[2024-12-30T22:12:53.058] [INFO] CRAWLER - Downloading repository: https://github.com/app-generator/django-material-dashboard.git
[2024-12-30T22:12:55.978] [INFO] CRAWLER - Downloading repository: https://github.com/Erimus-Koo/.homeassistant.git
[2024-12-30T22:12:56.320] [INFO] CRAWLER - Downloading repository: https://github.com/GalaxyLearning/GFL.git
[2024-12-30T22:12:56.696] [INFO] CRAWLER - Downloading repository: https://github.com/linaro-its/aws2-wrap.git
[2024-12-30T22:12:56.906] [INFO] CRAWLER - Downloading repository: https://github.com/hualuoo/dormitory_menage_system.git
[2024-12-30T22:13:28.204] [INFO] CRAWLER - Downloading repository: https://github.com/Rapptz/discord-ext-menus.git
[2024-12-30T22:13:28.477] [INFO] CRAWLER - Downloading repository: https://github.com/bubbliiiing/GAN-keras.git
[2024-12-30T22:13:28.695] [INFO] CRAWLER - Downloading repository: https://github.com/avibrazil/iOSbackup.git
[2024-12-30T22:13:28.920] [INFO] CRAWLER - Downloading repository: https://github.com/scverse/scirpy.git
[2024-12-30T22:13:40.190] [INFO] CRAWLER - Found sub-pattern 2 of glom.assign.as in file /Users/jiachengzhong/project/jhu-research/python-class-pollution/python-class-pollution/crawler/tmp/repo-232568640/src/scirpy/tl/_group_abundance.py at line 27
[2024-12-30T22:13:40.190] [INFO] CRAWLER - Found sub-pattern 2 of glom.assign.wildcard_import in file /Users/jiachengzhong/project/jhu-research/python-class-pollution/python-class-pollution/crawler/tmp/repo-232568640/src/scirpy/tl/_group_abundance.py at line 27
[2024-12-30T22:13:40.236] [INFO] CRAWLER - Downloading repository: https://github.com/yan4ikyt/webhack.git
[2024-12-30T22:13:40.414] [INFO] CRAWLER - Downloading repository: https://github.com/zlthinker/KFNet.git
[2024-12-30T22:13:45.921] [INFO] CRAWLER - Found sub-pattern 2 of glom.assign.as in file /Users/jiachengzhong/project/jhu-research/python-class-pollution/python-class-pollution/crawler/tmp/repo-231860236/cnn_wrapper/network.py at line 72
[2024-12-30T22:13:45.921] [INFO] CRAWLER - Found sub-pattern 2 of glom.assign.wildcard_import in file /Users/jiachengzhong/project/jhu-research/python-class-pollution/python-class-pollution/crawler/tmp/repo-231860236/cnn_wrapper/network.py at line 72
[2024-12-30T22:13:45.937] [INFO] CRAWLER - Downloading repository: https://github.com/diegoavillegasg/IMU-GNSS-Lidar-sensor-fusion-using-Extended-Kalman-Filter-for-State-Estimation.git
[2024-12-30T22:13:46.279] [INFO] CRAWLER - Downloading repository: https://github.com/EYHN/telegram-search.git
[2024-12-30T22:13:46.504] [INFO] CRAWLER - Downloading repository: https://github.com/jonathanTIE/googledrive-copy-downloader.git
[2024-12-30T22:13:46.749] [INFO] CRAWLER - Downloading repository: https://github.com/jhultman/vision3d.git
[2024-12-30T22:13:47.135] [INFO] CRAWLER - Downloading repository: https://github.com/pecu/FinancialVision.git
[2024-12-30T22:13:48.430] [INFO] CRAWLER - Downloading repository: https://github.com/abhishekkrthakur/mlframework.git
[2024-12-30T22:13:48.688] [INFO] CRAWLER - Downloading repository: https://github.com/NicholasDawson/ArchiverForGooglePhotos.git
[2024-12-30T22:13:59.244] [INFO] CRAWLER - Downloading repository: https://github.com/xxxzc/xps15-9570-macos.git
[2024-12-30T22:13:59.443] [INFO] CRAWLER - Downloading repository: https://github.com/3gstudent/pyKerbrute.git
[2024-12-30T22:13:59.631] [INFO] CRAWLER - Downloading repository: https://github.com/momijiame/linux-tcpip-book.git
[2024-12-30T22:13:59.833] [INFO] CRAWLER - Downloading repository: https://github.com/Python3Spiders/StockSpider.git
[2024-12-30T22:14:00.027] [INFO] CRAWLER - Downloading repository: https://github.com/AI-secure/DBA.git
[2024-12-30T22:14:00.288] [INFO] CRAWLER - Downloading repository: https://github.com/PacktPublishing/Odoo-14-Development-Cookbook-Fourth-Edition.git
[2024-12-30T22:14:01.229] [INFO] CRAWLER - Downloading repository: https://github.com/geeeeeeeek/QuantStudy.git
[2024-12-30T22:14:01.447] [INFO] CRAWLER - Downloading repository: https://github.com/tschamm/boschshc-hass.git
[2024-12-30T22:14:01.701] [INFO] CRAWLER - Downloading repository: https://github.com/arashwan/matrixnet.git
[2024-12-30T22:14:04.309] [INFO] CRAWLER - Downloading repository: https://github.com/jviquerat/lbm.git
[2024-12-30T22:14:09.746] [INFO] CRAWLER - Downloading repository: https://github.com/adriansahlman/stylegan2_pytorch.git
[2024-12-30T22:14:09.962] [INFO] CRAWLER - Downloading repository: https://github.com/wanxinjin/Pontryagin-Differentiable-Programming.git
[2024-12-30T22:14:33.806] [INFO] CRAWLER - Downloading repository: https://github.com/dlint-py/dlint.git
[2024-12-30T22:14:34.191] [INFO] CRAWLER - Downloading repository: https://github.com/S1M0N38/soccerapi.git
[2024-12-30T22:14:34.416] [INFO] CRAWLER - Downloading repository: https://github.com/PaperMtn/lil-pwny.git
[2024-12-30T22:14:34.707] [INFO] CRAWLER - Downloading repository: https://github.com/xuannianz/DifferentiableBinarization.git
[2024-12-30T22:14:34.982] [INFO] CRAWLER - Downloading repository: https://github.com/quakkels/rssdiscoveryengine.git
[2024-12-30T22:14:35.202] [INFO] CRAWLER - Downloading repository: https://github.com/adobe/Deep-Audio-Prior.git
[2024-12-30T22:14:41.607] [INFO] CRAWLER - [+] Filtered 0/100 results using filterHasGlomLocalCheck
[2024-12-30T22:14:41.608] [INFO] CRAWLER - [+] Found 0/100 results for "created:2020-01-01..2020-01-08 language:Python stars:>100" on page 1.
[2024-12-30T22:14:53.187] [INFO] CRAWLER - Downloading repository: https://github.com/kilacoda/chanim.git
[2024-12-30T22:14:53.451] [INFO] CRAWLER - Downloading repository: https://github.com/TrevisanGMW/gt-tools.git
[2024-12-30T22:14:55.471] [INFO] CRAWLER - Downloading repository: https://github.com/ambionics/mt_rand-reverse.git
[2024-12-30T22:14:55.652] [INFO] CRAWLER - Downloading repository: https://github.com/filchy/slam-python.git
[2024-12-30T22:14:57.325] [INFO] CRAWLER - Downloading repository: https://github.com/kying18/hangman.git
[2024-12-30T22:14:57.479] [INFO] CRAWLER - Downloading repository: https://github.com/app-generator/django-argon-dashboard.git
[2024-12-30T22:14:59.399] [INFO] CRAWLER - Downloading repository: https://github.com/getredash/redash-toolbelt.git
[2024-12-30T22:14:59.603] [INFO] CRAWLER - Downloading repository: https://github.com/areyou1or0/Exploit-Dev.git
[2024-12-30T22:14:59.798] [INFO] CRAWLER - Downloading repository: https://github.com/devopsspiral/KubeLibrary.git
[2024-12-30T22:15:00.120] [INFO] CRAWLER - Downloading repository: https://github.com/BADBADBADBOY/pytorch.ctpn.git
[2024-12-30T22:15:02.822] [INFO] CRAWLER - Downloading repository: https://github.com/Viralmaniar/XposedOrNot.git
[2024-12-30T22:15:03.002] [INFO] CRAWLER - Downloading repository: https://github.com/OrangeySeven/RedbookSpider.git
[2024-12-30T22:15:03.171] [INFO] CRAWLER - Downloading repository: https://github.com/GoekeLab/xpore.git
[2024-12-30T22:15:04.021] [INFO] CRAWLER - Downloading repository: https://github.com/ika-rwth-aachen/drone-dataset-tools.git
[2024-12-30T22:15:04.251] [INFO] CRAWLER - Downloading repository: https://github.com/HKBU-HPML/FADNet.git
[2024-12-30T22:15:08.349] [INFO] CRAWLER - Downloading repository: https://github.com/easyQuant/real_trader.git
[2024-12-30T22:15:08.535] [INFO] CRAWLER - Downloading repository: https://github.com/maybites/NodeOSC.git
[2024-12-30T22:15:08.955] [INFO] CRAWLER - Downloading repository: https://github.com/bckim92/sequential-knowledge-transformer.git
[2024-12-30T22:15:09.238] [INFO] CRAWLER - Downloading repository: https://github.com/JordyAlkema/Youtube-DL-Agent.bundle.git
[2024-12-30T22:15:09.435] [INFO] CRAWLER - Downloading repository: https://github.com/t0thkr1s/gtfo.git
[2024-12-30T22:15:09.703] [INFO] CRAWLER - Downloading repository: https://github.com/thehapyone/NanoCamera.git
[2024-12-30T22:15:09.907] [INFO] CRAWLER - Downloading repository: https://github.com/avrae/d20.git
[2024-12-30T22:15:10.125] [INFO] CRAWLER - Downloading repository: https://github.com/pvxe/nftables-geoip.git
[2024-12-30T22:15:10.290] [INFO] CRAWLER - Downloading repository: https://github.com/free5gmano/free5gmano.git
[2024-12-30T22:15:10.875] [INFO] CRAWLER - Downloading repository: https://github.com/SimoneRichetti/VRPTW-Column-Generation.git
[2024-12-30T22:15:11.150] [INFO] CRAWLER - Downloading repository: https://github.com/h1code2/douyin_search.git
[2024-12-30T22:15:11.337] [INFO] CRAWLER - Downloading repository: https://github.com/nitobuendia/oura-custom-component.git
[2024-12-30T22:15:11.575] [INFO] CRAWLER - Downloading repository: https://github.com/fedora-infra/noggin.git
[2024-12-30T22:15:13.416] [INFO] CRAWLER - Downloading repository: https://github.com/GoodiesHQ/noknow-python.git
[2024-12-30T22:15:13.597] [INFO] CRAWLER - Downloading repository: https://github.com/ddxtanx/GoveeAPI.git
[2024-12-30T22:15:13.745] [INFO] CRAWLER - Downloading repository: https://github.com/nwg-piotr/sgtk-menu.git
[2024-12-30T22:15:13.950] [INFO] CRAWLER - Downloading repository: https://github.com/dubs3c/Injectus.git
[2024-12-30T22:15:14.125] [INFO] CRAWLER - Downloading repository: https://github.com/datagym-ru/retailhero-recomender-baseline.git
[2024-12-30T22:15:14.439] [INFO] CRAWLER - Downloading repository: https://github.com/diffqc/dqc.git
[2024-12-30T22:15:17.767] [INFO] CRAWLER - Downloading repository: https://github.com/tatigabru/kaggle-rsna.git
[2024-12-30T22:15:18.261] [INFO] CRAWLER - Downloading repository: https://github.com/BattlesnakeOfficial/starter-snake-python.git
[2024-12-30T22:15:18.486] [INFO] CRAWLER - Downloading repository: https://github.com/biobakery/biobakery_workflows.git
[2024-12-30T22:15:38.686] [INFO] CRAWLER - Downloading repository: https://github.com/albanie/slurm_gpustat.git
[2024-12-30T22:15:38.921] [INFO] CRAWLER - Downloading repository: https://github.com/aspuru-guzik-group/GA.git
[2024-12-30T22:17:05.476] [INFO] CRAWLER - Downloading repository: https://github.com/moono/stylegan2-tf-2.x.git
[2024-12-30T22:17:08.102] [INFO] CRAWLER - Found sub-pattern 2 of glom.assign.as in file /Users/jiachengzhong/project/jhu-research/python-class-pollution/python-class-pollution/crawler/tmp/repo-231335923/losses.py at line 95
[2024-12-30T22:17:08.102] [INFO] CRAWLER - Found sub-pattern 2 of glom.assign.wildcard_import in file /Users/jiachengzhong/project/jhu-research/python-class-pollution/python-class-pollution/crawler/tmp/repo-231335923/losses.py at line 95
[2024-12-30T22:17:08.116] [INFO] CRAWLER - Downloading repository: https://github.com/ludlows/CSI-Activity-Recognition.git
[2024-12-30T22:17:08.444] [INFO] CRAWLER - Downloading repository: https://github.com/nerk987/txa_ant.git
[2024-12-30T22:17:09.000] [INFO] CRAWLER - Downloading repository: https://github.com/Ethck/Path-of-Accounting.git
[2024-12-30T22:17:11.643] [INFO] CRAWLER - Downloading repository: https://github.com/wilmardo/migrate-plex-to-jellyfin.git
[2024-12-30T22:17:11.801] [INFO] CRAWLER - [+] Filtered 0/44 results using filterHasGlomLocalCheck
[2024-12-30T22:17:11.801] [INFO] CRAWLER - [+] Found 0/44 results for "created:2020-01-01..2020-01-08 language:Python stars:>100" on page 2.
[2024-12-30T22:17:11.802] [INFO] CRAWLER - [+] Saved 0 repositories so far.
[2024-12-30T22:17:11.802] [INFO] CRAWLER - [+] Searching for repositories created between 2020-01-08 and 2020-01-15
[2024-12-30T22:17:24.032] [INFO] CRAWLER - Downloading repository: https://github.com/AntixK/PyTorch-VAE.git
[2024-12-30T22:17:26.366] [INFO] CRAWLER - Downloading repository: https://github.com/lux-org/lux.git
[2024-12-30T22:17:28.901] [INFO] CRAWLER - Downloading repository: https://github.com/lucidrains/stylegan2-pytorch.git
[2024-12-30T22:17:29.353] [INFO] CRAWLER - Downloading repository: https://github.com/magenta/ddsp.git
[2024-12-30T22:17:30.562] [INFO] CRAWLER - Found sub-pattern 2 of glom.assign.as in file /Users/jiachengzhong/project/jhu-research/python-class-pollution/python-class-pollution/crawler/tmp/repo-233910136/ddsp/training/nn.py at line 1056
[2024-12-30T22:17:30.562] [INFO] CRAWLER - Found sub-pattern 2 of glom.assign.wildcard_import in file /Users/jiachengzhong/project/jhu-research/python-class-pollution/python-class-pollution/crawler/tmp/repo-233910136/ddsp/training/nn.py at line 1056
[2024-12-30T22:17:30.593] [INFO] CRAWLER - Downloading repository: https://github.com/python-restx/flask-restx.git
[2024-12-30T22:17:31.065] [INFO] CRAWLER - Downloading repository: https://github.com/lucidrains/reformer-pytorch.git
[2024-12-30T22:17:32.846] [INFO] CRAWLER - Downloading repository: https://github.com/0xn0ne/weblogicScanner.git
[2024-12-30T22:17:33.026] [INFO] CRAWLER - Downloading repository: https://github.com/microsoft/debugpy.git
[2024-12-30T22:17:37.605] [INFO] CRAWLER - Downloading repository: https://github.com/ysyisyourbrother/SYSU_Notebook.git
[2024-12-30T22:20:17.629] [INFO] CRAWLER - Downloading repository: https://github.com/jellyfin/jellyfin-mpv-shim.git
[2024-12-30T22:20:18.241] [INFO] CRAWLER - Downloading repository: https://github.com/fedden/poker_ai.git
[2024-12-30T22:20:19.060] [INFO] CRAWLER - Downloading repository: https://github.com/xdavidhu/awesome-google-vrp-writeups.git
[2024-12-30T22:20:19.355] [INFO] CRAWLER - Downloading repository: https://github.com/ipyflow/ipyflow.git
[2024-12-30T22:20:20.980] [INFO] CRAWLER - Downloading repository: https://github.com/microsoft/DNS-Challenge.git
[2024-12-30T22:20:35.067] [INFO] CRAWLER - Downloading repository: https://github.com/mylar3/mylar3.git
[2024-12-30T22:20:36.527] [INFO] CRAWLER - Found sub-pattern 2 of glom.assign.wildcard_import in file /Users/jiachengzhong/project/jhu-research/python-class-pollution/python-class-pollution/crawler/tmp/repo-233701130/lib/comictaggerlib/comicapi/genericmetadata.py at line 121
[2024-12-30T22:20:36.610] [INFO] CRAWLER - Downloading repository: https://github.com/CCExtractor/vardbg.git
[2024-12-30T22:20:36.887] [INFO] CRAWLER - Downloading repository: https://github.com/curvefi/curve-contract.git
[2024-12-30T22:20:37.523] [INFO] CRAWLER - Downloading repository: https://github.com/ozguralp/gmapsapiscanner.git
[2024-12-30T22:20:37.720] [INFO] CRAWLER - Downloading repository: https://github.com/dxli94/WLASL.git
[2024-12-30T22:20:38.209] [INFO] CRAWLER - Downloading repository: https://github.com/wasp-os/wasp-os.git
[2024-12-30T22:20:38.577] [ERROR] CRAWLER - Error while filtering: Error: ENOENT: no such file or directory, stat '/Users/jiachengzhong/project/jhu-research/python-class-pollution/python-class-pollution/crawler/tmp/repo-234031876/tools/hexmerge.py'
[2024-12-30T22:20:38.577] [INFO] CRAWLER - Downloading repository: https://github.com/neuralmind-ai/portuguese-bert.git
[2024-12-30T22:20:39.216] [INFO] CRAWLER - Downloading repository: https://github.com/anthonynsimon/timeflake.git
[2024-12-30T22:20:39.724] [INFO] CRAWLER - Downloading repository: https://github.com/yanglbme/geetest-crack.git
[2024-12-30T22:20:40.039] [INFO] CRAWLER - Downloading repository: https://github.com/lzccccc/SMOKE.git
[2024-12-30T22:20:40.833] [INFO] CRAWLER - Downloading repository: https://github.com/0xb0bb/pwndra.git
[2024-12-30T22:20:41.067] [INFO] CRAWLER - Downloading repository: https://github.com/aimclub/FEDOT.git
[2024-12-30T22:20:51.165] [INFO] CRAWLER - Downloading repository: https://github.com/donalffons/opencascade.js.git
[2024-12-30T22:21:32.137] [INFO] CRAWLER - Downloading repository: https://github.com/yinboc/few-shot-meta-baseline.git
[2024-12-30T22:21:32.365] [INFO] CRAWLER - Found sub-pattern 2 of glom.assign.as in file /Users/jiachengzhong/project/jhu-research/python-class-pollution/python-class-pollution/crawler/tmp/repo-233320546/meta-dataset/meta_dataset/learner.py at line 975
[2024-12-30T22:21:32.365] [INFO] CRAWLER - Found sub-pattern 2 of glom.assign.wildcard_import in file /Users/jiachengzhong/project/jhu-research/python-class-pollution/python-class-pollution/crawler/tmp/repo-233320546/meta-dataset/meta_dataset/learner.py at line 975
[2024-12-30T22:21:32.397] [INFO] CRAWLER - Downloading repository: https://github.com/iterative/PyDrive2.git
[2024-12-30T22:21:33.235] [INFO] CRAWLER - Downloading repository: https://github.com/statsbomb/statsbombpy.git
[2024-12-30T22:21:33.522] [INFO] CRAWLER - Downloading repository: https://github.com/trustedsec/cve-2019-19781.git
[2024-12-30T22:21:33.699] [INFO] CRAWLER - Downloading repository: https://github.com/AvinashReddy3108/YetAnotherSMSBomber.git
[2024-12-30T22:21:33.866] [INFO] CRAWLER - Downloading repository: https://github.com/ScalaConsultants/Aspect-Based-Sentiment-Analysis.git
[2024-12-30T22:21:34.157] [INFO] CRAWLER - Downloading repository: https://github.com/firmai/pandapy.git
[2024-12-30T22:21:34.374] [INFO] CRAWLER - Downloading repository: https://github.com/neuml/codequestion.git
[2024-12-30T22:21:34.803] [INFO] CRAWLER - Downloading repository: https://github.com/ceuk/spotui.git
[2024-12-30T22:21:35.005] [INFO] CRAWLER - Downloading repository: https://github.com/arthurhenrique/cookiecutter-fastapi.git
[2024-12-30T22:21:35.240] [INFO] CRAWLER - Downloading repository: https://github.com/phamquiluan/ResidualMaskingNetwork.git
[2024-12-30T22:21:35.643] [INFO] CRAWLER - Downloading repository: https://github.com/oschwengers/bakta.git
[2024-12-30T22:21:40.572] [INFO] CRAWLER - Downloading repository: https://github.com/Banconxuan/RTM3D.git
[2024-12-30T22:21:41.283] [INFO] CRAWLER - Downloading repository: https://github.com/kovinevmv/getcontact.git
[2024-12-30T22:21:41.473] [INFO] CRAWLER - Downloading repository: https://github.com/testdrivenio/fastapi-crud-async.git
[2024-12-30T22:21:41.634] [INFO] CRAWLER - Downloading repository: https://github.com/nytimes/rd-blender-docker.git
[2024-12-30T22:21:41.834] [INFO] CRAWLER - Downloading repository: https://github.com/Picovoice/leopard.git
[2024-12-30T22:22:04.755] [INFO] CRAWLER - Downloading repository: https://github.com/Sp00p64/DiscordRAT.git
[2024-12-30T22:22:04.970] [INFO] CRAWLER - Downloading repository: https://github.com/stanleylsx/entity_extractor_by_ner.git
[2024-12-30T22:22:14.452] [INFO] CRAWLER - Found sub-pattern 2 of glom.assign.as in file /Users/jiachengzhong/project/jhu-research/python-class-pollution/python-class-pollution/crawler/tmp/repo-232945357/engines/train.py at line 141
[2024-12-30T22:22:14.452] [INFO] CRAWLER - Found sub-pattern 2 of glom.assign.wildcard_import in file /Users/jiachengzhong/project/jhu-research/python-class-pollution/python-class-pollution/crawler/tmp/repo-232945357/engines/train.py at line 141
[2024-12-30T22:22:14.470] [INFO] CRAWLER - Downloading repository: https://github.com/zgojcic/3D_multiview_reg.git
[2024-12-30T22:22:14.919] [INFO] CRAWLER - Downloading repository: https://github.com/areed1192/interactive-broker-python-api.git
[2024-12-30T22:22:15.711] [INFO] CRAWLER - Downloading repository: https://github.com/chemosim-lab/ProLIF.git
[2024-12-30T22:22:16.634] [INFO] CRAWLER - Found sub-pattern 2 of glom.assign.as in file /Users/jiachengzhong/project/jhu-research/python-class-pollution/python-class-pollution/crawler/tmp/repo-232564899/prolif/plotting/network.py at line 821
[2024-12-30T22:22:16.635] [INFO] CRAWLER - Found sub-pattern 2 of glom.assign.wildcard_import in file /Users/jiachengzhong/project/jhu-research/python-class-pollution/python-class-pollution/crawler/tmp/repo-232564899/prolif/plotting/network.py at line 821
[2024-12-30T22:22:16.651] [INFO] CRAWLER - Downloading repository: https://github.com/aws-solutions/aws-control-tower-customizations.git
[2024-12-30T22:22:16.953] [INFO] CRAWLER - Downloading repository: https://github.com/ronaldoussoren/py2app.git
[2024-12-30T22:22:17.787] [INFO] CRAWLER - Downloading repository: https://github.com/pythonlessons/Reinforcement_Learning.git
[2024-12-30T22:22:21.922] [INFO] CRAWLER - Downloading repository: https://github.com/sibirbil/IMO2020.git
[2024-12-30T22:22:23.115] [INFO] CRAWLER - Downloading repository: https://github.com/influxdata/community-templates.git
[2024-12-30T22:22:25.673] [INFO] CRAWLER - Downloading repository: https://github.com/ztosec/hunter.git
[2024-12-30T22:22:30.369] [INFO] CRAWLER - Downloading repository: https://github.com/schroederdewitt/multiagent_mujoco.git
[2024-12-30T22:22:30.751] [INFO] CRAWLER - Downloading repository: https://github.com/kudelskisecurity/chainoffools.git
[2024-12-30T22:22:30.939] [INFO] CRAWLER - Downloading repository: https://github.com/davidtw0320/Resources-Allocation-in-The-Edge-Computing-Environment-Using-Reinforcement-Learning.git
[2024-12-30T22:22:31.692] [INFO] CRAWLER - Downloading repository: https://github.com/hytseng0509/CrossDomainFewShot.git
[2024-12-30T22:22:31.931] [INFO] CRAWLER - Downloading repository: https://github.com/PedroBern/django-graphql-auth.git
[2024-12-30T22:22:32.517] [INFO] CRAWLER - Downloading repository: https://github.com/LunaBlack/KGAT-pytorch.git
[2024-12-30T22:22:37.404] [INFO] CRAWLER - Downloading repository: https://github.com/allenai/allenact.git
[2024-12-30T22:22:39.716] [INFO] CRAWLER - Downloading repository: https://github.com/CNCKitchen/GradientInfill.git
[2024-12-30T22:22:39.939] [INFO] CRAWLER - Downloading repository: https://github.com/rrwick/Trycycler.git
[2024-12-30T22:22:40.330] [INFO] CRAWLER - Downloading repository: https://github.com/Liu0330/Django-Stu.git
[2024-12-30T22:22:41.181] [INFO] CRAWLER - Downloading repository: https://github.com/scrapinghub/article-extraction-benchmark.git
[2024-12-30T22:22:42.192] [INFO] CRAWLER - Downloading repository: https://github.com/bernsteining/instaloctrack.git
[2024-12-30T22:22:42.363] [INFO] CRAWLER - Downloading repository: https://github.com/cytopia/badchars.git
[2024-12-30T22:22:42.560] [INFO] CRAWLER - Downloading repository: https://github.com/hbdmapi/huobi_futures_Python.git
[2024-12-30T22:22:42.819] [INFO] CRAWLER - Downloading repository: https://github.com/coding-ai/EasyApply-Linkedin.git
[2024-12-30T22:22:43.001] [INFO] CRAWLER - Downloading repository: https://github.com/syncarr/syncarr.git
[2024-12-30T22:22:43.196] [INFO] CRAWLER - Downloading repository: https://github.com/madhavmehndiratta/dorkScanner.git
[2024-12-30T22:22:43.385] [INFO] CRAWLER - Downloading repository: https://github.com/tpoikela/uvm-python.git
[2024-12-30T22:22:44.222] [INFO] CRAWLER - Downloading repository: https://github.com/johnnychen94/jill.py.git
[2024-12-30T22:22:44.560] [INFO] CRAWLER - Downloading repository: https://github.com/anirudhbagri/whatsapp-bulk-messenger.git
[2024-12-30T22:22:45.960] [INFO] CRAWLER - Downloading repository: https://github.com/jerrytigerxu/Simple-Python-Chatbot.git
[2024-12-30T22:22:46.162] [INFO] CRAWLER - Downloading repository: https://github.com/shilrley6/Faster-R-CNN-with-model-pretrained-on-Visual-Genome.git
[2024-12-30T22:22:46.777] [INFO] CRAWLER - Downloading repository: https://github.com/nir/jupylet.git
[2024-12-30T22:22:48.136] [INFO] CRAWLER - Downloading repository: https://github.com/spcl/pymlir.git
[2024-12-30T22:22:48.402] [INFO] CRAWLER - Downloading repository: https://github.com/yueduan/DeepBinDiff.git
[2024-12-30T22:22:55.636] [INFO] CRAWLER - Downloading repository: https://github.com/timxx/pywpsrpc.git
[2024-12-30T22:22:56.537] [INFO] CRAWLER - Downloading repository: https://github.com/yjh0410/yolov2-yolov3_PyTorch.git
[2024-12-30T22:22:57.387] [INFO] CRAWLER - Downloading repository: https://github.com/michaelharms/comcrawl.git
[2024-12-30T22:22:57.601] [INFO] CRAWLER - Downloading repository: https://github.com/k-han/AutoNovel.git
[2024-12-30T22:22:57.901] [INFO] CRAWLER - Downloading repository: https://github.com/scverse/scirpy.git
[2024-12-30T22:23:08.295] [INFO] CRAWLER - Found sub-pattern 2 of glom.assign.as in file /Users/jiachengzhong/project/jhu-research/python-class-pollution/python-class-pollution/crawler/tmp/repo-232568640/src/scirpy/tl/_group_abundance.py at line 27
[2024-12-30T22:23:08.295] [INFO] CRAWLER - Found sub-pattern 2 of glom.assign.wildcard_import in file /Users/jiachengzhong/project/jhu-research/python-class-pollution/python-class-pollution/crawler/tmp/repo-232568640/src/scirpy/tl/_group_abundance.py at line 27
[2024-12-30T22:23:08.339] [INFO] CRAWLER - Downloading repository: https://github.com/yan4ikyt/webhack.git
[2024-12-30T22:23:08.562] [INFO] CRAWLER - Downloading repository: https://github.com/pfsensible/core.git
[2024-12-30T22:23:09.135] [INFO] CRAWLER - Downloading repository: https://github.com/kying18/tic-tac-toe.git
[2024-12-30T22:23:09.322] [INFO] CRAWLER - Downloading repository: https://github.com/GDGVIT/HandWriter.git
[2024-12-30T22:23:14.280] [INFO] CRAWLER - Downloading repository: https://github.com/yyasha/smsbomb.git
[2024-12-30T22:23:14.488] [INFO] CRAWLER - Downloading repository: https://github.com/luigifcruz/CyberRadio.git
[2024-12-30T22:23:14.724] [INFO] CRAWLER - Downloading repository: https://github.com/DebeshJha/ResUNetPlusPlus.git
[2024-12-30T22:23:14.922] [INFO] CRAWLER - Downloading repository: https://github.com/RasaHQ/helpdesk-assistant.git
[2024-12-30T22:23:15.304] [INFO] CRAWLER - Downloading repository: https://github.com/SoongNoonien/plattenalbum.git
[2024-12-30T22:23:16.852] [INFO] CRAWLER - Downloading repository: https://github.com/Gobot1234/steam.py.git
[2024-12-30T22:23:17.998] [INFO] CRAWLER - Downloading repository: https://github.com/PredictiveIntelligenceLab/GradientPathologiesPINNs.git
[2024-12-30T22:23:18.227] [INFO] CRAWLER - Downloading repository: https://github.com/BinWang28/SBERT-WK-Sentence-Embedding.git
[2024-12-30T22:23:18.458] [INFO] CRAWLER - Downloading repository: https://github.com/j4mie/sqlsite.git
[2024-12-30T22:23:18.646] [INFO] CRAWLER - Downloading repository: https://github.com/danmou/onenote_export.git
[2024-12-30T22:23:18.812] [INFO] CRAWLER - Downloading repository: https://github.com/JinleiZhangBJTU/ResNet-LSTM-GCN.git
[2024-12-30T22:23:19.559] [INFO] CRAWLER - [+] Filtered 0/100 results using filterHasGlomLocalCheck
[2024-12-30T22:23:19.559] [INFO] CRAWLER - [+] Found 0/100 results for "created:2020-01-08..2020-01-15 language:Python stars:>100" on page 1.
[2024-12-30T22:23:32.093] [INFO] CRAWLER - Downloading repository: https://github.com/arashwan/matrixnet.git
[2024-12-30T22:23:34.701] [INFO] CRAWLER - Downloading repository: https://github.com/JACKYLUO1991/FaceParsing.git
[2024-12-30T22:23:35.144] [INFO] CRAWLER - Downloading repository: https://github.com/coding-geographies/dockerized-pytest-course.git
[2024-12-30T22:23:35.385] [INFO] CRAWLER - Downloading repository: https://github.com/jviquerat/lbm.git
[2024-12-30T22:23:40.708] [INFO] CRAWLER - Downloading repository: https://github.com/aws-samples/amazon-dynamodb-labs.git
[2024-12-30T22:23:44.196] [INFO] CRAWLER - Downloading repository: https://github.com/dlint-py/dlint.git
[2024-12-30T22:23:44.502] [INFO] CRAWLER - Downloading repository: https://github.com/gm19900510/Pytorch_Retina_License_Plate.git
[2024-12-30T22:23:46.788] [INFO] CRAWLER - Downloading repository: https://github.com/S1M0N38/soccerapi.git
[2024-12-30T22:23:46.997] [INFO] CRAWLER - Downloading repository: https://github.com/erezsh/runtype.git
[2024-12-30T22:23:47.245] [INFO] CRAWLER - Downloading repository: https://github.com/jupyter/nbclient.git
[2024-12-30T22:23:47.669] [INFO] CRAWLER - Downloading repository: https://github.com/MarsTechHAN/ch552tool.git
[2024-12-30T22:23:47.931] [INFO] CRAWLER - Downloading repository: https://github.com/itu-algorithms/itu.algs4.git
[2024-12-30T22:23:48.209] [INFO] CRAWLER - Downloading repository: https://github.com/guyinatuxedo/remenissions.git
[2024-12-30T22:23:48.583] [INFO] CRAWLER - Downloading repository: https://github.com/mpgn/CVE-2019-19781.git
[2024-12-30T22:23:48.784] [INFO] CRAWLER - Downloading repository: https://github.com/dividuum/html-vault.git
[2024-12-30T22:23:48.982] [INFO] CRAWLER - Downloading repository: https://github.com/tomkwok/calplot.git
[2024-12-30T22:23:49.356] [INFO] CRAWLER - Downloading repository: https://github.com/SamuelBroughton/StarGAN-Voice-Conversion-2.git
[2024-12-30T22:23:50.194] [INFO] CRAWLER - Downloading repository: https://github.com/dapr-cn/docs.git
[2024-12-30T22:23:53.947] [INFO] CRAWLER - Downloading repository: https://github.com/getredash/redash-toolbelt.git
[2024-12-30T22:23:54.148] [INFO] CRAWLER - Downloading repository: https://github.com/automl/HPOBench.git
[2024-12-30T22:23:54.733] [INFO] CRAWLER - Downloading repository: https://github.com/areyou1or0/Exploit-Dev.git
[2024-12-30T22:23:54.934] [INFO] CRAWLER - Downloading repository: https://github.com/Fallen-Breath/PCRC.git
[2024-12-30T22:23:55.164] [INFO] CRAWLER - Downloading repository: https://github.com/subtheme-dev/monokai-pro.git
[2024-12-30T22:23:55.637] [INFO] CRAWLER - Downloading repository: https://github.com/app-generator/django-atlantis-dark.git
[2024-12-30T22:23:56.406] [INFO] CRAWLER - Downloading repository: https://github.com/KenMwaura1/Fast-Api-example.git
[2024-12-30T22:23:56.767] [INFO] CRAWLER - Downloading repository: https://github.com/RijulGulati/yt-audio.git
[2024-12-30T22:23:56.952] [INFO] CRAWLER - Downloading repository: https://github.com/jerrodparker20/adaptive-transformers-in-rl.git
[2024-12-30T22:23:57.506] [INFO] CRAWLER - Downloading repository: https://github.com/google-research/remixmatch.git
[2024-12-30T22:23:57.696] [INFO] CRAWLER - Found sub-pattern 2 of glom.assign.as in file /Users/jiachengzhong/project/jhu-research/python-class-pollution/python-class-pollution/crawler/tmp/repo-233144972/vat.py at line 66
[2024-12-30T22:23:57.696] [INFO] CRAWLER - Found sub-pattern 2 of glom.assign.wildcard_import in file /Users/jiachengzhong/project/jhu-research/python-class-pollution/python-class-pollution/crawler/tmp/repo-233144972/vat.py at line 66
[2024-12-30T22:23:57.713] [INFO] CRAWLER - Downloading repository: https://github.com/biobakery/phylophlan.git
[2024-12-30T22:24:02.707] [INFO] CRAWLER - Downloading repository: https://github.com/yearing1017/UAVI_Seg_Pytorch.git
[2024-12-30T22:24:08.494] [INFO] CRAWLER - Downloading repository: https://github.com/aayush1205/muCLIar.git
[2024-12-30T22:24:09.238] [INFO] CRAWLER - Downloading repository: https://github.com/matheusfelipeog/calculadora-tk.git
[2024-12-30T22:24:09.514] [INFO] CRAWLER - Downloading repository: https://github.com/dietmarwo/fast-cma-es.git
[2024-12-30T22:24:18.675] [INFO] CRAWLER - Downloading repository: https://github.com/alitourani/yolo-license-plate-detection.git
[2024-12-30T22:24:28.183] [INFO] CRAWLER - Downloading repository: https://github.com/seominseok0429/label-smoothing-visualization-pytorch.git
[2024-12-30T22:24:33.310] [INFO] CRAWLER - Downloading repository: https://github.com/avrae/d20.git
[2024-12-30T22:24:33.575] [INFO] CRAWLER - Downloading repository: https://github.com/amikha1lov/RecApp.git
[2024-12-30T22:24:33.880] [INFO] CRAWLER - Downloading repository: https://github.com/snok/drf-openapi-tester.git
[2024-12-30T22:24:34.358] [INFO] CRAWLER - Downloading repository: https://github.com/kai687/sphinxawesome-theme.git
[2024-12-30T22:24:35.853] [INFO] CRAWLER - Downloading repository: https://github.com/tangowithcode/tango_with_django_2_code.git
[2024-12-30T22:24:36.113] [INFO] CRAWLER - Downloading repository: https://github.com/hellloxiaotian/ADNet.git
[2024-12-30T22:24:46.351] [INFO] CRAWLER - Downloading repository: https://github.com/elliottzheng/face-detection.git
[2024-12-30T22:24:46.748] [INFO] CRAWLER - Downloading repository: https://github.com/thesouther/ucas_courses.git
[2024-12-30T22:25:18.173] [INFO] CRAWLER - Downloading repository: https://github.com/wshuyi/demo-helloworld-streamlit.git
[2024-12-30T22:25:18.374] [INFO] CRAWLER - Downloading repository: https://github.com/h1code2/douyin_search.git
[2024-12-30T22:25:18.545] [INFO] CRAWLER - Downloading repository: https://github.com/castorini/duobert.git
[2024-12-30T22:25:18.741] [INFO] CRAWLER - Found sub-pattern 2 of glom.assign.as in file /Users/jiachengzhong/project/jhu-research/python-class-pollution/python-class-pollution/crawler/tmp/repo-233293374/optimization.py at line 80
[2024-12-30T22:25:18.741] [INFO] CRAWLER - Found sub-pattern 2 of glom.assign.wildcard_import in file /Users/jiachengzhong/project/jhu-research/python-class-pollution/python-class-pollution/crawler/tmp/repo-233293374/optimization.py at line 80
[2024-12-30T22:25:18.748] [INFO] CRAWLER - Downloading repository: https://github.com/sv3nbeast/2019_Vul_warning_Poc_Collect.git
[2024-12-30T22:25:26.080] [INFO] CRAWLER - Downloading repository: https://github.com/Macr0phag3/ja3box.git
[2024-12-30T22:25:26.491] [INFO] CRAWLER - Downloading repository: https://github.com/mostafaelhoushi/DeepShift.git
[2024-12-30T22:25:26.765] [INFO] CRAWLER - Downloading repository: https://github.com/PentHertz/LoRa_Craft.git
[2024-12-30T22:25:27.032] [INFO] CRAWLER - Downloading repository: https://github.com/diffqc/dqc.git
[2024-12-30T22:25:30.641] [INFO] CRAWLER - Downloading repository: https://github.com/cisagov/check-cve-2019-19781.git
[2024-12-30T22:25:30.987] [INFO] CRAWLER - Downloading repository: https://github.com/marciovrl/fastapi.git
[2024-12-30T22:25:31.201] [INFO] CRAWLER - Downloading repository: https://github.com/RogerSelwyn/Home_Assistant_SkyQ_MediaPlayer.git
[2024-12-30T22:25:31.753] [INFO] CRAWLER - Downloading repository: https://github.com/SFU-MARS/optimized_dp.git
[2024-12-30T22:26:07.670] [INFO] CRAWLER - Downloading repository: https://github.com/BattlesnakeOfficial/starter-snake-python.git
[2024-12-30T22:26:07.929] [INFO] CRAWLER - Downloading repository: https://github.com/biobakery/biobakery_workflows.git
[2024-12-30T22:26:25.650] [INFO] CRAWLER - Downloading repository: https://github.com/rwnx/pynonymizer.git
[2024-12-30T22:26:26.226] [INFO] CRAWLER - Downloading repository: https://github.com/musixmatchresearch/umberto.git
[2024-12-30T22:26:26.472] [INFO] CRAWLER - Downloading repository: https://github.com/heyajohnny/afvalinfo.git
[2024-12-30T22:26:26.722] [INFO] CRAWLER - Downloading repository: https://github.com/Voulnet/desharialize.git
[2024-12-30T22:26:27.259] [INFO] CRAWLER - Downloading repository: https://github.com/mikemountain/nfl-led-scoreboard.git
[2024-12-30T22:26:29.374] [INFO] CRAWLER - [+] Filtered 0/62 results using filterHasGlomLocalCheck
[2024-12-30T22:26:29.374] [INFO] CRAWLER - [+] Found 0/62 results for "created:2020-01-08..2020-01-15 language:Python stars:>100" on page 2.
[2024-12-30T22:26:29.375] [INFO] CRAWLER - [+] Saved 0 repositories so far.
[2024-12-30T22:26:29.375] [INFO] CRAWLER - [+] Searching for repositories created between 2020-01-15 and 2020-01-22
[2024-12-30T22:26:42.835] [INFO] CRAWLER - Downloading repository: https://github.com/benbusby/whoogle-search.git
[2024-12-30T22:26:43.267] [INFO] CRAWLER - Downloading repository: https://github.com/ploomber/ploomber.git
[2024-12-30T22:26:44.430] [INFO] CRAWLER - Downloading repository: https://github.com/Farama-Foundation/PettingZoo.git
[2024-12-30T22:26:52.652] [INFO] CRAWLER - Downloading repository: https://github.com/boston-dynamics/spot-sdk.git
[2024-12-30T22:27:10.704] [INFO] CRAWLER - Downloading repository: https://github.com/zhanyong-wan/dongbei.git
[2024-12-30T22:27:12.015] [INFO] CRAWLER - Downloading repository: https://github.com/0xn0ne/weblogicScanner.git
[2024-12-30T22:27:12.221] [INFO] CRAWLER - Downloading repository: https://github.com/BlankerL/DXY-COVID-19-Crawler.git
[2024-12-30T22:27:12.450] [INFO] CRAWLER - Downloading repository: https://github.com/fastapiutils/fastapi-utils.git
[2024-12-30T22:27:12.853] [INFO] CRAWLER - Downloading repository: https://github.com/microsoft/debugpy.git
[2024-12-30T22:27:19.449] [INFO] CRAWLER - Downloading repository: https://github.com/san089/Udacity-Data-Engineering-Projects.git
[2024-12-30T22:27:19.981] [INFO] CRAWLER - Downloading repository: https://github.com/Coding-with-Adam/Dash-by-Plotly.git
[2024-12-30T22:27:23.767] [INFO] CRAWLER - Found sub-pattern 2 of glom.assign.as in file /Users/jiachengzhong/project/jhu-research/python-class-pollution/python-class-pollution/crawler/tmp/repo-234687337/Callbacks/Client-side-callback/clientside_call.py at line 69
[2024-12-30T22:27:23.767] [INFO] CRAWLER - Found sub-pattern 2 of glom.assign.wildcard_import in file /Users/jiachengzhong/project/jhu-research/python-class-pollution/python-class-pollution/crawler/tmp/repo-234687337/Callbacks/Client-side-callback/clientside_call.py at line 69
[2024-12-30T22:27:23.864] [INFO] CRAWLER - Downloading repository: https://github.com/nextstrain/ncov.git
[2024-12-30T22:27:26.536] [INFO] CRAWLER - Downloading repository: https://github.com/linkedin/detext.git
[2024-12-30T22:27:27.341] [INFO] CRAWLER - Found sub-pattern 2 of glom.assign.as in file /Users/jiachengzhong/project/jhu-research/python-class-pollution/python-class-pollution/crawler/tmp/repo-234432813/src/smart_compose/train/metrics.py at line 19
[2024-12-30T22:27:27.341] [INFO] CRAWLER - Found sub-pattern 2 of glom.assign.wildcard_import in file /Users/jiachengzhong/project/jhu-research/python-class-pollution/python-class-pollution/crawler/tmp/repo-234432813/src/smart_compose/train/metrics.py at line 19
[2024-12-30T22:27:27.400] [INFO] CRAWLER - Downloading repository: https://github.com/xdavidhu/awesome-google-vrp-writeups.git
[2024-12-30T22:27:27.693] [INFO] CRAWLER - Downloading repository: https://github.com/google-research/fixmatch.git
[2024-12-30T22:27:29.463] [INFO] CRAWLER - Found sub-pattern 2 of glom.assign.as in file /Users/jiachengzhong/project/jhu-research/python-class-pollution/python-class-pollution/crawler/tmp/repo-235461130/vat.py at line 66
[2024-12-30T22:27:29.463] [INFO] CRAWLER - Found sub-pattern 2 of glom.assign.wildcard_import in file /Users/jiachengzhong/project/jhu-research/python-class-pollution/python-class-pollution/crawler/tmp/repo-235461130/vat.py at line 66
[2024-12-30T22:27:29.498] [INFO] CRAWLER - Downloading repository: https://github.com/marian42/mesh_to_sdf.git
[2024-12-30T22:27:29.770] [INFO] CRAWLER - Downloading repository: https://github.com/curvefi/curve-contract.git
[2024-12-30T22:27:30.193] [INFO] CRAWLER - Downloading repository: https://github.com/aws/deep-learning-containers.git
[2024-12-30T22:27:42.872] [INFO] CRAWLER - Downloading repository: https://github.com/bytedance/fedlearner.git
[2024-12-30T22:27:46.223] [INFO] CRAWLER - Found sub-pattern 2 of glom.assign.as in file /Users/jiachengzhong/project/jhu-research/python-class-pollution/python-class-pollution/crawler/tmp/repo-235348659/fedlearner/trainer/trainer_master.py at line 108
[2024-12-30T22:27:46.223] [INFO] CRAWLER - Found sub-pattern 2 of glom.assign.wildcard_import in file /Users/jiachengzhong/project/jhu-research/python-class-pollution/python-class-pollution/crawler/tmp/repo-235348659/fedlearner/trainer/trainer_master.py at line 108
[2024-12-30T22:27:46.617] [INFO] CRAWLER - Downloading repository: https://github.com/wasp-os/wasp-os.git
[2024-12-30T22:27:46.640] [ERROR] CRAWLER - Error while filtering: Error: Command failed: git clone https://github.com/wasp-os/wasp-os.git /Users/jiachengzhong/project/jhu-research/python-class-pollution/python-class-pollution/crawler/tmp/repo-234031876
[2024-12-30T22:27:46.640] [INFO] CRAWLER - Downloading repository: https://github.com/CLUEbenchmark/CLUEPretrainedModels.git
[2024-12-30T22:27:47.035] [INFO] CRAWLER - Found sub-pattern 2 of glom.assign.as in file /Users/jiachengzhong/project/jhu-research/python-class-pollution/python-class-pollution/crawler/tmp/repo-234531827/optimization.py at line 83
[2024-12-30T22:27:47.035] [INFO] CRAWLER - Found sub-pattern 2 of glom.assign.wildcard_import in file /Users/jiachengzhong/project/jhu-research/python-class-pollution/python-class-pollution/crawler/tmp/repo-234531827/optimization.py at line 83
[2024-12-30T22:27:47.176] [INFO] CRAWLER - Downloading repository: https://github.com/jia-zhuang/pytorch-multi-gpu-training.git
[2024-12-30T22:27:47.390] [INFO] CRAWLER - Downloading repository: https://github.com/yanglbme/geetest-crack.git
[2024-12-30T22:27:47.696] [INFO] CRAWLER - Downloading repository: https://github.com/lllyasviel/PaintingLight.git
[2024-12-30T22:27:52.227] [INFO] CRAWLER - Downloading repository: https://github.com/KTZgraph/sarenka.git
[2024-12-30T22:28:01.744] [INFO] CRAWLER - Downloading repository: https://github.com/Yikun/hub-mirror-action.git
[2024-12-30T22:28:02.243] [INFO] CRAWLER - Downloading repository: https://github.com/xtream1101/humblebundle-downloader.git
[2024-12-30T22:28:02.465] [INFO] CRAWLER - Downloading repository: https://github.com/madwind/flexget_qbittorrent_mod.git
[2024-12-30T22:28:02.864] [INFO] CRAWLER - Downloading repository: https://github.com/firmai/pandapy.git
[2024-12-30T22:28:03.119] [INFO] CRAWLER - Downloading repository: https://github.com/neuml/codequestion.git
[2024-12-30T22:28:03.781] [INFO] CRAWLER - Downloading repository: https://github.com/insightglacier/Shiro_exploit.git
[2024-12-30T22:28:06.257] [INFO] CRAWLER - Downloading repository: https://github.com/CrawlScript/tf_geometric.git
[2024-12-30T22:28:06.527] [INFO] CRAWLER - Downloading repository: https://github.com/jwzhanggy/Graph-Bert.git
[2024-12-30T22:28:06.845] [INFO] CRAWLER - Downloading repository: https://github.com/oschwengers/bakta.git
[2024-12-30T22:28:12.474] [INFO] CRAWLER - Downloading repository: https://github.com/layerism/TensorRT-Inference-Server-Tutorial.git
[2024-12-30T22:28:12.704] [INFO] CRAWLER - Downloading repository: https://github.com/pikpikcu/Pentest-Tools-Framework.git
[2024-12-30T22:28:14.853] [INFO] CRAWLER - Downloading repository: https://github.com/lkulowski/LSTM_encoder_decoder.git
[2024-12-30T22:28:15.439] [INFO] CRAWLER - Downloading repository: https://github.com/youngwanLEE/vovnet-detectron2.git
[2024-12-30T22:28:15.634] [INFO] CRAWLER - Downloading repository: https://github.com/gumengkai/db_monitor.git
[2024-12-30T22:28:15.926] [INFO] CRAWLER - Downloading repository: https://github.com/antonior92/automatic-ecg-diagnosis.git
[2024-12-30T22:28:16.161] [INFO] CRAWLER - Downloading repository: https://github.com/Nekomoekissaten-SUB/Nekomoekissaten-Storage.git
[2024-12-30T22:28:36.676] [INFO] CRAWLER - Downloading repository: https://github.com/siriusdemon/Build-Your-Own-Face-Model.git
[2024-12-30T22:28:38.575] [INFO] CRAWLER - Downloading repository: https://github.com/kudelskisecurity/chainoffools.git
[2024-12-30T22:28:38.761] [INFO] CRAWLER - Downloading repository: https://github.com/davidtw0320/Resources-Allocation-in-The-Edge-Computing-Environment-Using-Reinforcement-Learning.git
[2024-12-30T22:28:39.485] [INFO] CRAWLER - Downloading repository: https://github.com/hytseng0509/CrossDomainFewShot.git
[2024-12-30T22:28:39.711] [INFO] CRAWLER - Downloading repository: https://github.com/PedroBern/django-graphql-auth.git
[2024-12-30T22:28:40.300] [INFO] CRAWLER - Downloading repository: https://github.com/clovaai/wsolevaluation.git
[2024-12-30T22:28:41.507] [INFO] CRAWLER - Downloading repository: https://github.com/rlouf/mcx.git
[2024-12-30T22:28:41.776] [INFO] CRAWLER - Downloading repository: https://github.com/clovaai/assembled-cnn.git
[2024-12-30T22:28:42.389] [INFO] CRAWLER - Downloading repository: https://github.com/ohhhyeahhh/SiamCAR.git
[2024-12-30T22:28:42.614] [INFO] CRAWLER - Downloading repository: https://github.com/rodrigo-arenas/Sklearn-genetic-opt.git
[2024-12-30T22:28:48.009] [INFO] CRAWLER - Downloading repository: https://github.com/anita-hu/TF2-RL.git
[2024-12-30T22:28:48.612] [INFO] CRAWLER - Found sub-pattern 2 of glom.assign.as in file /Users/jiachengzhong/project/jhu-research/python-class-pollution/python-class-pollution/crawler/tmp/repo-235662955/SAC/TF2_SAC.py at line 104
[2024-12-30T22:28:48.612] [INFO] CRAWLER - Found sub-pattern 2 of glom.assign.wildcard_import in file /Users/jiachengzhong/project/jhu-research/python-class-pollution/python-class-pollution/crawler/tmp/repo-235662955/SAC/TF2_SAC.py at line 104
[2024-12-30T22:28:48.633] [INFO] CRAWLER - Downloading repository: https://github.com/missing-semester/videos.git
[2024-12-30T22:28:48.865] [INFO] CRAWLER - Downloading repository: https://github.com/kam1107/RealnessGAN.git
[2024-12-30T22:28:50.066] [INFO] CRAWLER - Downloading repository: https://github.com/d4em0n/exrop.git
[2024-12-30T22:28:50.332] [INFO] CRAWLER - Downloading repository: https://github.com/astronomer/airflow-chart.git
[2024-12-30T22:28:51.007] [INFO] CRAWLER - Downloading repository: https://github.com/pfnet/pytorch-pfn-extras.git
[2024-12-30T22:28:51.649] [INFO] CRAWLER - Downloading repository: https://github.com/syncarr/syncarr.git
[2024-12-30T22:28:51.821] [INFO] CRAWLER - Downloading repository: https://github.com/rainyroads/twitter-saucenao.git
[2024-12-30T22:28:52.030] [INFO] CRAWLER - Downloading repository: https://github.com/wxpusher/wxpusher-sdk-python.git
[2024-12-30T22:28:52.203] [INFO] CRAWLER - Downloading repository: https://github.com/WSP-LAB/FUSE.git
[2024-12-30T22:28:52.481] [INFO] CRAWLER - Downloading repository: https://github.com/daveredrum/ScanRefer.git
[2024-12-30T22:28:54.604] [INFO] CRAWLER - Downloading repository: https://github.com/YouQixiaowu/CUDA-Programming-with-Python.git
[2024-12-30T22:28:54.904] [INFO] CRAWLER - Downloading repository: https://github.com/LIRUILONGS/hros.git
[2024-12-30T22:28:58.746] [INFO] CRAWLER - Downloading repository: https://github.com/andrewzlee/NeuralBlock.git
[2024-12-30T22:29:01.392] [INFO] CRAWLER - Downloading repository: https://github.com/IBM/cdfsl-benchmark.git
[2024-12-30T22:29:02.875] [INFO] CRAWLER - Downloading repository: https://github.com/NVlabs/6dof-graspnet.git
[2024-12-30T22:29:03.651] [INFO] CRAWLER - Found sub-pattern 2 of glom.assign.as in file /Users/jiachengzhong/project/jhu-research/python-class-pollution/python-class-pollution/crawler/tmp/repo-235687714/train.py at line 757
[2024-12-30T22:29:03.652] [INFO] CRAWLER - Found sub-pattern 2 of glom.assign.wildcard_import in file /Users/jiachengzhong/project/jhu-research/python-class-pollution/python-class-pollution/crawler/tmp/repo-235687714/train.py at line 757
[2024-12-30T22:29:03.671] [INFO] CRAWLER - Downloading repository: https://github.com/bmartacho/UniPose.git
[2024-12-30T22:29:03.893] [INFO] CRAWLER - Downloading repository: https://github.com/coder-fly/douyin_device_register.git
[2024-12-30T22:29:07.600] [INFO] CRAWLER - Downloading repository: https://github.com/hktalent/CVE-2020-2551.git
[2024-12-30T22:29:07.787] [INFO] CRAWLER - Downloading repository: https://github.com/nICEnnnnnnnLee/LiveRecorder.git
[2024-12-30T22:29:08.611] [INFO] CRAWLER - Downloading repository: https://github.com/And3rsL/Deebot-for-Home-Assistant.git
[2024-12-30T22:29:08.898] [INFO] CRAWLER - Downloading repository: https://github.com/robocorp/robotframework-lsp.git
[2024-12-30T22:29:11.918] [INFO] CRAWLER - Downloading repository: https://github.com/haltakov/simple-photo-gallery.git
[2024-12-30T22:29:13.005] [INFO] CRAWLER - Downloading repository: https://github.com/GDGVIT/HandWriter.git
[2024-12-30T22:29:18.513] [INFO] CRAWLER - Downloading repository: https://github.com/uxlfoundation/oneAPI-spec.git
[2024-12-30T22:29:22.935] [INFO] CRAWLER - Downloading repository: https://github.com/bain3/pronotepy.git
[2024-12-30T22:29:23.249] [INFO] CRAWLER - Downloading repository: https://github.com/RasaHQ/helpdesk-assistant.git
[2024-12-30T22:29:23.615] [INFO] CRAWLER - Downloading repository: https://github.com/JonasPed/homeassistant-eloverblik.git
[2024-12-30T22:29:23.811] [INFO] CRAWLER - Downloading repository: https://github.com/megvii-model/MABN.git
[2024-12-30T22:29:24.245] [INFO] CRAWLER - Downloading repository: https://github.com/iganeshk/standardnotes-extensions.git
[2024-12-30T22:29:25.128] [INFO] CRAWLER - Downloading repository: https://github.com/brainglobe/cellfinder.git
[2024-12-30T22:29:33.107] [INFO] CRAWLER - Downloading repository: https://github.com/MartinoMensio/spacy-universal-sentence-encoder.git
[2024-12-30T22:29:33.459] [INFO] CRAWLER - Downloading repository: https://github.com/krypton-byte/SpamWa.git
[2024-12-30T22:29:33.641] [INFO] CRAWLER - Downloading repository: https://github.com/cccorn/AP-loss.git
[2024-12-30T22:29:33.866] [INFO] CRAWLER - Downloading repository: https://github.com/jeremymaya/google-it-automation-with-python.git
[2024-12-30T22:29:34.147] [INFO] CRAWLER - Downloading repository: https://github.com/ayushupneja/fall2020internships.git
[2024-12-30T22:29:34.355] [INFO] CRAWLER - Downloading repository: https://github.com/hou-yz/MVDet.git
[2024-12-30T22:29:34.775] [INFO] CRAWLER - Downloading repository: https://github.com/coding-geographies/dockerized-pytest-course.git
[2024-12-30T22:29:35.068] [INFO] CRAWLER - Downloading repository: https://github.com/artic-network/artic-ncov2019.git
[2024-12-30T22:29:35.846] [INFO] CRAWLER - Downloading repository: https://github.com/rois-codh/kaokore.git
[2024-12-30T22:29:36.487] [INFO] CRAWLER - Downloading repository: https://github.com/Home-Is-Where-You-Hang-Your-Hack/sensor.goveetemp_bt_hci.git
[2024-12-30T22:29:36.670] [INFO] CRAWLER - Downloading repository: https://github.com/Patrowl/PatrowlHears.git
[2024-12-30T22:29:57.701] [INFO] CRAWLER - Downloading repository: https://github.com/vprusso/toqito.git
[2024-12-30T22:29:58.796] [INFO] CRAWLER - Found sub-pattern 2 of deepdiff.Delta.wildcard_import in file /Users/jiachengzhong/project/jhu-research/python-class-pollution/python-class-pollution/crawler/tmp/repo-235493396/toqito/channels/dephasing.py at line 20
[2024-12-30T22:29:58.868] [INFO] CRAWLER - Downloading repository: https://github.com/AlexxIT/DashCast.git
[2024-12-30T22:29:59.068] [INFO] CRAWLER - Downloading repository: https://github.com/deepsphere/deepsphere-pytorch.git
[2024-12-30T22:29:59.763] [INFO] CRAWLER - Downloading repository: https://github.com/ANL-CEEESA/MIPLearn.git
[2024-12-30T22:30:00.626] [INFO] CRAWLER - Downloading repository: https://github.com/Yepoleb/python-a2s.git
[2024-12-30T22:30:00.840] [INFO] CRAWLER - Downloading repository: https://github.com/WouterJD/FortiusANT.git
[2024-12-30T22:30:10.378] [INFO] CRAWLER - Downloading repository: https://github.com/skynet0x01/tugarecon.git
[2024-12-30T22:30:10.972] [INFO] CRAWLER - [+] Filtered 0/100 results using filterHasGlomLocalCheck
[2024-12-30T22:30:10.972] [INFO] CRAWLER - [+] Found 0/100 results for "created:2020-01-15..2020-01-22 language:Python stars:>100" on page 1.
[2024-12-30T22:30:22.162] [INFO] CRAWLER - Downloading repository: https://github.com/Stveshawn/contextual_topic_identification.git
[2024-12-30T22:30:24.788] [INFO] CRAWLER - Downloading repository: https://github.com/cwolff411/powerob.git
[2024-12-30T22:30:25.038] [INFO] CRAWLER - Downloading repository: https://github.com/snopf/snopf.git
[2024-12-30T22:30:25.705] [INFO] CRAWLER - Downloading repository: https://github.com/Omkar47/AutoLeecher.git
[2024-12-30T22:30:25.909] [INFO] CRAWLER - Downloading repository: https://github.com/mavrikkk/ha_kettler.git
[2024-12-30T22:30:26.146] [INFO] CRAWLER - Downloading repository: https://github.com/Radulepy/InstagramBot.git
[2024-12-30T22:30:26.389] [INFO] CRAWLER - Downloading repository: https://github.com/iwpnd/fastapi-aws-lambda-example.git
[2024-12-30T22:30:26.666] [INFO] CRAWLER - Downloading repository: https://github.com/LogicJake/MLCompetitionHub.git
[2024-12-30T22:30:27.142] [INFO] CRAWLER - Downloading repository: https://github.com/opencv/open_vision_capsules.git
[2024-12-30T22:30:27.449] [INFO] CRAWLER - Downloading repository: https://github.com/biobakery/phylophlan.git
[2024-12-30T22:30:32.155] [INFO] CRAWLER - Downloading repository: https://github.com/yearing1017/UAVI_Seg_Pytorch.git
[2024-12-30T22:30:36.202] [INFO] CRAWLER - Downloading repository: https://github.com/liu-nlper/dialogue-utterance-rewriter.git
[2024-12-30T22:30:36.506] [INFO] CRAWLER - Downloading repository: https://github.com/zwegner/x86-info-term.git
[2024-12-30T22:30:36.807] [INFO] CRAWLER - Downloading repository: https://github.com/birolemekli/tcdd-bilet-yer-kontrol.git
[2024-12-30T22:30:37.012] [INFO] CRAWLER - Downloading repository: https://github.com/cytopia/smtp-user-enum.git
[2024-12-30T22:30:37.188] [INFO] CRAWLER - Downloading repository: https://github.com/romanmichaelpaolucci/AI_Stock_Trading.git
[2024-12-30T22:30:37.340] [INFO] CRAWLER - Downloading repository: https://github.com/takala-jp/zabbix-proxmox.git
[2024-12-30T22:30:37.529] [INFO] CRAWLER - Downloading repository: https://github.com/ArturSpirin/pyPS4Controller.git
[2024-12-30T22:30:37.702] [INFO] CRAWLER - Downloading repository: https://github.com/Louis-udm/VGCN-BERT.git
[2024-12-30T22:30:37.966] [INFO] CRAWLER - Found sub-pattern 2 of glom.assign.as in file /Users/jiachengzhong/project/jhu-research/python-class-pollution/python-class-pollution/crawler/tmp/repo-235446882/old_version/pytorch_pretrained_bert/convert_pytorch_checkpoint_to_tf.py at line 82
[2024-12-30T22:30:37.966] [INFO] CRAWLER - Found sub-pattern 2 of glom.assign.wildcard_import in file /Users/jiachengzhong/project/jhu-research/python-class-pollution/python-class-pollution/crawler/tmp/repo-235446882/old_version/pytorch_pretrained_bert/convert_pytorch_checkpoint_to_tf.py at line 82
[2024-12-30T22:30:37.975] [INFO] CRAWLER - Downloading repository: https://github.com/popey/pwbm.git
[2024-12-30T22:30:38.169] [INFO] CRAWLER - Downloading repository: https://github.com/yuanbit/FinBERT-QA.git
[2024-12-30T22:30:50.233] [INFO] CRAWLER - Downloading repository: https://github.com/bkfish/Src-Toolset.git
[2024-12-30T22:31:06.300] [INFO] CRAWLER - Downloading repository: https://github.com/simon3dv/frustum_pointnets_pytorch.git
[2024-12-30T22:31:07.590] [INFO] CRAWLER - Downloading repository: https://github.com/ethliup/SelfDeblur.git
[2024-12-30T22:31:08.485] [INFO] CRAWLER - Downloading repository: https://github.com/dukeduck1984/uReflowOven-Esp32-Micropython.git
[2024-12-30T22:31:08.889] [INFO] CRAWLER - Downloading repository: https://github.com/intuit/costBuddy.git
[2024-12-30T22:31:09.797] [INFO] CRAWLER - Downloading repository: https://github.com/policratus/pupyl.git
[2024-12-30T22:31:15.098] [INFO] CRAWLER - Downloading repository: https://github.com/MarechJ/hll_rcon_tool.git
[2024-12-30T22:31:20.305] [INFO] CRAWLER - Downloading repository: https://github.com/programgarden/book.git
[2024-12-30T22:31:20.936] [INFO] CRAWLER - Downloading repository: https://github.com/erdavids/Birds-of-a-Feather.git
[2024-12-30T22:31:22.032] [INFO] CRAWLER - Downloading repository: https://github.com/nficano/yakutils.git
[2024-12-30T22:31:22.251] [INFO] CRAWLER - Downloading repository: https://github.com/PentHertz/LoRa_Craft.git
[2024-12-30T22:31:22.619] [INFO] CRAWLER - Downloading repository: https://github.com/visini/timebox.git
[2024-12-30T22:31:23.315] [INFO] CRAWLER - Downloading repository: https://github.com/mhashas/Document-Image-Unwarping-pytorch.git
[2024-12-30T22:31:23.576] [INFO] CRAWLER - Downloading repository: https://github.com/w0x68y/bypassWAF.git
[2024-12-30T22:31:23.832] [INFO] CRAWLER - Downloading repository: https://github.com/MyeongJin-Kim/Learning-Texture-Invariant-Representation.git
[2024-12-30T22:31:24.064] [INFO] CRAWLER - Downloading repository: https://github.com/AppThreat/vulnerability-db.git
[2024-12-30T22:31:24.752] [INFO] CRAWLER - Downloading repository: https://github.com/MikeHibbert/arweave-python-client.git
[2024-12-30T22:31:25.073] [INFO] CRAWLER - Downloading repository: https://github.com/heyajohnny/afvalinfo.git
[2024-12-30T22:31:25.368] [INFO] CRAWLER - Downloading repository: https://github.com/jwallbridge/translob.git
[2024-12-30T22:31:25.580] [INFO] CRAWLER - Downloading repository: https://github.com/midasklr/FireSmokeDetectionByEfficientNet.git
[2024-12-30T22:31:25.935] [INFO] CRAWLER - [+] Filtered 0/41 results using filterHasGlomLocalCheck
[2024-12-30T22:31:25.935] [INFO] CRAWLER - [+] Found 0/41 results for "created:2020-01-15..2020-01-22 language:Python stars:>100" on page 2.
[2024-12-30T22:31:25.936] [INFO] CRAWLER - [+] Saved 0 repositories so far.
[2024-12-30T22:31:25.936] [INFO] CRAWLER - [+] Searching for repositories created between 2020-01-22 and 2020-01-29
[2024-12-30T22:31:38.175] [INFO] CRAWLER - Downloading repository: https://github.com/microsoft/DeepSpeed.git
[2024-12-30T22:31:49.297] [INFO] CRAWLER - Found sub-pattern 2 of pydash.set_.as in file /Users/jiachengzhong/project/jhu-research/python-class-pollution/python-class-pollution/crawler/tmp/repo-235860204/op_builder/npu/inference.py at line 269
[2024-12-30T22:31:49.297] [INFO] CRAWLER - Found sub-pattern 2 of pydash.set_.wildcard_import in file /Users/jiachengzhong/project/jhu-research/python-class-pollution/python-class-pollution/crawler/tmp/repo-235860204/op_builder/npu/inference.py at line 269
[2024-12-30T22:31:49.731] [INFO] CRAWLER - Downloading repository: https://github.com/PostHog/posthog.git
[2024-12-30T22:32:52.561] [INFO] CRAWLER - Found sub-pattern 2 of glom.assign.as in file /Users/jiachengzhong/project/jhu-research/python-class-pollution/python-class-pollution/crawler/tmp/repo-235901813/posthog/cdp/templates/_siteapps/template_pineapple_mode.py at line 64
[2024-12-30T22:32:52.561] [INFO] CRAWLER - Found sub-pattern 2 of glom.assign.wildcard_import in file /Users/jiachengzhong/project/jhu-research/python-class-pollution/python-class-pollution/crawler/tmp/repo-235901813/posthog/cdp/templates/_siteapps/template_pineapple_mode.py at line 64
[2024-12-30T22:32:53.979] [INFO] CRAWLER - Downloading repository: https://github.com/microsoft/DeepSpeedExamples.git
[2024-12-30T22:32:59.853] [INFO] CRAWLER - Downloading repository: https://github.com/aim-uofa/AdelaiDet.git
[2024-12-30T22:33:00.200] [INFO] CRAWLER - Downloading repository: https://github.com/bookwyrm-social/bookwyrm.git
[2024-12-30T22:33:05.163] [INFO] CRAWLER - Downloading repository: https://github.com/jonnyhyman/Chaos.git
[2024-12-30T22:33:06.900] [INFO] CRAWLER - Downloading repository: https://github.com/pymatting/pymatting.git
[2024-12-30T22:33:07.636] [INFO] CRAWLER - Downloading repository: https://github.com/amaranth-lang/amaranth.git
[2024-12-30T22:33:08.224] [INFO] CRAWLER - Found sub-pattern 2 of glom.assign.wildcard_import in file /Users/jiachengzhong/project/jhu-research/python-class-pollution/python-class-pollution/crawler/tmp/repo-236501540/amaranth/back/rtlil.py at line 313
[2024-12-30T22:33:08.225] [INFO] CRAWLER - Found sub-pattern 2 of glom.assign.as in file /Users/jiachengzhong/project/jhu-research/python-class-pollution/python-class-pollution/crawler/tmp/repo-236501540/amaranth/back/rtlil.py at line 730
[2024-12-30T22:33:08.265] [INFO] CRAWLER - Downloading repository: https://github.com/stanfordroboticsclub/StanfordQuadruped.git
[2024-12-30T22:33:09.852] [INFO] CRAWLER - Downloading repository: https://github.com/lengjibo/RedTeamTools.git
[2024-12-30T22:33:18.039] [INFO] CRAWLER - Downloading repository: https://github.com/AlexxIT/YandexStation.git
[2024-12-30T22:33:18.648] [INFO] CRAWLER - Downloading repository: https://github.com/LingDong-/qiji-font.git
[2024-12-30T22:33:20.839] [INFO] CRAWLER - Downloading repository: https://github.com/mart1nro/joycontrol.git
[2024-12-30T22:33:21.077] [INFO] CRAWLER - Downloading repository: https://github.com/0xricksanchez/paper_collection.git
[2024-12-30T22:33:21.324] [INFO] CRAWLER - Downloading repository: https://github.com/owasp-dep-scan/dep-scan.git
[2024-12-30T22:33:22.761] [INFO] CRAWLER - Downloading repository: https://github.com/aws/aws-graviton-getting-started.git
[2024-12-30T22:33:23.514] [INFO] CRAWLER - Downloading repository: https://github.com/kevinhwang91/rnvimr.git
[2024-12-30T22:33:23.849] [INFO] CRAWLER - Downloading repository: https://github.com/ChenRocks/UNITER.git
[2024-12-30T22:33:24.503] [INFO] CRAWLER - Downloading repository: https://github.com/VincentStimper/normalizing-flows.git
[2024-12-30T22:33:25.383] [INFO] CRAWLER - Downloading repository: https://github.com/sabuhish/fastapi-mail.git
[2024-12-30T22:33:25.805] [INFO] CRAWLER - Downloading repository: https://github.com/ZJUGiveLab/UNet-Version.git
[2024-12-30T22:33:26.281] [INFO] CRAWLER - Downloading repository: https://github.com/OverLordGoldDragon/ssqueezepy.git
[2024-12-30T22:33:29.530] [INFO] CRAWLER - Downloading repository: https://github.com/maiyao1988/ExAndroidNativeEmu.git
[2024-12-30T22:33:37.823] [INFO] CRAWLER - Downloading repository: https://github.com/carlmontanari/scrapli.git
[2024-12-30T22:33:39.228] [INFO] CRAWLER - Downloading repository: https://github.com/youtype/mypy_boto3_builder.git
[2024-12-30T22:33:40.890] [INFO] CRAWLER - Downloading repository: https://github.com/madwind/flexget_qbittorrent_mod.git
[2024-12-30T22:33:41.315] [INFO] CRAWLER - Downloading repository: https://github.com/jayanam/jmesh-tools.git
[2024-12-30T22:33:41.689] [INFO] CRAWLER - Downloading repository: https://github.com/danijar/dreamer.git
[2024-12-30T22:33:41.894] [INFO] CRAWLER - Found sub-pattern 2 of glom.assign.as in file /Users/jiachengzhong/project/jhu-research/python-class-pollution/python-class-pollution/crawler/tmp/repo-236560315/tools.py at line 33
[2024-12-30T22:33:41.895] [INFO] CRAWLER - Found sub-pattern 2 of glom.assign.wildcard_import in file /Users/jiachengzhong/project/jhu-research/python-class-pollution/python-class-pollution/crawler/tmp/repo-236560315/tools.py at line 33
[2024-12-30T22:33:41.906] [INFO] CRAWLER - Downloading repository: https://github.com/firmai/atspy.git
[2024-12-30T22:33:42.207] [INFO] CRAWLER - Downloading repository: https://github.com/canghailan/Wuhan-2019-nCoV.git
[2024-12-30T22:35:10.101] [INFO] CRAWLER - Downloading repository: https://github.com/coreyhu/Urbanist.git
[2024-12-30T22:35:12.465] [INFO] CRAWLER - Downloading repository: https://github.com/aydinnyunus/WhatsappBOT.git
[2024-12-30T22:35:13.702] [INFO] CRAWLER - Downloading repository: https://github.com/JusperLee/Dual-Path-RNN-Pytorch.git
[2024-12-30T22:35:13.912] [INFO] CRAWLER - Downloading repository: https://github.com/weisongwen/UrbanLoco.git
[2024-12-30T22:35:15.269] [INFO] CRAWLER - Downloading repository: https://github.com/neurolib-dev/neurolib.git
[2024-12-30T22:35:18.582] [INFO] CRAWLER - Downloading repository: https://github.com/aj-4/tinder-swipe-bot.git
[2024-12-30T22:35:18.752] [INFO] CRAWLER - Downloading repository: https://github.com/kevinzakka/torchnca.git
[2024-12-30T22:35:19.054] [INFO] CRAWLER - Downloading repository: https://github.com/jadijadi/sms_serial_verification.git
[2024-12-30T22:35:19.299] [INFO] CRAWLER - Downloading repository: https://github.com/layumi/Seg-Uncertainty.git
[2024-12-30T22:35:19.786] [INFO] CRAWLER - Downloading repository: https://github.com/unitaryfund/mitiq.git
[2024-12-30T22:35:22.119] [INFO] CRAWLER - Downloading repository: https://github.com/facebookresearch/covost.git
[2024-12-30T22:35:22.349] [INFO] CRAWLER - Downloading repository: https://github.com/xnuinside/codegraph.git
[2024-12-30T22:35:22.591] [INFO] CRAWLER - Downloading repository: https://github.com/rlouf/mcx.git
[2024-12-30T22:35:22.872] [INFO] CRAWLER - Downloading repository: https://github.com/HLasse/TextDescriptives.git
[2024-12-30T22:35:24.439] [INFO] CRAWLER - Downloading repository: https://github.com/DP6/Marketing-Attribution-Models.git
[2024-12-30T22:35:24.780] [INFO] CRAWLER - Downloading repository: https://github.com/raspicamplayer/camplayer.git
[2024-12-30T22:35:26.980] [INFO] CRAWLER - Downloading repository: https://github.com/MBrouns/timeseers.git
[2024-12-30T22:35:27.200] [INFO] CRAWLER - Downloading repository: https://github.com/grplyler/cisco-cheatsheet.git
[2024-12-30T22:35:27.377] [INFO] CRAWLER - Downloading repository: https://github.com/anita-hu/TF2-RL.git
[2024-12-30T22:35:27.911] [INFO] CRAWLER - Found sub-pattern 2 of glom.assign.as in file /Users/jiachengzhong/project/jhu-research/python-class-pollution/python-class-pollution/crawler/tmp/repo-235662955/SAC/TF2_SAC.py at line 104
[2024-12-30T22:35:27.911] [INFO] CRAWLER - Found sub-pattern 2 of glom.assign.wildcard_import in file /Users/jiachengzhong/project/jhu-research/python-class-pollution/python-class-pollution/crawler/tmp/repo-235662955/SAC/TF2_SAC.py at line 104
[2024-12-30T22:35:27.929] [INFO] CRAWLER - Downloading repository: https://github.com/binsentsu/home-assistant-solaredge-modbus.git
[2024-12-30T22:35:28.145] [INFO] CRAWLER - Downloading repository: https://github.com/reb311ion/replica.git
[2024-12-30T22:35:28.486] [INFO] CRAWLER - Downloading repository: https://github.com/windson/fastapi.git
[2024-12-30T22:35:28.658] [INFO] CRAWLER - Downloading repository: https://github.com/astronomer/airflow-chart.git
[2024-12-30T22:35:29.369] [INFO] CRAWLER - Downloading repository: https://github.com/dhondta/python-codext.git
[2024-12-30T22:35:30.019] [INFO] CRAWLER - Downloading repository: https://github.com/gaplo917/Ligatured-Hack.git
[2024-12-30T22:35:31.309] [INFO] CRAWLER - Downloading repository: https://github.com/GDQuest/gdscript-docs-maker.git
[2024-12-30T22:35:31.542] [INFO] CRAWLER - Downloading repository: https://github.com/The-Alpha-Project/alpha-core.git
[2024-12-30T22:35:35.436] [INFO] CRAWLER - Downloading repository: https://github.com/taki0112/Tensorflow2-Cookbook.git
[2024-12-30T22:35:35.806] [INFO] CRAWLER - Found sub-pattern 2 of glom.assign.as in file /Users/jiachengzhong/project/jhu-research/python-class-pollution/python-class-pollution/crawler/tmp/repo-236712750/template/sequential_multi_gpu/utils.py at line 190
[2024-12-30T22:35:35.806] [INFO] CRAWLER - Found sub-pattern 2 of glom.assign.wildcard_import in file /Users/jiachengzhong/project/jhu-research/python-class-pollution/python-class-pollution/crawler/tmp/repo-236712750/template/sequential_multi_gpu/utils.py at line 190
[2024-12-30T22:35:35.822] [INFO] CRAWLER - Downloading repository: https://github.com/rainyroads/twitter-saucenao.git
[2024-12-30T22:35:36.040] [INFO] CRAWLER - Downloading repository: https://github.com/banteg/multicall.py.git
[2024-12-30T22:35:36.345] [INFO] CRAWLER - Downloading repository: https://github.com/jerry-git/pytest-split.git
[2024-12-30T22:35:36.588] [INFO] CRAWLER - Downloading repository: https://github.com/ly4k/BlueGate.git
[2024-12-30T22:35:36.759] [INFO] CRAWLER - Downloading repository: https://github.com/JiayuYANG/CVP-MVSNet.git
[2024-12-30T22:35:37.274] [INFO] CRAWLER - Downloading repository: https://github.com/daveredrum/ScanRefer.git
[2024-12-30T22:35:39.304] [INFO] CRAWLER - Downloading repository: https://github.com/andrebrait/1g1r-romset-generator.git
[2024-12-30T22:35:39.516] [INFO] CRAWLER - Downloading repository: https://github.com/aniketmaurya/chitra.git
[2024-12-30T22:35:41.035] [INFO] CRAWLER - Downloading repository: https://github.com/NVlabs/6dof-graspnet.git
[2024-12-30T22:35:41.937] [INFO] CRAWLER - Found sub-pattern 2 of glom.assign.as in file /Users/jiachengzhong/project/jhu-research/python-class-pollution/python-class-pollution/crawler/tmp/repo-235687714/train.py at line 757
[2024-12-30T22:35:41.937] [INFO] CRAWLER - Found sub-pattern 2 of glom.assign.wildcard_import in file /Users/jiachengzhong/project/jhu-research/python-class-pollution/python-class-pollution/crawler/tmp/repo-235687714/train.py at line 757
[2024-12-30T22:35:41.952] [INFO] CRAWLER - Downloading repository: https://github.com/bmartacho/UniPose.git
[2024-12-30T22:35:42.164] [INFO] CRAWLER - Downloading repository: https://github.com/sophos/yaraml_rules.git
[2024-12-30T22:35:42.451] [INFO] CRAWLER - Downloading repository: https://github.com/jason0x43/hacs-hubitat.git
[2024-12-30T22:35:42.819] [INFO] CRAWLER - Downloading repository: https://github.com/sevaa/dwex.git
[2024-12-30T22:35:43.085] [INFO] CRAWLER - Downloading repository: https://github.com/haltakov/simple-photo-gallery.git
[2024-12-30T22:35:44.176] [INFO] CRAWLER - Downloading repository: https://github.com/4nat/Reborn.git
[2024-12-30T22:35:44.413] [INFO] CRAWLER - Downloading repository: https://github.com/SkyTemple/skytemple.git
[2024-12-30T22:35:46.916] [INFO] CRAWLER - Downloading repository: https://github.com/facebook/usort.git
[2024-12-30T22:35:47.189] [INFO] CRAWLER - Downloading repository: https://github.com/mtrazzi/rl-book-challenge.git
[2024-12-30T22:35:48.192] [INFO] CRAWLER - Downloading repository: https://github.com/prakhar21/TextAugmentation-GPT2.git
[2024-12-30T22:35:48.455] [INFO] CRAWLER - Downloading repository: https://github.com/THINK989/Real-Time-Stock-Market-Prediction-using-Ensemble-DL-and-Rainbow-DQN.git
[2024-12-30T22:35:54.465] [INFO] CRAWLER - Downloading repository: https://github.com/JonasPed/homeassistant-eloverblik.git
[2024-12-30T22:35:54.683] [INFO] CRAWLER - Downloading repository: https://github.com/RedCokeDevelopment/Teapot.py.git
[2024-12-30T22:35:54.904] [INFO] CRAWLER - Downloading repository: https://github.com/robbrad/UKBinCollectionData.git
[2024-12-30T22:35:55.520] [INFO] CRAWLER - Downloading repository: https://github.com/natcap/invest.git
[2024-12-30T22:35:59.842] [INFO] CRAWLER - Downloading repository: https://github.com/jayanam/jsculpt-tools.git
[2024-12-30T22:36:00.066] [INFO] CRAWLER - Downloading repository: https://github.com/Anish-M-code/URL-obfuscator.git
[2024-12-30T22:36:00.366] [INFO] CRAWLER - Downloading repository: https://github.com/xpublish-community/xpublish.git
[2024-12-30T22:36:00.687] [INFO] CRAWLER - Downloading repository: https://github.com/prophesee-ai/prophesee-automotive-dataset-toolbox.git
[2024-12-30T22:36:00.974] [INFO] CRAWLER - Downloading repository: https://github.com/kdgutier/esrnn_torch.git
[2024-12-30T22:36:01.294] [INFO] CRAWLER - Downloading repository: https://github.com/norbusan/acme-debian.git
[2024-12-30T22:36:01.596] [INFO] CRAWLER - Downloading repository: https://github.com/vprusso/toqito.git
[2024-12-30T22:36:02.461] [INFO] CRAWLER - Found sub-pattern 2 of deepdiff.Delta.wildcard_import in file /Users/jiachengzhong/project/jhu-research/python-class-pollution/python-class-pollution/crawler/tmp/repo-235493396/toqito/channels/dephasing.py at line 20
[2024-12-30T22:36:02.529] [INFO] CRAWLER - Downloading repository: https://github.com/cytopia/urlbuster.git
[2024-12-30T22:36:02.765] [INFO] CRAWLER - Downloading repository: https://github.com/AlexxIT/DashCast.git
[2024-12-30T22:36:02.950] [INFO] CRAWLER - Downloading repository: https://github.com/norbusan/certbot-debian.git
[2024-12-30T22:36:03.422] [INFO] CRAWLER - Downloading repository: https://github.com/jayleicn/TVRetrieval.git
[2024-12-30T22:36:06.570] [INFO] CRAWLER - Found sub-pattern 2 of glom.assign.wildcard_import in file /Users/jiachengzhong/project/jhu-research/python-class-pollution/python-class-pollution/crawler/tmp/repo-236402810/baselines/excl/optimization.py at line 205
[2024-12-30T22:36:06.596] [INFO] CRAWLER - Downloading repository: https://github.com/ANL-CEEESA/MIPLearn.git
[2024-12-30T22:36:07.347] [INFO] CRAWLER - Downloading repository: https://github.com/wuhan-support/wuhan.support.git
[2024-12-30T22:36:07.867] [INFO] CRAWLER - Downloading repository: https://github.com/defparam/h1passets.git
[2024-12-30T22:36:08.107] [INFO] CRAWLER - Downloading repository: https://github.com/ros2/ros2_tracing.git
[2024-12-30T22:36:08.767] [INFO] CRAWLER - Downloading repository: https://github.com/bl0/moco.git
[2024-12-30T22:36:09.000] [INFO] CRAWLER - Downloading repository: https://github.com/simplecto/screenshots.git
[2024-12-30T22:36:09.297] [INFO] CRAWLER - Downloading repository: https://github.com/tmobile/magtape.git
[2024-12-30T22:36:09.709] [INFO] CRAWLER - [+] Filtered 0/100 results using filterHasGlomLocalCheck
[2024-12-30T22:36:09.709] [INFO] CRAWLER - [+] Found 0/100 results for "created:2020-01-22..2020-01-29 language:Python stars:>100" on page 1.
[2024-12-30T22:36:20.716] [INFO] CRAWLER - Downloading repository: https://github.com/Wanghui-Huang/CQU_bigdata.git
[2024-12-30T22:37:02.947] [INFO] CRAWLER - Downloading repository: https://github.com/sirk123au/ArrTools.git
[2024-12-30T22:37:03.158] [INFO] CRAWLER - Downloading repository: https://github.com/snopf/snopf.git
[2024-12-30T22:37:03.868] [INFO] CRAWLER - Downloading repository: https://github.com/21y4d/blindSQLi.git
[2024-12-30T22:37:04.027] [INFO] CRAWLER - Downloading repository: https://github.com/fidler-lab/social-driving.git
[2024-12-30T22:37:05.495] [INFO] CRAWLER - Downloading repository: https://github.com/CERTCC/SSVC.git
[2024-12-30T22:37:06.542] [INFO] CRAWLER - Downloading repository: https://github.com/wuhan2020/api-server.git
[2024-12-30T22:37:06.767] [INFO] CRAWLER - Downloading repository: https://github.com/Radulepy/InstagramBot.git
[2024-12-30T22:37:06.980] [INFO] CRAWLER - Downloading repository: https://github.com/facebookresearch/impact-driven-exploration.git
[2024-12-30T22:37:07.564] [INFO] CRAWLER - Downloading repository: https://github.com/bubbliiiing/Keras-Attention.git
[2024-12-30T22:37:07.731] [INFO] CRAWLER - Downloading repository: https://github.com/liu-nlper/dialogue-utterance-rewriter.git
[2024-12-30T22:37:08.068] [INFO] CRAWLER - Downloading repository: https://github.com/birolemekli/tcdd-bilet-yer-kontrol.git
[2024-12-30T22:37:08.240] [INFO] CRAWLER - Downloading repository: https://github.com/cytopia/smtp-user-enum.git
[2024-12-30T22:37:08.402] [INFO] CRAWLER - Downloading repository: https://github.com/hydrogo/rainnet.git
[2024-12-30T22:37:08.655] [INFO] CRAWLER - Downloading repository: https://github.com/Glyphack/spotify_telegram_bot.git
[2024-12-30T22:37:08.855] [INFO] CRAWLER - Downloading repository: https://github.com/apple/ml-capsules-inverted-attention-routing.git
[2024-12-30T22:37:09.093] [INFO] CRAWLER - Downloading repository: https://github.com/KunZhou9646/emotional-voice-conversion-with-CycleGAN-and-CWT-for-Spectrum-and-F0.git
[2024-12-30T22:37:09.269] [INFO] CRAWLER - Downloading repository: https://github.com/developmentseed/morecantile.git
[2024-12-30T22:37:09.557] [INFO] CRAWLER - Downloading repository: https://github.com/materialsproject/api.git
[2024-12-30T22:37:11.491] [INFO] CRAWLER - Downloading repository: https://github.com/dukeduck1984/uReflowOven-Esp32-Micropython.git
[2024-12-30T22:37:11.805] [INFO] CRAWLER - Downloading repository: https://github.com/Crazysiri/chineseholiday.git
[2024-12-30T22:37:12.026] [INFO] CRAWLER - Downloading repository: https://github.com/murtazahassan/Tello-Object-Tracking.git
[2024-12-30T22:37:12.208] [INFO] CRAWLER - Downloading repository: https://github.com/guiqiqi/leaf.git
[2024-12-30T22:37:12.677] [INFO] CRAWLER - Downloading repository: https://github.com/amaranth-lang/amaranth-boards.git
[2024-12-30T22:37:13.003] [INFO] CRAWLER - Downloading repository: https://github.com/NVIDIA/unsupervised-video-interpolation.git
[2024-12-30T22:37:13.259] [INFO] CRAWLER - Downloading repository: https://github.com/mhashas/Document-Image-Unwarping-pytorch.git
[2024-12-30T22:37:13.532] [INFO] CRAWLER - Downloading repository: https://github.com/edmundsj/rcwa.git
[2024-12-30T22:37:15.411] [INFO] CRAWLER - Downloading repository: https://github.com/kebaldwi/DNAC-TEMPLATES.git
[2024-12-30T22:37:51.593] [INFO] CRAWLER - Downloading repository: https://github.com/codingforentrepreneurs/OpenCV-REST-API.git
[2024-12-30T22:37:52.018] [INFO] CRAWLER - Downloading repository: https://github.com/tosmart01/fastsql.git
[2024-12-30T22:37:52.440] [INFO] CRAWLER - Downloading repository: https://github.com/giladreich/ida_migrator.git
[2024-12-30T22:37:52.922] [INFO] CRAWLER - Downloading repository: https://github.com/S2-group/icse-seip-2020-replication-package.git
[2024-12-30T22:37:56.505] [INFO] CRAWLER - Downloading repository: https://github.com/mnrkbys/macosac.git
[2024-12-30T22:37:56.984] [INFO] CRAWLER - [+] Filtered 0/33 results using filterHasGlomLocalCheck
[2024-12-30T22:37:56.984] [INFO] CRAWLER - [+] Found 0/33 results for "created:2020-01-22..2020-01-29 language:Python stars:>100" on page 2.
[2024-12-30T22:37:56.985] [INFO] CRAWLER - [+] Saved 0 repositories so far.
[2024-12-30T22:37:56.985] [INFO] CRAWLER - [+] Searching for repositories created between 2020-01-29 and 2020-02-05
[2024-12-30T22:38:10.796] [INFO] CRAWLER - Downloading repository: https://github.com/mingrammer/diagrams.git
[2024-12-30T22:38:14.466] [INFO] CRAWLER - Downloading repository: https://github.com/microsoft/DeepSpeedExamples.git
[2024-12-30T22:38:19.985] [INFO] CRAWLER - Downloading repository: https://github.com/pyppeteer/pyppeteer.git
[2024-12-30T22:38:20.906] [INFO] CRAWLER - Downloading repository: https://github.com/slavfox/Cozette.git
[2024-12-30T22:38:21.463] [INFO] CRAWLER - Downloading repository: https://github.com/LimerBoy/Impulse.git
[2024-12-30T22:38:21.683] [INFO] CRAWLER - Downloading repository: https://github.com/NLP-LOVE/Introduction-NLP.git
[2024-12-30T22:38:22.220] [INFO] CRAWLER - Downloading repository: https://github.com/BlankerL/DXY-COVID-19-Data.git
[2024-12-30T22:38:27.450] [INFO] CRAWLER - Downloading repository: https://github.com/megadose/toutatis.git
[2024-12-30T22:38:28.264] [INFO] CRAWLER - Downloading repository: https://github.com/srx-2000/spider_collection.git
[2024-12-30T22:38:31.174] [INFO] CRAWLER - Downloading repository: https://github.com/duneanalytics/spellbook.git
[2024-12-30T22:38:52.312] [INFO] CRAWLER - Downloading repository: https://github.com/GeekAlexis/FastMOT.git
[2024-12-30T22:38:58.105] [INFO] CRAWLER - Downloading repository: https://github.com/google/fuzzbench.git
[2024-12-30T22:39:00.411] [INFO] CRAWLER - Downloading repository: https://github.com/FoldingAtHome/coronavirus.git
[2024-12-30T22:40:15.355] [INFO] CRAWLER - Downloading repository: https://github.com/e3nn/e3nn.git
[2024-12-30T22:40:16.672] [INFO] CRAWLER - Downloading repository: https://github.com/snap-stanford/pretrain-gnns.git
[2024-12-30T22:40:24.911] [INFO] CRAWLER - Downloading repository: https://github.com/jankrepl/deepdow.git
[2024-12-30T22:40:25.390] [INFO] CRAWLER - Downloading repository: https://github.com/ansible-collections/community.general.git
[2024-12-30T22:40:29.167] [INFO] CRAWLER - Downloading repository: https://github.com/cunjian/pytorch_face_landmark.git
[2024-12-30T22:40:34.976] [INFO] CRAWLER - Downloading repository: https://github.com/iommirocks/iommi.git
[2024-12-30T22:40:36.180] [INFO] CRAWLER - Downloading repository: https://github.com/segment-any-text/wtpsplit.git
[2024-12-30T22:40:40.008] [INFO] CRAWLER - Downloading repository: https://github.com/kekmodel/FixMatch-pytorch.git
[2024-12-30T22:40:41.549] [INFO] CRAWLER - Downloading repository: https://github.com/ikergarcia1996/Self-Driving-Car-in-Video-Games.git
[2024-12-30T22:40:48.713] [INFO] CRAWLER - Downloading repository: https://github.com/FreeTAKTeam/FreeTakServer.git
[2024-12-30T22:40:50.315] [INFO] CRAWLER - Downloading repository: https://github.com/OverLordGoldDragon/ssqueezepy.git
[2024-12-30T22:40:53.299] [INFO] CRAWLER - Downloading repository: https://github.com/maxhumber/gif.git
[2024-12-30T22:40:56.106] [INFO] CRAWLER - Downloading repository: https://github.com/xuyige/BERT4doc-Classification.git
[2024-12-30T22:40:56.422] [INFO] CRAWLER - Found sub-pattern 2 of glom.assign.as in file /Users/jiachengzhong/project/jhu-research/python-class-pollution/python-class-pollution/crawler/tmp/repo-238428378/codes/further-pre-training/optimization.py at line 83
[2024-12-30T22:40:56.422] [INFO] CRAWLER - Found sub-pattern 2 of glom.assign.wildcard_import in file /Users/jiachengzhong/project/jhu-research/python-class-pollution/python-class-pollution/crawler/tmp/repo-238428378/codes/further-pre-training/optimization.py at line 83
[2024-12-30T22:40:56.438] [INFO] CRAWLER - Downloading repository: https://github.com/russhughes/st7789_mpy.git
[2024-12-30T22:41:01.735] [INFO] CRAWLER - Downloading repository: https://github.com/YatingMusic/remi.git
[2024-12-30T22:41:01.925] [INFO] CRAWLER - Downloading repository: https://github.com/ovh/celery-director.git
[2024-12-30T22:41:02.592] [INFO] CRAWLER - Downloading repository: https://github.com/stefan-it/turkish-bert.git
[2024-12-30T22:41:02.895] [INFO] CRAWLER - Downloading repository: https://github.com/encode/httpcore.git
[2024-12-30T22:41:03.419] [INFO] CRAWLER - Downloading repository: https://github.com/ssize-t/inlinec.git
[2024-12-30T22:41:03.603] [INFO] CRAWLER - Downloading repository: https://github.com/google/cloud-forensics-utils.git
[2024-12-30T22:41:04.218] [INFO] CRAWLER - Downloading repository: https://github.com/mementum/bta-lib.git
[2024-12-30T22:41:04.461] [INFO] CRAWLER - Downloading repository: https://github.com/AkariAsai/learning_to_retrieve_reasoning_paths.git
[2024-12-30T22:41:04.753] [INFO] CRAWLER - Downloading repository: https://github.com/weisongwen/UrbanLoco.git
[2024-12-30T22:41:06.129] [INFO] CRAWLER - Downloading repository: https://github.com/TomoeMami/S1PlainTextBackup.git
[2024-12-30T22:43:06.985] [INFO] CRAWLER - Downloading repository: https://github.com/MulongXie/UIED.git
[2024-12-30T22:43:09.771] [INFO] CRAWLER - Downloading repository: https://github.com/dinoperovic/django-salesman.git
[2024-12-30T22:43:10.031] [INFO] CRAWLER - Downloading repository: https://github.com/CyberAgentAILab/cmaes.git
[2024-12-30T22:43:10.323] [INFO] CRAWLER - Downloading repository: https://github.com/layumi/Seg-Uncertainty.git
[2024-12-30T22:43:10.928] [INFO] CRAWLER - Downloading repository: https://github.com/Colin-b/pytest_httpx.git
[2024-12-30T22:43:11.176] [INFO] CRAWLER - Downloading repository: https://github.com/jiangsir404/POC-S.git
[2024-12-30T22:43:11.807] [INFO] CRAWLER - Downloading repository: https://github.com/facebookresearch/covost.git
[2024-12-30T22:43:12.094] [INFO] CRAWLER - Downloading repository: https://github.com/XTeam-Wing/Vulcan.git
[2024-12-30T22:43:14.618] [INFO] CRAWLER - Downloading repository: https://github.com/echowxsy/CMPEDUDownload.git
[2024-12-30T22:43:14.826] [INFO] CRAWLER - Downloading repository: https://github.com/techwithtim/Chat-Web-App.git
[2024-12-30T22:43:15.336] [INFO] CRAWLER - Downloading repository: https://github.com/streamlit/demo-face-gan.git
[2024-12-30T22:43:17.360] [INFO] CRAWLER - Found sub-pattern 2 of glom.assign.as in file /Users/jiachengzhong/project/jhu-research/python-class-pollution/python-class-pollution/crawler/tmp/repo-238019189/pg_gan/train.py at line 182
[2024-12-30T22:43:17.360] [INFO] CRAWLER - Found sub-pattern 2 of glom.assign.wildcard_import in file /Users/jiachengzhong/project/jhu-research/python-class-pollution/python-class-pollution/crawler/tmp/repo-238019189/pg_gan/train.py at line 182
[2024-12-30T22:43:17.370] [INFO] CRAWLER - Downloading repository: https://github.com/google-research-datasets/tydiqa.git
[2024-12-30T22:43:17.909] [INFO] CRAWLER - Found sub-pattern 2 of glom.assign.as in file /Users/jiachengzhong/project/jhu-research/python-class-pollution/python-class-pollution/crawler/tmp/repo-238523296/baseline/bert/optimization.py at line 85
[2024-12-30T22:43:17.909] [INFO] CRAWLER - Found sub-pattern 2 of glom.assign.wildcard_import in file /Users/jiachengzhong/project/jhu-research/python-class-pollution/python-class-pollution/crawler/tmp/repo-238523296/baseline/bert/optimization.py at line 85
[2024-12-30T22:43:17.918] [INFO] CRAWLER - Downloading repository: https://github.com/channable/opnieuw.git
[2024-12-30T22:43:18.112] [INFO] CRAWLER - Downloading repository: https://github.com/MuhammadKhizerJaved/Insecure-Firebase-Exploit.git
[2024-12-30T22:43:18.423] [INFO] CRAWLER - Downloading repository: https://github.com/ton-blockchain/mytonctrl.git
[2024-12-30T22:43:18.998] [INFO] CRAWLER - Downloading repository: https://github.com/maykar/plex_assistant.git
[2024-12-30T22:43:19.247] [INFO] CRAWLER - Downloading repository: https://github.com/sgrvinod/a-PyTorch-Tutorial-to-Transformers.git
[2024-12-30T22:43:20.850] [INFO] CRAWLER - Downloading repository: https://github.com/peteryuX/retinaface-tf2.git
[2024-12-30T22:43:21.162] [INFO] CRAWLER - Downloading repository: https://github.com/cytoscape/ipycytoscape.git
[2024-12-30T22:43:21.726] [INFO] CRAWLER - Downloading repository: https://github.com/containers/podman-py.git
[2024-12-30T22:43:22.118] [INFO] CRAWLER - Downloading repository: https://github.com/SkynetLabs/skynet-webportal.git
[2024-12-30T22:43:24.848] [INFO] CRAWLER - Downloading repository: https://github.com/YatingMusic/miditoolkit.git
[2024-12-30T22:43:25.389] [INFO] CRAWLER - Downloading repository: https://github.com/tgorgdotcom/locast2plex.git
[2024-12-30T22:43:27.616] [INFO] CRAWLER - Downloading repository: https://github.com/theloneplant/blender-spritesheets.git
[2024-12-30T22:43:29.019] [INFO] CRAWLER - Downloading repository: https://github.com/ThibTrip/pangres.git
[2024-12-30T22:43:29.320] [INFO] CRAWLER - Downloading repository: https://github.com/scverse/muon.git
[2024-12-30T22:43:29.996] [INFO] CRAWLER - Downloading repository: https://github.com/xiaoheiwo/GGSCAN.git
[2024-12-30T22:43:30.332] [INFO] CRAWLER - Downloading repository: https://github.com/tkhirianov/lections_2020.git
[2024-12-30T22:43:30.595] [INFO] CRAWLER - Downloading repository: https://github.com/kajweb/wqxuetang_downloader.git
[2024-12-30T22:43:30.888] [INFO] CRAWLER - Downloading repository: https://github.com/benedekrozemberczki/shapley.git
[2024-12-30T22:43:31.155] [INFO] CRAWLER - Downloading repository: https://github.com/simonblowsnow/COVID-19-Visualization.git
[2024-12-30T22:43:33.578] [INFO] CRAWLER - Downloading repository: https://github.com/iheartla/iheartla.git
[2024-12-30T22:43:42.595] [INFO] CRAWLER - Downloading repository: https://github.com/Thijsvanede/DeepLog.git
[2024-12-30T22:43:42.908] [INFO] CRAWLER - Downloading repository: https://github.com/PaloAltoNetworks/pan-os-ansible.git
[2024-12-30T22:43:47.206] [INFO] CRAWLER - Downloading repository: https://github.com/hristo-atanasov/Tasmota-IRHVAC.git
[2024-12-30T22:43:47.426] [INFO] CRAWLER - Downloading repository: https://github.com/tasooshi/brutas.git
[2024-12-30T22:44:09.402] [INFO] CRAWLER - Downloading repository: https://github.com/4nat/Reborn.git
[2024-12-30T22:44:09.631] [INFO] CRAWLER - Downloading repository: https://github.com/0xb0bb/karkinos.git
[2024-12-30T22:44:26.593] [INFO] CRAWLER - Downloading repository: https://github.com/antoine77340/S3D_HowTo100M.git
[2024-12-30T22:44:26.791] [INFO] CRAWLER - Downloading repository: https://github.com/yihenglu/chinese-address-segment.git
[2024-12-30T22:44:26.951] [INFO] CRAWLER - Found sub-pattern 2 of glom.assign.as in file /Users/jiachengzhong/project/jhu-research/python-class-pollution/python-class-pollution/crawler/tmp/repo-237608505/utils.py at line 184
[2024-12-30T22:44:26.951] [INFO] CRAWLER - Found sub-pattern 2 of glom.assign.wildcard_import in file /Users/jiachengzhong/project/jhu-research/python-class-pollution/python-class-pollution/crawler/tmp/repo-237608505/utils.py at line 184
[2024-12-30T22:44:26.959] [INFO] CRAWLER - Downloading repository: https://github.com/gregzaal/Auto-Voice-Channels.git
[2024-12-30T22:44:27.212] [INFO] CRAWLER - Downloading repository: https://github.com/prakhar21/TextAugmentation-GPT2.git
[2024-12-30T22:44:27.478] [INFO] CRAWLER - Downloading repository: https://github.com/harrison-broadbent/libgen-api.git
[2024-12-30T22:44:27.654] [INFO] CRAWLER - Downloading repository: https://github.com/hevalhazalkurt/codewars_python_solutions.git
[2024-12-30T22:44:27.940] [INFO] CRAWLER - Downloading repository: https://github.com/omegaml/minibatch.git
[2024-12-30T22:44:28.199] [INFO] CRAWLER - Downloading repository: https://github.com/CFMTech/pytest-monitor.git
[2024-12-30T22:44:28.448] [INFO] CRAWLER - Downloading repository: https://github.com/natcap/invest.git
[2024-12-30T22:44:32.944] [INFO] CRAWLER - Downloading repository: https://github.com/russhughes/st7789py_mpy.git
[2024-12-30T22:44:34.067] [INFO] CRAWLER - Downloading repository: https://github.com/ourownstory/AR-Net.git
[2024-12-30T22:44:34.700] [INFO] CRAWLER - Downloading repository: https://github.com/complexdb/zincbase.git
[2024-12-30T22:44:35.686] [INFO] CRAWLER - Downloading repository: https://github.com/virgoC0der/SentimentAnalysisOfProductReview.git
[2024-12-30T22:44:46.149] [INFO] CRAWLER - Downloading repository: https://github.com/mikel-brostrom/Yolov3_DeepSort_Pytorch.git
[2024-12-30T22:44:48.656] [INFO] CRAWLER - Downloading repository: https://github.com/bubbliiiing/ssd-keras.git
[2024-12-30T22:44:49.187] [INFO] CRAWLER - Downloading repository: https://github.com/fellerts/procal.git
[2024-12-30T22:44:49.495] [INFO] CRAWLER - Downloading repository: https://github.com/S-aiueo32/lpips-pytorch.git
[2024-12-30T22:44:49.716] [INFO] CRAWLER - Downloading repository: https://github.com/maiyao1988/IDAScripts.git
[2024-12-30T22:44:49.893] [INFO] CRAWLER - Downloading repository: https://github.com/SAI-24-me/neverWriteByHand.git
[2024-12-30T22:44:50.467] [INFO] CRAWLER - Downloading repository: https://github.com/e2nIEE/pandapipes.git
[2024-12-30T22:44:52.085] [INFO] CRAWLER - Downloading repository: https://github.com/fxmeng/filter-grafting.git
[2024-12-30T22:44:52.323] [INFO] CRAWLER - Downloading repository: https://github.com/INK-USC/CommonGen.git
[2024-12-30T22:44:57.250] [INFO] CRAWLER - Found sub-pattern 2 of glom.assign.as in file /Users/jiachengzhong/project/jhu-research/python-class-pollution/python-class-pollution/crawler/tmp/repo-237142704/methods/T5/transformer_local/src/transformers/optimization_tf.py at line 225
[2024-12-30T22:44:57.250] [INFO] CRAWLER - Found sub-pattern 2 of glom.assign.wildcard_import in file /Users/jiachengzhong/project/jhu-research/python-class-pollution/python-class-pollution/crawler/tmp/repo-237142704/methods/T5/transformer_local/src/transformers/optimization_tf.py at line 225
[2024-12-30T22:44:57.596] [INFO] CRAWLER - Downloading repository: https://github.com/xahidbuffon/Deep_SESR.git
[2024-12-30T22:44:58.771] [INFO] CRAWLER - Downloading repository: https://github.com/murtazahassan/Document-Scanner.git
[2024-12-30T22:44:58.961] [INFO] CRAWLER - Downloading repository: https://github.com/Chenzhaowei13/Light-Condition-Style-Transfer.git
[2024-12-30T22:45:00.215] [INFO] CRAWLER - [+] Filtered 0/100 results using filterHasGlomLocalCheck
[2024-12-30T22:45:00.215] [INFO] CRAWLER - [+] Found 0/100 results for "created:2020-01-29..2020-02-05 language:Python stars:>100" on page 1.
[2024-12-30T22:45:11.236] [INFO] CRAWLER - Downloading repository: https://github.com/damogranlabs/classy_blocks.git
