2025-04-10 13:31:09,151 - Scheduler - INFO - Scheduling tasks for 277 repositories with 8 workers. (base_scheduler.py:73)
2025-04-10 13:31:09,160 - Scheduler - INFO - Starting worker for repo: https://pypi.org/project/google-api-core (run_cp_analysis.py:28)
2025-04-10 13:31:09,161 - Scheduler - INFO - Starting worker for repo: https://pypi.org/project/pytest (run_cp_analysis.py:28)
2025-04-10 13:31:09,162 - Scheduler - INFO - Starting worker for repo: https://pypi.org/project/protobuf (run_cp_analysis.py:28)
2025-04-10 13:31:09,162 - Scheduler - INFO - Starting worker for repo: https://pypi.org/project/mako (run_cp_analysis.py:28)
2025-04-10 13:31:09,162 - Scheduler - INFO - Starting worker for repo: https://pypi.org/project/azure-storage-blob (run_cp_analysis.py:28)
2025-04-10 13:31:09,162 - Scheduler - INFO - Starting worker for repo: https://pypi.org/project/wrapt (run_cp_analysis.py:28)
2025-04-10 13:31:09,162 - Scheduler - INFO - Starting worker for repo: https://pypi.org/project/msrest (run_cp_analysis.py:28)
2025-04-10 13:31:09,162 - Scheduler - INFO - Starting worker for repo: https://pypi.org/project/astroid (run_cp_analysis.py:28)
2025-04-10 13:31:35,801 - Scheduler - INFO - Worker completed for repo: https://pypi.org/project/wrapt (run_cp_analysis.py:35)
2025-04-10 13:31:35,819 - Scheduler - INFO - Progress: 1/277 repositories scanned. (base_scheduler.py:106)
2025-04-10 13:31:35,820 - Scheduler - INFO - Starting worker for repo: https://pypi.org/project/deepdiff (run_cp_analysis.py:28)
2025-04-10 13:31:37,244 - Scheduler - INFO - Worker completed for repo: https://pypi.org/project/google-api-core (run_cp_analysis.py:35)
2025-04-10 13:31:37,259 - Scheduler - INFO - Progress: 2/277 repositories scanned. (base_scheduler.py:106)
2025-04-10 13:31:37,261 - Scheduler - INFO - Starting worker for repo: https://pypi.org/project/graphql-core (run_cp_analysis.py:28)
2025-04-10 13:31:39,484 - Scheduler - INFO - Worker completed for repo: https://pypi.org/project/msrest (run_cp_analysis.py:35)
2025-04-10 13:31:39,503 - Scheduler - INFO - Progress: 3/277 repositories scanned. (base_scheduler.py:106)
2025-04-10 13:31:39,504 - Scheduler - INFO - Starting worker for repo: https://pypi.org/project/mock (run_cp_analysis.py:28)
2025-04-10 13:31:40,814 - Scheduler - INFO - Worker completed for repo: https://pypi.org/project/mako (run_cp_analysis.py:35)
2025-04-10 13:31:40,823 - Scheduler - INFO - Progress: 4/277 repositories scanned. (base_scheduler.py:106)
2025-04-10 13:31:40,825 - Scheduler - INFO - Starting worker for repo: https://pypi.org/project/azure-storage-file-datalake (run_cp_analysis.py:28)
2025-04-10 13:31:43,722 - Scheduler - INFO - Worker completed for repo: https://pypi.org/project/protobuf (run_cp_analysis.py:35)
2025-04-10 13:31:43,742 - Scheduler - INFO - Progress: 5/277 repositories scanned. (base_scheduler.py:106)
2025-04-10 13:31:43,743 - Scheduler - INFO - Starting worker for repo: https://pypi.org/project/datasets (run_cp_analysis.py:28)
2025-04-10 13:31:44,675 - Scheduler - INFO - Worker completed for repo: https://pypi.org/project/pytest (run_cp_analysis.py:35)
2025-04-10 13:31:44,689 - Scheduler - INFO - Progress: 6/277 repositories scanned. (base_scheduler.py:106)
2025-04-10 13:31:44,690 - Scheduler - INFO - Starting worker for repo: https://pypi.org/project/apache-airflow (run_cp_analysis.py:28)
2025-04-10 13:31:54,893 - Scheduler - INFO - Worker completed for repo: https://pypi.org/project/astroid (run_cp_analysis.py:35)
2025-04-10 13:31:54,906 - Scheduler - INFO - Progress: 7/277 repositories scanned. (base_scheduler.py:106)
2025-04-10 13:31:54,908 - Scheduler - INFO - Starting worker for repo: https://pypi.org/project/azure-keyvault-secrets (run_cp_analysis.py:28)
2025-04-10 13:31:58,730 - Scheduler - INFO - Worker completed for repo: https://pypi.org/project/azure-storage-blob (run_cp_analysis.py:35)
2025-04-10 13:31:58,743 - Scheduler - INFO - Progress: 8/277 repositories scanned. (base_scheduler.py:106)
2025-04-10 13:31:58,744 - Scheduler - INFO - Starting worker for repo: https://pypi.org/project/google-ads (run_cp_analysis.py:28)
2025-04-10 13:32:06,970 - Scheduler - INFO - Worker completed for repo: https://pypi.org/project/mock (run_cp_analysis.py:35)
2025-04-10 13:32:06,988 - Scheduler - INFO - Progress: 9/277 repositories scanned. (base_scheduler.py:106)
2025-04-10 13:32:06,992 - Scheduler - INFO - Starting worker for repo: https://pypi.org/project/wandb (run_cp_analysis.py:28)
2025-04-10 13:32:10,820 - Scheduler - INFO - Worker completed for repo: https://pypi.org/project/deepdiff (run_cp_analysis.py:35)
2025-04-10 13:32:10,832 - Scheduler - INFO - Progress: 10/277 repositories scanned. (base_scheduler.py:106)
2025-04-10 13:32:10,833 - Scheduler - INFO - Starting worker for repo: https://pypi.org/project/ddtrace (run_cp_analysis.py:28)
2025-04-10 13:32:12,011 - Scheduler - INFO - Worker completed for repo: https://pypi.org/project/graphql-core (run_cp_analysis.py:35)
2025-04-10 13:32:12,041 - Scheduler - INFO - Progress: 11/277 repositories scanned. (base_scheduler.py:106)
2025-04-10 13:32:12,046 - Scheduler - INFO - Starting worker for repo: https://pypi.org/project/spacy (run_cp_analysis.py:28)
2025-04-10 13:32:19,338 - Scheduler - INFO - Worker completed for repo: https://pypi.org/project/azure-storage-file-datalake (run_cp_analysis.py:35)
2025-04-10 13:32:19,387 - Scheduler - INFO - Progress: 12/277 repositories scanned. (base_scheduler.py:106)
2025-04-10 13:32:19,405 - Scheduler - INFO - Starting worker for repo: https://pypi.org/project/jsonpickle (run_cp_analysis.py:28)
2025-04-10 13:32:28,772 - Scheduler - INFO - Worker completed for repo: https://pypi.org/project/azure-keyvault-secrets (run_cp_analysis.py:35)
2025-04-10 13:32:28,790 - Scheduler - INFO - Progress: 13/277 repositories scanned. (base_scheduler.py:106)
2025-04-10 13:32:28,791 - Scheduler - INFO - Starting worker for repo: https://pypi.org/project/accelerate (run_cp_analysis.py:28)
2025-04-10 13:32:51,098 - Scheduler - INFO - Worker completed for repo: https://pypi.org/project/jsonpickle (run_cp_analysis.py:35)
2025-04-10 13:32:51,118 - Scheduler - INFO - Progress: 14/277 repositories scanned. (base_scheduler.py:106)
2025-04-10 13:32:51,120 - Scheduler - INFO - Starting worker for repo: https://pypi.org/project/azure-mgmt-resource (run_cp_analysis.py:28)
2025-04-10 13:32:57,731 - Scheduler - INFO - Worker completed for repo: https://pypi.org/project/datasets (run_cp_analysis.py:35)
2025-04-10 13:32:57,744 - Scheduler - INFO - Progress: 15/277 repositories scanned. (base_scheduler.py:106)
2025-04-10 13:32:57,745 - Scheduler - INFO - Starting worker for repo: https://pypi.org/project/pytorch-lightning (run_cp_analysis.py:28)
2025-04-10 13:33:11,712 - Scheduler - INFO - Worker completed for repo: https://pypi.org/project/accelerate (run_cp_analysis.py:35)
2025-04-10 13:33:11,721 - Scheduler - INFO - Progress: 16/277 repositories scanned. (base_scheduler.py:106)
2025-04-10 13:33:11,723 - Scheduler - INFO - Starting worker for repo: https://pypi.org/project/azure-storage-queue (run_cp_analysis.py:28)
2025-04-10 13:33:14,140 - Scheduler - INFO - Worker completed for repo: https://pypi.org/project/spacy (run_cp_analysis.py:35)
2025-04-10 13:33:14,159 - Scheduler - INFO - Progress: 17/277 repositories scanned. (base_scheduler.py:106)
2025-04-10 13:33:14,161 - Scheduler - INFO - Starting worker for repo: https://pypi.org/project/azure-servicebus (run_cp_analysis.py:28)
2025-04-10 13:33:16,044 - Scheduler - INFO - Worker completed for repo: https://pypi.org/project/apache-airflow (run_cp_analysis.py:35)
2025-04-10 13:33:16,052 - Scheduler - INFO - Progress: 18/277 repositories scanned. (base_scheduler.py:106)
2025-04-10 13:33:16,054 - Scheduler - INFO - Starting worker for repo: https://pypi.org/project/passlib (run_cp_analysis.py:28)
2025-04-10 13:33:21,100 - Scheduler - INFO - Worker completed for repo: https://pypi.org/project/ddtrace (run_cp_analysis.py:35)
2025-04-10 13:33:21,119 - Scheduler - INFO - Progress: 19/277 repositories scanned. (base_scheduler.py:106)
2025-04-10 13:33:21,121 - Scheduler - INFO - Starting worker for repo: https://pypi.org/project/azure-storage-file-share (run_cp_analysis.py:28)
2025-04-10 13:33:33,301 - Scheduler - INFO - Worker completed for repo: https://pypi.org/project/pytorch-lightning (run_cp_analysis.py:35)
2025-04-10 13:33:33,316 - Scheduler - INFO - Progress: 20/277 repositories scanned. (base_scheduler.py:106)
2025-04-10 13:33:33,318 - Scheduler - INFO - Starting worker for repo: https://pypi.org/project/azure-mgmt-storage (run_cp_analysis.py:28)
2025-04-10 13:33:40,807 - Scheduler - INFO - Worker completed for repo: https://pypi.org/project/azure-storage-queue (run_cp_analysis.py:35)
2025-04-10 13:33:40,818 - Scheduler - INFO - Progress: 21/277 repositories scanned. (base_scheduler.py:106)
2025-04-10 13:33:40,819 - Scheduler - INFO - Starting worker for repo: https://pypi.org/project/timm (run_cp_analysis.py:28)
2025-04-10 13:33:48,938 - Scheduler - INFO - Worker completed for repo: https://pypi.org/project/azure-servicebus (run_cp_analysis.py:35)
2025-04-10 13:33:48,947 - Scheduler - INFO - Progress: 22/277 repositories scanned. (base_scheduler.py:106)
2025-04-10 13:33:48,949 - Scheduler - INFO - Starting worker for repo: https://pypi.org/project/azure-keyvault-keys (run_cp_analysis.py:28)
2025-04-10 13:33:55,139 - Scheduler - INFO - Worker completed for repo: https://pypi.org/project/passlib (run_cp_analysis.py:35)
2025-04-10 13:33:55,150 - Scheduler - INFO - Progress: 23/277 repositories scanned. (base_scheduler.py:106)
2025-04-10 13:33:55,152 - Scheduler - INFO - Starting worker for repo: https://pypi.org/project/magicattr (run_cp_analysis.py:28)
2025-04-10 13:33:55,611 - Scheduler - INFO - Worker completed for repo: https://pypi.org/project/azure-storage-file-share (run_cp_analysis.py:35)
2025-04-10 13:33:55,622 - Scheduler - INFO - Progress: 24/277 repositories scanned. (base_scheduler.py:106)
2025-04-10 13:33:55,624 - Scheduler - INFO - Starting worker for repo: https://pypi.org/project/protobuf3-to-dict (run_cp_analysis.py:28)
2025-04-10 13:34:07,788 - Scheduler - INFO - Worker completed for repo: https://pypi.org/project/azure-mgmt-storage (run_cp_analysis.py:35)
2025-04-10 13:34:07,810 - Scheduler - INFO - Progress: 25/277 repositories scanned. (base_scheduler.py:106)
2025-04-10 13:34:07,812 - Scheduler - INFO - Starting worker for repo: https://pypi.org/project/azure-keyvault-certificates (run_cp_analysis.py:28)
2025-04-10 13:34:13,166 - Scheduler - INFO - Worker completed for repo: https://pypi.org/project/magicattr (run_cp_analysis.py:35)
2025-04-10 13:34:13,187 - Scheduler - INFO - Progress: 26/277 repositories scanned. (base_scheduler.py:106)
2025-04-10 13:34:13,189 - Scheduler - INFO - Starting worker for repo: https://pypi.org/project/azure-mgmt-datafactory (run_cp_analysis.py:28)
2025-04-10 13:34:14,147 - Scheduler - INFO - Worker completed for repo: https://pypi.org/project/azure-keyvault-keys (run_cp_analysis.py:35)
2025-04-10 13:34:14,159 - Scheduler - INFO - Progress: 27/277 repositories scanned. (base_scheduler.py:106)
2025-04-10 13:34:14,160 - Scheduler - INFO - Starting worker for repo: https://pypi.org/project/azure-mgmt-containerregistry (run_cp_analysis.py:28)
2025-04-10 13:34:17,555 - Scheduler - INFO - Worker completed for repo: https://pypi.org/project/protobuf3-to-dict (run_cp_analysis.py:35)
2025-04-10 13:34:17,569 - Scheduler - INFO - Progress: 28/277 repositories scanned. (base_scheduler.py:106)
2025-04-10 13:34:17,570 - Scheduler - INFO - Starting worker for repo: https://pypi.org/project/pydash (run_cp_analysis.py:28)
2025-04-10 13:34:24,192 - Scheduler - INFO - Worker completed for repo: https://pypi.org/project/google-ads (run_cp_analysis.py:35)
2025-04-10 13:34:24,205 - Scheduler - INFO - Progress: 29/277 repositories scanned. (base_scheduler.py:106)
2025-04-10 13:34:24,208 - Scheduler - INFO - Starting worker for repo: https://pypi.org/project/azure-mgmt-compute (run_cp_analysis.py:28)
2025-04-10 13:34:36,038 - Scheduler - INFO - Worker completed for repo: https://pypi.org/project/azure-keyvault-certificates (run_cp_analysis.py:35)
2025-04-10 13:34:36,062 - Scheduler - INFO - Progress: 30/277 repositories scanned. (base_scheduler.py:106)
2025-04-10 13:34:36,070 - Scheduler - INFO - Starting worker for repo: https://pypi.org/project/azure-mgmt-cosmosdb (run_cp_analysis.py:28)
2025-04-10 13:34:43,442 - Scheduler - INFO - Worker completed for repo: https://pypi.org/project/wandb (run_cp_analysis.py:35)
2025-04-10 13:34:43,460 - Scheduler - INFO - Progress: 31/277 repositories scanned. (base_scheduler.py:106)
2025-04-10 13:34:43,462 - Scheduler - INFO - Starting worker for repo: https://pypi.org/project/azure-data-tables (run_cp_analysis.py:28)
2025-04-10 13:34:46,779 - Scheduler - INFO - Worker completed for repo: https://pypi.org/project/azure-mgmt-resource (run_cp_analysis.py:35)
2025-04-10 13:34:46,801 - Scheduler - INFO - Progress: 32/277 repositories scanned. (base_scheduler.py:106)
2025-04-10 13:34:46,803 - Scheduler - INFO - Starting worker for repo: https://pypi.org/project/glom (run_cp_analysis.py:28)
2025-04-10 13:34:46,882 - Scheduler - INFO - Worker completed for repo: https://pypi.org/project/timm (run_cp_analysis.py:35)
2025-04-10 13:34:46,895 - Scheduler - INFO - Progress: 33/277 repositories scanned. (base_scheduler.py:106)
2025-04-10 13:34:46,897 - Scheduler - INFO - Starting worker for repo: https://pypi.org/project/azure-mgmt-containerinstance (run_cp_analysis.py:28)
2025-04-10 13:34:49,435 - Scheduler - INFO - Worker completed for repo: https://pypi.org/project/pydash (run_cp_analysis.py:35)
2025-04-10 13:34:49,448 - Scheduler - INFO - Progress: 34/277 repositories scanned. (base_scheduler.py:106)
2025-04-10 13:34:49,449 - Scheduler - INFO - Starting worker for repo: https://pypi.org/project/azure-mgmt-keyvault (run_cp_analysis.py:28)
2025-04-10 13:35:07,323 - Scheduler - INFO - Worker completed for repo: https://pypi.org/project/azure-mgmt-datafactory (run_cp_analysis.py:35)
2025-04-10 13:35:07,335 - Scheduler - INFO - Progress: 35/277 repositories scanned. (base_scheduler.py:106)
2025-04-10 13:35:07,336 - Scheduler - INFO - Starting worker for repo: https://pypi.org/project/azure-mgmt-authorization (run_cp_analysis.py:28)
2025-04-10 13:35:11,571 - Scheduler - INFO - Worker completed for repo: https://pypi.org/project/azure-mgmt-containerregistry (run_cp_analysis.py:35)
2025-04-10 13:35:11,589 - Scheduler - INFO - Progress: 36/277 repositories scanned. (base_scheduler.py:106)
2025-04-10 13:35:11,590 - Scheduler - INFO - Starting worker for repo: https://pypi.org/project/google-generativeai (run_cp_analysis.py:28)
2025-04-10 13:35:14,623 - Scheduler - INFO - Worker completed for repo: https://pypi.org/project/azure-data-tables (run_cp_analysis.py:35)
2025-04-10 13:35:14,638 - Scheduler - INFO - Progress: 37/277 repositories scanned. (base_scheduler.py:106)
2025-04-10 13:35:14,640 - Scheduler - INFO - Starting worker for repo: https://pypi.org/project/azure-mgmt-network (run_cp_analysis.py:28)
2025-04-10 13:35:14,799 - Scheduler - INFO - Worker completed for repo: https://pypi.org/project/azure-mgmt-cosmosdb (run_cp_analysis.py:35)
2025-04-10 13:35:14,816 - Scheduler - INFO - Progress: 38/277 repositories scanned. (base_scheduler.py:106)
2025-04-10 13:35:14,818 - Scheduler - INFO - Starting worker for repo: https://pypi.org/project/azure-monitor-opentelemetry-exporter (run_cp_analysis.py:28)
2025-04-10 13:35:16,171 - Scheduler - INFO - Worker completed for repo: https://pypi.org/project/azure-mgmt-containerinstance (run_cp_analysis.py:35)
2025-04-10 13:35:16,181 - Scheduler - INFO - Progress: 39/277 repositories scanned. (base_scheduler.py:106)
2025-04-10 13:35:16,182 - Scheduler - INFO - Starting worker for repo: https://pypi.org/project/azure-mgmt-containerservice (run_cp_analysis.py:28)
2025-04-10 13:35:18,487 - Scheduler - INFO - Worker completed for repo: https://pypi.org/project/glom (run_cp_analysis.py:35)
2025-04-10 13:35:18,508 - Scheduler - INFO - Progress: 40/277 repositories scanned. (base_scheduler.py:106)
2025-04-10 13:35:18,510 - Scheduler - INFO - Starting worker for repo: https://pypi.org/project/azure-mgmt-monitor (run_cp_analysis.py:28)
2025-04-10 13:35:23,580 - Scheduler - INFO - Worker completed for repo: https://pypi.org/project/azure-mgmt-keyvault (run_cp_analysis.py:35)
2025-04-10 13:35:23,606 - Scheduler - INFO - Progress: 41/277 repositories scanned. (base_scheduler.py:106)
2025-04-10 13:35:23,620 - Scheduler - INFO - Starting worker for repo: https://pypi.org/project/acryl-datahub (run_cp_analysis.py:28)
2025-04-10 13:35:41,331 - Scheduler - INFO - Worker completed for repo: https://pypi.org/project/google-generativeai (run_cp_analysis.py:35)
2025-04-10 13:35:41,342 - Scheduler - INFO - Progress: 42/277 repositories scanned. (base_scheduler.py:106)
2025-04-10 13:35:41,343 - Scheduler - INFO - Starting worker for repo: https://pypi.org/project/azure-mgmt-web (run_cp_analysis.py:28)
2025-04-10 13:35:44,568 - Scheduler - INFO - Worker completed for repo: https://pypi.org/project/azure-monitor-opentelemetry-exporter (run_cp_analysis.py:35)
2025-04-10 13:35:44,607 - Scheduler - INFO - Progress: 43/277 repositories scanned. (base_scheduler.py:106)
2025-04-10 13:35:44,615 - Scheduler - INFO - Starting worker for repo: https://pypi.org/project/azure-mgmt-redis (run_cp_analysis.py:28)
2025-04-10 13:35:57,335 - Scheduler - INFO - Worker completed for repo: https://pypi.org/project/azure-mgmt-authorization (run_cp_analysis.py:35)
2025-04-10 13:35:57,347 - Scheduler - INFO - Progress: 44/277 repositories scanned. (base_scheduler.py:106)
2025-04-10 13:35:57,348 - Scheduler - INFO - Starting worker for repo: https://pypi.org/project/azure-appconfiguration (run_cp_analysis.py:28)
2025-04-10 13:35:59,907 - Scheduler - INFO - Worker completed for repo: https://pypi.org/project/azure-mgmt-containerservice (run_cp_analysis.py:35)
2025-04-10 13:35:59,959 - Scheduler - INFO - Progress: 45/277 repositories scanned. (base_scheduler.py:106)
2025-04-10 13:35:59,970 - Scheduler - INFO - Starting worker for repo: https://pypi.org/project/azure-mgmt-dns (run_cp_analysis.py:28)
2025-04-10 13:36:12,247 - Scheduler - INFO - Worker completed for repo: https://pypi.org/project/azure-mgmt-compute (run_cp_analysis.py:35)
2025-04-10 13:36:12,266 - Scheduler - INFO - Progress: 46/277 repositories scanned. (base_scheduler.py:106)
2025-04-10 13:36:12,268 - Scheduler - INFO - Starting worker for repo: https://pypi.org/project/azure-mgmt-servicebus (run_cp_analysis.py:28)
2025-04-10 13:36:15,835 - Scheduler - INFO - Worker completed for repo: https://pypi.org/project/azure-mgmt-redis (run_cp_analysis.py:35)
2025-04-10 13:36:15,871 - Scheduler - INFO - Progress: 47/277 repositories scanned. (base_scheduler.py:106)
2025-04-10 13:36:15,886 - Scheduler - INFO - Starting worker for repo: https://pypi.org/project/azure-mgmt-msi (run_cp_analysis.py:28)
2025-04-10 13:36:15,936 - Scheduler - INFO - Worker completed for repo: https://pypi.org/project/azure-mgmt-monitor (run_cp_analysis.py:35)
2025-04-10 13:36:15,978 - Scheduler - INFO - Progress: 48/277 repositories scanned. (base_scheduler.py:106)
2025-04-10 13:36:15,989 - Scheduler - INFO - Starting worker for repo: https://pypi.org/project/azure-mgmt-eventhub (run_cp_analysis.py:28)
2025-04-10 13:36:26,483 - Scheduler - INFO - Worker completed for repo: https://pypi.org/project/azure-appconfiguration (run_cp_analysis.py:35)
2025-04-10 13:36:26,500 - Scheduler - INFO - Progress: 49/277 repositories scanned. (base_scheduler.py:106)
2025-04-10 13:36:26,502 - Scheduler - INFO - Starting worker for repo: https://pypi.org/project/azure-mgmt-cdn (run_cp_analysis.py:28)
2025-04-10 13:36:30,259 - Scheduler - INFO - Worker completed for repo: https://pypi.org/project/azure-mgmt-dns (run_cp_analysis.py:35)
2025-04-10 13:36:30,277 - Scheduler - INFO - Progress: 50/277 repositories scanned. (base_scheduler.py:106)
2025-04-10 13:36:30,279 - Scheduler - INFO - Starting worker for repo: https://pypi.org/project/qdrant-client (run_cp_analysis.py:28)
2025-04-10 13:36:47,677 - Scheduler - INFO - Worker completed for repo: https://pypi.org/project/azure-mgmt-msi (run_cp_analysis.py:35)
2025-04-10 13:36:47,694 - Scheduler - INFO - Progress: 51/277 repositories scanned. (base_scheduler.py:106)
2025-04-10 13:36:47,696 - Scheduler - INFO - Starting worker for repo: https://pypi.org/project/azure-monitor-query (run_cp_analysis.py:28)
2025-04-10 13:36:56,944 - Scheduler - INFO - Worker completed for repo: https://pypi.org/project/azure-mgmt-network (run_cp_analysis.py:35)
2025-04-10 13:36:56,963 - Scheduler - INFO - Progress: 52/277 repositories scanned. (base_scheduler.py:106)
2025-04-10 13:36:56,965 - Scheduler - INFO - Starting worker for repo: https://pypi.org/project/azure-mgmt-cognitiveservices (run_cp_analysis.py:28)
2025-04-10 13:37:02,290 - Scheduler - INFO - Worker completed for repo: https://pypi.org/project/azure-mgmt-servicebus (run_cp_analysis.py:35)
2025-04-10 13:37:02,309 - Scheduler - INFO - Progress: 53/277 repositories scanned. (base_scheduler.py:106)
2025-04-10 13:37:02,311 - Scheduler - INFO - Starting worker for repo: https://pypi.org/project/azure-mgmt-search (run_cp_analysis.py:28)
2025-04-10 13:37:02,371 - Scheduler - INFO - Worker completed for repo: https://pypi.org/project/azure-mgmt-cdn (run_cp_analysis.py:35)
2025-04-10 13:37:02,386 - Scheduler - INFO - Progress: 54/277 repositories scanned. (base_scheduler.py:106)
2025-04-10 13:37:02,388 - Scheduler - INFO - Starting worker for repo: https://pypi.org/project/azure-mgmt-batch (run_cp_analysis.py:28)
2025-04-10 13:37:07,813 - Scheduler - INFO - Worker completed for repo: https://pypi.org/project/azure-mgmt-eventhub (run_cp_analysis.py:35)
2025-04-10 13:37:07,841 - Scheduler - INFO - Progress: 55/277 repositories scanned. (base_scheduler.py:106)
2025-04-10 13:37:07,844 - Scheduler - INFO - Starting worker for repo: https://pypi.org/project/azure-mgmt-trafficmanager (run_cp_analysis.py:28)
2025-04-10 13:37:08,598 - Scheduler - INFO - Worker completed for repo: https://pypi.org/project/qdrant-client (run_cp_analysis.py:35)
2025-04-10 13:37:08,619 - Scheduler - INFO - Progress: 56/277 repositories scanned. (base_scheduler.py:106)
2025-04-10 13:37:08,621 - Scheduler - INFO - Starting worker for repo: https://pypi.org/project/azure-mgmt-applicationinsights (run_cp_analysis.py:28)
2025-04-10 13:37:15,855 - Scheduler - INFO - Worker completed for repo: https://pypi.org/project/azure-monitor-query (run_cp_analysis.py:35)
2025-04-10 13:37:15,874 - Scheduler - INFO - Progress: 57/277 repositories scanned. (base_scheduler.py:106)
2025-04-10 13:37:15,877 - Scheduler - INFO - Starting worker for repo: https://pypi.org/project/azure-mgmt-iothub (run_cp_analysis.py:28)
2025-04-10 13:37:27,510 - Scheduler - INFO - Worker completed for repo: https://pypi.org/project/azure-mgmt-cognitiveservices (run_cp_analysis.py:35)
2025-04-10 13:37:27,524 - Scheduler - INFO - Progress: 58/277 repositories scanned. (base_scheduler.py:106)
2025-04-10 13:37:27,526 - Scheduler - INFO - Starting worker for repo: https://pypi.org/project/azure-mgmt-recoveryservicesbackup (run_cp_analysis.py:28)
2025-04-10 13:37:30,573 - Scheduler - INFO - Worker completed for repo: https://pypi.org/project/azure-mgmt-search (run_cp_analysis.py:35)
2025-04-10 13:37:30,597 - Scheduler - INFO - Progress: 59/277 repositories scanned. (base_scheduler.py:106)
2025-04-10 13:37:30,604 - Scheduler - INFO - Starting worker for repo: https://pypi.org/project/azure-mgmt-recoveryservices (run_cp_analysis.py:28)
2025-04-10 13:37:30,765 - Scheduler - INFO - Worker completed for repo: https://pypi.org/project/azure-mgmt-batch (run_cp_analysis.py:35)
2025-04-10 13:37:30,809 - Scheduler - INFO - Progress: 60/277 repositories scanned. (base_scheduler.py:106)
2025-04-10 13:37:30,814 - Scheduler - INFO - Starting worker for repo: https://pypi.org/project/azure-mgmt-eventgrid (run_cp_analysis.py:28)
2025-04-10 13:37:35,661 - Scheduler - INFO - Worker completed for repo: https://pypi.org/project/azure-mgmt-trafficmanager (run_cp_analysis.py:35)
2025-04-10 13:37:35,680 - Scheduler - INFO - Progress: 61/277 repositories scanned. (base_scheduler.py:106)
2025-04-10 13:37:35,681 - Scheduler - INFO - Starting worker for repo: https://pypi.org/project/azure-mgmt-servicefabric (run_cp_analysis.py:28)
2025-04-10 13:37:44,307 - Scheduler - INFO - Worker completed for repo: https://pypi.org/project/azure-mgmt-applicationinsights (run_cp_analysis.py:35)
2025-04-10 13:37:44,334 - Scheduler - INFO - Progress: 62/277 repositories scanned. (base_scheduler.py:106)
2025-04-10 13:37:44,336 - Scheduler - INFO - Starting worker for repo: https://pypi.org/project/azure-mgmt-billing (run_cp_analysis.py:28)
2025-04-10 13:37:49,684 - Scheduler - INFO - Worker completed for repo: https://pypi.org/project/azure-mgmt-iothub (run_cp_analysis.py:35)
2025-04-10 13:37:49,704 - Scheduler - INFO - Progress: 63/277 repositories scanned. (base_scheduler.py:106)
2025-04-10 13:37:49,706 - Scheduler - INFO - Starting worker for repo: https://pypi.org/project/azure-mgmt-media (run_cp_analysis.py:28)
2025-04-10 13:37:56,160 - Scheduler - INFO - Worker completed for repo: https://pypi.org/project/azure-mgmt-recoveryservices (run_cp_analysis.py:35)
2025-04-10 13:37:56,169 - Scheduler - INFO - Progress: 64/277 repositories scanned. (base_scheduler.py:106)
2025-04-10 13:37:56,170 - Scheduler - INFO - Starting worker for repo: https://pypi.org/project/azure-mgmt-signalr (run_cp_analysis.py:28)
2025-04-10 13:38:02,140 - Scheduler - INFO - Worker completed for repo: https://pypi.org/project/azure-mgmt-servicefabric (run_cp_analysis.py:35)
2025-04-10 13:38:02,154 - Scheduler - INFO - Progress: 65/277 repositories scanned. (base_scheduler.py:106)
2025-04-10 13:38:02,158 - Scheduler - INFO - Starting worker for repo: https://pypi.org/project/azure-mgmt-maps (run_cp_analysis.py:28)
2025-04-10 13:38:04,050 - Scheduler - INFO - Worker completed for repo: https://pypi.org/project/azure-mgmt-recoveryservicesbackup (run_cp_analysis.py:35)
2025-04-10 13:38:04,060 - Scheduler - INFO - Progress: 66/277 repositories scanned. (base_scheduler.py:106)
2025-04-10 13:38:04,066 - Scheduler - INFO - Starting worker for repo: https://pypi.org/project/azure-synapse-artifacts (run_cp_analysis.py:28)
2025-04-10 13:38:04,075 - Scheduler - INFO - Worker completed for repo: https://pypi.org/project/azure-mgmt-eventgrid (run_cp_analysis.py:35)
2025-04-10 13:38:04,094 - Scheduler - INFO - Progress: 67/277 repositories scanned. (base_scheduler.py:106)
2025-04-10 13:38:04,096 - Scheduler - INFO - Starting worker for repo: https://pypi.org/project/azureml-core (run_cp_analysis.py:28)
2025-04-10 13:38:10,435 - Scheduler - INFO - Worker completed for repo: https://pypi.org/project/azure-mgmt-web (run_cp_analysis.py:35)
2025-04-10 13:38:10,450 - Scheduler - INFO - Progress: 68/277 repositories scanned. (base_scheduler.py:106)
2025-04-10 13:38:10,451 - Scheduler - INFO - Starting worker for repo: https://pypi.org/project/pyinstrument (run_cp_analysis.py:28)
2025-04-10 13:38:20,716 - Scheduler - INFO - Worker completed for repo: https://pypi.org/project/azure-mgmt-billing (run_cp_analysis.py:35)
2025-04-10 13:38:20,735 - Scheduler - INFO - Progress: 69/277 repositories scanned. (base_scheduler.py:106)
2025-04-10 13:38:20,739 - Scheduler - INFO - Starting worker for repo: https://pypi.org/project/lightning (run_cp_analysis.py:28)
2025-04-10 13:38:21,307 - Scheduler - INFO - Worker completed for repo: https://pypi.org/project/azure-mgmt-media (run_cp_analysis.py:35)
2025-04-10 13:38:21,320 - Scheduler - INFO - Progress: 70/277 repositories scanned. (base_scheduler.py:106)
2025-04-10 13:38:21,321 - Scheduler - INFO - Starting worker for repo: https://pypi.org/project/azure-eventgrid (run_cp_analysis.py:28)
2025-04-10 13:38:24,500 - Scheduler - INFO - Worker completed for repo: https://pypi.org/project/azure-mgmt-signalr (run_cp_analysis.py:35)
2025-04-10 13:38:24,511 - Scheduler - INFO - Progress: 71/277 repositories scanned. (base_scheduler.py:106)
2025-04-10 13:38:24,513 - Scheduler - INFO - Starting worker for repo: https://pypi.org/project/azure-search-documents (run_cp_analysis.py:28)
2025-04-10 13:38:29,556 - Scheduler - INFO - Worker completed for repo: https://pypi.org/project/azure-mgmt-maps (run_cp_analysis.py:35)
2025-04-10 13:38:29,575 - Scheduler - INFO - Progress: 72/277 repositories scanned. (base_scheduler.py:106)
2025-04-10 13:38:29,577 - Scheduler - INFO - Starting worker for repo: https://pypi.org/project/newrelic (run_cp_analysis.py:28)
2025-04-10 13:38:34,450 - Scheduler - INFO - Worker completed for repo: https://pypi.org/project/pyinstrument (run_cp_analysis.py:35)
2025-04-10 13:38:34,461 - Scheduler - INFO - Progress: 73/277 repositories scanned. (base_scheduler.py:106)
2025-04-10 13:38:34,463 - Scheduler - INFO - Starting worker for repo: https://pypi.org/project/fastcore (run_cp_analysis.py:28)
2025-04-10 13:38:49,627 - Scheduler - INFO - Worker completed for repo: https://pypi.org/project/azure-eventgrid (run_cp_analysis.py:35)
2025-04-10 13:38:49,645 - Scheduler - INFO - Progress: 74/277 repositories scanned. (base_scheduler.py:106)
2025-04-10 13:38:49,646 - Scheduler - INFO - Starting worker for repo: https://pypi.org/project/tf-keras (run_cp_analysis.py:28)
2025-04-10 13:38:56,472 - Scheduler - INFO - Worker completed for repo: https://pypi.org/project/lightning (run_cp_analysis.py:35)
2025-04-10 13:38:56,482 - Scheduler - INFO - Progress: 75/277 repositories scanned. (base_scheduler.py:106)
2025-04-10 13:38:56,484 - Scheduler - INFO - Starting worker for repo: https://pypi.org/project/azure-cli-core (run_cp_analysis.py:28)
2025-04-10 13:38:57,178 - Scheduler - INFO - Worker completed for repo: https://pypi.org/project/azure-synapse-artifacts (run_cp_analysis.py:35)
2025-04-10 13:38:57,194 - Scheduler - INFO - Progress: 76/277 repositories scanned. (base_scheduler.py:106)
2025-04-10 13:38:57,195 - Scheduler - INFO - Starting worker for repo: https://pypi.org/project/etils (run_cp_analysis.py:28)
2025-04-10 13:38:57,564 - Scheduler - INFO - Worker completed for repo: https://pypi.org/project/azure-search-documents (run_cp_analysis.py:35)
2025-04-10 13:38:57,578 - Scheduler - INFO - Progress: 77/277 repositories scanned. (base_scheduler.py:106)
2025-04-10 13:38:57,580 - Scheduler - INFO - Starting worker for repo: https://pypi.org/project/azure-mgmt-subscription (run_cp_analysis.py:28)
2025-04-10 13:39:00,872 - Scheduler - INFO - Worker completed for repo: https://pypi.org/project/fastcore (run_cp_analysis.py:35)
2025-04-10 13:39:00,891 - Scheduler - INFO - Progress: 78/277 repositories scanned. (base_scheduler.py:106)
2025-04-10 13:39:00,893 - Scheduler - INFO - Starting worker for repo: https://pypi.org/project/conan (run_cp_analysis.py:28)
2025-04-10 13:39:22,940 - Scheduler - INFO - Worker completed for repo: https://pypi.org/project/newrelic (run_cp_analysis.py:35)
2025-04-10 13:39:22,958 - Scheduler - INFO - Progress: 79/277 repositories scanned. (base_scheduler.py:106)
2025-04-10 13:39:22,959 - Scheduler - INFO - Starting worker for repo: https://pypi.org/project/azure-mgmt-reservations (run_cp_analysis.py:28)
2025-04-10 13:39:23,690 - Scheduler - INFO - Worker completed for repo: https://pypi.org/project/etils (run_cp_analysis.py:35)
2025-04-10 13:39:23,703 - Scheduler - INFO - Progress: 80/277 repositories scanned. (base_scheduler.py:106)
2025-04-10 13:39:23,704 - Scheduler - INFO - Starting worker for repo: https://pypi.org/project/azure-mgmt-apimanagement (run_cp_analysis.py:28)
2025-04-10 13:39:26,156 - Scheduler - INFO - Worker completed for repo: https://pypi.org/project/azure-mgmt-subscription (run_cp_analysis.py:35)
2025-04-10 13:39:26,172 - Scheduler - INFO - Progress: 81/277 repositories scanned. (base_scheduler.py:106)
2025-04-10 13:39:26,174 - Scheduler - INFO - Starting worker for repo: https://pypi.org/project/google-genai (run_cp_analysis.py:28)
2025-04-10 13:39:33,235 - Scheduler - INFO - Worker completed for repo: https://pypi.org/project/azure-cli-core (run_cp_analysis.py:35)
2025-04-10 13:39:33,247 - Scheduler - INFO - Progress: 82/277 repositories scanned. (base_scheduler.py:106)
2025-04-10 13:39:33,249 - Scheduler - INFO - Starting worker for repo: https://pypi.org/project/azure-mgmt-privatedns (run_cp_analysis.py:28)
2025-04-10 13:39:49,421 - Scheduler - INFO - Worker completed for repo: https://pypi.org/project/azure-mgmt-reservations (run_cp_analysis.py:35)
2025-04-10 13:39:49,434 - Scheduler - INFO - Progress: 83/277 repositories scanned. (base_scheduler.py:106)
2025-04-10 13:39:49,436 - Scheduler - INFO - Starting worker for repo: https://pypi.org/project/azure-cli (run_cp_analysis.py:28)
2025-04-10 13:39:50,089 - Scheduler - INFO - Worker completed for repo: https://pypi.org/project/conan (run_cp_analysis.py:35)
2025-04-10 13:39:50,100 - Scheduler - INFO - Progress: 84/277 repositories scanned. (base_scheduler.py:106)
2025-04-10 13:39:50,101 - Scheduler - INFO - Starting worker for repo: https://pypi.org/project/azure-mgmt-security (run_cp_analysis.py:28)
2025-04-10 13:40:01,661 - Scheduler - INFO - Worker completed for repo: https://pypi.org/project/azure-mgmt-privatedns (run_cp_analysis.py:35)
2025-04-10 13:40:01,679 - Scheduler - INFO - Progress: 85/277 repositories scanned. (base_scheduler.py:106)
2025-04-10 13:40:01,680 - Scheduler - INFO - Starting worker for repo: https://pypi.org/project/flax (run_cp_analysis.py:28)
2025-04-10 13:40:10,756 - Scheduler - INFO - Worker completed for repo: https://pypi.org/project/azure-mgmt-apimanagement (run_cp_analysis.py:35)
2025-04-10 13:40:10,770 - Scheduler - INFO - Progress: 86/277 repositories scanned. (base_scheduler.py:106)
2025-04-10 13:40:10,771 - Scheduler - INFO - Starting worker for repo: https://pypi.org/project/azure-schemaregistry (run_cp_analysis.py:28)
2025-04-10 13:40:43,366 - Scheduler - INFO - Worker completed for repo: https://pypi.org/project/flax (run_cp_analysis.py:35)
2025-04-10 13:40:43,388 - Scheduler - INFO - Progress: 87/277 repositories scanned. (base_scheduler.py:106)
2025-04-10 13:40:43,390 - Scheduler - INFO - Starting worker for repo: https://pypi.org/project/azure-ai-documentintelligence (run_cp_analysis.py:28)
2025-04-10 13:40:46,389 - Scheduler - INFO - Worker completed for repo: https://pypi.org/project/azure-schemaregistry (run_cp_analysis.py:35)
2025-04-10 13:40:46,403 - Scheduler - INFO - Progress: 88/277 repositories scanned. (base_scheduler.py:106)
2025-04-10 13:40:46,404 - Scheduler - INFO - Starting worker for repo: https://pypi.org/project/azure-mgmt-appconfiguration (run_cp_analysis.py:28)
2025-04-10 13:40:49,270 - Scheduler - INFO - Worker completed for repo: https://pypi.org/project/azure-mgmt-security (run_cp_analysis.py:35)
2025-04-10 13:40:49,298 - Scheduler - INFO - Progress: 89/277 repositories scanned. (base_scheduler.py:106)
2025-04-10 13:40:49,308 - Scheduler - INFO - Starting worker for repo: https://pypi.org/project/azure-mgmt-powerbiembedded (run_cp_analysis.py:28)
2025-04-10 13:40:56,942 - Scheduler - INFO - Worker completed for repo: https://pypi.org/project/google-genai (run_cp_analysis.py:35)
2025-04-10 13:40:56,974 - Scheduler - INFO - Progress: 90/277 repositories scanned. (base_scheduler.py:106)
2025-04-10 13:40:56,992 - Scheduler - INFO - Starting worker for repo: https://pypi.org/project/azure-mgmt-netapp (run_cp_analysis.py:28)
2025-04-10 13:41:17,014 - Scheduler - INFO - Worker completed for repo: https://pypi.org/project/azure-mgmt-appconfiguration (run_cp_analysis.py:35)
2025-04-10 13:41:17,026 - Scheduler - INFO - Progress: 91/277 repositories scanned. (base_scheduler.py:106)
2025-04-10 13:41:17,029 - Scheduler - INFO - Starting worker for repo: https://pypi.org/project/azure-multiapi-storage (run_cp_analysis.py:28)
2025-04-10 13:41:18,074 - Scheduler - INFO - Worker completed for repo: https://pypi.org/project/azure-mgmt-powerbiembedded (run_cp_analysis.py:35)
2025-04-10 13:41:18,083 - Scheduler - INFO - Progress: 92/277 repositories scanned. (base_scheduler.py:106)
2025-04-10 13:41:18,084 - Scheduler - INFO - Starting worker for repo: https://pypi.org/project/azure-mgmt-redhatopenshift (run_cp_analysis.py:28)
2025-04-10 13:41:18,306 - Scheduler - INFO - Worker completed for repo: https://pypi.org/project/azure-ai-documentintelligence (run_cp_analysis.py:35)
2025-04-10 13:41:18,322 - Scheduler - INFO - Progress: 93/277 repositories scanned. (base_scheduler.py:106)
2025-04-10 13:41:18,324 - Scheduler - INFO - Starting worker for repo: https://pypi.org/project/azure-mgmt-botservice (run_cp_analysis.py:28)
2025-04-10 13:41:27,721 - Scheduler - INFO - Worker completed for repo: https://pypi.org/project/azure-mgmt-netapp (run_cp_analysis.py:35)
2025-04-10 13:41:27,736 - Scheduler - INFO - Progress: 94/277 repositories scanned. (base_scheduler.py:106)
2025-04-10 13:41:27,737 - Scheduler - INFO - Starting worker for repo: https://pypi.org/project/azure-mgmt-databoxedge (run_cp_analysis.py:28)
2025-04-10 13:41:43,196 - Scheduler - INFO - Worker completed for repo: https://pypi.org/project/azure-mgmt-redhatopenshift (run_cp_analysis.py:35)
2025-04-10 13:41:43,207 - Scheduler - INFO - Progress: 95/277 repositories scanned. (base_scheduler.py:106)
2025-04-10 13:41:43,209 - Scheduler - INFO - Starting worker for repo: https://pypi.org/project/azure-keyvault-administration (run_cp_analysis.py:28)
2025-04-10 13:41:45,022 - Scheduler - INFO - Worker completed for repo: https://pypi.org/project/azure-mgmt-botservice (run_cp_analysis.py:35)
2025-04-10 13:41:45,039 - Scheduler - INFO - Progress: 96/277 repositories scanned. (base_scheduler.py:106)
2025-04-10 13:41:45,040 - Scheduler - INFO - Starting worker for repo: https://pypi.org/project/azure-mgmt-imagebuilder (run_cp_analysis.py:28)
2025-04-10 13:41:53,735 - Scheduler - INFO - Worker completed for repo: https://pypi.org/project/azureml-core (run_cp_analysis.py:35)
2025-04-10 13:41:53,754 - Scheduler - INFO - Progress: 97/277 repositories scanned. (base_scheduler.py:106)
2025-04-10 13:41:53,756 - Scheduler - INFO - Starting worker for repo: https://pypi.org/project/azure-mgmt-extendedlocation (run_cp_analysis.py:28)
2025-04-10 13:41:58,138 - Scheduler - INFO - Worker completed for repo: https://pypi.org/project/azure-mgmt-databoxedge (run_cp_analysis.py:35)
2025-04-10 13:41:58,156 - Scheduler - INFO - Progress: 98/277 repositories scanned. (base_scheduler.py:106)
2025-04-10 13:41:58,158 - Scheduler - INFO - Starting worker for repo: https://pypi.org/project/azure-mgmt-servicefabricmanagedclusters (run_cp_analysis.py:28)
2025-04-10 13:42:08,349 - Scheduler - INFO - Worker completed for repo: https://pypi.org/project/azure-keyvault-administration (run_cp_analysis.py:35)
2025-04-10 13:42:08,372 - Scheduler - INFO - Progress: 99/277 repositories scanned. (base_scheduler.py:106)
2025-04-10 13:42:08,373 - Scheduler - INFO - Starting worker for repo: https://pypi.org/project/azure-mgmt-appcontainers (run_cp_analysis.py:28)
2025-04-10 13:42:09,594 - Scheduler - INFO - Worker completed for repo: https://pypi.org/project/azure-mgmt-imagebuilder (run_cp_analysis.py:35)
2025-04-10 13:42:09,611 - Scheduler - INFO - Progress: 100/277 repositories scanned. (base_scheduler.py:106)
2025-04-10 13:42:09,612 - Scheduler - INFO - Starting worker for repo: https://pypi.org/project/django-import-export (run_cp_analysis.py:28)
2025-04-10 13:42:16,148 - Scheduler - INFO - Worker completed for repo: https://pypi.org/project/azure-mgmt-extendedlocation (run_cp_analysis.py:35)
2025-04-10 13:42:16,165 - Scheduler - INFO - Progress: 101/277 repositories scanned. (base_scheduler.py:106)
2025-04-10 13:42:16,166 - Scheduler - INFO - Starting worker for repo: https://pypi.org/project/azure-ai-ml (run_cp_analysis.py:28)
2025-04-10 13:42:25,613 - Scheduler - INFO - Worker completed for repo: https://pypi.org/project/azure-mgmt-servicefabricmanagedclusters (run_cp_analysis.py:35)
2025-04-10 13:42:25,637 - Scheduler - INFO - Progress: 102/277 repositories scanned. (base_scheduler.py:106)
2025-04-10 13:42:25,639 - Scheduler - INFO - Starting worker for repo: https://pypi.org/project/dlt (run_cp_analysis.py:28)
2025-04-10 13:42:34,944 - Scheduler - INFO - Worker completed for repo: https://pypi.org/project/django-import-export (run_cp_analysis.py:35)
2025-04-10 13:42:34,960 - Scheduler - INFO - Progress: 103/277 repositories scanned. (base_scheduler.py:106)
2025-04-10 13:42:34,961 - Scheduler - INFO - Starting worker for repo: https://pypi.org/project/diracx-client (run_cp_analysis.py:28)
2025-04-10 13:42:45,582 - Scheduler - INFO - Worker completed for repo: https://pypi.org/project/azure-mgmt-appcontainers (run_cp_analysis.py:35)
2025-04-10 13:42:45,597 - Scheduler - INFO - Progress: 104/277 repositories scanned. (base_scheduler.py:106)
2025-04-10 13:42:45,602 - Scheduler - INFO - Starting worker for repo: https://pypi.org/project/mediapipe (run_cp_analysis.py:28)
2025-04-10 13:42:59,588 - Scheduler - INFO - Worker completed for repo: https://pypi.org/project/azure-multiapi-storage (run_cp_analysis.py:35)
2025-04-10 13:42:59,602 - Scheduler - INFO - Progress: 105/277 repositories scanned. (base_scheduler.py:106)
2025-04-10 13:42:59,603 - Scheduler - INFO - Starting worker for repo: https://pypi.org/project/azure-mgmt-hybridcompute (run_cp_analysis.py:28)
2025-04-10 13:43:05,437 - Scheduler - INFO - Worker completed for repo: https://pypi.org/project/diracx-client (run_cp_analysis.py:35)
2025-04-10 13:43:05,451 - Scheduler - INFO - Progress: 106/277 repositories scanned. (base_scheduler.py:106)
2025-04-10 13:43:05,453 - Scheduler - INFO - Starting worker for repo: https://pypi.org/project/jsonargparse (run_cp_analysis.py:28)
2025-04-10 13:43:25,197 - Scheduler - INFO - Worker completed for repo: https://pypi.org/project/azure-mgmt-hybridcompute (run_cp_analysis.py:35)
2025-04-10 13:43:25,216 - Scheduler - INFO - Progress: 107/277 repositories scanned. (base_scheduler.py:106)
2025-04-10 13:43:25,218 - Scheduler - INFO - Starting worker for repo: https://pypi.org/project/azure-mgmt-mysqlflexibleservers (run_cp_analysis.py:28)
2025-04-10 13:43:26,260 - Scheduler - INFO - Worker completed for repo: https://pypi.org/project/dlt (run_cp_analysis.py:35)
2025-04-10 13:43:26,277 - Scheduler - INFO - Progress: 108/277 repositories scanned. (base_scheduler.py:106)
2025-04-10 13:43:26,279 - Scheduler - INFO - Starting worker for repo: https://pypi.org/project/azure-mgmt-postgresqlflexibleservers (run_cp_analysis.py:28)
2025-04-10 13:43:33,898 - Scheduler - INFO - Worker completed for repo: https://pypi.org/project/mediapipe (run_cp_analysis.py:35)
2025-04-10 13:43:33,921 - Scheduler - INFO - Progress: 109/277 repositories scanned. (base_scheduler.py:106)
2025-04-10 13:43:33,923 - Scheduler - INFO - Starting worker for repo: https://pypi.org/project/modelscope (run_cp_analysis.py:28)
2025-04-10 13:43:53,792 - Scheduler - INFO - Worker completed for repo: https://pypi.org/project/azure-mgmt-mysqlflexibleservers (run_cp_analysis.py:35)
2025-04-10 13:43:53,844 - Scheduler - INFO - Progress: 110/277 repositories scanned. (base_scheduler.py:106)
2025-04-10 13:43:53,846 - Scheduler - INFO - Starting worker for repo: https://pypi.org/project/xsdata (run_cp_analysis.py:28)
2025-04-10 13:43:55,024 - Scheduler - INFO - Worker completed for repo: https://pypi.org/project/azure-mgmt-postgresqlflexibleservers (run_cp_analysis.py:35)
2025-04-10 13:43:55,040 - Scheduler - INFO - Progress: 111/277 repositories scanned. (base_scheduler.py:106)
2025-04-10 13:43:55,041 - Scheduler - INFO - Starting worker for repo: https://pypi.org/project/modal (run_cp_analysis.py:28)
2025-04-10 13:44:02,428 - Scheduler - INFO - Worker completed for repo: https://pypi.org/project/acryl-datahub (run_cp_analysis.py:35)
2025-04-10 13:44:02,449 - Scheduler - INFO - Progress: 112/277 repositories scanned. (base_scheduler.py:106)
2025-04-10 13:44:02,450 - Scheduler - INFO - Starting worker for repo: https://pypi.org/project/fixtures (run_cp_analysis.py:28)
2025-04-10 13:44:18,003 - Scheduler - INFO - Worker completed for repo: https://pypi.org/project/jsonargparse (run_cp_analysis.py:35)
2025-04-10 13:44:18,022 - Scheduler - INFO - Progress: 113/277 repositories scanned. (base_scheduler.py:106)
2025-04-10 13:44:18,027 - Scheduler - INFO - Starting worker for repo: https://pypi.org/project/gluonts (run_cp_analysis.py:28)
2025-04-10 13:44:24,173 - Scheduler - INFO - Worker completed for repo: https://pypi.org/project/fixtures (run_cp_analysis.py:35)
2025-04-10 13:44:24,186 - Scheduler - INFO - Progress: 114/277 repositories scanned. (base_scheduler.py:106)
2025-04-10 13:44:24,188 - Scheduler - INFO - Starting worker for repo: https://pypi.org/project/panel (run_cp_analysis.py:28)
2025-04-10 13:44:24,201 - Scheduler - INFO - Worker completed for repo: https://pypi.org/project/xsdata (run_cp_analysis.py:35)
2025-04-10 13:44:24,221 - Scheduler - INFO - Progress: 115/277 repositories scanned. (base_scheduler.py:106)
2025-04-10 13:44:24,223 - Scheduler - INFO - Starting worker for repo: https://pypi.org/project/optimum (run_cp_analysis.py:28)
2025-04-10 13:44:36,020 - Scheduler - INFO - Worker completed for repo: https://pypi.org/project/modal (run_cp_analysis.py:35)
2025-04-10 13:44:36,041 - Scheduler - INFO - Progress: 116/277 repositories scanned. (base_scheduler.py:106)
2025-04-10 13:44:36,042 - Scheduler - INFO - Starting worker for repo: https://pypi.org/project/simple-parsing (run_cp_analysis.py:28)
2025-04-10 13:44:57,209 - Scheduler - INFO - Worker completed for repo: https://pypi.org/project/tf-keras (run_cp_analysis.py:35)
2025-04-10 13:44:57,228 - Scheduler - INFO - Progress: 117/277 repositories scanned. (base_scheduler.py:106)
2025-04-10 13:44:57,229 - Scheduler - INFO - Starting worker for repo: https://pypi.org/project/model-bakery (run_cp_analysis.py:28)
2025-04-10 13:44:58,142 - Scheduler - INFO - Worker completed for repo: https://pypi.org/project/optimum (run_cp_analysis.py:35)
2025-04-10 13:44:58,158 - Scheduler - INFO - Progress: 118/277 repositories scanned. (base_scheduler.py:106)
2025-04-10 13:44:58,159 - Scheduler - INFO - Starting worker for repo: https://pypi.org/project/azure-monitor-ingestion (run_cp_analysis.py:28)
2025-04-10 13:44:58,541 - Scheduler - INFO - Worker completed for repo: https://pypi.org/project/simple-parsing (run_cp_analysis.py:35)
2025-04-10 13:44:58,556 - Scheduler - INFO - Progress: 119/277 repositories scanned. (base_scheduler.py:106)
2025-04-10 13:44:58,558 - Scheduler - INFO - Starting worker for repo: https://pypi.org/project/ariadne (run_cp_analysis.py:28)
2025-04-10 13:45:01,601 - Scheduler - INFO - Worker completed for repo: https://pypi.org/project/gluonts (run_cp_analysis.py:35)
2025-04-10 13:45:01,611 - Scheduler - INFO - Progress: 120/277 repositories scanned. (base_scheduler.py:106)
2025-04-10 13:45:01,613 - Scheduler - INFO - Starting worker for repo: https://pypi.org/project/torchao (run_cp_analysis.py:28)
2025-04-10 13:45:16,617 - Scheduler - INFO - Worker completed for repo: https://pypi.org/project/model-bakery (run_cp_analysis.py:35)
2025-04-10 13:45:16,635 - Scheduler - INFO - Progress: 121/277 repositories scanned. (base_scheduler.py:106)
2025-04-10 13:45:16,636 - Scheduler - INFO - Starting worker for repo: https://pypi.org/project/azure-mgmt-kusto (run_cp_analysis.py:28)
2025-04-10 13:45:20,119 - Scheduler - INFO - Worker completed for repo: https://pypi.org/project/ariadne (run_cp_analysis.py:35)
2025-04-10 13:45:20,137 - Scheduler - INFO - Progress: 122/277 repositories scanned. (base_scheduler.py:106)
2025-04-10 13:45:20,138 - Scheduler - INFO - Starting worker for repo: https://pypi.org/project/azure-ai-inference (run_cp_analysis.py:28)
2025-04-10 13:45:20,622 - Scheduler - INFO - Worker completed for repo: https://pypi.org/project/azure-monitor-ingestion (run_cp_analysis.py:35)
2025-04-10 13:45:20,639 - Scheduler - INFO - Progress: 123/277 repositories scanned. (base_scheduler.py:106)
2025-04-10 13:45:20,640 - Scheduler - INFO - Starting worker for repo: https://pypi.org/project/ragas (run_cp_analysis.py:28)
2025-04-10 13:45:42,194 - Scheduler - INFO - Worker completed for repo: https://pypi.org/project/azure-mgmt-kusto (run_cp_analysis.py:35)
2025-04-10 13:45:42,212 - Scheduler - INFO - Progress: 124/277 repositories scanned. (base_scheduler.py:106)
2025-04-10 13:45:42,214 - Scheduler - INFO - Starting worker for repo: https://pypi.org/project/deepspeed (run_cp_analysis.py:28)
2025-04-10 13:45:42,822 - Scheduler - INFO - Worker completed for repo: https://pypi.org/project/ragas (run_cp_analysis.py:35)
2025-04-10 13:45:42,842 - Scheduler - INFO - Progress: 125/277 repositories scanned. (base_scheduler.py:106)
2025-04-10 13:45:42,843 - Scheduler - INFO - Starting worker for repo: https://pypi.org/project/azure-communication-email (run_cp_analysis.py:28)
2025-04-10 13:45:52,817 - Scheduler - INFO - Worker completed for repo: https://pypi.org/project/azure-ai-inference (run_cp_analysis.py:35)
2025-04-10 13:45:52,844 - Scheduler - INFO - Progress: 126/277 repositories scanned. (base_scheduler.py:106)
2025-04-10 13:45:52,846 - Scheduler - INFO - Starting worker for repo: https://pypi.org/project/datarobotx (run_cp_analysis.py:28)
2025-04-10 13:45:54,699 - Scheduler - INFO - Worker completed for repo: https://pypi.org/project/panel (run_cp_analysis.py:35)
2025-04-10 13:45:54,716 - Scheduler - INFO - Progress: 127/277 repositories scanned. (base_scheduler.py:106)
2025-04-10 13:45:54,718 - Scheduler - INFO - Starting worker for repo: https://pypi.org/project/djangorestframework-dataclasses (run_cp_analysis.py:28)
2025-04-10 13:45:59,960 - Scheduler - INFO - Worker completed for repo: https://pypi.org/project/torchao (run_cp_analysis.py:35)
2025-04-10 13:45:59,975 - Scheduler - INFO - Progress: 128/277 repositories scanned. (base_scheduler.py:106)
2025-04-10 13:45:59,976 - Scheduler - INFO - Starting worker for repo: https://pypi.org/project/azure-containerregistry (run_cp_analysis.py:28)
2025-04-10 13:46:05,947 - Scheduler - INFO - Worker completed for repo: https://pypi.org/project/azure-communication-email (run_cp_analysis.py:35)
2025-04-10 13:46:05,958 - Scheduler - INFO - Progress: 129/277 repositories scanned. (base_scheduler.py:106)
2025-04-10 13:46:05,959 - Scheduler - INFO - Starting worker for repo: https://pypi.org/project/ibis-framework (run_cp_analysis.py:28)
2025-04-10 13:46:16,315 - Scheduler - INFO - Worker completed for repo: https://pypi.org/project/djangorestframework-dataclasses (run_cp_analysis.py:35)
2025-04-10 13:46:16,335 - Scheduler - INFO - Progress: 130/277 repositories scanned. (base_scheduler.py:106)
2025-04-10 13:46:16,336 - Scheduler - INFO - Starting worker for repo: https://pypi.org/project/docarray (run_cp_analysis.py:28)
2025-04-10 13:46:20,114 - Scheduler - INFO - Worker completed for repo: https://pypi.org/project/datarobotx (run_cp_analysis.py:35)
2025-04-10 13:46:20,128 - Scheduler - INFO - Progress: 131/277 repositories scanned. (base_scheduler.py:106)
2025-04-10 13:46:20,130 - Scheduler - INFO - Starting worker for repo: https://pypi.org/project/paddlepaddle (run_cp_analysis.py:28)
2025-04-10 13:46:26,355 - Scheduler - INFO - Worker completed for repo: https://pypi.org/project/azure-containerregistry (run_cp_analysis.py:35)
2025-04-10 13:46:26,383 - Scheduler - INFO - Progress: 132/277 repositories scanned. (base_scheduler.py:106)
2025-04-10 13:46:26,396 - Scheduler - INFO - Starting worker for repo: https://pypi.org/project/tf-keras-nightly (run_cp_analysis.py:28)
2025-04-10 13:46:45,589 - Scheduler - INFO - Worker completed for repo: https://pypi.org/project/docarray (run_cp_analysis.py:35)
2025-04-10 13:46:45,606 - Scheduler - INFO - Progress: 133/277 repositories scanned. (base_scheduler.py:106)
2025-04-10 13:46:45,607 - Scheduler - INFO - Starting worker for repo: https://pypi.org/project/traits (run_cp_analysis.py:28)
2025-04-10 13:46:48,979 - Scheduler - INFO - Worker completed for repo: https://pypi.org/project/deepspeed (run_cp_analysis.py:35)
2025-04-10 13:46:48,999 - Scheduler - INFO - Progress: 134/277 repositories scanned. (base_scheduler.py:106)
2025-04-10 13:46:49,001 - Scheduler - INFO - Starting worker for repo: https://pypi.org/project/azureml-train-automl-client (run_cp_analysis.py:28)
2025-04-10 13:47:10,753 - Scheduler - INFO - Worker completed for repo: https://pypi.org/project/azureml-train-automl-client (run_cp_analysis.py:35)
2025-04-10 13:47:10,772 - Scheduler - INFO - Progress: 135/277 repositories scanned. (base_scheduler.py:106)
2025-04-10 13:47:10,773 - Scheduler - INFO - Starting worker for repo: https://pypi.org/project/azure-mgmt-quota (run_cp_analysis.py:28)
2025-04-10 13:47:16,748 - Scheduler - INFO - Worker completed for repo: https://pypi.org/project/traits (run_cp_analysis.py:35)
2025-04-10 13:47:16,757 - Scheduler - INFO - Progress: 136/277 repositories scanned. (base_scheduler.py:106)
2025-04-10 13:47:16,759 - Scheduler - INFO - Starting worker for repo: https://pypi.org/project/clearml (run_cp_analysis.py:28)
2025-04-10 13:47:24,650 - Scheduler - INFO - Worker completed for repo: https://pypi.org/project/ibis-framework (run_cp_analysis.py:35)
2025-04-10 13:47:24,661 - Scheduler - INFO - Progress: 137/277 repositories scanned. (base_scheduler.py:106)
2025-04-10 13:47:24,662 - Scheduler - INFO - Starting worker for repo: https://pypi.org/project/spyne (run_cp_analysis.py:28)
2025-04-10 13:47:33,247 - Scheduler - INFO - Worker completed for repo: https://pypi.org/project/azure-mgmt-quota (run_cp_analysis.py:35)
2025-04-10 13:47:33,256 - Scheduler - INFO - Progress: 138/277 repositories scanned. (base_scheduler.py:106)
2025-04-10 13:47:33,257 - Scheduler - INFO - Starting worker for repo: https://pypi.org/project/beanie (run_cp_analysis.py:28)
2025-04-10 13:47:53,527 - Scheduler - INFO - Worker completed for repo: https://pypi.org/project/beanie (run_cp_analysis.py:35)
2025-04-10 13:47:53,543 - Scheduler - INFO - Progress: 139/277 repositories scanned. (base_scheduler.py:106)
2025-04-10 13:47:53,545 - Scheduler - INFO - Starting worker for repo: https://pypi.org/project/tensorflow-model-optimization (run_cp_analysis.py:28)
2025-04-10 13:48:12,390 - Scheduler - INFO - Worker completed for repo: https://pypi.org/project/spyne (run_cp_analysis.py:35)
2025-04-10 13:48:12,408 - Scheduler - INFO - Progress: 140/277 repositories scanned. (base_scheduler.py:106)
2025-04-10 13:48:12,409 - Scheduler - INFO - Starting worker for repo: https://pypi.org/project/litestar (run_cp_analysis.py:28)
2025-04-10 13:48:13,149 - Scheduler - INFO - Worker completed for repo: https://pypi.org/project/modelscope (run_cp_analysis.py:35)
2025-04-10 13:48:13,167 - Scheduler - INFO - Progress: 141/277 repositories scanned. (base_scheduler.py:106)
2025-04-10 13:48:13,168 - Scheduler - INFO - Starting worker for repo: https://pypi.org/project/robocorp-log (run_cp_analysis.py:28)
2025-04-10 13:48:13,620 - Scheduler - INFO - Worker completed for repo: https://pypi.org/project/tensorflow-model-optimization (run_cp_analysis.py:35)
2025-04-10 13:48:13,638 - Scheduler - INFO - Progress: 142/277 repositories scanned. (base_scheduler.py:106)
2025-04-10 13:48:13,640 - Scheduler - INFO - Starting worker for repo: https://pypi.org/project/cloudinary (run_cp_analysis.py:28)
2025-04-10 13:48:35,768 - Scheduler - INFO - Worker completed for repo: https://pypi.org/project/robocorp-log (run_cp_analysis.py:35)
2025-04-10 13:48:35,779 - Scheduler - INFO - Progress: 143/277 repositories scanned. (base_scheduler.py:106)
2025-04-10 13:48:35,781 - Scheduler - INFO - Starting worker for repo: https://pypi.org/project/pyro-ppl (run_cp_analysis.py:28)
2025-04-10 13:48:43,784 - Scheduler - INFO - Worker completed for repo: https://pypi.org/project/litestar (run_cp_analysis.py:35)
2025-04-10 13:48:43,799 - Scheduler - INFO - Progress: 144/277 repositories scanned. (base_scheduler.py:106)
2025-04-10 13:48:43,801 - Scheduler - INFO - Starting worker for repo: https://pypi.org/project/bigframes (run_cp_analysis.py:28)
2025-04-10 13:48:44,538 - Scheduler - INFO - Worker completed for repo: https://pypi.org/project/cloudinary (run_cp_analysis.py:35)
2025-04-10 13:48:44,549 - Scheduler - INFO - Progress: 145/277 repositories scanned. (base_scheduler.py:106)
2025-04-10 13:48:44,551 - Scheduler - INFO - Starting worker for repo: https://pypi.org/project/azure-eventhub-checkpointstoreblob-aio (run_cp_analysis.py:28)
2025-04-10 13:49:05,339 - Scheduler - INFO - Worker completed for repo: https://pypi.org/project/clearml (run_cp_analysis.py:35)
2025-04-10 13:49:05,349 - Scheduler - INFO - Progress: 146/277 repositories scanned. (base_scheduler.py:106)
2025-04-10 13:49:05,350 - Scheduler - INFO - Starting worker for repo: https://pypi.org/project/azure-ai-contentsafety (run_cp_analysis.py:28)
2025-04-10 13:49:10,165 - Scheduler - INFO - Worker completed for repo: https://pypi.org/project/pyro-ppl (run_cp_analysis.py:35)
2025-04-10 13:49:10,174 - Scheduler - INFO - Progress: 147/277 repositories scanned. (base_scheduler.py:106)
2025-04-10 13:49:10,175 - Scheduler - INFO - Starting worker for repo: https://pypi.org/project/captum (run_cp_analysis.py:28)
2025-04-10 13:49:20,770 - Scheduler - INFO - Worker completed for repo: https://pypi.org/project/azure-eventhub-checkpointstoreblob-aio (run_cp_analysis.py:35)
2025-04-10 13:49:20,790 - Scheduler - INFO - Progress: 148/277 repositories scanned. (base_scheduler.py:106)
2025-04-10 13:49:20,791 - Scheduler - INFO - Starting worker for repo: https://pypi.org/project/comet-ml (run_cp_analysis.py:28)
2025-04-10 13:49:26,280 - Scheduler - INFO - Worker completed for repo: https://pypi.org/project/azure-ai-contentsafety (run_cp_analysis.py:35)
2025-04-10 13:49:26,295 - Scheduler - INFO - Progress: 149/277 repositories scanned. (base_scheduler.py:106)
2025-04-10 13:49:26,297 - Scheduler - INFO - Starting worker for repo: https://pypi.org/project/nncf (run_cp_analysis.py:28)
2025-04-10 13:49:32,367 - Scheduler - INFO - Worker completed for repo: https://pypi.org/project/captum (run_cp_analysis.py:35)
2025-04-10 13:49:32,387 - Scheduler - INFO - Progress: 150/277 repositories scanned. (base_scheduler.py:106)
2025-04-10 13:49:32,389 - Scheduler - INFO - Starting worker for repo: https://pypi.org/project/azure-ai-textanalytics (run_cp_analysis.py:28)
2025-04-10 13:49:33,770 - Scheduler - INFO - Worker completed for repo: https://pypi.org/project/bigframes (run_cp_analysis.py:35)
2025-04-10 13:49:33,791 - Scheduler - INFO - Progress: 151/277 repositories scanned. (base_scheduler.py:106)
2025-04-10 13:49:33,793 - Scheduler - INFO - Starting worker for repo: https://pypi.org/project/onnxsim (run_cp_analysis.py:28)
2025-04-10 13:50:00,049 - Scheduler - INFO - Worker completed for repo: https://pypi.org/project/azure-ai-textanalytics (run_cp_analysis.py:35)
2025-04-10 13:50:00,069 - Scheduler - INFO - Progress: 152/277 repositories scanned. (base_scheduler.py:106)
2025-04-10 13:50:00,070 - Scheduler - INFO - Starting worker for repo: https://pypi.org/project/azure-mgmt-costmanagement (run_cp_analysis.py:28)
2025-04-10 13:50:00,760 - Scheduler - INFO - Worker completed for repo: https://pypi.org/project/comet-ml (run_cp_analysis.py:35)
2025-04-10 13:50:00,774 - Scheduler - INFO - Progress: 153/277 repositories scanned. (base_scheduler.py:106)
2025-04-10 13:50:00,775 - Scheduler - INFO - Starting worker for repo: https://pypi.org/project/netapp-ontap (run_cp_analysis.py:28)
2025-04-10 13:50:05,236 - Scheduler - INFO - Worker completed for repo: https://pypi.org/project/azure-cli (run_cp_analysis.py:35)
2025-04-10 13:50:05,256 - Scheduler - INFO - Progress: 154/277 repositories scanned. (base_scheduler.py:106)
2025-04-10 13:50:05,258 - Scheduler - INFO - Starting worker for repo: https://pypi.org/project/meta (run_cp_analysis.py:28)
2025-04-10 13:50:21,661 - Scheduler - INFO - Worker completed for repo: https://pypi.org/project/nncf (run_cp_analysis.py:35)
2025-04-10 13:50:21,679 - Scheduler - INFO - Progress: 155/277 repositories scanned. (base_scheduler.py:106)
2025-04-10 13:50:21,681 - Scheduler - INFO - Starting worker for repo: https://pypi.org/project/azure-eventhub-checkpointstoreblob (run_cp_analysis.py:28)
2025-04-10 13:50:26,308 - Scheduler - INFO - Worker completed for repo: https://pypi.org/project/azure-mgmt-costmanagement (run_cp_analysis.py:35)
2025-04-10 13:50:26,317 - Scheduler - INFO - Progress: 156/277 repositories scanned. (base_scheduler.py:106)
2025-04-10 13:50:26,319 - Scheduler - INFO - Starting worker for repo: https://pypi.org/project/ipex-llm (run_cp_analysis.py:28)
2025-04-10 13:50:29,684 - Scheduler - INFO - Worker completed for repo: https://pypi.org/project/meta (run_cp_analysis.py:35)
2025-04-10 13:50:29,722 - Scheduler - INFO - Progress: 157/277 repositories scanned. (base_scheduler.py:106)
2025-04-10 13:50:29,735 - Scheduler - INFO - Starting worker for repo: https://pypi.org/project/diastatic-malt (run_cp_analysis.py:28)
2025-04-10 13:50:37,150 - Scheduler - INFO - Worker completed for repo: https://pypi.org/project/paddlepaddle (run_cp_analysis.py:35)
2025-04-10 13:50:37,169 - Scheduler - INFO - Progress: 158/277 repositories scanned. (base_scheduler.py:106)
2025-04-10 13:50:37,171 - Scheduler - INFO - Starting worker for repo: https://pypi.org/project/mo-dots (run_cp_analysis.py:28)
2025-04-10 13:50:37,454 - Scheduler - INFO - Worker completed for repo: https://pypi.org/project/netapp-ontap (run_cp_analysis.py:35)
2025-04-10 13:50:37,478 - Scheduler - INFO - Progress: 159/277 repositories scanned. (base_scheduler.py:106)
2025-04-10 13:50:37,481 - Scheduler - INFO - Starting worker for repo: https://pypi.org/project/azure-mgmt-databricks (run_cp_analysis.py:28)
2025-04-10 13:50:52,070 - Scheduler - INFO - Worker completed for repo: https://pypi.org/project/onnxsim (run_cp_analysis.py:35)
2025-04-10 13:50:52,081 - Scheduler - INFO - Progress: 160/277 repositories scanned. (base_scheduler.py:106)
2025-04-10 13:50:52,086 - Scheduler - INFO - Starting worker for repo: https://pypi.org/project/azure-messaging-webpubsubservice (run_cp_analysis.py:28)
2025-04-10 13:50:54,638 - Scheduler - INFO - Worker completed for repo: https://pypi.org/project/diastatic-malt (run_cp_analysis.py:35)
2025-04-10 13:50:54,691 - Scheduler - INFO - Progress: 161/277 repositories scanned. (base_scheduler.py:106)
2025-04-10 13:50:54,698 - Scheduler - INFO - Starting worker for repo: https://pypi.org/project/smolagents (run_cp_analysis.py:28)
2025-04-10 13:50:57,782 - Scheduler - INFO - Worker completed for repo: https://pypi.org/project/azure-eventhub-checkpointstoreblob (run_cp_analysis.py:35)
2025-04-10 13:50:57,801 - Scheduler - INFO - Progress: 162/277 repositories scanned. (base_scheduler.py:106)
2025-04-10 13:50:57,802 - Scheduler - INFO - Starting worker for repo: https://pypi.org/project/azure-ai-translation-document (run_cp_analysis.py:28)
2025-04-10 13:50:58,129 - Scheduler - INFO - Worker completed for repo: https://pypi.org/project/mo-dots (run_cp_analysis.py:35)
2025-04-10 13:50:58,147 - Scheduler - INFO - Progress: 163/277 repositories scanned. (base_scheduler.py:106)
2025-04-10 13:50:58,148 - Scheduler - INFO - Starting worker for repo: https://pypi.org/project/pytest-sftpserver (run_cp_analysis.py:28)
2025-04-10 13:51:01,866 - Scheduler - INFO - Worker completed for repo: https://pypi.org/project/azure-mgmt-databricks (run_cp_analysis.py:35)
2025-04-10 13:51:01,876 - Scheduler - INFO - Progress: 164/277 repositories scanned. (base_scheduler.py:106)
2025-04-10 13:51:01,878 - Scheduler - INFO - Starting worker for repo: https://pypi.org/project/azure-ai-language-questionanswering (run_cp_analysis.py:28)
2025-04-10 13:51:17,129 - Scheduler - INFO - Worker completed for repo: https://pypi.org/project/azure-messaging-webpubsubservice (run_cp_analysis.py:35)
2025-04-10 13:51:17,141 - Scheduler - INFO - Progress: 165/277 repositories scanned. (base_scheduler.py:106)
2025-04-10 13:51:17,142 - Scheduler - INFO - Starting worker for repo: https://pypi.org/project/botorch (run_cp_analysis.py:28)
2025-04-10 13:51:18,994 - Scheduler - INFO - Worker completed for repo: https://pypi.org/project/pytest-sftpserver (run_cp_analysis.py:35)
2025-04-10 13:51:19,013 - Scheduler - INFO - Progress: 166/277 repositories scanned. (base_scheduler.py:106)
2025-04-10 13:51:19,015 - Scheduler - INFO - Starting worker for repo: https://pypi.org/project/azure-ai-language-conversations (run_cp_analysis.py:28)
2025-04-10 13:51:24,845 - Scheduler - INFO - Worker completed for repo: https://pypi.org/project/ipex-llm (run_cp_analysis.py:35)
2025-04-10 13:51:24,859 - Scheduler - INFO - Progress: 167/277 repositories scanned. (base_scheduler.py:106)
2025-04-10 13:51:24,862 - Scheduler - INFO - Starting worker for repo: https://pypi.org/project/vispy (run_cp_analysis.py:28)
2025-04-10 13:51:25,365 - Scheduler - INFO - Worker completed for repo: https://pypi.org/project/azure-ai-translation-document (run_cp_analysis.py:35)
2025-04-10 13:51:25,373 - Scheduler - INFO - Progress: 168/277 repositories scanned. (base_scheduler.py:106)
2025-04-10 13:51:25,375 - Scheduler - INFO - Starting worker for repo: https://pypi.org/project/google-gax (run_cp_analysis.py:28)
2025-04-10 13:51:29,704 - Scheduler - INFO - Worker completed for repo: https://pypi.org/project/azure-ai-language-questionanswering (run_cp_analysis.py:35)
2025-04-10 13:51:29,726 - Scheduler - INFO - Progress: 169/277 repositories scanned. (base_scheduler.py:106)
2025-04-10 13:51:29,728 - Scheduler - INFO - Starting worker for repo: https://pypi.org/project/serial (run_cp_analysis.py:28)
2025-04-10 13:51:38,087 - Scheduler - INFO - Worker completed for repo: https://pypi.org/project/smolagents (run_cp_analysis.py:35)
2025-04-10 13:51:38,103 - Scheduler - INFO - Progress: 170/277 repositories scanned. (base_scheduler.py:106)
2025-04-10 13:51:38,104 - Scheduler - INFO - Starting worker for repo: https://pypi.org/project/hera (run_cp_analysis.py:28)
2025-04-10 13:51:47,254 - Scheduler - INFO - Worker completed for repo: https://pypi.org/project/azure-ai-language-conversations (run_cp_analysis.py:35)
2025-04-10 13:51:47,297 - Scheduler - INFO - Progress: 171/277 repositories scanned. (base_scheduler.py:106)
2025-04-10 13:51:47,310 - Scheduler - INFO - Starting worker for repo: https://pypi.org/project/onnxoptimizer (run_cp_analysis.py:28)
2025-04-10 13:51:48,226 - Scheduler - INFO - Worker completed for repo: https://pypi.org/project/google-gax (run_cp_analysis.py:35)
2025-04-10 13:51:48,244 - Scheduler - INFO - Progress: 172/277 repositories scanned. (base_scheduler.py:106)
2025-04-10 13:51:48,246 - Scheduler - INFO - Starting worker for repo: https://pypi.org/project/pyworxcloud (run_cp_analysis.py:28)
2025-04-10 13:51:48,660 - Scheduler - INFO - Worker completed for repo: https://pypi.org/project/botorch (run_cp_analysis.py:35)
2025-04-10 13:51:48,677 - Scheduler - INFO - Progress: 173/277 repositories scanned. (base_scheduler.py:106)
2025-04-10 13:51:48,679 - Scheduler - INFO - Starting worker for repo: https://pypi.org/project/starlette-admin (run_cp_analysis.py:28)
2025-04-10 13:51:48,782 - Scheduler - INFO - Worker completed for repo: https://pypi.org/project/tf-keras-nightly (run_cp_analysis.py:35)
2025-04-10 13:51:48,800 - Scheduler - INFO - Progress: 174/277 repositories scanned. (base_scheduler.py:106)
2025-04-10 13:51:48,802 - Scheduler - INFO - Starting worker for repo: https://pypi.org/project/qcodes (run_cp_analysis.py:28)
2025-04-10 13:51:56,281 - Scheduler - INFO - Worker completed for repo: https://pypi.org/project/serial (run_cp_analysis.py:35)
2025-04-10 13:51:56,299 - Scheduler - INFO - Progress: 175/277 repositories scanned. (base_scheduler.py:106)
2025-04-10 13:51:56,301 - Scheduler - INFO - Starting worker for repo: https://pypi.org/project/stringparser (run_cp_analysis.py:28)
2025-04-10 13:52:06,212 - Scheduler - INFO - Worker completed for repo: https://pypi.org/project/hera (run_cp_analysis.py:35)
2025-04-10 13:52:06,245 - Scheduler - INFO - Progress: 176/277 repositories scanned. (base_scheduler.py:106)
2025-04-10 13:52:06,252 - Scheduler - INFO - Starting worker for repo: https://pypi.org/project/azure-ai-projects (run_cp_analysis.py:28)
2025-04-10 13:52:12,899 - Scheduler - INFO - Worker completed for repo: https://pypi.org/project/pyworxcloud (run_cp_analysis.py:35)
2025-04-10 13:52:12,919 - Scheduler - INFO - Progress: 177/277 repositories scanned. (base_scheduler.py:106)
2025-04-10 13:52:12,922 - Scheduler - INFO - Starting worker for repo: https://pypi.org/project/deepdiff6 (run_cp_analysis.py:28)
2025-04-10 13:52:14,731 - Scheduler - INFO - Worker completed for repo: https://pypi.org/project/starlette-admin (run_cp_analysis.py:35)
2025-04-10 13:52:14,743 - Scheduler - INFO - Progress: 178/277 repositories scanned. (base_scheduler.py:106)
2025-04-10 13:52:14,745 - Scheduler - INFO - Starting worker for repo: https://pypi.org/project/pyodps (run_cp_analysis.py:28)
2025-04-10 13:52:16,985 - Scheduler - INFO - Worker completed for repo: https://pypi.org/project/vispy (run_cp_analysis.py:35)
2025-04-10 13:52:17,004 - Scheduler - INFO - Progress: 179/277 repositories scanned. (base_scheduler.py:106)
2025-04-10 13:52:17,005 - Scheduler - INFO - Starting worker for repo: https://pypi.org/project/crosshair-tool (run_cp_analysis.py:28)
2025-04-10 13:52:18,322 - Scheduler - INFO - Worker completed for repo: https://pypi.org/project/stringparser (run_cp_analysis.py:35)
2025-04-10 13:52:18,366 - Scheduler - INFO - Progress: 180/277 repositories scanned. (base_scheduler.py:106)
2025-04-10 13:52:18,374 - Scheduler - INFO - Starting worker for repo: https://pypi.org/project/fairseq (run_cp_analysis.py:28)
2025-04-10 13:52:42,428 - Scheduler - INFO - Worker completed for repo: https://pypi.org/project/qcodes (run_cp_analysis.py:35)
2025-04-10 13:52:42,438 - Scheduler - INFO - Progress: 181/277 repositories scanned. (base_scheduler.py:106)
2025-04-10 13:52:42,440 - Scheduler - INFO - Starting worker for repo: https://pypi.org/project/zope (run_cp_analysis.py:28)
2025-04-10 13:52:43,395 - Scheduler - INFO - Worker completed for repo: https://pypi.org/project/deepdiff6 (run_cp_analysis.py:35)
2025-04-10 13:52:43,408 - Scheduler - INFO - Progress: 182/277 repositories scanned. (base_scheduler.py:106)
2025-04-10 13:52:43,409 - Scheduler - INFO - Starting worker for repo: https://pypi.org/project/azure-ai-translation-text (run_cp_analysis.py:28)
2025-04-10 13:52:45,469 - Scheduler - INFO - Worker completed for repo: https://pypi.org/project/azure-ai-projects (run_cp_analysis.py:35)
2025-04-10 13:52:45,511 - Scheduler - INFO - Progress: 183/277 repositories scanned. (base_scheduler.py:106)
2025-04-10 13:52:45,524 - Scheduler - INFO - Starting worker for repo: https://pypi.org/project/weave (run_cp_analysis.py:28)
2025-04-10 13:52:58,589 - Scheduler - INFO - Worker completed for repo: https://pypi.org/project/onnxoptimizer (run_cp_analysis.py:35)
2025-04-10 13:52:58,602 - Scheduler - INFO - Progress: 184/277 repositories scanned. (base_scheduler.py:106)
2025-04-10 13:52:58,604 - Scheduler - INFO - Starting worker for repo: https://pypi.org/project/ai-edge-torch-nightly (run_cp_analysis.py:28)
2025-04-10 13:53:07,944 - Scheduler - INFO - Worker completed for repo: https://pypi.org/project/azure-ai-translation-text (run_cp_analysis.py:35)
2025-04-10 13:53:07,952 - Scheduler - INFO - Progress: 185/277 repositories scanned. (base_scheduler.py:106)
2025-04-10 13:53:07,953 - Scheduler - INFO - Starting worker for repo: https://pypi.org/project/django-auth-adfs (run_cp_analysis.py:28)
2025-04-10 13:53:19,605 - Scheduler - INFO - Worker completed for repo: https://pypi.org/project/zope (run_cp_analysis.py:35)
2025-04-10 13:53:19,620 - Scheduler - INFO - Progress: 186/277 repositories scanned. (base_scheduler.py:106)
2025-04-10 13:53:19,621 - Scheduler - INFO - Starting worker for repo: https://pypi.org/project/azure-mgmt-kubernetesconfiguration (run_cp_analysis.py:28)
2025-04-10 13:53:20,990 - Scheduler - INFO - Worker completed for repo: https://pypi.org/project/azure-ai-ml (run_cp_analysis.py:35)
2025-04-10 13:53:21,001 - Scheduler - INFO - Progress: 187/277 repositories scanned. (base_scheduler.py:106)
2025-04-10 13:53:21,002 - Scheduler - INFO - Starting worker for repo: https://pypi.org/project/testslide (run_cp_analysis.py:28)
2025-04-10 13:53:22,835 - Scheduler - INFO - Worker completed for repo: https://pypi.org/project/weave (run_cp_analysis.py:35)
2025-04-10 13:53:22,854 - Scheduler - INFO - Progress: 188/277 repositories scanned. (base_scheduler.py:106)
2025-04-10 13:53:22,855 - Scheduler - INFO - Starting worker for repo: https://pypi.org/project/lumigo-tracer (run_cp_analysis.py:28)
2025-04-10 13:53:23,379 - Scheduler - INFO - Worker completed for repo: https://pypi.org/project/ai-edge-torch-nightly (run_cp_analysis.py:35)
2025-04-10 13:53:23,397 - Scheduler - INFO - Progress: 189/277 repositories scanned. (base_scheduler.py:106)
2025-04-10 13:53:23,398 - Scheduler - INFO - Starting worker for repo: https://pypi.org/project/river (run_cp_analysis.py:28)
2025-04-10 13:53:23,712 - Scheduler - INFO - Worker completed for repo: https://pypi.org/project/pyodps (run_cp_analysis.py:35)
2025-04-10 13:53:23,727 - Scheduler - INFO - Progress: 190/277 repositories scanned. (base_scheduler.py:106)
2025-04-10 13:53:23,728 - Scheduler - INFO - Starting worker for repo: https://pypi.org/project/opentelemetry-instrumentation-sklearn (run_cp_analysis.py:28)
2025-04-10 13:53:24,897 - Scheduler - INFO - Worker completed for repo: https://pypi.org/project/django-auth-adfs (run_cp_analysis.py:35)
2025-04-10 13:53:24,909 - Scheduler - INFO - Progress: 191/277 repositories scanned. (base_scheduler.py:106)
2025-04-10 13:53:24,914 - Scheduler - INFO - Starting worker for repo: https://pypi.org/project/edsnlp (run_cp_analysis.py:28)
2025-04-10 13:53:45,442 - Scheduler - INFO - Worker completed for repo: https://pypi.org/project/opentelemetry-instrumentation-sklearn (run_cp_analysis.py:35)
2025-04-10 13:53:45,461 - Scheduler - INFO - Progress: 192/277 repositories scanned. (base_scheduler.py:106)
2025-04-10 13:53:45,462 - Scheduler - INFO - Starting worker for repo: https://pypi.org/project/azure-mgmt-frontdoor (run_cp_analysis.py:28)
2025-04-10 13:53:47,539 - Scheduler - INFO - Worker completed for repo: https://pypi.org/project/testslide (run_cp_analysis.py:35)
2025-04-10 13:53:47,555 - Scheduler - INFO - Progress: 193/277 repositories scanned. (base_scheduler.py:106)
2025-04-10 13:53:47,557 - Scheduler - INFO - Starting worker for repo: https://pypi.org/project/mm (run_cp_analysis.py:28)
2025-04-10 13:53:49,227 - Scheduler - INFO - Worker completed for repo: https://pypi.org/project/lumigo-tracer (run_cp_analysis.py:35)
2025-04-10 13:53:49,246 - Scheduler - INFO - Progress: 194/277 repositories scanned. (base_scheduler.py:106)
2025-04-10 13:53:49,248 - Scheduler - INFO - Starting worker for repo: https://pypi.org/project/azure-ai-evaluation (run_cp_analysis.py:28)
2025-04-10 13:53:56,442 - Scheduler - INFO - Worker completed for repo: https://pypi.org/project/azure-mgmt-kubernetesconfiguration (run_cp_analysis.py:35)
2025-04-10 13:53:56,454 - Scheduler - INFO - Progress: 195/277 repositories scanned. (base_scheduler.py:106)
2025-04-10 13:53:56,457 - Scheduler - INFO - Starting worker for repo: https://pypi.org/project/paddlepaddle-gpu (run_cp_analysis.py:28)
2025-04-10 13:54:00,552 - Scheduler - INFO - Worker completed for repo: https://pypi.org/project/river (run_cp_analysis.py:35)
2025-04-10 13:54:00,576 - Scheduler - INFO - Progress: 196/277 repositories scanned. (base_scheduler.py:106)
2025-04-10 13:54:00,578 - Scheduler - INFO - Starting worker for repo: https://pypi.org/project/azure-ai-vision-imageanalysis (run_cp_analysis.py:28)
2025-04-10 13:54:03,703 - Scheduler - INFO - Worker completed for repo: https://pypi.org/project/edsnlp (run_cp_analysis.py:35)
2025-04-10 13:54:03,719 - Scheduler - INFO - Progress: 197/277 repositories scanned. (base_scheduler.py:106)
2025-04-10 13:54:03,721 - Scheduler - INFO - Starting worker for repo: https://pypi.org/project/pydo (run_cp_analysis.py:28)
2025-04-10 13:54:08,950 - Scheduler - INFO - Worker completed for repo: https://pypi.org/project/azure-mgmt-frontdoor (run_cp_analysis.py:35)
2025-04-10 13:54:08,963 - Scheduler - INFO - Progress: 198/277 repositories scanned. (base_scheduler.py:106)
2025-04-10 13:54:08,965 - Scheduler - INFO - Starting worker for repo: https://pypi.org/project/pykka (run_cp_analysis.py:28)
2025-04-10 13:54:16,518 - Scheduler - INFO - Worker completed for repo: https://pypi.org/project/mm (run_cp_analysis.py:35)
2025-04-10 13:54:16,538 - Scheduler - INFO - Progress: 199/277 repositories scanned. (base_scheduler.py:106)
2025-04-10 13:54:16,539 - Scheduler - INFO - Starting worker for repo: https://pypi.org/project/wandb-workspaces (run_cp_analysis.py:28)
2025-04-10 13:54:20,976 - Scheduler - INFO - Worker completed for repo: https://pypi.org/project/azure-ai-evaluation (run_cp_analysis.py:35)
2025-04-10 13:54:20,990 - Scheduler - INFO - Progress: 200/277 repositories scanned. (base_scheduler.py:106)
2025-04-10 13:54:20,992 - Scheduler - INFO - Starting worker for repo: https://pypi.org/project/zhinst-toolkit (run_cp_analysis.py:28)
2025-04-10 13:54:24,450 - Scheduler - INFO - Worker completed for repo: https://pypi.org/project/azure-ai-vision-imageanalysis (run_cp_analysis.py:35)
2025-04-10 13:54:24,467 - Scheduler - INFO - Progress: 201/277 repositories scanned. (base_scheduler.py:106)
2025-04-10 13:54:24,472 - Scheduler - INFO - Starting worker for repo: https://pypi.org/project/relstorage (run_cp_analysis.py:28)
2025-04-10 13:54:29,591 - Scheduler - INFO - Worker completed for repo: https://pypi.org/project/pykka (run_cp_analysis.py:35)
2025-04-10 13:54:29,612 - Scheduler - INFO - Progress: 202/277 repositories scanned. (base_scheduler.py:106)
2025-04-10 13:54:29,614 - Scheduler - INFO - Starting worker for repo: https://pypi.org/project/lark-oapi (run_cp_analysis.py:28)
2025-04-10 13:54:35,473 - Scheduler - INFO - Worker completed for repo: https://pypi.org/project/fairseq (run_cp_analysis.py:35)
2025-04-10 13:54:35,494 - Scheduler - INFO - Progress: 203/277 repositories scanned. (base_scheduler.py:106)
2025-04-10 13:54:35,495 - Scheduler - INFO - Starting worker for repo: https://pypi.org/project/alchemyjsonschema (run_cp_analysis.py:28)
2025-04-10 13:54:41,002 - Scheduler - INFO - Worker completed for repo: https://pypi.org/project/wandb-workspaces (run_cp_analysis.py:35)
2025-04-10 13:54:41,015 - Scheduler - INFO - Progress: 204/277 repositories scanned. (base_scheduler.py:106)
2025-04-10 13:54:41,019 - Scheduler - INFO - Starting worker for repo: https://pypi.org/project/appdynamics (run_cp_analysis.py:28)
2025-04-10 13:54:56,018 - Scheduler - INFO - Worker completed for repo: https://pypi.org/project/zhinst-toolkit (run_cp_analysis.py:35)
2025-04-10 13:54:56,055 - Scheduler - INFO - Progress: 205/277 repositories scanned. (base_scheduler.py:106)
2025-04-10 13:54:56,060 - Scheduler - INFO - Starting worker for repo: https://pypi.org/project/appdynamics-bindeps-linux-x64 (run_cp_analysis.py:28)
2025-04-10 13:54:59,372 - Scheduler - INFO - Worker completed for repo: https://pypi.org/project/alchemyjsonschema (run_cp_analysis.py:35)
2025-04-10 13:54:59,382 - Scheduler - INFO - Progress: 206/277 repositories scanned. (base_scheduler.py:106)
2025-04-10 13:54:59,383 - Scheduler - INFO - Starting worker for repo: https://pypi.org/project/py3rosmsgs (run_cp_analysis.py:28)
2025-04-10 13:55:09,707 - Scheduler - INFO - Worker completed for repo: https://pypi.org/project/pydo (run_cp_analysis.py:35)
2025-04-10 13:55:09,722 - Scheduler - INFO - Progress: 207/277 repositories scanned. (base_scheduler.py:106)
2025-04-10 13:55:09,724 - Scheduler - INFO - Starting worker for repo: https://pypi.org/project/flexmock (run_cp_analysis.py:28)
2025-04-10 13:55:10,687 - Scheduler - INFO - Worker completed for repo: https://pypi.org/project/appdynamics (run_cp_analysis.py:35)
2025-04-10 13:55:10,701 - Scheduler - INFO - Progress: 208/277 repositories scanned. (base_scheduler.py:106)
2025-04-10 13:55:10,702 - Scheduler - INFO - Starting worker for repo: https://pypi.org/project/ansys-fluent-core (run_cp_analysis.py:28)
2025-04-10 13:55:11,935 - Scheduler - INFO - Worker completed for repo: https://pypi.org/project/relstorage (run_cp_analysis.py:35)
2025-04-10 13:55:11,952 - Scheduler - INFO - Progress: 209/277 repositories scanned. (base_scheduler.py:106)
2025-04-10 13:55:11,953 - Scheduler - INFO - Starting worker for repo: https://pypi.org/project/neural-compressor (run_cp_analysis.py:28)
2025-04-10 13:55:43,202 - Scheduler - INFO - Worker completed for repo: https://pypi.org/project/flexmock (run_cp_analysis.py:35)
2025-04-10 13:55:43,221 - Scheduler - INFO - Progress: 210/277 repositories scanned. (base_scheduler.py:106)
2025-04-10 13:55:43,227 - Scheduler - INFO - Starting worker for repo: https://pypi.org/project/opcua (run_cp_analysis.py:28)
2025-04-10 13:55:49,410 - Scheduler - INFO - Worker completed for repo: https://pypi.org/project/appdynamics-bindeps-linux-x64 (run_cp_analysis.py:35)
2025-04-10 13:55:49,430 - Scheduler - INFO - Progress: 211/277 repositories scanned. (base_scheduler.py:106)
2025-04-10 13:55:49,431 - Scheduler - INFO - Starting worker for repo: https://pypi.org/project/cloudstorage (run_cp_analysis.py:28)
2025-04-10 13:56:05,835 - Scheduler - INFO - Worker completed for repo: https://pypi.org/project/cloudstorage (run_cp_analysis.py:35)
2025-04-10 13:56:05,844 - Scheduler - INFO - Progress: 212/277 repositories scanned. (base_scheduler.py:106)
2025-04-10 13:56:05,845 - Scheduler - INFO - Starting worker for repo: https://pypi.org/project/later (run_cp_analysis.py:28)
2025-04-10 13:56:16,508 - Scheduler - INFO - Worker completed for repo: https://pypi.org/project/crosshair-tool (run_cp_analysis.py:35)
2025-04-10 13:56:16,525 - Scheduler - INFO - Progress: 213/277 repositories scanned. (base_scheduler.py:106)
2025-04-10 13:56:16,526 - Scheduler - INFO - Starting worker for repo: https://pypi.org/project/pyatv (run_cp_analysis.py:28)
2025-04-10 13:56:24,982 - Scheduler - INFO - Worker completed for repo: https://pypi.org/project/later (run_cp_analysis.py:35)
2025-04-10 13:56:25,003 - Scheduler - INFO - Progress: 214/277 repositories scanned. (base_scheduler.py:106)
2025-04-10 13:56:25,004 - Scheduler - INFO - Starting worker for repo: https://pypi.org/project/ormar (run_cp_analysis.py:28)
2025-04-10 13:56:28,893 - Scheduler - INFO - Worker completed for repo: https://pypi.org/project/py3rosmsgs (run_cp_analysis.py:35)
2025-04-10 13:56:28,915 - Scheduler - INFO - Progress: 215/277 repositories scanned. (base_scheduler.py:106)
2025-04-10 13:56:28,918 - Scheduler - INFO - Starting worker for repo: https://pypi.org/project/coqpit-config (run_cp_analysis.py:28)
2025-04-10 13:56:42,790 - Scheduler - INFO - Worker completed for repo: https://pypi.org/project/pyatv (run_cp_analysis.py:35)
2025-04-10 13:56:42,803 - Scheduler - INFO - Progress: 216/277 repositories scanned. (base_scheduler.py:106)
2025-04-10 13:56:42,804 - Scheduler - INFO - Starting worker for repo: https://pypi.org/project/hera-workflows (run_cp_analysis.py:28)
2025-04-10 13:56:46,094 - Scheduler - INFO - Worker completed for repo: https://pypi.org/project/coqpit-config (run_cp_analysis.py:35)
2025-04-10 13:56:46,111 - Scheduler - INFO - Progress: 217/277 repositories scanned. (base_scheduler.py:106)
2025-04-10 13:56:46,112 - Scheduler - INFO - Starting worker for repo: https://pypi.org/project/bunnet (run_cp_analysis.py:28)
2025-04-10 13:56:47,377 - Scheduler - INFO - Worker completed for repo: https://pypi.org/project/ormar (run_cp_analysis.py:35)
2025-04-10 13:56:47,396 - Scheduler - INFO - Progress: 218/277 repositories scanned. (base_scheduler.py:106)
2025-04-10 13:56:47,397 - Scheduler - INFO - Starting worker for repo: https://pypi.org/project/ostorlab (run_cp_analysis.py:28)
2025-04-10 13:57:04,279 - Scheduler - INFO - Worker completed for repo: https://pypi.org/project/hera-workflows (run_cp_analysis.py:35)
2025-04-10 13:57:04,294 - Scheduler - INFO - Progress: 219/277 repositories scanned. (base_scheduler.py:106)
2025-04-10 13:57:04,296 - Scheduler - INFO - Starting worker for repo: https://pypi.org/project/wfuzz (run_cp_analysis.py:28)
2025-04-10 13:57:08,132 - Scheduler - INFO - Worker completed for repo: https://pypi.org/project/bunnet (run_cp_analysis.py:35)
2025-04-10 13:57:08,142 - Scheduler - INFO - Progress: 220/277 repositories scanned. (base_scheduler.py:106)
2025-04-10 13:57:08,143 - Scheduler - INFO - Starting worker for repo: https://pypi.org/project/genie-libs-sdk (run_cp_analysis.py:28)
2025-04-10 13:57:10,662 - Scheduler - INFO - Worker completed for repo: https://pypi.org/project/ostorlab (run_cp_analysis.py:35)
2025-04-10 13:57:10,671 - Scheduler - INFO - Progress: 221/277 repositories scanned. (base_scheduler.py:106)
2025-04-10 13:57:10,672 - Scheduler - INFO - Starting worker for repo: https://pypi.org/project/docplex (run_cp_analysis.py:28)
2025-04-10 13:57:30,960 - Scheduler - INFO - Worker completed for repo: https://pypi.org/project/wfuzz (run_cp_analysis.py:35)
2025-04-10 13:57:30,984 - Scheduler - INFO - Progress: 222/277 repositories scanned. (base_scheduler.py:106)
2025-04-10 13:57:30,986 - Scheduler - INFO - Starting worker for repo: https://pypi.org/project/pontos (run_cp_analysis.py:28)
2025-04-10 13:57:41,576 - Scheduler - INFO - Worker completed for repo: https://pypi.org/project/paddlepaddle-gpu (run_cp_analysis.py:35)
2025-04-10 13:57:41,602 - Scheduler - INFO - Progress: 223/277 repositories scanned. (base_scheduler.py:106)
2025-04-10 13:57:41,605 - Scheduler - INFO - Starting worker for repo: https://pypi.org/project/opentmi-client (run_cp_analysis.py:28)
2025-04-10 13:57:53,706 - Scheduler - INFO - Worker completed for repo: https://pypi.org/project/pontos (run_cp_analysis.py:35)
2025-04-10 13:57:53,725 - Scheduler - INFO - Progress: 224/277 repositories scanned. (base_scheduler.py:106)
2025-04-10 13:57:53,727 - Scheduler - INFO - Starting worker for repo: https://pypi.org/project/aigpy (run_cp_analysis.py:28)
2025-04-10 13:57:59,671 - Scheduler - INFO - Worker completed for repo: https://pypi.org/project/opentmi-client (run_cp_analysis.py:35)
2025-04-10 13:57:59,690 - Scheduler - INFO - Progress: 225/277 repositories scanned. (base_scheduler.py:106)
2025-04-10 13:57:59,692 - Scheduler - INFO - Starting worker for repo: https://pypi.org/project/ifcopenshell (run_cp_analysis.py:28)
2025-04-10 13:58:06,409 - Scheduler - INFO - Worker completed for repo: https://pypi.org/project/neural-compressor (run_cp_analysis.py:35)
2025-04-10 13:58:06,434 - Scheduler - INFO - Progress: 226/277 repositories scanned. (base_scheduler.py:106)
2025-04-10 13:58:06,443 - Scheduler - INFO - Starting worker for repo: https://pypi.org/project/openmined-psi (run_cp_analysis.py:28)
2025-04-10 13:58:08,215 - Scheduler - INFO - Worker completed for repo: https://pypi.org/project/docplex (run_cp_analysis.py:35)
2025-04-10 13:58:08,224 - Scheduler - INFO - Progress: 227/277 repositories scanned. (base_scheduler.py:106)
2025-04-10 13:58:08,226 - Scheduler - INFO - Starting worker for repo: https://pypi.org/project/fintech (run_cp_analysis.py:28)
2025-04-10 13:58:13,734 - Scheduler - INFO - Worker completed for repo: https://pypi.org/project/aigpy (run_cp_analysis.py:35)
2025-04-10 13:58:13,744 - Scheduler - INFO - Progress: 228/277 repositories scanned. (base_scheduler.py:106)
2025-04-10 13:58:13,745 - Scheduler - INFO - Starting worker for repo: https://pypi.org/project/intel-extension-for-pytorch (run_cp_analysis.py:28)
2025-04-10 13:58:21,775 - Scheduler - INFO - Worker completed for repo: https://pypi.org/project/ansys-fluent-core (run_cp_analysis.py:35)
2025-04-10 13:58:21,795 - Scheduler - INFO - Progress: 229/277 repositories scanned. (base_scheduler.py:106)
2025-04-10 13:58:21,797 - Scheduler - INFO - Starting worker for repo: https://pypi.org/project/piccolo (run_cp_analysis.py:28)
2025-04-10 13:58:28,248 - Scheduler - INFO - Worker completed for repo: https://pypi.org/project/fintech (run_cp_analysis.py:35)
2025-04-10 13:58:28,257 - Scheduler - INFO - Progress: 230/277 repositories scanned. (base_scheduler.py:106)
2025-04-10 13:58:28,257 - Scheduler - INFO - Starting worker for repo: https://pypi.org/project/azure-mgmt-maintenance (run_cp_analysis.py:28)
2025-04-10 13:58:31,842 - Scheduler - INFO - Worker completed for repo: https://pypi.org/project/genie-libs-sdk (run_cp_analysis.py:35)
2025-04-10 13:58:31,852 - Scheduler - INFO - Progress: 231/277 repositories scanned. (base_scheduler.py:106)
2025-04-10 13:58:31,854 - Scheduler - INFO - Starting worker for repo: https://pypi.org/project/torchrl-nightly (run_cp_analysis.py:28)
2025-04-10 13:58:42,035 - Scheduler - INFO - Worker completed for repo: https://pypi.org/project/openmined-psi (run_cp_analysis.py:35)
2025-04-10 13:58:42,054 - Scheduler - INFO - Progress: 232/277 repositories scanned. (base_scheduler.py:106)
2025-04-10 13:58:42,056 - Scheduler - INFO - Starting worker for repo: https://pypi.org/project/ms-swift (run_cp_analysis.py:28)
2025-04-10 13:58:53,465 - Scheduler - INFO - Worker completed for repo: https://pypi.org/project/lark-oapi (run_cp_analysis.py:35)
2025-04-10 13:58:53,484 - Scheduler - INFO - Progress: 233/277 repositories scanned. (base_scheduler.py:106)
2025-04-10 13:58:53,485 - Scheduler - INFO - Starting worker for repo: https://pypi.org/project/capellambse (run_cp_analysis.py:28)
2025-04-10 13:58:53,518 - Scheduler - INFO - Worker completed for repo: https://pypi.org/project/piccolo (run_cp_analysis.py:35)
2025-04-10 13:58:53,528 - Scheduler - INFO - Progress: 234/277 repositories scanned. (base_scheduler.py:106)
2025-04-10 13:58:53,529 - Scheduler - INFO - Starting worker for repo: https://pypi.org/project/azure-communication-identity (run_cp_analysis.py:28)
2025-04-10 13:58:53,836 - Scheduler - INFO - Worker completed for repo: https://pypi.org/project/azure-mgmt-maintenance (run_cp_analysis.py:35)
2025-04-10 13:58:53,845 - Scheduler - INFO - Progress: 235/277 repositories scanned. (base_scheduler.py:106)
2025-04-10 13:58:53,846 - Scheduler - INFO - Starting worker for repo: https://pypi.org/project/dektools (run_cp_analysis.py:28)
2025-04-10 13:59:01,029 - Scheduler - INFO - Worker completed for repo: https://pypi.org/project/intel-extension-for-pytorch (run_cp_analysis.py:35)
2025-04-10 13:59:01,048 - Scheduler - INFO - Progress: 236/277 repositories scanned. (base_scheduler.py:106)
2025-04-10 13:59:01,050 - Scheduler - INFO - Starting worker for repo: https://pypi.org/project/fastnlp (run_cp_analysis.py:28)
2025-04-10 13:59:17,740 - Scheduler - INFO - Worker completed for repo: https://pypi.org/project/torchrl-nightly (run_cp_analysis.py:35)
2025-04-10 13:59:17,761 - Scheduler - INFO - Progress: 237/277 repositories scanned. (base_scheduler.py:106)
2025-04-10 13:59:17,763 - Scheduler - INFO - Starting worker for repo: https://pypi.org/project/supyr-struct (run_cp_analysis.py:28)
2025-04-10 13:59:18,134 - Scheduler - INFO - Worker completed for repo: https://pypi.org/project/azure-communication-identity (run_cp_analysis.py:35)
2025-04-10 13:59:18,151 - Scheduler - INFO - Progress: 238/277 repositories scanned. (base_scheduler.py:106)
2025-04-10 13:59:18,152 - Scheduler - INFO - Starting worker for repo: https://pypi.org/project/contrast-agent (run_cp_analysis.py:28)
2025-04-10 13:59:19,955 - Scheduler - INFO - Worker completed for repo: https://pypi.org/project/dektools (run_cp_analysis.py:35)
2025-04-10 13:59:20,003 - Scheduler - INFO - Progress: 239/277 repositories scanned. (base_scheduler.py:106)
2025-04-10 13:59:20,015 - Scheduler - INFO - Starting worker for repo: https://pypi.org/project/azure-mgmt-appplatform (run_cp_analysis.py:28)
2025-04-10 13:59:23,906 - Scheduler - INFO - Worker completed for repo: https://pypi.org/project/capellambse (run_cp_analysis.py:35)
2025-04-10 13:59:23,920 - Scheduler - INFO - Progress: 240/277 repositories scanned. (base_scheduler.py:106)
2025-04-10 13:59:23,921 - Scheduler - INFO - Starting worker for repo: https://pypi.org/project/gm (run_cp_analysis.py:28)
2025-04-10 13:59:35,592 - Scheduler - INFO - Worker completed for repo: https://pypi.org/project/ms-swift (run_cp_analysis.py:35)
2025-04-10 13:59:35,605 - Scheduler - INFO - Progress: 241/277 repositories scanned. (base_scheduler.py:106)
2025-04-10 13:59:35,607 - Scheduler - INFO - Starting worker for repo: https://pypi.org/project/javascript (run_cp_analysis.py:28)
2025-04-10 13:59:44,115 - Scheduler - INFO - Worker completed for repo: https://pypi.org/project/fastnlp (run_cp_analysis.py:35)
2025-04-10 13:59:44,134 - Scheduler - INFO - Progress: 242/277 repositories scanned. (base_scheduler.py:106)
2025-04-10 13:59:44,135 - Scheduler - INFO - Starting worker for repo: https://pypi.org/project/autofit (run_cp_analysis.py:28)
2025-04-10 13:59:47,012 - Scheduler - INFO - Worker completed for repo: https://pypi.org/project/supyr-struct (run_cp_analysis.py:35)
2025-04-10 13:59:47,048 - Scheduler - INFO - Progress: 243/277 repositories scanned. (base_scheduler.py:106)
2025-04-10 13:59:47,057 - Scheduler - INFO - Starting worker for repo: https://pypi.org/project/torchrl (run_cp_analysis.py:28)
2025-04-10 13:59:53,554 - Scheduler - INFO - Worker completed for repo: https://pypi.org/project/azure-mgmt-appplatform (run_cp_analysis.py:35)
2025-04-10 13:59:53,565 - Scheduler - INFO - Progress: 244/277 repositories scanned. (base_scheduler.py:106)
2025-04-10 13:59:53,567 - Scheduler - INFO - Starting worker for repo: https://pypi.org/project/brand-yml (run_cp_analysis.py:28)
2025-04-10 13:59:55,097 - Scheduler - INFO - Worker completed for repo: https://pypi.org/project/javascript (run_cp_analysis.py:35)
2025-04-10 13:59:55,107 - Scheduler - INFO - Progress: 245/277 repositories scanned. (base_scheduler.py:106)
2025-04-10 13:59:55,109 - Scheduler - INFO - Starting worker for repo: https://pypi.org/project/lamindb (run_cp_analysis.py:28)
2025-04-10 13:59:55,713 - Scheduler - INFO - Worker completed for repo: https://pypi.org/project/gm (run_cp_analysis.py:35)
2025-04-10 13:59:55,732 - Scheduler - INFO - Progress: 246/277 repositories scanned. (base_scheduler.py:106)
2025-04-10 13:59:55,733 - Scheduler - INFO - Starting worker for repo: https://pypi.org/project/testrepository (run_cp_analysis.py:28)
2025-04-10 14:00:03,909 - Scheduler - INFO - Worker completed for repo: https://pypi.org/project/contrast-agent (run_cp_analysis.py:35)
2025-04-10 14:00:03,935 - Scheduler - INFO - Progress: 247/277 repositories scanned. (base_scheduler.py:106)
2025-04-10 14:00:03,940 - Scheduler - INFO - Starting worker for repo: https://pypi.org/project/linkml-dataops (run_cp_analysis.py:28)
2025-04-10 14:00:15,205 - Scheduler - INFO - Worker completed for repo: https://pypi.org/project/brand-yml (run_cp_analysis.py:35)
2025-04-10 14:00:15,227 - Scheduler - INFO - Progress: 248/277 repositories scanned. (base_scheduler.py:106)
2025-04-10 14:00:15,229 - Scheduler - INFO - Starting worker for repo: https://pypi.org/project/steam (run_cp_analysis.py:28)
2025-04-10 14:00:20,805 - Scheduler - INFO - Worker completed for repo: https://pypi.org/project/autofit (run_cp_analysis.py:35)
2025-04-10 14:00:20,831 - Scheduler - INFO - Progress: 249/277 repositories scanned. (base_scheduler.py:106)
2025-04-10 14:00:20,833 - Scheduler - INFO - Starting worker for repo: https://pypi.org/project/python-irodsclient (run_cp_analysis.py:28)
2025-04-10 14:00:20,835 - Scheduler - INFO - Worker completed for repo: https://pypi.org/project/testrepository (run_cp_analysis.py:35)
2025-04-10 14:00:20,877 - Scheduler - INFO - Progress: 250/277 repositories scanned. (base_scheduler.py:106)
2025-04-10 14:00:20,888 - Scheduler - INFO - Starting worker for repo: https://pypi.org/project/transformer-lens (run_cp_analysis.py:28)
2025-04-10 14:00:26,912 - Scheduler - INFO - Worker completed for repo: https://pypi.org/project/linkml-dataops (run_cp_analysis.py:35)
2025-04-10 14:00:26,920 - Scheduler - INFO - Progress: 251/277 repositories scanned. (base_scheduler.py:106)
2025-04-10 14:00:26,921 - Scheduler - INFO - Starting worker for repo: https://pypi.org/project/optimum-neuron (run_cp_analysis.py:28)
2025-04-10 14:00:33,356 - Scheduler - INFO - Worker completed for repo: https://pypi.org/project/torchrl (run_cp_analysis.py:35)
2025-04-10 14:00:33,369 - Scheduler - INFO - Progress: 252/277 repositories scanned. (base_scheduler.py:106)
2025-04-10 14:00:33,370 - Scheduler - INFO - Starting worker for repo: https://pypi.org/project/ivy (run_cp_analysis.py:28)
2025-04-10 14:00:42,853 - Scheduler - INFO - Worker completed for repo: https://pypi.org/project/lamindb (run_cp_analysis.py:35)
2025-04-10 14:00:42,862 - Scheduler - INFO - Progress: 253/277 repositories scanned. (base_scheduler.py:106)
2025-04-10 14:00:42,863 - Scheduler - INFO - Starting worker for repo: https://pypi.org/project/mmpretrain (run_cp_analysis.py:28)
2025-04-10 14:00:48,868 - Scheduler - INFO - Worker completed for repo: https://pypi.org/project/transformer-lens (run_cp_analysis.py:35)
2025-04-10 14:00:48,880 - Scheduler - INFO - Progress: 254/277 repositories scanned. (base_scheduler.py:106)
2025-04-10 14:00:48,881 - Scheduler - INFO - Starting worker for repo: https://pypi.org/project/azure-communication-phonenumbers (run_cp_analysis.py:28)
2025-04-10 14:00:52,525 - Scheduler - INFO - Worker completed for repo: https://pypi.org/project/python-irodsclient (run_cp_analysis.py:35)
2025-04-10 14:00:52,545 - Scheduler - INFO - Progress: 255/277 repositories scanned. (base_scheduler.py:106)
2025-04-10 14:00:52,546 - Scheduler - INFO - Starting worker for repo: https://pypi.org/project/azure-mgmt-desktopvirtualization (run_cp_analysis.py:28)
2025-04-10 14:01:07,032 - Scheduler - INFO - Worker completed for repo: https://pypi.org/project/optimum-neuron (run_cp_analysis.py:35)
2025-04-10 14:01:07,050 - Scheduler - INFO - Progress: 256/277 repositories scanned. (base_scheduler.py:106)
2025-04-10 14:01:07,052 - Scheduler - INFO - Starting worker for repo: https://pypi.org/project/azureml-rag (run_cp_analysis.py:28)
2025-04-10 14:01:14,288 - Scheduler - INFO - Worker completed for repo: https://pypi.org/project/azure-communication-phonenumbers (run_cp_analysis.py:35)
2025-04-10 14:01:14,306 - Scheduler - INFO - Progress: 257/277 repositories scanned. (base_scheduler.py:106)
2025-04-10 14:01:14,307 - Scheduler - INFO - Starting worker for repo: https://pypi.org/project/azure-quantum (run_cp_analysis.py:28)
2025-04-10 14:01:18,419 - Scheduler - INFO - Worker completed for repo: https://pypi.org/project/azure-mgmt-desktopvirtualization (run_cp_analysis.py:35)
2025-04-10 14:01:18,430 - Scheduler - INFO - Progress: 258/277 repositories scanned. (base_scheduler.py:106)
2025-04-10 14:01:18,431 - Scheduler - INFO - Starting worker for repo: https://pypi.org/project/ophyd-devices (run_cp_analysis.py:28)
2025-04-10 14:01:18,830 - Scheduler - INFO - Worker completed for repo: https://pypi.org/project/mmpretrain (run_cp_analysis.py:35)
2025-04-10 14:01:18,848 - Scheduler - INFO - Progress: 259/277 repositories scanned. (base_scheduler.py:106)
2025-04-10 14:01:18,850 - Scheduler - INFO - Starting worker for repo: https://pypi.org/project/azure-communication-chat (run_cp_analysis.py:28)
2025-04-10 14:01:25,651 - Scheduler - INFO - Worker completed for repo: https://pypi.org/project/steam (run_cp_analysis.py:35)
2025-04-10 14:01:25,669 - Scheduler - INFO - Progress: 260/277 repositories scanned. (base_scheduler.py:106)
2025-04-10 14:01:25,671 - Scheduler - INFO - Starting worker for repo: https://pypi.org/project/azure-maps-search (run_cp_analysis.py:28)
2025-04-10 14:01:38,271 - Scheduler - INFO - Worker completed for repo: https://pypi.org/project/azureml-rag (run_cp_analysis.py:35)
2025-04-10 14:01:38,287 - Scheduler - INFO - Progress: 261/277 repositories scanned. (base_scheduler.py:106)
2025-04-10 14:01:38,289 - Scheduler - INFO - Starting worker for repo: https://pypi.org/project/py-lav (run_cp_analysis.py:28)
2025-04-10 14:01:44,128 - Scheduler - INFO - Worker completed for repo: https://pypi.org/project/azure-communication-chat (run_cp_analysis.py:35)
2025-04-10 14:01:44,148 - Scheduler - INFO - Progress: 262/277 repositories scanned. (base_scheduler.py:106)
2025-04-10 14:01:44,150 - Scheduler - INFO - Starting worker for repo: https://pypi.org/project/python3-protobuf (run_cp_analysis.py:28)
2025-04-10 14:01:45,805 - Scheduler - INFO - Worker completed for repo: https://pypi.org/project/azure-quantum (run_cp_analysis.py:35)
2025-04-10 14:01:45,824 - Scheduler - INFO - Progress: 263/277 repositories scanned. (base_scheduler.py:106)
2025-04-10 14:01:45,825 - Scheduler - INFO - Starting worker for repo: https://pypi.org/project/appdynamics-bindeps-alpine-linux-x64 (run_cp_analysis.py:28)
2025-04-10 14:01:48,029 - Scheduler - INFO - Worker completed for repo: https://pypi.org/project/azure-maps-search (run_cp_analysis.py:35)
2025-04-10 14:01:48,043 - Scheduler - INFO - Progress: 264/277 repositories scanned. (base_scheduler.py:106)
2025-04-10 14:01:48,045 - Scheduler - INFO - Starting worker for repo: https://pypi.org/project/mstrio-py (run_cp_analysis.py:28)
2025-04-10 14:01:54,439 - Scheduler - INFO - Worker completed for repo: https://pypi.org/project/ophyd-devices (run_cp_analysis.py:35)
2025-04-10 14:01:54,455 - Scheduler - INFO - Progress: 265/277 repositories scanned. (base_scheduler.py:106)
2025-04-10 14:01:54,457 - Scheduler - INFO - Starting worker for repo: https://pypi.org/project/open-interpreter (run_cp_analysis.py:28)
2025-04-10 14:02:09,342 - Scheduler - INFO - Worker completed for repo: https://pypi.org/project/python3-protobuf (run_cp_analysis.py:35)
2025-04-10 14:02:09,352 - Scheduler - INFO - Progress: 266/277 repositories scanned. (base_scheduler.py:106)
2025-04-10 14:02:09,354 - Scheduler - INFO - Starting worker for repo: https://pypi.org/project/dagshub (run_cp_analysis.py:28)
2025-04-10 14:02:17,112 - Scheduler - INFO - Worker completed for repo: https://pypi.org/project/opcua (run_cp_analysis.py:35)
2025-04-10 14:02:17,129 - Scheduler - INFO - Progress: 267/277 repositories scanned. (base_scheduler.py:106)
2025-04-10 14:02:17,131 - Scheduler - INFO - Starting worker for repo: https://pypi.org/project/mmpose (run_cp_analysis.py:28)
2025-04-10 14:02:18,750 - Scheduler - INFO - Worker completed for repo: https://pypi.org/project/py-lav (run_cp_analysis.py:35)
2025-04-10 14:02:18,762 - Scheduler - INFO - Progress: 268/277 repositories scanned. (base_scheduler.py:106)
2025-04-10 14:02:18,763 - Scheduler - INFO - Starting worker for repo: https://pypi.org/project/hyperspy (run_cp_analysis.py:28)
2025-04-10 14:02:26,382 - Scheduler - INFO - Worker completed for repo: https://pypi.org/project/appdynamics-bindeps-alpine-linux-x64 (run_cp_analysis.py:35)
2025-04-10 14:02:26,399 - Scheduler - INFO - Progress: 269/277 repositories scanned. (base_scheduler.py:106)
2025-04-10 14:02:26,401 - Scheduler - INFO - Starting worker for repo: https://pypi.org/project/azure-communication-rooms (run_cp_analysis.py:28)
2025-04-10 14:02:34,571 - Scheduler - INFO - Worker completed for repo: https://pypi.org/project/dagshub (run_cp_analysis.py:35)
2025-04-10 14:02:34,595 - Scheduler - INFO - Progress: 270/277 repositories scanned. (base_scheduler.py:106)
2025-04-10 14:02:46,356 - Scheduler - INFO - Worker completed for repo: https://pypi.org/project/azure-communication-rooms (run_cp_analysis.py:35)
2025-04-10 14:02:46,372 - Scheduler - INFO - Progress: 271/277 repositories scanned. (base_scheduler.py:106)
2025-04-10 14:02:48,077 - Scheduler - INFO - Worker completed for repo: https://pypi.org/project/mmpose (run_cp_analysis.py:35)
2025-04-10 14:02:48,084 - Scheduler - INFO - Progress: 272/277 repositories scanned. (base_scheduler.py:106)
2025-04-10 14:02:54,252 - Scheduler - INFO - Worker completed for repo: https://pypi.org/project/mstrio-py (run_cp_analysis.py:35)
2025-04-10 14:02:54,268 - Scheduler - INFO - Progress: 273/277 repositories scanned. (base_scheduler.py:106)
2025-04-10 14:03:01,510 - Scheduler - INFO - Worker completed for repo: https://pypi.org/project/hyperspy (run_cp_analysis.py:35)
2025-04-10 14:03:01,527 - Scheduler - INFO - Progress: 274/277 repositories scanned. (base_scheduler.py:106)
2025-04-10 14:03:02,348 - Scheduler - INFO - Worker completed for repo: https://pypi.org/project/ifcopenshell (run_cp_analysis.py:35)
2025-04-10 14:03:02,357 - Scheduler - INFO - Progress: 275/277 repositories scanned. (base_scheduler.py:106)
2025-04-10 14:03:08,490 - Scheduler - INFO - Worker completed for repo: https://pypi.org/project/ivy (run_cp_analysis.py:35)
2025-04-10 14:03:08,497 - Scheduler - INFO - Progress: 276/277 repositories scanned. (base_scheduler.py:106)
2025-04-10 14:03:22,201 - Scheduler - INFO - Worker completed for repo: https://pypi.org/project/open-interpreter (run_cp_analysis.py:35)
2025-04-10 14:03:22,210 - Scheduler - INFO - Progress: 277/277 repositories scanned. (base_scheduler.py:106)
