2025-05-20 21:21:22,476 - Result - INFO - wrapt - py/class-polliution/set-attr-get-attr: 4 flows detected. (logger.py:40)
2025-05-20 21:21:22,476 - Result - INFO - wrapt - py/class-polliution/shared-class-pollution-functions: 1 flows detected. (logger.py:40)
2025-05-20 21:21:22,476 - Result - INFO - wrapt - py/class-polliution/leaf-class-pollution-functions: 1 flows detected. (logger.py:40)
2025-05-20 21:21:25,101 - Result - INFO - google-api-core - py/class-polliution/set-both-get-both: 4 flows detected. (logger.py:40)
2025-05-20 21:21:25,101 - Result - INFO - google-api-core - py/class-polliution/set-attr-get-both: 1 flows detected. (logger.py:40)
2025-05-20 21:21:25,101 - Result - INFO - google-api-core - py/class-polliution/shared-class-pollution-functions: 1 flows detected. (logger.py:40)
2025-05-20 21:21:25,101 - Result - INFO - google-api-core - py/class-polliution/leaf-class-pollution-functions: 2 flows detected. (logger.py:40)
2025-05-20 21:21:30,394 - Result - INFO - mako - py/class-polliution/set-attr-get-attr: 82 flows detected. (logger.py:40)
2025-05-20 21:21:30,394 - Result - INFO - mako - py/class-polliution/shared-class-pollution-functions: 1 flows detected. (logger.py:40)
2025-05-20 21:21:30,394 - Result - INFO - mako - py/class-polliution/leaf-class-pollution-functions: 14 flows detected. (logger.py:40)
2025-05-20 21:21:32,385 - Result - INFO - protobuf - py/class-polliution/set-attr-get-attr: 8 flows detected. (logger.py:40)
2025-05-20 21:21:32,385 - Result - INFO - protobuf - py/class-polliution/shared-class-pollution-functions: 1 flows detected. (logger.py:40)
2025-05-20 21:21:32,385 - Result - INFO - protobuf - py/class-polliution/leaf-class-pollution-functions: 3 flows detected. (logger.py:40)
2025-05-20 21:21:35,360 - Result - INFO - pytest - py/class-polliution/set-attr-get-attr: 4 flows detected. (logger.py:40)
2025-05-20 21:21:35,360 - Result - INFO - pytest - py/class-polliution/shared-class-pollution-functions: 1 flows detected. (logger.py:40)
2025-05-20 21:21:35,360 - Result - INFO - pytest - py/class-polliution/leaf-class-pollution-functions: 1 flows detected. (logger.py:40)
2025-05-20 21:21:55,200 - Result - INFO - msrest - py/class-polliution/set-attr-get-attr: 11 flows detected. (logger.py:40)
2025-05-20 21:21:55,200 - Result - INFO - msrest - py/class-polliution/shared-class-pollution-functions: 2 flows detected. (logger.py:40)
2025-05-20 21:21:55,200 - Result - INFO - msrest - py/class-polliution/leaf-class-pollution-functions: 6 flows detected. (logger.py:40)
2025-05-20 21:21:55,386 - Result - INFO - azure-storage-blob - py/class-polliution/set-attr-get-attr: 12 flows detected. (logger.py:40)
2025-05-20 21:21:55,386 - Result - INFO - azure-storage-blob - py/class-polliution/shared-class-pollution-functions: 1 flows detected. (logger.py:40)
2025-05-20 21:21:55,386 - Result - INFO - azure-storage-blob - py/class-polliution/leaf-class-pollution-functions: 7 flows detected. (logger.py:40)
2025-05-20 21:22:06,691 - Result - INFO - mock - py/class-polliution/set-item-get-attr: 3 flows detected. (logger.py:40)
2025-05-20 21:22:06,691 - Result - INFO - mock - py/class-polliution/set-attr-get-attr: 2 flows detected. (logger.py:40)
2025-05-20 21:22:06,691 - Result - INFO - mock - py/class-polliution/shared-class-pollution-functions: 1 flows detected. (logger.py:40)
2025-05-20 21:22:06,691 - Result - INFO - mock - py/class-polliution/leaf-class-pollution-functions: 2 flows detected. (logger.py:40)
2025-05-20 21:22:15,171 - Result - INFO - graphql-core - py/class-polliution/set-attr-get-attr: 57 flows detected. (logger.py:40)
2025-05-20 21:22:15,171 - Result - INFO - graphql-core - py/class-polliution/shared-class-pollution-functions: 1 flows detected. (logger.py:40)
2025-05-20 21:22:15,171 - Result - INFO - graphql-core - py/class-polliution/leaf-class-pollution-functions: 18 flows detected. (logger.py:40)
2025-05-20 21:22:19,373 - Result - INFO - astroid - py/class-polliution/set-attr-get-attr: 3 flows detected. (logger.py:40)
2025-05-20 21:22:19,373 - Result - INFO - astroid - py/class-polliution/shared-class-pollution-functions: 1 flows detected. (logger.py:40)
2025-05-20 21:22:19,373 - Result - INFO - astroid - py/class-polliution/leaf-class-pollution-functions: 1 flows detected. (logger.py:40)
2025-05-20 21:22:20,186 - Result - INFO - deepdiff - py/class-polliution/set-both-get-both: 20 flows detected. (logger.py:40)
2025-05-20 21:22:20,186 - Result - INFO - deepdiff - py/class-polliution/shared-class-pollution-functions: 3 flows detected. (logger.py:40)
2025-05-20 21:22:20,186 - Result - INFO - deepdiff - py/class-polliution/leaf-class-pollution-functions: 7 flows detected. (logger.py:40)
2025-05-20 21:22:38,707 - Result - INFO - azure-storage-file-datalake - py/class-polliution/set-attr-get-attr: 11 flows detected. (logger.py:40)
2025-05-20 21:22:38,707 - Result - INFO - azure-storage-file-datalake - py/class-polliution/shared-class-pollution-functions: 1 flows detected. (logger.py:40)
2025-05-20 21:22:38,707 - Result - INFO - azure-storage-file-datalake - py/class-polliution/leaf-class-pollution-functions: 7 flows detected. (logger.py:40)
2025-05-20 21:22:47,126 - Result - INFO - azure-keyvault-secrets - py/class-polliution/set-attr-get-attr: 11 flows detected. (logger.py:40)
2025-05-20 21:22:47,126 - Result - INFO - azure-keyvault-secrets - py/class-polliution/shared-class-pollution-functions: 1 flows detected. (logger.py:40)
2025-05-20 21:22:47,126 - Result - INFO - azure-keyvault-secrets - py/class-polliution/leaf-class-pollution-functions: 7 flows detected. (logger.py:40)
2025-05-20 21:23:15,951 - Result - INFO - jsonpickle - py/class-polliution/set-both-get-both: 25 flows detected. (logger.py:40)
2025-05-20 21:23:33,510 - Result - INFO - datasets - py/class-polliution/set-attr-get-attr: 3 flows detected. (logger.py:40)
2025-05-20 21:23:33,510 - Result - INFO - datasets - py/class-polliution/shared-class-pollution-functions: 1 flows detected. (logger.py:40)
2025-05-20 21:23:33,510 - Result - INFO - datasets - py/class-polliution/leaf-class-pollution-functions: 2 flows detected. (logger.py:40)
2025-05-20 21:23:42,171 - Result - INFO - spacy - py/class-polliution/set-attr-get-attr: 1 flows detected. (logger.py:40)
2025-05-20 21:23:42,171 - Result - INFO - spacy - py/class-polliution/shared-class-pollution-functions: 1 flows detected. (logger.py:40)
2025-05-20 21:23:42,171 - Result - INFO - spacy - py/class-polliution/leaf-class-pollution-functions: 1 flows detected. (logger.py:40)
2025-05-20 21:24:02,358 - Result - INFO - accelerate - py/class-polliution/set-attr-get-attr: 1 flows detected. (logger.py:40)
2025-05-20 21:24:02,358 - Result - INFO - accelerate - py/class-polliution/shared-class-pollution-functions: 1 flows detected. (logger.py:40)
2025-05-20 21:24:02,358 - Result - INFO - accelerate - py/class-polliution/leaf-class-pollution-functions: 1 flows detected. (logger.py:40)
2025-05-20 21:24:19,184 - Result - INFO - azure-storage-queue - py/class-polliution/set-attr-get-attr: 11 flows detected. (logger.py:40)
2025-05-20 21:24:19,184 - Result - INFO - azure-storage-queue - py/class-polliution/shared-class-pollution-functions: 1 flows detected. (logger.py:40)
2025-05-20 21:24:19,184 - Result - INFO - azure-storage-queue - py/class-polliution/leaf-class-pollution-functions: 7 flows detected. (logger.py:40)
2025-05-20 21:24:23,772 - Result - INFO - pytorch-lightning - py/class-polliution/set-attr-get-attr: 4 flows detected. (logger.py:40)
2025-05-20 21:24:23,772 - Result - INFO - pytorch-lightning - py/class-polliution/shared-class-pollution-functions: 1 flows detected. (logger.py:40)
2025-05-20 21:24:23,772 - Result - INFO - pytorch-lightning - py/class-polliution/leaf-class-pollution-functions: 3 flows detected. (logger.py:40)
2025-05-20 21:24:40,764 - Result - INFO - azure-servicebus - py/class-polliution/set-attr-get-attr: 33 flows detected. (logger.py:40)
2025-05-20 21:24:40,764 - Result - INFO - azure-servicebus - py/class-polliution/shared-class-pollution-functions: 1 flows detected. (logger.py:40)
2025-05-20 21:24:40,764 - Result - INFO - azure-servicebus - py/class-polliution/leaf-class-pollution-functions: 13 flows detected. (logger.py:40)
2025-05-20 21:25:00,035 - Result - INFO - passlib - py/class-polliution/set-attr-get-attr: 5 flows detected. (logger.py:40)
2025-05-20 21:25:00,035 - Result - INFO - passlib - py/class-polliution/shared-class-pollution-functions: 1 flows detected. (logger.py:40)
2025-05-20 21:25:00,035 - Result - INFO - passlib - py/class-polliution/leaf-class-pollution-functions: 1 flows detected. (logger.py:40)
2025-05-20 21:25:03,543 - Result - INFO - azure-storage-file-share - py/class-polliution/set-attr-get-attr: 11 flows detected. (logger.py:40)
2025-05-20 21:25:03,543 - Result - INFO - azure-storage-file-share - py/class-polliution/shared-class-pollution-functions: 1 flows detected. (logger.py:40)
2025-05-20 21:25:03,543 - Result - INFO - azure-storage-file-share - py/class-polliution/leaf-class-pollution-functions: 7 flows detected. (logger.py:40)
2025-05-20 21:25:29,028 - Result - INFO - azure-mgmt-storage - py/class-polliution/set-attr-get-attr: 11 flows detected. (logger.py:40)
2025-05-20 21:25:29,028 - Result - INFO - azure-mgmt-storage - py/class-polliution/shared-class-pollution-functions: 1 flows detected. (logger.py:40)
2025-05-20 21:25:29,028 - Result - INFO - azure-mgmt-storage - py/class-polliution/leaf-class-pollution-functions: 7 flows detected. (logger.py:40)
2025-05-20 21:25:30,503 - Result - INFO - azure-keyvault-keys - py/class-polliution/set-attr-get-attr: 11 flows detected. (logger.py:40)
2025-05-20 21:25:30,503 - Result - INFO - azure-keyvault-keys - py/class-polliution/shared-class-pollution-functions: 1 flows detected. (logger.py:40)
2025-05-20 21:25:30,503 - Result - INFO - azure-keyvault-keys - py/class-polliution/leaf-class-pollution-functions: 7 flows detected. (logger.py:40)
2025-05-20 21:25:48,622 - Result - INFO - magicattr - py/class-polliution/set-both-get-both: 6 flows detected. (logger.py:40)
2025-05-20 21:25:48,622 - Result - INFO - magicattr - py/class-polliution/shared-class-pollution-functions: 1 flows detected. (logger.py:40)
2025-05-20 21:25:48,622 - Result - INFO - magicattr - py/class-polliution/leaf-class-pollution-functions: 1 flows detected. (logger.py:40)
2025-05-20 21:25:52,826 - Result - INFO - protobuf3-to-dict - py/class-polliution/set-attr-get-attr: 3 flows detected. (logger.py:40)
2025-05-20 21:25:52,826 - Result - INFO - protobuf3-to-dict - py/class-polliution/shared-class-pollution-functions: 1 flows detected. (logger.py:40)
2025-05-20 21:25:52,826 - Result - INFO - protobuf3-to-dict - py/class-polliution/leaf-class-pollution-functions: 1 flows detected. (logger.py:40)
2025-05-20 21:25:58,883 - Result - INFO - wandb - py/class-polliution/set-both-get-both: 37 flows detected. (logger.py:40)
2025-05-20 21:25:58,883 - Result - INFO - wandb - py/class-polliution/set-attr-get-attr: 2 flows detected. (logger.py:40)
2025-05-20 21:25:58,883 - Result - INFO - wandb - py/class-polliution/shared-class-pollution-functions: 7 flows detected. (logger.py:40)
2025-05-20 21:25:58,883 - Result - INFO - wandb - py/class-polliution/leaf-class-pollution-functions: 30 flows detected. (logger.py:40)
2025-05-20 21:26:17,633 - Result - INFO - azure-keyvault-certificates - py/class-polliution/set-attr-get-attr: 11 flows detected. (logger.py:40)
2025-05-20 21:26:17,633 - Result - INFO - azure-keyvault-certificates - py/class-polliution/shared-class-pollution-functions: 1 flows detected. (logger.py:40)
2025-05-20 21:26:17,633 - Result - INFO - azure-keyvault-certificates - py/class-polliution/leaf-class-pollution-functions: 7 flows detected. (logger.py:40)
2025-05-20 21:26:37,451 - Result - INFO - timm - py/class-polliution/set-attr-get-attr: 1 flows detected. (logger.py:40)
2025-05-20 21:26:37,451 - Result - INFO - timm - py/class-polliution/shared-class-pollution-functions: 1 flows detected. (logger.py:40)
2025-05-20 21:26:37,451 - Result - INFO - timm - py/class-polliution/leaf-class-pollution-functions: 1 flows detected. (logger.py:40)
2025-05-20 21:26:52,813 - Result - INFO - pydash - py/class-polliution/set-both-get-both: 23 flows detected. (logger.py:40)
2025-05-20 21:26:52,813 - Result - INFO - pydash - py/class-polliution/shared-class-pollution-functions: 2 flows detected. (logger.py:40)
2025-05-20 21:26:52,813 - Result - INFO - pydash - py/class-polliution/leaf-class-pollution-functions: 2 flows detected. (logger.py:40)
2025-05-20 21:27:05,109 - Result - INFO - azure-mgmt-datafactory - py/class-polliution/set-attr-get-attr: 11 flows detected. (logger.py:40)
2025-05-20 21:27:05,109 - Result - INFO - azure-mgmt-datafactory - py/class-polliution/shared-class-pollution-functions: 1 flows detected. (logger.py:40)
2025-05-20 21:27:05,109 - Result - INFO - azure-mgmt-datafactory - py/class-polliution/leaf-class-pollution-functions: 7 flows detected. (logger.py:40)
2025-05-20 21:27:32,108 - Result - INFO - azure-data-tables - py/class-polliution/set-attr-get-attr: 11 flows detected. (logger.py:40)
2025-05-20 21:27:32,108 - Result - INFO - azure-data-tables - py/class-polliution/shared-class-pollution-functions: 1 flows detected. (logger.py:40)
2025-05-20 21:27:32,108 - Result - INFO - azure-data-tables - py/class-polliution/leaf-class-pollution-functions: 7 flows detected. (logger.py:40)
2025-05-20 21:27:37,822 - Result - INFO - azure-mgmt-cosmosdb - py/class-polliution/set-attr-get-attr: 11 flows detected. (logger.py:40)
2025-05-20 21:27:37,822 - Result - INFO - azure-mgmt-cosmosdb - py/class-polliution/shared-class-pollution-functions: 1 flows detected. (logger.py:40)
2025-05-20 21:27:37,822 - Result - INFO - azure-mgmt-cosmosdb - py/class-polliution/leaf-class-pollution-functions: 7 flows detected. (logger.py:40)
2025-05-20 21:27:59,825 - Result - INFO - glom - py/class-polliution/set-both-get-both: 20 flows detected. (logger.py:40)
2025-05-20 21:27:59,825 - Result - INFO - glom - py/class-polliution/shared-class-pollution-functions: 1 flows detected. (logger.py:40)
2025-05-20 21:27:59,825 - Result - INFO - glom - py/class-polliution/leaf-class-pollution-functions: 6 flows detected. (logger.py:40)
2025-05-20 21:28:02,315 - Result - INFO - azure-mgmt-containerinstance - py/class-polliution/set-attr-get-attr: 11 flows detected. (logger.py:40)
2025-05-20 21:28:02,315 - Result - INFO - azure-mgmt-containerinstance - py/class-polliution/shared-class-pollution-functions: 1 flows detected. (logger.py:40)
2025-05-20 21:28:02,315 - Result - INFO - azure-mgmt-containerinstance - py/class-polliution/leaf-class-pollution-functions: 7 flows detected. (logger.py:40)
2025-05-20 21:28:32,306 - Result - INFO - azure-mgmt-keyvault - py/class-polliution/set-attr-get-attr: 11 flows detected. (logger.py:40)
2025-05-20 21:28:32,306 - Result - INFO - azure-mgmt-keyvault - py/class-polliution/shared-class-pollution-functions: 1 flows detected. (logger.py:40)
2025-05-20 21:28:32,306 - Result - INFO - azure-mgmt-keyvault - py/class-polliution/leaf-class-pollution-functions: 7 flows detected. (logger.py:40)
2025-05-20 21:28:58,262 - Result - INFO - google-generativeai - py/class-polliution/set-attr-get-attr: 5 flows detected. (logger.py:40)
2025-05-20 21:28:58,262 - Result - INFO - google-generativeai - py/class-polliution/shared-class-pollution-functions: 5 flows detected. (logger.py:40)
2025-05-20 21:28:58,262 - Result - INFO - google-generativeai - py/class-polliution/leaf-class-pollution-functions: 5 flows detected. (logger.py:40)
2025-05-20 21:29:07,552 - Result - INFO - azure-mgmt-authorization - py/class-polliution/set-attr-get-attr: 11 flows detected. (logger.py:40)
2025-05-20 21:29:07,552 - Result - INFO - azure-mgmt-authorization - py/class-polliution/shared-class-pollution-functions: 1 flows detected. (logger.py:40)
2025-05-20 21:29:07,552 - Result - INFO - azure-mgmt-authorization - py/class-polliution/leaf-class-pollution-functions: 7 flows detected. (logger.py:40)
2025-05-20 21:29:12,176 - Result - INFO - azure-mgmt-containerregistry - py/class-polliution/set-attr-get-attr: 132 flows detected. (logger.py:40)
2025-05-20 21:29:12,176 - Result - INFO - azure-mgmt-containerregistry - py/class-polliution/shared-class-pollution-functions: 12 flows detected. (logger.py:40)
2025-05-20 21:29:12,176 - Result - INFO - azure-mgmt-containerregistry - py/class-polliution/leaf-class-pollution-functions: 84 flows detected. (logger.py:40)
2025-05-20 21:29:33,396 - Result - INFO - azure-monitor-opentelemetry-exporter - py/class-polliution/set-attr-get-attr: 11 flows detected. (logger.py:40)
2025-05-20 21:29:33,396 - Result - INFO - azure-monitor-opentelemetry-exporter - py/class-polliution/shared-class-pollution-functions: 1 flows detected. (logger.py:40)
2025-05-20 21:29:33,396 - Result - INFO - azure-monitor-opentelemetry-exporter - py/class-polliution/leaf-class-pollution-functions: 7 flows detected. (logger.py:40)
2025-05-20 21:30:12,471 - Result - INFO - azure-mgmt-containerservice - py/class-polliution/set-attr-get-attr: 77 flows detected. (logger.py:40)
2025-05-20 21:30:12,471 - Result - INFO - azure-mgmt-containerservice - py/class-polliution/shared-class-pollution-functions: 7 flows detected. (logger.py:40)
2025-05-20 21:30:12,471 - Result - INFO - azure-mgmt-containerservice - py/class-polliution/leaf-class-pollution-functions: 49 flows detected. (logger.py:40)
2025-05-20 21:30:45,344 - Result - INFO - azure-mgmt-monitor - py/class-polliution/set-attr-get-attr: 11 flows detected. (logger.py:40)
2025-05-20 21:30:45,344 - Result - INFO - azure-mgmt-monitor - py/class-polliution/shared-class-pollution-functions: 1 flows detected. (logger.py:40)
2025-05-20 21:30:45,344 - Result - INFO - azure-mgmt-monitor - py/class-polliution/leaf-class-pollution-functions: 7 flows detected. (logger.py:40)
2025-05-20 21:32:00,252 - Result - INFO - azure-mgmt-network - py/class-polliution/set-attr-get-attr: 11 flows detected. (logger.py:40)
2025-05-20 21:32:00,252 - Result - INFO - azure-mgmt-network - py/class-polliution/shared-class-pollution-functions: 1 flows detected. (logger.py:40)
2025-05-20 21:32:00,252 - Result - INFO - azure-mgmt-network - py/class-polliution/leaf-class-pollution-functions: 7 flows detected. (logger.py:40)
2025-05-20 21:32:04,885 - Result - INFO - acryl-datahub - py/class-polliution/set-both-get-both: 4 flows detected. (logger.py:40)
2025-05-20 21:32:04,885 - Result - INFO - acryl-datahub - py/class-polliution/shared-class-pollution-functions: 1 flows detected. (logger.py:40)
2025-05-20 21:32:04,885 - Result - INFO - acryl-datahub - py/class-polliution/leaf-class-pollution-functions: 1 flows detected. (logger.py:40)
2025-05-20 21:32:26,239 - Result - INFO - azure-mgmt-redis - py/class-polliution/set-attr-get-attr: 11 flows detected. (logger.py:40)
2025-05-20 21:32:26,239 - Result - INFO - azure-mgmt-redis - py/class-polliution/shared-class-pollution-functions: 1 flows detected. (logger.py:40)
2025-05-20 21:32:26,239 - Result - INFO - azure-mgmt-redis - py/class-polliution/leaf-class-pollution-functions: 7 flows detected. (logger.py:40)
2025-05-20 21:32:30,889 - Result - INFO - azure-appconfiguration - py/class-polliution/set-attr-get-attr: 11 flows detected. (logger.py:40)
2025-05-20 21:32:30,889 - Result - INFO - azure-appconfiguration - py/class-polliution/shared-class-pollution-functions: 1 flows detected. (logger.py:40)
2025-05-20 21:32:30,889 - Result - INFO - azure-appconfiguration - py/class-polliution/leaf-class-pollution-functions: 7 flows detected. (logger.py:40)
2025-05-20 21:32:54,716 - Result - INFO - azure-mgmt-dns - py/class-polliution/set-attr-get-attr: 11 flows detected. (logger.py:40)
2025-05-20 21:32:54,716 - Result - INFO - azure-mgmt-dns - py/class-polliution/shared-class-pollution-functions: 1 flows detected. (logger.py:40)
2025-05-20 21:32:54,716 - Result - INFO - azure-mgmt-dns - py/class-polliution/leaf-class-pollution-functions: 7 flows detected. (logger.py:40)
2025-05-20 21:33:04,668 - Result - INFO - azure-mgmt-servicebus - py/class-polliution/set-attr-get-attr: 11 flows detected. (logger.py:40)
2025-05-20 21:33:04,668 - Result - INFO - azure-mgmt-servicebus - py/class-polliution/shared-class-pollution-functions: 1 flows detected. (logger.py:40)
2025-05-20 21:33:04,668 - Result - INFO - azure-mgmt-servicebus - py/class-polliution/leaf-class-pollution-functions: 7 flows detected. (logger.py:40)
2025-05-20 21:33:20,466 - Result - INFO - azure-mgmt-msi - py/class-polliution/set-attr-get-attr: 11 flows detected. (logger.py:40)
2025-05-20 21:33:20,466 - Result - INFO - azure-mgmt-msi - py/class-polliution/shared-class-pollution-functions: 1 flows detected. (logger.py:40)
2025-05-20 21:33:20,466 - Result - INFO - azure-mgmt-msi - py/class-polliution/leaf-class-pollution-functions: 7 flows detected. (logger.py:40)
2025-05-20 21:33:56,118 - Result - INFO - azure-mgmt-cdn - py/class-polliution/set-attr-get-attr: 11 flows detected. (logger.py:40)
2025-05-20 21:33:56,118 - Result - INFO - azure-mgmt-cdn - py/class-polliution/shared-class-pollution-functions: 1 flows detected. (logger.py:40)
2025-05-20 21:33:56,118 - Result - INFO - azure-mgmt-cdn - py/class-polliution/leaf-class-pollution-functions: 7 flows detected. (logger.py:40)
2025-05-20 21:34:32,408 - Result - INFO - qdrant-client - py/class-polliution/set-item-get-attr: 1 flows detected. (logger.py:40)
2025-05-20 21:34:32,408 - Result - INFO - qdrant-client - py/class-polliution/set-attr-get-attr: 1 flows detected. (logger.py:40)
2025-05-20 21:34:32,408 - Result - INFO - qdrant-client - py/class-polliution/shared-class-pollution-functions: 1 flows detected. (logger.py:40)
2025-05-20 21:34:32,408 - Result - INFO - qdrant-client - py/class-polliution/leaf-class-pollution-functions: 1 flows detected. (logger.py:40)
2025-05-20 21:34:32,546 - Result - INFO - azure-mgmt-eventhub - py/class-polliution/set-attr-get-attr: 11 flows detected. (logger.py:40)
2025-05-20 21:34:32,546 - Result - INFO - azure-mgmt-eventhub - py/class-polliution/shared-class-pollution-functions: 1 flows detected. (logger.py:40)
2025-05-20 21:34:32,546 - Result - INFO - azure-mgmt-eventhub - py/class-polliution/leaf-class-pollution-functions: 7 flows detected. (logger.py:40)
2025-05-20 21:35:01,312 - Result - INFO - azure-monitor-query - py/class-polliution/set-attr-get-attr: 33 flows detected. (logger.py:40)
2025-05-20 21:35:01,312 - Result - INFO - azure-monitor-query - py/class-polliution/shared-class-pollution-functions: 3 flows detected. (logger.py:40)
2025-05-20 21:35:01,312 - Result - INFO - azure-monitor-query - py/class-polliution/leaf-class-pollution-functions: 21 flows detected. (logger.py:40)
2025-05-20 21:35:03,862 - Result - INFO - azure-mgmt-cognitiveservices - py/class-polliution/set-attr-get-attr: 11 flows detected. (logger.py:40)
2025-05-20 21:35:03,862 - Result - INFO - azure-mgmt-cognitiveservices - py/class-polliution/shared-class-pollution-functions: 1 flows detected. (logger.py:40)
2025-05-20 21:35:03,862 - Result - INFO - azure-mgmt-cognitiveservices - py/class-polliution/leaf-class-pollution-functions: 7 flows detected. (logger.py:40)
2025-05-20 21:35:28,199 - Result - INFO - azure-mgmt-search - py/class-polliution/set-attr-get-attr: 11 flows detected. (logger.py:40)
2025-05-20 21:35:28,199 - Result - INFO - azure-mgmt-search - py/class-polliution/shared-class-pollution-functions: 1 flows detected. (logger.py:40)
2025-05-20 21:35:28,199 - Result - INFO - azure-mgmt-search - py/class-polliution/leaf-class-pollution-functions: 7 flows detected. (logger.py:40)
2025-05-20 21:35:32,075 - Result - INFO - azure-mgmt-batch - py/class-polliution/set-attr-get-attr: 11 flows detected. (logger.py:40)
2025-05-20 21:35:32,075 - Result - INFO - azure-mgmt-batch - py/class-polliution/shared-class-pollution-functions: 1 flows detected. (logger.py:40)
2025-05-20 21:35:32,075 - Result - INFO - azure-mgmt-batch - py/class-polliution/leaf-class-pollution-functions: 7 flows detected. (logger.py:40)
2025-05-20 21:35:53,364 - Result - INFO - azure-mgmt-trafficmanager - py/class-polliution/set-attr-get-attr: 11 flows detected. (logger.py:40)
2025-05-20 21:35:53,364 - Result - INFO - azure-mgmt-trafficmanager - py/class-polliution/shared-class-pollution-functions: 1 flows detected. (logger.py:40)
2025-05-20 21:35:53,364 - Result - INFO - azure-mgmt-trafficmanager - py/class-polliution/leaf-class-pollution-functions: 7 flows detected. (logger.py:40)
2025-05-20 21:36:15,843 - Result - INFO - azure-mgmt-applicationinsights - py/class-polliution/set-attr-get-attr: 11 flows detected. (logger.py:40)
2025-05-20 21:36:15,843 - Result - INFO - azure-mgmt-applicationinsights - py/class-polliution/shared-class-pollution-functions: 1 flows detected. (logger.py:40)
2025-05-20 21:36:15,843 - Result - INFO - azure-mgmt-applicationinsights - py/class-polliution/leaf-class-pollution-functions: 7 flows detected. (logger.py:40)
2025-05-20 21:36:30,787 - Result - INFO - azure-mgmt-iothub - py/class-polliution/set-attr-get-attr: 11 flows detected. (logger.py:40)
2025-05-20 21:36:30,787 - Result - INFO - azure-mgmt-iothub - py/class-polliution/shared-class-pollution-functions: 1 flows detected. (logger.py:40)
2025-05-20 21:36:30,787 - Result - INFO - azure-mgmt-iothub - py/class-polliution/leaf-class-pollution-functions: 7 flows detected. (logger.py:40)
2025-05-20 21:36:56,635 - Result - INFO - azure-mgmt-recoveryservices - py/class-polliution/set-attr-get-attr: 11 flows detected. (logger.py:40)
2025-05-20 21:36:56,636 - Result - INFO - azure-mgmt-recoveryservices - py/class-polliution/shared-class-pollution-functions: 1 flows detected. (logger.py:40)
2025-05-20 21:36:56,636 - Result - INFO - azure-mgmt-recoveryservices - py/class-polliution/leaf-class-pollution-functions: 7 flows detected. (logger.py:40)
2025-05-20 21:36:59,607 - Result - INFO - azure-mgmt-recoveryservicesbackup - py/class-polliution/set-attr-get-attr: 22 flows detected. (logger.py:40)
2025-05-20 21:36:59,607 - Result - INFO - azure-mgmt-recoveryservicesbackup - py/class-polliution/shared-class-pollution-functions: 2 flows detected. (logger.py:40)
2025-05-20 21:36:59,607 - Result - INFO - azure-mgmt-recoveryservicesbackup - py/class-polliution/leaf-class-pollution-functions: 14 flows detected. (logger.py:40)
2025-05-20 21:37:24,959 - Result - INFO - azure-mgmt-servicefabric - py/class-polliution/set-attr-get-attr: 11 flows detected. (logger.py:40)
2025-05-20 21:37:24,959 - Result - INFO - azure-mgmt-servicefabric - py/class-polliution/shared-class-pollution-functions: 1 flows detected. (logger.py:40)
2025-05-20 21:37:24,959 - Result - INFO - azure-mgmt-servicefabric - py/class-polliution/leaf-class-pollution-functions: 7 flows detected. (logger.py:40)
2025-05-20 21:37:36,219 - Result - INFO - azure-mgmt-eventgrid - py/class-polliution/set-attr-get-attr: 11 flows detected. (logger.py:40)
2025-05-20 21:37:36,219 - Result - INFO - azure-mgmt-eventgrid - py/class-polliution/shared-class-pollution-functions: 1 flows detected. (logger.py:40)
2025-05-20 21:37:36,219 - Result - INFO - azure-mgmt-eventgrid - py/class-polliution/leaf-class-pollution-functions: 7 flows detected. (logger.py:40)
2025-05-20 21:38:08,367 - Result - INFO - azure-mgmt-media - py/class-polliution/set-attr-get-attr: 11 flows detected. (logger.py:40)
2025-05-20 21:38:08,367 - Result - INFO - azure-mgmt-media - py/class-polliution/shared-class-pollution-functions: 1 flows detected. (logger.py:40)
2025-05-20 21:38:08,367 - Result - INFO - azure-mgmt-media - py/class-polliution/leaf-class-pollution-functions: 7 flows detected. (logger.py:40)
2025-05-20 21:38:09,123 - Result - INFO - azure-mgmt-billing - py/class-polliution/set-attr-get-attr: 11 flows detected. (logger.py:40)
2025-05-20 21:38:09,124 - Result - INFO - azure-mgmt-billing - py/class-polliution/shared-class-pollution-functions: 1 flows detected. (logger.py:40)
2025-05-20 21:38:09,124 - Result - INFO - azure-mgmt-billing - py/class-polliution/leaf-class-pollution-functions: 7 flows detected. (logger.py:40)
2025-05-20 21:38:35,303 - Result - INFO - azure-mgmt-maps - py/class-polliution/set-attr-get-attr: 11 flows detected. (logger.py:40)
2025-05-20 21:38:35,303 - Result - INFO - azure-mgmt-maps - py/class-polliution/shared-class-pollution-functions: 1 flows detected. (logger.py:40)
2025-05-20 21:38:35,303 - Result - INFO - azure-mgmt-maps - py/class-polliution/leaf-class-pollution-functions: 7 flows detected. (logger.py:40)
2025-05-20 21:38:35,498 - Result - INFO - azure-mgmt-signalr - py/class-polliution/set-attr-get-attr: 11 flows detected. (logger.py:40)
2025-05-20 21:38:35,498 - Result - INFO - azure-mgmt-signalr - py/class-polliution/shared-class-pollution-functions: 1 flows detected. (logger.py:40)
2025-05-20 21:38:35,498 - Result - INFO - azure-mgmt-signalr - py/class-polliution/leaf-class-pollution-functions: 7 flows detected. (logger.py:40)
2025-05-20 21:39:39,392 - Result - INFO - azure-synapse-artifacts - py/class-polliution/set-attr-get-attr: 11 flows detected. (logger.py:40)
2025-05-20 21:39:39,392 - Result - INFO - azure-synapse-artifacts - py/class-polliution/shared-class-pollution-functions: 1 flows detected. (logger.py:40)
2025-05-20 21:39:39,392 - Result - INFO - azure-synapse-artifacts - py/class-polliution/leaf-class-pollution-functions: 7 flows detected. (logger.py:40)
2025-05-20 21:40:01,322 - Result - INFO - pyinstrument - py/class-polliution/set-both-get-both: 3 flows detected. (logger.py:40)
2025-05-20 21:40:01,322 - Result - INFO - pyinstrument - py/class-polliution/shared-class-pollution-functions: 1 flows detected. (logger.py:40)
2025-05-20 21:40:01,322 - Result - INFO - pyinstrument - py/class-polliution/leaf-class-pollution-functions: 1 flows detected. (logger.py:40)
2025-05-20 21:40:36,295 - Result - INFO - lightning - py/class-polliution/set-attr-get-attr: 4 flows detected. (logger.py:40)
2025-05-20 21:40:36,295 - Result - INFO - lightning - py/class-polliution/shared-class-pollution-functions: 1 flows detected. (logger.py:40)
2025-05-20 21:40:36,295 - Result - INFO - lightning - py/class-polliution/leaf-class-pollution-functions: 3 flows detected. (logger.py:40)
2025-05-20 21:40:53,129 - Result - INFO - azure-mgmt-compute - py/class-polliution/set-attr-get-attr: 11 flows detected. (logger.py:40)
2025-05-20 21:40:53,129 - Result - INFO - azure-mgmt-compute - py/class-polliution/shared-class-pollution-functions: 1 flows detected. (logger.py:40)
2025-05-20 21:40:53,129 - Result - INFO - azure-mgmt-compute - py/class-polliution/leaf-class-pollution-functions: 7 flows detected. (logger.py:40)
2025-05-20 21:41:06,064 - Result - INFO - azure-eventgrid - py/class-polliution/set-attr-get-attr: 30 flows detected. (logger.py:40)
2025-05-20 21:41:06,064 - Result - INFO - azure-eventgrid - py/class-polliution/shared-class-pollution-functions: 1 flows detected. (logger.py:40)
2025-05-20 21:41:06,064 - Result - INFO - azure-eventgrid - py/class-polliution/leaf-class-pollution-functions: 16 flows detected. (logger.py:40)
2025-05-20 21:41:20,388 - Result - INFO - azure-mgmt-resource - py/class-polliution/set-attr-get-attr: 143 flows detected. (logger.py:40)
2025-05-20 21:41:20,388 - Result - INFO - azure-mgmt-resource - py/class-polliution/shared-class-pollution-functions: 13 flows detected. (logger.py:40)
2025-05-20 21:41:20,388 - Result - INFO - azure-mgmt-resource - py/class-polliution/leaf-class-pollution-functions: 91 flows detected. (logger.py:40)
2025-05-20 21:41:27,899 - Result - INFO - azure-search-documents - py/class-polliution/set-attr-get-attr: 40 flows detected. (logger.py:40)
2025-05-20 21:41:27,899 - Result - INFO - azure-search-documents - py/class-polliution/shared-class-pollution-functions: 1 flows detected. (logger.py:40)
2025-05-20 21:41:27,899 - Result - INFO - azure-search-documents - py/class-polliution/leaf-class-pollution-functions: 16 flows detected. (logger.py:40)
2025-05-20 21:41:47,521 - Result - INFO - fastcore - py/class-polliution/set-attr-get-both: 1 flows detected. (logger.py:40)
2025-05-20 21:41:47,521 - Result - INFO - fastcore - py/class-polliution/shared-class-pollution-functions: 1 flows detected. (logger.py:40)
2025-05-20 21:41:47,521 - Result - INFO - fastcore - py/class-polliution/leaf-class-pollution-functions: 1 flows detected. (logger.py:40)
2025-05-20 21:41:53,851 - Result - INFO - newrelic - py/class-polliution/set-attr-get-attr: 91 flows detected. (logger.py:40)
2025-05-20 21:41:53,851 - Result - INFO - newrelic - py/class-polliution/shared-class-pollution-functions: 1 flows detected. (logger.py:40)
2025-05-20 21:41:53,851 - Result - INFO - newrelic - py/class-polliution/leaf-class-pollution-functions: 33 flows detected. (logger.py:40)
2025-05-20 21:42:16,112 - Result - INFO - etils - py/class-polliution/set-attr-get-attr: 3 flows detected. (logger.py:40)
2025-05-20 21:42:16,112 - Result - INFO - etils - py/class-polliution/shared-class-pollution-functions: 3 flows detected. (logger.py:40)
2025-05-20 21:42:21,485 - Result - INFO - azure-cli-core - py/class-polliution/set-both-get-both: 5 flows detected. (logger.py:40)
2025-05-20 21:42:21,485 - Result - INFO - azure-cli-core - py/class-polliution/set-attr-get-attr: 1 flows detected. (logger.py:40)
2025-05-20 21:42:21,485 - Result - INFO - azure-cli-core - py/class-polliution/shared-class-pollution-functions: 1 flows detected. (logger.py:40)
2025-05-20 21:42:21,486 - Result - INFO - azure-cli-core - py/class-polliution/leaf-class-pollution-functions: 3 flows detected. (logger.py:40)
2025-05-20 21:42:40,506 - Result - INFO - azure-mgmt-subscription - py/class-polliution/set-attr-get-attr: 11 flows detected. (logger.py:40)
2025-05-20 21:42:40,506 - Result - INFO - azure-mgmt-subscription - py/class-polliution/shared-class-pollution-functions: 1 flows detected. (logger.py:40)
2025-05-20 21:42:40,506 - Result - INFO - azure-mgmt-subscription - py/class-polliution/leaf-class-pollution-functions: 7 flows detected. (logger.py:40)
2025-05-20 21:43:06,160 - Result - INFO - azure-mgmt-reservations - py/class-polliution/set-attr-get-attr: 11 flows detected. (logger.py:40)
2025-05-20 21:43:06,160 - Result - INFO - azure-mgmt-reservations - py/class-polliution/shared-class-pollution-functions: 1 flows detected. (logger.py:40)
2025-05-20 21:43:06,160 - Result - INFO - azure-mgmt-reservations - py/class-polliution/leaf-class-pollution-functions: 7 flows detected. (logger.py:40)
2025-05-20 21:43:14,289 - Result - INFO - conan - py/class-polliution/set-attr-get-attr: 1 flows detected. (logger.py:40)
2025-05-20 21:43:14,289 - Result - INFO - conan - py/class-polliution/shared-class-pollution-functions: 1 flows detected. (logger.py:40)
2025-05-20 21:43:14,289 - Result - INFO - conan - py/class-polliution/leaf-class-pollution-functions: 1 flows detected. (logger.py:40)
2025-05-20 21:44:19,991 - Result - INFO - google-genai - py/class-polliution/set-item-get-both: 1 flows detected. (logger.py:40)
2025-05-20 21:44:19,991 - Result - INFO - google-genai - py/class-polliution/set-item-get-attr: 1 flows detected. (logger.py:40)
2025-05-20 21:44:19,991 - Result - INFO - google-genai - py/class-polliution/shared-class-pollution-functions: 1 flows detected. (logger.py:40)
2025-05-20 21:44:19,991 - Result - INFO - google-genai - py/class-polliution/leaf-class-pollution-functions: 1 flows detected. (logger.py:40)
2025-05-20 21:44:43,566 - Result - INFO - azure-mgmt-privatedns - py/class-polliution/set-attr-get-attr: 11 flows detected. (logger.py:40)
2025-05-20 21:44:43,566 - Result - INFO - azure-mgmt-privatedns - py/class-polliution/shared-class-pollution-functions: 1 flows detected. (logger.py:40)
2025-05-20 21:44:43,566 - Result - INFO - azure-mgmt-privatedns - py/class-polliution/leaf-class-pollution-functions: 7 flows detected. (logger.py:40)
2025-05-20 21:44:47,227 - Result - INFO - azure-mgmt-apimanagement - py/class-polliution/set-attr-get-attr: 11 flows detected. (logger.py:40)
2025-05-20 21:44:47,227 - Result - INFO - azure-mgmt-apimanagement - py/class-polliution/shared-class-pollution-functions: 1 flows detected. (logger.py:40)
2025-05-20 21:44:47,227 - Result - INFO - azure-mgmt-apimanagement - py/class-polliution/leaf-class-pollution-functions: 7 flows detected. (logger.py:40)
2025-05-20 21:46:20,257 - Result - INFO - azure-mgmt-security - py/class-polliution/set-attr-get-attr: 11 flows detected. (logger.py:40)
2025-05-20 21:46:20,257 - Result - INFO - azure-mgmt-security - py/class-polliution/shared-class-pollution-functions: 1 flows detected. (logger.py:40)
2025-05-20 21:46:20,257 - Result - INFO - azure-mgmt-security - py/class-polliution/leaf-class-pollution-functions: 7 flows detected. (logger.py:40)
2025-05-20 21:46:51,832 - Result - INFO - flax - py/class-polliution/set-both-get-both: 1 flows detected. (logger.py:40)
2025-05-20 21:46:51,832 - Result - INFO - flax - py/class-polliution/shared-class-pollution-functions: 1 flows detected. (logger.py:40)
2025-05-20 21:46:51,832 - Result - INFO - flax - py/class-polliution/leaf-class-pollution-functions: 1 flows detected. (logger.py:40)
2025-05-20 21:47:15,821 - Result - INFO - azure-schemaregistry - py/class-polliution/set-attr-get-attr: 11 flows detected. (logger.py:40)
2025-05-20 21:47:15,821 - Result - INFO - azure-schemaregistry - py/class-polliution/shared-class-pollution-functions: 1 flows detected. (logger.py:40)
2025-05-20 21:47:15,821 - Result - INFO - azure-schemaregistry - py/class-polliution/leaf-class-pollution-functions: 7 flows detected. (logger.py:40)
2025-05-20 21:47:43,756 - Result - INFO - azure-ai-documentintelligence - py/class-polliution/set-attr-get-attr: 11 flows detected. (logger.py:40)
2025-05-20 21:47:43,756 - Result - INFO - azure-ai-documentintelligence - py/class-polliution/shared-class-pollution-functions: 1 flows detected. (logger.py:40)
2025-05-20 21:47:43,756 - Result - INFO - azure-ai-documentintelligence - py/class-polliution/leaf-class-pollution-functions: 7 flows detected. (logger.py:40)
2025-05-20 21:48:08,217 - Result - INFO - azure-mgmt-appconfiguration - py/class-polliution/set-attr-get-attr: 11 flows detected. (logger.py:40)
2025-05-20 21:48:08,217 - Result - INFO - azure-mgmt-appconfiguration - py/class-polliution/shared-class-pollution-functions: 1 flows detected. (logger.py:40)
2025-05-20 21:48:08,217 - Result - INFO - azure-mgmt-appconfiguration - py/class-polliution/leaf-class-pollution-functions: 7 flows detected. (logger.py:40)
2025-05-20 21:48:30,617 - Result - INFO - azure-mgmt-powerbiembedded - py/class-polliution/set-attr-get-attr: 11 flows detected. (logger.py:40)
2025-05-20 21:48:30,617 - Result - INFO - azure-mgmt-powerbiembedded - py/class-polliution/shared-class-pollution-functions: 1 flows detected. (logger.py:40)
2025-05-20 21:48:30,617 - Result - INFO - azure-mgmt-powerbiembedded - py/class-polliution/leaf-class-pollution-functions: 7 flows detected. (logger.py:40)
2025-05-20 21:49:04,131 - Result - INFO - azure-mgmt-netapp - py/class-polliution/set-attr-get-attr: 11 flows detected. (logger.py:40)
2025-05-20 21:49:04,131 - Result - INFO - azure-mgmt-netapp - py/class-polliution/shared-class-pollution-functions: 1 flows detected. (logger.py:40)
2025-05-20 21:49:04,131 - Result - INFO - azure-mgmt-netapp - py/class-polliution/leaf-class-pollution-functions: 7 flows detected. (logger.py:40)
2025-05-20 21:50:58,374 - Result - INFO - azure-cli - py/class-polliution/set-attr-get-attr: 13 flows detected. (logger.py:40)
2025-05-20 21:50:58,374 - Result - INFO - azure-cli - py/class-polliution/shared-class-pollution-functions: 1 flows detected. (logger.py:40)
2025-05-20 21:50:58,374 - Result - INFO - azure-cli - py/class-polliution/leaf-class-pollution-functions: 7 flows detected. (logger.py:40)
2025-05-20 21:51:22,208 - Result - INFO - azure-mgmt-redhatopenshift - py/class-polliution/set-attr-get-attr: 11 flows detected. (logger.py:40)
2025-05-20 21:51:22,208 - Result - INFO - azure-mgmt-redhatopenshift - py/class-polliution/shared-class-pollution-functions: 1 flows detected. (logger.py:40)
2025-05-20 21:51:22,208 - Result - INFO - azure-mgmt-redhatopenshift - py/class-polliution/leaf-class-pollution-functions: 7 flows detected. (logger.py:40)
2025-05-20 21:51:32,825 - Result - INFO - tf-keras - py/class-polliution/set-both-get-both: 1 flows detected. (logger.py:40)
2025-05-20 21:51:32,825 - Result - INFO - tf-keras - py/class-polliution/shared-class-pollution-functions: 1 flows detected. (logger.py:40)
2025-05-20 21:51:32,825 - Result - INFO - tf-keras - py/class-polliution/leaf-class-pollution-functions: 1 flows detected. (logger.py:40)
2025-05-20 21:51:47,659 - Result - INFO - azure-mgmt-botservice - py/class-polliution/set-attr-get-attr: 11 flows detected. (logger.py:40)
2025-05-20 21:51:47,659 - Result - INFO - azure-mgmt-botservice - py/class-polliution/shared-class-pollution-functions: 1 flows detected. (logger.py:40)
2025-05-20 21:51:47,659 - Result - INFO - azure-mgmt-botservice - py/class-polliution/leaf-class-pollution-functions: 7 flows detected. (logger.py:40)
2025-05-20 21:52:09,149 - Result - INFO - azure-mgmt-databoxedge - py/class-polliution/set-attr-get-attr: 11 flows detected. (logger.py:40)
2025-05-20 21:52:09,149 - Result - INFO - azure-mgmt-databoxedge - py/class-polliution/shared-class-pollution-functions: 1 flows detected. (logger.py:40)
2025-05-20 21:52:09,149 - Result - INFO - azure-mgmt-databoxedge - py/class-polliution/leaf-class-pollution-functions: 7 flows detected. (logger.py:40)
2025-05-20 21:52:11,207 - Result - INFO - azure-keyvault-administration - py/class-polliution/set-attr-get-attr: 11 flows detected. (logger.py:40)
2025-05-20 21:52:11,207 - Result - INFO - azure-keyvault-administration - py/class-polliution/shared-class-pollution-functions: 1 flows detected. (logger.py:40)
2025-05-20 21:52:11,207 - Result - INFO - azure-keyvault-administration - py/class-polliution/leaf-class-pollution-functions: 7 flows detected. (logger.py:40)
2025-05-20 21:52:11,687 - Result - INFO - azure-mgmt-web - py/class-polliution/set-attr-get-attr: 11 flows detected. (logger.py:40)
2025-05-20 21:52:11,687 - Result - INFO - azure-mgmt-web - py/class-polliution/shared-class-pollution-functions: 1 flows detected. (logger.py:40)
2025-05-20 21:52:11,687 - Result - INFO - azure-mgmt-web - py/class-polliution/leaf-class-pollution-functions: 7 flows detected. (logger.py:40)
2025-05-20 21:52:36,343 - Result - INFO - azure-mgmt-imagebuilder - py/class-polliution/set-attr-get-attr: 11 flows detected. (logger.py:40)
2025-05-20 21:52:36,343 - Result - INFO - azure-mgmt-imagebuilder - py/class-polliution/shared-class-pollution-functions: 1 flows detected. (logger.py:40)
2025-05-20 21:52:36,343 - Result - INFO - azure-mgmt-imagebuilder - py/class-polliution/leaf-class-pollution-functions: 7 flows detected. (logger.py:40)
2025-05-20 21:52:37,337 - Result - INFO - azure-mgmt-extendedlocation - py/class-polliution/set-attr-get-attr: 11 flows detected. (logger.py:40)
2025-05-20 21:52:37,337 - Result - INFO - azure-mgmt-extendedlocation - py/class-polliution/shared-class-pollution-functions: 1 flows detected. (logger.py:40)
2025-05-20 21:52:37,337 - Result - INFO - azure-mgmt-extendedlocation - py/class-polliution/leaf-class-pollution-functions: 7 flows detected. (logger.py:40)
2025-05-20 21:52:42,198 - Result - INFO - azure-mgmt-servicefabricmanagedclusters - py/class-polliution/set-attr-get-attr: 11 flows detected. (logger.py:40)
2025-05-20 21:52:42,198 - Result - INFO - azure-mgmt-servicefabricmanagedclusters - py/class-polliution/shared-class-pollution-functions: 1 flows detected. (logger.py:40)
2025-05-20 21:52:42,198 - Result - INFO - azure-mgmt-servicefabricmanagedclusters - py/class-polliution/leaf-class-pollution-functions: 7 flows detected. (logger.py:40)
2025-05-20 21:53:06,010 - Result - INFO - django-import-export - py/class-polliution/set-attr-get-attr: 1 flows detected. (logger.py:40)
2025-05-20 21:53:06,010 - Result - INFO - django-import-export - py/class-polliution/shared-class-pollution-functions: 1 flows detected. (logger.py:40)
2025-05-20 21:53:06,010 - Result - INFO - django-import-export - py/class-polliution/leaf-class-pollution-functions: 1 flows detected. (logger.py:40)
2025-05-20 21:53:20,271 - Result - INFO - azure-mgmt-appcontainers - py/class-polliution/set-attr-get-attr: 11 flows detected. (logger.py:40)
2025-05-20 21:53:20,271 - Result - INFO - azure-mgmt-appcontainers - py/class-polliution/shared-class-pollution-functions: 1 flows detected. (logger.py:40)
2025-05-20 21:53:20,271 - Result - INFO - azure-mgmt-appcontainers - py/class-polliution/leaf-class-pollution-functions: 7 flows detected. (logger.py:40)
2025-05-20 21:53:47,583 - Result - INFO - diracx-client - py/class-polliution/set-attr-get-attr: 22 flows detected. (logger.py:40)
2025-05-20 21:53:47,583 - Result - INFO - diracx-client - py/class-polliution/shared-class-pollution-functions: 2 flows detected. (logger.py:40)
2025-05-20 21:53:47,583 - Result - INFO - diracx-client - py/class-polliution/leaf-class-pollution-functions: 14 flows detected. (logger.py:40)
2025-05-20 21:54:31,273 - Result - INFO - mediapipe - py/class-polliution/set-attr-get-attr: 2 flows detected. (logger.py:40)
2025-05-20 21:54:31,273 - Result - INFO - mediapipe - py/class-polliution/shared-class-pollution-functions: 1 flows detected. (logger.py:40)
2025-05-20 21:54:31,273 - Result - INFO - mediapipe - py/class-polliution/leaf-class-pollution-functions: 1 flows detected. (logger.py:40)
2025-05-20 21:54:40,933 - Result - INFO - azure-mgmt-hybridcompute - py/class-polliution/set-attr-get-attr: 11 flows detected. (logger.py:40)
2025-05-20 21:54:40,933 - Result - INFO - azure-mgmt-hybridcompute - py/class-polliution/shared-class-pollution-functions: 1 flows detected. (logger.py:40)
2025-05-20 21:54:40,933 - Result - INFO - azure-mgmt-hybridcompute - py/class-polliution/leaf-class-pollution-functions: 7 flows detected. (logger.py:40)
2025-05-20 21:55:06,867 - Result - INFO - azure-mgmt-mysqlflexibleservers - py/class-polliution/set-attr-get-attr: 11 flows detected. (logger.py:40)
2025-05-20 21:55:06,867 - Result - INFO - azure-mgmt-mysqlflexibleservers - py/class-polliution/shared-class-pollution-functions: 1 flows detected. (logger.py:40)
2025-05-20 21:55:06,867 - Result - INFO - azure-mgmt-mysqlflexibleservers - py/class-polliution/leaf-class-pollution-functions: 7 flows detected. (logger.py:40)
2025-05-20 21:55:29,098 - Result - INFO - jsonargparse - py/class-polliution/set-both-get-both: 6 flows detected. (logger.py:40)
2025-05-20 21:55:29,098 - Result - INFO - jsonargparse - py/class-polliution/set-both-get-attr: 2 flows detected. (logger.py:40)
2025-05-20 21:55:29,098 - Result - INFO - jsonargparse - py/class-polliution/shared-class-pollution-functions: 2 flows detected. (logger.py:40)
2025-05-20 21:55:29,098 - Result - INFO - jsonargparse - py/class-polliution/leaf-class-pollution-functions: 2 flows detected. (logger.py:40)
2025-05-20 21:55:34,794 - Result - INFO - azure-mgmt-postgresqlflexibleservers - py/class-polliution/set-attr-get-attr: 11 flows detected. (logger.py:40)
2025-05-20 21:55:34,794 - Result - INFO - azure-mgmt-postgresqlflexibleservers - py/class-polliution/shared-class-pollution-functions: 1 flows detected. (logger.py:40)
2025-05-20 21:55:34,794 - Result - INFO - azure-mgmt-postgresqlflexibleservers - py/class-polliution/leaf-class-pollution-functions: 7 flows detected. (logger.py:40)
2025-05-20 21:55:52,075 - Result - INFO - azureml-core - py/class-polliution/set-both-get-both: 6 flows detected. (logger.py:40)
2025-05-20 21:55:52,075 - Result - INFO - azureml-core - py/class-polliution/set-item-get-attr: 38 flows detected. (logger.py:40)
2025-05-20 21:55:52,075 - Result - INFO - azureml-core - py/class-polliution/set-attr-get-attr: 16 flows detected. (logger.py:40)
2025-05-20 21:55:52,075 - Result - INFO - azureml-core - py/class-polliution/shared-class-pollution-functions: 1 flows detected. (logger.py:40)
2025-05-20 21:55:52,075 - Result - INFO - azureml-core - py/class-polliution/leaf-class-pollution-functions: 26 flows detected. (logger.py:40)
2025-05-20 21:56:04,148 - Result - INFO - xsdata - py/class-polliution/set-attr-get-attr: 1 flows detected. (logger.py:40)
2025-05-20 21:56:04,148 - Result - INFO - xsdata - py/class-polliution/shared-class-pollution-functions: 1 flows detected. (logger.py:40)
2025-05-20 21:56:04,148 - Result - INFO - xsdata - py/class-polliution/leaf-class-pollution-functions: 1 flows detected. (logger.py:40)
2025-05-20 21:56:25,554 - Result - INFO - fixtures - py/class-polliution/set-attr-get-attr: 20 flows detected. (logger.py:40)
2025-05-20 21:56:25,554 - Result - INFO - fixtures - py/class-polliution/shared-class-pollution-functions: 1 flows detected. (logger.py:40)
2025-05-20 21:56:25,554 - Result - INFO - fixtures - py/class-polliution/leaf-class-pollution-functions: 12 flows detected. (logger.py:40)
2025-05-20 21:56:30,414 - Result - INFO - modal - py/class-polliution/set-attr-get-attr: 2 flows detected. (logger.py:40)
2025-05-20 21:56:30,414 - Result - INFO - modal - py/class-polliution/shared-class-pollution-functions: 1 flows detected. (logger.py:40)
2025-05-20 21:56:30,414 - Result - INFO - modal - py/class-polliution/leaf-class-pollution-functions: 1 flows detected. (logger.py:40)
2025-05-20 21:57:36,902 - Result - INFO - gluonts - py/class-polliution/set-attr-get-attr: 1 flows detected. (logger.py:40)
2025-05-20 21:57:36,902 - Result - INFO - gluonts - py/class-polliution/shared-class-pollution-functions: 1 flows detected. (logger.py:40)
2025-05-20 21:57:36,902 - Result - INFO - gluonts - py/class-polliution/leaf-class-pollution-functions: 1 flows detected. (logger.py:40)
2025-05-20 21:58:10,805 - Result - INFO - optimum - py/class-polliution/set-attr-get-attr: 1 flows detected. (logger.py:40)
2025-05-20 21:58:10,805 - Result - INFO - optimum - py/class-polliution/shared-class-pollution-functions: 1 flows detected. (logger.py:40)
2025-05-20 21:58:10,805 - Result - INFO - optimum - py/class-polliution/leaf-class-pollution-functions: 1 flows detected. (logger.py:40)
2025-05-20 21:58:22,408 - Result - INFO - panel - py/class-polliution/set-attr-get-attr: 104 flows detected. (logger.py:40)
2025-05-20 21:58:22,408 - Result - INFO - panel - py/class-polliution/shared-class-pollution-functions: 1 flows detected. (logger.py:40)
2025-05-20 21:58:22,408 - Result - INFO - panel - py/class-polliution/leaf-class-pollution-functions: 94 flows detected. (logger.py:40)
2025-05-20 21:58:36,348 - Result - INFO - simple-parsing - py/class-polliution/set-attr-get-attr: 2 flows detected. (logger.py:40)
2025-05-20 21:58:36,348 - Result - INFO - simple-parsing - py/class-polliution/shared-class-pollution-functions: 2 flows detected. (logger.py:40)
2025-05-20 21:58:36,348 - Result - INFO - simple-parsing - py/class-polliution/leaf-class-pollution-functions: 2 flows detected. (logger.py:40)
2025-05-20 21:58:42,920 - Result - INFO - model-bakery - py/class-polliution/set-attr-get-attr: 3 flows detected. (logger.py:40)
2025-05-20 21:58:42,920 - Result - INFO - model-bakery - py/class-polliution/shared-class-pollution-functions: 1 flows detected. (logger.py:40)
2025-05-20 21:58:42,920 - Result - INFO - model-bakery - py/class-polliution/leaf-class-pollution-functions: 2 flows detected. (logger.py:40)
2025-05-20 21:59:00,568 - Result - INFO - azure-monitor-ingestion - py/class-polliution/set-attr-get-attr: 11 flows detected. (logger.py:40)
2025-05-20 21:59:00,568 - Result - INFO - azure-monitor-ingestion - py/class-polliution/shared-class-pollution-functions: 1 flows detected. (logger.py:40)
2025-05-20 21:59:00,568 - Result - INFO - azure-monitor-ingestion - py/class-polliution/leaf-class-pollution-functions: 7 flows detected. (logger.py:40)
2025-05-20 21:59:08,916 - Result - INFO - ariadne - py/class-polliution/set-attr-get-attr: 3 flows detected. (logger.py:40)
2025-05-20 21:59:08,916 - Result - INFO - ariadne - py/class-polliution/shared-class-pollution-functions: 1 flows detected. (logger.py:40)
2025-05-20 21:59:08,916 - Result - INFO - ariadne - py/class-polliution/leaf-class-pollution-functions: 2 flows detected. (logger.py:40)
2025-05-20 21:59:40,784 - Result - INFO - azure-mgmt-kusto - py/class-polliution/set-attr-get-attr: 11 flows detected. (logger.py:40)
2025-05-20 21:59:40,784 - Result - INFO - azure-mgmt-kusto - py/class-polliution/shared-class-pollution-functions: 1 flows detected. (logger.py:40)
2025-05-20 21:59:40,784 - Result - INFO - azure-mgmt-kusto - py/class-polliution/leaf-class-pollution-functions: 7 flows detected. (logger.py:40)
2025-05-20 21:59:58,111 - Result - INFO - torchao - py/class-polliution/set-attr-get-attr: 1 flows detected. (logger.py:40)
2025-05-20 21:59:58,111 - Result - INFO - torchao - py/class-polliution/shared-class-pollution-functions: 1 flows detected. (logger.py:40)
2025-05-20 21:59:58,111 - Result - INFO - torchao - py/class-polliution/leaf-class-pollution-functions: 1 flows detected. (logger.py:40)
2025-05-20 22:00:11,105 - Result - INFO - azure-multiapi-storage - py/class-polliution/set-attr-get-attr: 45 flows detected. (logger.py:40)
2025-05-20 22:00:11,105 - Result - INFO - azure-multiapi-storage - py/class-polliution/shared-class-pollution-functions: 1 flows detected. (logger.py:40)
2025-05-20 22:00:11,105 - Result - INFO - azure-multiapi-storage - py/class-polliution/leaf-class-pollution-functions: 28 flows detected. (logger.py:40)
2025-05-20 22:00:13,790 - Result - INFO - azure-ai-inference - py/class-polliution/set-attr-get-attr: 11 flows detected. (logger.py:40)
2025-05-20 22:00:13,790 - Result - INFO - azure-ai-inference - py/class-polliution/shared-class-pollution-functions: 1 flows detected. (logger.py:40)
2025-05-20 22:00:13,790 - Result - INFO - azure-ai-inference - py/class-polliution/leaf-class-pollution-functions: 7 flows detected. (logger.py:40)
2025-05-20 22:00:20,021 - Result - INFO - ragas - py/class-polliution/set-attr-get-attr: 5 flows detected. (logger.py:40)
2025-05-20 22:00:20,021 - Result - INFO - ragas - py/class-polliution/shared-class-pollution-functions: 1 flows detected. (logger.py:40)
2025-05-20 22:00:20,021 - Result - INFO - ragas - py/class-polliution/leaf-class-pollution-functions: 1 flows detected. (logger.py:40)
2025-05-20 22:00:37,673 - Result - INFO - azure-communication-email - py/class-polliution/set-attr-get-attr: 11 flows detected. (logger.py:40)
2025-05-20 22:00:37,673 - Result - INFO - azure-communication-email - py/class-polliution/shared-class-pollution-functions: 1 flows detected. (logger.py:40)
2025-05-20 22:00:37,673 - Result - INFO - azure-communication-email - py/class-polliution/leaf-class-pollution-functions: 7 flows detected. (logger.py:40)
2025-05-20 22:00:41,961 - Result - INFO - datarobotx - py/class-polliution/set-attr-get-attr: 4 flows detected. (logger.py:40)
2025-05-20 22:00:41,961 - Result - INFO - datarobotx - py/class-polliution/shared-class-pollution-functions: 4 flows detected. (logger.py:40)
2025-05-20 22:00:41,961 - Result - INFO - datarobotx - py/class-polliution/leaf-class-pollution-functions: 4 flows detected. (logger.py:40)
2025-05-20 22:00:43,611 - Result - INFO - djangorestframework-dataclasses - py/class-polliution/set-attr-get-attr: 1 flows detected. (logger.py:40)
2025-05-20 22:00:43,611 - Result - INFO - djangorestframework-dataclasses - py/class-polliution/shared-class-pollution-functions: 1 flows detected. (logger.py:40)
2025-05-20 22:00:43,611 - Result - INFO - djangorestframework-dataclasses - py/class-polliution/leaf-class-pollution-functions: 1 flows detected. (logger.py:40)
2025-05-20 22:01:07,258 - Result - INFO - azure-containerregistry - py/class-polliution/set-attr-get-attr: 11 flows detected. (logger.py:40)
2025-05-20 22:01:07,258 - Result - INFO - azure-containerregistry - py/class-polliution/shared-class-pollution-functions: 1 flows detected. (logger.py:40)
2025-05-20 22:01:07,258 - Result - INFO - azure-containerregistry - py/class-polliution/leaf-class-pollution-functions: 7 flows detected. (logger.py:40)
2025-05-20 22:01:14,257 - Result - INFO - docarray - py/class-polliution/set-attr-get-attr: 1 flows detected. (logger.py:40)
2025-05-20 22:01:14,257 - Result - INFO - docarray - py/class-polliution/shared-class-pollution-functions: 1 flows detected. (logger.py:40)
2025-05-20 22:01:14,257 - Result - INFO - docarray - py/class-polliution/leaf-class-pollution-functions: 1 flows detected. (logger.py:40)
2025-05-20 22:01:28,367 - Result - INFO - deepspeed - py/class-polliution/set-attr-get-attr: 5 flows detected. (logger.py:40)
2025-05-20 22:01:28,367 - Result - INFO - deepspeed - py/class-polliution/shared-class-pollution-functions: 1 flows detected. (logger.py:40)
2025-05-20 22:01:28,367 - Result - INFO - deepspeed - py/class-polliution/leaf-class-pollution-functions: 3 flows detected. (logger.py:40)
2025-05-20 22:01:53,926 - Result - INFO - ibis-framework - py/class-polliution/set-attr-get-attr: 1 flows detected. (logger.py:40)
2025-05-20 22:01:53,926 - Result - INFO - ibis-framework - py/class-polliution/shared-class-pollution-functions: 1 flows detected. (logger.py:40)
2025-05-20 22:01:53,926 - Result - INFO - ibis-framework - py/class-polliution/leaf-class-pollution-functions: 1 flows detected. (logger.py:40)
2025-05-20 22:02:06,498 - Result - INFO - traits - py/class-polliution/set-attr-get-attr: 1 flows detected. (logger.py:40)
2025-05-20 22:02:06,498 - Result - INFO - traits - py/class-polliution/shared-class-pollution-functions: 1 flows detected. (logger.py:40)
2025-05-20 22:02:06,498 - Result - INFO - traits - py/class-polliution/leaf-class-pollution-functions: 1 flows detected. (logger.py:40)
2025-05-20 22:02:16,064 - Result - INFO - azureml-train-automl-client - py/class-polliution/set-attr-get-both: 1 flows detected. (logger.py:40)
2025-05-20 22:02:16,064 - Result - INFO - azureml-train-automl-client - py/class-polliution/shared-class-pollution-functions: 1 flows detected. (logger.py:40)
2025-05-20 22:02:16,064 - Result - INFO - azureml-train-automl-client - py/class-polliution/leaf-class-pollution-functions: 1 flows detected. (logger.py:40)
2025-05-20 22:02:32,683 - Result - INFO - azure-mgmt-quota - py/class-polliution/set-attr-get-attr: 11 flows detected. (logger.py:40)
2025-05-20 22:02:32,683 - Result - INFO - azure-mgmt-quota - py/class-polliution/shared-class-pollution-functions: 1 flows detected. (logger.py:40)
2025-05-20 22:02:32,683 - Result - INFO - azure-mgmt-quota - py/class-polliution/leaf-class-pollution-functions: 7 flows detected. (logger.py:40)
2025-05-20 22:03:40,712 - Result - INFO - spyne - py/class-polliution/set-item-get-attr: 10 flows detected. (logger.py:40)
2025-05-20 22:03:40,712 - Result - INFO - spyne - py/class-polliution/set-attr-get-attr: 1 flows detected. (logger.py:40)
2025-05-20 22:03:40,712 - Result - INFO - spyne - py/class-polliution/shared-class-pollution-functions: 2 flows detected. (logger.py:40)
2025-05-20 22:03:40,712 - Result - INFO - spyne - py/class-polliution/leaf-class-pollution-functions: 9 flows detected. (logger.py:40)
2025-05-20 22:04:03,407 - Result - INFO - beanie - py/class-polliution/set-both-get-both: 10 flows detected. (logger.py:40)
2025-05-20 22:04:03,407 - Result - INFO - beanie - py/class-polliution/shared-class-pollution-functions: 1 flows detected. (logger.py:40)
2025-05-20 22:04:03,407 - Result - INFO - beanie - py/class-polliution/leaf-class-pollution-functions: 8 flows detected. (logger.py:40)
2025-05-20 22:04:27,998 - Result - INFO - tensorflow-model-optimization - py/class-polliution/set-attr-get-attr: 3 flows detected. (logger.py:40)
2025-05-20 22:04:27,998 - Result - INFO - tensorflow-model-optimization - py/class-polliution/shared-class-pollution-functions: 1 flows detected. (logger.py:40)
2025-05-20 22:04:27,998 - Result - INFO - tensorflow-model-optimization - py/class-polliution/leaf-class-pollution-functions: 2 flows detected. (logger.py:40)
2025-05-20 22:04:45,566 - Result - INFO - clearml - py/class-polliution/set-both-get-both: 25 flows detected. (logger.py:40)
2025-05-20 22:04:45,566 - Result - INFO - clearml - py/class-polliution/set-item-get-both: 2 flows detected. (logger.py:40)
2025-05-20 22:04:45,566 - Result - INFO - clearml - py/class-polliution/set-item-get-attr: 2 flows detected. (logger.py:40)
2025-05-20 22:04:45,566 - Result - INFO - clearml - py/class-polliution/shared-class-pollution-functions: 5 flows detected. (logger.py:40)
2025-05-20 22:04:45,566 - Result - INFO - clearml - py/class-polliution/leaf-class-pollution-functions: 21 flows detected. (logger.py:40)
2025-05-20 22:05:05,720 - Result - INFO - litestar - py/class-polliution/set-item-get-both: 17 flows detected. (logger.py:40)
2025-05-20 22:05:05,720 - Result - INFO - litestar - py/class-polliution/set-item-get-attr: 17 flows detected. (logger.py:40)
2025-05-20 22:05:05,720 - Result - INFO - litestar - py/class-polliution/shared-class-pollution-functions: 2 flows detected. (logger.py:40)
2025-05-20 22:05:05,720 - Result - INFO - litestar - py/class-polliution/leaf-class-pollution-functions: 5 flows detected. (logger.py:40)
2025-05-20 22:05:08,756 - Result - INFO - robocorp-log - py/class-polliution/set-attr-get-attr: 2 flows detected. (logger.py:40)
2025-05-20 22:05:08,756 - Result - INFO - robocorp-log - py/class-polliution/shared-class-pollution-functions: 1 flows detected. (logger.py:40)
2025-05-20 22:05:08,756 - Result - INFO - robocorp-log - py/class-polliution/leaf-class-pollution-functions: 1 flows detected. (logger.py:40)
2025-05-20 22:05:37,277 - Result - INFO - cloudinary - py/class-polliution/set-item-get-attr: 2 flows detected. (logger.py:40)
2025-05-20 22:05:37,277 - Result - INFO - cloudinary - py/class-polliution/shared-class-pollution-functions: 2 flows detected. (logger.py:40)
2025-05-20 22:05:37,277 - Result - INFO - cloudinary - py/class-polliution/leaf-class-pollution-functions: 2 flows detected. (logger.py:40)
2025-05-20 22:05:49,281 - Result - INFO - pyro-ppl - py/class-polliution/set-attr-get-attr: 19 flows detected. (logger.py:40)
2025-05-20 22:05:49,281 - Result - INFO - pyro-ppl - py/class-polliution/shared-class-pollution-functions: 1 flows detected. (logger.py:40)
2025-05-20 22:05:49,281 - Result - INFO - pyro-ppl - py/class-polliution/leaf-class-pollution-functions: 17 flows detected. (logger.py:40)
2025-05-20 22:06:31,955 - Result - INFO - bigframes - py/class-polliution/set-attr-get-attr: 6 flows detected. (logger.py:40)
2025-05-20 22:06:31,955 - Result - INFO - bigframes - py/class-polliution/shared-class-pollution-functions: 6 flows detected. (logger.py:40)
2025-05-20 22:06:31,955 - Result - INFO - bigframes - py/class-polliution/leaf-class-pollution-functions: 6 flows detected. (logger.py:40)
2025-05-20 22:06:33,474 - Result - INFO - azure-eventhub-checkpointstoreblob-aio - py/class-polliution/set-attr-get-attr: 12 flows detected. (logger.py:40)
2025-05-20 22:06:33,474 - Result - INFO - azure-eventhub-checkpointstoreblob-aio - py/class-polliution/shared-class-pollution-functions: 1 flows detected. (logger.py:40)
2025-05-20 22:06:33,474 - Result - INFO - azure-eventhub-checkpointstoreblob-aio - py/class-polliution/leaf-class-pollution-functions: 7 flows detected. (logger.py:40)
2025-05-20 22:06:57,614 - Result - INFO - azure-ai-contentsafety - py/class-polliution/set-attr-get-attr: 11 flows detected. (logger.py:40)
2025-05-20 22:06:57,614 - Result - INFO - azure-ai-contentsafety - py/class-polliution/shared-class-pollution-functions: 1 flows detected. (logger.py:40)
2025-05-20 22:06:57,614 - Result - INFO - azure-ai-contentsafety - py/class-polliution/leaf-class-pollution-functions: 7 flows detected. (logger.py:40)
2025-05-20 22:07:00,982 - Result - INFO - captum - py/class-polliution/set-attr-get-attr: 1 flows detected. (logger.py:40)
2025-05-20 22:07:00,982 - Result - INFO - captum - py/class-polliution/shared-class-pollution-functions: 1 flows detected. (logger.py:40)
2025-05-20 22:07:00,982 - Result - INFO - captum - py/class-polliution/leaf-class-pollution-functions: 1 flows detected. (logger.py:40)
2025-05-20 22:07:45,715 - Result - INFO - comet-ml - py/class-polliution/set-attr-get-attr: 2 flows detected. (logger.py:40)
2025-05-20 22:07:45,715 - Result - INFO - comet-ml - py/class-polliution/shared-class-pollution-functions: 1 flows detected. (logger.py:40)
2025-05-20 22:07:45,715 - Result - INFO - comet-ml - py/class-polliution/leaf-class-pollution-functions: 1 flows detected. (logger.py:40)
2025-05-20 22:08:05,719 - Result - INFO - nncf - py/class-polliution/set-attr-get-attr: 1 flows detected. (logger.py:40)
2025-05-20 22:08:05,719 - Result - INFO - nncf - py/class-polliution/shared-class-pollution-functions: 1 flows detected. (logger.py:40)
2025-05-20 22:08:05,719 - Result - INFO - nncf - py/class-polliution/leaf-class-pollution-functions: 1 flows detected. (logger.py:40)
2025-05-20 22:08:18,226 - Result - INFO - azure-ai-textanalytics - py/class-polliution/set-attr-get-attr: 15 flows detected. (logger.py:40)
2025-05-20 22:08:18,226 - Result - INFO - azure-ai-textanalytics - py/class-polliution/shared-class-pollution-functions: 1 flows detected. (logger.py:40)
2025-05-20 22:08:18,226 - Result - INFO - azure-ai-textanalytics - py/class-polliution/leaf-class-pollution-functions: 11 flows detected. (logger.py:40)
2025-05-20 22:08:46,298 - Result - INFO - azure-mgmt-costmanagement - py/class-polliution/set-attr-get-attr: 11 flows detected. (logger.py:40)
2025-05-20 22:08:46,298 - Result - INFO - azure-mgmt-costmanagement - py/class-polliution/shared-class-pollution-functions: 1 flows detected. (logger.py:40)
2025-05-20 22:08:46,298 - Result - INFO - azure-mgmt-costmanagement - py/class-polliution/leaf-class-pollution-functions: 7 flows detected. (logger.py:40)
2025-05-20 22:09:23,705 - Result - INFO - netapp-ontap - py/class-polliution/set-attr-get-attr: 173 flows detected. (logger.py:40)
2025-05-20 22:09:23,705 - Result - INFO - netapp-ontap - py/class-polliution/shared-class-pollution-functions: 173 flows detected. (logger.py:40)
2025-05-20 22:09:23,705 - Result - INFO - netapp-ontap - py/class-polliution/leaf-class-pollution-functions: 173 flows detected. (logger.py:40)
2025-05-20 22:09:47,529 - Result - INFO - onnxsim - py/class-polliution/set-attr-get-attr: 30 flows detected. (logger.py:40)
2025-05-20 22:09:47,529 - Result - INFO - onnxsim - py/class-polliution/shared-class-pollution-functions: 1 flows detected. (logger.py:40)
2025-05-20 22:09:47,529 - Result - INFO - onnxsim - py/class-polliution/leaf-class-pollution-functions: 10 flows detected. (logger.py:40)
2025-05-20 22:09:51,094 - Result - INFO - meta - py/class-polliution/set-both-get-attr: 53 flows detected. (logger.py:40)
2025-05-20 22:09:51,094 - Result - INFO - meta - py/class-polliution/shared-class-pollution-functions: 1 flows detected. (logger.py:40)
2025-05-20 22:09:51,094 - Result - INFO - meta - py/class-polliution/leaf-class-pollution-functions: 1 flows detected. (logger.py:40)
2025-05-20 22:10:32,044 - Result - INFO - azure-eventhub-checkpointstoreblob - py/class-polliution/set-attr-get-attr: 12 flows detected. (logger.py:40)
2025-05-20 22:10:32,044 - Result - INFO - azure-eventhub-checkpointstoreblob - py/class-polliution/shared-class-pollution-functions: 1 flows detected. (logger.py:40)
2025-05-20 22:10:32,044 - Result - INFO - azure-eventhub-checkpointstoreblob - py/class-polliution/leaf-class-pollution-functions: 7 flows detected. (logger.py:40)
2025-05-20 22:10:49,108 - Result - INFO - modelscope - py/class-polliution/set-attr-get-attr: 1 flows detected. (logger.py:40)
2025-05-20 22:10:49,108 - Result - INFO - modelscope - py/class-polliution/shared-class-pollution-functions: 1 flows detected. (logger.py:40)
2025-05-20 22:10:49,108 - Result - INFO - modelscope - py/class-polliution/leaf-class-pollution-functions: 1 flows detected. (logger.py:40)
2025-05-20 22:10:57,394 - Result - INFO - diastatic-malt - py/class-polliution/set-attr-get-attr: 5 flows detected. (logger.py:40)
2025-05-20 22:10:57,394 - Result - INFO - diastatic-malt - py/class-polliution/shared-class-pollution-functions: 5 flows detected. (logger.py:40)
2025-05-20 22:10:57,394 - Result - INFO - diastatic-malt - py/class-polliution/leaf-class-pollution-functions: 5 flows detected. (logger.py:40)
2025-05-20 22:10:57,878 - Result - INFO - ipex-llm - py/class-polliution/set-attr-get-attr: 2 flows detected. (logger.py:40)
2025-05-20 22:10:57,879 - Result - INFO - ipex-llm - py/class-polliution/shared-class-pollution-functions: 2 flows detected. (logger.py:40)
2025-05-20 22:10:57,879 - Result - INFO - ipex-llm - py/class-polliution/leaf-class-pollution-functions: 2 flows detected. (logger.py:40)
2025-05-20 22:11:14,193 - Result - INFO - mo-dots - py/class-polliution/set-both-get-both: 5 flows detected. (logger.py:40)
2025-05-20 22:11:14,193 - Result - INFO - mo-dots - py/class-polliution/shared-class-pollution-functions: 2 flows detected. (logger.py:40)
2025-05-20 22:11:14,193 - Result - INFO - mo-dots - py/class-polliution/leaf-class-pollution-functions: 2 flows detected. (logger.py:40)
2025-05-20 22:11:26,077 - Result - INFO - azure-mgmt-databricks - py/class-polliution/set-attr-get-attr: 11 flows detected. (logger.py:40)
2025-05-20 22:11:26,077 - Result - INFO - azure-mgmt-databricks - py/class-polliution/shared-class-pollution-functions: 1 flows detected. (logger.py:40)
2025-05-20 22:11:26,077 - Result - INFO - azure-mgmt-databricks - py/class-polliution/leaf-class-pollution-functions: 7 flows detected. (logger.py:40)
2025-05-20 22:11:26,481 - Result - INFO - azure-messaging-webpubsubservice - py/class-polliution/set-attr-get-attr: 11 flows detected. (logger.py:40)
2025-05-20 22:11:26,481 - Result - INFO - azure-messaging-webpubsubservice - py/class-polliution/shared-class-pollution-functions: 1 flows detected. (logger.py:40)
2025-05-20 22:11:26,481 - Result - INFO - azure-messaging-webpubsubservice - py/class-polliution/leaf-class-pollution-functions: 7 flows detected. (logger.py:40)
2025-05-20 22:11:29,318 - Result - INFO - tf-keras-nightly - py/class-polliution/set-both-get-both: 1 flows detected. (logger.py:40)
2025-05-20 22:11:29,318 - Result - INFO - tf-keras-nightly - py/class-polliution/shared-class-pollution-functions: 1 flows detected. (logger.py:40)
2025-05-20 22:11:29,318 - Result - INFO - tf-keras-nightly - py/class-polliution/leaf-class-pollution-functions: 1 flows detected. (logger.py:40)
2025-05-20 22:11:50,164 - Result - INFO - pytest-sftpserver - py/class-polliution/set-both-get-both: 2 flows detected. (logger.py:40)
2025-05-20 22:11:50,164 - Result - INFO - pytest-sftpserver - py/class-polliution/shared-class-pollution-functions: 1 flows detected. (logger.py:40)
2025-05-20 22:11:50,164 - Result - INFO - pytest-sftpserver - py/class-polliution/leaf-class-pollution-functions: 1 flows detected. (logger.py:40)
2025-05-20 22:11:59,522 - Result - INFO - azure-ai-translation-document - py/class-polliution/set-attr-get-attr: 11 flows detected. (logger.py:40)
2025-05-20 22:11:59,522 - Result - INFO - azure-ai-translation-document - py/class-polliution/shared-class-pollution-functions: 1 flows detected. (logger.py:40)
2025-05-20 22:11:59,522 - Result - INFO - azure-ai-translation-document - py/class-polliution/leaf-class-pollution-functions: 7 flows detected. (logger.py:40)
2025-05-20 22:11:59,976 - Result - INFO - azure-ai-language-questionanswering - py/class-polliution/set-attr-get-attr: 22 flows detected. (logger.py:40)
2025-05-20 22:11:59,976 - Result - INFO - azure-ai-language-questionanswering - py/class-polliution/shared-class-pollution-functions: 2 flows detected. (logger.py:40)
2025-05-20 22:11:59,976 - Result - INFO - azure-ai-language-questionanswering - py/class-polliution/leaf-class-pollution-functions: 14 flows detected. (logger.py:40)
2025-05-20 22:12:19,370 - Result - INFO - smolagents - py/class-polliution/set-both-get-both: 47 flows detected. (logger.py:40)
2025-05-20 22:12:19,370 - Result - INFO - smolagents - py/class-polliution/shared-class-pollution-functions: 1 flows detected. (logger.py:40)
2025-05-20 22:12:19,370 - Result - INFO - smolagents - py/class-polliution/leaf-class-pollution-functions: 38 flows detected. (logger.py:40)
2025-05-20 22:12:30,530 - Result - INFO - azure-ai-language-conversations - py/class-polliution/set-attr-get-attr: 22 flows detected. (logger.py:40)
2025-05-20 22:12:30,530 - Result - INFO - azure-ai-language-conversations - py/class-polliution/shared-class-pollution-functions: 2 flows detected. (logger.py:40)
2025-05-20 22:12:30,530 - Result - INFO - azure-ai-language-conversations - py/class-polliution/leaf-class-pollution-functions: 14 flows detected. (logger.py:40)
2025-05-20 22:12:44,743 - Result - INFO - google-gax - py/class-polliution/set-both-get-both: 2 flows detected. (logger.py:40)
2025-05-20 22:12:44,743 - Result - INFO - google-gax - py/class-polliution/shared-class-pollution-functions: 1 flows detected. (logger.py:40)
2025-05-20 22:12:44,743 - Result - INFO - google-gax - py/class-polliution/leaf-class-pollution-functions: 1 flows detected. (logger.py:40)
2025-05-20 22:12:58,497 - Result - INFO - serial - py/class-polliution/set-item-get-attr: 3 flows detected. (logger.py:40)
2025-05-20 22:12:58,497 - Result - INFO - serial - py/class-polliution/shared-class-pollution-functions: 1 flows detected. (logger.py:40)
2025-05-20 22:12:58,497 - Result - INFO - serial - py/class-polliution/leaf-class-pollution-functions: 1 flows detected. (logger.py:40)
2025-05-20 22:13:01,221 - Result - INFO - hera - py/class-polliution/set-attr-get-attr: 1 flows detected. (logger.py:40)
2025-05-20 22:13:01,221 - Result - INFO - hera - py/class-polliution/shared-class-pollution-functions: 1 flows detected. (logger.py:40)
2025-05-20 22:13:01,221 - Result - INFO - hera - py/class-polliution/leaf-class-pollution-functions: 1 flows detected. (logger.py:40)
2025-05-20 22:13:11,060 - Result - INFO - vispy - py/class-polliution/set-attr-get-attr: 5 flows detected. (logger.py:40)
2025-05-20 22:13:11,060 - Result - INFO - vispy - py/class-polliution/shared-class-pollution-functions: 1 flows detected. (logger.py:40)
2025-05-20 22:13:11,060 - Result - INFO - vispy - py/class-polliution/leaf-class-pollution-functions: 1 flows detected. (logger.py:40)
2025-05-20 22:13:27,174 - Result - INFO - pyworxcloud - py/class-polliution/set-attr-get-both: 9 flows detected. (logger.py:40)
2025-05-20 22:13:27,174 - Result - INFO - pyworxcloud - py/class-polliution/shared-class-pollution-functions: 1 flows detected. (logger.py:40)
2025-05-20 22:13:27,174 - Result - INFO - pyworxcloud - py/class-polliution/leaf-class-pollution-functions: 3 flows detected. (logger.py:40)
2025-05-20 22:13:29,169 - Result - INFO - starlette-admin - py/class-polliution/set-attr-get-attr: 5 flows detected. (logger.py:40)
2025-05-20 22:13:29,169 - Result - INFO - starlette-admin - py/class-polliution/shared-class-pollution-functions: 1 flows detected. (logger.py:40)
2025-05-20 22:13:29,169 - Result - INFO - starlette-admin - py/class-polliution/leaf-class-pollution-functions: 1 flows detected. (logger.py:40)
2025-05-20 22:13:47,595 - Result - INFO - stringparser - py/class-polliution/set-both-get-both: 4 flows detected. (logger.py:40)
2025-05-20 22:13:47,595 - Result - INFO - stringparser - py/class-polliution/shared-class-pollution-functions: 2 flows detected. (logger.py:40)
2025-05-20 22:13:47,595 - Result - INFO - stringparser - py/class-polliution/leaf-class-pollution-functions: 2 flows detected. (logger.py:40)
2025-05-20 22:14:01,090 - Result - INFO - azure-ai-projects - py/class-polliution/set-attr-get-attr: 22 flows detected. (logger.py:40)
2025-05-20 22:14:01,090 - Result - INFO - azure-ai-projects - py/class-polliution/shared-class-pollution-functions: 2 flows detected. (logger.py:40)
2025-05-20 22:14:01,090 - Result - INFO - azure-ai-projects - py/class-polliution/leaf-class-pollution-functions: 14 flows detected. (logger.py:40)
2025-05-20 22:14:08,144 - Result - INFO - onnxoptimizer - py/class-polliution/set-attr-get-attr: 28 flows detected. (logger.py:40)
2025-05-20 22:14:08,144 - Result - INFO - onnxoptimizer - py/class-polliution/shared-class-pollution-functions: 1 flows detected. (logger.py:40)
2025-05-20 22:14:08,144 - Result - INFO - onnxoptimizer - py/class-polliution/leaf-class-pollution-functions: 10 flows detected. (logger.py:40)
2025-05-20 22:14:11,527 - Result - INFO - paddlepaddle - py/class-polliution/set-attr-get-attr: 1 flows detected. (logger.py:40)
2025-05-20 22:14:11,527 - Result - INFO - paddlepaddle - py/class-polliution/shared-class-pollution-functions: 1 flows detected. (logger.py:40)
2025-05-20 22:14:11,527 - Result - INFO - paddlepaddle - py/class-polliution/leaf-class-pollution-functions: 1 flows detected. (logger.py:40)
2025-05-20 22:14:17,628 - Result - INFO - qcodes - py/class-polliution/set-attr-get-attr: 8 flows detected. (logger.py:40)
2025-05-20 22:14:17,628 - Result - INFO - qcodes - py/class-polliution/shared-class-pollution-functions: 1 flows detected. (logger.py:40)
2025-05-20 22:14:17,628 - Result - INFO - qcodes - py/class-polliution/leaf-class-pollution-functions: 2 flows detected. (logger.py:40)
2025-05-20 22:14:27,517 - Result - INFO - deepdiff6 - py/class-polliution/set-both-get-both: 22 flows detected. (logger.py:40)
2025-05-20 22:14:27,517 - Result - INFO - deepdiff6 - py/class-polliution/shared-class-pollution-functions: 3 flows detected. (logger.py:40)
2025-05-20 22:14:27,517 - Result - INFO - deepdiff6 - py/class-polliution/leaf-class-pollution-functions: 9 flows detected. (logger.py:40)
2025-05-20 22:14:53,604 - Result - INFO - azure-ai-translation-text - py/class-polliution/set-attr-get-attr: 11 flows detected. (logger.py:40)
2025-05-20 22:14:53,604 - Result - INFO - azure-ai-translation-text - py/class-polliution/shared-class-pollution-functions: 1 flows detected. (logger.py:40)
2025-05-20 22:14:53,604 - Result - INFO - azure-ai-translation-text - py/class-polliution/leaf-class-pollution-functions: 7 flows detected. (logger.py:40)
2025-05-20 22:15:37,893 - Result - INFO - pyodps - py/class-polliution/set-attr-get-attr: 1 flows detected. (logger.py:40)
2025-05-20 22:15:37,893 - Result - INFO - pyodps - py/class-polliution/shared-class-pollution-functions: 1 flows detected. (logger.py:40)
2025-05-20 22:15:37,893 - Result - INFO - pyodps - py/class-polliution/leaf-class-pollution-functions: 1 flows detected. (logger.py:40)
2025-05-20 22:15:40,269 - Result - INFO - ai-edge-torch-nightly - py/class-polliution/set-attr-get-attr: 3 flows detected. (logger.py:40)
2025-05-20 22:15:40,269 - Result - INFO - ai-edge-torch-nightly - py/class-polliution/shared-class-pollution-functions: 1 flows detected. (logger.py:40)
2025-05-20 22:15:40,269 - Result - INFO - ai-edge-torch-nightly - py/class-polliution/leaf-class-pollution-functions: 2 flows detected. (logger.py:40)
2025-05-20 22:15:45,289 - Result - INFO - weave - py/class-polliution/set-attr-get-attr: 2 flows detected. (logger.py:40)
2025-05-20 22:15:45,289 - Result - INFO - weave - py/class-polliution/shared-class-pollution-functions: 1 flows detected. (logger.py:40)
2025-05-20 22:15:45,289 - Result - INFO - weave - py/class-polliution/leaf-class-pollution-functions: 1 flows detected. (logger.py:40)
2025-05-20 22:15:59,737 - Result - INFO - django-auth-adfs - py/class-polliution/set-attr-get-attr: 1 flows detected. (logger.py:40)
2025-05-20 22:15:59,737 - Result - INFO - django-auth-adfs - py/class-polliution/shared-class-pollution-functions: 1 flows detected. (logger.py:40)
2025-05-20 22:15:59,737 - Result - INFO - django-auth-adfs - py/class-polliution/leaf-class-pollution-functions: 1 flows detected. (logger.py:40)
2025-05-20 22:16:10,564 - Result - INFO - testslide - py/class-polliution/set-attr-get-attr: 6 flows detected. (logger.py:40)
2025-05-20 22:16:10,564 - Result - INFO - testslide - py/class-polliution/shared-class-pollution-functions: 1 flows detected. (logger.py:40)
2025-05-20 22:16:10,564 - Result - INFO - testslide - py/class-polliution/leaf-class-pollution-functions: 4 flows detected. (logger.py:40)
2025-05-20 22:16:23,731 - Result - INFO - lumigo-tracer - py/class-polliution/set-attr-get-attr: 4 flows detected. (logger.py:40)
2025-05-20 22:16:23,731 - Result - INFO - lumigo-tracer - py/class-polliution/shared-class-pollution-functions: 1 flows detected. (logger.py:40)
2025-05-20 22:16:23,731 - Result - INFO - lumigo-tracer - py/class-polliution/leaf-class-pollution-functions: 1 flows detected. (logger.py:40)
2025-05-20 22:16:31,588 - Result - INFO - azure-mgmt-kubernetesconfiguration - py/class-polliution/set-attr-get-attr: 11 flows detected. (logger.py:40)
2025-05-20 22:16:31,588 - Result - INFO - azure-mgmt-kubernetesconfiguration - py/class-polliution/shared-class-pollution-functions: 1 flows detected. (logger.py:40)
2025-05-20 22:16:31,588 - Result - INFO - azure-mgmt-kubernetesconfiguration - py/class-polliution/leaf-class-pollution-functions: 7 flows detected. (logger.py:40)
2025-05-20 22:16:42,908 - Result - INFO - opentelemetry-instrumentation-sklearn - py/class-polliution/set-attr-get-attr: 6 flows detected. (logger.py:40)
2025-05-20 22:16:42,908 - Result - INFO - opentelemetry-instrumentation-sklearn - py/class-polliution/shared-class-pollution-functions: 6 flows detected. (logger.py:40)
2025-05-20 22:16:42,908 - Result - INFO - opentelemetry-instrumentation-sklearn - py/class-polliution/leaf-class-pollution-functions: 6 flows detected. (logger.py:40)
2025-05-20 22:16:52,497 - Result - INFO - river - py/class-polliution/set-attr-get-attr: 2 flows detected. (logger.py:40)
2025-05-20 22:16:52,497 - Result - INFO - river - py/class-polliution/shared-class-pollution-functions: 1 flows detected. (logger.py:40)
2025-05-20 22:16:52,497 - Result - INFO - river - py/class-polliution/leaf-class-pollution-functions: 1 flows detected. (logger.py:40)
2025-05-20 22:17:11,022 - Result - INFO - azure-mgmt-frontdoor - py/class-polliution/set-attr-get-attr: 11 flows detected. (logger.py:40)
2025-05-20 22:17:11,022 - Result - INFO - azure-mgmt-frontdoor - py/class-polliution/shared-class-pollution-functions: 1 flows detected. (logger.py:40)
2025-05-20 22:17:11,022 - Result - INFO - azure-mgmt-frontdoor - py/class-polliution/leaf-class-pollution-functions: 7 flows detected. (logger.py:40)
2025-05-20 22:17:13,642 - Result - INFO - edsnlp - py/class-polliution/set-both-get-both: 4 flows detected. (logger.py:40)
2025-05-20 22:17:13,642 - Result - INFO - edsnlp - py/class-polliution/shared-class-pollution-functions: 1 flows detected. (logger.py:40)
2025-05-20 22:17:13,642 - Result - INFO - edsnlp - py/class-polliution/leaf-class-pollution-functions: 1 flows detected. (logger.py:40)
2025-05-20 22:17:24,464 - Result - INFO - mm - py/class-polliution/set-attr-get-attr: 1 flows detected. (logger.py:40)
2025-05-20 22:17:24,464 - Result - INFO - mm - py/class-polliution/shared-class-pollution-functions: 1 flows detected. (logger.py:40)
2025-05-20 22:17:24,464 - Result - INFO - mm - py/class-polliution/leaf-class-pollution-functions: 1 flows detected. (logger.py:40)
2025-05-20 22:17:50,354 - Result - INFO - azure-ai-vision-imageanalysis - py/class-polliution/set-attr-get-attr: 11 flows detected. (logger.py:40)
2025-05-20 22:17:50,354 - Result - INFO - azure-ai-vision-imageanalysis - py/class-polliution/shared-class-pollution-functions: 1 flows detected. (logger.py:40)
2025-05-20 22:17:50,354 - Result - INFO - azure-ai-vision-imageanalysis - py/class-polliution/leaf-class-pollution-functions: 7 flows detected. (logger.py:40)
2025-05-20 22:17:56,416 - Result - INFO - azure-ai-evaluation - py/class-polliution/set-attr-get-attr: 22 flows detected. (logger.py:40)
2025-05-20 22:17:56,416 - Result - INFO - azure-ai-evaluation - py/class-polliution/shared-class-pollution-functions: 2 flows detected. (logger.py:40)
2025-05-20 22:17:56,416 - Result - INFO - azure-ai-evaluation - py/class-polliution/leaf-class-pollution-functions: 14 flows detected. (logger.py:40)
2025-05-20 22:17:58,477 - Result - INFO - fairseq - py/class-polliution/set-attr-get-attr: 6 flows detected. (logger.py:40)
2025-05-20 22:17:58,477 - Result - INFO - fairseq - py/class-polliution/shared-class-pollution-functions: 6 flows detected. (logger.py:40)
2025-05-20 22:17:58,477 - Result - INFO - fairseq - py/class-polliution/leaf-class-pollution-functions: 6 flows detected. (logger.py:40)
2025-05-20 22:18:15,601 - Result - INFO - pykka - py/class-polliution/set-attr-get-attr: 3 flows detected. (logger.py:40)
2025-05-20 22:18:15,601 - Result - INFO - pykka - py/class-polliution/shared-class-pollution-functions: 3 flows detected. (logger.py:40)
2025-05-20 22:18:15,601 - Result - INFO - pykka - py/class-polliution/leaf-class-pollution-functions: 3 flows detected. (logger.py:40)
2025-05-20 22:18:22,584 - Result - INFO - wandb-workspaces - py/class-polliution/set-both-get-both: 3 flows detected. (logger.py:40)
2025-05-20 22:18:38,390 - Result - INFO - zhinst-toolkit - py/class-polliution/set-attr-get-attr: 3 flows detected. (logger.py:40)
2025-05-20 22:18:38,390 - Result - INFO - zhinst-toolkit - py/class-polliution/shared-class-pollution-functions: 2 flows detected. (logger.py:40)
2025-05-20 22:18:38,390 - Result - INFO - zhinst-toolkit - py/class-polliution/leaf-class-pollution-functions: 2 flows detected. (logger.py:40)
2025-05-20 22:18:47,326 - Result - INFO - pydo - py/class-polliution/set-attr-get-attr: 11 flows detected. (logger.py:40)
2025-05-20 22:18:47,326 - Result - INFO - pydo - py/class-polliution/shared-class-pollution-functions: 1 flows detected. (logger.py:40)
2025-05-20 22:18:47,326 - Result - INFO - pydo - py/class-polliution/leaf-class-pollution-functions: 7 flows detected. (logger.py:40)
2025-05-20 22:19:01,816 - Result - INFO - relstorage - py/class-polliution/set-attr-get-attr: 2 flows detected. (logger.py:40)
2025-05-20 22:19:01,816 - Result - INFO - relstorage - py/class-polliution/shared-class-pollution-functions: 2 flows detected. (logger.py:40)
2025-05-20 22:19:01,816 - Result - INFO - relstorage - py/class-polliution/leaf-class-pollution-functions: 2 flows detected. (logger.py:40)
2025-05-20 22:19:08,979 - Result - INFO - alchemyjsonschema - py/class-polliution/set-attr-get-attr: 10 flows detected. (logger.py:40)
2025-05-20 22:19:08,979 - Result - INFO - alchemyjsonschema - py/class-polliution/shared-class-pollution-functions: 1 flows detected. (logger.py:40)
2025-05-20 22:19:08,979 - Result - INFO - alchemyjsonschema - py/class-polliution/leaf-class-pollution-functions: 3 flows detected. (logger.py:40)
2025-05-20 22:19:30,479 - Result - INFO - appdynamics - py/class-polliution/set-attr-get-attr: 19 flows detected. (logger.py:40)
2025-05-20 22:19:30,479 - Result - INFO - appdynamics - py/class-polliution/shared-class-pollution-functions: 1 flows detected. (logger.py:40)
2025-05-20 22:19:30,479 - Result - INFO - appdynamics - py/class-polliution/leaf-class-pollution-functions: 12 flows detected. (logger.py:40)
2025-05-20 22:19:52,575 - Result - INFO - crosshair-tool - py/class-polliution/set-item-get-attr: 1 flows detected. (logger.py:40)
2025-05-20 22:19:52,575 - Result - INFO - crosshair-tool - py/class-polliution/set-attr-get-attr: 27 flows detected. (logger.py:40)
2025-05-20 22:19:52,575 - Result - INFO - crosshair-tool - py/class-polliution/shared-class-pollution-functions: 1 flows detected. (logger.py:40)
2025-05-20 22:19:52,575 - Result - INFO - crosshair-tool - py/class-polliution/leaf-class-pollution-functions: 16 flows detected. (logger.py:40)
2025-05-20 22:19:53,878 - Result - INFO - appdynamics-bindeps-linux-x64 - py/class-polliution/set-attr-get-attr: 16 flows detected. (logger.py:40)
2025-05-20 22:19:53,878 - Result - INFO - appdynamics-bindeps-linux-x64 - py/class-polliution/shared-class-pollution-functions: 1 flows detected. (logger.py:40)
2025-05-20 22:19:53,878 - Result - INFO - appdynamics-bindeps-linux-x64 - py/class-polliution/leaf-class-pollution-functions: 5 flows detected. (logger.py:40)
2025-05-20 22:20:21,239 - Result - INFO - flexmock - py/class-polliution/set-attr-get-attr: 3 flows detected. (logger.py:40)
2025-05-20 22:20:21,239 - Result - INFO - flexmock - py/class-polliution/shared-class-pollution-functions: 1 flows detected. (logger.py:40)
2025-05-20 22:20:21,239 - Result - INFO - flexmock - py/class-polliution/leaf-class-pollution-functions: 2 flows detected. (logger.py:40)
2025-05-20 22:21:12,133 - Result - INFO - py3rosmsgs - py/class-polliution/set-attr-get-attr: 13 flows detected. (logger.py:40)
2025-05-20 22:21:12,133 - Result - INFO - py3rosmsgs - py/class-polliution/shared-class-pollution-functions: 1 flows detected. (logger.py:40)
2025-05-20 22:21:12,133 - Result - INFO - py3rosmsgs - py/class-polliution/leaf-class-pollution-functions: 5 flows detected. (logger.py:40)
2025-05-20 22:24:29,660 - Result - INFO - neural-compressor - py/class-polliution/set-attr-get-attr: 94 flows detected. (logger.py:40)
2025-05-20 22:24:29,660 - Result - INFO - neural-compressor - py/class-polliution/shared-class-pollution-functions: 1 flows detected. (logger.py:40)
2025-05-20 22:24:29,660 - Result - INFO - neural-compressor - py/class-polliution/leaf-class-pollution-functions: 56 flows detected. (logger.py:40)
2025-05-20 22:24:50,383 - Result - INFO - cloudstorage - py/class-polliution/set-attr-get-attr: 1 flows detected. (logger.py:40)
2025-05-20 22:24:50,383 - Result - INFO - cloudstorage - py/class-polliution/shared-class-pollution-functions: 1 flows detected. (logger.py:40)
2025-05-20 22:24:50,383 - Result - INFO - cloudstorage - py/class-polliution/leaf-class-pollution-functions: 1 flows detected. (logger.py:40)
2025-05-20 22:25:12,481 - Result - INFO - later - py/class-polliution/set-item-get-attr: 2 flows detected. (logger.py:40)
2025-05-20 22:25:12,481 - Result - INFO - later - py/class-polliution/shared-class-pollution-functions: 1 flows detected. (logger.py:40)
2025-05-20 22:25:12,481 - Result - INFO - later - py/class-polliution/leaf-class-pollution-functions: 1 flows detected. (logger.py:40)
2025-05-20 22:25:40,006 - Result - INFO - pyatv - py/class-polliution/set-attr-get-attr: 3 flows detected. (logger.py:40)
2025-05-20 22:25:40,006 - Result - INFO - pyatv - py/class-polliution/shared-class-pollution-functions: 1 flows detected. (logger.py:40)
2025-05-20 22:25:40,006 - Result - INFO - pyatv - py/class-polliution/leaf-class-pollution-functions: 1 flows detected. (logger.py:40)
2025-05-20 22:25:43,022 - Result - INFO - paddlepaddle-gpu - py/class-polliution/set-attr-get-attr: 1 flows detected. (logger.py:40)
2025-05-20 22:25:43,022 - Result - INFO - paddlepaddle-gpu - py/class-polliution/shared-class-pollution-functions: 1 flows detected. (logger.py:40)
2025-05-20 22:25:43,022 - Result - INFO - paddlepaddle-gpu - py/class-polliution/leaf-class-pollution-functions: 1 flows detected. (logger.py:40)
2025-05-20 22:26:03,694 - Result - INFO - coqpit-config - py/class-polliution/set-attr-get-attr: 1 flows detected. (logger.py:40)
2025-05-20 22:26:03,694 - Result - INFO - coqpit-config - py/class-polliution/shared-class-pollution-functions: 1 flows detected. (logger.py:40)
2025-05-20 22:26:03,694 - Result - INFO - coqpit-config - py/class-polliution/leaf-class-pollution-functions: 1 flows detected. (logger.py:40)
2025-05-20 22:26:08,806 - Result - INFO - ormar - py/class-polliution/set-attr-get-attr: 1 flows detected. (logger.py:40)
2025-05-20 22:26:08,806 - Result - INFO - ormar - py/class-polliution/shared-class-pollution-functions: 1 flows detected. (logger.py:40)
2025-05-20 22:26:08,806 - Result - INFO - ormar - py/class-polliution/leaf-class-pollution-functions: 1 flows detected. (logger.py:40)
2025-05-20 22:26:27,712 - Result - INFO - hera-workflows - py/class-polliution/set-attr-get-attr: 1 flows detected. (logger.py:40)
2025-05-20 22:26:27,712 - Result - INFO - hera-workflows - py/class-polliution/shared-class-pollution-functions: 1 flows detected. (logger.py:40)
2025-05-20 22:26:27,712 - Result - INFO - hera-workflows - py/class-polliution/leaf-class-pollution-functions: 1 flows detected. (logger.py:40)
2025-05-20 22:26:32,569 - Result - INFO - bunnet - py/class-polliution/set-both-get-both: 10 flows detected. (logger.py:40)
2025-05-20 22:26:32,569 - Result - INFO - bunnet - py/class-polliution/shared-class-pollution-functions: 1 flows detected. (logger.py:40)
2025-05-20 22:26:32,569 - Result - INFO - bunnet - py/class-polliution/leaf-class-pollution-functions: 7 flows detected. (logger.py:40)
2025-05-20 22:26:53,169 - Result - INFO - ostorlab - py/class-polliution/set-attr-get-attr: 10 flows detected. (logger.py:40)
2025-05-20 22:26:53,169 - Result - INFO - ostorlab - py/class-polliution/shared-class-pollution-functions: 1 flows detected. (logger.py:40)
2025-05-20 22:26:53,169 - Result - INFO - ostorlab - py/class-polliution/leaf-class-pollution-functions: 4 flows detected. (logger.py:40)
2025-05-20 22:27:00,913 - Result - INFO - wfuzz - py/class-polliution/set-attr-get-attr: 2 flows detected. (logger.py:40)
2025-05-20 22:27:00,913 - Result - INFO - wfuzz - py/class-polliution/shared-class-pollution-functions: 2 flows detected. (logger.py:40)
2025-05-20 22:27:00,913 - Result - INFO - wfuzz - py/class-polliution/leaf-class-pollution-functions: 2 flows detected. (logger.py:40)
2025-05-20 22:28:13,360 - Result - INFO - docplex - py/class-polliution/set-both-get-attr: 3 flows detected. (logger.py:40)
2025-05-20 22:28:13,360 - Result - INFO - docplex - py/class-polliution/set-attr-get-attr: 7 flows detected. (logger.py:40)
2025-05-20 22:28:13,360 - Result - INFO - docplex - py/class-polliution/shared-class-pollution-functions: 1 flows detected. (logger.py:40)
2025-05-20 22:28:13,361 - Result - INFO - docplex - py/class-polliution/leaf-class-pollution-functions: 3 flows detected. (logger.py:40)
2025-05-20 22:28:26,832 - Result - INFO - genie-libs-sdk - py/class-polliution/set-both-get-both: 10 flows detected. (logger.py:40)
2025-05-20 22:28:26,832 - Result - INFO - genie-libs-sdk - py/class-polliution/set-item-get-both: 2 flows detected. (logger.py:40)
2025-05-20 22:28:26,832 - Result - INFO - genie-libs-sdk - py/class-polliution/set-attr-get-both: 1 flows detected. (logger.py:40)
2025-05-20 22:28:26,832 - Result - INFO - genie-libs-sdk - py/class-polliution/set-item-get-attr: 2 flows detected. (logger.py:40)
2025-05-20 22:28:26,832 - Result - INFO - genie-libs-sdk - py/class-polliution/shared-class-pollution-functions: 5 flows detected. (logger.py:40)
2025-05-20 22:28:26,832 - Result - INFO - genie-libs-sdk - py/class-polliution/leaf-class-pollution-functions: 5 flows detected. (logger.py:40)
2025-05-20 22:28:37,136 - Result - INFO - pontos - py/class-polliution/set-attr-get-attr: 1 flows detected. (logger.py:40)
2025-05-20 22:28:37,136 - Result - INFO - pontos - py/class-polliution/shared-class-pollution-functions: 1 flows detected. (logger.py:40)
2025-05-20 22:28:37,136 - Result - INFO - pontos - py/class-polliution/leaf-class-pollution-functions: 1 flows detected. (logger.py:40)
2025-05-20 22:28:45,747 - Result - INFO - opentmi-client - py/class-polliution/set-attr-get-attr: 1 flows detected. (logger.py:40)
2025-05-20 22:28:45,747 - Result - INFO - opentmi-client - py/class-polliution/shared-class-pollution-functions: 1 flows detected. (logger.py:40)
2025-05-20 22:28:45,747 - Result - INFO - opentmi-client - py/class-polliution/leaf-class-pollution-functions: 1 flows detected. (logger.py:40)
2025-05-20 22:28:59,051 - Result - INFO - aigpy - py/class-polliution/set-attr-get-attr: 1 flows detected. (logger.py:40)
2025-05-20 22:28:59,051 - Result - INFO - aigpy - py/class-polliution/shared-class-pollution-functions: 1 flows detected. (logger.py:40)
2025-05-20 22:28:59,051 - Result - INFO - aigpy - py/class-polliution/leaf-class-pollution-functions: 1 flows detected. (logger.py:40)
2025-05-20 22:29:34,811 - Result - INFO - openmined-psi - py/class-polliution/set-attr-get-attr: 16 flows detected. (logger.py:40)
2025-05-20 22:29:34,811 - Result - INFO - openmined-psi - py/class-polliution/shared-class-pollution-functions: 1 flows detected. (logger.py:40)
2025-05-20 22:29:34,811 - Result - INFO - openmined-psi - py/class-polliution/leaf-class-pollution-functions: 5 flows detected. (logger.py:40)
2025-05-20 22:29:53,866 - Result - INFO - fintech - py/class-polliution/set-attr-get-attr: 1 flows detected. (logger.py:40)
2025-05-20 22:29:53,866 - Result - INFO - fintech - py/class-polliution/shared-class-pollution-functions: 1 flows detected. (logger.py:40)
2025-05-20 22:29:53,866 - Result - INFO - fintech - py/class-polliution/leaf-class-pollution-functions: 1 flows detected. (logger.py:40)
2025-05-20 22:30:38,564 - Result - INFO - intel-extension-for-pytorch - py/class-polliution/set-attr-get-attr: 2 flows detected. (logger.py:40)
2025-05-20 22:30:38,564 - Result - INFO - intel-extension-for-pytorch - py/class-polliution/shared-class-pollution-functions: 1 flows detected. (logger.py:40)
2025-05-20 22:30:38,564 - Result - INFO - intel-extension-for-pytorch - py/class-polliution/leaf-class-pollution-functions: 1 flows detected. (logger.py:40)
2025-05-20 22:31:04,649 - Result - INFO - azure-mgmt-maintenance - py/class-polliution/set-attr-get-attr: 11 flows detected. (logger.py:40)
2025-05-20 22:31:04,649 - Result - INFO - azure-mgmt-maintenance - py/class-polliution/shared-class-pollution-functions: 1 flows detected. (logger.py:40)
2025-05-20 22:31:04,649 - Result - INFO - azure-mgmt-maintenance - py/class-polliution/leaf-class-pollution-functions: 7 flows detected. (logger.py:40)
2025-05-20 22:31:07,659 - Result - INFO - piccolo - py/class-polliution/set-attr-get-attr: 1 flows detected. (logger.py:40)
2025-05-20 22:31:07,659 - Result - INFO - piccolo - py/class-polliution/shared-class-pollution-functions: 1 flows detected. (logger.py:40)
2025-05-20 22:31:07,659 - Result - INFO - piccolo - py/class-polliution/leaf-class-pollution-functions: 1 flows detected. (logger.py:40)
2025-05-20 22:31:32,294 - Result - INFO - lark-oapi - py/class-polliution/set-attr-get-attr: 16 flows detected. (logger.py:40)
2025-05-20 22:31:32,294 - Result - INFO - lark-oapi - py/class-polliution/shared-class-pollution-functions: 1 flows detected. (logger.py:40)
2025-05-20 22:31:32,294 - Result - INFO - lark-oapi - py/class-polliution/leaf-class-pollution-functions: 5 flows detected. (logger.py:40)
2025-05-20 22:31:55,721 - Result - INFO - torchrl-nightly - py/class-polliution/set-attr-get-both: 17 flows detected. (logger.py:40)
2025-05-20 22:31:55,721 - Result - INFO - torchrl-nightly - py/class-polliution/shared-class-pollution-functions: 17 flows detected. (logger.py:40)
2025-05-20 22:31:55,721 - Result - INFO - torchrl-nightly - py/class-polliution/leaf-class-pollution-functions: 17 flows detected. (logger.py:40)
2025-05-20 22:32:00,432 - Result - INFO - capellambse - py/class-polliution/set-attr-get-attr: 2 flows detected. (logger.py:40)
2025-05-20 22:32:00,432 - Result - INFO - capellambse - py/class-polliution/shared-class-pollution-functions: 2 flows detected. (logger.py:40)
2025-05-20 22:32:00,432 - Result - INFO - capellambse - py/class-polliution/leaf-class-pollution-functions: 2 flows detected. (logger.py:40)
2025-05-20 22:32:19,024 - Result - INFO - azure-communication-identity - py/class-polliution/set-attr-get-attr: 11 flows detected. (logger.py:40)
2025-05-20 22:32:19,024 - Result - INFO - azure-communication-identity - py/class-polliution/shared-class-pollution-functions: 1 flows detected. (logger.py:40)
2025-05-20 22:32:19,024 - Result - INFO - azure-communication-identity - py/class-polliution/leaf-class-pollution-functions: 7 flows detected. (logger.py:40)
2025-05-20 22:32:20,180 - Result - INFO - ms-swift - py/class-polliution/set-both-get-both: 2 flows detected. (logger.py:40)
2025-05-20 22:32:26,758 - Result - INFO - dektools - py/class-polliution/set-both-get-both: 2 flows detected. (logger.py:40)
2025-05-20 22:32:26,758 - Result - INFO - dektools - py/class-polliution/shared-class-pollution-functions: 1 flows detected. (logger.py:40)
2025-05-20 22:32:26,758 - Result - INFO - dektools - py/class-polliution/leaf-class-pollution-functions: 1 flows detected. (logger.py:40)
2025-05-20 22:32:51,505 - Result - INFO - supyr-struct - py/class-polliution/set-both-get-attr: 3 flows detected. (logger.py:40)
2025-05-20 22:32:51,505 - Result - INFO - supyr-struct - py/class-polliution/set-attr-get-attr: 1 flows detected. (logger.py:40)
2025-05-20 22:32:51,505 - Result - INFO - supyr-struct - py/class-polliution/shared-class-pollution-functions: 1 flows detected. (logger.py:40)
2025-05-20 22:32:51,505 - Result - INFO - supyr-struct - py/class-polliution/leaf-class-pollution-functions: 2 flows detected. (logger.py:40)
2025-05-20 22:33:06,072 - Result - INFO - fastnlp - py/class-polliution/set-attr-get-attr: 8 flows detected. (logger.py:40)
2025-05-20 22:33:06,072 - Result - INFO - fastnlp - py/class-polliution/shared-class-pollution-functions: 1 flows detected. (logger.py:40)
2025-05-20 22:33:06,072 - Result - INFO - fastnlp - py/class-polliution/leaf-class-pollution-functions: 7 flows detected. (logger.py:40)
2025-05-20 22:33:20,189 - Result - INFO - contrast-agent - py/class-polliution/set-attr-get-attr: 4 flows detected. (logger.py:40)
2025-05-20 22:33:20,189 - Result - INFO - contrast-agent - py/class-polliution/shared-class-pollution-functions: 1 flows detected. (logger.py:40)
2025-05-20 22:33:20,189 - Result - INFO - contrast-agent - py/class-polliution/leaf-class-pollution-functions: 1 flows detected. (logger.py:40)
2025-05-20 22:33:29,422 - Result - INFO - ifcopenshell - py/class-polliution/set-attr-get-attr: 1 flows detected. (logger.py:40)
2025-05-20 22:33:29,422 - Result - INFO - ifcopenshell - py/class-polliution/shared-class-pollution-functions: 1 flows detected. (logger.py:40)
2025-05-20 22:33:29,422 - Result - INFO - ifcopenshell - py/class-polliution/leaf-class-pollution-functions: 1 flows detected. (logger.py:40)
2025-05-20 22:33:33,680 - Result - INFO - azure-mgmt-appplatform - py/class-polliution/set-attr-get-attr: 11 flows detected. (logger.py:40)
2025-05-20 22:33:33,681 - Result - INFO - azure-mgmt-appplatform - py/class-polliution/shared-class-pollution-functions: 1 flows detected. (logger.py:40)
2025-05-20 22:33:33,681 - Result - INFO - azure-mgmt-appplatform - py/class-polliution/leaf-class-pollution-functions: 7 flows detected. (logger.py:40)
2025-05-20 22:33:38,893 - Result - INFO - gm - py/class-polliution/set-attr-get-attr: 3 flows detected. (logger.py:40)
2025-05-20 22:33:38,893 - Result - INFO - gm - py/class-polliution/shared-class-pollution-functions: 1 flows detected. (logger.py:40)
2025-05-20 22:33:38,893 - Result - INFO - gm - py/class-polliution/leaf-class-pollution-functions: 1 flows detected. (logger.py:40)
2025-05-20 22:33:42,847 - Result - INFO - javascript - py/class-polliution/set-both-get-both: 3 flows detected. (logger.py:40)
2025-05-20 22:33:42,847 - Result - INFO - javascript - py/class-polliution/shared-class-pollution-functions: 1 flows detected. (logger.py:40)
2025-05-20 22:33:42,847 - Result - INFO - javascript - py/class-polliution/leaf-class-pollution-functions: 1 flows detected. (logger.py:40)
2025-05-20 22:34:01,197 - Result - INFO - brand-yml - py/class-polliution/set-both-get-both: 8 flows detected. (logger.py:40)
2025-05-20 22:34:01,197 - Result - INFO - brand-yml - py/class-polliution/shared-class-pollution-functions: 1 flows detected. (logger.py:40)
2025-05-20 22:34:01,197 - Result - INFO - brand-yml - py/class-polliution/leaf-class-pollution-functions: 4 flows detected. (logger.py:40)
2025-05-20 22:34:23,888 - Result - INFO - testrepository - py/class-polliution/set-attr-get-attr: 1 flows detected. (logger.py:40)
2025-05-20 22:34:23,888 - Result - INFO - testrepository - py/class-polliution/shared-class-pollution-functions: 1 flows detected. (logger.py:40)
2025-05-20 22:34:23,888 - Result - INFO - testrepository - py/class-polliution/leaf-class-pollution-functions: 1 flows detected. (logger.py:40)
2025-05-20 22:34:28,357 - Result - INFO - torchrl - py/class-polliution/set-attr-get-both: 17 flows detected. (logger.py:40)
2025-05-20 22:34:28,357 - Result - INFO - torchrl - py/class-polliution/shared-class-pollution-functions: 17 flows detected. (logger.py:40)
2025-05-20 22:34:28,357 - Result - INFO - torchrl - py/class-polliution/leaf-class-pollution-functions: 17 flows detected. (logger.py:40)
2025-05-20 22:34:33,748 - Result - INFO - lamindb - py/class-polliution/set-attr-get-attr: 28 flows detected. (logger.py:40)
2025-05-20 22:34:33,748 - Result - INFO - lamindb - py/class-polliution/shared-class-pollution-functions: 2 flows detected. (logger.py:40)
2025-05-20 22:34:33,748 - Result - INFO - lamindb - py/class-polliution/leaf-class-pollution-functions: 12 flows detected. (logger.py:40)
2025-05-20 22:34:46,130 - Result - INFO - linkml-dataops - py/class-polliution/set-item-get-both: 3 flows detected. (logger.py:40)
2025-05-20 22:34:46,130 - Result - INFO - linkml-dataops - py/class-polliution/set-item-get-attr: 3 flows detected. (logger.py:40)
2025-05-20 22:34:46,130 - Result - INFO - linkml-dataops - py/class-polliution/shared-class-pollution-functions: 3 flows detected. (logger.py:40)
2025-05-20 22:34:46,130 - Result - INFO - linkml-dataops - py/class-polliution/leaf-class-pollution-functions: 3 flows detected. (logger.py:40)
2025-05-20 22:35:05,941 - Result - INFO - python-irodsclient - py/class-polliution/set-attr-get-attr: 5 flows detected. (logger.py:40)
2025-05-20 22:35:05,941 - Result - INFO - python-irodsclient - py/class-polliution/shared-class-pollution-functions: 5 flows detected. (logger.py:40)
2025-05-20 22:35:05,941 - Result - INFO - python-irodsclient - py/class-polliution/leaf-class-pollution-functions: 5 flows detected. (logger.py:40)
2025-05-20 22:35:11,120 - Result - INFO - transformer-lens - py/class-polliution/set-attr-get-attr: 3 flows detected. (logger.py:40)
2025-05-20 22:35:11,120 - Result - INFO - transformer-lens - py/class-polliution/shared-class-pollution-functions: 1 flows detected. (logger.py:40)
2025-05-20 22:35:11,120 - Result - INFO - transformer-lens - py/class-polliution/leaf-class-pollution-functions: 2 flows detected. (logger.py:40)
2025-05-20 22:35:25,442 - Result - INFO - steam - py/class-polliution/set-attr-get-attr: 18 flows detected. (logger.py:40)
2025-05-20 22:35:25,442 - Result - INFO - steam - py/class-polliution/shared-class-pollution-functions: 1 flows detected. (logger.py:40)
2025-05-20 22:35:25,442 - Result - INFO - steam - py/class-polliution/leaf-class-pollution-functions: 13 flows detected. (logger.py:40)
2025-05-20 22:35:43,885 - Result - INFO - optimum-neuron - py/class-polliution/set-attr-get-attr: 4 flows detected. (logger.py:40)
2025-05-20 22:35:43,885 - Result - INFO - optimum-neuron - py/class-polliution/shared-class-pollution-functions: 4 flows detected. (logger.py:40)
2025-05-20 22:35:43,885 - Result - INFO - optimum-neuron - py/class-polliution/leaf-class-pollution-functions: 4 flows detected. (logger.py:40)
2025-05-20 22:36:04,812 - Result - INFO - mmpretrain - py/class-polliution/set-attr-get-attr: 2 flows detected. (logger.py:40)
2025-05-20 22:36:04,813 - Result - INFO - mmpretrain - py/class-polliution/shared-class-pollution-functions: 2 flows detected. (logger.py:40)
2025-05-20 22:36:04,813 - Result - INFO - mmpretrain - py/class-polliution/leaf-class-pollution-functions: 2 flows detected. (logger.py:40)
2025-05-20 22:36:08,945 - Result - INFO - azure-communication-phonenumbers - py/class-polliution/set-attr-get-attr: 22 flows detected. (logger.py:40)
2025-05-20 22:36:08,945 - Result - INFO - azure-communication-phonenumbers - py/class-polliution/shared-class-pollution-functions: 2 flows detected. (logger.py:40)
2025-05-20 22:36:08,945 - Result - INFO - azure-communication-phonenumbers - py/class-polliution/leaf-class-pollution-functions: 14 flows detected. (logger.py:40)
2025-05-20 22:36:31,928 - Result - INFO - azure-mgmt-desktopvirtualization - py/class-polliution/set-attr-get-attr: 11 flows detected. (logger.py:40)
2025-05-20 22:36:31,928 - Result - INFO - azure-mgmt-desktopvirtualization - py/class-polliution/shared-class-pollution-functions: 1 flows detected. (logger.py:40)
2025-05-20 22:36:31,928 - Result - INFO - azure-mgmt-desktopvirtualization - py/class-polliution/leaf-class-pollution-functions: 7 flows detected. (logger.py:40)
2025-05-20 22:36:40,473 - Result - INFO - azureml-rag - py/class-polliution/set-attr-get-attr: 11 flows detected. (logger.py:40)
2025-05-20 22:36:40,473 - Result - INFO - azureml-rag - py/class-polliution/shared-class-pollution-functions: 1 flows detected. (logger.py:40)
2025-05-20 22:36:40,473 - Result - INFO - azureml-rag - py/class-polliution/leaf-class-pollution-functions: 7 flows detected. (logger.py:40)
2025-05-20 22:37:01,053 - Result - INFO - azure-quantum - py/class-polliution/set-attr-get-attr: 11 flows detected. (logger.py:40)
2025-05-20 22:37:01,053 - Result - INFO - azure-quantum - py/class-polliution/shared-class-pollution-functions: 1 flows detected. (logger.py:40)
2025-05-20 22:37:01,053 - Result - INFO - azure-quantum - py/class-polliution/leaf-class-pollution-functions: 7 flows detected. (logger.py:40)
2025-05-20 22:37:23,747 - Result - INFO - azure-communication-chat - py/class-polliution/set-attr-get-attr: 11 flows detected. (logger.py:40)
2025-05-20 22:37:23,747 - Result - INFO - azure-communication-chat - py/class-polliution/shared-class-pollution-functions: 1 flows detected. (logger.py:40)
2025-05-20 22:37:23,747 - Result - INFO - azure-communication-chat - py/class-polliution/leaf-class-pollution-functions: 7 flows detected. (logger.py:40)
2025-05-20 22:37:27,772 - Result - INFO - ophyd-devices - py/class-polliution/set-attr-get-attr: 4 flows detected. (logger.py:40)
2025-05-20 22:37:27,772 - Result - INFO - ophyd-devices - py/class-polliution/shared-class-pollution-functions: 1 flows detected. (logger.py:40)
2025-05-20 22:37:27,772 - Result - INFO - ophyd-devices - py/class-polliution/leaf-class-pollution-functions: 2 flows detected. (logger.py:40)
2025-05-20 22:37:46,951 - Result - INFO - azure-maps-search - py/class-polliution/set-attr-get-attr: 11 flows detected. (logger.py:40)
2025-05-20 22:37:46,951 - Result - INFO - azure-maps-search - py/class-polliution/shared-class-pollution-functions: 1 flows detected. (logger.py:40)
2025-05-20 22:37:46,952 - Result - INFO - azure-maps-search - py/class-polliution/leaf-class-pollution-functions: 7 flows detected. (logger.py:40)
2025-05-20 22:38:06,709 - Result - INFO - py-lav - py/class-polliution/set-attr-get-attr: 1 flows detected. (logger.py:40)
2025-05-20 22:38:06,709 - Result - INFO - py-lav - py/class-polliution/shared-class-pollution-functions: 1 flows detected. (logger.py:40)
2025-05-20 22:38:06,709 - Result - INFO - py-lav - py/class-polliution/leaf-class-pollution-functions: 1 flows detected. (logger.py:40)
2025-05-20 22:38:11,268 - Result - INFO - python3-protobuf - py/class-polliution/set-attr-get-attr: 24 flows detected. (logger.py:40)
2025-05-20 22:38:11,268 - Result - INFO - python3-protobuf - py/class-polliution/shared-class-pollution-functions: 1 flows detected. (logger.py:40)
2025-05-20 22:38:11,268 - Result - INFO - python3-protobuf - py/class-polliution/leaf-class-pollution-functions: 10 flows detected. (logger.py:40)
2025-05-20 22:38:49,398 - Result - INFO - appdynamics-bindeps-alpine-linux-x64 - py/class-polliution/set-attr-get-attr: 16 flows detected. (logger.py:40)
2025-05-20 22:38:49,398 - Result - INFO - appdynamics-bindeps-alpine-linux-x64 - py/class-polliution/shared-class-pollution-functions: 1 flows detected. (logger.py:40)
2025-05-20 22:38:49,398 - Result - INFO - appdynamics-bindeps-alpine-linux-x64 - py/class-polliution/leaf-class-pollution-functions: 5 flows detected. (logger.py:40)
2025-05-20 22:39:31,624 - Result - INFO - mstrio-py - py/class-polliution/set-attr-get-attr: 10 flows detected. (logger.py:40)
2025-05-20 22:39:31,624 - Result - INFO - mstrio-py - py/class-polliution/shared-class-pollution-functions: 1 flows detected. (logger.py:40)
2025-05-20 22:39:31,624 - Result - INFO - mstrio-py - py/class-polliution/leaf-class-pollution-functions: 9 flows detected. (logger.py:40)
2025-05-20 22:39:55,938 - Result - INFO - dagshub - py/class-polliution/set-attr-get-attr: 1 flows detected. (logger.py:40)
2025-05-20 22:39:55,938 - Result - INFO - dagshub - py/class-polliution/shared-class-pollution-functions: 1 flows detected. (logger.py:40)
2025-05-20 22:39:55,938 - Result - INFO - dagshub - py/class-polliution/leaf-class-pollution-functions: 1 flows detected. (logger.py:40)
2025-05-20 22:40:06,560 - Result - INFO - ivy - py/class-polliution/set-attr-get-attr: 6 flows detected. (logger.py:40)
2025-05-20 22:40:06,560 - Result - INFO - ivy - py/class-polliution/shared-class-pollution-functions: 6 flows detected. (logger.py:40)
2025-05-20 22:40:06,560 - Result - INFO - ivy - py/class-polliution/leaf-class-pollution-functions: 6 flows detected. (logger.py:40)
2025-05-20 22:40:35,399 - Result - INFO - mmpose - py/class-polliution/set-attr-get-attr: 2 flows detected. (logger.py:40)
2025-05-20 22:40:35,399 - Result - INFO - mmpose - py/class-polliution/shared-class-pollution-functions: 1 flows detected. (logger.py:40)
2025-05-20 22:40:35,399 - Result - INFO - mmpose - py/class-polliution/leaf-class-pollution-functions: 1 flows detected. (logger.py:40)
2025-05-20 22:40:56,686 - Result - INFO - azure-communication-rooms - py/class-polliution/set-attr-get-attr: 11 flows detected. (logger.py:40)
2025-05-20 22:40:56,686 - Result - INFO - azure-communication-rooms - py/class-polliution/shared-class-pollution-functions: 1 flows detected. (logger.py:40)
2025-05-20 22:40:56,686 - Result - INFO - azure-communication-rooms - py/class-polliution/leaf-class-pollution-functions: 7 flows detected. (logger.py:40)
2025-05-20 22:41:15,162 - Result - INFO - hyperspy - py/class-polliution/set-attr-get-attr: 6 flows detected. (logger.py:40)
2025-05-20 22:41:15,162 - Result - INFO - hyperspy - py/class-polliution/shared-class-pollution-functions: 1 flows detected. (logger.py:40)
2025-05-20 22:41:15,162 - Result - INFO - hyperspy - py/class-polliution/leaf-class-pollution-functions: 4 flows detected. (logger.py:40)
2025-05-20 22:41:31,579 - Result - INFO - f90wrap - py/class-polliution/set-attr-get-attr: 67 flows detected. (logger.py:40)
2025-05-20 22:41:31,579 - Result - INFO - f90wrap - py/class-polliution/shared-class-pollution-functions: 1 flows detected. (logger.py:40)
2025-05-20 22:41:31,579 - Result - INFO - f90wrap - py/class-polliution/leaf-class-pollution-functions: 10 flows detected. (logger.py:40)
2025-05-20 22:41:44,859 - Result - INFO - open-interpreter - py/class-polliution/set-attr-get-attr: 8 flows detected. (logger.py:40)
2025-05-20 22:41:44,859 - Result - INFO - open-interpreter - py/class-polliution/shared-class-pollution-functions: 1 flows detected. (logger.py:40)
2025-05-20 22:41:44,859 - Result - INFO - open-interpreter - py/class-polliution/leaf-class-pollution-functions: 6 flows detected. (logger.py:40)
2025-05-20 22:41:55,358 - Result - INFO - gelidum - py/class-polliution/set-attr-get-attr: 39 flows detected. (logger.py:40)
2025-05-20 22:41:55,358 - Result - INFO - gelidum - py/class-polliution/shared-class-pollution-functions: 1 flows detected. (logger.py:40)
2025-05-20 22:41:55,358 - Result - INFO - gelidum - py/class-polliution/leaf-class-pollution-functions: 24 flows detected. (logger.py:40)
2025-05-20 22:42:01,205 - Result - INFO - resolwe - py/class-polliution/set-both-get-both: 32 flows detected. (logger.py:40)
2025-05-20 22:42:01,205 - Result - INFO - resolwe - py/class-polliution/shared-class-pollution-functions: 1 flows detected. (logger.py:40)
2025-05-20 22:42:01,205 - Result - INFO - resolwe - py/class-polliution/leaf-class-pollution-functions: 3 flows detected. (logger.py:40)
2025-05-20 22:42:12,922 - Result - INFO - mlx-vlm - py/class-polliution/set-attr-get-attr: 1 flows detected. (logger.py:40)
2025-05-20 22:42:12,922 - Result - INFO - mlx-vlm - py/class-polliution/shared-class-pollution-functions: 1 flows detected. (logger.py:40)
2025-05-20 22:42:12,922 - Result - INFO - mlx-vlm - py/class-polliution/leaf-class-pollution-functions: 1 flows detected. (logger.py:40)
2025-05-20 22:42:20,903 - Result - INFO - mesop - py/class-polliution/set-both-get-attr: 6 flows detected. (logger.py:40)
2025-05-20 22:42:20,903 - Result - INFO - mesop - py/class-polliution/shared-class-pollution-functions: 1 flows detected. (logger.py:40)
2025-05-20 22:42:20,903 - Result - INFO - mesop - py/class-polliution/leaf-class-pollution-functions: 3 flows detected. (logger.py:40)
2025-05-20 22:42:42,089 - Result - INFO - bec-device-server - py/class-polliution/set-attr-get-attr: 3 flows detected. (logger.py:40)
2025-05-20 22:42:42,089 - Result - INFO - bec-device-server - py/class-polliution/shared-class-pollution-functions: 1 flows detected. (logger.py:40)
2025-05-20 22:42:42,089 - Result - INFO - bec-device-server - py/class-polliution/leaf-class-pollution-functions: 2 flows detected. (logger.py:40)
2025-05-20 22:42:43,337 - Result - INFO - starlite - py/class-polliution/set-both-get-both: 17 flows detected. (logger.py:40)
2025-05-20 22:42:43,337 - Result - INFO - starlite - py/class-polliution/shared-class-pollution-functions: 2 flows detected. (logger.py:40)
2025-05-20 22:42:43,337 - Result - INFO - starlite - py/class-polliution/leaf-class-pollution-functions: 5 flows detected. (logger.py:40)
2025-05-20 22:42:56,849 - Result - INFO - olive-ai - py/class-polliution/set-attr-get-attr: 5 flows detected. (logger.py:40)
2025-05-20 22:42:56,849 - Result - INFO - olive-ai - py/class-polliution/shared-class-pollution-functions: 1 flows detected. (logger.py:40)
2025-05-20 22:42:56,849 - Result - INFO - olive-ai - py/class-polliution/leaf-class-pollution-functions: 2 flows detected. (logger.py:40)
2025-05-20 22:43:04,203 - Result - INFO - metabase-api - py/class-polliution/set-item-get-both: 1 flows detected. (logger.py:40)
2025-05-20 22:43:04,203 - Result - INFO - metabase-api - py/class-polliution/set-item-get-attr: 1 flows detected. (logger.py:40)
2025-05-20 22:43:04,203 - Result - INFO - metabase-api - py/class-polliution/shared-class-pollution-functions: 1 flows detected. (logger.py:40)
2025-05-20 22:43:04,203 - Result - INFO - metabase-api - py/class-polliution/leaf-class-pollution-functions: 1 flows detected. (logger.py:40)
2025-05-20 22:43:11,385 - Result - INFO - optimum-rbln - py/class-polliution/set-attr-get-attr: 2 flows detected. (logger.py:40)
2025-05-20 22:43:11,385 - Result - INFO - optimum-rbln - py/class-polliution/shared-class-pollution-functions: 1 flows detected. (logger.py:40)
2025-05-20 22:43:11,385 - Result - INFO - optimum-rbln - py/class-polliution/leaf-class-pollution-functions: 1 flows detected. (logger.py:40)
2025-05-20 22:43:32,479 - Result - INFO - appdynamics-alpine - py/class-polliution/set-attr-get-attr: 19 flows detected. (logger.py:40)
2025-05-20 22:43:32,479 - Result - INFO - appdynamics-alpine - py/class-polliution/shared-class-pollution-functions: 1 flows detected. (logger.py:40)
2025-05-20 22:43:32,479 - Result - INFO - appdynamics-alpine - py/class-polliution/leaf-class-pollution-functions: 12 flows detected. (logger.py:40)
2025-05-20 22:43:39,554 - Result - INFO - syft - py/class-polliution/set-attr-get-attr: 3 flows detected. (logger.py:40)
2025-05-20 22:43:39,554 - Result - INFO - syft - py/class-polliution/shared-class-pollution-functions: 1 flows detected. (logger.py:40)
2025-05-20 22:43:39,554 - Result - INFO - syft - py/class-polliution/leaf-class-pollution-functions: 2 flows detected. (logger.py:40)
2025-05-20 22:44:01,926 - Result - INFO - tdhelper - py/class-polliution/set-item-get-both: 4 flows detected. (logger.py:40)
2025-05-20 22:44:01,926 - Result - INFO - tdhelper - py/class-polliution/set-item-get-attr: 4 flows detected. (logger.py:40)
2025-05-20 22:44:01,926 - Result - INFO - tdhelper - py/class-polliution/shared-class-pollution-functions: 1 flows detected. (logger.py:40)
2025-05-20 22:44:01,926 - Result - INFO - tdhelper - py/class-polliution/leaf-class-pollution-functions: 1 flows detected. (logger.py:40)
2025-05-20 22:44:05,467 - Result - INFO - acdcserver - py/class-polliution/set-attr-get-attr: 1 flows detected. (logger.py:40)
2025-05-20 22:44:05,467 - Result - INFO - acdcserver - py/class-polliution/shared-class-pollution-functions: 1 flows detected. (logger.py:40)
2025-05-20 22:44:05,467 - Result - INFO - acdcserver - py/class-polliution/leaf-class-pollution-functions: 1 flows detected. (logger.py:40)
2025-05-20 22:44:29,195 - Result - INFO - testflows-stash - py/class-polliution/set-both-get-both: 28 flows detected. (logger.py:40)
2025-05-20 22:44:38,712 - Result - INFO - quickstats - py/class-polliution/set-item-get-both: 7 flows detected. (logger.py:40)
2025-05-20 22:44:38,712 - Result - INFO - quickstats - py/class-polliution/set-item-get-attr: 7 flows detected. (logger.py:40)
2025-05-20 22:44:38,712 - Result - INFO - quickstats - py/class-polliution/shared-class-pollution-functions: 2 flows detected. (logger.py:40)
2025-05-20 22:44:38,712 - Result - INFO - quickstats - py/class-polliution/leaf-class-pollution-functions: 5 flows detected. (logger.py:40)
2025-05-20 22:44:41,471 - Result - INFO - ecs-composex - py/class-polliution/set-attr-get-attr: 1 flows detected. (logger.py:40)
2025-05-20 22:44:41,471 - Result - INFO - ecs-composex - py/class-polliution/shared-class-pollution-functions: 1 flows detected. (logger.py:40)
2025-05-20 22:44:41,471 - Result - INFO - ecs-composex - py/class-polliution/leaf-class-pollution-functions: 1 flows detected. (logger.py:40)
2025-05-20 22:44:54,490 - Result - INFO - azure-mgmt-resourcehealth - py/class-polliution/set-attr-get-attr: 11 flows detected. (logger.py:40)
2025-05-20 22:44:54,490 - Result - INFO - azure-mgmt-resourcehealth - py/class-polliution/shared-class-pollution-functions: 1 flows detected. (logger.py:40)
2025-05-20 22:44:54,490 - Result - INFO - azure-mgmt-resourcehealth - py/class-polliution/leaf-class-pollution-functions: 7 flows detected. (logger.py:40)
2025-05-20 22:45:00,527 - Result - INFO - protobuf-to-dict - py/class-polliution/set-attr-get-attr: 3 flows detected. (logger.py:40)
2025-05-20 22:45:00,527 - Result - INFO - protobuf-to-dict - py/class-polliution/shared-class-pollution-functions: 1 flows detected. (logger.py:40)
2025-05-20 22:45:00,527 - Result - INFO - protobuf-to-dict - py/class-polliution/leaf-class-pollution-functions: 1 flows detected. (logger.py:40)
2025-05-20 22:45:05,080 - Result - INFO - scim2-server - py/class-polliution/set-attr-get-attr: 23 flows detected. (logger.py:40)
2025-05-20 22:45:05,080 - Result - INFO - scim2-server - py/class-polliution/shared-class-pollution-functions: 1 flows detected. (logger.py:40)
2025-05-20 22:45:05,080 - Result - INFO - scim2-server - py/class-polliution/leaf-class-pollution-functions: 13 flows detected. (logger.py:40)
2025-05-20 22:45:20,868 - Result - INFO - sae-lens - py/class-polliution/set-attr-get-attr: 8 flows detected. (logger.py:40)
2025-05-20 22:45:20,868 - Result - INFO - sae-lens - py/class-polliution/shared-class-pollution-functions: 1 flows detected. (logger.py:40)
2025-05-20 22:45:20,868 - Result - INFO - sae-lens - py/class-polliution/leaf-class-pollution-functions: 7 flows detected. (logger.py:40)
2025-05-20 22:45:27,997 - Result - INFO - fastapi-amis-admin - py/class-polliution/set-attr-get-attr: 5 flows detected. (logger.py:40)
2025-05-20 22:45:27,997 - Result - INFO - fastapi-amis-admin - py/class-polliution/shared-class-pollution-functions: 1 flows detected. (logger.py:40)
2025-05-20 22:45:27,997 - Result - INFO - fastapi-amis-admin - py/class-polliution/leaf-class-pollution-functions: 2 flows detected. (logger.py:40)
2025-05-20 22:45:52,279 - Result - INFO - py3amf - py/class-polliution/set-attr-get-attr: 1 flows detected. (logger.py:40)
2025-05-20 22:45:52,279 - Result - INFO - py3amf - py/class-polliution/shared-class-pollution-functions: 1 flows detected. (logger.py:40)
2025-05-20 22:45:52,279 - Result - INFO - py3amf - py/class-polliution/leaf-class-pollution-functions: 1 flows detected. (logger.py:40)
2025-05-20 22:45:53,906 - Result - INFO - satella - py/class-polliution/set-item-get-attr: 6 flows detected. (logger.py:40)
2025-05-20 22:45:53,906 - Result - INFO - satella - py/class-polliution/shared-class-pollution-functions: 1 flows detected. (logger.py:40)
2025-05-20 22:45:53,906 - Result - INFO - satella - py/class-polliution/leaf-class-pollution-functions: 1 flows detected. (logger.py:40)
2025-05-20 22:46:17,592 - Result - INFO - azure-mgmt-redisenterprise - py/class-polliution/set-attr-get-attr: 11 flows detected. (logger.py:40)
2025-05-20 22:46:17,592 - Result - INFO - azure-mgmt-redisenterprise - py/class-polliution/shared-class-pollution-functions: 1 flows detected. (logger.py:40)
2025-05-20 22:46:17,592 - Result - INFO - azure-mgmt-redisenterprise - py/class-polliution/leaf-class-pollution-functions: 7 flows detected. (logger.py:40)
2025-05-20 22:46:40,799 - Result - INFO - django-unicorn - py/class-polliution/set-both-get-both: 11 flows detected. (logger.py:40)
2025-05-20 22:46:40,799 - Result - INFO - django-unicorn - py/class-polliution/set-attr-get-attr: 2 flows detected. (logger.py:40)
2025-05-20 22:46:40,799 - Result - INFO - django-unicorn - py/class-polliution/shared-class-pollution-functions: 1 flows detected. (logger.py:40)
2025-05-20 22:46:40,799 - Result - INFO - django-unicorn - py/class-polliution/leaf-class-pollution-functions: 7 flows detected. (logger.py:40)
2025-05-20 22:46:52,663 - Result - INFO - stdatamodels - py/class-polliution/set-attr-get-attr: 1 flows detected. (logger.py:40)
2025-05-20 22:46:52,663 - Result - INFO - stdatamodels - py/class-polliution/shared-class-pollution-functions: 1 flows detected. (logger.py:40)
2025-05-20 22:46:52,663 - Result - INFO - stdatamodels - py/class-polliution/leaf-class-pollution-functions: 1 flows detected. (logger.py:40)
2025-05-20 22:47:05,422 - Result - INFO - azure-purview-sharing - py/class-polliution/set-attr-get-attr: 11 flows detected. (logger.py:40)
2025-05-20 22:47:05,422 - Result - INFO - azure-purview-sharing - py/class-polliution/shared-class-pollution-functions: 1 flows detected. (logger.py:40)
2025-05-20 22:47:05,422 - Result - INFO - azure-purview-sharing - py/class-polliution/leaf-class-pollution-functions: 7 flows detected. (logger.py:40)
2025-05-20 22:47:12,507 - Result - INFO - zamp-public-workflow-sdk - py/class-polliution/set-both-get-attr: 7 flows detected. (logger.py:40)
2025-05-20 22:47:12,507 - Result - INFO - zamp-public-workflow-sdk - py/class-polliution/shared-class-pollution-functions: 7 flows detected. (logger.py:40)
2025-05-20 22:47:12,507 - Result - INFO - zamp-public-workflow-sdk - py/class-polliution/leaf-class-pollution-functions: 7 flows detected. (logger.py:40)
2025-05-20 22:47:32,403 - Result - INFO - libpass - py/class-polliution/set-attr-get-attr: 5 flows detected. (logger.py:40)
2025-05-20 22:47:32,403 - Result - INFO - libpass - py/class-polliution/shared-class-pollution-functions: 1 flows detected. (logger.py:40)
2025-05-20 22:47:32,403 - Result - INFO - libpass - py/class-polliution/leaf-class-pollution-functions: 1 flows detected. (logger.py:40)
2025-05-20 22:47:36,086 - Result - INFO - onediff - py/class-polliution/set-attr-get-attr: 2 flows detected. (logger.py:40)
2025-05-20 22:47:36,086 - Result - INFO - onediff - py/class-polliution/shared-class-pollution-functions: 2 flows detected. (logger.py:40)
2025-05-20 22:47:36,086 - Result - INFO - onediff - py/class-polliution/leaf-class-pollution-functions: 2 flows detected. (logger.py:40)
2025-05-20 22:47:50,977 - Result - INFO - django-restit - py/class-polliution/set-item-get-both: 58 flows detected. (logger.py:40)
2025-05-20 22:47:50,977 - Result - INFO - django-restit - py/class-polliution/set-item-get-attr: 58 flows detected. (logger.py:40)
2025-05-20 22:47:50,977 - Result - INFO - django-restit - py/class-polliution/shared-class-pollution-functions: 5 flows detected. (logger.py:40)
2025-05-20 22:47:50,977 - Result - INFO - django-restit - py/class-polliution/leaf-class-pollution-functions: 40 flows detected. (logger.py:40)
2025-05-20 22:47:55,093 - Result - INFO - torchpippy - py/class-polliution/set-attr-get-attr: 2 flows detected. (logger.py:40)
2025-05-20 22:47:55,093 - Result - INFO - torchpippy - py/class-polliution/shared-class-pollution-functions: 2 flows detected. (logger.py:40)
2025-05-20 22:47:55,093 - Result - INFO - torchpippy - py/class-polliution/leaf-class-pollution-functions: 2 flows detected. (logger.py:40)
2025-05-20 22:47:59,233 - Result - INFO - appmap - py/class-polliution/set-attr-get-attr: 7 flows detected. (logger.py:40)
2025-05-20 22:47:59,233 - Result - INFO - appmap - py/class-polliution/shared-class-pollution-functions: 1 flows detected. (logger.py:40)
2025-05-20 22:47:59,233 - Result - INFO - appmap - py/class-polliution/leaf-class-pollution-functions: 3 flows detected. (logger.py:40)
2025-05-20 22:48:12,637 - Result - INFO - agent-gpt-aws - py/class-polliution/set-both-get-both: 2 flows detected. (logger.py:40)
2025-05-20 22:48:12,637 - Result - INFO - agent-gpt-aws - py/class-polliution/shared-class-pollution-functions: 2 flows detected. (logger.py:40)
2025-05-20 22:48:12,637 - Result - INFO - agent-gpt-aws - py/class-polliution/leaf-class-pollution-functions: 2 flows detected. (logger.py:40)
2025-05-20 22:48:49,077 - Result - INFO - isc-py-common - py/class-polliution/set-item-get-both: 48 flows detected. (logger.py:40)
2025-05-20 22:48:49,077 - Result - INFO - isc-py-common - py/class-polliution/set-item-get-attr: 48 flows detected. (logger.py:40)
2025-05-20 22:48:49,077 - Result - INFO - isc-py-common - py/class-polliution/shared-class-pollution-functions: 1 flows detected. (logger.py:40)
2025-05-20 22:48:49,077 - Result - INFO - isc-py-common - py/class-polliution/leaf-class-pollution-functions: 46 flows detected. (logger.py:40)
2025-05-20 22:49:22,523 - Result - INFO - maxframe - py/class-polliution/set-attr-get-attr: 1 flows detected. (logger.py:40)
2025-05-20 22:49:22,523 - Result - INFO - maxframe - py/class-polliution/shared-class-pollution-functions: 1 flows detected. (logger.py:40)
2025-05-20 22:49:22,523 - Result - INFO - maxframe - py/class-polliution/leaf-class-pollution-functions: 1 flows detected. (logger.py:40)
2025-05-20 22:49:28,124 - Result - INFO - chainer - py/class-polliution/set-item-get-attr: 2 flows detected. (logger.py:40)
2025-05-20 22:49:28,124 - Result - INFO - chainer - py/class-polliution/shared-class-pollution-functions: 1 flows detected. (logger.py:40)
2025-05-20 22:49:28,124 - Result - INFO - chainer - py/class-polliution/leaf-class-pollution-functions: 1 flows detected. (logger.py:40)
2025-05-20 22:49:35,227 - Result - INFO - mayavi - py/class-polliution/set-attr-get-attr: 4 flows detected. (logger.py:40)
2025-05-20 22:49:35,227 - Result - INFO - mayavi - py/class-polliution/shared-class-pollution-functions: 1 flows detected. (logger.py:40)
2025-05-20 22:49:35,227 - Result - INFO - mayavi - py/class-polliution/leaf-class-pollution-functions: 1 flows detected. (logger.py:40)
2025-05-20 22:49:47,822 - Result - INFO - nbox - py/class-polliution/set-both-get-both: 4 flows detected. (logger.py:40)
2025-05-20 22:49:47,822 - Result - INFO - nbox - py/class-polliution/set-attr-get-both: 1 flows detected. (logger.py:40)
2025-05-20 22:49:47,822 - Result - INFO - nbox - py/class-polliution/shared-class-pollution-functions: 1 flows detected. (logger.py:40)
2025-05-20 22:49:47,822 - Result - INFO - nbox - py/class-polliution/leaf-class-pollution-functions: 2 flows detected. (logger.py:40)
2025-05-20 22:49:56,015 - Result - INFO - azure-communication-callautomation - py/class-polliution/set-attr-get-attr: 11 flows detected. (logger.py:40)
2025-05-20 22:49:56,015 - Result - INFO - azure-communication-callautomation - py/class-polliution/shared-class-pollution-functions: 1 flows detected. (logger.py:40)
2025-05-20 22:49:56,015 - Result - INFO - azure-communication-callautomation - py/class-polliution/leaf-class-pollution-functions: 7 flows detected. (logger.py:40)
2025-05-20 22:49:59,444 - Result - INFO - fintoolsap - py/class-polliution/set-attr-get-attr: 1 flows detected. (logger.py:40)
2025-05-20 22:49:59,444 - Result - INFO - fintoolsap - py/class-polliution/shared-class-pollution-functions: 1 flows detected. (logger.py:40)
2025-05-20 22:49:59,444 - Result - INFO - fintoolsap - py/class-polliution/leaf-class-pollution-functions: 1 flows detected. (logger.py:40)
2025-05-20 22:50:18,847 - Result - INFO - gftools - py/class-polliution/set-both-get-both: 2 flows detected. (logger.py:40)
2025-05-20 22:50:18,847 - Result - INFO - gftools - py/class-polliution/set-attr-get-attr: 1 flows detected. (logger.py:40)
2025-05-20 22:50:18,847 - Result - INFO - gftools - py/class-polliution/shared-class-pollution-functions: 3 flows detected. (logger.py:40)
2025-05-20 22:50:18,847 - Result - INFO - gftools - py/class-polliution/leaf-class-pollution-functions: 3 flows detected. (logger.py:40)
2025-05-20 22:50:23,088 - Result - INFO - windmill - py/class-polliution/set-item-get-attr: 1 flows detected. (logger.py:40)
2025-05-20 22:50:23,088 - Result - INFO - windmill - py/class-polliution/set-attr-get-attr: 1 flows detected. (logger.py:40)
2025-05-20 22:50:23,088 - Result - INFO - windmill - py/class-polliution/shared-class-pollution-functions: 2 flows detected. (logger.py:40)
2025-05-20 22:50:23,088 - Result - INFO - windmill - py/class-polliution/leaf-class-pollution-functions: 2 flows detected. (logger.py:40)
2025-05-20 22:51:20,233 - Result - INFO - freetakserver - py/class-polliution/set-attr-get-attr: 6 flows detected. (logger.py:40)
2025-05-20 22:51:20,233 - Result - INFO - freetakserver - py/class-polliution/shared-class-pollution-functions: 6 flows detected. (logger.py:40)
2025-05-20 22:51:20,233 - Result - INFO - freetakserver - py/class-polliution/leaf-class-pollution-functions: 6 flows detected. (logger.py:40)
2025-05-20 22:51:45,195 - Result - INFO - colossalai - py/class-polliution/set-attr-get-attr: 10 flows detected. (logger.py:40)
2025-05-20 22:51:45,195 - Result - INFO - colossalai - py/class-polliution/shared-class-pollution-functions: 4 flows detected. (logger.py:40)
2025-05-20 22:51:45,195 - Result - INFO - colossalai - py/class-polliution/leaf-class-pollution-functions: 8 flows detected. (logger.py:40)
2025-05-20 22:51:56,184 - Result - INFO - osbot-utils - py/class-polliution/set-attr-get-attr: 38 flows detected. (logger.py:40)
2025-05-20 22:51:56,184 - Result - INFO - osbot-utils - py/class-polliution/shared-class-pollution-functions: 1 flows detected. (logger.py:40)
2025-05-20 22:51:56,184 - Result - INFO - osbot-utils - py/class-polliution/leaf-class-pollution-functions: 14 flows detected. (logger.py:40)
2025-05-20 22:52:06,014 - Result - INFO - fsai-shared-funcs - py/class-polliution/set-attr-get-attr: 6 flows detected. (logger.py:40)
2025-05-20 22:52:06,014 - Result - INFO - fsai-shared-funcs - py/class-polliution/shared-class-pollution-functions: 1 flows detected. (logger.py:40)
2025-05-20 22:52:06,014 - Result - INFO - fsai-shared-funcs - py/class-polliution/leaf-class-pollution-functions: 2 flows detected. (logger.py:40)
2025-05-20 22:52:26,444 - Result - INFO - blaster-server - py/class-polliution/set-attr-get-attr: 2 flows detected. (logger.py:40)
2025-05-20 22:52:26,444 - Result - INFO - blaster-server - py/class-polliution/shared-class-pollution-functions: 2 flows detected. (logger.py:40)
2025-05-20 22:52:44,336 - Result - INFO - container-service-extension - py/class-polliution/set-attr-get-attr: 9 flows detected. (logger.py:40)
2025-05-20 22:52:44,336 - Result - INFO - container-service-extension - py/class-polliution/shared-class-pollution-functions: 1 flows detected. (logger.py:40)
2025-05-20 22:52:44,336 - Result - INFO - container-service-extension - py/class-polliution/leaf-class-pollution-functions: 8 flows detected. (logger.py:40)
2025-05-20 22:53:08,731 - Result - INFO - mediapipe-nightly - py/class-polliution/set-attr-get-attr: 2 flows detected. (logger.py:40)
2025-05-20 22:53:08,731 - Result - INFO - mediapipe-nightly - py/class-polliution/shared-class-pollution-functions: 1 flows detected. (logger.py:40)
2025-05-20 22:53:08,731 - Result - INFO - mediapipe-nightly - py/class-polliution/leaf-class-pollution-functions: 1 flows detected. (logger.py:40)
2025-05-20 22:53:26,169 - Result - INFO - curia - py/class-polliution/set-attr-get-attr: 4 flows detected. (logger.py:40)
2025-05-20 22:53:26,169 - Result - INFO - curia - py/class-polliution/shared-class-pollution-functions: 2 flows detected. (logger.py:40)
2025-05-20 22:53:26,169 - Result - INFO - curia - py/class-polliution/leaf-class-pollution-functions: 2 flows detected. (logger.py:40)
2025-05-20 22:53:45,764 - Result - INFO - distilabel - py/class-polliution/set-attr-get-attr: 1 flows detected. (logger.py:40)
2025-05-20 22:53:45,764 - Result - INFO - distilabel - py/class-polliution/shared-class-pollution-functions: 1 flows detected. (logger.py:40)
2025-05-20 22:53:45,764 - Result - INFO - distilabel - py/class-polliution/leaf-class-pollution-functions: 1 flows detected. (logger.py:40)
2025-05-20 22:53:45,889 - Result - INFO - apache-bookkeeper-client - py/class-polliution/set-both-get-both: 4 flows detected. (logger.py:40)
2025-05-20 22:53:45,890 - Result - INFO - apache-bookkeeper-client - py/class-polliution/set-attr-get-both: 1 flows detected. (logger.py:40)
2025-05-20 22:53:45,890 - Result - INFO - apache-bookkeeper-client - py/class-polliution/shared-class-pollution-functions: 1 flows detected. (logger.py:40)
2025-05-20 22:53:45,890 - Result - INFO - apache-bookkeeper-client - py/class-polliution/leaf-class-pollution-functions: 2 flows detected. (logger.py:40)
2025-05-20 22:54:00,968 - Result - INFO - azure-ai-resources - py/class-polliution/set-attr-get-attr: 11 flows detected. (logger.py:40)
2025-05-20 22:54:00,968 - Result - INFO - azure-ai-resources - py/class-polliution/shared-class-pollution-functions: 1 flows detected. (logger.py:40)
2025-05-20 22:54:00,968 - Result - INFO - azure-ai-resources - py/class-polliution/leaf-class-pollution-functions: 7 flows detected. (logger.py:40)
2025-05-20 22:54:09,162 - Result - INFO - thds-core - py/class-polliution/set-both-get-attr: 1 flows detected. (logger.py:40)
2025-05-20 22:54:09,162 - Result - INFO - thds-core - py/class-polliution/shared-class-pollution-functions: 1 flows detected. (logger.py:40)
2025-05-20 22:54:09,162 - Result - INFO - thds-core - py/class-polliution/leaf-class-pollution-functions: 1 flows detected. (logger.py:40)
2025-05-20 22:54:12,369 - Result - INFO - azure-iot-deviceupdate - py/class-polliution/set-attr-get-attr: 11 flows detected. (logger.py:40)
2025-05-20 22:54:12,369 - Result - INFO - azure-iot-deviceupdate - py/class-polliution/shared-class-pollution-functions: 1 flows detected. (logger.py:40)
2025-05-20 22:54:12,369 - Result - INFO - azure-iot-deviceupdate - py/class-polliution/leaf-class-pollution-functions: 7 flows detected. (logger.py:40)
2025-05-20 22:54:31,301 - Result - INFO - lsst-pipe-base - py/class-polliution/set-attr-get-attr: 5 flows detected. (logger.py:40)
2025-05-20 22:54:31,301 - Result - INFO - lsst-pipe-base - py/class-polliution/shared-class-pollution-functions: 2 flows detected. (logger.py:40)
2025-05-20 22:54:31,301 - Result - INFO - lsst-pipe-base - py/class-polliution/leaf-class-pollution-functions: 4 flows detected. (logger.py:40)
2025-05-20 22:54:34,964 - Result - INFO - libhanger - py/class-polliution/set-attr-get-attr: 2 flows detected. (logger.py:40)
2025-05-20 22:54:34,964 - Result - INFO - libhanger - py/class-polliution/shared-class-pollution-functions: 1 flows detected. (logger.py:40)
2025-05-20 22:54:34,964 - Result - INFO - libhanger - py/class-polliution/leaf-class-pollution-functions: 1 flows detected. (logger.py:40)
2025-05-20 22:54:35,671 - Result - INFO - plexflow - py/class-polliution/set-attr-get-attr: 1 flows detected. (logger.py:40)
2025-05-20 22:54:35,671 - Result - INFO - plexflow - py/class-polliution/shared-class-pollution-functions: 1 flows detected. (logger.py:40)
2025-05-20 22:54:35,671 - Result - INFO - plexflow - py/class-polliution/leaf-class-pollution-functions: 1 flows detected. (logger.py:40)
2025-05-20 22:54:58,139 - Result - INFO - zugbruecke - py/class-polliution/set-both-get-both: 2 flows detected. (logger.py:40)
2025-05-20 22:54:58,139 - Result - INFO - zugbruecke - py/class-polliution/set-attr-get-attr: 4 flows detected. (logger.py:40)
2025-05-20 22:54:58,139 - Result - INFO - zugbruecke - py/class-polliution/shared-class-pollution-functions: 4 flows detected. (logger.py:40)
2025-05-20 22:54:58,139 - Result - INFO - zugbruecke - py/class-polliution/leaf-class-pollution-functions: 4 flows detected. (logger.py:40)
2025-05-20 22:55:04,328 - Result - INFO - geodesic-api - py/class-polliution/set-both-get-both: 47 flows detected. (logger.py:40)
2025-05-20 22:55:04,328 - Result - INFO - geodesic-api - py/class-polliution/shared-class-pollution-functions: 34 flows detected. (logger.py:40)
2025-05-20 22:55:04,328 - Result - INFO - geodesic-api - py/class-polliution/leaf-class-pollution-functions: 34 flows detected. (logger.py:40)
2025-05-20 22:55:27,356 - Result - INFO - raygun4py - py/class-polliution/set-item-get-attr: 14 flows detected. (logger.py:40)
2025-05-20 22:55:27,356 - Result - INFO - raygun4py - py/class-polliution/shared-class-pollution-functions: 1 flows detected. (logger.py:40)
2025-05-20 22:55:27,356 - Result - INFO - raygun4py - py/class-polliution/leaf-class-pollution-functions: 12 flows detected. (logger.py:40)
2025-05-20 22:55:46,523 - Result - INFO - python-simpleconf - py/class-polliution/set-item-get-both: 2 flows detected. (logger.py:40)
2025-05-20 22:55:46,523 - Result - INFO - python-simpleconf - py/class-polliution/set-item-get-attr: 2 flows detected. (logger.py:40)
2025-05-20 22:55:46,523 - Result - INFO - python-simpleconf - py/class-polliution/shared-class-pollution-functions: 2 flows detected. (logger.py:40)
2025-05-20 22:55:46,523 - Result - INFO - python-simpleconf - py/class-polliution/leaf-class-pollution-functions: 2 flows detected. (logger.py:40)
2025-05-20 22:55:46,799 - Result - INFO - kmport - py/class-polliution/set-item-get-both: 90 flows detected. (logger.py:40)
2025-05-20 22:55:46,799 - Result - INFO - kmport - py/class-polliution/set-item-get-attr: 90 flows detected. (logger.py:40)
2025-05-20 22:55:46,799 - Result - INFO - kmport - py/class-polliution/shared-class-pollution-functions: 1 flows detected. (logger.py:40)
2025-05-20 22:55:46,799 - Result - INFO - kmport - py/class-polliution/leaf-class-pollution-functions: 30 flows detected. (logger.py:40)
2025-05-20 22:55:50,251 - Result - INFO - hpcflow-new2 - py/class-polliution/set-item-get-both: 22 flows detected. (logger.py:40)
2025-05-20 22:55:50,251 - Result - INFO - hpcflow-new2 - py/class-polliution/set-item-get-attr: 22 flows detected. (logger.py:40)
2025-05-20 22:55:50,251 - Result - INFO - hpcflow-new2 - py/class-polliution/shared-class-pollution-functions: 1 flows detected. (logger.py:40)
2025-05-20 22:55:50,251 - Result - INFO - hpcflow-new2 - py/class-polliution/leaf-class-pollution-functions: 8 flows detected. (logger.py:40)
2025-05-20 22:56:09,818 - Result - INFO - requre - py/class-polliution/set-attr-get-attr: 4 flows detected. (logger.py:40)
2025-05-20 22:56:09,818 - Result - INFO - requre - py/class-polliution/shared-class-pollution-functions: 1 flows detected. (logger.py:40)
2025-05-20 22:56:09,818 - Result - INFO - requre - py/class-polliution/leaf-class-pollution-functions: 2 flows detected. (logger.py:40)
2025-05-20 22:56:11,530 - Result - INFO - coilpy - py/class-polliution/set-item-get-both: 1 flows detected. (logger.py:40)
2025-05-20 22:56:11,531 - Result - INFO - coilpy - py/class-polliution/set-item-get-attr: 1 flows detected. (logger.py:40)
2025-05-20 22:56:11,531 - Result - INFO - coilpy - py/class-polliution/shared-class-pollution-functions: 1 flows detected. (logger.py:40)
2025-05-20 22:56:11,531 - Result - INFO - coilpy - py/class-polliution/leaf-class-pollution-functions: 1 flows detected. (logger.py:40)
2025-05-20 22:56:13,274 - Result - INFO - javascript-fixes - py/class-polliution/set-both-get-both: 3 flows detected. (logger.py:40)
2025-05-20 22:56:13,274 - Result - INFO - javascript-fixes - py/class-polliution/shared-class-pollution-functions: 1 flows detected. (logger.py:40)
2025-05-20 22:56:13,274 - Result - INFO - javascript-fixes - py/class-polliution/leaf-class-pollution-functions: 1 flows detected. (logger.py:40)
2025-05-20 22:56:34,893 - Result - INFO - m3-ui - py/class-polliution/set-both-get-both: 3 flows detected. (logger.py:40)
2025-05-20 22:56:34,893 - Result - INFO - m3-ui - py/class-polliution/shared-class-pollution-functions: 2 flows detected. (logger.py:40)
2025-05-20 22:56:34,893 - Result - INFO - m3-ui - py/class-polliution/leaf-class-pollution-functions: 2 flows detected. (logger.py:40)
2025-05-20 22:56:45,828 - Result - INFO - base-aux - py/class-polliution/set-both-get-both: 1 flows detected. (logger.py:40)
2025-05-20 22:56:54,533 - Result - INFO - confme - py/class-polliution/set-attr-get-attr: 1 flows detected. (logger.py:40)
2025-05-20 22:56:54,533 - Result - INFO - confme - py/class-polliution/shared-class-pollution-functions: 1 flows detected. (logger.py:40)
2025-05-20 22:56:54,533 - Result - INFO - confme - py/class-polliution/leaf-class-pollution-functions: 1 flows detected. (logger.py:40)
2025-05-20 22:57:12,503 - Result - INFO - libbs - py/class-polliution/set-attr-get-attr: 3 flows detected. (logger.py:40)
2025-05-20 22:57:12,503 - Result - INFO - libbs - py/class-polliution/shared-class-pollution-functions: 1 flows detected. (logger.py:40)
2025-05-20 22:57:12,503 - Result - INFO - libbs - py/class-polliution/leaf-class-pollution-functions: 1 flows detected. (logger.py:40)
2025-05-20 22:57:19,844 - Result - INFO - azure-maps-route - py/class-polliution/set-attr-get-attr: 11 flows detected. (logger.py:40)
2025-05-20 22:57:19,844 - Result - INFO - azure-maps-route - py/class-polliution/shared-class-pollution-functions: 1 flows detected. (logger.py:40)
2025-05-20 22:57:19,844 - Result - INFO - azure-maps-route - py/class-polliution/leaf-class-pollution-functions: 7 flows detected. (logger.py:40)
2025-05-20 22:58:36,404 - Result - INFO - xj-enroll - py/class-polliution/set-item-get-both: 5 flows detected. (logger.py:40)
2025-05-20 22:58:36,404 - Result - INFO - xj-enroll - py/class-polliution/set-item-get-attr: 5 flows detected. (logger.py:40)
2025-05-20 22:58:36,404 - Result - INFO - xj-enroll - py/class-polliution/shared-class-pollution-functions: 2 flows detected. (logger.py:40)
2025-05-20 22:58:36,404 - Result - INFO - xj-enroll - py/class-polliution/leaf-class-pollution-functions: 3 flows detected. (logger.py:40)
2025-05-20 22:59:19,720 - Result - INFO - cpppo - py/class-polliution/set-item-get-both: 5 flows detected. (logger.py:40)
2025-05-20 22:59:19,720 - Result - INFO - cpppo - py/class-polliution/set-item-get-attr: 5 flows detected. (logger.py:40)
2025-05-20 22:59:19,720 - Result - INFO - cpppo - py/class-polliution/shared-class-pollution-functions: 1 flows detected. (logger.py:40)
2025-05-20 22:59:19,720 - Result - INFO - cpppo - py/class-polliution/leaf-class-pollution-functions: 2 flows detected. (logger.py:40)
2025-05-20 22:59:35,188 - Result - INFO - global-workqueue - py/class-polliution/set-attr-get-attr: 3 flows detected. (logger.py:40)
2025-05-20 22:59:35,188 - Result - INFO - global-workqueue - py/class-polliution/shared-class-pollution-functions: 3 flows detected. (logger.py:40)
2025-05-20 22:59:35,188 - Result - INFO - global-workqueue - py/class-polliution/leaf-class-pollution-functions: 3 flows detected. (logger.py:40)
2025-05-20 22:59:47,375 - Result - INFO - dnastack-client-library - py/class-polliution/set-both-get-both: 5 flows detected. (logger.py:40)
2025-05-20 22:59:47,375 - Result - INFO - dnastack-client-library - py/class-polliution/shared-class-pollution-functions: 1 flows detected. (logger.py:40)
2025-05-20 22:59:47,375 - Result - INFO - dnastack-client-library - py/class-polliution/leaf-class-pollution-functions: 2 flows detected. (logger.py:40)
2025-05-20 23:00:01,901 - Result - INFO - scoutsuite - py/class-polliution/set-both-get-both: 8 flows detected. (logger.py:40)
2025-05-20 23:00:09,162 - Result - INFO - openstates - py/class-polliution/set-attr-get-attr: 9 flows detected. (logger.py:40)
2025-05-20 23:00:09,162 - Result - INFO - openstates - py/class-polliution/shared-class-pollution-functions: 1 flows detected. (logger.py:40)
2025-05-20 23:00:09,162 - Result - INFO - openstates - py/class-polliution/leaf-class-pollution-functions: 5 flows detected. (logger.py:40)
2025-05-20 23:00:21,854 - Result - INFO - xtrack - py/class-polliution/set-both-get-both: 2 flows detected. (logger.py:40)
2025-05-20 23:00:21,854 - Result - INFO - xtrack - py/class-polliution/shared-class-pollution-functions: 1 flows detected. (logger.py:40)
2025-05-20 23:00:21,854 - Result - INFO - xtrack - py/class-polliution/leaf-class-pollution-functions: 1 flows detected. (logger.py:40)
2025-05-20 23:00:24,885 - Result - INFO - cdp-backend - py/class-polliution/set-attr-get-attr: 4 flows detected. (logger.py:40)
2025-05-20 23:00:24,885 - Result - INFO - cdp-backend - py/class-polliution/shared-class-pollution-functions: 1 flows detected. (logger.py:40)
2025-05-20 23:00:24,885 - Result - INFO - cdp-backend - py/class-polliution/leaf-class-pollution-functions: 1 flows detected. (logger.py:40)
2025-05-20 23:00:30,358 - Result - INFO - sleuth-mock - py/class-polliution/set-attr-get-attr: 5 flows detected. (logger.py:40)
2025-05-20 23:00:30,358 - Result - INFO - sleuth-mock - py/class-polliution/shared-class-pollution-functions: 1 flows detected. (logger.py:40)
2025-05-20 23:00:30,358 - Result - INFO - sleuth-mock - py/class-polliution/leaf-class-pollution-functions: 2 flows detected. (logger.py:40)
2025-05-20 23:00:54,848 - Result - INFO - azure-ai-anomalydetector - py/class-polliution/set-attr-get-attr: 11 flows detected. (logger.py:40)
2025-05-20 23:00:54,848 - Result - INFO - azure-ai-anomalydetector - py/class-polliution/shared-class-pollution-functions: 1 flows detected. (logger.py:40)
2025-05-20 23:00:54,848 - Result - INFO - azure-ai-anomalydetector - py/class-polliution/leaf-class-pollution-functions: 7 flows detected. (logger.py:40)
2025-05-20 23:00:56,974 - Result - INFO - ellar - py/class-polliution/set-attr-get-attr: 1 flows detected. (logger.py:40)
2025-05-20 23:00:56,974 - Result - INFO - ellar - py/class-polliution/shared-class-pollution-functions: 1 flows detected. (logger.py:40)
2025-05-20 23:00:56,974 - Result - INFO - ellar - py/class-polliution/leaf-class-pollution-functions: 1 flows detected. (logger.py:40)
2025-05-20 23:01:04,702 - Result - INFO - mcdreforged - py/class-polliution/set-attr-get-attr: 1 flows detected. (logger.py:40)
2025-05-20 23:01:04,702 - Result - INFO - mcdreforged - py/class-polliution/shared-class-pollution-functions: 1 flows detected. (logger.py:40)
2025-05-20 23:01:04,702 - Result - INFO - mcdreforged - py/class-polliution/leaf-class-pollution-functions: 1 flows detected. (logger.py:40)
2025-05-20 23:01:15,212 - Result - INFO - buildz - py/class-polliution/set-item-get-both: 8 flows detected. (logger.py:40)
2025-05-20 23:01:15,212 - Result - INFO - buildz - py/class-polliution/set-item-get-attr: 8 flows detected. (logger.py:40)
2025-05-20 23:01:15,212 - Result - INFO - buildz - py/class-polliution/shared-class-pollution-functions: 3 flows detected. (logger.py:40)
2025-05-20 23:01:15,212 - Result - INFO - buildz - py/class-polliution/leaf-class-pollution-functions: 6 flows detected. (logger.py:40)
2025-05-20 23:01:20,845 - Result - INFO - mcap-ros1-support - py/class-polliution/set-attr-get-attr: 3 flows detected. (logger.py:40)
2025-05-20 23:01:20,845 - Result - INFO - mcap-ros1-support - py/class-polliution/shared-class-pollution-functions: 1 flows detected. (logger.py:40)
2025-05-20 23:01:20,845 - Result - INFO - mcap-ros1-support - py/class-polliution/leaf-class-pollution-functions: 1 flows detected. (logger.py:40)
2025-05-20 23:01:32,184 - Result - INFO - normalize - py/class-polliution/set-both-get-both: 2 flows detected. (logger.py:40)
2025-05-20 23:01:32,184 - Result - INFO - normalize - py/class-polliution/shared-class-pollution-functions: 1 flows detected. (logger.py:40)
2025-05-20 23:01:32,184 - Result - INFO - normalize - py/class-polliution/leaf-class-pollution-functions: 1 flows detected. (logger.py:40)
2025-05-20 23:01:36,230 - Result - INFO - hcs-core - py/class-polliution/set-both-get-both: 1 flows detected. (logger.py:40)
2025-05-20 23:01:36,231 - Result - INFO - hcs-core - py/class-polliution/shared-class-pollution-functions: 1 flows detected. (logger.py:40)
2025-05-20 23:01:36,231 - Result - INFO - hcs-core - py/class-polliution/leaf-class-pollution-functions: 1 flows detected. (logger.py:40)
2025-05-20 23:01:57,324 - Result - INFO - azure-mgmt-graphservices - py/class-polliution/set-attr-get-attr: 11 flows detected. (logger.py:40)
2025-05-20 23:01:57,324 - Result - INFO - azure-mgmt-graphservices - py/class-polliution/shared-class-pollution-functions: 1 flows detected. (logger.py:40)
2025-05-20 23:01:57,324 - Result - INFO - azure-mgmt-graphservices - py/class-polliution/leaf-class-pollution-functions: 7 flows detected. (logger.py:40)
2025-05-20 23:01:59,020 - Result - INFO - httptesting - py/class-polliution/set-item-get-both: 1 flows detected. (logger.py:40)
2025-05-20 23:01:59,020 - Result - INFO - httptesting - py/class-polliution/set-item-get-attr: 1 flows detected. (logger.py:40)
2025-05-20 23:01:59,020 - Result - INFO - httptesting - py/class-polliution/shared-class-pollution-functions: 1 flows detected. (logger.py:40)
2025-05-20 23:01:59,021 - Result - INFO - httptesting - py/class-polliution/leaf-class-pollution-functions: 1 flows detected. (logger.py:40)
2025-05-20 23:02:07,942 - Result - INFO - dero - py/class-polliution/set-attr-get-attr: 1 flows detected. (logger.py:40)
2025-05-20 23:02:07,942 - Result - INFO - dero - py/class-polliution/shared-class-pollution-functions: 1 flows detected. (logger.py:40)
2025-05-20 23:02:07,942 - Result - INFO - dero - py/class-polliution/leaf-class-pollution-functions: 1 flows detected. (logger.py:40)
2025-05-20 23:02:34,561 - Result - INFO - steam-sdk - py/class-polliution/set-both-get-both: 30 flows detected. (logger.py:40)
2025-05-20 23:02:34,561 - Result - INFO - steam-sdk - py/class-polliution/shared-class-pollution-functions: 1 flows detected. (logger.py:40)
2025-05-20 23:02:34,561 - Result - INFO - steam-sdk - py/class-polliution/leaf-class-pollution-functions: 11 flows detected. (logger.py:40)
2025-05-20 23:02:36,710 - Result - INFO - azure-mgmt-healthcareapis - py/class-polliution/set-attr-get-attr: 11 flows detected. (logger.py:40)
2025-05-20 23:02:36,710 - Result - INFO - azure-mgmt-healthcareapis - py/class-polliution/shared-class-pollution-functions: 1 flows detected. (logger.py:40)
2025-05-20 23:02:36,710 - Result - INFO - azure-mgmt-healthcareapis - py/class-polliution/leaf-class-pollution-functions: 7 flows detected. (logger.py:40)
2025-05-20 23:03:02,476 - Result - INFO - onediffx - py/class-polliution/set-attr-get-attr: 1 flows detected. (logger.py:40)
2025-05-20 23:03:02,476 - Result - INFO - onediffx - py/class-polliution/shared-class-pollution-functions: 1 flows detected. (logger.py:40)
2025-05-20 23:03:02,476 - Result - INFO - onediffx - py/class-polliution/leaf-class-pollution-functions: 1 flows detected. (logger.py:40)
2025-05-20 23:03:08,393 - Result - INFO - opensafely - py/class-polliution/set-attr-get-attr: 20 flows detected. (logger.py:40)
2025-05-20 23:03:08,393 - Result - INFO - opensafely - py/class-polliution/shared-class-pollution-functions: 1 flows detected. (logger.py:40)
2025-05-20 23:03:08,393 - Result - INFO - opensafely - py/class-polliution/leaf-class-pollution-functions: 6 flows detected. (logger.py:40)
2025-05-20 23:03:18,808 - Result - INFO - hordelib - py/class-polliution/set-attr-get-attr: 2 flows detected. (logger.py:40)
2025-05-20 23:03:18,808 - Result - INFO - hordelib - py/class-polliution/shared-class-pollution-functions: 1 flows detected. (logger.py:40)
2025-05-20 23:03:18,808 - Result - INFO - hordelib - py/class-polliution/leaf-class-pollution-functions: 1 flows detected. (logger.py:40)
2025-05-20 23:03:27,219 - Result - INFO - fa-common - py/class-polliution/set-attr-get-attr: 2 flows detected. (logger.py:40)
2025-05-20 23:03:27,219 - Result - INFO - fa-common - py/class-polliution/shared-class-pollution-functions: 1 flows detected. (logger.py:40)
2025-05-20 23:03:27,219 - Result - INFO - fa-common - py/class-polliution/leaf-class-pollution-functions: 1 flows detected. (logger.py:40)
2025-05-20 23:03:47,523 - Result - INFO - xorbits - py/class-polliution/set-attr-get-attr: 2 flows detected. (logger.py:40)
2025-05-20 23:03:47,523 - Result - INFO - xorbits - py/class-polliution/shared-class-pollution-functions: 2 flows detected. (logger.py:40)
2025-05-20 23:03:47,523 - Result - INFO - xorbits - py/class-polliution/leaf-class-pollution-functions: 2 flows detected. (logger.py:40)
2025-05-20 23:03:51,172 - Result - INFO - pipegraphpy - py/class-polliution/set-item-get-both: 2 flows detected. (logger.py:40)
2025-05-20 23:03:51,172 - Result - INFO - pipegraphpy - py/class-polliution/set-item-get-attr: 2 flows detected. (logger.py:40)
2025-05-20 23:03:51,172 - Result - INFO - pipegraphpy - py/class-polliution/shared-class-pollution-functions: 1 flows detected. (logger.py:40)
2025-05-20 23:03:51,172 - Result - INFO - pipegraphpy - py/class-polliution/leaf-class-pollution-functions: 1 flows detected. (logger.py:40)
2025-05-20 23:03:53,465 - Result - INFO - colony - py/class-polliution/set-both-get-both: 3 flows detected. (logger.py:40)
2025-05-20 23:04:00,406 - Result - INFO - getdist - py/class-polliution/set-attr-get-attr: 3 flows detected. (logger.py:40)
2025-05-20 23:04:00,406 - Result - INFO - getdist - py/class-polliution/shared-class-pollution-functions: 1 flows detected. (logger.py:40)
2025-05-20 23:04:00,406 - Result - INFO - getdist - py/class-polliution/leaf-class-pollution-functions: 1 flows detected. (logger.py:40)
2025-05-20 23:04:16,667 - Result - INFO - selectorcolor - py/class-polliution/set-attr-get-attr: 7 flows detected. (logger.py:40)
2025-05-20 23:04:16,667 - Result - INFO - selectorcolor - py/class-polliution/shared-class-pollution-functions: 7 flows detected. (logger.py:40)
2025-05-20 23:04:16,667 - Result - INFO - selectorcolor - py/class-polliution/leaf-class-pollution-functions: 7 flows detected. (logger.py:40)
2025-05-20 23:04:20,753 - Result - INFO - pyleco - py/class-polliution/set-attr-get-attr: 2 flows detected. (logger.py:40)
2025-05-20 23:04:20,753 - Result - INFO - pyleco - py/class-polliution/shared-class-pollution-functions: 2 flows detected. (logger.py:40)
2025-05-20 23:04:20,753 - Result - INFO - pyleco - py/class-polliution/leaf-class-pollution-functions: 2 flows detected. (logger.py:40)
2025-05-20 23:04:27,760 - Result - INFO - iommi - py/class-polliution/set-attr-get-attr: 3 flows detected. (logger.py:40)
2025-05-20 23:04:27,760 - Result - INFO - iommi - py/class-polliution/shared-class-pollution-functions: 1 flows detected. (logger.py:40)
2025-05-20 23:04:27,760 - Result - INFO - iommi - py/class-polliution/leaf-class-pollution-functions: 2 flows detected. (logger.py:40)
2025-05-20 23:04:46,019 - Result - INFO - roman-datamodels - py/class-polliution/set-both-get-attr: 4 flows detected. (logger.py:40)
2025-05-20 23:04:46,019 - Result - INFO - roman-datamodels - py/class-polliution/shared-class-pollution-functions: 4 flows detected. (logger.py:40)
2025-05-20 23:04:46,019 - Result - INFO - roman-datamodels - py/class-polliution/leaf-class-pollution-functions: 4 flows detected. (logger.py:40)
2025-05-20 23:04:54,904 - Result - INFO - brevitas - py/class-polliution/set-attr-get-attr: 12 flows detected. (logger.py:40)
2025-05-20 23:04:54,904 - Result - INFO - brevitas - py/class-polliution/shared-class-pollution-functions: 2 flows detected. (logger.py:40)
2025-05-20 23:04:54,904 - Result - INFO - brevitas - py/class-polliution/leaf-class-pollution-functions: 8 flows detected. (logger.py:40)
2025-05-20 23:05:00,499 - Result - INFO - deepdoctection - py/class-polliution/set-attr-get-attr: 11 flows detected. (logger.py:40)
2025-05-20 23:05:00,499 - Result - INFO - deepdoctection - py/class-polliution/shared-class-pollution-functions: 1 flows detected. (logger.py:40)
2025-05-20 23:05:00,499 - Result - INFO - deepdoctection - py/class-polliution/leaf-class-pollution-functions: 5 flows detected. (logger.py:40)
2025-05-20 23:05:18,739 - Result - INFO - paramparse - py/class-polliution/set-attr-get-attr: 1 flows detected. (logger.py:40)
2025-05-20 23:05:18,739 - Result - INFO - paramparse - py/class-polliution/shared-class-pollution-functions: 1 flows detected. (logger.py:40)
2025-05-20 23:05:18,739 - Result - INFO - paramparse - py/class-polliution/leaf-class-pollution-functions: 1 flows detected. (logger.py:40)
2025-05-20 23:05:25,443 - Result - INFO - wmagent - py/class-polliution/set-attr-get-attr: 8 flows detected. (logger.py:40)
2025-05-20 23:05:25,443 - Result - INFO - wmagent - py/class-polliution/shared-class-pollution-functions: 1 flows detected. (logger.py:40)
2025-05-20 23:05:25,443 - Result - INFO - wmagent - py/class-polliution/leaf-class-pollution-functions: 5 flows detected. (logger.py:40)
2025-05-20 23:05:26,732 - Result - INFO - edgy - py/class-polliution/set-attr-get-attr: 4 flows detected. (logger.py:40)
2025-05-20 23:05:26,732 - Result - INFO - edgy - py/class-polliution/shared-class-pollution-functions: 4 flows detected. (logger.py:40)
2025-05-20 23:05:26,732 - Result - INFO - edgy - py/class-polliution/leaf-class-pollution-functions: 4 flows detected. (logger.py:40)
2025-05-20 23:05:50,081 - Result - INFO - graphql-core-next - py/class-polliution/set-both-get-attr: 43 flows detected. (logger.py:40)
2025-05-20 23:05:50,081 - Result - INFO - graphql-core-next - py/class-polliution/shared-class-pollution-functions: 1 flows detected. (logger.py:40)
2025-05-20 23:05:50,081 - Result - INFO - graphql-core-next - py/class-polliution/leaf-class-pollution-functions: 12 flows detected. (logger.py:40)
2025-05-20 23:06:19,069 - Result - INFO - finesse - py/class-polliution/set-attr-get-attr: 17 flows detected. (logger.py:40)
2025-05-20 23:06:19,069 - Result - INFO - finesse - py/class-polliution/shared-class-pollution-functions: 1 flows detected. (logger.py:40)
2025-05-20 23:06:19,069 - Result - INFO - finesse - py/class-polliution/leaf-class-pollution-functions: 12 flows detected. (logger.py:40)
2025-05-20 23:06:26,541 - Result - INFO - shuup - py/class-polliution/set-attr-get-attr: 2 flows detected. (logger.py:40)
2025-05-20 23:06:26,541 - Result - INFO - shuup - py/class-polliution/shared-class-pollution-functions: 1 flows detected. (logger.py:40)
2025-05-20 23:06:26,541 - Result - INFO - shuup - py/class-polliution/leaf-class-pollution-functions: 1 flows detected. (logger.py:40)
2025-05-20 23:06:44,256 - Result - INFO - minimock - py/class-polliution/set-attr-get-attr: 2 flows detected. (logger.py:40)
2025-05-20 23:06:44,256 - Result - INFO - minimock - py/class-polliution/shared-class-pollution-functions: 1 flows detected. (logger.py:40)
2025-05-20 23:06:44,256 - Result - INFO - minimock - py/class-polliution/leaf-class-pollution-functions: 1 flows detected. (logger.py:40)
2025-05-20 23:06:49,333 - Result - INFO - mikeio - py/class-polliution/set-attr-get-attr: 1 flows detected. (logger.py:40)
2025-05-20 23:06:49,333 - Result - INFO - mikeio - py/class-polliution/shared-class-pollution-functions: 1 flows detected. (logger.py:40)
2025-05-20 23:06:49,333 - Result - INFO - mikeio - py/class-polliution/leaf-class-pollution-functions: 1 flows detected. (logger.py:40)
2025-05-20 23:06:54,268 - Result - INFO - loutilities - py/class-polliution/set-attr-get-attr: 2 flows detected. (logger.py:40)
2025-05-20 23:06:54,268 - Result - INFO - loutilities - py/class-polliution/shared-class-pollution-functions: 1 flows detected. (logger.py:40)
2025-05-20 23:06:54,268 - Result - INFO - loutilities - py/class-polliution/leaf-class-pollution-functions: 1 flows detected. (logger.py:40)
2025-05-20 23:07:11,028 - Result - INFO - ignos-internal-api-client - py/class-polliution/set-attr-get-attr: 11 flows detected. (logger.py:40)
2025-05-20 23:07:11,028 - Result - INFO - ignos-internal-api-client - py/class-polliution/shared-class-pollution-functions: 1 flows detected. (logger.py:40)
2025-05-20 23:07:11,028 - Result - INFO - ignos-internal-api-client - py/class-polliution/leaf-class-pollution-functions: 7 flows detected. (logger.py:40)
2025-05-20 23:07:12,557 - Result - INFO - blazeutils - py/class-polliution/set-attr-get-attr: 1 flows detected. (logger.py:40)
2025-05-20 23:07:12,557 - Result - INFO - blazeutils - py/class-polliution/shared-class-pollution-functions: 1 flows detected. (logger.py:40)
2025-05-20 23:07:12,557 - Result - INFO - blazeutils - py/class-polliution/leaf-class-pollution-functions: 1 flows detected. (logger.py:40)
2025-05-20 23:07:41,938 - Result - INFO - sparsezoo - py/class-polliution/set-both-get-attr: 2 flows detected. (logger.py:40)
2025-05-20 23:07:41,938 - Result - INFO - sparsezoo - py/class-polliution/shared-class-pollution-functions: 1 flows detected. (logger.py:40)
2025-05-20 23:07:41,938 - Result - INFO - sparsezoo - py/class-polliution/leaf-class-pollution-functions: 1 flows detected. (logger.py:40)
2025-05-20 23:07:46,816 - Result - INFO - sciris - py/class-polliution/set-item-get-both: 2 flows detected. (logger.py:40)
2025-05-20 23:07:46,816 - Result - INFO - sciris - py/class-polliution/set-attr-get-both: 1 flows detected. (logger.py:40)
2025-05-20 23:07:46,816 - Result - INFO - sciris - py/class-polliution/set-item-get-attr: 2 flows detected. (logger.py:40)
2025-05-20 23:07:46,816 - Result - INFO - sciris - py/class-polliution/shared-class-pollution-functions: 1 flows detected. (logger.py:40)
2025-05-20 23:07:46,816 - Result - INFO - sciris - py/class-polliution/leaf-class-pollution-functions: 2 flows detected. (logger.py:40)
2025-05-20 23:07:48,739 - Result - INFO - sqreen - py/class-polliution/set-attr-get-attr: 7 flows detected. (logger.py:40)
2025-05-20 23:07:48,739 - Result - INFO - sqreen - py/class-polliution/shared-class-pollution-functions: 1 flows detected. (logger.py:40)
2025-05-20 23:07:48,739 - Result - INFO - sqreen - py/class-polliution/leaf-class-pollution-functions: 2 flows detected. (logger.py:40)
2025-05-20 23:08:09,875 - Result - INFO - dendro - py/class-polliution/set-attr-get-attr: 3 flows detected. (logger.py:40)
2025-05-20 23:08:09,875 - Result - INFO - dendro - py/class-polliution/shared-class-pollution-functions: 3 flows detected. (logger.py:40)
2025-05-20 23:08:09,875 - Result - INFO - dendro - py/class-polliution/leaf-class-pollution-functions: 3 flows detected. (logger.py:40)
2025-05-20 23:08:10,401 - Result - INFO - pyodmongo - py/class-polliution/set-item-get-both: 1 flows detected. (logger.py:40)
2025-05-20 23:08:10,401 - Result - INFO - pyodmongo - py/class-polliution/set-item-get-attr: 1 flows detected. (logger.py:40)
2025-05-20 23:08:10,401 - Result - INFO - pyodmongo - py/class-polliution/shared-class-pollution-functions: 1 flows detected. (logger.py:40)
2025-05-20 23:08:10,401 - Result - INFO - pyodmongo - py/class-polliution/leaf-class-pollution-functions: 1 flows detected. (logger.py:40)
2025-05-20 23:08:17,471 - Result - INFO - wmcore - py/class-polliution/set-attr-get-attr: 8 flows detected. (logger.py:40)
2025-05-20 23:08:17,471 - Result - INFO - wmcore - py/class-polliution/shared-class-pollution-functions: 1 flows detected. (logger.py:40)
2025-05-20 23:08:17,471 - Result - INFO - wmcore - py/class-polliution/leaf-class-pollution-functions: 5 flows detected. (logger.py:40)
2025-05-20 23:08:31,796 - Result - INFO - argx - py/class-polliution/set-attr-get-attr: 11 flows detected. (logger.py:40)
2025-05-20 23:08:31,796 - Result - INFO - argx - py/class-polliution/shared-class-pollution-functions: 1 flows detected. (logger.py:40)
2025-05-20 23:08:31,796 - Result - INFO - argx - py/class-polliution/leaf-class-pollution-functions: 2 flows detected. (logger.py:40)
2025-05-20 23:08:31,998 - Result - INFO - beniutils - py/class-polliution/set-attr-get-both: 3 flows detected. (logger.py:40)
2025-05-20 23:08:31,998 - Result - INFO - beniutils - py/class-polliution/shared-class-pollution-functions: 1 flows detected. (logger.py:40)
2025-05-20 23:08:31,998 - Result - INFO - beniutils - py/class-polliution/leaf-class-pollution-functions: 2 flows detected. (logger.py:40)
2025-05-20 23:08:49,816 - Result - INFO - nexfort - py/class-polliution/set-attr-get-attr: 3 flows detected. (logger.py:40)
2025-05-20 23:08:49,816 - Result - INFO - nexfort - py/class-polliution/shared-class-pollution-functions: 1 flows detected. (logger.py:40)
2025-05-20 23:08:49,816 - Result - INFO - nexfort - py/class-polliution/leaf-class-pollution-functions: 1 flows detected. (logger.py:40)
2025-05-20 23:08:56,237 - Result - INFO - djenga - py/class-polliution/set-attr-get-attr: 8 flows detected. (logger.py:40)
2025-05-20 23:08:56,237 - Result - INFO - djenga - py/class-polliution/shared-class-pollution-functions: 8 flows detected. (logger.py:40)
2025-05-20 23:08:56,237 - Result - INFO - djenga - py/class-polliution/leaf-class-pollution-functions: 8 flows detected. (logger.py:40)
2025-05-20 23:08:58,548 - Result - INFO - easydel - py/class-polliution/set-both-get-both: 1 flows detected. (logger.py:40)
2025-05-20 23:08:58,548 - Result - INFO - easydel - py/class-polliution/shared-class-pollution-functions: 1 flows detected. (logger.py:40)
2025-05-20 23:08:58,548 - Result - INFO - easydel - py/class-polliution/leaf-class-pollution-functions: 1 flows detected. (logger.py:40)
2025-05-20 23:09:16,649 - Result - INFO - azure-maps-render - py/class-polliution/set-attr-get-attr: 11 flows detected. (logger.py:40)
2025-05-20 23:09:16,649 - Result - INFO - azure-maps-render - py/class-polliution/shared-class-pollution-functions: 1 flows detected. (logger.py:40)
2025-05-20 23:09:16,649 - Result - INFO - azure-maps-render - py/class-polliution/leaf-class-pollution-functions: 7 flows detected. (logger.py:40)
2025-05-20 23:09:24,294 - Result - INFO - otx - py/class-polliution/set-both-get-both: 1 flows detected. (logger.py:40)
2025-05-20 23:09:24,294 - Result - INFO - otx - py/class-polliution/shared-class-pollution-functions: 1 flows detected. (logger.py:40)
2025-05-20 23:09:24,294 - Result - INFO - otx - py/class-polliution/leaf-class-pollution-functions: 1 flows detected. (logger.py:40)
2025-05-20 23:09:38,740 - Result - INFO - dekdjtools - py/class-polliution/set-attr-get-attr: 1 flows detected. (logger.py:40)
2025-05-20 23:09:38,740 - Result - INFO - dekdjtools - py/class-polliution/shared-class-pollution-functions: 1 flows detected. (logger.py:40)
2025-05-20 23:09:38,740 - Result - INFO - dekdjtools - py/class-polliution/leaf-class-pollution-functions: 1 flows detected. (logger.py:40)
2025-05-20 23:09:49,019 - Result - INFO - boto3-assist - py/class-polliution/set-both-get-attr: 8 flows detected. (logger.py:40)
2025-05-20 23:09:49,019 - Result - INFO - boto3-assist - py/class-polliution/shared-class-pollution-functions: 1 flows detected. (logger.py:40)
2025-05-20 23:09:49,019 - Result - INFO - boto3-assist - py/class-polliution/leaf-class-pollution-functions: 2 flows detected. (logger.py:40)
2025-05-20 23:10:00,229 - Result - INFO - qsmolagents - py/class-polliution/set-both-get-both: 43 flows detected. (logger.py:40)
2025-05-20 23:10:00,229 - Result - INFO - qsmolagents - py/class-polliution/shared-class-pollution-functions: 1 flows detected. (logger.py:40)
2025-05-20 23:10:00,229 - Result - INFO - qsmolagents - py/class-polliution/leaf-class-pollution-functions: 9 flows detected. (logger.py:40)
2025-05-20 23:10:11,304 - Result - INFO - varlink - py/class-polliution/set-item-get-both: 1 flows detected. (logger.py:40)
2025-05-20 23:10:11,304 - Result - INFO - varlink - py/class-polliution/set-item-get-attr: 1 flows detected. (logger.py:40)
2025-05-20 23:10:11,304 - Result - INFO - varlink - py/class-polliution/shared-class-pollution-functions: 1 flows detected. (logger.py:40)
2025-05-20 23:10:11,304 - Result - INFO - varlink - py/class-polliution/leaf-class-pollution-functions: 1 flows detected. (logger.py:40)
2025-05-20 23:10:27,278 - Result - INFO - pyrocko - py/class-polliution/set-attr-get-attr: 11 flows detected. (logger.py:40)
2025-05-20 23:10:27,278 - Result - INFO - pyrocko - py/class-polliution/shared-class-pollution-functions: 2 flows detected. (logger.py:40)
2025-05-20 23:10:27,278 - Result - INFO - pyrocko - py/class-polliution/leaf-class-pollution-functions: 3 flows detected. (logger.py:40)
2025-05-20 23:10:39,322 - Result - INFO - azure-mgmt-communication - py/class-polliution/set-attr-get-attr: 11 flows detected. (logger.py:40)
2025-05-20 23:10:39,322 - Result - INFO - azure-mgmt-communication - py/class-polliution/shared-class-pollution-functions: 1 flows detected. (logger.py:40)
2025-05-20 23:10:39,322 - Result - INFO - azure-mgmt-communication - py/class-polliution/leaf-class-pollution-functions: 7 flows detected. (logger.py:40)
2025-05-20 23:10:39,872 - Result - INFO - ccp-performance - py/class-polliution/set-attr-get-attr: 1 flows detected. (logger.py:40)
2025-05-20 23:10:39,872 - Result - INFO - ccp-performance - py/class-polliution/shared-class-pollution-functions: 1 flows detected. (logger.py:40)
2025-05-20 23:10:39,872 - Result - INFO - ccp-performance - py/class-polliution/leaf-class-pollution-functions: 1 flows detected. (logger.py:40)
2025-05-20 23:10:55,881 - Result - INFO - emzed - py/class-polliution/set-attr-get-attr: 7 flows detected. (logger.py:40)
2025-05-20 23:10:55,881 - Result - INFO - emzed - py/class-polliution/shared-class-pollution-functions: 1 flows detected. (logger.py:40)
2025-05-20 23:10:55,881 - Result - INFO - emzed - py/class-polliution/leaf-class-pollution-functions: 1 flows detected. (logger.py:40)
2025-05-20 23:10:56,008 - Result - INFO - snakeoil - py/class-polliution/set-attr-get-attr: 2 flows detected. (logger.py:40)
2025-05-20 23:10:56,008 - Result - INFO - snakeoil - py/class-polliution/shared-class-pollution-functions: 1 flows detected. (logger.py:40)
2025-05-20 23:10:56,008 - Result - INFO - snakeoil - py/class-polliution/leaf-class-pollution-functions: 1 flows detected. (logger.py:40)
2025-05-20 23:11:03,727 - Result - INFO - pyros-genpy - py/class-polliution/set-attr-get-attr: 3 flows detected. (logger.py:40)
2025-05-20 23:11:03,727 - Result - INFO - pyros-genpy - py/class-polliution/shared-class-pollution-functions: 1 flows detected. (logger.py:40)
2025-05-20 23:11:03,727 - Result - INFO - pyros-genpy - py/class-polliution/leaf-class-pollution-functions: 1 flows detected. (logger.py:40)
2025-05-20 23:11:05,050 - Result - INFO - masthay-helpers - py/class-polliution/set-item-get-attr: 3 flows detected. (logger.py:40)
2025-05-20 23:11:05,050 - Result - INFO - masthay-helpers - py/class-polliution/shared-class-pollution-functions: 1 flows detected. (logger.py:40)
2025-05-20 23:11:05,050 - Result - INFO - masthay-helpers - py/class-polliution/leaf-class-pollution-functions: 1 flows detected. (logger.py:40)
2025-05-20 23:11:32,736 - Result - INFO - agentlab - py/class-polliution/set-both-get-both: 1 flows detected. (logger.py:40)
2025-05-20 23:11:32,736 - Result - INFO - agentlab - py/class-polliution/set-attr-get-attr: 4 flows detected. (logger.py:40)
2025-05-20 23:11:32,736 - Result - INFO - agentlab - py/class-polliution/shared-class-pollution-functions: 1 flows detected. (logger.py:40)
2025-05-20 23:11:32,736 - Result - INFO - agentlab - py/class-polliution/leaf-class-pollution-functions: 2 flows detected. (logger.py:40)
2025-05-20 23:11:35,638 - Result - INFO - pyamf - py/class-polliution/set-attr-get-attr: 1 flows detected. (logger.py:40)
2025-05-20 23:11:35,638 - Result - INFO - pyamf - py/class-polliution/shared-class-pollution-functions: 1 flows detected. (logger.py:40)
2025-05-20 23:11:35,638 - Result - INFO - pyamf - py/class-polliution/leaf-class-pollution-functions: 1 flows detected. (logger.py:40)
2025-05-20 23:11:36,492 - Result - INFO - brevettiai - py/class-polliution/set-item-get-attr: 1 flows detected. (logger.py:40)
2025-05-20 23:11:36,492 - Result - INFO - brevettiai - py/class-polliution/shared-class-pollution-functions: 1 flows detected. (logger.py:40)
2025-05-20 23:11:36,492 - Result - INFO - brevettiai - py/class-polliution/leaf-class-pollution-functions: 1 flows detected. (logger.py:40)
2025-05-20 23:11:42,385 - Result - INFO - reqmgr2ms-monitor - py/class-polliution/set-attr-get-attr: 1 flows detected. (logger.py:40)
2025-05-20 23:11:42,385 - Result - INFO - reqmgr2ms-monitor - py/class-polliution/shared-class-pollution-functions: 1 flows detected. (logger.py:40)
2025-05-20 23:11:42,385 - Result - INFO - reqmgr2ms-monitor - py/class-polliution/leaf-class-pollution-functions: 1 flows detected. (logger.py:40)
2025-05-20 23:12:02,715 - Result - INFO - nebari - py/class-polliution/set-both-get-both: 2 flows detected. (logger.py:40)
2025-05-20 23:12:02,715 - Result - INFO - nebari - py/class-polliution/shared-class-pollution-functions: 1 flows detected. (logger.py:40)
2025-05-20 23:12:02,715 - Result - INFO - nebari - py/class-polliution/leaf-class-pollution-functions: 1 flows detected. (logger.py:40)
2025-05-20 23:12:05,125 - Result - INFO - apminsight - py/class-polliution/set-attr-get-attr: 3 flows detected. (logger.py:40)
2025-05-20 23:12:05,125 - Result - INFO - apminsight - py/class-polliution/shared-class-pollution-functions: 1 flows detected. (logger.py:40)
2025-05-20 23:12:05,125 - Result - INFO - apminsight - py/class-polliution/leaf-class-pollution-functions: 1 flows detected. (logger.py:40)
2025-05-20 23:12:07,981 - Result - INFO - good-common - py/class-polliution/set-both-get-both: 1 flows detected. (logger.py:40)
2025-05-20 23:12:07,981 - Result - INFO - good-common - py/class-polliution/shared-class-pollution-functions: 1 flows detected. (logger.py:40)
2025-05-20 23:12:07,981 - Result - INFO - good-common - py/class-polliution/leaf-class-pollution-functions: 1 flows detected. (logger.py:40)
2025-05-20 23:12:27,756 - Result - INFO - pure-interface - py/class-polliution/set-attr-get-attr: 1 flows detected. (logger.py:40)
2025-05-20 23:12:27,756 - Result - INFO - pure-interface - py/class-polliution/shared-class-pollution-functions: 1 flows detected. (logger.py:40)
2025-05-20 23:12:27,756 - Result - INFO - pure-interface - py/class-polliution/leaf-class-pollution-functions: 1 flows detected. (logger.py:40)
2025-05-20 23:12:29,812 - Result - INFO - pyxrd - py/class-polliution/set-attr-get-attr: 8 flows detected. (logger.py:40)
2025-05-20 23:12:29,812 - Result - INFO - pyxrd - py/class-polliution/shared-class-pollution-functions: 2 flows detected. (logger.py:40)
2025-05-20 23:12:29,812 - Result - INFO - pyxrd - py/class-polliution/leaf-class-pollution-functions: 3 flows detected. (logger.py:40)
2025-05-20 23:12:52,714 - Result - INFO - openprompt - py/class-polliution/set-attr-get-attr: 1 flows detected. (logger.py:40)
2025-05-20 23:12:52,714 - Result - INFO - openprompt - py/class-polliution/shared-class-pollution-functions: 1 flows detected. (logger.py:40)
2025-05-20 23:12:52,715 - Result - INFO - openprompt - py/class-polliution/leaf-class-pollution-functions: 1 flows detected. (logger.py:40)
2025-05-20 23:12:54,017 - Result - INFO - analysis - py/class-polliution/set-attr-get-attr: 3 flows detected. (logger.py:40)
2025-05-20 23:12:54,017 - Result - INFO - analysis - py/class-polliution/shared-class-pollution-functions: 1 flows detected. (logger.py:40)
2025-05-20 23:12:54,017 - Result - INFO - analysis - py/class-polliution/leaf-class-pollution-functions: 1 flows detected. (logger.py:40)
2025-05-20 23:12:54,183 - Result - INFO - reqmgr2ms-output - py/class-polliution/set-attr-get-attr: 1 flows detected. (logger.py:40)
2025-05-20 23:12:54,183 - Result - INFO - reqmgr2ms-output - py/class-polliution/shared-class-pollution-functions: 1 flows detected. (logger.py:40)
2025-05-20 23:12:54,183 - Result - INFO - reqmgr2ms-output - py/class-polliution/leaf-class-pollution-functions: 1 flows detected. (logger.py:40)
2025-05-20 23:13:20,667 - Result - INFO - dingodb - py/class-polliution/set-attr-get-attr: 6 flows detected. (logger.py:40)
2025-05-20 23:13:20,667 - Result - INFO - dingodb - py/class-polliution/shared-class-pollution-functions: 1 flows detected. (logger.py:40)
2025-05-20 23:13:20,667 - Result - INFO - dingodb - py/class-polliution/leaf-class-pollution-functions: 2 flows detected. (logger.py:40)
2025-05-20 23:13:25,606 - Result - INFO - pydatalog - py/class-polliution/set-attr-get-attr: 1 flows detected. (logger.py:40)
2025-05-20 23:13:25,606 - Result - INFO - pydatalog - py/class-polliution/shared-class-pollution-functions: 1 flows detected. (logger.py:40)
2025-05-20 23:13:25,606 - Result - INFO - pydatalog - py/class-polliution/leaf-class-pollution-functions: 1 flows detected. (logger.py:40)
2025-05-20 23:13:31,896 - Result - INFO - appy - py/class-polliution/set-item-get-both: 1 flows detected. (logger.py:40)
2025-05-20 23:13:31,896 - Result - INFO - appy - py/class-polliution/set-item-get-attr: 1 flows detected. (logger.py:40)
2025-05-20 23:13:31,896 - Result - INFO - appy - py/class-polliution/shared-class-pollution-functions: 1 flows detected. (logger.py:40)
2025-05-20 23:13:31,896 - Result - INFO - appy - py/class-polliution/leaf-class-pollution-functions: 1 flows detected. (logger.py:40)
2025-05-20 23:13:50,521 - Result - INFO - colossalai-nightly - py/class-polliution/set-attr-get-attr: 10 flows detected. (logger.py:40)
2025-05-20 23:13:50,521 - Result - INFO - colossalai-nightly - py/class-polliution/shared-class-pollution-functions: 4 flows detected. (logger.py:40)
2025-05-20 23:13:50,521 - Result - INFO - colossalai-nightly - py/class-polliution/leaf-class-pollution-functions: 8 flows detected. (logger.py:40)
2025-05-20 23:13:58,139 - Result - INFO - taipy-gui - py/class-polliution/set-attr-get-attr: 7 flows detected. (logger.py:40)
2025-05-20 23:13:58,139 - Result - INFO - taipy-gui - py/class-polliution/shared-class-pollution-functions: 1 flows detected. (logger.py:40)
2025-05-20 23:13:58,139 - Result - INFO - taipy-gui - py/class-polliution/leaf-class-pollution-functions: 5 flows detected. (logger.py:40)
2025-05-20 23:14:16,695 - Result - INFO - reqmgr2ms-unmerged - py/class-polliution/set-attr-get-attr: 1 flows detected. (logger.py:40)
2025-05-20 23:14:16,695 - Result - INFO - reqmgr2ms-unmerged - py/class-polliution/shared-class-pollution-functions: 1 flows detected. (logger.py:40)
2025-05-20 23:14:16,695 - Result - INFO - reqmgr2ms-unmerged - py/class-polliution/leaf-class-pollution-functions: 1 flows detected. (logger.py:40)
2025-05-20 23:14:25,334 - Result - INFO - reqmgr2 - py/class-polliution/set-attr-get-attr: 8 flows detected. (logger.py:40)
2025-05-20 23:14:25,334 - Result - INFO - reqmgr2 - py/class-polliution/shared-class-pollution-functions: 1 flows detected. (logger.py:40)
2025-05-20 23:14:25,334 - Result - INFO - reqmgr2 - py/class-polliution/leaf-class-pollution-functions: 5 flows detected. (logger.py:40)
2025-05-20 23:14:28,130 - Result - INFO - reqmon - py/class-polliution/set-attr-get-attr: 1 flows detected. (logger.py:40)
2025-05-20 23:14:28,130 - Result - INFO - reqmon - py/class-polliution/shared-class-pollution-functions: 1 flows detected. (logger.py:40)
2025-05-20 23:14:28,130 - Result - INFO - reqmon - py/class-polliution/leaf-class-pollution-functions: 1 flows detected. (logger.py:40)
2025-05-20 23:14:41,855 - Result - INFO - cli-base-utilities - py/class-polliution/set-attr-get-attr: 1 flows detected. (logger.py:40)
2025-05-20 23:14:41,855 - Result - INFO - cli-base-utilities - py/class-polliution/shared-class-pollution-functions: 1 flows detected. (logger.py:40)
2025-05-20 23:14:41,855 - Result - INFO - cli-base-utilities - py/class-polliution/leaf-class-pollution-functions: 1 flows detected. (logger.py:40)
2025-05-20 23:15:05,980 - Result - INFO - azure-maps-geolocation - py/class-polliution/set-attr-get-attr: 11 flows detected. (logger.py:40)
2025-05-20 23:15:05,980 - Result - INFO - azure-maps-geolocation - py/class-polliution/shared-class-pollution-functions: 1 flows detected. (logger.py:40)
2025-05-20 23:15:05,980 - Result - INFO - azure-maps-geolocation - py/class-polliution/leaf-class-pollution-functions: 7 flows detected. (logger.py:40)
2025-05-20 23:15:13,754 - Result - INFO - calysto-scheme - py/class-polliution/set-attr-get-attr: 2 flows detected. (logger.py:40)
2025-05-20 23:15:13,755 - Result - INFO - calysto-scheme - py/class-polliution/shared-class-pollution-functions: 1 flows detected. (logger.py:40)
2025-05-20 23:15:13,755 - Result - INFO - calysto-scheme - py/class-polliution/leaf-class-pollution-functions: 1 flows detected. (logger.py:40)
2025-05-20 23:15:41,424 - Result - INFO - dynatrace-opentelemetry-core - py/class-polliution/set-attr-get-attr: 8 flows detected. (logger.py:40)
2025-05-20 23:15:41,424 - Result - INFO - dynatrace-opentelemetry-core - py/class-polliution/shared-class-pollution-functions: 1 flows detected. (logger.py:40)
2025-05-20 23:15:41,424 - Result - INFO - dynatrace-opentelemetry-core - py/class-polliution/leaf-class-pollution-functions: 3 flows detected. (logger.py:40)
2025-05-20 23:15:48,396 - Result - INFO - reqmgr2ms-transferor - py/class-polliution/set-attr-get-attr: 1 flows detected. (logger.py:40)
2025-05-20 23:15:48,396 - Result - INFO - reqmgr2ms-transferor - py/class-polliution/shared-class-pollution-functions: 1 flows detected. (logger.py:40)
2025-05-20 23:15:48,396 - Result - INFO - reqmgr2ms-transferor - py/class-polliution/leaf-class-pollution-functions: 1 flows detected. (logger.py:40)
2025-05-20 23:16:11,524 - Result - INFO - delu - py/class-polliution/set-attr-get-attr: 3 flows detected. (logger.py:40)
2025-05-20 23:16:11,524 - Result - INFO - delu - py/class-polliution/shared-class-pollution-functions: 1 flows detected. (logger.py:40)
2025-05-20 23:16:11,524 - Result - INFO - delu - py/class-polliution/leaf-class-pollution-functions: 1 flows detected. (logger.py:40)
2025-05-20 23:16:26,560 - Result - INFO - reqmgr2ms-rulecleaner - py/class-polliution/set-attr-get-attr: 1 flows detected. (logger.py:40)
2025-05-20 23:16:26,560 - Result - INFO - reqmgr2ms-rulecleaner - py/class-polliution/shared-class-pollution-functions: 1 flows detected. (logger.py:40)
2025-05-20 23:16:26,560 - Result - INFO - reqmgr2ms-rulecleaner - py/class-polliution/leaf-class-pollution-functions: 1 flows detected. (logger.py:40)
2025-05-20 23:16:31,353 - Result - INFO - dataclass-persistence - py/class-polliution/set-attr-get-attr: 2 flows detected. (logger.py:40)
2025-05-20 23:16:31,353 - Result - INFO - dataclass-persistence - py/class-polliution/shared-class-pollution-functions: 1 flows detected. (logger.py:40)
2025-05-20 23:16:31,353 - Result - INFO - dataclass-persistence - py/class-polliution/leaf-class-pollution-functions: 1 flows detected. (logger.py:40)
2025-05-20 23:16:36,044 - Result - INFO - dj-angles - py/class-polliution/set-item-get-attr: 5 flows detected. (logger.py:40)
2025-05-20 23:16:36,044 - Result - INFO - dj-angles - py/class-polliution/shared-class-pollution-functions: 1 flows detected. (logger.py:40)
2025-05-20 23:16:36,044 - Result - INFO - dj-angles - py/class-polliution/leaf-class-pollution-functions: 3 flows detected. (logger.py:40)
2025-05-20 23:16:59,931 - Result - INFO - hyperon-das - py/class-polliution/set-attr-get-attr: 16 flows detected. (logger.py:40)
2025-05-20 23:16:59,931 - Result - INFO - hyperon-das - py/class-polliution/shared-class-pollution-functions: 1 flows detected. (logger.py:40)
2025-05-20 23:16:59,931 - Result - INFO - hyperon-das - py/class-polliution/leaf-class-pollution-functions: 5 flows detected. (logger.py:40)
2025-05-20 23:17:10,687 - Result - INFO - xraylarch - py/class-polliution/set-attr-get-attr: 5 flows detected. (logger.py:40)
2025-05-20 23:17:10,688 - Result - INFO - xraylarch - py/class-polliution/shared-class-pollution-functions: 1 flows detected. (logger.py:40)
2025-05-20 23:17:10,688 - Result - INFO - xraylarch - py/class-polliution/leaf-class-pollution-functions: 3 flows detected. (logger.py:40)
2025-05-20 23:17:12,086 - Result - INFO - reqmgr2ms-pileup - py/class-polliution/set-attr-get-attr: 1 flows detected. (logger.py:40)
2025-05-20 23:17:12,086 - Result - INFO - reqmgr2ms-pileup - py/class-polliution/shared-class-pollution-functions: 1 flows detected. (logger.py:40)
2025-05-20 23:17:12,086 - Result - INFO - reqmgr2ms-pileup - py/class-polliution/leaf-class-pollution-functions: 1 flows detected. (logger.py:40)
2025-05-20 23:17:18,160 - Result - INFO - potluck-eval - py/class-polliution/set-attr-get-attr: 1 flows detected. (logger.py:40)
2025-05-20 23:17:18,160 - Result - INFO - potluck-eval - py/class-polliution/shared-class-pollution-functions: 1 flows detected. (logger.py:40)
2025-05-20 23:17:18,160 - Result - INFO - potluck-eval - py/class-polliution/leaf-class-pollution-functions: 1 flows detected. (logger.py:40)
2025-05-20 23:17:26,834 - Result - INFO - cf-api - py/class-polliution/set-attr-get-attr: 3 flows detected. (logger.py:40)
2025-05-20 23:17:26,834 - Result - INFO - cf-api - py/class-polliution/shared-class-pollution-functions: 1 flows detected. (logger.py:40)
2025-05-20 23:17:26,834 - Result - INFO - cf-api - py/class-polliution/leaf-class-pollution-functions: 1 flows detected. (logger.py:40)
2025-05-20 23:17:35,314 - Result - INFO - izihawa-utils - py/class-polliution/set-attr-get-attr: 6 flows detected. (logger.py:40)
2025-05-20 23:17:35,314 - Result - INFO - izihawa-utils - py/class-polliution/shared-class-pollution-functions: 1 flows detected. (logger.py:40)
2025-05-20 23:17:35,314 - Result - INFO - izihawa-utils - py/class-polliution/leaf-class-pollution-functions: 2 flows detected. (logger.py:40)
2025-05-20 23:17:38,355 - Result - INFO - cloudshell-cp-vcenter - py/class-polliution/set-attr-get-attr: 2 flows detected. (logger.py:40)
2025-05-20 23:17:38,355 - Result - INFO - cloudshell-cp-vcenter - py/class-polliution/shared-class-pollution-functions: 1 flows detected. (logger.py:40)
2025-05-20 23:17:38,355 - Result - INFO - cloudshell-cp-vcenter - py/class-polliution/leaf-class-pollution-functions: 1 flows detected. (logger.py:40)
2025-05-20 23:18:00,401 - Result - INFO - nshconfig - py/class-polliution/set-both-get-both: 1 flows detected. (logger.py:40)
2025-05-20 23:18:00,401 - Result - INFO - nshconfig - py/class-polliution/shared-class-pollution-functions: 1 flows detected. (logger.py:40)
2025-05-20 23:18:00,401 - Result - INFO - nshconfig - py/class-polliution/leaf-class-pollution-functions: 1 flows detected. (logger.py:40)
2025-05-20 23:18:06,716 - Result - INFO - tf-model-optimization-nightly - py/class-polliution/set-attr-get-attr: 3 flows detected. (logger.py:40)
2025-05-20 23:18:06,716 - Result - INFO - tf-model-optimization-nightly - py/class-polliution/shared-class-pollution-functions: 1 flows detected. (logger.py:40)
2025-05-20 23:18:06,716 - Result - INFO - tf-model-optimization-nightly - py/class-polliution/leaf-class-pollution-functions: 2 flows detected. (logger.py:40)
2025-05-20 23:18:21,691 - Result - INFO - rotools - py/class-polliution/set-attr-get-attr: 8 flows detected. (logger.py:40)
2025-05-20 23:18:21,691 - Result - INFO - rotools - py/class-polliution/shared-class-pollution-functions: 1 flows detected. (logger.py:40)
2025-05-20 23:18:21,691 - Result - INFO - rotools - py/class-polliution/leaf-class-pollution-functions: 4 flows detected. (logger.py:40)
2025-05-20 23:18:32,908 - Result - INFO - blrec - py/class-polliution/set-attr-get-attr: 15 flows detected. (logger.py:40)
2025-05-20 23:18:32,908 - Result - INFO - blrec - py/class-polliution/shared-class-pollution-functions: 1 flows detected. (logger.py:40)
2025-05-20 23:18:32,908 - Result - INFO - blrec - py/class-polliution/leaf-class-pollution-functions: 1 flows detected. (logger.py:40)
2025-05-20 23:18:34,937 - Result - INFO - ignos-api-client - py/class-polliution/set-attr-get-attr: 11 flows detected. (logger.py:40)
2025-05-20 23:18:34,937 - Result - INFO - ignos-api-client - py/class-polliution/shared-class-pollution-functions: 1 flows detected. (logger.py:40)
2025-05-20 23:18:34,937 - Result - INFO - ignos-api-client - py/class-polliution/leaf-class-pollution-functions: 7 flows detected. (logger.py:40)
2025-05-20 23:18:45,813 - Result - INFO - continual-inference - py/class-polliution/set-attr-get-attr: 2 flows detected. (logger.py:40)
2025-05-20 23:18:45,813 - Result - INFO - continual-inference - py/class-polliution/shared-class-pollution-functions: 1 flows detected. (logger.py:40)
2025-05-20 23:18:45,813 - Result - INFO - continual-inference - py/class-polliution/leaf-class-pollution-functions: 1 flows detected. (logger.py:40)
2025-05-20 23:18:50,528 - Result - INFO - cobaya - py/class-polliution/set-attr-get-attr: 1 flows detected. (logger.py:40)
2025-05-20 23:18:50,528 - Result - INFO - cobaya - py/class-polliution/shared-class-pollution-functions: 1 flows detected. (logger.py:40)
2025-05-20 23:18:50,528 - Result - INFO - cobaya - py/class-polliution/leaf-class-pollution-functions: 1 flows detected. (logger.py:40)
2025-05-20 23:19:03,979 - Result - INFO - forthon - py/class-polliution/set-attr-get-attr: 2 flows detected. (logger.py:40)
2025-05-20 23:19:03,979 - Result - INFO - forthon - py/class-polliution/shared-class-pollution-functions: 2 flows detected. (logger.py:40)
2025-05-20 23:19:03,979 - Result - INFO - forthon - py/class-polliution/leaf-class-pollution-functions: 2 flows detected. (logger.py:40)
2025-05-20 23:19:06,275 - Result - INFO - educommon - py/class-polliution/set-attr-get-attr: 1 flows detected. (logger.py:40)
2025-05-20 23:19:06,275 - Result - INFO - educommon - py/class-polliution/shared-class-pollution-functions: 1 flows detected. (logger.py:40)
2025-05-20 23:19:06,275 - Result - INFO - educommon - py/class-polliution/leaf-class-pollution-functions: 1 flows detected. (logger.py:40)
2025-05-20 23:19:26,773 - Result - INFO - qtoggleserver - py/class-polliution/set-attr-get-attr: 1 flows detected. (logger.py:40)
2025-05-20 23:19:26,773 - Result - INFO - qtoggleserver - py/class-polliution/shared-class-pollution-functions: 1 flows detected. (logger.py:40)
2025-05-20 23:19:26,773 - Result - INFO - qtoggleserver - py/class-polliution/leaf-class-pollution-functions: 1 flows detected. (logger.py:40)
2025-05-20 23:19:29,422 - Result - INFO - schemasheets - py/class-polliution/set-both-get-both: 3 flows detected. (logger.py:40)
2025-05-20 23:19:29,422 - Result - INFO - schemasheets - py/class-polliution/shared-class-pollution-functions: 1 flows detected. (logger.py:40)
2025-05-20 23:19:29,422 - Result - INFO - schemasheets - py/class-polliution/leaf-class-pollution-functions: 1 flows detected. (logger.py:40)
2025-05-20 23:19:32,181 - Result - INFO - zenutils - py/class-polliution/set-both-get-both: 3 flows detected. (logger.py:40)
2025-05-20 23:19:32,181 - Result - INFO - zenutils - py/class-polliution/shared-class-pollution-functions: 1 flows detected. (logger.py:40)
2025-05-20 23:19:32,181 - Result - INFO - zenutils - py/class-polliution/leaf-class-pollution-functions: 1 flows detected. (logger.py:40)
2025-05-20 23:19:54,591 - Result - INFO - wedeliver-core-plus - py/class-polliution/set-both-get-attr: 5 flows detected. (logger.py:40)
2025-05-20 23:19:54,591 - Result - INFO - wedeliver-core-plus - py/class-polliution/shared-class-pollution-functions: 1 flows detected. (logger.py:40)
2025-05-20 23:19:54,591 - Result - INFO - wedeliver-core-plus - py/class-polliution/leaf-class-pollution-functions: 2 flows detected. (logger.py:40)
2025-05-20 23:20:00,045 - Result - INFO - labbench - py/class-polliution/set-attr-get-attr: 8 flows detected. (logger.py:40)
2025-05-20 23:20:00,045 - Result - INFO - labbench - py/class-polliution/shared-class-pollution-functions: 2 flows detected. (logger.py:40)
2025-05-20 23:20:00,045 - Result - INFO - labbench - py/class-polliution/leaf-class-pollution-functions: 6 flows detected. (logger.py:40)
2025-05-20 23:20:18,951 - Result - INFO - ganga - py/class-polliution/set-attr-get-attr: 1 flows detected. (logger.py:40)
2025-05-20 23:20:18,951 - Result - INFO - ganga - py/class-polliution/shared-class-pollution-functions: 1 flows detected. (logger.py:40)
2025-05-20 23:20:18,951 - Result - INFO - ganga - py/class-polliution/leaf-class-pollution-functions: 1 flows detected. (logger.py:40)
2025-05-20 23:20:38,905 - Result - INFO - auto-round - py/class-polliution/set-attr-get-attr: 24 flows detected. (logger.py:40)
2025-05-20 23:20:38,905 - Result - INFO - auto-round - py/class-polliution/shared-class-pollution-functions: 1 flows detected. (logger.py:40)
2025-05-20 23:20:38,905 - Result - INFO - auto-round - py/class-polliution/leaf-class-pollution-functions: 10 flows detected. (logger.py:40)
2025-05-20 23:20:41,241 - Result - INFO - ansys-aedt-toolkits-common - py/class-polliution/set-attr-get-attr: 2 flows detected. (logger.py:40)
2025-05-20 23:20:41,241 - Result - INFO - ansys-aedt-toolkits-common - py/class-polliution/shared-class-pollution-functions: 1 flows detected. (logger.py:40)
2025-05-20 23:20:41,241 - Result - INFO - ansys-aedt-toolkits-common - py/class-polliution/leaf-class-pollution-functions: 1 flows detected. (logger.py:40)
2025-05-20 23:20:58,848 - Result - INFO - vlcp - py/class-polliution/set-attr-get-attr: 3 flows detected. (logger.py:40)
2025-05-20 23:20:58,848 - Result - INFO - vlcp - py/class-polliution/shared-class-pollution-functions: 1 flows detected. (logger.py:40)
2025-05-20 23:20:58,848 - Result - INFO - vlcp - py/class-polliution/leaf-class-pollution-functions: 2 flows detected. (logger.py:40)
2025-05-20 23:21:00,424 - Result - INFO - hyperdrive - py/class-polliution/set-attr-get-attr: 1 flows detected. (logger.py:40)
2025-05-20 23:21:00,424 - Result - INFO - hyperdrive - py/class-polliution/shared-class-pollution-functions: 1 flows detected. (logger.py:40)
2025-05-20 23:21:00,424 - Result - INFO - hyperdrive - py/class-polliution/leaf-class-pollution-functions: 1 flows detected. (logger.py:40)
2025-05-20 23:21:10,451 - Result - INFO - pymonnto - py/class-polliution/set-both-get-both: 3 flows detected. (logger.py:40)
2025-05-20 23:21:20,020 - Result - INFO - pyiface - py/class-polliution/set-attr-get-attr: 1 flows detected. (logger.py:40)
2025-05-20 23:21:20,020 - Result - INFO - pyiface - py/class-polliution/shared-class-pollution-functions: 1 flows detected. (logger.py:40)
2025-05-20 23:21:20,020 - Result - INFO - pyiface - py/class-polliution/leaf-class-pollution-functions: 1 flows detected. (logger.py:40)
2025-05-20 23:21:32,096 - Result - INFO - check50 - py/class-polliution/set-attr-get-attr: 3 flows detected. (logger.py:40)
2025-05-20 23:21:32,096 - Result - INFO - check50 - py/class-polliution/shared-class-pollution-functions: 1 flows detected. (logger.py:40)
2025-05-20 23:21:32,096 - Result - INFO - check50 - py/class-polliution/leaf-class-pollution-functions: 2 flows detected. (logger.py:40)
2025-05-20 23:21:55,261 - Result - INFO - cadet-process - py/class-polliution/set-attr-get-attr: 2 flows detected. (logger.py:40)
2025-05-20 23:21:55,261 - Result - INFO - cadet-process - py/class-polliution/shared-class-pollution-functions: 2 flows detected. (logger.py:40)
2025-05-20 23:21:55,261 - Result - INFO - cadet-process - py/class-polliution/leaf-class-pollution-functions: 2 flows detected. (logger.py:40)
2025-05-20 23:21:57,846 - Result - INFO - sample-factory - py/class-polliution/set-attr-get-attr: 3 flows detected. (logger.py:40)
2025-05-20 23:21:57,846 - Result - INFO - sample-factory - py/class-polliution/shared-class-pollution-functions: 2 flows detected. (logger.py:40)
2025-05-20 23:21:57,846 - Result - INFO - sample-factory - py/class-polliution/leaf-class-pollution-functions: 2 flows detected. (logger.py:40)
2025-05-20 23:22:19,152 - Result - INFO - pydala2 - py/class-polliution/set-attr-get-attr: 5 flows detected. (logger.py:40)
2025-05-20 23:22:19,152 - Result - INFO - pydala2 - py/class-polliution/shared-class-pollution-functions: 1 flows detected. (logger.py:40)
2025-05-20 23:22:19,152 - Result - INFO - pydala2 - py/class-polliution/leaf-class-pollution-functions: 2 flows detected. (logger.py:40)
2025-05-20 23:22:26,059 - Result - INFO - mlinsights - py/class-polliution/set-attr-get-attr: 6 flows detected. (logger.py:40)
2025-05-20 23:22:26,059 - Result - INFO - mlinsights - py/class-polliution/shared-class-pollution-functions: 1 flows detected. (logger.py:40)
2025-05-20 23:22:26,060 - Result - INFO - mlinsights - py/class-polliution/leaf-class-pollution-functions: 1 flows detected. (logger.py:40)
2025-05-20 23:22:43,895 - Result - INFO - cygrpc - py/class-polliution/set-attr-get-attr: 4 flows detected. (logger.py:40)
2025-05-20 23:22:43,895 - Result - INFO - cygrpc - py/class-polliution/shared-class-pollution-functions: 1 flows detected. (logger.py:40)
2025-05-20 23:22:43,895 - Result - INFO - cygrpc - py/class-polliution/leaf-class-pollution-functions: 1 flows detected. (logger.py:40)
2025-05-20 23:22:45,826 - Result - INFO - pyfoam - py/class-polliution/set-item-get-both: 72 flows detected. (logger.py:40)
2025-05-20 23:22:45,826 - Result - INFO - pyfoam - py/class-polliution/set-item-get-attr: 72 flows detected. (logger.py:40)
2025-05-20 23:22:45,826 - Result - INFO - pyfoam - py/class-polliution/shared-class-pollution-functions: 1 flows detected. (logger.py:40)
2025-05-20 23:22:45,826 - Result - INFO - pyfoam - py/class-polliution/leaf-class-pollution-functions: 2 flows detected. (logger.py:40)
2025-05-20 23:22:48,753 - Result - INFO - dkpro-cassis - py/class-polliution/set-attr-get-attr: 2 flows detected. (logger.py:40)
2025-05-20 23:22:48,753 - Result - INFO - dkpro-cassis - py/class-polliution/shared-class-pollution-functions: 2 flows detected. (logger.py:40)
2025-05-20 23:22:48,753 - Result - INFO - dkpro-cassis - py/class-polliution/leaf-class-pollution-functions: 2 flows detected. (logger.py:40)
2025-05-20 23:22:52,186 - Result - INFO - pydantic-resolve - py/class-polliution/set-attr-get-attr: 4 flows detected. (logger.py:40)
2025-05-20 23:22:52,186 - Result - INFO - pydantic-resolve - py/class-polliution/shared-class-pollution-functions: 1 flows detected. (logger.py:40)
2025-05-20 23:22:52,186 - Result - INFO - pydantic-resolve - py/class-polliution/leaf-class-pollution-functions: 2 flows detected. (logger.py:40)
2025-05-20 23:23:10,940 - Result - INFO - django-hvad - py/class-polliution/set-attr-get-attr: 1 flows detected. (logger.py:40)
2025-05-20 23:23:10,940 - Result - INFO - django-hvad - py/class-polliution/shared-class-pollution-functions: 1 flows detected. (logger.py:40)
2025-05-20 23:23:10,940 - Result - INFO - django-hvad - py/class-polliution/leaf-class-pollution-functions: 1 flows detected. (logger.py:40)
2025-05-20 23:23:14,434 - Result - INFO - docconvert - py/class-polliution/set-attr-get-attr: 1 flows detected. (logger.py:40)
2025-05-20 23:23:14,434 - Result - INFO - docconvert - py/class-polliution/shared-class-pollution-functions: 1 flows detected. (logger.py:40)
2025-05-20 23:23:14,434 - Result - INFO - docconvert - py/class-polliution/leaf-class-pollution-functions: 1 flows detected. (logger.py:40)
2025-05-20 23:23:17,879 - Result - INFO - azure-mgmt-webpubsub - py/class-polliution/set-attr-get-attr: 11 flows detected. (logger.py:40)
2025-05-20 23:23:17,879 - Result - INFO - azure-mgmt-webpubsub - py/class-polliution/shared-class-pollution-functions: 1 flows detected. (logger.py:40)
2025-05-20 23:23:17,879 - Result - INFO - azure-mgmt-webpubsub - py/class-polliution/leaf-class-pollution-functions: 7 flows detected. (logger.py:40)
2025-05-20 23:23:40,182 - Result - INFO - aithree - py/class-polliution/set-attr-get-attr: 1 flows detected. (logger.py:40)
2025-05-20 23:23:40,182 - Result - INFO - aithree - py/class-polliution/shared-class-pollution-functions: 1 flows detected. (logger.py:40)
2025-05-20 23:23:40,182 - Result - INFO - aithree - py/class-polliution/leaf-class-pollution-functions: 1 flows detected. (logger.py:40)
2025-05-20 23:24:07,351 - Result - INFO - spectrochempy - py/class-polliution/set-attr-get-attr: 5 flows detected. (logger.py:40)
2025-05-20 23:24:07,351 - Result - INFO - spectrochempy - py/class-polliution/shared-class-pollution-functions: 1 flows detected. (logger.py:40)
2025-05-20 23:24:07,351 - Result - INFO - spectrochempy - py/class-polliution/leaf-class-pollution-functions: 4 flows detected. (logger.py:40)
2025-05-20 23:24:45,607 - Result - INFO - dessia-common - py/class-polliution/set-both-get-both: 27 flows detected. (logger.py:40)
2025-05-20 23:24:45,607 - Result - INFO - dessia-common - py/class-polliution/shared-class-pollution-functions: 1 flows detected. (logger.py:40)
2025-05-20 23:24:45,607 - Result - INFO - dessia-common - py/class-polliution/leaf-class-pollution-functions: 1 flows detected. (logger.py:40)
2025-05-20 23:24:53,484 - Result - INFO - horde-engine - py/class-polliution/set-attr-get-attr: 2 flows detected. (logger.py:40)
2025-05-20 23:24:53,484 - Result - INFO - horde-engine - py/class-polliution/shared-class-pollution-functions: 1 flows detected. (logger.py:40)
2025-05-20 23:24:53,484 - Result - INFO - horde-engine - py/class-polliution/leaf-class-pollution-functions: 1 flows detected. (logger.py:40)
2025-05-20 23:25:05,687 - Result - INFO - roboverse-py - py/class-polliution/set-both-get-both: 2 flows detected. (logger.py:40)
2025-05-20 23:25:05,687 - Result - INFO - roboverse-py - py/class-polliution/shared-class-pollution-functions: 2 flows detected. (logger.py:40)
2025-05-20 23:25:05,687 - Result - INFO - roboverse-py - py/class-polliution/leaf-class-pollution-functions: 2 flows detected. (logger.py:40)
2025-05-20 23:25:17,850 - Result - INFO - json-cpp - py/class-polliution/set-attr-get-attr: 2 flows detected. (logger.py:40)
2025-05-20 23:25:17,850 - Result - INFO - json-cpp - py/class-polliution/shared-class-pollution-functions: 2 flows detected. (logger.py:40)
2025-05-20 23:25:17,850 - Result - INFO - json-cpp - py/class-polliution/leaf-class-pollution-functions: 2 flows detected. (logger.py:40)
2025-05-20 23:25:36,352 - Result - INFO - kfp-tekton - py/class-polliution/set-attr-get-attr: 6 flows detected. (logger.py:40)
2025-05-20 23:25:36,352 - Result - INFO - kfp-tekton - py/class-polliution/shared-class-pollution-functions: 1 flows detected. (logger.py:40)
2025-05-20 23:25:36,352 - Result - INFO - kfp-tekton - py/class-polliution/leaf-class-pollution-functions: 2 flows detected. (logger.py:40)
2025-05-20 23:25:37,412 - Result - INFO - pigweed - py/class-polliution/set-both-get-both: 2 flows detected. (logger.py:40)
2025-05-20 23:25:48,974 - Result - INFO - azure-mgmt-scvmm - py/class-polliution/set-attr-get-attr: 11 flows detected. (logger.py:40)
2025-05-20 23:25:48,974 - Result - INFO - azure-mgmt-scvmm - py/class-polliution/shared-class-pollution-functions: 1 flows detected. (logger.py:40)
2025-05-20 23:25:48,974 - Result - INFO - azure-mgmt-scvmm - py/class-polliution/leaf-class-pollution-functions: 7 flows detected. (logger.py:40)
2025-05-20 23:26:05,820 - Result - INFO - azure-mgmt-dashboard - py/class-polliution/set-attr-get-attr: 11 flows detected. (logger.py:40)
2025-05-20 23:26:05,820 - Result - INFO - azure-mgmt-dashboard - py/class-polliution/shared-class-pollution-functions: 1 flows detected. (logger.py:40)
2025-05-20 23:26:05,820 - Result - INFO - azure-mgmt-dashboard - py/class-polliution/leaf-class-pollution-functions: 7 flows detected. (logger.py:40)
2025-05-20 23:26:11,581 - Result - INFO - cloudify-common - py/class-polliution/set-item-get-both: 2 flows detected. (logger.py:40)
2025-05-20 23:26:11,581 - Result - INFO - cloudify-common - py/class-polliution/set-item-get-attr: 2 flows detected. (logger.py:40)
2025-05-20 23:26:11,581 - Result - INFO - cloudify-common - py/class-polliution/shared-class-pollution-functions: 1 flows detected. (logger.py:40)
2025-05-20 23:26:11,581 - Result - INFO - cloudify-common - py/class-polliution/leaf-class-pollution-functions: 1 flows detected. (logger.py:40)
2025-05-20 23:26:13,315 - Result - INFO - azure-mgmt-dataprotection - py/class-polliution/set-attr-get-attr: 11 flows detected. (logger.py:40)
2025-05-20 23:26:13,315 - Result - INFO - azure-mgmt-dataprotection - py/class-polliution/shared-class-pollution-functions: 1 flows detected. (logger.py:40)
2025-05-20 23:26:13,315 - Result - INFO - azure-mgmt-dataprotection - py/class-polliution/leaf-class-pollution-functions: 7 flows detected. (logger.py:40)
2025-05-20 23:26:20,476 - Result - INFO - d-geolib - py/class-polliution/set-attr-get-attr: 7 flows detected. (logger.py:40)
2025-05-20 23:26:20,476 - Result - INFO - d-geolib - py/class-polliution/shared-class-pollution-functions: 7 flows detected. (logger.py:40)
2025-05-20 23:26:20,476 - Result - INFO - d-geolib - py/class-polliution/leaf-class-pollution-functions: 7 flows detected. (logger.py:40)
2025-05-20 23:26:35,433 - Result - INFO - dstk-x250 - py/class-polliution/set-attr-get-attr: 2 flows detected. (logger.py:40)
2025-05-20 23:26:35,433 - Result - INFO - dstk-x250 - py/class-polliution/shared-class-pollution-functions: 1 flows detected. (logger.py:40)
2025-05-20 23:26:35,433 - Result - INFO - dstk-x250 - py/class-polliution/leaf-class-pollution-functions: 1 flows detected. (logger.py:40)
2025-05-20 23:26:52,996 - Result - INFO - rqalpha - py/class-polliution/set-item-get-attr: 5 flows detected. (logger.py:40)
2025-05-20 23:26:52,996 - Result - INFO - rqalpha - py/class-polliution/shared-class-pollution-functions: 2 flows detected. (logger.py:40)
2025-05-20 23:26:52,996 - Result - INFO - rqalpha - py/class-polliution/leaf-class-pollution-functions: 3 flows detected. (logger.py:40)
2025-05-20 23:27:04,842 - Result - INFO - datalabs - py/class-polliution/set-attr-get-attr: 3 flows detected. (logger.py:40)
2025-05-20 23:27:04,842 - Result - INFO - datalabs - py/class-polliution/shared-class-pollution-functions: 1 flows detected. (logger.py:40)
2025-05-20 23:27:04,842 - Result - INFO - datalabs - py/class-polliution/leaf-class-pollution-functions: 2 flows detected. (logger.py:40)
2025-05-20 23:27:07,777 - Result - INFO - galaxy-ng - py/class-polliution/set-attr-get-attr: 1 flows detected. (logger.py:40)
2025-05-20 23:27:07,777 - Result - INFO - galaxy-ng - py/class-polliution/shared-class-pollution-functions: 1 flows detected. (logger.py:40)
2025-05-20 23:27:07,777 - Result - INFO - galaxy-ng - py/class-polliution/leaf-class-pollution-functions: 1 flows detected. (logger.py:40)
2025-05-20 23:27:20,473 - Result - INFO - fastkafka - py/class-polliution/set-attr-get-both: 4 flows detected. (logger.py:40)
2025-05-20 23:27:20,474 - Result - INFO - fastkafka - py/class-polliution/shared-class-pollution-functions: 4 flows detected. (logger.py:40)
2025-05-20 23:27:20,474 - Result - INFO - fastkafka - py/class-polliution/leaf-class-pollution-functions: 4 flows detected. (logger.py:40)
2025-05-20 23:27:43,548 - Result - INFO - ai-edge-torch - py/class-polliution/set-attr-get-attr: 6 flows detected. (logger.py:40)
2025-05-20 23:27:43,548 - Result - INFO - ai-edge-torch - py/class-polliution/shared-class-pollution-functions: 2 flows detected. (logger.py:40)
2025-05-20 23:27:43,548 - Result - INFO - ai-edge-torch - py/class-polliution/leaf-class-pollution-functions: 4 flows detected. (logger.py:40)
2025-05-20 23:28:14,750 - Result - INFO - gramex - py/class-polliution/set-item-get-both: 7 flows detected. (logger.py:40)
2025-05-20 23:28:14,750 - Result - INFO - gramex - py/class-polliution/set-item-get-attr: 7 flows detected. (logger.py:40)
2025-05-20 23:28:14,750 - Result - INFO - gramex - py/class-polliution/shared-class-pollution-functions: 2 flows detected. (logger.py:40)
2025-05-20 23:28:14,750 - Result - INFO - gramex - py/class-polliution/leaf-class-pollution-functions: 3 flows detected. (logger.py:40)
2025-05-20 23:28:15,465 - Result - INFO - vkmusix - py/class-polliution/set-item-get-both: 1 flows detected. (logger.py:40)
2025-05-20 23:28:15,465 - Result - INFO - vkmusix - py/class-polliution/set-item-get-attr: 1 flows detected. (logger.py:40)
2025-05-20 23:28:15,465 - Result - INFO - vkmusix - py/class-polliution/shared-class-pollution-functions: 1 flows detected. (logger.py:40)
2025-05-20 23:28:15,465 - Result - INFO - vkmusix - py/class-polliution/leaf-class-pollution-functions: 1 flows detected. (logger.py:40)
2025-05-20 23:28:28,326 - Result - INFO - alphadetector - py/class-polliution/set-attr-get-attr: 5 flows detected. (logger.py:40)
2025-05-20 23:28:28,326 - Result - INFO - alphadetector - py/class-polliution/shared-class-pollution-functions: 1 flows detected. (logger.py:40)
2025-05-20 23:28:28,326 - Result - INFO - alphadetector - py/class-polliution/leaf-class-pollution-functions: 3 flows detected. (logger.py:40)
2025-05-20 23:28:43,464 - Result - INFO - hydrogenlib-next - py/class-polliution/set-both-get-both: 2 flows detected. (logger.py:40)
2025-05-20 23:28:43,464 - Result - INFO - hydrogenlib-next - py/class-polliution/set-attr-get-attr: 3 flows detected. (logger.py:40)
2025-05-20 23:28:43,464 - Result - INFO - hydrogenlib-next - py/class-polliution/shared-class-pollution-functions: 2 flows detected. (logger.py:40)
2025-05-20 23:28:43,464 - Result - INFO - hydrogenlib-next - py/class-polliution/leaf-class-pollution-functions: 3 flows detected. (logger.py:40)
2025-05-20 23:29:05,613 - Result - INFO - tensorflow-object-detection-api - py/class-polliution/set-attr-get-attr: 2 flows detected. (logger.py:40)
2025-05-20 23:29:05,613 - Result - INFO - tensorflow-object-detection-api - py/class-polliution/shared-class-pollution-functions: 1 flows detected. (logger.py:40)
2025-05-20 23:29:05,613 - Result - INFO - tensorflow-object-detection-api - py/class-polliution/leaf-class-pollution-functions: 1 flows detected. (logger.py:40)
2025-05-20 23:29:13,668 - Result - INFO - onnx-array-api - py/class-polliution/set-attr-get-attr: 1 flows detected. (logger.py:40)
2025-05-20 23:29:13,668 - Result - INFO - onnx-array-api - py/class-polliution/shared-class-pollution-functions: 1 flows detected. (logger.py:40)
2025-05-20 23:29:13,669 - Result - INFO - onnx-array-api - py/class-polliution/leaf-class-pollution-functions: 1 flows detected. (logger.py:40)
2025-05-20 23:29:16,603 - Result - INFO - trains - py/class-polliution/set-attr-get-attr: 1 flows detected. (logger.py:40)
2025-05-20 23:29:16,603 - Result - INFO - trains - py/class-polliution/shared-class-pollution-functions: 1 flows detected. (logger.py:40)
2025-05-20 23:29:16,604 - Result - INFO - trains - py/class-polliution/leaf-class-pollution-functions: 1 flows detected. (logger.py:40)
2025-05-20 23:29:39,573 - Result - INFO - mt-metadata - py/class-polliution/set-attr-get-attr: 86 flows detected. (logger.py:40)
2025-05-20 23:29:39,573 - Result - INFO - mt-metadata - py/class-polliution/shared-class-pollution-functions: 1 flows detected. (logger.py:40)
2025-05-20 23:29:39,573 - Result - INFO - mt-metadata - py/class-polliution/leaf-class-pollution-functions: 32 flows detected. (logger.py:40)
2025-05-20 23:29:39,867 - Result - INFO - context-python - py/class-polliution/set-attr-get-attr: 11 flows detected. (logger.py:40)
2025-05-20 23:29:39,867 - Result - INFO - context-python - py/class-polliution/shared-class-pollution-functions: 1 flows detected. (logger.py:40)
2025-05-20 23:29:39,867 - Result - INFO - context-python - py/class-polliution/leaf-class-pollution-functions: 7 flows detected. (logger.py:40)
2025-05-20 23:29:40,499 - Result - INFO - object-detection - py/class-polliution/set-attr-get-attr: 4 flows detected. (logger.py:40)
2025-05-20 23:29:40,499 - Result - INFO - object-detection - py/class-polliution/shared-class-pollution-functions: 1 flows detected. (logger.py:40)
2025-05-20 23:29:40,499 - Result - INFO - object-detection - py/class-polliution/leaf-class-pollution-functions: 3 flows detected. (logger.py:40)
2025-05-20 23:29:43,152 - Result - INFO - chartify - py/class-polliution/set-attr-get-attr: 6 flows detected. (logger.py:40)
2025-05-20 23:29:43,152 - Result - INFO - chartify - py/class-polliution/shared-class-pollution-functions: 1 flows detected. (logger.py:40)
2025-05-20 23:29:43,152 - Result - INFO - chartify - py/class-polliution/leaf-class-pollution-functions: 3 flows detected. (logger.py:40)
2025-05-20 23:30:07,992 - Result - INFO - vana - py/class-polliution/set-item-get-both: 5 flows detected. (logger.py:40)
2025-05-20 23:30:07,992 - Result - INFO - vana - py/class-polliution/set-item-get-attr: 5 flows detected. (logger.py:40)
2025-05-20 23:30:07,992 - Result - INFO - vana - py/class-polliution/shared-class-pollution-functions: 1 flows detected. (logger.py:40)
2025-05-20 23:30:07,992 - Result - INFO - vana - py/class-polliution/leaf-class-pollution-functions: 4 flows detected. (logger.py:40)
2025-05-20 23:30:12,490 - Result - INFO - azure-mgmt-dnsresolver - py/class-polliution/set-attr-get-attr: 11 flows detected. (logger.py:40)
2025-05-20 23:30:12,490 - Result - INFO - azure-mgmt-dnsresolver - py/class-polliution/shared-class-pollution-functions: 1 flows detected. (logger.py:40)
2025-05-20 23:30:12,490 - Result - INFO - azure-mgmt-dnsresolver - py/class-polliution/leaf-class-pollution-functions: 7 flows detected. (logger.py:40)
2025-05-20 23:30:14,206 - Result - INFO - pyxel-sim - py/class-polliution/set-both-get-both: 4 flows detected. (logger.py:40)
2025-05-20 23:30:14,206 - Result - INFO - pyxel-sim - py/class-polliution/shared-class-pollution-functions: 1 flows detected. (logger.py:40)
2025-05-20 23:30:14,206 - Result - INFO - pyxel-sim - py/class-polliution/leaf-class-pollution-functions: 2 flows detected. (logger.py:40)
2025-05-20 23:30:28,925 - Result - INFO - htt - py/class-polliution/set-attr-get-attr: 2 flows detected. (logger.py:40)
2025-05-20 23:30:28,925 - Result - INFO - htt - py/class-polliution/shared-class-pollution-functions: 2 flows detected. (logger.py:40)
2025-05-20 23:30:28,925 - Result - INFO - htt - py/class-polliution/leaf-class-pollution-functions: 2 flows detected. (logger.py:40)
2025-05-20 23:30:37,577 - Result - INFO - txdpy - py/class-polliution/set-item-get-both: 3 flows detected. (logger.py:40)
2025-05-20 23:30:37,577 - Result - INFO - txdpy - py/class-polliution/set-item-get-attr: 3 flows detected. (logger.py:40)
2025-05-20 23:30:37,577 - Result - INFO - txdpy - py/class-polliution/shared-class-pollution-functions: 1 flows detected. (logger.py:40)
2025-05-20 23:30:37,577 - Result - INFO - txdpy - py/class-polliution/leaf-class-pollution-functions: 1 flows detected. (logger.py:40)
2025-05-20 23:30:53,129 - Result - INFO - spyne-custom - py/class-polliution/set-item-get-attr: 10 flows detected. (logger.py:40)
2025-05-20 23:30:53,129 - Result - INFO - spyne-custom - py/class-polliution/shared-class-pollution-functions: 2 flows detected. (logger.py:40)
2025-05-20 23:30:53,130 - Result - INFO - spyne-custom - py/class-polliution/leaf-class-pollution-functions: 8 flows detected. (logger.py:40)
2025-05-20 23:30:58,717 - Result - INFO - comet-llm - py/class-polliution/set-attr-get-attr: 3 flows detected. (logger.py:40)
2025-05-20 23:30:58,718 - Result - INFO - comet-llm - py/class-polliution/shared-class-pollution-functions: 1 flows detected. (logger.py:40)
2025-05-20 23:30:58,718 - Result - INFO - comet-llm - py/class-polliution/leaf-class-pollution-functions: 1 flows detected. (logger.py:40)
2025-05-20 23:31:05,896 - Result - INFO - koalafolio - py/class-polliution/set-attr-get-attr: 1 flows detected. (logger.py:40)
2025-05-20 23:31:05,896 - Result - INFO - koalafolio - py/class-polliution/shared-class-pollution-functions: 1 flows detected. (logger.py:40)
2025-05-20 23:31:05,896 - Result - INFO - koalafolio - py/class-polliution/leaf-class-pollution-functions: 1 flows detected. (logger.py:40)
2025-05-20 23:31:21,406 - Result - INFO - torchopt - py/class-polliution/set-attr-get-attr: 6 flows detected. (logger.py:40)
2025-05-20 23:31:21,406 - Result - INFO - torchopt - py/class-polliution/shared-class-pollution-functions: 1 flows detected. (logger.py:40)
2025-05-20 23:31:21,406 - Result - INFO - torchopt - py/class-polliution/leaf-class-pollution-functions: 5 flows detected. (logger.py:40)
2025-05-20 23:31:31,046 - Result - INFO - m3-core - py/class-polliution/set-item-get-attr: 1 flows detected. (logger.py:40)
2025-05-20 23:31:31,046 - Result - INFO - m3-core - py/class-polliution/shared-class-pollution-functions: 1 flows detected. (logger.py:40)
2025-05-20 23:31:31,046 - Result - INFO - m3-core - py/class-polliution/leaf-class-pollution-functions: 1 flows detected. (logger.py:40)
2025-05-20 23:31:35,003 - Result - INFO - htsql - py/class-polliution/set-attr-get-attr: 7 flows detected. (logger.py:40)
2025-05-20 23:31:35,003 - Result - INFO - htsql - py/class-polliution/shared-class-pollution-functions: 1 flows detected. (logger.py:40)
2025-05-20 23:31:35,003 - Result - INFO - htsql - py/class-polliution/leaf-class-pollution-functions: 1 flows detected. (logger.py:40)
2025-05-20 23:31:52,521 - Result - INFO - sparsezoo-nightly - py/class-polliution/set-both-get-attr: 2 flows detected. (logger.py:40)
2025-05-20 23:31:52,522 - Result - INFO - sparsezoo-nightly - py/class-polliution/shared-class-pollution-functions: 1 flows detected. (logger.py:40)
2025-05-20 23:31:52,522 - Result - INFO - sparsezoo-nightly - py/class-polliution/leaf-class-pollution-functions: 1 flows detected. (logger.py:40)
2025-05-20 23:31:52,749 - Result - INFO - pydra-config - py/class-polliution/set-both-get-both: 2 flows detected. (logger.py:40)
2025-05-20 23:31:52,749 - Result - INFO - pydra-config - py/class-polliution/shared-class-pollution-functions: 1 flows detected. (logger.py:40)
2025-05-20 23:31:52,749 - Result - INFO - pydra-config - py/class-polliution/leaf-class-pollution-functions: 1 flows detected. (logger.py:40)
2025-05-20 23:32:07,088 - Result - INFO - digitalpy - py/class-polliution/set-attr-get-attr: 3 flows detected. (logger.py:40)
2025-05-20 23:32:07,088 - Result - INFO - digitalpy - py/class-polliution/shared-class-pollution-functions: 3 flows detected. (logger.py:40)
2025-05-20 23:32:07,089 - Result - INFO - digitalpy - py/class-polliution/leaf-class-pollution-functions: 3 flows detected. (logger.py:40)
2025-05-20 23:32:17,363 - Result - INFO - pylavcogs-shared - py/class-polliution/set-attr-get-attr: 1 flows detected. (logger.py:40)
2025-05-20 23:32:17,363 - Result - INFO - pylavcogs-shared - py/class-polliution/shared-class-pollution-functions: 1 flows detected. (logger.py:40)
2025-05-20 23:32:17,363 - Result - INFO - pylavcogs-shared - py/class-polliution/leaf-class-pollution-functions: 1 flows detected. (logger.py:40)
2025-05-20 23:32:20,545 - Result - INFO - azure-mgmt-elasticsan - py/class-polliution/set-attr-get-attr: 11 flows detected. (logger.py:40)
2025-05-20 23:32:20,545 - Result - INFO - azure-mgmt-elasticsan - py/class-polliution/shared-class-pollution-functions: 1 flows detected. (logger.py:40)
2025-05-20 23:32:20,545 - Result - INFO - azure-mgmt-elasticsan - py/class-polliution/leaf-class-pollution-functions: 7 flows detected. (logger.py:40)
2025-05-20 23:32:39,666 - Result - INFO - django-automated-logging - py/class-polliution/set-attr-get-attr: 1 flows detected. (logger.py:40)
2025-05-20 23:32:39,666 - Result - INFO - django-automated-logging - py/class-polliution/shared-class-pollution-functions: 1 flows detected. (logger.py:40)
2025-05-20 23:32:39,666 - Result - INFO - django-automated-logging - py/class-polliution/leaf-class-pollution-functions: 1 flows detected. (logger.py:40)
2025-05-20 23:32:39,905 - Result - INFO - dictop - py/class-polliution/set-both-get-both: 1 flows detected. (logger.py:40)
2025-05-20 23:32:39,905 - Result - INFO - dictop - py/class-polliution/shared-class-pollution-functions: 1 flows detected. (logger.py:40)
2025-05-20 23:32:39,905 - Result - INFO - dictop - py/class-polliution/leaf-class-pollution-functions: 1 flows detected. (logger.py:40)
2025-05-20 23:32:53,535 - Result - INFO - pycollimator - py/class-polliution/set-attr-get-attr: 2 flows detected. (logger.py:40)
2025-05-20 23:32:53,535 - Result - INFO - pycollimator - py/class-polliution/shared-class-pollution-functions: 2 flows detected. (logger.py:40)
2025-05-20 23:32:53,535 - Result - INFO - pycollimator - py/class-polliution/leaf-class-pollution-functions: 2 flows detected. (logger.py:40)
2025-05-20 23:33:11,809 - Result - INFO - pysys - py/class-polliution/set-item-get-both: 2 flows detected. (logger.py:40)
2025-05-20 23:33:11,809 - Result - INFO - pysys - py/class-polliution/set-item-get-attr: 2 flows detected. (logger.py:40)
2025-05-20 23:33:11,809 - Result - INFO - pysys - py/class-polliution/shared-class-pollution-functions: 1 flows detected. (logger.py:40)
2025-05-20 23:33:11,809 - Result - INFO - pysys - py/class-polliution/leaf-class-pollution-functions: 1 flows detected. (logger.py:40)
2025-05-20 23:33:17,957 - Result - INFO - iambic-core - py/class-polliution/set-attr-get-attr: 5 flows detected. (logger.py:40)
2025-05-20 23:33:17,957 - Result - INFO - iambic-core - py/class-polliution/shared-class-pollution-functions: 1 flows detected. (logger.py:40)
2025-05-20 23:33:17,957 - Result - INFO - iambic-core - py/class-polliution/leaf-class-pollution-functions: 3 flows detected. (logger.py:40)
2025-05-20 23:33:18,966 - Result - INFO - azure-mgmt-support - py/class-polliution/set-attr-get-attr: 11 flows detected. (logger.py:40)
2025-05-20 23:33:18,966 - Result - INFO - azure-mgmt-support - py/class-polliution/shared-class-pollution-functions: 1 flows detected. (logger.py:40)
2025-05-20 23:33:18,966 - Result - INFO - azure-mgmt-support - py/class-polliution/leaf-class-pollution-functions: 7 flows detected. (logger.py:40)
2025-05-20 23:33:40,505 - Result - INFO - csmhp - py/class-polliution/set-attr-get-attr: 1 flows detected. (logger.py:40)
2025-05-20 23:33:40,505 - Result - INFO - csmhp - py/class-polliution/shared-class-pollution-functions: 1 flows detected. (logger.py:40)
2025-05-20 23:33:40,505 - Result - INFO - csmhp - py/class-polliution/leaf-class-pollution-functions: 1 flows detected. (logger.py:40)
2025-05-20 23:33:45,872 - Result - INFO - melobot - py/class-polliution/set-attr-get-attr: 1 flows detected. (logger.py:40)
2025-05-20 23:33:45,872 - Result - INFO - melobot - py/class-polliution/shared-class-pollution-functions: 1 flows detected. (logger.py:40)
2025-05-20 23:33:45,872 - Result - INFO - melobot - py/class-polliution/leaf-class-pollution-functions: 1 flows detected. (logger.py:40)
2025-05-20 23:34:10,696 - Result - INFO - choco - py/class-polliution/set-attr-get-attr: 83 flows detected. (logger.py:40)
2025-05-20 23:34:10,696 - Result - INFO - choco - py/class-polliution/shared-class-pollution-functions: 1 flows detected. (logger.py:40)
2025-05-20 23:34:10,696 - Result - INFO - choco - py/class-polliution/leaf-class-pollution-functions: 26 flows detected. (logger.py:40)
2025-05-20 23:34:16,604 - Result - INFO - git-viewer - py/class-polliution/set-attr-get-attr: 1 flows detected. (logger.py:40)
2025-05-20 23:34:16,604 - Result - INFO - git-viewer - py/class-polliution/shared-class-pollution-functions: 1 flows detected. (logger.py:40)
2025-05-20 23:34:16,604 - Result - INFO - git-viewer - py/class-polliution/leaf-class-pollution-functions: 1 flows detected. (logger.py:40)
2025-05-20 23:34:26,402 - Result - INFO - netpyne - py/class-polliution/set-item-get-both: 16 flows detected. (logger.py:40)
2025-05-20 23:34:26,402 - Result - INFO - netpyne - py/class-polliution/set-item-get-attr: 16 flows detected. (logger.py:40)
2025-05-20 23:34:26,402 - Result - INFO - netpyne - py/class-polliution/shared-class-pollution-functions: 1 flows detected. (logger.py:40)
2025-05-20 23:34:26,402 - Result - INFO - netpyne - py/class-polliution/leaf-class-pollution-functions: 12 flows detected. (logger.py:40)
2025-05-20 23:34:39,274 - Result - INFO - grpc-robot - py/class-polliution/set-attr-get-attr: 156 flows detected. (logger.py:40)
2025-05-20 23:34:39,274 - Result - INFO - grpc-robot - py/class-polliution/shared-class-pollution-functions: 1 flows detected. (logger.py:40)
2025-05-20 23:34:39,274 - Result - INFO - grpc-robot - py/class-polliution/leaf-class-pollution-functions: 1 flows detected. (logger.py:40)
2025-05-20 23:34:52,269 - Result - INFO - pyfileconf - py/class-polliution/set-attr-get-attr: 2 flows detected. (logger.py:40)
2025-05-20 23:34:52,269 - Result - INFO - pyfileconf - py/class-polliution/shared-class-pollution-functions: 2 flows detected. (logger.py:40)
2025-05-20 23:34:52,269 - Result - INFO - pyfileconf - py/class-polliution/leaf-class-pollution-functions: 2 flows detected. (logger.py:40)
2025-05-20 23:34:53,935 - Result - INFO - kamzik3 - py/class-polliution/set-attr-get-attr: 1 flows detected. (logger.py:40)
2025-05-20 23:34:53,935 - Result - INFO - kamzik3 - py/class-polliution/shared-class-pollution-functions: 1 flows detected. (logger.py:40)
2025-05-20 23:34:53,935 - Result - INFO - kamzik3 - py/class-polliution/leaf-class-pollution-functions: 1 flows detected. (logger.py:40)
2025-05-20 23:35:20,110 - Result - INFO - pxapi - py/class-polliution/set-attr-get-attr: 8 flows detected. (logger.py:40)
2025-05-20 23:35:20,110 - Result - INFO - pxapi - py/class-polliution/shared-class-pollution-functions: 1 flows detected. (logger.py:40)
2025-05-20 23:35:20,111 - Result - INFO - pxapi - py/class-polliution/leaf-class-pollution-functions: 3 flows detected. (logger.py:40)
2025-05-20 23:35:33,308 - Result - INFO - xorq - py/class-polliution/set-attr-get-attr: 3 flows detected. (logger.py:40)
2025-05-20 23:35:33,308 - Result - INFO - xorq - py/class-polliution/shared-class-pollution-functions: 3 flows detected. (logger.py:40)
2025-05-20 23:35:33,308 - Result - INFO - xorq - py/class-polliution/leaf-class-pollution-functions: 3 flows detected. (logger.py:40)
2025-05-20 23:35:39,834 - Result - INFO - pytest-quickcheck - py/class-polliution/set-item-get-both: 2 flows detected. (logger.py:40)
2025-05-20 23:35:39,834 - Result - INFO - pytest-quickcheck - py/class-polliution/set-item-get-attr: 2 flows detected. (logger.py:40)
2025-05-20 23:35:39,834 - Result - INFO - pytest-quickcheck - py/class-polliution/shared-class-pollution-functions: 1 flows detected. (logger.py:40)
2025-05-20 23:35:39,834 - Result - INFO - pytest-quickcheck - py/class-polliution/leaf-class-pollution-functions: 1 flows detected. (logger.py:40)
2025-05-20 23:35:42,448 - Result - INFO - sparseml - py/class-polliution/set-attr-get-attr: 1 flows detected. (logger.py:40)
2025-05-20 23:35:42,448 - Result - INFO - sparseml - py/class-polliution/shared-class-pollution-functions: 1 flows detected. (logger.py:40)
2025-05-20 23:35:42,448 - Result - INFO - sparseml - py/class-polliution/leaf-class-pollution-functions: 1 flows detected. (logger.py:40)
2025-05-20 23:35:59,123 - Result - INFO - pysource-codegen - py/class-polliution/set-attr-get-attr: 3 flows detected. (logger.py:40)
2025-05-20 23:35:59,123 - Result - INFO - pysource-codegen - py/class-polliution/shared-class-pollution-functions: 1 flows detected. (logger.py:40)
2025-05-20 23:35:59,123 - Result - INFO - pysource-codegen - py/class-polliution/leaf-class-pollution-functions: 2 flows detected. (logger.py:40)
2025-05-20 23:36:06,557 - Result - INFO - kompass-core - py/class-polliution/set-attr-get-attr: 1 flows detected. (logger.py:40)
2025-05-20 23:36:06,558 - Result - INFO - kompass-core - py/class-polliution/shared-class-pollution-functions: 1 flows detected. (logger.py:40)
2025-05-20 23:36:06,558 - Result - INFO - kompass-core - py/class-polliution/leaf-class-pollution-functions: 1 flows detected. (logger.py:40)
2025-05-20 23:36:19,142 - Result - INFO - detection-tools - py/class-polliution/set-attr-get-attr: 2 flows detected. (logger.py:40)
2025-05-20 23:36:19,142 - Result - INFO - detection-tools - py/class-polliution/shared-class-pollution-functions: 1 flows detected. (logger.py:40)
2025-05-20 23:36:19,142 - Result - INFO - detection-tools - py/class-polliution/leaf-class-pollution-functions: 1 flows detected. (logger.py:40)
2025-05-20 23:36:31,706 - Result - INFO - pydent - py/class-polliution/set-attr-get-attr: 2 flows detected. (logger.py:40)
2025-05-20 23:36:31,706 - Result - INFO - pydent - py/class-polliution/shared-class-pollution-functions: 2 flows detected. (logger.py:40)
2025-05-20 23:36:31,706 - Result - INFO - pydent - py/class-polliution/leaf-class-pollution-functions: 2 flows detected. (logger.py:40)
2025-05-20 23:36:33,252 - Result - INFO - taker - py/class-polliution/set-attr-get-attr: 4 flows detected. (logger.py:40)
2025-05-20 23:36:33,252 - Result - INFO - taker - py/class-polliution/shared-class-pollution-functions: 1 flows detected. (logger.py:40)
2025-05-20 23:36:33,252 - Result - INFO - taker - py/class-polliution/leaf-class-pollution-functions: 3 flows detected. (logger.py:40)
2025-05-20 23:36:44,098 - Result - INFO - fms-acceleration-peft - py/class-polliution/set-attr-get-attr: 1 flows detected. (logger.py:40)
2025-05-20 23:36:44,098 - Result - INFO - fms-acceleration-peft - py/class-polliution/shared-class-pollution-functions: 1 flows detected. (logger.py:40)
2025-05-20 23:36:44,098 - Result - INFO - fms-acceleration-peft - py/class-polliution/leaf-class-pollution-functions: 1 flows detected. (logger.py:40)
2025-05-20 23:37:14,079 - Result - INFO - instrumentkit - py/class-polliution/set-attr-get-attr: 3 flows detected. (logger.py:40)
2025-05-20 23:37:14,079 - Result - INFO - instrumentkit - py/class-polliution/shared-class-pollution-functions: 2 flows detected. (logger.py:40)
2025-05-20 23:37:14,079 - Result - INFO - instrumentkit - py/class-polliution/leaf-class-pollution-functions: 2 flows detected. (logger.py:40)
2025-05-20 23:37:36,812 - Result - INFO - data-helpers - py/class-polliution/set-both-get-both: 1 flows detected. (logger.py:40)
2025-05-20 23:37:36,812 - Result - INFO - data-helpers - py/class-polliution/shared-class-pollution-functions: 1 flows detected. (logger.py:40)
2025-05-20 23:37:36,812 - Result - INFO - data-helpers - py/class-polliution/leaf-class-pollution-functions: 1 flows detected. (logger.py:40)
2025-05-20 23:38:01,440 - Result - INFO - guniflask - py/class-polliution/set-attr-get-attr: 4 flows detected. (logger.py:40)
2025-05-20 23:38:01,440 - Result - INFO - guniflask - py/class-polliution/shared-class-pollution-functions: 1 flows detected. (logger.py:40)
2025-05-20 23:38:01,440 - Result - INFO - guniflask - py/class-polliution/leaf-class-pollution-functions: 1 flows detected. (logger.py:40)
2025-05-20 23:38:41,971 - Result - INFO - evennia - py/class-polliution/set-attr-get-attr: 2 flows detected. (logger.py:40)
2025-05-20 23:38:41,971 - Result - INFO - evennia - py/class-polliution/shared-class-pollution-functions: 2 flows detected. (logger.py:40)
2025-05-20 23:38:41,971 - Result - INFO - evennia - py/class-polliution/leaf-class-pollution-functions: 2 flows detected. (logger.py:40)
2025-05-20 23:39:16,817 - Result - INFO - pytypes - py/class-polliution/set-attr-get-attr: 13 flows detected. (logger.py:40)
2025-05-20 23:39:16,817 - Result - INFO - pytypes - py/class-polliution/shared-class-pollution-functions: 1 flows detected. (logger.py:40)
2025-05-20 23:39:16,817 - Result - INFO - pytypes - py/class-polliution/leaf-class-pollution-functions: 10 flows detected. (logger.py:40)
2025-05-20 23:49:22,955 - Result - INFO - geoformat - py/class-polliution/set-item-get-both: 39 flows detected. (logger.py:40)
2025-05-20 23:49:22,955 - Result - INFO - geoformat - py/class-polliution/set-item-get-attr: 39 flows detected. (logger.py:40)
2025-05-20 23:49:22,955 - Result - INFO - geoformat - py/class-polliution/shared-class-pollution-functions: 1 flows detected. (logger.py:40)
2025-05-20 23:49:22,955 - Result - INFO - geoformat - py/class-polliution/leaf-class-pollution-functions: 17 flows detected. (logger.py:40)
