2025-04-27 23:17:18,053 - CodeQLRunner - ERROR - Failed to build CodeQL database for pytorch-lightning: UnknownError: Initializing database at /home/jackfromeast/Desktop/python-class-pollution/tasks/class-pollution-positive-remote/output/pytorch-lightning/codeql-db.
Unrecognized file in database cluster: '/home/jackfromeast/Desktop/python-class-pollution/tasks/class-pollution-positive-remote/output/pytorch-lightning/codeql-db/db-python'.
A fatal error occurred: Ran with database overwriting enabled, but the directory does not appear to be a CodeQL database or database cluster. Please check you do indeed wish to delete it, and do so manually.
 (logger.py:42)
2025-04-27 23:17:19,588 - CodeQLRunner - ERROR - Failed to execute query /home/jackfromeast/Desktop/python-class-pollution/codeql-query/class-pollution-all/class-pollution-external.qls: UnknownError: Running queries.
Compiling query plan for /home/jackfromeast/Desktop/python-class-pollution/codeql-query/class-pollution-all/query/ExternalClassPollutionQueryNewSetBothGetAttr.ql.
WARNING: unused variable 'setOpSecondObj' (/home/jackfromeast/Desktop/python-class-pollution/codeql-query/class-pollution-all/vuln/ClassPollutingAssignLib.qll:543,239-253)
WARNING: unused variable 'setOpSecondObj' (/home/jackfromeast/Desktop/python-class-pollution/codeql-query/class-pollution-all/vuln/ClassPollutingAssignLib.qll:562,245-259)
[1/6] Found in cache: /home/jackfromeast/Desktop/python-class-pollution/codeql-query/class-pollution-all/query/ExternalClassPollutionQueryNewSetBothGetAttr.ql.
Compiling query plan for /home/jackfromeast/Desktop/python-class-pollution/codeql-query/class-pollution-all/query/ExternalClassPollutionQueryNewSetAttrGetAttr.ql.
WARNING: unused variable 'setOpSecondObj' (/home/jackfromeast/Desktop/python-class-pollution/codeql-query/class-pollution-all/vuln/ClassPollutingAssignLib.qll:543,239-253)
WARNING: unused variable 'setOpSecondObj' (/home/jackfromeast/Desktop/python-class-pollution/codeql-query/class-pollution-all/vuln/ClassPollutingAssignLib.qll:562,245-259)
[2/6] Found in cache: /home/jackfromeast/Desktop/python-class-pollution/codeql-query/class-pollution-all/query/ExternalClassPollutionQueryNewSetAttrGetAttr.ql.
Compiling query plan for /home/jackfromeast/Desktop/python-class-pollution/codeql-query/class-pollution-all/query/ExternalClassPollutionQueryNewSetItemGetAttr.ql.
WARNING: unused variable 'setOpSecondObj' (/home/jackfromeast/Desktop/python-class-pollution/codeql-query/class-pollution-all/vuln/ClassPollutingAssignLib.qll:543,239-253)
WARNING: unused variable 'setOpSecondObj' (/home/jackfromeast/Desktop/python-class-pollution/codeql-query/class-pollution-all/vuln/ClassPollutingAssignLib.qll:562,245-259)
[3/6] Found in cache: /home/jackfromeast/Desktop/python-class-pollution/codeql-query/class-pollution-all/query/ExternalClassPollutionQueryNewSetItemGetAttr.ql.
Compiling query plan for /home/jackfromeast/Desktop/python-class-pollution/codeql-query/class-pollution-all/query/ExternalClassPollutionQueryNewSetBothGetBoth.ql.
WARNING: unused variable 'setOpSecondObj' (/home/jackfromeast/Desktop/python-class-pollution/codeql-query/class-pollution-all/vuln/ClassPollutingAssignLib.qll:543,239-253)
WARNING: unused variable 'setOpSecondObj' (/home/jackfromeast/Desktop/python-class-pollution/codeql-query/class-pollution-all/vuln/ClassPollutingAssignLib.qll:562,245-259)
[4/6] Found in cache: /home/jackfromeast/Desktop/python-class-pollution/codeql-query/class-pollution-all/query/ExternalClassPollutionQueryNewSetBothGetBoth.ql.
Compiling query plan for /home/jackfromeast/Desktop/python-class-pollution/codeql-query/class-pollution-all/query/ExternalClassPollutionQueryNewSetItemGetBoth.ql.
WARNING: unused variable 'setOpSecondObj' (/home/jackfromeast/Desktop/python-class-pollution/codeql-query/class-pollution-all/vuln/ClassPollutingAssignLib.qll:543,239-253)
WARNING: unused variable 'setOpSecondObj' (/home/jackfromeast/Desktop/python-class-pollution/codeql-query/class-pollution-all/vuln/ClassPollutingAssignLib.qll:562,245-259)
[5/6] Found in cache: /home/jackfromeast/Desktop/python-class-pollution/codeql-query/class-pollution-all/query/ExternalClassPollutionQueryNewSetItemGetBoth.ql.
Compiling query plan for /home/jackfromeast/Desktop/python-class-pollution/codeql-query/class-pollution-all/query/ExternalClassPollutionQueryNewSetAttrGetBoth.ql.
WARNING: unused variable 'setOpSecondObj' (/home/jackfromeast/Desktop/python-class-pollution/codeql-query/class-pollution-all/vuln/ClassPollutingAssignLib.qll:543,239-253)
WARNING: unused variable 'setOpSecondObj' (/home/jackfromeast/Desktop/python-class-pollution/codeql-query/class-pollution-all/vuln/ClassPollutingAssignLib.qll:562,245-259)
[6/6] Found in cache: /home/jackfromeast/Desktop/python-class-pollution/codeql-query/class-pollution-all/query/ExternalClassPollutionQueryNewSetAttrGetBoth.ql.
Starting evaluation of jackfromeast/class-pollution-all/query/ExternalClassPollutionQueryNewSetAttrGetAttr.ql.
Oops! A fatal internal error occurred. Details:
com.semmle.util.exception.CatastrophicError: An error occurred while evaluating num#DataFlowDispatch::TKeywordParameterPosition#6758f398/2@a09def85
Cannot create dirty marker for cached strings
The RA to evaluate was:

    {2} r1 = INVOKE HIGHER-ORDER RELATION construct<DataFlowDispatch#3c0b8265::TParameterPosition,4> ON <DataFlowDispatch::TKeywordParameterPosition#dom#6e7d95e5>
    return r1

(eventual cause: NoSuchFileException "/home/jackfromeast/Desktop/python-class-pollution/tasks/class-pollution-positive...")
	at com.semmle.inmemory.pipeline.MetaPipelineInstance.wrapWithRaDump(MetaPipelineInstance.java:204)
	at com.semmle.inmemory.pipeline.MetaPipelineInstance.exceptionCaught(MetaPipelineInstance.java:174)
	at com.semmle.inmemory.scheduler.execution.ThreadableWork.handleAndLog(ThreadableWork.java:593)
	at com.semmle.inmemory.scheduler.execution.ThreadableWork.doSomeWork(ThreadableWork.java:410)
	at com.semmle.inmemory.scheduler.IntensionalLayer$IntensionalWork.evaluate(IntensionalLayer.java:124)
	at com.semmle.inmemory.scheduler.SimpleLayerTask$SimpleLayerWork.doWork(SimpleLayerTask.java:69)
	at com.semmle.inmemory.scheduler.execution.ThreadableWork.doSomeWork(ThreadableWork.java:396)
	at com.semmle.inmemory.scheduler.execution.ExecutionScheduler.runnerMain(ExecutionScheduler.java:707)
	at java.base/java.util.concurrent.ThreadPoolExecutor.runWorker(Unknown Source)
	at java.base/java.util.concurrent.ThreadPoolExecutor$Worker.run(Unknown Source)
	at java.base/java.lang.Thread.run(Unknown Source)
Caused by: Cannot create dirty marker for cached strings
(eventual cause: NoSuchFileException "/home/jackfromeast/Desktop/python-class-pollution/tasks/class-pollution-positive...")
	at com.semmle.inmemory.stringpool.StringPool.promoteStringToCached(StringPool.java:479)
	at com.semmle.inmemory.stringpool.StringPool.promoteToCached(StringPool.java:449)
	at com.semmle.inmemory.caching.TuplePool$ComplexNumberer.lambda$freshNumberRelation$1(TuplePool.java:496)
	at com.semmle.inmemory.relations.BaseIntArrayRelation.map(BaseIntArrayRelation.java:88)
	at com.semmle.inmemory.caching.PagedRelation.map(PagedRelation.java:158)
	at com.semmle.inmemory.relations.AbstractRelation.deduplicateMap(AbstractRelation.java:138)
	at com.semmle.inmemory.caching.TuplePool$ComplexNumberer.lambda$freshNumberRelation$2(TuplePool.java:480)
	at com.semmle.inmemory.relations.writers.RelationWriter.withSink(RelationWriter.java:72)
	at com.semmle.inmemory.caching.TuplePool$ComplexNumberer.freshNumberRelation(TuplePool.java:478)
	at com.semmle.inmemory.caching.TuplePool$ComplexNumberer.doNumbering(TuplePool.java:436)
	at com.semmle.inmemory.caching.TuplePool.lambda$doNumbering$1(TuplePool.java:245)
	at com.semmle.util.concurrent.LockUtils.runThenUnlock(LockUtils.java:8)
	at com.semmle.inmemory.caching.TuplePool$ComplexNumberer.doWithBranchLock(TuplePool.java:561)
	at com.semmle.inmemory.caching.TuplePool.doNumbering(TuplePool.java:233)
	at com.semmle.inmemory.ast.IMBConstructDatatype.doNumberingStreaming(IMBConstructDatatype.java:165)
	at com.semmle.inmemory.ast.IMBConstructDatatype$1.evaluateSink(IMBConstructDatatype.java:142)
	at com.semmle.inmemory.pipeline.HOPStep.generateTuples(HOPStep.java:57)
	at com.semmle.inmemory.pipeline.SimpleHeadStep.lambda$forwardInitialize$0(SimpleHeadStep.java:32)
	at com.semmle.inmemory.pipeline.HeadEndDispatcher.headEndWork(HeadEndDispatcher.java:75)
	at com.semmle.inmemory.pipeline.PipelineState.doSomeWork(PipelineState.java:88)
	at com.semmle.inmemory.pipeline.PipelineInstance.doWork(PipelineInstance.java:78)
	at com.semmle.inmemory.scheduler.execution.ThreadableWork.doSomeWork(ThreadableWork.java:396)
	at com.semmle.inmemory.scheduler.execution.ChainingWork.doWork(ChainingWork.java:30)
	at com.semmle.inmemory.scheduler.execution.ThreadableWork.doSomeWork(ThreadableWork.java:396)
	... 7 more
Caused by: java.nio.file.NoSuchFileException: /home/jackfromeast/Desktop/python-class-pollution/tasks/class-pollution-positive-remote/output/pytorch-lightning/codeql-db/db-python/default/cache/cached-strings/pools/dirty
	at java.base/sun.nio.fs.UnixException.translateToIOException(Unknown Source)
	at java.base/sun.nio.fs.UnixException.rethrowAsIOException(Unknown Source)
	at java.base/sun.nio.fs.UnixException.rethrowAsIOException(Unknown Source)
	at java.base/sun.nio.fs.UnixFileSystemProvider.newByteChannel(Unknown Source)
	at java.base/java.nio.file.Files.newByteChannel(Unknown Source)
	at java.base/java.nio.file.Files.createFile(Unknown Source)
	at com.semmle.inmemory.stringpool.StringPool.promoteStringToCached(StringPool.java:476)
	... 30 more

 (logger.py:42)
2025-04-27 23:17:19,588 - CodeQLRunner - ERROR - Failed to run query: /home/jackfromeast/Desktop/python-class-pollution/codeql-query/class-pollution-all/class-pollution-external.qls (logger.py:42)
2025-04-27 23:22:41,665 - CodeQLRunner - ERROR - Failed to execute query /home/jackfromeast/Desktop/python-class-pollution/codeql-query/class-pollution-all/class-pollution-external.qls: UnknownError: Running queries.
Compiling query plan for /home/jackfromeast/Desktop/python-class-pollution/codeql-query/class-pollution-all/query/ExternalClassPollutionQueryNewSetBothGetAttr.ql.
WARNING: unused variable 'setOpSecondObj' (/home/jackfromeast/Desktop/python-class-pollution/codeql-query/class-pollution-all/vuln/ClassPollutingAssignLib.qll:543,239-253)
WARNING: unused variable 'setOpSecondObj' (/home/jackfromeast/Desktop/python-class-pollution/codeql-query/class-pollution-all/vuln/ClassPollutingAssignLib.qll:562,245-259)
[1/6] Found in cache: /home/jackfromeast/Desktop/python-class-pollution/codeql-query/class-pollution-all/query/ExternalClassPollutionQueryNewSetBothGetAttr.ql.
Compiling query plan for /home/jackfromeast/Desktop/python-class-pollution/codeql-query/class-pollution-all/query/ExternalClassPollutionQueryNewSetAttrGetAttr.ql.
WARNING: unused variable 'setOpSecondObj' (/home/jackfromeast/Desktop/python-class-pollution/codeql-query/class-pollution-all/vuln/ClassPollutingAssignLib.qll:543,239-253)
WARNING: unused variable 'setOpSecondObj' (/home/jackfromeast/Desktop/python-class-pollution/codeql-query/class-pollution-all/vuln/ClassPollutingAssignLib.qll:562,245-259)
[2/6] Found in cache: /home/jackfromeast/Desktop/python-class-pollution/codeql-query/class-pollution-all/query/ExternalClassPollutionQueryNewSetAttrGetAttr.ql.
Compiling query plan for /home/jackfromeast/Desktop/python-class-pollution/codeql-query/class-pollution-all/query/ExternalClassPollutionQueryNewSetItemGetAttr.ql.
WARNING: unused variable 'setOpSecondObj' (/home/jackfromeast/Desktop/python-class-pollution/codeql-query/class-pollution-all/vuln/ClassPollutingAssignLib.qll:543,239-253)
WARNING: unused variable 'setOpSecondObj' (/home/jackfromeast/Desktop/python-class-pollution/codeql-query/class-pollution-all/vuln/ClassPollutingAssignLib.qll:562,245-259)
[3/6] Found in cache: /home/jackfromeast/Desktop/python-class-pollution/codeql-query/class-pollution-all/query/ExternalClassPollutionQueryNewSetItemGetAttr.ql.
Compiling query plan for /home/jackfromeast/Desktop/python-class-pollution/codeql-query/class-pollution-all/query/ExternalClassPollutionQueryNewSetBothGetBoth.ql.
WARNING: unused variable 'setOpSecondObj' (/home/jackfromeast/Desktop/python-class-pollution/codeql-query/class-pollution-all/vuln/ClassPollutingAssignLib.qll:543,239-253)
WARNING: unused variable 'setOpSecondObj' (/home/jackfromeast/Desktop/python-class-pollution/codeql-query/class-pollution-all/vuln/ClassPollutingAssignLib.qll:562,245-259)
[4/6] Found in cache: /home/jackfromeast/Desktop/python-class-pollution/codeql-query/class-pollution-all/query/ExternalClassPollutionQueryNewSetBothGetBoth.ql.
Compiling query plan for /home/jackfromeast/Desktop/python-class-pollution/codeql-query/class-pollution-all/query/ExternalClassPollutionQueryNewSetItemGetBoth.ql.
WARNING: unused variable 'setOpSecondObj' (/home/jackfromeast/Desktop/python-class-pollution/codeql-query/class-pollution-all/vuln/ClassPollutingAssignLib.qll:543,239-253)
WARNING: unused variable 'setOpSecondObj' (/home/jackfromeast/Desktop/python-class-pollution/codeql-query/class-pollution-all/vuln/ClassPollutingAssignLib.qll:562,245-259)
[5/6] Found in cache: /home/jackfromeast/Desktop/python-class-pollution/codeql-query/class-pollution-all/query/ExternalClassPollutionQueryNewSetItemGetBoth.ql.
Compiling query plan for /home/jackfromeast/Desktop/python-class-pollution/codeql-query/class-pollution-all/query/ExternalClassPollutionQueryNewSetAttrGetBoth.ql.
WARNING: unused variable 'setOpSecondObj' (/home/jackfromeast/Desktop/python-class-pollution/codeql-query/class-pollution-all/vuln/ClassPollutingAssignLib.qll:543,239-253)
WARNING: unused variable 'setOpSecondObj' (/home/jackfromeast/Desktop/python-class-pollution/codeql-query/class-pollution-all/vuln/ClassPollutingAssignLib.qll:562,245-259)
[6/6] Found in cache: /home/jackfromeast/Desktop/python-class-pollution/codeql-query/class-pollution-all/query/ExternalClassPollutionQueryNewSetAttrGetBoth.ql.
Starting evaluation of jackfromeast/class-pollution-all/query/ExternalClassPollutionQueryNewSetAttrGetAttr.ql.
A fatal error occurred: Cannot create dirty marker for cached strings
(eventual cause: NoSuchFileException "/home/jackfromeast/Desktop/python-class-pollution/tasks/class-pollution-positive...")
 (logger.py:42)
2025-04-27 23:22:41,665 - CodeQLRunner - ERROR - Failed to run query: /home/jackfromeast/Desktop/python-class-pollution/codeql-query/class-pollution-all/class-pollution-external.qls (logger.py:42)
2025-04-27 23:22:44,456 - CodeQLRunner - ERROR - Failed during cleanup: [Errno 39] Directory not empty: 'pytorch' (logger.py:42)
2025-04-27 23:25:56,656 - CodeQLRunner - ERROR - Failed to execute query /home/jackfromeast/Desktop/python-class-pollution/codeql-query/class-pollution-all/class-pollution-external.qls: UnknownError: Running queries.
Compiling query plan for /home/jackfromeast/Desktop/python-class-pollution/codeql-query/class-pollution-all/query/ExternalClassPollutionQueryNewSetBothGetAttr.ql.
WARNING: unused variable 'setOpSecondObj' (/home/jackfromeast/Desktop/python-class-pollution/codeql-query/class-pollution-all/vuln/ClassPollutingAssignLib.qll:543,239-253)
WARNING: unused variable 'setOpSecondObj' (/home/jackfromeast/Desktop/python-class-pollution/codeql-query/class-pollution-all/vuln/ClassPollutingAssignLib.qll:562,245-259)
[1/6] Found in cache: /home/jackfromeast/Desktop/python-class-pollution/codeql-query/class-pollution-all/query/ExternalClassPollutionQueryNewSetBothGetAttr.ql.
Compiling query plan for /home/jackfromeast/Desktop/python-class-pollution/codeql-query/class-pollution-all/query/ExternalClassPollutionQueryNewSetAttrGetAttr.ql.
WARNING: unused variable 'setOpSecondObj' (/home/jackfromeast/Desktop/python-class-pollution/codeql-query/class-pollution-all/vuln/ClassPollutingAssignLib.qll:543,239-253)
WARNING: unused variable 'setOpSecondObj' (/home/jackfromeast/Desktop/python-class-pollution/codeql-query/class-pollution-all/vuln/ClassPollutingAssignLib.qll:562,245-259)
[2/6] Found in cache: /home/jackfromeast/Desktop/python-class-pollution/codeql-query/class-pollution-all/query/ExternalClassPollutionQueryNewSetAttrGetAttr.ql.
Compiling query plan for /home/jackfromeast/Desktop/python-class-pollution/codeql-query/class-pollution-all/query/ExternalClassPollutionQueryNewSetItemGetAttr.ql.
WARNING: unused variable 'setOpSecondObj' (/home/jackfromeast/Desktop/python-class-pollution/codeql-query/class-pollution-all/vuln/ClassPollutingAssignLib.qll:543,239-253)
WARNING: unused variable 'setOpSecondObj' (/home/jackfromeast/Desktop/python-class-pollution/codeql-query/class-pollution-all/vuln/ClassPollutingAssignLib.qll:562,245-259)
[3/6] Found in cache: /home/jackfromeast/Desktop/python-class-pollution/codeql-query/class-pollution-all/query/ExternalClassPollutionQueryNewSetItemGetAttr.ql.
Compiling query plan for /home/jackfromeast/Desktop/python-class-pollution/codeql-query/class-pollution-all/query/ExternalClassPollutionQueryNewSetBothGetBoth.ql.
WARNING: unused variable 'setOpSecondObj' (/home/jackfromeast/Desktop/python-class-pollution/codeql-query/class-pollution-all/vuln/ClassPollutingAssignLib.qll:543,239-253)
WARNING: unused variable 'setOpSecondObj' (/home/jackfromeast/Desktop/python-class-pollution/codeql-query/class-pollution-all/vuln/ClassPollutingAssignLib.qll:562,245-259)
[4/6] Found in cache: /home/jackfromeast/Desktop/python-class-pollution/codeql-query/class-pollution-all/query/ExternalClassPollutionQueryNewSetBothGetBoth.ql.
Compiling query plan for /home/jackfromeast/Desktop/python-class-pollution/codeql-query/class-pollution-all/query/ExternalClassPollutionQueryNewSetItemGetBoth.ql.
WARNING: unused variable 'setOpSecondObj' (/home/jackfromeast/Desktop/python-class-pollution/codeql-query/class-pollution-all/vuln/ClassPollutingAssignLib.qll:543,239-253)
WARNING: unused variable 'setOpSecondObj' (/home/jackfromeast/Desktop/python-class-pollution/codeql-query/class-pollution-all/vuln/ClassPollutingAssignLib.qll:562,245-259)
[5/6] Found in cache: /home/jackfromeast/Desktop/python-class-pollution/codeql-query/class-pollution-all/query/ExternalClassPollutionQueryNewSetItemGetBoth.ql.
Compiling query plan for /home/jackfromeast/Desktop/python-class-pollution/codeql-query/class-pollution-all/query/ExternalClassPollutionQueryNewSetAttrGetBoth.ql.
WARNING: unused variable 'setOpSecondObj' (/home/jackfromeast/Desktop/python-class-pollution/codeql-query/class-pollution-all/vuln/ClassPollutingAssignLib.qll:543,239-253)
WARNING: unused variable 'setOpSecondObj' (/home/jackfromeast/Desktop/python-class-pollution/codeql-query/class-pollution-all/vuln/ClassPollutingAssignLib.qll:562,245-259)
[6/6] Found in cache: /home/jackfromeast/Desktop/python-class-pollution/codeql-query/class-pollution-all/query/ExternalClassPollutionQueryNewSetAttrGetBoth.ql.
Starting evaluation of jackfromeast/class-pollution-all/query/ExternalClassPollutionQueryNewSetAttrGetAttr.ql.
Starting evaluation of jackfromeast/class-pollution-all/query/ExternalClassPollutionQueryNewSetAttrGetBoth.ql.
[1/6 eval 1m30s] Evaluation done; writing results to jackfromeast/class-pollution-all/query/ExternalClassPollutionQueryNewSetAttrGetAttr.bqrs.
Starting evaluation of jackfromeast/class-pollution-all/query/ExternalClassPollutionQueryNewSetBothGetAttr.ql.
Starting evaluation of jackfromeast/class-pollution-all/query/ExternalClassPollutionQueryNewSetBothGetBoth.ql.
[2/6 eval 32.1s] Evaluation done; writing results to jackfromeast/class-pollution-all/query/ExternalClassPollutionQueryNewSetAttrGetBoth.bqrs.
[3/6 eval 3ms] Evaluation done; writing results to jackfromeast/class-pollution-all/query/ExternalClassPollutionQueryNewSetBothGetAttr.bqrs.
Starting evaluation of jackfromeast/class-pollution-all/query/ExternalClassPollutionQueryNewSetItemGetAttr.ql.
[4/6 eval 34.7s] Evaluation done; writing results to jackfromeast/class-pollution-all/query/ExternalClassPollutionQueryNewSetBothGetBoth.bqrs.
Starting evaluation of jackfromeast/class-pollution-all/query/ExternalClassPollutionQueryNewSetItemGetBoth.ql.
[5/6 eval 953ms] Evaluation done; writing results to jackfromeast/class-pollution-all/query/ExternalClassPollutionQueryNewSetItemGetAttr.bqrs.
[6/6 eval 868ms] Evaluation done; writing results to jackfromeast/class-pollution-all/query/ExternalClassPollutionQueryNewSetItemGetBoth.bqrs.
Shutting down query evaluator.
Interpreting results.
Interpreting /home/jackfromeast/Desktop/python-class-pollution/codeql-query/class-pollution-all/query/ExternalClassPollutionQueryNewSetBothGetAttr.ql...
Interpreting /home/jackfromeast/Desktop/python-class-pollution/codeql-query/class-pollution-all/query/ExternalClassPollutionQueryNewSetAttrGetAttr.ql...
Interpreting /home/jackfromeast/Desktop/python-class-pollution/codeql-query/class-pollution-all/query/ExternalClassPollutionQueryNewSetItemGetAttr.ql...
Interpreting /home/jackfromeast/Desktop/python-class-pollution/codeql-query/class-pollution-all/query/ExternalClassPollutionQueryNewSetBothGetBoth.ql...
Interpreting /home/jackfromeast/Desktop/python-class-pollution/codeql-query/class-pollution-all/query/ExternalClassPollutionQueryNewSetItemGetBoth.ql...
Interpreting /home/jackfromeast/Desktop/python-class-pollution/codeql-query/class-pollution-all/query/ExternalClassPollutionQueryNewSetAttrGetBoth.ql...
Exporting results to SARIF...
A fatal error occurred: Could not write SARIF file
(eventual cause: NoSuchFileException "/home/jackfromeast/Desktop/python-class-pollution/tasks/class-pollution-positive...")
 (logger.py:42)
2025-04-27 23:25:56,656 - CodeQLRunner - ERROR - Failed to run query: /home/jackfromeast/Desktop/python-class-pollution/codeql-query/class-pollution-all/class-pollution-external.qls (logger.py:42)
2025-04-27 23:28:24,048 - CodeQLRunner - ERROR - Failed to execute query /home/jackfromeast/Desktop/python-class-pollution/codeql-query/class-pollution-all/class-pollution-external.qls: UnknownError: Running queries.
Compiling query plan for /home/jackfromeast/Desktop/python-class-pollution/codeql-query/class-pollution-all/query/ExternalClassPollutionQueryNewSetBothGetAttr.ql.
WARNING: unused variable 'setOpSecondObj' (/home/jackfromeast/Desktop/python-class-pollution/codeql-query/class-pollution-all/vuln/ClassPollutingAssignLib.qll:543,239-253)
WARNING: unused variable 'setOpSecondObj' (/home/jackfromeast/Desktop/python-class-pollution/codeql-query/class-pollution-all/vuln/ClassPollutingAssignLib.qll:562,245-259)
[1/6] Found in cache: /home/jackfromeast/Desktop/python-class-pollution/codeql-query/class-pollution-all/query/ExternalClassPollutionQueryNewSetBothGetAttr.ql.
Compiling query plan for /home/jackfromeast/Desktop/python-class-pollution/codeql-query/class-pollution-all/query/ExternalClassPollutionQueryNewSetAttrGetAttr.ql.
WARNING: unused variable 'setOpSecondObj' (/home/jackfromeast/Desktop/python-class-pollution/codeql-query/class-pollution-all/vuln/ClassPollutingAssignLib.qll:543,239-253)
WARNING: unused variable 'setOpSecondObj' (/home/jackfromeast/Desktop/python-class-pollution/codeql-query/class-pollution-all/vuln/ClassPollutingAssignLib.qll:562,245-259)
[2/6] Found in cache: /home/jackfromeast/Desktop/python-class-pollution/codeql-query/class-pollution-all/query/ExternalClassPollutionQueryNewSetAttrGetAttr.ql.
Compiling query plan for /home/jackfromeast/Desktop/python-class-pollution/codeql-query/class-pollution-all/query/ExternalClassPollutionQueryNewSetItemGetAttr.ql.
WARNING: unused variable 'setOpSecondObj' (/home/jackfromeast/Desktop/python-class-pollution/codeql-query/class-pollution-all/vuln/ClassPollutingAssignLib.qll:543,239-253)
WARNING: unused variable 'setOpSecondObj' (/home/jackfromeast/Desktop/python-class-pollution/codeql-query/class-pollution-all/vuln/ClassPollutingAssignLib.qll:562,245-259)
[3/6] Found in cache: /home/jackfromeast/Desktop/python-class-pollution/codeql-query/class-pollution-all/query/ExternalClassPollutionQueryNewSetItemGetAttr.ql.
Compiling query plan for /home/jackfromeast/Desktop/python-class-pollution/codeql-query/class-pollution-all/query/ExternalClassPollutionQueryNewSetBothGetBoth.ql.
WARNING: unused variable 'setOpSecondObj' (/home/jackfromeast/Desktop/python-class-pollution/codeql-query/class-pollution-all/vuln/ClassPollutingAssignLib.qll:543,239-253)
WARNING: unused variable 'setOpSecondObj' (/home/jackfromeast/Desktop/python-class-pollution/codeql-query/class-pollution-all/vuln/ClassPollutingAssignLib.qll:562,245-259)
[4/6] Found in cache: /home/jackfromeast/Desktop/python-class-pollution/codeql-query/class-pollution-all/query/ExternalClassPollutionQueryNewSetBothGetBoth.ql.
Compiling query plan for /home/jackfromeast/Desktop/python-class-pollution/codeql-query/class-pollution-all/query/ExternalClassPollutionQueryNewSetItemGetBoth.ql.
WARNING: unused variable 'setOpSecondObj' (/home/jackfromeast/Desktop/python-class-pollution/codeql-query/class-pollution-all/vuln/ClassPollutingAssignLib.qll:543,239-253)
WARNING: unused variable 'setOpSecondObj' (/home/jackfromeast/Desktop/python-class-pollution/codeql-query/class-pollution-all/vuln/ClassPollutingAssignLib.qll:562,245-259)
[5/6] Found in cache: /home/jackfromeast/Desktop/python-class-pollution/codeql-query/class-pollution-all/query/ExternalClassPollutionQueryNewSetItemGetBoth.ql.
Compiling query plan for /home/jackfromeast/Desktop/python-class-pollution/codeql-query/class-pollution-all/query/ExternalClassPollutionQueryNewSetAttrGetBoth.ql.
WARNING: unused variable 'setOpSecondObj' (/home/jackfromeast/Desktop/python-class-pollution/codeql-query/class-pollution-all/vuln/ClassPollutingAssignLib.qll:543,239-253)
WARNING: unused variable 'setOpSecondObj' (/home/jackfromeast/Desktop/python-class-pollution/codeql-query/class-pollution-all/vuln/ClassPollutingAssignLib.qll:562,245-259)
[6/6] Found in cache: /home/jackfromeast/Desktop/python-class-pollution/codeql-query/class-pollution-all/query/ExternalClassPollutionQueryNewSetAttrGetBoth.ql.
Starting evaluation of jackfromeast/class-pollution-all/query/ExternalClassPollutionQueryNewSetAttrGetAttr.ql.
A fatal error occurred: Cannot create dirty marker for cached strings
(eventual cause: NoSuchFileException "/home/jackfromeast/Desktop/python-class-pollution/tasks/class-pollution-positive...")
 (logger.py:42)
2025-04-27 23:28:24,048 - CodeQLRunner - ERROR - Failed to run query: /home/jackfromeast/Desktop/python-class-pollution/codeql-query/class-pollution-all/class-pollution-external.qls (logger.py:42)
2025-04-27 23:28:25,214 - CodeQLRunner - ERROR - Failed to build CodeQL database for ScoutSuite: UnknownError: Initializing database at /home/jackfromeast/Desktop/python-class-pollution/tasks/class-pollution-positive-remote/output/ScoutSuite/codeql-db.
Running build command: []
Running command in /home/jackfromeast/Desktop/python-class-pollution/tasks/class-pollution-positive-remote/output/ScoutSuite/codebase: [/home/jackfromeast/Downloads/codeql/python/tools/autobuild.sh]
Finalizing database at /home/jackfromeast/Desktop/python-class-pollution/tasks/class-pollution-positive-remote/output/ScoutSuite/codeql-db.
Running pre-finalize script /home/jackfromeast/Downloads/codeql/python/tools/pre-finalize.sh in /home/jackfromeast/Desktop/python-class-pollution/tasks/class-pollution-positive-remote/output/ScoutSuite/codebase.
Running command in /home/jackfromeast/Desktop/python-class-pollution/tasks/class-pollution-positive-remote/output/ScoutSuite/codebase: [/home/jackfromeast/Downloads/codeql/python/tools/pre-finalize.sh]
A fatal error occurred: Exit status 2 from command: [/home/jackfromeast/Downloads/codeql/python/tools/pre-finalize.sh]
Failed to write diagnostic information.
 (logger.py:42)
2025-04-27 23:31:19,706 - CodeQLRunner - ERROR - Failed to execute query /home/jackfromeast/Desktop/python-class-pollution/codeql-query/class-pollution-all/class-pollution-external.qls: UnknownError: Running queries.
Compiling query plan for /home/jackfromeast/Desktop/python-class-pollution/codeql-query/class-pollution-all/query/ExternalClassPollutionQueryNewSetBothGetAttr.ql.
WARNING: unused variable 'setOpSecondObj' (/home/jackfromeast/Desktop/python-class-pollution/codeql-query/class-pollution-all/vuln/ClassPollutingAssignLib.qll:543,239-253)
WARNING: unused variable 'setOpSecondObj' (/home/jackfromeast/Desktop/python-class-pollution/codeql-query/class-pollution-all/vuln/ClassPollutingAssignLib.qll:562,245-259)
[1/6] Found in cache: /home/jackfromeast/Desktop/python-class-pollution/codeql-query/class-pollution-all/query/ExternalClassPollutionQueryNewSetBothGetAttr.ql.
Compiling query plan for /home/jackfromeast/Desktop/python-class-pollution/codeql-query/class-pollution-all/query/ExternalClassPollutionQueryNewSetAttrGetAttr.ql.
WARNING: unused variable 'setOpSecondObj' (/home/jackfromeast/Desktop/python-class-pollution/codeql-query/class-pollution-all/vuln/ClassPollutingAssignLib.qll:543,239-253)
WARNING: unused variable 'setOpSecondObj' (/home/jackfromeast/Desktop/python-class-pollution/codeql-query/class-pollution-all/vuln/ClassPollutingAssignLib.qll:562,245-259)
[2/6] Found in cache: /home/jackfromeast/Desktop/python-class-pollution/codeql-query/class-pollution-all/query/ExternalClassPollutionQueryNewSetAttrGetAttr.ql.
Compiling query plan for /home/jackfromeast/Desktop/python-class-pollution/codeql-query/class-pollution-all/query/ExternalClassPollutionQueryNewSetItemGetAttr.ql.
WARNING: unused variable 'setOpSecondObj' (/home/jackfromeast/Desktop/python-class-pollution/codeql-query/class-pollution-all/vuln/ClassPollutingAssignLib.qll:543,239-253)
WARNING: unused variable 'setOpSecondObj' (/home/jackfromeast/Desktop/python-class-pollution/codeql-query/class-pollution-all/vuln/ClassPollutingAssignLib.qll:562,245-259)
[3/6] Found in cache: /home/jackfromeast/Desktop/python-class-pollution/codeql-query/class-pollution-all/query/ExternalClassPollutionQueryNewSetItemGetAttr.ql.
Compiling query plan for /home/jackfromeast/Desktop/python-class-pollution/codeql-query/class-pollution-all/query/ExternalClassPollutionQueryNewSetBothGetBoth.ql.
WARNING: unused variable 'setOpSecondObj' (/home/jackfromeast/Desktop/python-class-pollution/codeql-query/class-pollution-all/vuln/ClassPollutingAssignLib.qll:543,239-253)
WARNING: unused variable 'setOpSecondObj' (/home/jackfromeast/Desktop/python-class-pollution/codeql-query/class-pollution-all/vuln/ClassPollutingAssignLib.qll:562,245-259)
[4/6] Found in cache: /home/jackfromeast/Desktop/python-class-pollution/codeql-query/class-pollution-all/query/ExternalClassPollutionQueryNewSetBothGetBoth.ql.
Compiling query plan for /home/jackfromeast/Desktop/python-class-pollution/codeql-query/class-pollution-all/query/ExternalClassPollutionQueryNewSetItemGetBoth.ql.
WARNING: unused variable 'setOpSecondObj' (/home/jackfromeast/Desktop/python-class-pollution/codeql-query/class-pollution-all/vuln/ClassPollutingAssignLib.qll:543,239-253)
WARNING: unused variable 'setOpSecondObj' (/home/jackfromeast/Desktop/python-class-pollution/codeql-query/class-pollution-all/vuln/ClassPollutingAssignLib.qll:562,245-259)
[5/6] Found in cache: /home/jackfromeast/Desktop/python-class-pollution/codeql-query/class-pollution-all/query/ExternalClassPollutionQueryNewSetItemGetBoth.ql.
Compiling query plan for /home/jackfromeast/Desktop/python-class-pollution/codeql-query/class-pollution-all/query/ExternalClassPollutionQueryNewSetAttrGetBoth.ql.
WARNING: unused variable 'setOpSecondObj' (/home/jackfromeast/Desktop/python-class-pollution/codeql-query/class-pollution-all/vuln/ClassPollutingAssignLib.qll:543,239-253)
WARNING: unused variable 'setOpSecondObj' (/home/jackfromeast/Desktop/python-class-pollution/codeql-query/class-pollution-all/vuln/ClassPollutingAssignLib.qll:562,245-259)
[6/6] Found in cache: /home/jackfromeast/Desktop/python-class-pollution/codeql-query/class-pollution-all/query/ExternalClassPollutionQueryNewSetAttrGetBoth.ql.
Starting evaluation of jackfromeast/class-pollution-all/query/ExternalClassPollutionQueryNewSetAttrGetAttr.ql.
A fatal error occurred: Cannot create dirty marker for cached strings
(eventual cause: NoSuchFileException "/home/jackfromeast/Desktop/python-class-pollution/tasks/class-pollution-positive...")
 (logger.py:42)
2025-04-27 23:31:19,707 - CodeQLRunner - ERROR - Failed to run query: /home/jackfromeast/Desktop/python-class-pollution/codeql-query/class-pollution-all/class-pollution-external.qls (logger.py:42)
2025-04-27 23:31:21,152 - CodeQLRunner - ERROR - Failed during cleanup: [Errno 39] Directory not empty: 'python' (logger.py:42)
2025-04-27 23:34:30,775 - CodeQLRunner - ERROR - Failed to execute query /home/jackfromeast/Desktop/python-class-pollution/codeql-query/class-pollution-all/class-pollution-external.qls: UnknownError: Running queries.
Compiling query plan for /home/jackfromeast/Desktop/python-class-pollution/codeql-query/class-pollution-all/query/ExternalClassPollutionQueryNewSetBothGetAttr.ql.
WARNING: unused variable 'setOpSecondObj' (/home/jackfromeast/Desktop/python-class-pollution/codeql-query/class-pollution-all/vuln/ClassPollutingAssignLib.qll:543,239-253)
WARNING: unused variable 'setOpSecondObj' (/home/jackfromeast/Desktop/python-class-pollution/codeql-query/class-pollution-all/vuln/ClassPollutingAssignLib.qll:562,245-259)
[1/6] Found in cache: /home/jackfromeast/Desktop/python-class-pollution/codeql-query/class-pollution-all/query/ExternalClassPollutionQueryNewSetBothGetAttr.ql.
Compiling query plan for /home/jackfromeast/Desktop/python-class-pollution/codeql-query/class-pollution-all/query/ExternalClassPollutionQueryNewSetAttrGetAttr.ql.
WARNING: unused variable 'setOpSecondObj' (/home/jackfromeast/Desktop/python-class-pollution/codeql-query/class-pollution-all/vuln/ClassPollutingAssignLib.qll:543,239-253)
WARNING: unused variable 'setOpSecondObj' (/home/jackfromeast/Desktop/python-class-pollution/codeql-query/class-pollution-all/vuln/ClassPollutingAssignLib.qll:562,245-259)
[2/6] Found in cache: /home/jackfromeast/Desktop/python-class-pollution/codeql-query/class-pollution-all/query/ExternalClassPollutionQueryNewSetAttrGetAttr.ql.
Compiling query plan for /home/jackfromeast/Desktop/python-class-pollution/codeql-query/class-pollution-all/query/ExternalClassPollutionQueryNewSetItemGetAttr.ql.
WARNING: unused variable 'setOpSecondObj' (/home/jackfromeast/Desktop/python-class-pollution/codeql-query/class-pollution-all/vuln/ClassPollutingAssignLib.qll:543,239-253)
WARNING: unused variable 'setOpSecondObj' (/home/jackfromeast/Desktop/python-class-pollution/codeql-query/class-pollution-all/vuln/ClassPollutingAssignLib.qll:562,245-259)
[3/6] Found in cache: /home/jackfromeast/Desktop/python-class-pollution/codeql-query/class-pollution-all/query/ExternalClassPollutionQueryNewSetItemGetAttr.ql.
Compiling query plan for /home/jackfromeast/Desktop/python-class-pollution/codeql-query/class-pollution-all/query/ExternalClassPollutionQueryNewSetBothGetBoth.ql.
WARNING: unused variable 'setOpSecondObj' (/home/jackfromeast/Desktop/python-class-pollution/codeql-query/class-pollution-all/vuln/ClassPollutingAssignLib.qll:543,239-253)
WARNING: unused variable 'setOpSecondObj' (/home/jackfromeast/Desktop/python-class-pollution/codeql-query/class-pollution-all/vuln/ClassPollutingAssignLib.qll:562,245-259)
[4/6] Found in cache: /home/jackfromeast/Desktop/python-class-pollution/codeql-query/class-pollution-all/query/ExternalClassPollutionQueryNewSetBothGetBoth.ql.
Compiling query plan for /home/jackfromeast/Desktop/python-class-pollution/codeql-query/class-pollution-all/query/ExternalClassPollutionQueryNewSetItemGetBoth.ql.
WARNING: unused variable 'setOpSecondObj' (/home/jackfromeast/Desktop/python-class-pollution/codeql-query/class-pollution-all/vuln/ClassPollutingAssignLib.qll:543,239-253)
WARNING: unused variable 'setOpSecondObj' (/home/jackfromeast/Desktop/python-class-pollution/codeql-query/class-pollution-all/vuln/ClassPollutingAssignLib.qll:562,245-259)
[5/6] Found in cache: /home/jackfromeast/Desktop/python-class-pollution/codeql-query/class-pollution-all/query/ExternalClassPollutionQueryNewSetItemGetBoth.ql.
Compiling query plan for /home/jackfromeast/Desktop/python-class-pollution/codeql-query/class-pollution-all/query/ExternalClassPollutionQueryNewSetAttrGetBoth.ql.
WARNING: unused variable 'setOpSecondObj' (/home/jackfromeast/Desktop/python-class-pollution/codeql-query/class-pollution-all/vuln/ClassPollutingAssignLib.qll:543,239-253)
WARNING: unused variable 'setOpSecondObj' (/home/jackfromeast/Desktop/python-class-pollution/codeql-query/class-pollution-all/vuln/ClassPollutingAssignLib.qll:562,245-259)
[6/6] Found in cache: /home/jackfromeast/Desktop/python-class-pollution/codeql-query/class-pollution-all/query/ExternalClassPollutionQueryNewSetAttrGetBoth.ql.
Starting evaluation of jackfromeast/class-pollution-all/query/ExternalClassPollutionQueryNewSetAttrGetAttr.ql.
Starting evaluation of jackfromeast/class-pollution-all/query/ExternalClassPollutionQueryNewSetAttrGetBoth.ql.
[1/6 eval 1m19s] Evaluation done; writing results to jackfromeast/class-pollution-all/query/ExternalClassPollutionQueryNewSetAttrGetAttr.bqrs.
Starting evaluation of jackfromeast/class-pollution-all/query/ExternalClassPollutionQueryNewSetBothGetAttr.ql.
[2/6 eval 45.6s] Evaluation done; writing results to jackfromeast/class-pollution-all/query/ExternalClassPollutionQueryNewSetAttrGetBoth.bqrs.
Starting evaluation of jackfromeast/class-pollution-all/query/ExternalClassPollutionQueryNewSetBothGetBoth.ql.
[3/6 eval 639ms] Evaluation done; writing results to jackfromeast/class-pollution-all/query/ExternalClassPollutionQueryNewSetBothGetAttr.bqrs.
Starting evaluation of jackfromeast/class-pollution-all/query/ExternalClassPollutionQueryNewSetItemGetAttr.ql.
[4/6 eval 39.6s] Evaluation done; writing results to jackfromeast/class-pollution-all/query/ExternalClassPollutionQueryNewSetBothGetBoth.bqrs.
Starting evaluation of jackfromeast/class-pollution-all/query/ExternalClassPollutionQueryNewSetItemGetBoth.ql.
[5/6 eval 1.8s] Evaluation done; writing results to jackfromeast/class-pollution-all/query/ExternalClassPollutionQueryNewSetItemGetAttr.bqrs.
[6/6 eval 1.5s] Evaluation done; writing results to jackfromeast/class-pollution-all/query/ExternalClassPollutionQueryNewSetItemGetBoth.bqrs.
Shutting down query evaluator.
Interpreting results.
Interpreting /home/jackfromeast/Desktop/python-class-pollution/codeql-query/class-pollution-all/query/ExternalClassPollutionQueryNewSetBothGetAttr.ql...
Interpreting /home/jackfromeast/Desktop/python-class-pollution/codeql-query/class-pollution-all/query/ExternalClassPollutionQueryNewSetAttrGetAttr.ql...
Interpreting /home/jackfromeast/Desktop/python-class-pollution/codeql-query/class-pollution-all/query/ExternalClassPollutionQueryNewSetItemGetAttr.ql...
Interpreting /home/jackfromeast/Desktop/python-class-pollution/codeql-query/class-pollution-all/query/ExternalClassPollutionQueryNewSetBothGetBoth.ql...
Interpreting /home/jackfromeast/Desktop/python-class-pollution/codeql-query/class-pollution-all/query/ExternalClassPollutionQueryNewSetItemGetBoth.ql...
Interpreting /home/jackfromeast/Desktop/python-class-pollution/codeql-query/class-pollution-all/query/ExternalClassPollutionQueryNewSetAttrGetBoth.ql...
Exporting results to SARIF...
A fatal error occurred: Could not write SARIF file
(eventual cause: NoSuchFileException "/home/jackfromeast/Desktop/python-class-pollution/tasks/class-pollution-positive...")
 (logger.py:42)
2025-04-27 23:34:30,775 - CodeQLRunner - ERROR - Failed to run query: /home/jackfromeast/Desktop/python-class-pollution/codeql-query/class-pollution-all/class-pollution-external.qls (logger.py:42)
2025-04-27 23:40:22,525 - CodeQLRunner - ERROR - Failed to build CodeQL database for coremltools: UnknownError: Initializing database at /home/jackfromeast/Desktop/python-class-pollution/tasks/class-pollution-positive-remote/output/coremltools/codeql-db.
Unrecognized file in database cluster: '/home/jackfromeast/Desktop/python-class-pollution/tasks/class-pollution-positive-remote/output/coremltools/codeql-db/db-python'.
A fatal error occurred: Ran with database overwriting enabled, but the directory does not appear to be a CodeQL database or database cluster. Please check you do indeed wish to delete it, and do so manually.
 (logger.py:42)
2025-04-27 23:49:55,452 - CodeQLRunner - ERROR - Query timed out for edgedb: /home/jackfromeast/Desktop/python-class-pollution/codeql-query/class-pollution-all/class-pollution-external.qls (logger.py:42)
2025-04-27 23:49:55,714 - CodeQLRunner - ERROR - Failed to run query: /home/jackfromeast/Desktop/python-class-pollution/codeql-query/class-pollution-all/class-pollution-external.qls (logger.py:42)
2025-04-27 23:49:55,745 - CodeQLRunner - ERROR - Failed to execute query /home/jackfromeast/Desktop/python-class-pollution/codeql-query/class-pollution-all/class-pollution-external.qls: UnknownError: Running queries.
Compiling query plan for /home/jackfromeast/Desktop/python-class-pollution/codeql-query/class-pollution-all/query/ExternalClassPollutionQueryNewSetBothGetAttr.ql.
WARNING: unused variable 'setOpSecondObj' (/home/jackfromeast/Desktop/python-class-pollution/codeql-query/class-pollution-all/vuln/ClassPollutingAssignLib.qll:543,239-253)
WARNING: unused variable 'setOpSecondObj' (/home/jackfromeast/Desktop/python-class-pollution/codeql-query/class-pollution-all/vuln/ClassPollutingAssignLib.qll:562,245-259)
[1/6] Found in cache: /home/jackfromeast/Desktop/python-class-pollution/codeql-query/class-pollution-all/query/ExternalClassPollutionQueryNewSetBothGetAttr.ql.
Compiling query plan for /home/jackfromeast/Desktop/python-class-pollution/codeql-query/class-pollution-all/query/ExternalClassPollutionQueryNewSetAttrGetAttr.ql.
WARNING: unused variable 'setOpSecondObj' (/home/jackfromeast/Desktop/python-class-pollution/codeql-query/class-pollution-all/vuln/ClassPollutingAssignLib.qll:543,239-253)
WARNING: unused variable 'setOpSecondObj' (/home/jackfromeast/Desktop/python-class-pollution/codeql-query/class-pollution-all/vuln/ClassPollutingAssignLib.qll:562,245-259)
[2/6] Found in cache: /home/jackfromeast/Desktop/python-class-pollution/codeql-query/class-pollution-all/query/ExternalClassPollutionQueryNewSetAttrGetAttr.ql.
Compiling query plan for /home/jackfromeast/Desktop/python-class-pollution/codeql-query/class-pollution-all/query/ExternalClassPollutionQueryNewSetItemGetAttr.ql.
WARNING: unused variable 'setOpSecondObj' (/home/jackfromeast/Desktop/python-class-pollution/codeql-query/class-pollution-all/vuln/ClassPollutingAssignLib.qll:543,239-253)
WARNING: unused variable 'setOpSecondObj' (/home/jackfromeast/Desktop/python-class-pollution/codeql-query/class-pollution-all/vuln/ClassPollutingAssignLib.qll:562,245-259)
[3/6] Found in cache: /home/jackfromeast/Desktop/python-class-pollution/codeql-query/class-pollution-all/query/ExternalClassPollutionQueryNewSetItemGetAttr.ql.
Compiling query plan for /home/jackfromeast/Desktop/python-class-pollution/codeql-query/class-pollution-all/query/ExternalClassPollutionQueryNewSetBothGetBoth.ql.
WARNING: unused variable 'setOpSecondObj' (/home/jackfromeast/Desktop/python-class-pollution/codeql-query/class-pollution-all/vuln/ClassPollutingAssignLib.qll:543,239-253)
WARNING: unused variable 'setOpSecondObj' (/home/jackfromeast/Desktop/python-class-pollution/codeql-query/class-pollution-all/vuln/ClassPollutingAssignLib.qll:562,245-259)
[4/6] Found in cache: /home/jackfromeast/Desktop/python-class-pollution/codeql-query/class-pollution-all/query/ExternalClassPollutionQueryNewSetBothGetBoth.ql.
Compiling query plan for /home/jackfromeast/Desktop/python-class-pollution/codeql-query/class-pollution-all/query/ExternalClassPollutionQueryNewSetItemGetBoth.ql.
WARNING: unused variable 'setOpSecondObj' (/home/jackfromeast/Desktop/python-class-pollution/codeql-query/class-pollution-all/vuln/ClassPollutingAssignLib.qll:543,239-253)
WARNING: unused variable 'setOpSecondObj' (/home/jackfromeast/Desktop/python-class-pollution/codeql-query/class-pollution-all/vuln/ClassPollutingAssignLib.qll:562,245-259)
[5/6] Found in cache: /home/jackfromeast/Desktop/python-class-pollution/codeql-query/class-pollution-all/query/ExternalClassPollutionQueryNewSetItemGetBoth.ql.
Compiling query plan for /home/jackfromeast/Desktop/python-class-pollution/codeql-query/class-pollution-all/query/ExternalClassPollutionQueryNewSetAttrGetBoth.ql.
WARNING: unused variable 'setOpSecondObj' (/home/jackfromeast/Desktop/python-class-pollution/codeql-query/class-pollution-all/vuln/ClassPollutingAssignLib.qll:543,239-253)
WARNING: unused variable 'setOpSecondObj' (/home/jackfromeast/Desktop/python-class-pollution/codeql-query/class-pollution-all/vuln/ClassPollutingAssignLib.qll:562,245-259)
[6/6] Found in cache: /home/jackfromeast/Desktop/python-class-pollution/codeql-query/class-pollution-all/query/ExternalClassPollutionQueryNewSetAttrGetBoth.ql.
Starting evaluation of jackfromeast/class-pollution-all/query/ExternalClassPollutionQueryNewSetAttrGetAttr.ql.
A fatal error occurred: Error writing array info file: /home/jackfromeast/Desktop/python-class-pollution/tasks/class-pollution-positive-remote/output/bevfusion/codeql-db/db-python/default/cache/cached-strings/pools/0/ids1/info-new
(eventual cause: NoSuchFileException "/home/jackfromeast/Desktop/python-class-pollution/tasks/class-pollution-positive...")
 (logger.py:42)
2025-04-27 23:49:55,745 - CodeQLRunner - ERROR - Failed to run query: /home/jackfromeast/Desktop/python-class-pollution/codeql-query/class-pollution-all/class-pollution-external.qls (logger.py:42)
2025-04-27 23:57:57,597 - CodeQLRunner - ERROR - Building CodeQL database timed out: clearml (logger.py:42)
2025-04-27 23:58:48,481 - CodeQLRunner - ERROR - Failed to execute query /home/jackfromeast/Desktop/python-class-pollution/codeql-query/class-pollution-all/class-pollution-external.qls: UnknownError: Running queries.
Compiling query plan for /home/jackfromeast/Desktop/python-class-pollution/codeql-query/class-pollution-all/query/ExternalClassPollutionQueryNewSetBothGetAttr.ql.
WARNING: unused variable 'setOpSecondObj' (/home/jackfromeast/Desktop/python-class-pollution/codeql-query/class-pollution-all/vuln/ClassPollutingAssignLib.qll:543,239-253)
WARNING: unused variable 'setOpSecondObj' (/home/jackfromeast/Desktop/python-class-pollution/codeql-query/class-pollution-all/vuln/ClassPollutingAssignLib.qll:562,245-259)
A fatal error occurred: Could not read dbscheme at /home/jackfromeast/Desktop/python-class-pollution/tasks/class-pollution-positive-remote/output/code/codeql-db/db-python/semmlecode.python.dbscheme: java.nio.file.NoSuchFileException: /home/jackfromeast/Desktop/python-class-pollution/tasks/class-pollution-positive-remote/output/code/codeql-db/db-python/semmlecode.python.dbscheme
 (logger.py:42)
2025-04-27 23:58:48,481 - CodeQLRunner - ERROR - Failed to run query: /home/jackfromeast/Desktop/python-class-pollution/codeql-query/class-pollution-all/class-pollution-external.qls (logger.py:42)
2025-04-27 23:58:48,574 - CodeQLRunner - ERROR - Failed during cleanup: [Errno 39] Directory not empty: 'Python' (logger.py:42)
2025-04-28 00:03:11,917 - CodeQLRunner - ERROR - Failed to execute query /home/jackfromeast/Desktop/python-class-pollution/codeql-query/class-pollution-all/class-pollution-external.qls: UnknownError: Running queries.
Compiling query plan for /home/jackfromeast/Desktop/python-class-pollution/codeql-query/class-pollution-all/query/ExternalClassPollutionQueryNewSetBothGetAttr.ql.
WARNING: unused variable 'setOpSecondObj' (/home/jackfromeast/Desktop/python-class-pollution/codeql-query/class-pollution-all/vuln/ClassPollutingAssignLib.qll:543,239-253)
WARNING: unused variable 'setOpSecondObj' (/home/jackfromeast/Desktop/python-class-pollution/codeql-query/class-pollution-all/vuln/ClassPollutingAssignLib.qll:562,245-259)
[1/6] Found in cache: /home/jackfromeast/Desktop/python-class-pollution/codeql-query/class-pollution-all/query/ExternalClassPollutionQueryNewSetBothGetAttr.ql.
Compiling query plan for /home/jackfromeast/Desktop/python-class-pollution/codeql-query/class-pollution-all/query/ExternalClassPollutionQueryNewSetAttrGetAttr.ql.
WARNING: unused variable 'setOpSecondObj' (/home/jackfromeast/Desktop/python-class-pollution/codeql-query/class-pollution-all/vuln/ClassPollutingAssignLib.qll:543,239-253)
WARNING: unused variable 'setOpSecondObj' (/home/jackfromeast/Desktop/python-class-pollution/codeql-query/class-pollution-all/vuln/ClassPollutingAssignLib.qll:562,245-259)
[2/6] Found in cache: /home/jackfromeast/Desktop/python-class-pollution/codeql-query/class-pollution-all/query/ExternalClassPollutionQueryNewSetAttrGetAttr.ql.
Compiling query plan for /home/jackfromeast/Desktop/python-class-pollution/codeql-query/class-pollution-all/query/ExternalClassPollutionQueryNewSetItemGetAttr.ql.
WARNING: unused variable 'setOpSecondObj' (/home/jackfromeast/Desktop/python-class-pollution/codeql-query/class-pollution-all/vuln/ClassPollutingAssignLib.qll:543,239-253)
WARNING: unused variable 'setOpSecondObj' (/home/jackfromeast/Desktop/python-class-pollution/codeql-query/class-pollution-all/vuln/ClassPollutingAssignLib.qll:562,245-259)
[3/6] Found in cache: /home/jackfromeast/Desktop/python-class-pollution/codeql-query/class-pollution-all/query/ExternalClassPollutionQueryNewSetItemGetAttr.ql.
Compiling query plan for /home/jackfromeast/Desktop/python-class-pollution/codeql-query/class-pollution-all/query/ExternalClassPollutionQueryNewSetBothGetBoth.ql.
WARNING: unused variable 'setOpSecondObj' (/home/jackfromeast/Desktop/python-class-pollution/codeql-query/class-pollution-all/vuln/ClassPollutingAssignLib.qll:543,239-253)
WARNING: unused variable 'setOpSecondObj' (/home/jackfromeast/Desktop/python-class-pollution/codeql-query/class-pollution-all/vuln/ClassPollutingAssignLib.qll:562,245-259)
[4/6] Found in cache: /home/jackfromeast/Desktop/python-class-pollution/codeql-query/class-pollution-all/query/ExternalClassPollutionQueryNewSetBothGetBoth.ql.
Compiling query plan for /home/jackfromeast/Desktop/python-class-pollution/codeql-query/class-pollution-all/query/ExternalClassPollutionQueryNewSetItemGetBoth.ql.
WARNING: unused variable 'setOpSecondObj' (/home/jackfromeast/Desktop/python-class-pollution/codeql-query/class-pollution-all/vuln/ClassPollutingAssignLib.qll:543,239-253)
WARNING: unused variable 'setOpSecondObj' (/home/jackfromeast/Desktop/python-class-pollution/codeql-query/class-pollution-all/vuln/ClassPollutingAssignLib.qll:562,245-259)
[5/6] Found in cache: /home/jackfromeast/Desktop/python-class-pollution/codeql-query/class-pollution-all/query/ExternalClassPollutionQueryNewSetItemGetBoth.ql.
Compiling query plan for /home/jackfromeast/Desktop/python-class-pollution/codeql-query/class-pollution-all/query/ExternalClassPollutionQueryNewSetAttrGetBoth.ql.
WARNING: unused variable 'setOpSecondObj' (/home/jackfromeast/Desktop/python-class-pollution/codeql-query/class-pollution-all/vuln/ClassPollutingAssignLib.qll:543,239-253)
WARNING: unused variable 'setOpSecondObj' (/home/jackfromeast/Desktop/python-class-pollution/codeql-query/class-pollution-all/vuln/ClassPollutingAssignLib.qll:562,245-259)
[6/6] Found in cache: /home/jackfromeast/Desktop/python-class-pollution/codeql-query/class-pollution-all/query/ExternalClassPollutionQueryNewSetAttrGetBoth.ql.
Starting evaluation of jackfromeast/class-pollution-all/query/ExternalClassPollutionQueryNewSetAttrGetAttr.ql.
Starting evaluation of jackfromeast/class-pollution-all/query/ExternalClassPollutionQueryNewSetAttrGetBoth.ql.
[1/6 eval 2m27s] Evaluation done; writing results to jackfromeast/class-pollution-all/query/ExternalClassPollutionQueryNewSetAttrGetAttr.bqrs.
Starting evaluation of jackfromeast/class-pollution-all/query/ExternalClassPollutionQueryNewSetBothGetAttr.ql.
[2/6 eval 31.9s] Evaluation done; writing results to jackfromeast/class-pollution-all/query/ExternalClassPollutionQueryNewSetAttrGetBoth.bqrs.
Starting evaluation of jackfromeast/class-pollution-all/query/ExternalClassPollutionQueryNewSetBothGetBoth.ql.
[3/6 eval 910ms] Evaluation done; writing results to jackfromeast/class-pollution-all/query/ExternalClassPollutionQueryNewSetBothGetAttr.bqrs.
Starting evaluation of jackfromeast/class-pollution-all/query/ExternalClassPollutionQueryNewSetItemGetAttr.ql.
[4/6 eval 27.8s] Evaluation done; writing results to jackfromeast/class-pollution-all/query/ExternalClassPollutionQueryNewSetBothGetBoth.bqrs.
Starting evaluation of jackfromeast/class-pollution-all/query/ExternalClassPollutionQueryNewSetItemGetBoth.ql.
[5/6 eval 757ms] Evaluation done; writing results to jackfromeast/class-pollution-all/query/ExternalClassPollutionQueryNewSetItemGetAttr.bqrs.
[6/6 eval 894ms] Evaluation done; writing results to jackfromeast/class-pollution-all/query/ExternalClassPollutionQueryNewSetItemGetBoth.bqrs.
Shutting down query evaluator.
Interpreting results.
Interpreting /home/jackfromeast/Desktop/python-class-pollution/codeql-query/class-pollution-all/query/ExternalClassPollutionQueryNewSetBothGetAttr.ql...
Interpreting /home/jackfromeast/Desktop/python-class-pollution/codeql-query/class-pollution-all/query/ExternalClassPollutionQueryNewSetAttrGetAttr.ql...
Interpreting /home/jackfromeast/Desktop/python-class-pollution/codeql-query/class-pollution-all/query/ExternalClassPollutionQueryNewSetItemGetAttr.ql...
Interpreting /home/jackfromeast/Desktop/python-class-pollution/codeql-query/class-pollution-all/query/ExternalClassPollutionQueryNewSetBothGetBoth.ql...
Interpreting /home/jackfromeast/Desktop/python-class-pollution/codeql-query/class-pollution-all/query/ExternalClassPollutionQueryNewSetItemGetBoth.ql...
Interpreting /home/jackfromeast/Desktop/python-class-pollution/codeql-query/class-pollution-all/query/ExternalClassPollutionQueryNewSetAttrGetBoth.ql...
Exporting results to SARIF...
A fatal error occurred: Could not write SARIF file
(eventual cause: NoSuchFileException "/home/jackfromeast/Desktop/python-class-pollution/tasks/class-pollution-positive...")
 (logger.py:42)
2025-04-28 00:03:11,917 - CodeQLRunner - ERROR - Failed to run query: /home/jackfromeast/Desktop/python-class-pollution/codeql-query/class-pollution-all/class-pollution-external.qls (logger.py:42)
2025-04-28 00:04:03,605 - CodeQLRunner - ERROR - Failed to execute query /home/jackfromeast/Desktop/python-class-pollution/codeql-query/class-pollution-all/class-pollution-external.qls: UnknownError: Running queries.
Compiling query plan for /home/jackfromeast/Desktop/python-class-pollution/codeql-query/class-pollution-all/query/ExternalClassPollutionQueryNewSetBothGetAttr.ql.
WARNING: unused variable 'setOpSecondObj' (/home/jackfromeast/Desktop/python-class-pollution/codeql-query/class-pollution-all/vuln/ClassPollutingAssignLib.qll:543,239-253)
WARNING: unused variable 'setOpSecondObj' (/home/jackfromeast/Desktop/python-class-pollution/codeql-query/class-pollution-all/vuln/ClassPollutingAssignLib.qll:562,245-259)
[1/6] Found in cache: /home/jackfromeast/Desktop/python-class-pollution/codeql-query/class-pollution-all/query/ExternalClassPollutionQueryNewSetBothGetAttr.ql.
Compiling query plan for /home/jackfromeast/Desktop/python-class-pollution/codeql-query/class-pollution-all/query/ExternalClassPollutionQueryNewSetAttrGetAttr.ql.
WARNING: unused variable 'setOpSecondObj' (/home/jackfromeast/Desktop/python-class-pollution/codeql-query/class-pollution-all/vuln/ClassPollutingAssignLib.qll:543,239-253)
WARNING: unused variable 'setOpSecondObj' (/home/jackfromeast/Desktop/python-class-pollution/codeql-query/class-pollution-all/vuln/ClassPollutingAssignLib.qll:562,245-259)
[2/6] Found in cache: /home/jackfromeast/Desktop/python-class-pollution/codeql-query/class-pollution-all/query/ExternalClassPollutionQueryNewSetAttrGetAttr.ql.
Compiling query plan for /home/jackfromeast/Desktop/python-class-pollution/codeql-query/class-pollution-all/query/ExternalClassPollutionQueryNewSetItemGetAttr.ql.
WARNING: unused variable 'setOpSecondObj' (/home/jackfromeast/Desktop/python-class-pollution/codeql-query/class-pollution-all/vuln/ClassPollutingAssignLib.qll:543,239-253)
WARNING: unused variable 'setOpSecondObj' (/home/jackfromeast/Desktop/python-class-pollution/codeql-query/class-pollution-all/vuln/ClassPollutingAssignLib.qll:562,245-259)
[3/6] Found in cache: /home/jackfromeast/Desktop/python-class-pollution/codeql-query/class-pollution-all/query/ExternalClassPollutionQueryNewSetItemGetAttr.ql.
Compiling query plan for /home/jackfromeast/Desktop/python-class-pollution/codeql-query/class-pollution-all/query/ExternalClassPollutionQueryNewSetBothGetBoth.ql.
WARNING: unused variable 'setOpSecondObj' (/home/jackfromeast/Desktop/python-class-pollution/codeql-query/class-pollution-all/vuln/ClassPollutingAssignLib.qll:543,239-253)
WARNING: unused variable 'setOpSecondObj' (/home/jackfromeast/Desktop/python-class-pollution/codeql-query/class-pollution-all/vuln/ClassPollutingAssignLib.qll:562,245-259)
[4/6] Found in cache: /home/jackfromeast/Desktop/python-class-pollution/codeql-query/class-pollution-all/query/ExternalClassPollutionQueryNewSetBothGetBoth.ql.
Compiling query plan for /home/jackfromeast/Desktop/python-class-pollution/codeql-query/class-pollution-all/query/ExternalClassPollutionQueryNewSetItemGetBoth.ql.
WARNING: unused variable 'setOpSecondObj' (/home/jackfromeast/Desktop/python-class-pollution/codeql-query/class-pollution-all/vuln/ClassPollutingAssignLib.qll:543,239-253)
WARNING: unused variable 'setOpSecondObj' (/home/jackfromeast/Desktop/python-class-pollution/codeql-query/class-pollution-all/vuln/ClassPollutingAssignLib.qll:562,245-259)
[5/6] Found in cache: /home/jackfromeast/Desktop/python-class-pollution/codeql-query/class-pollution-all/query/ExternalClassPollutionQueryNewSetItemGetBoth.ql.
Compiling query plan for /home/jackfromeast/Desktop/python-class-pollution/codeql-query/class-pollution-all/query/ExternalClassPollutionQueryNewSetAttrGetBoth.ql.
WARNING: unused variable 'setOpSecondObj' (/home/jackfromeast/Desktop/python-class-pollution/codeql-query/class-pollution-all/vuln/ClassPollutingAssignLib.qll:543,239-253)
WARNING: unused variable 'setOpSecondObj' (/home/jackfromeast/Desktop/python-class-pollution/codeql-query/class-pollution-all/vuln/ClassPollutingAssignLib.qll:562,245-259)
[6/6] Found in cache: /home/jackfromeast/Desktop/python-class-pollution/codeql-query/class-pollution-all/query/ExternalClassPollutionQueryNewSetAttrGetBoth.ql.
Starting evaluation of jackfromeast/class-pollution-all/query/ExternalClassPollutionQueryNewSetAttrGetAttr.ql.
Oops! A fatal internal error occurred. Details:
com.semmle.util.exception.CatastrophicError: An error occurred while evaluating num#DataFlowDispatch::TKeywordParameterPosition#6758f398/2@a09def85
Cannot create dirty marker for cached strings
The RA to evaluate was:

    {2} r1 = INVOKE HIGHER-ORDER RELATION construct<DataFlowDispatch#3c0b8265::TParameterPosition,4> ON <DataFlowDispatch::TKeywordParameterPosition#dom#6e7d95e5>
    return r1

(eventual cause: NoSuchFileException "/home/jackfromeast/Desktop/python-class-pollution/tasks/class-pollution-positive...")
	at com.semmle.inmemory.pipeline.MetaPipelineInstance.wrapWithRaDump(MetaPipelineInstance.java:204)
	at com.semmle.inmemory.pipeline.MetaPipelineInstance.exceptionCaught(MetaPipelineInstance.java:174)
	at com.semmle.inmemory.scheduler.execution.ThreadableWork.handleAndLog(ThreadableWork.java:593)
	at com.semmle.inmemory.scheduler.execution.ThreadableWork.doSomeWork(ThreadableWork.java:410)
	at com.semmle.inmemory.scheduler.IntensionalLayer$IntensionalWork.evaluate(IntensionalLayer.java:124)
	at com.semmle.inmemory.scheduler.SimpleLayerTask$SimpleLayerWork.doWork(SimpleLayerTask.java:69)
	at com.semmle.inmemory.scheduler.execution.ThreadableWork.doSomeWork(ThreadableWork.java:396)
	at com.semmle.inmemory.scheduler.execution.ExecutionScheduler.runnerMain(ExecutionScheduler.java:707)
	at java.base/java.util.concurrent.ThreadPoolExecutor.runWorker(Unknown Source)
	at java.base/java.util.concurrent.ThreadPoolExecutor$Worker.run(Unknown Source)
	at java.base/java.lang.Thread.run(Unknown Source)
Caused by: Cannot create dirty marker for cached strings
(eventual cause: NoSuchFileException "/home/jackfromeast/Desktop/python-class-pollution/tasks/class-pollution-positive...")
	at com.semmle.inmemory.stringpool.StringPool.promoteStringToCached(StringPool.java:479)
	at com.semmle.inmemory.stringpool.StringPool.promoteToCached(StringPool.java:449)
	at com.semmle.inmemory.caching.TuplePool$ComplexNumberer.lambda$freshNumberRelation$1(TuplePool.java:496)
	at com.semmle.inmemory.relations.BaseIntArrayRelation.map(BaseIntArrayRelation.java:88)
	at com.semmle.inmemory.caching.PagedRelation.map(PagedRelation.java:158)
	at com.semmle.inmemory.relations.AbstractRelation.deduplicateMap(AbstractRelation.java:138)
	at com.semmle.inmemory.caching.TuplePool$ComplexNumberer.lambda$freshNumberRelation$2(TuplePool.java:480)
	at com.semmle.inmemory.relations.writers.RelationWriter.withSink(RelationWriter.java:72)
	at com.semmle.inmemory.caching.TuplePool$ComplexNumberer.freshNumberRelation(TuplePool.java:478)
	at com.semmle.inmemory.caching.TuplePool$ComplexNumberer.doNumbering(TuplePool.java:436)
	at com.semmle.inmemory.caching.TuplePool.lambda$doNumbering$1(TuplePool.java:245)
	at com.semmle.util.concurrent.LockUtils.runThenUnlock(LockUtils.java:8)
	at com.semmle.inmemory.caching.TuplePool$ComplexNumberer.doWithBranchLock(TuplePool.java:561)
	at com.semmle.inmemory.caching.TuplePool.doNumbering(TuplePool.java:233)
	at com.semmle.inmemory.ast.IMBConstructDatatype.doNumberingStreaming(IMBConstructDatatype.java:165)
	at com.semmle.inmemory.ast.IMBConstructDatatype$1.evaluateSink(IMBConstructDatatype.java:142)
	at com.semmle.inmemory.pipeline.HOPStep.generateTuples(HOPStep.java:57)
	at com.semmle.inmemory.pipeline.SimpleHeadStep.lambda$forwardInitialize$0(SimpleHeadStep.java:32)
	at com.semmle.inmemory.pipeline.HeadEndDispatcher.headEndWork(HeadEndDispatcher.java:75)
	at com.semmle.inmemory.pipeline.PipelineState.doSomeWork(PipelineState.java:88)
	at com.semmle.inmemory.pipeline.PipelineInstance.doWork(PipelineInstance.java:78)
	at com.semmle.inmemory.scheduler.execution.ThreadableWork.doSomeWork(ThreadableWork.java:396)
	at com.semmle.inmemory.scheduler.execution.ChainingWork.doWork(ChainingWork.java:30)
	at com.semmle.inmemory.scheduler.execution.ThreadableWork.doSomeWork(ThreadableWork.java:396)
	... 7 more
Caused by: java.nio.file.NoSuchFileException: /home/jackfromeast/Desktop/python-class-pollution/tasks/class-pollution-positive-remote/output/Research/codeql-db/db-python/default/cache/cached-strings/pools/dirty
	at java.base/sun.nio.fs.UnixException.translateToIOException(Unknown Source)
	at java.base/sun.nio.fs.UnixException.rethrowAsIOException(Unknown Source)
	at java.base/sun.nio.fs.UnixException.rethrowAsIOException(Unknown Source)
	at java.base/sun.nio.fs.UnixFileSystemProvider.newByteChannel(Unknown Source)
	at java.base/java.nio.file.Files.newByteChannel(Unknown Source)
	at java.base/java.nio.file.Files.createFile(Unknown Source)
	at com.semmle.inmemory.stringpool.StringPool.promoteStringToCached(StringPool.java:476)
	... 30 more

 (logger.py:42)
2025-04-28 00:04:03,605 - CodeQLRunner - ERROR - Failed to run query: /home/jackfromeast/Desktop/python-class-pollution/codeql-query/class-pollution-all/class-pollution-external.qls (logger.py:42)
2025-04-28 00:04:03,729 - CodeQLRunner - ERROR - Failed during cleanup: [Errno 39] Directory not empty: 'jackfromeast' (logger.py:42)
2025-04-28 00:04:06,030 - CodeQLRunner - ERROR - Failed to build CodeQL database for Research: UnknownError: Initializing database at /home/jackfromeast/Desktop/python-class-pollution/tasks/class-pollution-positive-remote/output/Research/codeql-db.
Running build command: []
Running command in /home/jackfromeast/Desktop/python-class-pollution/tasks/class-pollution-positive-remote/output/Research/codebase: [/home/jackfromeast/Downloads/codeql/python/tools/autobuild.sh]
Finalizing database at /home/jackfromeast/Desktop/python-class-pollution/tasks/class-pollution-positive-remote/output/Research/codeql-db.
Running pre-finalize script /home/jackfromeast/Downloads/codeql/python/tools/pre-finalize.sh in /home/jackfromeast/Desktop/python-class-pollution/tasks/class-pollution-positive-remote/output/Research/codebase.
Running command in /home/jackfromeast/Desktop/python-class-pollution/tasks/class-pollution-positive-remote/output/Research/codebase: [/home/jackfromeast/Downloads/codeql/python/tools/pre-finalize.sh]
Running TRAP import for CodeQL database at /home/jackfromeast/Desktop/python-class-pollution/tasks/class-pollution-positive-remote/output/Research/codeql-db...
A fatal error occurred: Dataset /home/jackfromeast/Desktop/python-class-pollution/tasks/class-pollution-positive-remote/output/Research/codeql-db/db-python has been finalized and does not support further TRAP import.
A fatal error occurred: Dataset import for /home/jackfromeast/Desktop/python-class-pollution/tasks/class-pollution-positive-remote/output/Research/codeql-db/db-python failed with code 2.
 (logger.py:42)
2025-04-28 00:06:44,742 - CodeQLRunner - ERROR - Query timed out for coremltools: /home/jackfromeast/Desktop/python-class-pollution/codeql-query/class-pollution-all/class-pollution-external.qls (logger.py:42)
2025-04-28 00:06:44,999 - CodeQLRunner - ERROR - Failed to run query: /home/jackfromeast/Desktop/python-class-pollution/codeql-query/class-pollution-all/class-pollution-external.qls (logger.py:42)
2025-04-28 00:15:37,523 - CodeQLRunner - ERROR - Failed to execute query /home/jackfromeast/Desktop/python-class-pollution/codeql-query/class-pollution-all/class-pollution-external.qls: UnknownError: Running queries.
Compiling query plan for /home/jackfromeast/Desktop/python-class-pollution/codeql-query/class-pollution-all/query/ExternalClassPollutionQueryNewSetBothGetAttr.ql.
WARNING: unused variable 'setOpSecondObj' (/home/jackfromeast/Desktop/python-class-pollution/codeql-query/class-pollution-all/vuln/ClassPollutingAssignLib.qll:543,239-253)
WARNING: unused variable 'setOpSecondObj' (/home/jackfromeast/Desktop/python-class-pollution/codeql-query/class-pollution-all/vuln/ClassPollutingAssignLib.qll:562,245-259)
[1/6] Found in cache: /home/jackfromeast/Desktop/python-class-pollution/codeql-query/class-pollution-all/query/ExternalClassPollutionQueryNewSetBothGetAttr.ql.
Compiling query plan for /home/jackfromeast/Desktop/python-class-pollution/codeql-query/class-pollution-all/query/ExternalClassPollutionQueryNewSetAttrGetAttr.ql.
WARNING: unused variable 'setOpSecondObj' (/home/jackfromeast/Desktop/python-class-pollution/codeql-query/class-pollution-all/vuln/ClassPollutingAssignLib.qll:543,239-253)
WARNING: unused variable 'setOpSecondObj' (/home/jackfromeast/Desktop/python-class-pollution/codeql-query/class-pollution-all/vuln/ClassPollutingAssignLib.qll:562,245-259)
[2/6] Found in cache: /home/jackfromeast/Desktop/python-class-pollution/codeql-query/class-pollution-all/query/ExternalClassPollutionQueryNewSetAttrGetAttr.ql.
Compiling query plan for /home/jackfromeast/Desktop/python-class-pollution/codeql-query/class-pollution-all/query/ExternalClassPollutionQueryNewSetItemGetAttr.ql.
WARNING: unused variable 'setOpSecondObj' (/home/jackfromeast/Desktop/python-class-pollution/codeql-query/class-pollution-all/vuln/ClassPollutingAssignLib.qll:543,239-253)
WARNING: unused variable 'setOpSecondObj' (/home/jackfromeast/Desktop/python-class-pollution/codeql-query/class-pollution-all/vuln/ClassPollutingAssignLib.qll:562,245-259)
[3/6] Found in cache: /home/jackfromeast/Desktop/python-class-pollution/codeql-query/class-pollution-all/query/ExternalClassPollutionQueryNewSetItemGetAttr.ql.
Compiling query plan for /home/jackfromeast/Desktop/python-class-pollution/codeql-query/class-pollution-all/query/ExternalClassPollutionQueryNewSetBothGetBoth.ql.
WARNING: unused variable 'setOpSecondObj' (/home/jackfromeast/Desktop/python-class-pollution/codeql-query/class-pollution-all/vuln/ClassPollutingAssignLib.qll:543,239-253)
WARNING: unused variable 'setOpSecondObj' (/home/jackfromeast/Desktop/python-class-pollution/codeql-query/class-pollution-all/vuln/ClassPollutingAssignLib.qll:562,245-259)
[4/6] Found in cache: /home/jackfromeast/Desktop/python-class-pollution/codeql-query/class-pollution-all/query/ExternalClassPollutionQueryNewSetBothGetBoth.ql.
Compiling query plan for /home/jackfromeast/Desktop/python-class-pollution/codeql-query/class-pollution-all/query/ExternalClassPollutionQueryNewSetItemGetBoth.ql.
WARNING: unused variable 'setOpSecondObj' (/home/jackfromeast/Desktop/python-class-pollution/codeql-query/class-pollution-all/vuln/ClassPollutingAssignLib.qll:543,239-253)
WARNING: unused variable 'setOpSecondObj' (/home/jackfromeast/Desktop/python-class-pollution/codeql-query/class-pollution-all/vuln/ClassPollutingAssignLib.qll:562,245-259)
[5/6] Found in cache: /home/jackfromeast/Desktop/python-class-pollution/codeql-query/class-pollution-all/query/ExternalClassPollutionQueryNewSetItemGetBoth.ql.
Compiling query plan for /home/jackfromeast/Desktop/python-class-pollution/codeql-query/class-pollution-all/query/ExternalClassPollutionQueryNewSetAttrGetBoth.ql.
WARNING: unused variable 'setOpSecondObj' (/home/jackfromeast/Desktop/python-class-pollution/codeql-query/class-pollution-all/vuln/ClassPollutingAssignLib.qll:543,239-253)
WARNING: unused variable 'setOpSecondObj' (/home/jackfromeast/Desktop/python-class-pollution/codeql-query/class-pollution-all/vuln/ClassPollutingAssignLib.qll:562,245-259)
[6/6] Found in cache: /home/jackfromeast/Desktop/python-class-pollution/codeql-query/class-pollution-all/query/ExternalClassPollutionQueryNewSetAttrGetBoth.ql.
Starting evaluation of jackfromeast/class-pollution-all/query/ExternalClassPollutionQueryNewSetAttrGetAttr.ql.
A fatal error occurred: Cannot create dirty marker for cached strings
(eventual cause: NoSuchFileException "/home/jackfromeast/Desktop/python-class-pollution/tasks/class-pollution-positive...")
 (logger.py:42)
2025-04-28 00:15:37,524 - CodeQLRunner - ERROR - Failed to run query: /home/jackfromeast/Desktop/python-class-pollution/codeql-query/class-pollution-all/class-pollution-external.qls (logger.py:42)
2025-04-28 00:15:37,647 - CodeQLRunner - ERROR - Failed during cleanup: [Errno 39] Directory not empty: 'python' (logger.py:42)
2025-04-28 00:15:59,274 - CodeQLRunner - ERROR - Failed to execute query /home/jackfromeast/Desktop/python-class-pollution/codeql-query/class-pollution-all/class-pollution-external.qls: UnknownError: Running queries.
Compiling query plan for /home/jackfromeast/Desktop/python-class-pollution/codeql-query/class-pollution-all/query/ExternalClassPollutionQueryNewSetBothGetAttr.ql.
WARNING: unused variable 'setOpSecondObj' (/home/jackfromeast/Desktop/python-class-pollution/codeql-query/class-pollution-all/vuln/ClassPollutingAssignLib.qll:543,239-253)
WARNING: unused variable 'setOpSecondObj' (/home/jackfromeast/Desktop/python-class-pollution/codeql-query/class-pollution-all/vuln/ClassPollutingAssignLib.qll:562,245-259)
[1/6] Found in cache: /home/jackfromeast/Desktop/python-class-pollution/codeql-query/class-pollution-all/query/ExternalClassPollutionQueryNewSetBothGetAttr.ql.
Compiling query plan for /home/jackfromeast/Desktop/python-class-pollution/codeql-query/class-pollution-all/query/ExternalClassPollutionQueryNewSetAttrGetAttr.ql.
WARNING: unused variable 'setOpSecondObj' (/home/jackfromeast/Desktop/python-class-pollution/codeql-query/class-pollution-all/vuln/ClassPollutingAssignLib.qll:543,239-253)
WARNING: unused variable 'setOpSecondObj' (/home/jackfromeast/Desktop/python-class-pollution/codeql-query/class-pollution-all/vuln/ClassPollutingAssignLib.qll:562,245-259)
[2/6] Found in cache: /home/jackfromeast/Desktop/python-class-pollution/codeql-query/class-pollution-all/query/ExternalClassPollutionQueryNewSetAttrGetAttr.ql.
Compiling query plan for /home/jackfromeast/Desktop/python-class-pollution/codeql-query/class-pollution-all/query/ExternalClassPollutionQueryNewSetItemGetAttr.ql.
WARNING: unused variable 'setOpSecondObj' (/home/jackfromeast/Desktop/python-class-pollution/codeql-query/class-pollution-all/vuln/ClassPollutingAssignLib.qll:543,239-253)
WARNING: unused variable 'setOpSecondObj' (/home/jackfromeast/Desktop/python-class-pollution/codeql-query/class-pollution-all/vuln/ClassPollutingAssignLib.qll:562,245-259)
[3/6] Found in cache: /home/jackfromeast/Desktop/python-class-pollution/codeql-query/class-pollution-all/query/ExternalClassPollutionQueryNewSetItemGetAttr.ql.
Compiling query plan for /home/jackfromeast/Desktop/python-class-pollution/codeql-query/class-pollution-all/query/ExternalClassPollutionQueryNewSetBothGetBoth.ql.
WARNING: unused variable 'setOpSecondObj' (/home/jackfromeast/Desktop/python-class-pollution/codeql-query/class-pollution-all/vuln/ClassPollutingAssignLib.qll:543,239-253)
WARNING: unused variable 'setOpSecondObj' (/home/jackfromeast/Desktop/python-class-pollution/codeql-query/class-pollution-all/vuln/ClassPollutingAssignLib.qll:562,245-259)
[4/6] Found in cache: /home/jackfromeast/Desktop/python-class-pollution/codeql-query/class-pollution-all/query/ExternalClassPollutionQueryNewSetBothGetBoth.ql.
Compiling query plan for /home/jackfromeast/Desktop/python-class-pollution/codeql-query/class-pollution-all/query/ExternalClassPollutionQueryNewSetItemGetBoth.ql.
WARNING: unused variable 'setOpSecondObj' (/home/jackfromeast/Desktop/python-class-pollution/codeql-query/class-pollution-all/vuln/ClassPollutingAssignLib.qll:543,239-253)
WARNING: unused variable 'setOpSecondObj' (/home/jackfromeast/Desktop/python-class-pollution/codeql-query/class-pollution-all/vuln/ClassPollutingAssignLib.qll:562,245-259)
[5/6] Found in cache: /home/jackfromeast/Desktop/python-class-pollution/codeql-query/class-pollution-all/query/ExternalClassPollutionQueryNewSetItemGetBoth.ql.
Compiling query plan for /home/jackfromeast/Desktop/python-class-pollution/codeql-query/class-pollution-all/query/ExternalClassPollutionQueryNewSetAttrGetBoth.ql.
WARNING: unused variable 'setOpSecondObj' (/home/jackfromeast/Desktop/python-class-pollution/codeql-query/class-pollution-all/vuln/ClassPollutingAssignLib.qll:543,239-253)
WARNING: unused variable 'setOpSecondObj' (/home/jackfromeast/Desktop/python-class-pollution/codeql-query/class-pollution-all/vuln/ClassPollutingAssignLib.qll:562,245-259)
[6/6] Found in cache: /home/jackfromeast/Desktop/python-class-pollution/codeql-query/class-pollution-all/query/ExternalClassPollutionQueryNewSetAttrGetBoth.ql.
Starting evaluation of jackfromeast/class-pollution-all/query/ExternalClassPollutionQueryNewSetAttrGetAttr.ql.
Starting evaluation of jackfromeast/class-pollution-all/query/ExternalClassPollutionQueryNewSetAttrGetBoth.ql.
[1/6 eval 11.5s] Evaluation done; writing results to jackfromeast/class-pollution-all/query/ExternalClassPollutionQueryNewSetAttrGetAttr.bqrs.
Starting evaluation of jackfromeast/class-pollution-all/query/ExternalClassPollutionQueryNewSetBothGetAttr.ql.
Starting evaluation of jackfromeast/class-pollution-all/query/ExternalClassPollutionQueryNewSetBothGetBoth.ql.
[2/6 eval 51ms] Evaluation done; writing results to jackfromeast/class-pollution-all/query/ExternalClassPollutionQueryNewSetAttrGetBoth.bqrs.
[3/6 eval 1ms] Evaluation done; writing results to jackfromeast/class-pollution-all/query/ExternalClassPollutionQueryNewSetBothGetAttr.bqrs.
Starting evaluation of jackfromeast/class-pollution-all/query/ExternalClassPollutionQueryNewSetItemGetAttr.ql.
[4/6 eval 21ms] Evaluation done; writing results to jackfromeast/class-pollution-all/query/ExternalClassPollutionQueryNewSetBothGetBoth.bqrs.
Starting evaluation of jackfromeast/class-pollution-all/query/ExternalClassPollutionQueryNewSetItemGetBoth.ql.
[5/6 eval 4ms] Evaluation done; writing results to jackfromeast/class-pollution-all/query/ExternalClassPollutionQueryNewSetItemGetAttr.bqrs.
[6/6 eval 112ms] Evaluation done; writing results to jackfromeast/class-pollution-all/query/ExternalClassPollutionQueryNewSetItemGetBoth.bqrs.
Shutting down query evaluator.
Interpreting results.
Interpreting /home/jackfromeast/Desktop/python-class-pollution/codeql-query/class-pollution-all/query/ExternalClassPollutionQueryNewSetBothGetAttr.ql...
Interpreting /home/jackfromeast/Desktop/python-class-pollution/codeql-query/class-pollution-all/query/ExternalClassPollutionQueryNewSetAttrGetAttr.ql...
Interpreting /home/jackfromeast/Desktop/python-class-pollution/codeql-query/class-pollution-all/query/ExternalClassPollutionQueryNewSetItemGetAttr.ql...
Interpreting /home/jackfromeast/Desktop/python-class-pollution/codeql-query/class-pollution-all/query/ExternalClassPollutionQueryNewSetBothGetBoth.ql...
Interpreting /home/jackfromeast/Desktop/python-class-pollution/codeql-query/class-pollution-all/query/ExternalClassPollutionQueryNewSetItemGetBoth.ql...
Interpreting /home/jackfromeast/Desktop/python-class-pollution/codeql-query/class-pollution-all/query/ExternalClassPollutionQueryNewSetAttrGetBoth.ql...
Exporting results to SARIF...
A fatal error occurred: Could not write SARIF file
(eventual cause: NoSuchFileException "/home/jackfromeast/Desktop/python-class-pollution/tasks/class-pollution-positive...")
 (logger.py:42)
2025-04-28 00:15:59,275 - CodeQLRunner - ERROR - Failed to run query: /home/jackfromeast/Desktop/python-class-pollution/codeql-query/class-pollution-all/class-pollution-external.qls (logger.py:42)
2025-04-28 00:16:35,003 - CodeQLRunner - ERROR - Building CodeQL database timed out: bevfusion (logger.py:42)
2025-04-28 00:20:47,671 - CodeQLRunner - ERROR - Failed to build CodeQL database for CrossHair: UnknownError: Initializing database at /home/jackfromeast/Desktop/python-class-pollution/tasks/class-pollution-positive-remote/output/CrossHair/codeql-db.
Running build command: []
Running command in /home/jackfromeast/Desktop/python-class-pollution/tasks/class-pollution-positive-remote/output/CrossHair/codebase: [/home/jackfromeast/Downloads/codeql/python/tools/autobuild.sh]
Finalizing database at /home/jackfromeast/Desktop/python-class-pollution/tasks/class-pollution-positive-remote/output/CrossHair/codeql-db.
Running pre-finalize script /home/jackfromeast/Downloads/codeql/python/tools/pre-finalize.sh in /home/jackfromeast/Desktop/python-class-pollution/tasks/class-pollution-positive-remote/output/CrossHair/codebase.
Running command in /home/jackfromeast/Desktop/python-class-pollution/tasks/class-pollution-positive-remote/output/CrossHair/codebase: [/home/jackfromeast/Downloads/codeql/python/tools/pre-finalize.sh]
A fatal error occurred: Exit status 1 from command: [/home/jackfromeast/Downloads/codeql/python/tools/pre-finalize.sh]
 (logger.py:42)
2025-04-28 00:21:00,430 - CodeQLRunner - ERROR - Failed to build CodeQL database for CRNN_Tensorflow: UnknownError: Initializing database at /home/jackfromeast/Desktop/python-class-pollution/tasks/class-pollution-positive-remote/output/CRNN_Tensorflow/codeql-db.
Running build command: []
Running command in /home/jackfromeast/Desktop/python-class-pollution/tasks/class-pollution-positive-remote/output/CRNN_Tensorflow/codebase: [/home/jackfromeast/Downloads/codeql/python/tools/autobuild.sh]
Finalizing database at /home/jackfromeast/Desktop/python-class-pollution/tasks/class-pollution-positive-remote/output/CRNN_Tensorflow/codeql-db.
Running pre-finalize script /home/jackfromeast/Downloads/codeql/python/tools/pre-finalize.sh in /home/jackfromeast/Desktop/python-class-pollution/tasks/class-pollution-positive-remote/output/CRNN_Tensorflow/codebase.
Running command in /home/jackfromeast/Desktop/python-class-pollution/tasks/class-pollution-positive-remote/output/CRNN_Tensorflow/codebase: [/home/jackfromeast/Downloads/codeql/python/tools/pre-finalize.sh]
A fatal error occurred: Exit status 2 from command: [/home/jackfromeast/Downloads/codeql/python/tools/pre-finalize.sh]
Failed to write diagnostic information.
 (logger.py:42)
2025-04-28 00:21:31,781 - CodeQLRunner - ERROR - Failed to build CodeQL database for modelzoo: UnknownError: Initializing database at /home/jackfromeast/Desktop/python-class-pollution/tasks/class-pollution-positive-remote/output/modelzoo/codeql-db.
Running build command: []
Running command in /home/jackfromeast/Desktop/python-class-pollution/tasks/class-pollution-positive-remote/output/modelzoo/codebase: [/home/jackfromeast/Downloads/codeql/python/tools/autobuild.sh]
Finalizing database at /home/jackfromeast/Desktop/python-class-pollution/tasks/class-pollution-positive-remote/output/modelzoo/codeql-db.
Running pre-finalize script /home/jackfromeast/Downloads/codeql/python/tools/pre-finalize.sh in /home/jackfromeast/Desktop/python-class-pollution/tasks/class-pollution-positive-remote/output/modelzoo/codebase.
Running command in /home/jackfromeast/Desktop/python-class-pollution/tasks/class-pollution-positive-remote/output/modelzoo/codebase: [/home/jackfromeast/Downloads/codeql/python/tools/pre-finalize.sh]
Running TRAP import for CodeQL database at /home/jackfromeast/Desktop/python-class-pollution/tasks/class-pollution-positive-remote/output/modelzoo/codeql-db...
Importing TRAP files
Merging relations
Finished writing database (relations: 9.70 MiB; string pool: 9.53 MiB).
TRAP import complete (3.8s).
A fatal error occurred: I/O error creating zip file
(eventual cause: FileNotFoundException "/home/jackfromeast/Desktop/python-class-pollution/tasks/class-pollution-positive...")
 (logger.py:42)
2025-04-28 00:21:31,793 - CodeQLRunner - ERROR - Failed to build CodeQL database for modelzoo: UnknownError: A fatal error occurred: Refusing to create database: '/home/jackfromeast/Desktop/python-class-pollution/tasks/class-pollution-positive-remote/output/modelzoo/codeql-db' exists and is not an empty directory.
Please specify a different location, or use the --overwrite flag to overwrite existing CodeQL databases.
 (logger.py:42)
2025-04-28 00:25:26,254 - CodeQLRunner - ERROR - Building CodeQL database timed out: code (logger.py:42)
2025-04-28 00:26:23,426 - CodeQLRunner - ERROR - Failed to execute query /home/jackfromeast/Desktop/python-class-pollution/codeql-query/class-pollution-all/class-pollution-external.qls: UnknownError: Running queries.
Compiling query plan for /home/jackfromeast/Desktop/python-class-pollution/codeql-query/class-pollution-all/query/ExternalClassPollutionQueryNewSetBothGetAttr.ql.
WARNING: unused variable 'setOpSecondObj' (/home/jackfromeast/Desktop/python-class-pollution/codeql-query/class-pollution-all/vuln/ClassPollutingAssignLib.qll:543,239-253)
WARNING: unused variable 'setOpSecondObj' (/home/jackfromeast/Desktop/python-class-pollution/codeql-query/class-pollution-all/vuln/ClassPollutingAssignLib.qll:562,245-259)
[1/6] Found in cache: /home/jackfromeast/Desktop/python-class-pollution/codeql-query/class-pollution-all/query/ExternalClassPollutionQueryNewSetBothGetAttr.ql.
Compiling query plan for /home/jackfromeast/Desktop/python-class-pollution/codeql-query/class-pollution-all/query/ExternalClassPollutionQueryNewSetAttrGetAttr.ql.
WARNING: unused variable 'setOpSecondObj' (/home/jackfromeast/Desktop/python-class-pollution/codeql-query/class-pollution-all/vuln/ClassPollutingAssignLib.qll:543,239-253)
WARNING: unused variable 'setOpSecondObj' (/home/jackfromeast/Desktop/python-class-pollution/codeql-query/class-pollution-all/vuln/ClassPollutingAssignLib.qll:562,245-259)
[2/6] Found in cache: /home/jackfromeast/Desktop/python-class-pollution/codeql-query/class-pollution-all/query/ExternalClassPollutionQueryNewSetAttrGetAttr.ql.
Compiling query plan for /home/jackfromeast/Desktop/python-class-pollution/codeql-query/class-pollution-all/query/ExternalClassPollutionQueryNewSetItemGetAttr.ql.
WARNING: unused variable 'setOpSecondObj' (/home/jackfromeast/Desktop/python-class-pollution/codeql-query/class-pollution-all/vuln/ClassPollutingAssignLib.qll:543,239-253)
WARNING: unused variable 'setOpSecondObj' (/home/jackfromeast/Desktop/python-class-pollution/codeql-query/class-pollution-all/vuln/ClassPollutingAssignLib.qll:562,245-259)
[3/6] Found in cache: /home/jackfromeast/Desktop/python-class-pollution/codeql-query/class-pollution-all/query/ExternalClassPollutionQueryNewSetItemGetAttr.ql.
Compiling query plan for /home/jackfromeast/Desktop/python-class-pollution/codeql-query/class-pollution-all/query/ExternalClassPollutionQueryNewSetBothGetBoth.ql.
WARNING: unused variable 'setOpSecondObj' (/home/jackfromeast/Desktop/python-class-pollution/codeql-query/class-pollution-all/vuln/ClassPollutingAssignLib.qll:543,239-253)
WARNING: unused variable 'setOpSecondObj' (/home/jackfromeast/Desktop/python-class-pollution/codeql-query/class-pollution-all/vuln/ClassPollutingAssignLib.qll:562,245-259)
[4/6] Found in cache: /home/jackfromeast/Desktop/python-class-pollution/codeql-query/class-pollution-all/query/ExternalClassPollutionQueryNewSetBothGetBoth.ql.
Compiling query plan for /home/jackfromeast/Desktop/python-class-pollution/codeql-query/class-pollution-all/query/ExternalClassPollutionQueryNewSetItemGetBoth.ql.
WARNING: unused variable 'setOpSecondObj' (/home/jackfromeast/Desktop/python-class-pollution/codeql-query/class-pollution-all/vuln/ClassPollutingAssignLib.qll:543,239-253)
WARNING: unused variable 'setOpSecondObj' (/home/jackfromeast/Desktop/python-class-pollution/codeql-query/class-pollution-all/vuln/ClassPollutingAssignLib.qll:562,245-259)
[5/6] Found in cache: /home/jackfromeast/Desktop/python-class-pollution/codeql-query/class-pollution-all/query/ExternalClassPollutionQueryNewSetItemGetBoth.ql.
Compiling query plan for /home/jackfromeast/Desktop/python-class-pollution/codeql-query/class-pollution-all/query/ExternalClassPollutionQueryNewSetAttrGetBoth.ql.
WARNING: unused variable 'setOpSecondObj' (/home/jackfromeast/Desktop/python-class-pollution/codeql-query/class-pollution-all/vuln/ClassPollutingAssignLib.qll:543,239-253)
WARNING: unused variable 'setOpSecondObj' (/home/jackfromeast/Desktop/python-class-pollution/codeql-query/class-pollution-all/vuln/ClassPollutingAssignLib.qll:562,245-259)
[6/6] Found in cache: /home/jackfromeast/Desktop/python-class-pollution/codeql-query/class-pollution-all/query/ExternalClassPollutionQueryNewSetAttrGetBoth.ql.
Starting evaluation of jackfromeast/class-pollution-all/query/ExternalClassPollutionQueryNewSetAttrGetAttr.ql.
A fatal error occurred: Error writing array info file: /home/jackfromeast/Desktop/python-class-pollution/tasks/class-pollution-positive-remote/output/espresso/codeql-db/db-python/default/cache/cached-strings/pools/0/ids1/info-new
(eventual cause: NoSuchFileException "/home/jackfromeast/Desktop/python-class-pollution/tasks/class-pollution-positive...")
 (logger.py:42)
2025-04-28 00:26:23,427 - CodeQLRunner - ERROR - Failed to run query: /home/jackfromeast/Desktop/python-class-pollution/codeql-query/class-pollution-all/class-pollution-external.qls (logger.py:42)
2025-04-28 00:26:23,536 - CodeQLRunner - ERROR - Failed during cleanup: [Errno 39] Directory not empty: 'fairseq' (logger.py:42)
2025-04-28 00:27:10,669 - CodeQLRunner - ERROR - Failed to execute query /home/jackfromeast/Desktop/python-class-pollution/codeql-query/class-pollution-all/class-pollution-external.qls: UnknownError: Running queries.
Compiling query plan for /home/jackfromeast/Desktop/python-class-pollution/codeql-query/class-pollution-all/query/ExternalClassPollutionQueryNewSetBothGetAttr.ql.
WARNING: unused variable 'setOpSecondObj' (/home/jackfromeast/Desktop/python-class-pollution/codeql-query/class-pollution-all/vuln/ClassPollutingAssignLib.qll:543,239-253)
WARNING: unused variable 'setOpSecondObj' (/home/jackfromeast/Desktop/python-class-pollution/codeql-query/class-pollution-all/vuln/ClassPollutingAssignLib.qll:562,245-259)
A fatal error occurred: Could not read dbscheme at /home/jackfromeast/Desktop/python-class-pollution/tasks/class-pollution-positive-remote/output/MCDReforged/codeql-db/db-python/semmlecode.python.dbscheme: java.nio.file.NoSuchFileException: /home/jackfromeast/Desktop/python-class-pollution/tasks/class-pollution-positive-remote/output/MCDReforged/codeql-db/db-python/semmlecode.python.dbscheme
 (logger.py:42)
2025-04-28 00:27:10,669 - CodeQLRunner - ERROR - Failed to run query: /home/jackfromeast/Desktop/python-class-pollution/codeql-query/class-pollution-all/class-pollution-external.qls (logger.py:42)
2025-04-28 00:27:10,771 - CodeQLRunner - ERROR - Failed during cleanup: [Errno 39] Directory not empty: 'codeql-db' (logger.py:42)
2025-04-28 00:27:11,583 - CodeQLRunner - ERROR - Failed to build CodeQL database for MCDReforged: UnknownError: Initializing database at /home/jackfromeast/Desktop/python-class-pollution/tasks/class-pollution-positive-remote/output/MCDReforged/codeql-db.
Running build command: []
Running command in /home/jackfromeast/Desktop/python-class-pollution/tasks/class-pollution-positive-remote/output/MCDReforged/codebase: [/home/jackfromeast/Downloads/codeql/python/tools/autobuild.sh]
Finalizing database at /home/jackfromeast/Desktop/python-class-pollution/tasks/class-pollution-positive-remote/output/MCDReforged/codeql-db.
A fatal error occurred: /home/jackfromeast/Desktop/python-class-pollution/tasks/class-pollution-positive-remote/output/MCDReforged/codeql-db is not a recognized CodeQL database.
Failed to write diagnostic information.
 (logger.py:42)
2025-04-28 00:28:11,349 - CodeQLRunner - ERROR - Failed to execute query /home/jackfromeast/Desktop/python-class-pollution/codeql-query/class-pollution-all/class-pollution-external.qls: UnknownError: Running queries.
Compiling query plan for /home/jackfromeast/Desktop/python-class-pollution/codeql-query/class-pollution-all/query/ExternalClassPollutionQueryNewSetBothGetAttr.ql.
WARNING: unused variable 'setOpSecondObj' (/home/jackfromeast/Desktop/python-class-pollution/codeql-query/class-pollution-all/vuln/ClassPollutingAssignLib.qll:543,239-253)
WARNING: unused variable 'setOpSecondObj' (/home/jackfromeast/Desktop/python-class-pollution/codeql-query/class-pollution-all/vuln/ClassPollutingAssignLib.qll:562,245-259)
[1/6] Found in cache: /home/jackfromeast/Desktop/python-class-pollution/codeql-query/class-pollution-all/query/ExternalClassPollutionQueryNewSetBothGetAttr.ql.
Compiling query plan for /home/jackfromeast/Desktop/python-class-pollution/codeql-query/class-pollution-all/query/ExternalClassPollutionQueryNewSetAttrGetAttr.ql.
WARNING: unused variable 'setOpSecondObj' (/home/jackfromeast/Desktop/python-class-pollution/codeql-query/class-pollution-all/vuln/ClassPollutingAssignLib.qll:543,239-253)
WARNING: unused variable 'setOpSecondObj' (/home/jackfromeast/Desktop/python-class-pollution/codeql-query/class-pollution-all/vuln/ClassPollutingAssignLib.qll:562,245-259)
[2/6] Found in cache: /home/jackfromeast/Desktop/python-class-pollution/codeql-query/class-pollution-all/query/ExternalClassPollutionQueryNewSetAttrGetAttr.ql.
Compiling query plan for /home/jackfromeast/Desktop/python-class-pollution/codeql-query/class-pollution-all/query/ExternalClassPollutionQueryNewSetItemGetAttr.ql.
WARNING: unused variable 'setOpSecondObj' (/home/jackfromeast/Desktop/python-class-pollution/codeql-query/class-pollution-all/vuln/ClassPollutingAssignLib.qll:543,239-253)
WARNING: unused variable 'setOpSecondObj' (/home/jackfromeast/Desktop/python-class-pollution/codeql-query/class-pollution-all/vuln/ClassPollutingAssignLib.qll:562,245-259)
[3/6] Found in cache: /home/jackfromeast/Desktop/python-class-pollution/codeql-query/class-pollution-all/query/ExternalClassPollutionQueryNewSetItemGetAttr.ql.
Compiling query plan for /home/jackfromeast/Desktop/python-class-pollution/codeql-query/class-pollution-all/query/ExternalClassPollutionQueryNewSetBothGetBoth.ql.
WARNING: unused variable 'setOpSecondObj' (/home/jackfromeast/Desktop/python-class-pollution/codeql-query/class-pollution-all/vuln/ClassPollutingAssignLib.qll:543,239-253)
WARNING: unused variable 'setOpSecondObj' (/home/jackfromeast/Desktop/python-class-pollution/codeql-query/class-pollution-all/vuln/ClassPollutingAssignLib.qll:562,245-259)
[4/6] Found in cache: /home/jackfromeast/Desktop/python-class-pollution/codeql-query/class-pollution-all/query/ExternalClassPollutionQueryNewSetBothGetBoth.ql.
Compiling query plan for /home/jackfromeast/Desktop/python-class-pollution/codeql-query/class-pollution-all/query/ExternalClassPollutionQueryNewSetItemGetBoth.ql.
WARNING: unused variable 'setOpSecondObj' (/home/jackfromeast/Desktop/python-class-pollution/codeql-query/class-pollution-all/vuln/ClassPollutingAssignLib.qll:543,239-253)
WARNING: unused variable 'setOpSecondObj' (/home/jackfromeast/Desktop/python-class-pollution/codeql-query/class-pollution-all/vuln/ClassPollutingAssignLib.qll:562,245-259)
[5/6] Found in cache: /home/jackfromeast/Desktop/python-class-pollution/codeql-query/class-pollution-all/query/ExternalClassPollutionQueryNewSetItemGetBoth.ql.
Compiling query plan for /home/jackfromeast/Desktop/python-class-pollution/codeql-query/class-pollution-all/query/ExternalClassPollutionQueryNewSetAttrGetBoth.ql.
WARNING: unused variable 'setOpSecondObj' (/home/jackfromeast/Desktop/python-class-pollution/codeql-query/class-pollution-all/vuln/ClassPollutingAssignLib.qll:543,239-253)
WARNING: unused variable 'setOpSecondObj' (/home/jackfromeast/Desktop/python-class-pollution/codeql-query/class-pollution-all/vuln/ClassPollutingAssignLib.qll:562,245-259)
[6/6] Found in cache: /home/jackfromeast/Desktop/python-class-pollution/codeql-query/class-pollution-all/query/ExternalClassPollutionQueryNewSetAttrGetBoth.ql.
A fatal error occurred: Error while writing '/home/jackfromeast/Desktop/python-class-pollution/tasks/class-pollution-positive-remote/output/R-Drop/codeql-db/results/run-info-20250428.042807.104.yml': 
(eventual cause: FileNotFoundException "/home/jackfromeast/Desktop/python-class-pollution/tasks/class-pollution-positive...")
 (logger.py:42)
2025-04-28 00:28:11,349 - CodeQLRunner - ERROR - Failed to run query: /home/jackfromeast/Desktop/python-class-pollution/codeql-query/class-pollution-all/class-pollution-external.qls (logger.py:42)
2025-04-28 00:28:11,471 - CodeQLRunner - ERROR - Failed during cleanup: [Errno 39] Directory not empty: '2' (logger.py:42)
2025-04-28 00:30:55,734 - CodeQLRunner - ERROR - Failed to execute query /home/jackfromeast/Desktop/python-class-pollution/codeql-query/class-pollution-all/class-pollution-external.qls: UnknownError: Running queries.
Compiling query plan for /home/jackfromeast/Desktop/python-class-pollution/codeql-query/class-pollution-all/query/ExternalClassPollutionQueryNewSetBothGetAttr.ql.
WARNING: unused variable 'setOpSecondObj' (/home/jackfromeast/Desktop/python-class-pollution/codeql-query/class-pollution-all/vuln/ClassPollutingAssignLib.qll:543,239-253)
WARNING: unused variable 'setOpSecondObj' (/home/jackfromeast/Desktop/python-class-pollution/codeql-query/class-pollution-all/vuln/ClassPollutingAssignLib.qll:562,245-259)
[1/6] Found in cache: /home/jackfromeast/Desktop/python-class-pollution/codeql-query/class-pollution-all/query/ExternalClassPollutionQueryNewSetBothGetAttr.ql.
Compiling query plan for /home/jackfromeast/Desktop/python-class-pollution/codeql-query/class-pollution-all/query/ExternalClassPollutionQueryNewSetAttrGetAttr.ql.
WARNING: unused variable 'setOpSecondObj' (/home/jackfromeast/Desktop/python-class-pollution/codeql-query/class-pollution-all/vuln/ClassPollutingAssignLib.qll:543,239-253)
WARNING: unused variable 'setOpSecondObj' (/home/jackfromeast/Desktop/python-class-pollution/codeql-query/class-pollution-all/vuln/ClassPollutingAssignLib.qll:562,245-259)
[2/6] Found in cache: /home/jackfromeast/Desktop/python-class-pollution/codeql-query/class-pollution-all/query/ExternalClassPollutionQueryNewSetAttrGetAttr.ql.
Compiling query plan for /home/jackfromeast/Desktop/python-class-pollution/codeql-query/class-pollution-all/query/ExternalClassPollutionQueryNewSetItemGetAttr.ql.
WARNING: unused variable 'setOpSecondObj' (/home/jackfromeast/Desktop/python-class-pollution/codeql-query/class-pollution-all/vuln/ClassPollutingAssignLib.qll:543,239-253)
WARNING: unused variable 'setOpSecondObj' (/home/jackfromeast/Desktop/python-class-pollution/codeql-query/class-pollution-all/vuln/ClassPollutingAssignLib.qll:562,245-259)
[3/6] Found in cache: /home/jackfromeast/Desktop/python-class-pollution/codeql-query/class-pollution-all/query/ExternalClassPollutionQueryNewSetItemGetAttr.ql.
Compiling query plan for /home/jackfromeast/Desktop/python-class-pollution/codeql-query/class-pollution-all/query/ExternalClassPollutionQueryNewSetBothGetBoth.ql.
WARNING: unused variable 'setOpSecondObj' (/home/jackfromeast/Desktop/python-class-pollution/codeql-query/class-pollution-all/vuln/ClassPollutingAssignLib.qll:543,239-253)
WARNING: unused variable 'setOpSecondObj' (/home/jackfromeast/Desktop/python-class-pollution/codeql-query/class-pollution-all/vuln/ClassPollutingAssignLib.qll:562,245-259)
[4/6] Found in cache: /home/jackfromeast/Desktop/python-class-pollution/codeql-query/class-pollution-all/query/ExternalClassPollutionQueryNewSetBothGetBoth.ql.
Compiling query plan for /home/jackfromeast/Desktop/python-class-pollution/codeql-query/class-pollution-all/query/ExternalClassPollutionQueryNewSetItemGetBoth.ql.
WARNING: unused variable 'setOpSecondObj' (/home/jackfromeast/Desktop/python-class-pollution/codeql-query/class-pollution-all/vuln/ClassPollutingAssignLib.qll:543,239-253)
WARNING: unused variable 'setOpSecondObj' (/home/jackfromeast/Desktop/python-class-pollution/codeql-query/class-pollution-all/vuln/ClassPollutingAssignLib.qll:562,245-259)
[5/6] Found in cache: /home/jackfromeast/Desktop/python-class-pollution/codeql-query/class-pollution-all/query/ExternalClassPollutionQueryNewSetItemGetBoth.ql.
Compiling query plan for /home/jackfromeast/Desktop/python-class-pollution/codeql-query/class-pollution-all/query/ExternalClassPollutionQueryNewSetAttrGetBoth.ql.
WARNING: unused variable 'setOpSecondObj' (/home/jackfromeast/Desktop/python-class-pollution/codeql-query/class-pollution-all/vuln/ClassPollutingAssignLib.qll:543,239-253)
WARNING: unused variable 'setOpSecondObj' (/home/jackfromeast/Desktop/python-class-pollution/codeql-query/class-pollution-all/vuln/ClassPollutingAssignLib.qll:562,245-259)
[6/6] Found in cache: /home/jackfromeast/Desktop/python-class-pollution/codeql-query/class-pollution-all/query/ExternalClassPollutionQueryNewSetAttrGetBoth.ql.
Starting evaluation of jackfromeast/class-pollution-all/query/ExternalClassPollutionQueryNewSetAttrGetAttr.ql.
Starting evaluation of jackfromeast/class-pollution-all/query/ExternalClassPollutionQueryNewSetAttrGetBoth.ql.
[1/6 eval 2m0s] Evaluation done; writing results to jackfromeast/class-pollution-all/query/ExternalClassPollutionQueryNewSetAttrGetAttr.bqrs.
Starting evaluation of jackfromeast/class-pollution-all/query/ExternalClassPollutionQueryNewSetBothGetAttr.ql.
[2/6 eval 1m8s] Evaluation done; writing results to jackfromeast/class-pollution-all/query/ExternalClassPollutionQueryNewSetAttrGetBoth.bqrs.
Starting evaluation of jackfromeast/class-pollution-all/query/ExternalClassPollutionQueryNewSetBothGetBoth.ql.
[3/6 eval 3ms] Evaluation done; writing results to jackfromeast/class-pollution-all/query/ExternalClassPollutionQueryNewSetBothGetAttr.bqrs.
Starting evaluation of jackfromeast/class-pollution-all/query/ExternalClassPollutionQueryNewSetItemGetAttr.ql.
Starting evaluation of jackfromeast/class-pollution-all/query/ExternalClassPollutionQueryNewSetItemGetBoth.ql.
[4/6 eval 1m3s] Evaluation done; writing results to jackfromeast/class-pollution-all/query/ExternalClassPollutionQueryNewSetBothGetBoth.bqrs.
[5/6 eval 1ms] Evaluation done; writing results to jackfromeast/class-pollution-all/query/ExternalClassPollutionQueryNewSetItemGetAttr.bqrs.
[6/6 eval 412ms] Evaluation done; writing results to jackfromeast/class-pollution-all/query/ExternalClassPollutionQueryNewSetItemGetBoth.bqrs.
Shutting down query evaluator.
Interpreting results.
Interpreting /home/jackfromeast/Desktop/python-class-pollution/codeql-query/class-pollution-all/query/ExternalClassPollutionQueryNewSetBothGetAttr.ql...
Interpreting /home/jackfromeast/Desktop/python-class-pollution/codeql-query/class-pollution-all/query/ExternalClassPollutionQueryNewSetAttrGetAttr.ql...
Interpreting /home/jackfromeast/Desktop/python-class-pollution/codeql-query/class-pollution-all/query/ExternalClassPollutionQueryNewSetItemGetAttr.ql...
Interpreting /home/jackfromeast/Desktop/python-class-pollution/codeql-query/class-pollution-all/query/ExternalClassPollutionQueryNewSetBothGetBoth.ql...
Interpreting /home/jackfromeast/Desktop/python-class-pollution/codeql-query/class-pollution-all/query/ExternalClassPollutionQueryNewSetItemGetBoth.ql...
Interpreting /home/jackfromeast/Desktop/python-class-pollution/codeql-query/class-pollution-all/query/ExternalClassPollutionQueryNewSetAttrGetBoth.ql...
Exporting results to SARIF...
A fatal error occurred: Could not write SARIF file
(eventual cause: NoSuchFileException "/home/jackfromeast/Desktop/python-class-pollution/tasks/class-pollution-positive...")
 (logger.py:42)
2025-04-28 00:30:55,734 - CodeQLRunner - ERROR - Failed to run query: /home/jackfromeast/Desktop/python-class-pollution/codeql-query/class-pollution-all/class-pollution-external.qls (logger.py:42)
2025-04-28 00:32:16,555 - CodeQLRunner - ERROR - Failed to execute query /home/jackfromeast/Desktop/python-class-pollution/codeql-query/class-pollution-all/class-pollution-external.qls: UnknownError: Running queries.
Compiling query plan for /home/jackfromeast/Desktop/python-class-pollution/codeql-query/class-pollution-all/query/ExternalClassPollutionQueryNewSetBothGetAttr.ql.
WARNING: unused variable 'setOpSecondObj' (/home/jackfromeast/Desktop/python-class-pollution/codeql-query/class-pollution-all/vuln/ClassPollutingAssignLib.qll:543,239-253)
WARNING: unused variable 'setOpSecondObj' (/home/jackfromeast/Desktop/python-class-pollution/codeql-query/class-pollution-all/vuln/ClassPollutingAssignLib.qll:562,245-259)
[1/6] Found in cache: /home/jackfromeast/Desktop/python-class-pollution/codeql-query/class-pollution-all/query/ExternalClassPollutionQueryNewSetBothGetAttr.ql.
Compiling query plan for /home/jackfromeast/Desktop/python-class-pollution/codeql-query/class-pollution-all/query/ExternalClassPollutionQueryNewSetAttrGetAttr.ql.
WARNING: unused variable 'setOpSecondObj' (/home/jackfromeast/Desktop/python-class-pollution/codeql-query/class-pollution-all/vuln/ClassPollutingAssignLib.qll:543,239-253)
WARNING: unused variable 'setOpSecondObj' (/home/jackfromeast/Desktop/python-class-pollution/codeql-query/class-pollution-all/vuln/ClassPollutingAssignLib.qll:562,245-259)
[2/6] Found in cache: /home/jackfromeast/Desktop/python-class-pollution/codeql-query/class-pollution-all/query/ExternalClassPollutionQueryNewSetAttrGetAttr.ql.
Compiling query plan for /home/jackfromeast/Desktop/python-class-pollution/codeql-query/class-pollution-all/query/ExternalClassPollutionQueryNewSetItemGetAttr.ql.
WARNING: unused variable 'setOpSecondObj' (/home/jackfromeast/Desktop/python-class-pollution/codeql-query/class-pollution-all/vuln/ClassPollutingAssignLib.qll:543,239-253)
WARNING: unused variable 'setOpSecondObj' (/home/jackfromeast/Desktop/python-class-pollution/codeql-query/class-pollution-all/vuln/ClassPollutingAssignLib.qll:562,245-259)
[3/6] Found in cache: /home/jackfromeast/Desktop/python-class-pollution/codeql-query/class-pollution-all/query/ExternalClassPollutionQueryNewSetItemGetAttr.ql.
Compiling query plan for /home/jackfromeast/Desktop/python-class-pollution/codeql-query/class-pollution-all/query/ExternalClassPollutionQueryNewSetBothGetBoth.ql.
WARNING: unused variable 'setOpSecondObj' (/home/jackfromeast/Desktop/python-class-pollution/codeql-query/class-pollution-all/vuln/ClassPollutingAssignLib.qll:543,239-253)
WARNING: unused variable 'setOpSecondObj' (/home/jackfromeast/Desktop/python-class-pollution/codeql-query/class-pollution-all/vuln/ClassPollutingAssignLib.qll:562,245-259)
[4/6] Found in cache: /home/jackfromeast/Desktop/python-class-pollution/codeql-query/class-pollution-all/query/ExternalClassPollutionQueryNewSetBothGetBoth.ql.
Compiling query plan for /home/jackfromeast/Desktop/python-class-pollution/codeql-query/class-pollution-all/query/ExternalClassPollutionQueryNewSetItemGetBoth.ql.
WARNING: unused variable 'setOpSecondObj' (/home/jackfromeast/Desktop/python-class-pollution/codeql-query/class-pollution-all/vuln/ClassPollutingAssignLib.qll:543,239-253)
WARNING: unused variable 'setOpSecondObj' (/home/jackfromeast/Desktop/python-class-pollution/codeql-query/class-pollution-all/vuln/ClassPollutingAssignLib.qll:562,245-259)
[5/6] Found in cache: /home/jackfromeast/Desktop/python-class-pollution/codeql-query/class-pollution-all/query/ExternalClassPollutionQueryNewSetItemGetBoth.ql.
Compiling query plan for /home/jackfromeast/Desktop/python-class-pollution/codeql-query/class-pollution-all/query/ExternalClassPollutionQueryNewSetAttrGetBoth.ql.
WARNING: unused variable 'setOpSecondObj' (/home/jackfromeast/Desktop/python-class-pollution/codeql-query/class-pollution-all/vuln/ClassPollutingAssignLib.qll:543,239-253)
WARNING: unused variable 'setOpSecondObj' (/home/jackfromeast/Desktop/python-class-pollution/codeql-query/class-pollution-all/vuln/ClassPollutingAssignLib.qll:562,245-259)
[6/6] Found in cache: /home/jackfromeast/Desktop/python-class-pollution/codeql-query/class-pollution-all/query/ExternalClassPollutionQueryNewSetAttrGetBoth.ql.
Starting evaluation of jackfromeast/class-pollution-all/query/ExternalClassPollutionQueryNewSetAttrGetAttr.ql.
Starting evaluation of jackfromeast/class-pollution-all/query/ExternalClassPollutionQueryNewSetAttrGetBoth.ql.
[1/6 eval 1m43s] Evaluation done; writing results to jackfromeast/class-pollution-all/query/ExternalClassPollutionQueryNewSetAttrGetAttr.bqrs.
Starting evaluation of jackfromeast/class-pollution-all/query/ExternalClassPollutionQueryNewSetBothGetAttr.ql.
[2/6 eval 59.8s] Evaluation done; writing results to jackfromeast/class-pollution-all/query/ExternalClassPollutionQueryNewSetAttrGetBoth.bqrs.
Starting evaluation of jackfromeast/class-pollution-all/query/ExternalClassPollutionQueryNewSetBothGetBoth.ql.
[3/6 eval 4ms] Evaluation done; writing results to jackfromeast/class-pollution-all/query/ExternalClassPollutionQueryNewSetBothGetAttr.bqrs.
Starting evaluation of jackfromeast/class-pollution-all/query/ExternalClassPollutionQueryNewSetItemGetAttr.ql.
Starting evaluation of jackfromeast/class-pollution-all/query/ExternalClassPollutionQueryNewSetItemGetBoth.ql.
[4/6 eval 59.4s] Evaluation done; writing results to jackfromeast/class-pollution-all/query/ExternalClassPollutionQueryNewSetBothGetBoth.bqrs.
[5/6 eval 2ms] Evaluation done; writing results to jackfromeast/class-pollution-all/query/ExternalClassPollutionQueryNewSetItemGetAttr.bqrs.
[6/6 eval 478ms] Evaluation done; writing results to jackfromeast/class-pollution-all/query/ExternalClassPollutionQueryNewSetItemGetBoth.bqrs.
Shutting down query evaluator.
Interpreting results.
Interpreting /home/jackfromeast/Desktop/python-class-pollution/codeql-query/class-pollution-all/query/ExternalClassPollutionQueryNewSetBothGetAttr.ql...
Interpreting /home/jackfromeast/Desktop/python-class-pollution/codeql-query/class-pollution-all/query/ExternalClassPollutionQueryNewSetAttrGetAttr.ql...
Interpreting /home/jackfromeast/Desktop/python-class-pollution/codeql-query/class-pollution-all/query/ExternalClassPollutionQueryNewSetItemGetAttr.ql...
Interpreting /home/jackfromeast/Desktop/python-class-pollution/codeql-query/class-pollution-all/query/ExternalClassPollutionQueryNewSetBothGetBoth.ql...
Interpreting /home/jackfromeast/Desktop/python-class-pollution/codeql-query/class-pollution-all/query/ExternalClassPollutionQueryNewSetItemGetBoth.ql...
Interpreting /home/jackfromeast/Desktop/python-class-pollution/codeql-query/class-pollution-all/query/ExternalClassPollutionQueryNewSetAttrGetBoth.ql...
Exporting results to SARIF...
A fatal error occurred: Could not write SARIF file
(eventual cause: NoSuchFileException "/home/jackfromeast/Desktop/python-class-pollution/tasks/class-pollution-positive...")
 (logger.py:42)
2025-04-28 00:32:16,555 - CodeQLRunner - ERROR - Failed to run query: /home/jackfromeast/Desktop/python-class-pollution/codeql-query/class-pollution-all/class-pollution-external.qls (logger.py:42)
2025-04-28 00:34:47,800 - CodeQLRunner - ERROR - Failed to build CodeQL database for ProAgent: UnknownError: Initializing database at /home/jackfromeast/Desktop/python-class-pollution/tasks/class-pollution-positive-remote/output/ProAgent/codeql-db.
Running build command: []
Running command in /home/jackfromeast/Desktop/python-class-pollution/tasks/class-pollution-positive-remote/output/ProAgent/codebase: [/home/jackfromeast/Downloads/codeql/python/tools/autobuild.sh]
Finalizing database at /home/jackfromeast/Desktop/python-class-pollution/tasks/class-pollution-positive-remote/output/ProAgent/codeql-db.
Running pre-finalize script /home/jackfromeast/Downloads/codeql/python/tools/pre-finalize.sh in /home/jackfromeast/Desktop/python-class-pollution/tasks/class-pollution-positive-remote/output/ProAgent/codebase.
Running command in /home/jackfromeast/Desktop/python-class-pollution/tasks/class-pollution-positive-remote/output/ProAgent/codebase: [/home/jackfromeast/Downloads/codeql/python/tools/pre-finalize.sh]
Running TRAP import for CodeQL database at /home/jackfromeast/Desktop/python-class-pollution/tasks/class-pollution-positive-remote/output/ProAgent/codeql-db...
A fatal error occurred: Error reading pool info file: /home/jackfromeast/Desktop/python-class-pollution/tasks/class-pollution-positive-remote/output/ProAgent/codeql-db/db-python/default/idPool/info
(eventual cause: NoSuchFileException "/home/jackfromeast/Desktop/python-class-pollution/tasks/class-pollution-positive...")
A fatal error occurred: Dataset import for /home/jackfromeast/Desktop/python-class-pollution/tasks/class-pollution-positive-remote/output/ProAgent/codeql-db/db-python failed with code 2.
 (logger.py:42)
2025-04-28 00:34:47,854 - CodeQLRunner - ERROR - Failed to build CodeQL database for ProAgent: UnknownError: Initializing database at /home/jackfromeast/Desktop/python-class-pollution/tasks/class-pollution-positive-remote/output/ProAgent/codeql-db.
Running build command: []
Running command in /home/jackfromeast/Desktop/python-class-pollution/tasks/class-pollution-positive-remote/output/ProAgent/codebase: [/home/jackfromeast/Downloads/codeql/python/tools/autobuild.sh]
Finalizing database at /home/jackfromeast/Desktop/python-class-pollution/tasks/class-pollution-positive-remote/output/ProAgent/codeql-db.
Running pre-finalize script /home/jackfromeast/Downloads/codeql/python/tools/pre-finalize.sh in /home/jackfromeast/Desktop/python-class-pollution/tasks/class-pollution-positive-remote/output/ProAgent/codebase.
Running command in /home/jackfromeast/Desktop/python-class-pollution/tasks/class-pollution-positive-remote/output/ProAgent/codebase: [/home/jackfromeast/Downloads/codeql/python/tools/pre-finalize.sh]
Running TRAP import for CodeQL database at /home/jackfromeast/Desktop/python-class-pollution/tasks/class-pollution-positive-remote/output/ProAgent/codeql-db...
Importing TRAP files
Merging relations
A fatal error occurred: Could not create temporary file in /home/jackfromeast/Desktop/python-class-pollution/tasks/class-pollution-positive-remote/output/ProAgent/codeql-db/db-python/default/cache/working for relation files
(eventual cause: NoSuchFileException "/home/jackfromeast/Desktop/python-class-pollution/tasks/class-pollution-positive...")
A fatal error occurred: Dataset import for /home/jackfromeast/Desktop/python-class-pollution/tasks/class-pollution-positive-remote/output/ProAgent/codeql-db/db-python failed with code 2.
Failed to write diagnostic information.
 (logger.py:42)
2025-04-28 00:36:00,886 - CodeQLRunner - ERROR - Failed to execute query /home/jackfromeast/Desktop/python-class-pollution/codeql-query/class-pollution-all/class-pollution-external.qls: UnknownError: Running queries.
Compiling query plan for /home/jackfromeast/Desktop/python-class-pollution/codeql-query/class-pollution-all/query/ExternalClassPollutionQueryNewSetBothGetAttr.ql.
WARNING: unused variable 'setOpSecondObj' (/home/jackfromeast/Desktop/python-class-pollution/codeql-query/class-pollution-all/vuln/ClassPollutingAssignLib.qll:543,239-253)
WARNING: unused variable 'setOpSecondObj' (/home/jackfromeast/Desktop/python-class-pollution/codeql-query/class-pollution-all/vuln/ClassPollutingAssignLib.qll:562,245-259)
[1/6] Found in cache: /home/jackfromeast/Desktop/python-class-pollution/codeql-query/class-pollution-all/query/ExternalClassPollutionQueryNewSetBothGetAttr.ql.
Compiling query plan for /home/jackfromeast/Desktop/python-class-pollution/codeql-query/class-pollution-all/query/ExternalClassPollutionQueryNewSetAttrGetAttr.ql.
WARNING: unused variable 'setOpSecondObj' (/home/jackfromeast/Desktop/python-class-pollution/codeql-query/class-pollution-all/vuln/ClassPollutingAssignLib.qll:543,239-253)
WARNING: unused variable 'setOpSecondObj' (/home/jackfromeast/Desktop/python-class-pollution/codeql-query/class-pollution-all/vuln/ClassPollutingAssignLib.qll:562,245-259)
[2/6] Found in cache: /home/jackfromeast/Desktop/python-class-pollution/codeql-query/class-pollution-all/query/ExternalClassPollutionQueryNewSetAttrGetAttr.ql.
Compiling query plan for /home/jackfromeast/Desktop/python-class-pollution/codeql-query/class-pollution-all/query/ExternalClassPollutionQueryNewSetItemGetAttr.ql.
WARNING: unused variable 'setOpSecondObj' (/home/jackfromeast/Desktop/python-class-pollution/codeql-query/class-pollution-all/vuln/ClassPollutingAssignLib.qll:543,239-253)
WARNING: unused variable 'setOpSecondObj' (/home/jackfromeast/Desktop/python-class-pollution/codeql-query/class-pollution-all/vuln/ClassPollutingAssignLib.qll:562,245-259)
[3/6] Found in cache: /home/jackfromeast/Desktop/python-class-pollution/codeql-query/class-pollution-all/query/ExternalClassPollutionQueryNewSetItemGetAttr.ql.
Compiling query plan for /home/jackfromeast/Desktop/python-class-pollution/codeql-query/class-pollution-all/query/ExternalClassPollutionQueryNewSetBothGetBoth.ql.
WARNING: unused variable 'setOpSecondObj' (/home/jackfromeast/Desktop/python-class-pollution/codeql-query/class-pollution-all/vuln/ClassPollutingAssignLib.qll:543,239-253)
WARNING: unused variable 'setOpSecondObj' (/home/jackfromeast/Desktop/python-class-pollution/codeql-query/class-pollution-all/vuln/ClassPollutingAssignLib.qll:562,245-259)
[4/6] Found in cache: /home/jackfromeast/Desktop/python-class-pollution/codeql-query/class-pollution-all/query/ExternalClassPollutionQueryNewSetBothGetBoth.ql.
Compiling query plan for /home/jackfromeast/Desktop/python-class-pollution/codeql-query/class-pollution-all/query/ExternalClassPollutionQueryNewSetItemGetBoth.ql.
WARNING: unused variable 'setOpSecondObj' (/home/jackfromeast/Desktop/python-class-pollution/codeql-query/class-pollution-all/vuln/ClassPollutingAssignLib.qll:543,239-253)
WARNING: unused variable 'setOpSecondObj' (/home/jackfromeast/Desktop/python-class-pollution/codeql-query/class-pollution-all/vuln/ClassPollutingAssignLib.qll:562,245-259)
[5/6] Found in cache: /home/jackfromeast/Desktop/python-class-pollution/codeql-query/class-pollution-all/query/ExternalClassPollutionQueryNewSetItemGetBoth.ql.
Compiling query plan for /home/jackfromeast/Desktop/python-class-pollution/codeql-query/class-pollution-all/query/ExternalClassPollutionQueryNewSetAttrGetBoth.ql.
WARNING: unused variable 'setOpSecondObj' (/home/jackfromeast/Desktop/python-class-pollution/codeql-query/class-pollution-all/vuln/ClassPollutingAssignLib.qll:543,239-253)
WARNING: unused variable 'setOpSecondObj' (/home/jackfromeast/Desktop/python-class-pollution/codeql-query/class-pollution-all/vuln/ClassPollutingAssignLib.qll:562,245-259)
[6/6] Found in cache: /home/jackfromeast/Desktop/python-class-pollution/codeql-query/class-pollution-all/query/ExternalClassPollutionQueryNewSetAttrGetBoth.ql.
Starting evaluation of jackfromeast/class-pollution-all/query/ExternalClassPollutionQueryNewSetAttrGetAttr.ql.
A fatal error occurred: Cannot create dirty marker for cached strings
(eventual cause: NoSuchFileException "/home/jackfromeast/Desktop/python-class-pollution/tasks/class-pollution-positive...")
 (logger.py:42)
2025-04-28 00:36:00,886 - CodeQLRunner - ERROR - Failed to run query: /home/jackfromeast/Desktop/python-class-pollution/codeql-query/class-pollution-all/class-pollution-external.qls (logger.py:42)
2025-04-28 00:38:01,349 - CodeQLRunner - ERROR - Failed to execute query /home/jackfromeast/Desktop/python-class-pollution/codeql-query/class-pollution-all/class-pollution-external.qls: UnknownError: Running queries.
Compiling query plan for /home/jackfromeast/Desktop/python-class-pollution/codeql-query/class-pollution-all/query/ExternalClassPollutionQueryNewSetBothGetAttr.ql.
WARNING: unused variable 'setOpSecondObj' (/home/jackfromeast/Desktop/python-class-pollution/codeql-query/class-pollution-all/vuln/ClassPollutingAssignLib.qll:543,239-253)
WARNING: unused variable 'setOpSecondObj' (/home/jackfromeast/Desktop/python-class-pollution/codeql-query/class-pollution-all/vuln/ClassPollutingAssignLib.qll:562,245-259)
[1/6] Found in cache: /home/jackfromeast/Desktop/python-class-pollution/codeql-query/class-pollution-all/query/ExternalClassPollutionQueryNewSetBothGetAttr.ql.
Compiling query plan for /home/jackfromeast/Desktop/python-class-pollution/codeql-query/class-pollution-all/query/ExternalClassPollutionQueryNewSetAttrGetAttr.ql.
WARNING: unused variable 'setOpSecondObj' (/home/jackfromeast/Desktop/python-class-pollution/codeql-query/class-pollution-all/vuln/ClassPollutingAssignLib.qll:543,239-253)
WARNING: unused variable 'setOpSecondObj' (/home/jackfromeast/Desktop/python-class-pollution/codeql-query/class-pollution-all/vuln/ClassPollutingAssignLib.qll:562,245-259)
[2/6] Found in cache: /home/jackfromeast/Desktop/python-class-pollution/codeql-query/class-pollution-all/query/ExternalClassPollutionQueryNewSetAttrGetAttr.ql.
Compiling query plan for /home/jackfromeast/Desktop/python-class-pollution/codeql-query/class-pollution-all/query/ExternalClassPollutionQueryNewSetItemGetAttr.ql.
WARNING: unused variable 'setOpSecondObj' (/home/jackfromeast/Desktop/python-class-pollution/codeql-query/class-pollution-all/vuln/ClassPollutingAssignLib.qll:543,239-253)
WARNING: unused variable 'setOpSecondObj' (/home/jackfromeast/Desktop/python-class-pollution/codeql-query/class-pollution-all/vuln/ClassPollutingAssignLib.qll:562,245-259)
[3/6] Found in cache: /home/jackfromeast/Desktop/python-class-pollution/codeql-query/class-pollution-all/query/ExternalClassPollutionQueryNewSetItemGetAttr.ql.
Compiling query plan for /home/jackfromeast/Desktop/python-class-pollution/codeql-query/class-pollution-all/query/ExternalClassPollutionQueryNewSetBothGetBoth.ql.
WARNING: unused variable 'setOpSecondObj' (/home/jackfromeast/Desktop/python-class-pollution/codeql-query/class-pollution-all/vuln/ClassPollutingAssignLib.qll:543,239-253)
WARNING: unused variable 'setOpSecondObj' (/home/jackfromeast/Desktop/python-class-pollution/codeql-query/class-pollution-all/vuln/ClassPollutingAssignLib.qll:562,245-259)
[4/6] Found in cache: /home/jackfromeast/Desktop/python-class-pollution/codeql-query/class-pollution-all/query/ExternalClassPollutionQueryNewSetBothGetBoth.ql.
Compiling query plan for /home/jackfromeast/Desktop/python-class-pollution/codeql-query/class-pollution-all/query/ExternalClassPollutionQueryNewSetItemGetBoth.ql.
WARNING: unused variable 'setOpSecondObj' (/home/jackfromeast/Desktop/python-class-pollution/codeql-query/class-pollution-all/vuln/ClassPollutingAssignLib.qll:543,239-253)
WARNING: unused variable 'setOpSecondObj' (/home/jackfromeast/Desktop/python-class-pollution/codeql-query/class-pollution-all/vuln/ClassPollutingAssignLib.qll:562,245-259)
[5/6] Found in cache: /home/jackfromeast/Desktop/python-class-pollution/codeql-query/class-pollution-all/query/ExternalClassPollutionQueryNewSetItemGetBoth.ql.
Compiling query plan for /home/jackfromeast/Desktop/python-class-pollution/codeql-query/class-pollution-all/query/ExternalClassPollutionQueryNewSetAttrGetBoth.ql.
WARNING: unused variable 'setOpSecondObj' (/home/jackfromeast/Desktop/python-class-pollution/codeql-query/class-pollution-all/vuln/ClassPollutingAssignLib.qll:543,239-253)
WARNING: unused variable 'setOpSecondObj' (/home/jackfromeast/Desktop/python-class-pollution/codeql-query/class-pollution-all/vuln/ClassPollutingAssignLib.qll:562,245-259)
[6/6] Found in cache: /home/jackfromeast/Desktop/python-class-pollution/codeql-query/class-pollution-all/query/ExternalClassPollutionQueryNewSetAttrGetBoth.ql.
Starting evaluation of jackfromeast/class-pollution-all/query/ExternalClassPollutionQueryNewSetAttrGetAttr.ql.
A fatal error occurred: Cannot create dirty marker for cached strings
(eventual cause: NoSuchFileException "/home/jackfromeast/Desktop/python-class-pollution/tasks/class-pollution-positive...")
 (logger.py:42)
2025-04-28 00:38:01,349 - CodeQLRunner - ERROR - Failed to run query: /home/jackfromeast/Desktop/python-class-pollution/codeql-query/class-pollution-all/class-pollution-external.qls (logger.py:42)
2025-04-28 00:38:01,506 - CodeQLRunner - ERROR - Failed to build CodeQL database for kan-gpt: UnknownError: Initializing database at /home/jackfromeast/Desktop/python-class-pollution/tasks/class-pollution-positive-remote/output/kan-gpt/codeql-db.
Running build command: []
Running command in /home/jackfromeast/Desktop/python-class-pollution/tasks/class-pollution-positive-remote/output/kan-gpt/codebase: [/home/jackfromeast/Downloads/codeql/python/tools/autobuild.sh]
Finalizing database at /home/jackfromeast/Desktop/python-class-pollution/tasks/class-pollution-positive-remote/output/kan-gpt/codeql-db.
Running pre-finalize script /home/jackfromeast/Downloads/codeql/python/tools/pre-finalize.sh in /home/jackfromeast/Desktop/python-class-pollution/tasks/class-pollution-positive-remote/output/kan-gpt/codebase.
Running command in /home/jackfromeast/Desktop/python-class-pollution/tasks/class-pollution-positive-remote/output/kan-gpt/codebase: [/home/jackfromeast/Downloads/codeql/python/tools/pre-finalize.sh]
A fatal error occurred: Exit status 2 from command: [/home/jackfromeast/Downloads/codeql/python/tools/pre-finalize.sh]
 (logger.py:42)
2025-04-28 00:38:16,986 - CodeQLRunner - ERROR - Failed to build CodeQL database for SegmenTron: UnknownError: Initializing database at /home/jackfromeast/Desktop/python-class-pollution/tasks/class-pollution-positive-remote/output/SegmenTron/codeql-db.
Running build command: []
Running command in /home/jackfromeast/Desktop/python-class-pollution/tasks/class-pollution-positive-remote/output/SegmenTron/codebase: [/home/jackfromeast/Downloads/codeql/python/tools/autobuild.sh]
Finalizing database at /home/jackfromeast/Desktop/python-class-pollution/tasks/class-pollution-positive-remote/output/SegmenTron/codeql-db.
Running pre-finalize script /home/jackfromeast/Downloads/codeql/python/tools/pre-finalize.sh in /home/jackfromeast/Desktop/python-class-pollution/tasks/class-pollution-positive-remote/output/SegmenTron/codebase.
Running command in /home/jackfromeast/Desktop/python-class-pollution/tasks/class-pollution-positive-remote/output/SegmenTron/codebase: [/home/jackfromeast/Downloads/codeql/python/tools/pre-finalize.sh]
Running TRAP import for CodeQL database at /home/jackfromeast/Desktop/python-class-pollution/tasks/class-pollution-positive-remote/output/SegmenTron/codeql-db...
Importing TRAP files
Merging relations
Finished writing database (relations: 18.00 B; string pool: 2.05 MiB).
TRAP import complete (495ms).
A fatal error occurred: Could not list the contents of directory /home/jackfromeast/Desktop/python-class-pollution/tasks/class-pollution-positive-remote/output/SegmenTron/codeql-db/src - file does not exist.
 (logger.py:42)
2025-04-28 00:38:27,471 - CodeQLRunner - ERROR - Failed to build CodeQL database for GPTFast: UnknownError: Initializing database at /home/jackfromeast/Desktop/python-class-pollution/tasks/class-pollution-positive-remote/output/GPTFast/codeql-db.
Running build command: []
Running command in /home/jackfromeast/Desktop/python-class-pollution/tasks/class-pollution-positive-remote/output/GPTFast/codebase: [/home/jackfromeast/Downloads/codeql/python/tools/autobuild.sh]
Finalizing database at /home/jackfromeast/Desktop/python-class-pollution/tasks/class-pollution-positive-remote/output/GPTFast/codeql-db.
Running pre-finalize script /home/jackfromeast/Downloads/codeql/python/tools/pre-finalize.sh in /home/jackfromeast/Desktop/python-class-pollution/tasks/class-pollution-positive-remote/output/GPTFast/codebase.
Running command in /home/jackfromeast/Desktop/python-class-pollution/tasks/class-pollution-positive-remote/output/GPTFast/codebase: [/home/jackfromeast/Downloads/codeql/python/tools/pre-finalize.sh]
Running TRAP import for CodeQL database at /home/jackfromeast/Desktop/python-class-pollution/tasks/class-pollution-positive-remote/output/GPTFast/codeql-db...
Importing TRAP files
Merging relations
A fatal error occurred: Could not create temporary file in /home/jackfromeast/Desktop/python-class-pollution/tasks/class-pollution-positive-remote/output/GPTFast/codeql-db/db-python/default/cache/working for relation files
(eventual cause: NoSuchFileException "/home/jackfromeast/Desktop/python-class-pollution/tasks/class-pollution-positive...")
A fatal error occurred: Dataset import for /home/jackfromeast/Desktop/python-class-pollution/tasks/class-pollution-positive-remote/output/GPTFast/codeql-db/db-python failed with code 2.
 (logger.py:42)
2025-04-28 00:38:57,470 - CodeQLRunner - ERROR - Failed to build CodeQL database for GPTFast: UnknownError: Initializing database at /home/jackfromeast/Desktop/python-class-pollution/tasks/class-pollution-positive-remote/output/GPTFast/codeql-db.
Running build command: []
Running command in /home/jackfromeast/Desktop/python-class-pollution/tasks/class-pollution-positive-remote/output/GPTFast/codebase: [/home/jackfromeast/Downloads/codeql/python/tools/autobuild.sh]
Finalizing database at /home/jackfromeast/Desktop/python-class-pollution/tasks/class-pollution-positive-remote/output/GPTFast/codeql-db.
Running pre-finalize script /home/jackfromeast/Downloads/codeql/python/tools/pre-finalize.sh in /home/jackfromeast/Desktop/python-class-pollution/tasks/class-pollution-positive-remote/output/GPTFast/codebase.
Running command in /home/jackfromeast/Desktop/python-class-pollution/tasks/class-pollution-positive-remote/output/GPTFast/codebase: [/home/jackfromeast/Downloads/codeql/python/tools/pre-finalize.sh]
Running TRAP import for CodeQL database at /home/jackfromeast/Desktop/python-class-pollution/tasks/class-pollution-positive-remote/output/GPTFast/codeql-db...
A fatal error occurred: Cannot copy temporary pool to extensional pool
(eventual cause: NoSuchFileException "/home/jackfromeast/Desktop/python-class-pollution/tasks/class-pollution-positive...")
A fatal error occurred: Dataset import for /home/jackfromeast/Desktop/python-class-pollution/tasks/class-pollution-positive-remote/output/GPTFast/codeql-db/db-python failed with code 2.
Failed to write diagnostic information.
 (logger.py:42)
2025-04-28 00:47:30,731 - CodeQLRunner - ERROR - Query timed out for Diffusion-LM: /home/jackfromeast/Desktop/python-class-pollution/codeql-query/class-pollution-all/class-pollution-external.qls (logger.py:42)
2025-04-28 00:47:30,993 - CodeQLRunner - ERROR - Failed to run query: /home/jackfromeast/Desktop/python-class-pollution/codeql-query/class-pollution-all/class-pollution-external.qls (logger.py:42)
2025-04-28 00:48:07,765 - CodeQLRunner - ERROR - Building CodeQL database timed out: ONE-PEACE (logger.py:42)
2025-04-28 00:52:56,534 - CodeQLRunner - ERROR - Building CodeQL database timed out: espresso (logger.py:42)
2025-04-28 00:54:02,887 - CodeQLRunner - ERROR - Failed to execute query /home/jackfromeast/Desktop/python-class-pollution/codeql-query/class-pollution-all/class-pollution-external.qls: UnknownError: Running queries.
Compiling query plan for /home/jackfromeast/Desktop/python-class-pollution/codeql-query/class-pollution-all/query/ExternalClassPollutionQueryNewSetBothGetAttr.ql.
WARNING: unused variable 'setOpSecondObj' (/home/jackfromeast/Desktop/python-class-pollution/codeql-query/class-pollution-all/vuln/ClassPollutingAssignLib.qll:543,239-253)
WARNING: unused variable 'setOpSecondObj' (/home/jackfromeast/Desktop/python-class-pollution/codeql-query/class-pollution-all/vuln/ClassPollutingAssignLib.qll:562,245-259)
A fatal error occurred: Could not read dbscheme at /home/jackfromeast/Desktop/python-class-pollution/tasks/class-pollution-positive-remote/output/parkour/codeql-db/db-python/semmlecode.python.dbscheme: java.nio.file.NoSuchFileException: /home/jackfromeast/Desktop/python-class-pollution/tasks/class-pollution-positive-remote/output/parkour/codeql-db/db-python/semmlecode.python.dbscheme
 (logger.py:42)
2025-04-28 00:54:02,887 - CodeQLRunner - ERROR - Failed to run query: /home/jackfromeast/Desktop/python-class-pollution/codeql-query/class-pollution-all/class-pollution-external.qls (logger.py:42)
2025-04-28 00:54:02,987 - CodeQLRunner - ERROR - Failed to build CodeQL database for parkour: UnknownError: Initializing database at /home/jackfromeast/Desktop/python-class-pollution/tasks/class-pollution-positive-remote/output/parkour/codeql-db.
Running build command: []
Running command in /home/jackfromeast/Desktop/python-class-pollution/tasks/class-pollution-positive-remote/output/parkour/codebase: [/home/jackfromeast/Downloads/codeql/python/tools/autobuild.sh]
Finalizing database at /home/jackfromeast/Desktop/python-class-pollution/tasks/class-pollution-positive-remote/output/parkour/codeql-db.
Running pre-finalize script /home/jackfromeast/Downloads/codeql/python/tools/pre-finalize.sh in /home/jackfromeast/Desktop/python-class-pollution/tasks/class-pollution-positive-remote/output/parkour/codebase.
Running command in /home/jackfromeast/Desktop/python-class-pollution/tasks/class-pollution-positive-remote/output/parkour/codebase: [/home/jackfromeast/Downloads/codeql/python/tools/pre-finalize.sh]
A fatal error occurred: Exit status 2 from command: [/home/jackfromeast/Downloads/codeql/python/tools/pre-finalize.sh]
Failed to write diagnostic information.
 (logger.py:42)
2025-04-28 00:54:49,600 - CodeQLRunner - ERROR - Building CodeQL database timed out: R-Drop (logger.py:42)
2025-04-28 00:55:54,952 - CodeQLRunner - ERROR - Failed to build CodeQL database for blrec: UnknownError: A fatal error occurred: Failed to delete old database directory
(eventual cause: MultiIOException "java.io.IOException: Failed to delete /home/jackfromeast/Desktop/python-class-po...")
 (logger.py:42)
2025-04-28 00:56:44,720 - CodeQLRunner - ERROR - Failed to execute query /home/jackfromeast/Desktop/python-class-pollution/codeql-query/class-pollution-all/class-pollution-external.qls: UnknownError: Running queries.
A fatal error occurred: /home/jackfromeast/Desktop/python-class-pollution/tasks/class-pollution-positive-remote/output/SillyTavern-Extras/codeql-db is not a recognized CodeQL database.
 (logger.py:42)
2025-04-28 00:56:44,721 - CodeQLRunner - ERROR - Failed to run query: /home/jackfromeast/Desktop/python-class-pollution/codeql-query/class-pollution-all/class-pollution-external.qls (logger.py:42)
2025-04-28 00:56:44,952 - CodeQLRunner - ERROR - Failed to build CodeQL database for SillyTavern-Extras: UnknownError: Initializing database at /home/jackfromeast/Desktop/python-class-pollution/tasks/class-pollution-positive-remote/output/SillyTavern-Extras/codeql-db.
Running build command: []
A fatal error occurred: Invalid working directory: /home/jackfromeast/Desktop/python-class-pollution/tasks/class-pollution-positive-remote/output/SillyTavern-Extras/codebase.
 (logger.py:42)
2025-04-28 01:01:29,091 - CodeQLRunner - ERROR - Building CodeQL database timed out: MagicDrive (logger.py:42)
2025-04-28 01:02:40,129 - CodeQLRunner - ERROR - Building CodeQL database timed out: LongMem (logger.py:42)
2025-04-28 01:02:42,491 - CodeQLRunner - ERROR - Failed to execute query /home/jackfromeast/Desktop/python-class-pollution/codeql-query/class-pollution-all/class-pollution-external.qls: UnknownError: Running queries.
Compiling query plan for /home/jackfromeast/Desktop/python-class-pollution/codeql-query/class-pollution-all/query/ExternalClassPollutionQueryNewSetBothGetAttr.ql.
WARNING: unused variable 'setOpSecondObj' (/home/jackfromeast/Desktop/python-class-pollution/codeql-query/class-pollution-all/vuln/ClassPollutingAssignLib.qll:543,239-253)
WARNING: unused variable 'setOpSecondObj' (/home/jackfromeast/Desktop/python-class-pollution/codeql-query/class-pollution-all/vuln/ClassPollutingAssignLib.qll:562,245-259)
[1/6] Found in cache: /home/jackfromeast/Desktop/python-class-pollution/codeql-query/class-pollution-all/query/ExternalClassPollutionQueryNewSetBothGetAttr.ql.
Compiling query plan for /home/jackfromeast/Desktop/python-class-pollution/codeql-query/class-pollution-all/query/ExternalClassPollutionQueryNewSetAttrGetAttr.ql.
WARNING: unused variable 'setOpSecondObj' (/home/jackfromeast/Desktop/python-class-pollution/codeql-query/class-pollution-all/vuln/ClassPollutingAssignLib.qll:543,239-253)
WARNING: unused variable 'setOpSecondObj' (/home/jackfromeast/Desktop/python-class-pollution/codeql-query/class-pollution-all/vuln/ClassPollutingAssignLib.qll:562,245-259)
[2/6] Found in cache: /home/jackfromeast/Desktop/python-class-pollution/codeql-query/class-pollution-all/query/ExternalClassPollutionQueryNewSetAttrGetAttr.ql.
Compiling query plan for /home/jackfromeast/Desktop/python-class-pollution/codeql-query/class-pollution-all/query/ExternalClassPollutionQueryNewSetItemGetAttr.ql.
WARNING: unused variable 'setOpSecondObj' (/home/jackfromeast/Desktop/python-class-pollution/codeql-query/class-pollution-all/vuln/ClassPollutingAssignLib.qll:543,239-253)
WARNING: unused variable 'setOpSecondObj' (/home/jackfromeast/Desktop/python-class-pollution/codeql-query/class-pollution-all/vuln/ClassPollutingAssignLib.qll:562,245-259)
[3/6] Found in cache: /home/jackfromeast/Desktop/python-class-pollution/codeql-query/class-pollution-all/query/ExternalClassPollutionQueryNewSetItemGetAttr.ql.
Compiling query plan for /home/jackfromeast/Desktop/python-class-pollution/codeql-query/class-pollution-all/query/ExternalClassPollutionQueryNewSetBothGetBoth.ql.
WARNING: unused variable 'setOpSecondObj' (/home/jackfromeast/Desktop/python-class-pollution/codeql-query/class-pollution-all/vuln/ClassPollutingAssignLib.qll:543,239-253)
WARNING: unused variable 'setOpSecondObj' (/home/jackfromeast/Desktop/python-class-pollution/codeql-query/class-pollution-all/vuln/ClassPollutingAssignLib.qll:562,245-259)
[4/6] Found in cache: /home/jackfromeast/Desktop/python-class-pollution/codeql-query/class-pollution-all/query/ExternalClassPollutionQueryNewSetBothGetBoth.ql.
Compiling query plan for /home/jackfromeast/Desktop/python-class-pollution/codeql-query/class-pollution-all/query/ExternalClassPollutionQueryNewSetItemGetBoth.ql.
WARNING: unused variable 'setOpSecondObj' (/home/jackfromeast/Desktop/python-class-pollution/codeql-query/class-pollution-all/vuln/ClassPollutingAssignLib.qll:543,239-253)
WARNING: unused variable 'setOpSecondObj' (/home/jackfromeast/Desktop/python-class-pollution/codeql-query/class-pollution-all/vuln/ClassPollutingAssignLib.qll:562,245-259)
[5/6] Found in cache: /home/jackfromeast/Desktop/python-class-pollution/codeql-query/class-pollution-all/query/ExternalClassPollutionQueryNewSetItemGetBoth.ql.
Compiling query plan for /home/jackfromeast/Desktop/python-class-pollution/codeql-query/class-pollution-all/query/ExternalClassPollutionQueryNewSetAttrGetBoth.ql.
WARNING: unused variable 'setOpSecondObj' (/home/jackfromeast/Desktop/python-class-pollution/codeql-query/class-pollution-all/vuln/ClassPollutingAssignLib.qll:543,239-253)
WARNING: unused variable 'setOpSecondObj' (/home/jackfromeast/Desktop/python-class-pollution/codeql-query/class-pollution-all/vuln/ClassPollutingAssignLib.qll:562,245-259)
[6/6] Found in cache: /home/jackfromeast/Desktop/python-class-pollution/codeql-query/class-pollution-all/query/ExternalClassPollutionQueryNewSetAttrGetBoth.ql.
Starting evaluation of jackfromeast/class-pollution-all/query/ExternalClassPollutionQueryNewSetAttrGetAttr.ql.
Starting evaluation of jackfromeast/class-pollution-all/query/ExternalClassPollutionQueryNewSetAttrGetBoth.ql.
[1/6 eval 5.2s] Evaluation done; writing results to jackfromeast/class-pollution-all/query/ExternalClassPollutionQueryNewSetAttrGetAttr.bqrs.
Starting evaluation of jackfromeast/class-pollution-all/query/ExternalClassPollutionQueryNewSetBothGetAttr.ql.
[2/6 eval 23ms] Evaluation done; writing results to jackfromeast/class-pollution-all/query/ExternalClassPollutionQueryNewSetAttrGetBoth.bqrs.
Starting evaluation of jackfromeast/class-pollution-all/query/ExternalClassPollutionQueryNewSetBothGetBoth.ql.
[3/6 eval 2ms] Evaluation done; writing results to jackfromeast/class-pollution-all/query/ExternalClassPollutionQueryNewSetBothGetAttr.bqrs.
Starting evaluation of jackfromeast/class-pollution-all/query/ExternalClassPollutionQueryNewSetItemGetAttr.ql.
[4/6 eval 21ms] Evaluation done; writing results to jackfromeast/class-pollution-all/query/ExternalClassPollutionQueryNewSetBothGetBoth.bqrs.
Starting evaluation of jackfromeast/class-pollution-all/query/ExternalClassPollutionQueryNewSetItemGetBoth.ql.
[5/6 eval 2ms] Evaluation done; writing results to jackfromeast/class-pollution-all/query/ExternalClassPollutionQueryNewSetItemGetAttr.bqrs.
[6/6 eval 122ms] Evaluation done; writing results to jackfromeast/class-pollution-all/query/ExternalClassPollutionQueryNewSetItemGetBoth.bqrs.
Shutting down query evaluator.
Interpreting results.
Interpreting /home/jackfromeast/Desktop/python-class-pollution/codeql-query/class-pollution-all/query/ExternalClassPollutionQueryNewSetBothGetAttr.ql...
/home/jackfromeast/Desktop/python-class-pollution/codeql-query/class-pollution-all/query/ExternalClassPollutionQueryNewSetBothGetAttr.ql ought to have produced /home/jackfromeast/Desktop/python-class-pollution/tasks/class-pollution-positive-remote/output/pogom/codeql-db/results/jackfromeast/class-pollution-all/query/ExternalClassPollutionQueryNewSetBothGetAttr.bqrs but that doesn't exist -- ignoring.
Interpreting /home/jackfromeast/Desktop/python-class-pollution/codeql-query/class-pollution-all/query/ExternalClassPollutionQueryNewSetAttrGetAttr.ql...
/home/jackfromeast/Desktop/python-class-pollution/codeql-query/class-pollution-all/query/ExternalClassPollutionQueryNewSetAttrGetAttr.ql ought to have produced /home/jackfromeast/Desktop/python-class-pollution/tasks/class-pollution-positive-remote/output/pogom/codeql-db/results/jackfromeast/class-pollution-all/query/ExternalClassPollutionQueryNewSetAttrGetAttr.bqrs but that doesn't exist -- ignoring.
Interpreting /home/jackfromeast/Desktop/python-class-pollution/codeql-query/class-pollution-all/query/ExternalClassPollutionQueryNewSetItemGetAttr.ql...
/home/jackfromeast/Desktop/python-class-pollution/codeql-query/class-pollution-all/query/ExternalClassPollutionQueryNewSetItemGetAttr.ql ought to have produced /home/jackfromeast/Desktop/python-class-pollution/tasks/class-pollution-positive-remote/output/pogom/codeql-db/results/jackfromeast/class-pollution-all/query/ExternalClassPollutionQueryNewSetItemGetAttr.bqrs but that doesn't exist -- ignoring.
Interpreting /home/jackfromeast/Desktop/python-class-pollution/codeql-query/class-pollution-all/query/ExternalClassPollutionQueryNewSetBothGetBoth.ql...
/home/jackfromeast/Desktop/python-class-pollution/codeql-query/class-pollution-all/query/ExternalClassPollutionQueryNewSetBothGetBoth.ql ought to have produced /home/jackfromeast/Desktop/python-class-pollution/tasks/class-pollution-positive-remote/output/pogom/codeql-db/results/jackfromeast/class-pollution-all/query/ExternalClassPollutionQueryNewSetBothGetBoth.bqrs but that doesn't exist -- ignoring.
Interpreting /home/jackfromeast/Desktop/python-class-pollution/codeql-query/class-pollution-all/query/ExternalClassPollutionQueryNewSetItemGetBoth.ql...
/home/jackfromeast/Desktop/python-class-pollution/codeql-query/class-pollution-all/query/ExternalClassPollutionQueryNewSetItemGetBoth.ql ought to have produced /home/jackfromeast/Desktop/python-class-pollution/tasks/class-pollution-positive-remote/output/pogom/codeql-db/results/jackfromeast/class-pollution-all/query/ExternalClassPollutionQueryNewSetItemGetBoth.bqrs but that doesn't exist -- ignoring.
Interpreting /home/jackfromeast/Desktop/python-class-pollution/codeql-query/class-pollution-all/query/ExternalClassPollutionQueryNewSetAttrGetBoth.ql...
/home/jackfromeast/Desktop/python-class-pollution/codeql-query/class-pollution-all/query/ExternalClassPollutionQueryNewSetAttrGetBoth.ql ought to have produced /home/jackfromeast/Desktop/python-class-pollution/tasks/class-pollution-positive-remote/output/pogom/codeql-db/results/jackfromeast/class-pollution-all/query/ExternalClassPollutionQueryNewSetAttrGetBoth.bqrs but that doesn't exist -- ignoring.
A fatal error occurred: Cannot read directory: /home/jackfromeast/Desktop/python-class-pollution/tasks/class-pollution-positive-remote/output/pogom/codeql-db/src
(eventual cause: NoSuchFileException "/home/jackfromeast/Desktop/python-class-pollution/tasks/class-pollution-positive...")
 (logger.py:42)
2025-04-28 01:02:42,491 - CodeQLRunner - ERROR - Failed to run query: /home/jackfromeast/Desktop/python-class-pollution/codeql-query/class-pollution-all/class-pollution-external.qls (logger.py:42)
2025-04-28 01:05:34,233 - CodeQLRunner - ERROR - Building CodeQL database timed out: AI_Challenger_2018 (logger.py:42)
2025-04-28 01:06:48,533 - CodeQLRunner - ERROR - Failed to execute query /home/jackfromeast/Desktop/python-class-pollution/codeql-query/class-pollution-all/class-pollution-external.qls: UnknownError: Running queries.
Compiling query plan for /home/jackfromeast/Desktop/python-class-pollution/codeql-query/class-pollution-all/query/ExternalClassPollutionQueryNewSetBothGetAttr.ql.
WARNING: unused variable 'setOpSecondObj' (/home/jackfromeast/Desktop/python-class-pollution/codeql-query/class-pollution-all/vuln/ClassPollutingAssignLib.qll:543,239-253)
WARNING: unused variable 'setOpSecondObj' (/home/jackfromeast/Desktop/python-class-pollution/codeql-query/class-pollution-all/vuln/ClassPollutingAssignLib.qll:562,245-259)
[1/6] Found in cache: /home/jackfromeast/Desktop/python-class-pollution/codeql-query/class-pollution-all/query/ExternalClassPollutionQueryNewSetBothGetAttr.ql.
Compiling query plan for /home/jackfromeast/Desktop/python-class-pollution/codeql-query/class-pollution-all/query/ExternalClassPollutionQueryNewSetAttrGetAttr.ql.
WARNING: unused variable 'setOpSecondObj' (/home/jackfromeast/Desktop/python-class-pollution/codeql-query/class-pollution-all/vuln/ClassPollutingAssignLib.qll:543,239-253)
WARNING: unused variable 'setOpSecondObj' (/home/jackfromeast/Desktop/python-class-pollution/codeql-query/class-pollution-all/vuln/ClassPollutingAssignLib.qll:562,245-259)
[2/6] Found in cache: /home/jackfromeast/Desktop/python-class-pollution/codeql-query/class-pollution-all/query/ExternalClassPollutionQueryNewSetAttrGetAttr.ql.
Compiling query plan for /home/jackfromeast/Desktop/python-class-pollution/codeql-query/class-pollution-all/query/ExternalClassPollutionQueryNewSetItemGetAttr.ql.
WARNING: unused variable 'setOpSecondObj' (/home/jackfromeast/Desktop/python-class-pollution/codeql-query/class-pollution-all/vuln/ClassPollutingAssignLib.qll:543,239-253)
WARNING: unused variable 'setOpSecondObj' (/home/jackfromeast/Desktop/python-class-pollution/codeql-query/class-pollution-all/vuln/ClassPollutingAssignLib.qll:562,245-259)
[3/6] Found in cache: /home/jackfromeast/Desktop/python-class-pollution/codeql-query/class-pollution-all/query/ExternalClassPollutionQueryNewSetItemGetAttr.ql.
Compiling query plan for /home/jackfromeast/Desktop/python-class-pollution/codeql-query/class-pollution-all/query/ExternalClassPollutionQueryNewSetBothGetBoth.ql.
WARNING: unused variable 'setOpSecondObj' (/home/jackfromeast/Desktop/python-class-pollution/codeql-query/class-pollution-all/vuln/ClassPollutingAssignLib.qll:543,239-253)
WARNING: unused variable 'setOpSecondObj' (/home/jackfromeast/Desktop/python-class-pollution/codeql-query/class-pollution-all/vuln/ClassPollutingAssignLib.qll:562,245-259)
[4/6] Found in cache: /home/jackfromeast/Desktop/python-class-pollution/codeql-query/class-pollution-all/query/ExternalClassPollutionQueryNewSetBothGetBoth.ql.
Compiling query plan for /home/jackfromeast/Desktop/python-class-pollution/codeql-query/class-pollution-all/query/ExternalClassPollutionQueryNewSetItemGetBoth.ql.
WARNING: unused variable 'setOpSecondObj' (/home/jackfromeast/Desktop/python-class-pollution/codeql-query/class-pollution-all/vuln/ClassPollutingAssignLib.qll:543,239-253)
WARNING: unused variable 'setOpSecondObj' (/home/jackfromeast/Desktop/python-class-pollution/codeql-query/class-pollution-all/vuln/ClassPollutingAssignLib.qll:562,245-259)
[5/6] Found in cache: /home/jackfromeast/Desktop/python-class-pollution/codeql-query/class-pollution-all/query/ExternalClassPollutionQueryNewSetItemGetBoth.ql.
Compiling query plan for /home/jackfromeast/Desktop/python-class-pollution/codeql-query/class-pollution-all/query/ExternalClassPollutionQueryNewSetAttrGetBoth.ql.
WARNING: unused variable 'setOpSecondObj' (/home/jackfromeast/Desktop/python-class-pollution/codeql-query/class-pollution-all/vuln/ClassPollutingAssignLib.qll:543,239-253)
WARNING: unused variable 'setOpSecondObj' (/home/jackfromeast/Desktop/python-class-pollution/codeql-query/class-pollution-all/vuln/ClassPollutingAssignLib.qll:562,245-259)
[6/6] Found in cache: /home/jackfromeast/Desktop/python-class-pollution/codeql-query/class-pollution-all/query/ExternalClassPollutionQueryNewSetAttrGetBoth.ql.
Starting evaluation of jackfromeast/class-pollution-all/query/ExternalClassPollutionQueryNewSetAttrGetAttr.ql.
Oops! A fatal internal error occurred. Details:
com.semmle.util.exception.CatastrophicError: An error occurred while evaluating num#DataFlowImpl::Impl<TaintTracking::TaintTracking::GlobalWithState<ClassPollutionTaintTrackingLib::ClassPollutionTaintTracking::TrackingClassPollutionKeyToAssignmentConfiguration>::C>::Stage2::TSummaryCtxSome#a438a496/5@i7#a3898w0n
Cannot create dirty marker for cached strings
The RA to evaluate was:

    {5} r1 = INVOKE HIGHER-ORDER RELATION construct<DataFlowImpl#248dabc3::MakeImpl-Files#a547fcb4::Location-DataFlowImplSpecific#9c24d182::PythonDataFlow-::Impl-TaintTrac-21e2b35f,1> ON <`DataFlowImpl::Impl<TaintTracking::TaintTracking::GlobalWithState<ClassPollutionTaintTrackingLib::ClassPollutionTaintTracking::TrackingClassPollutionKeyToAssignmentConfiguration>::C>::Stage2::TSummaryCtxSome#dom#cad82dc1#prev_delta`>
    return r1

(eventual cause: NoSuchFileException "/home/jackfromeast/Desktop/python-class-pollution/tasks/class-pollution-positive...")
	at com.semmle.inmemory.pipeline.MetaPipelineInstance.wrapWithRaDump(MetaPipelineInstance.java:204)
	at com.semmle.inmemory.pipeline.MetaPipelineInstance.exceptionCaught(MetaPipelineInstance.java:174)
	at com.semmle.inmemory.scheduler.execution.ThreadableWork.handleAndLog(ThreadableWork.java:593)
	at com.semmle.inmemory.scheduler.execution.ThreadableWork.doSomeWork(ThreadableWork.java:410)
	at com.semmle.inmemory.scheduler.RecursiveLayer$RecursiveWork.doWork(RecursiveLayer.java:476)
	at com.semmle.inmemory.scheduler.execution.ThreadableWork.doSomeWork(ThreadableWork.java:396)
	at com.semmle.inmemory.scheduler.execution.ExecutionScheduler.runnerMain(ExecutionScheduler.java:707)
	at java.base/java.util.concurrent.ThreadPoolExecutor.runWorker(Unknown Source)
	at java.base/java.util.concurrent.ThreadPoolExecutor$Worker.run(Unknown Source)
	at java.base/java.lang.Thread.run(Unknown Source)
Caused by: Cannot create dirty marker for cached strings
(eventual cause: NoSuchFileException "/home/jackfromeast/Desktop/python-class-pollution/tasks/class-pollution-positive...")
	at com.semmle.inmemory.stringpool.StringPool.promoteStringToCached(StringPool.java:479)
	at com.semmle.inmemory.stringpool.StringPool.promoteToCached(StringPool.java:449)
	at com.semmle.inmemory.caching.TuplePool$ComplexNumberer.lambda$freshNumberRelation$1(TuplePool.java:496)
	at com.semmle.inmemory.relations.BaseIntArrayRelation.map(BaseIntArrayRelation.java:88)
	at com.semmle.inmemory.relations.AbstractRelation.deduplicateMap(AbstractRelation.java:138)
	at com.semmle.inmemory.caching.TuplePool$ComplexNumberer.lambda$freshNumberRelation$2(TuplePool.java:480)
	at com.semmle.inmemory.relations.writers.RelationWriter.withSink(RelationWriter.java:72)
	at com.semmle.inmemory.caching.TuplePool$ComplexNumberer.freshNumberRelation(TuplePool.java:478)
	at com.semmle.inmemory.caching.TuplePool$ComplexNumberer.doNumbering(TuplePool.java:436)
	at com.semmle.inmemory.caching.TuplePool.lambda$doNumbering$1(TuplePool.java:245)
	at com.semmle.util.concurrent.LockUtils.runThenUnlock(LockUtils.java:8)
	at com.semmle.inmemory.caching.TuplePool$ComplexNumberer.doWithBranchLock(TuplePool.java:561)
	at com.semmle.inmemory.caching.TuplePool.doNumbering(TuplePool.java:233)
	at com.semmle.inmemory.ast.IMBConstructDatatype.doNumberingStreaming(IMBConstructDatatype.java:165)
	at com.semmle.inmemory.ast.IMBConstructDatatype$1.evaluateSink(IMBConstructDatatype.java:142)
	at com.semmle.inmemory.pipeline.HOPStep.generateTuples(HOPStep.java:57)
	at com.semmle.inmemory.pipeline.SimpleHeadStep.lambda$forwardInitialize$0(SimpleHeadStep.java:32)
	at com.semmle.inmemory.pipeline.HeadEndDispatcher.headEndWork(HeadEndDispatcher.java:75)
	at com.semmle.inmemory.pipeline.PipelineState.doSomeWork(PipelineState.java:88)
	at com.semmle.inmemory.pipeline.PipelineInstance.doWork(PipelineInstance.java:78)
	at com.semmle.inmemory.scheduler.execution.ThreadableWork.doSomeWork(ThreadableWork.java:396)
	at com.semmle.inmemory.scheduler.execution.ChainingWork.doWork(ChainingWork.java:30)
	at com.semmle.inmemory.scheduler.execution.ThreadableWork.doSomeWork(ThreadableWork.java:396)
	... 6 more
Caused by: java.nio.file.NoSuchFileException: /home/jackfromeast/Desktop/python-class-pollution/tasks/class-pollution-positive-remote/output/attn2d/codeql-db/db-python/default/cache/cached-strings/pools/dirty
	at java.base/sun.nio.fs.UnixException.translateToIOException(Unknown Source)
	at java.base/sun.nio.fs.UnixException.rethrowAsIOException(Unknown Source)
	at java.base/sun.nio.fs.UnixException.rethrowAsIOException(Unknown Source)
	at java.base/sun.nio.fs.UnixFileSystemProvider.newByteChannel(Unknown Source)
	at java.base/java.nio.file.Files.newByteChannel(Unknown Source)
	at java.base/java.nio.file.Files.createFile(Unknown Source)
	at com.semmle.inmemory.stringpool.StringPool.promoteStringToCached(StringPool.java:476)
	... 28 more

 (logger.py:42)
2025-04-28 01:06:48,533 - CodeQLRunner - ERROR - Failed to run query: /home/jackfromeast/Desktop/python-class-pollution/codeql-query/class-pollution-all/class-pollution-external.qls (logger.py:42)
2025-04-28 01:06:48,748 - CodeQLRunner - ERROR - Failed during cleanup: [Errno 39] Directory not empty: 'codeql-db' (logger.py:42)
2025-04-28 01:06:49,538 - CodeQLRunner - ERROR - Failed to build CodeQL database for attn2d: UnknownError: Unrecognized file in database cluster: '/home/jackfromeast/Desktop/python-class-pollution/tasks/class-pollution-positive-remote/output/attn2d/codeql-db/src'.
A fatal error occurred: Ran with database overwriting enabled, but the directory does not appear to be a CodeQL database or database cluster. Please check you do indeed wish to delete it, and do so manually.
 (logger.py:42)
2025-04-28 01:16:26,507 - CodeQLRunner - ERROR - Failed to execute query /home/jackfromeast/Desktop/python-class-pollution/codeql-query/class-pollution-all/class-pollution-external.qls: UnknownError: Running queries.
Compiling query plan for /home/jackfromeast/Desktop/python-class-pollution/codeql-query/class-pollution-all/query/ExternalClassPollutionQueryNewSetBothGetAttr.ql.
WARNING: unused variable 'setOpSecondObj' (/home/jackfromeast/Desktop/python-class-pollution/codeql-query/class-pollution-all/vuln/ClassPollutingAssignLib.qll:543,239-253)
WARNING: unused variable 'setOpSecondObj' (/home/jackfromeast/Desktop/python-class-pollution/codeql-query/class-pollution-all/vuln/ClassPollutingAssignLib.qll:562,245-259)
[1/6] Found in cache: /home/jackfromeast/Desktop/python-class-pollution/codeql-query/class-pollution-all/query/ExternalClassPollutionQueryNewSetBothGetAttr.ql.
Compiling query plan for /home/jackfromeast/Desktop/python-class-pollution/codeql-query/class-pollution-all/query/ExternalClassPollutionQueryNewSetAttrGetAttr.ql.
WARNING: unused variable 'setOpSecondObj' (/home/jackfromeast/Desktop/python-class-pollution/codeql-query/class-pollution-all/vuln/ClassPollutingAssignLib.qll:543,239-253)
WARNING: unused variable 'setOpSecondObj' (/home/jackfromeast/Desktop/python-class-pollution/codeql-query/class-pollution-all/vuln/ClassPollutingAssignLib.qll:562,245-259)
[2/6] Found in cache: /home/jackfromeast/Desktop/python-class-pollution/codeql-query/class-pollution-all/query/ExternalClassPollutionQueryNewSetAttrGetAttr.ql.
Compiling query plan for /home/jackfromeast/Desktop/python-class-pollution/codeql-query/class-pollution-all/query/ExternalClassPollutionQueryNewSetItemGetAttr.ql.
WARNING: unused variable 'setOpSecondObj' (/home/jackfromeast/Desktop/python-class-pollution/codeql-query/class-pollution-all/vuln/ClassPollutingAssignLib.qll:543,239-253)
WARNING: unused variable 'setOpSecondObj' (/home/jackfromeast/Desktop/python-class-pollution/codeql-query/class-pollution-all/vuln/ClassPollutingAssignLib.qll:562,245-259)
[3/6] Found in cache: /home/jackfromeast/Desktop/python-class-pollution/codeql-query/class-pollution-all/query/ExternalClassPollutionQueryNewSetItemGetAttr.ql.
Compiling query plan for /home/jackfromeast/Desktop/python-class-pollution/codeql-query/class-pollution-all/query/ExternalClassPollutionQueryNewSetBothGetBoth.ql.
WARNING: unused variable 'setOpSecondObj' (/home/jackfromeast/Desktop/python-class-pollution/codeql-query/class-pollution-all/vuln/ClassPollutingAssignLib.qll:543,239-253)
WARNING: unused variable 'setOpSecondObj' (/home/jackfromeast/Desktop/python-class-pollution/codeql-query/class-pollution-all/vuln/ClassPollutingAssignLib.qll:562,245-259)
[4/6] Found in cache: /home/jackfromeast/Desktop/python-class-pollution/codeql-query/class-pollution-all/query/ExternalClassPollutionQueryNewSetBothGetBoth.ql.
Compiling query plan for /home/jackfromeast/Desktop/python-class-pollution/codeql-query/class-pollution-all/query/ExternalClassPollutionQueryNewSetItemGetBoth.ql.
WARNING: unused variable 'setOpSecondObj' (/home/jackfromeast/Desktop/python-class-pollution/codeql-query/class-pollution-all/vuln/ClassPollutingAssignLib.qll:543,239-253)
WARNING: unused variable 'setOpSecondObj' (/home/jackfromeast/Desktop/python-class-pollution/codeql-query/class-pollution-all/vuln/ClassPollutingAssignLib.qll:562,245-259)
[5/6] Found in cache: /home/jackfromeast/Desktop/python-class-pollution/codeql-query/class-pollution-all/query/ExternalClassPollutionQueryNewSetItemGetBoth.ql.
Compiling query plan for /home/jackfromeast/Desktop/python-class-pollution/codeql-query/class-pollution-all/query/ExternalClassPollutionQueryNewSetAttrGetBoth.ql.
WARNING: unused variable 'setOpSecondObj' (/home/jackfromeast/Desktop/python-class-pollution/codeql-query/class-pollution-all/vuln/ClassPollutingAssignLib.qll:543,239-253)
WARNING: unused variable 'setOpSecondObj' (/home/jackfromeast/Desktop/python-class-pollution/codeql-query/class-pollution-all/vuln/ClassPollutingAssignLib.qll:562,245-259)
[6/6] Found in cache: /home/jackfromeast/Desktop/python-class-pollution/codeql-query/class-pollution-all/query/ExternalClassPollutionQueryNewSetAttrGetBoth.ql.
Starting evaluation of jackfromeast/class-pollution-all/query/ExternalClassPollutionQueryNewSetAttrGetAttr.ql.
A fatal error occurred: Cannot create dirty marker for cached strings
(eventual cause: NoSuchFileException "/home/jackfromeast/Desktop/python-class-pollution/tasks/class-pollution-positive...")
 (logger.py:42)
2025-04-28 01:16:26,507 - CodeQLRunner - ERROR - Failed to run query: /home/jackfromeast/Desktop/python-class-pollution/codeql-query/class-pollution-all/class-pollution-external.qls (logger.py:42)
2025-04-28 01:20:43,932 - CodeQLRunner - ERROR - Building CodeQL database timed out: hard-prompts-made-easy (logger.py:42)
2025-04-28 01:21:59,507 - CodeQLRunner - ERROR - Query timed out for blrec: /home/jackfromeast/Desktop/python-class-pollution/codeql-query/class-pollution-all/class-pollution-external.qls (logger.py:42)
2025-04-28 01:21:59,764 - CodeQLRunner - ERROR - Failed to run query: /home/jackfromeast/Desktop/python-class-pollution/codeql-query/class-pollution-all/class-pollution-external.qls (logger.py:42)
2025-04-28 01:29:07,726 - CodeQLRunner - ERROR - Failed to execute query /home/jackfromeast/Desktop/python-class-pollution/codeql-query/class-pollution-all/class-pollution-external.qls: UnknownError: Running queries.
Compiling query plan for /home/jackfromeast/Desktop/python-class-pollution/codeql-query/class-pollution-all/query/ExternalClassPollutionQueryNewSetBothGetAttr.ql.
WARNING: unused variable 'setOpSecondObj' (/home/jackfromeast/Desktop/python-class-pollution/codeql-query/class-pollution-all/vuln/ClassPollutingAssignLib.qll:543,239-253)
WARNING: unused variable 'setOpSecondObj' (/home/jackfromeast/Desktop/python-class-pollution/codeql-query/class-pollution-all/vuln/ClassPollutingAssignLib.qll:562,245-259)
[1/6] Found in cache: /home/jackfromeast/Desktop/python-class-pollution/codeql-query/class-pollution-all/query/ExternalClassPollutionQueryNewSetBothGetAttr.ql.
Compiling query plan for /home/jackfromeast/Desktop/python-class-pollution/codeql-query/class-pollution-all/query/ExternalClassPollutionQueryNewSetAttrGetAttr.ql.
WARNING: unused variable 'setOpSecondObj' (/home/jackfromeast/Desktop/python-class-pollution/codeql-query/class-pollution-all/vuln/ClassPollutingAssignLib.qll:543,239-253)
WARNING: unused variable 'setOpSecondObj' (/home/jackfromeast/Desktop/python-class-pollution/codeql-query/class-pollution-all/vuln/ClassPollutingAssignLib.qll:562,245-259)
[2/6] Found in cache: /home/jackfromeast/Desktop/python-class-pollution/codeql-query/class-pollution-all/query/ExternalClassPollutionQueryNewSetAttrGetAttr.ql.
Compiling query plan for /home/jackfromeast/Desktop/python-class-pollution/codeql-query/class-pollution-all/query/ExternalClassPollutionQueryNewSetItemGetAttr.ql.
WARNING: unused variable 'setOpSecondObj' (/home/jackfromeast/Desktop/python-class-pollution/codeql-query/class-pollution-all/vuln/ClassPollutingAssignLib.qll:543,239-253)
WARNING: unused variable 'setOpSecondObj' (/home/jackfromeast/Desktop/python-class-pollution/codeql-query/class-pollution-all/vuln/ClassPollutingAssignLib.qll:562,245-259)
[3/6] Found in cache: /home/jackfromeast/Desktop/python-class-pollution/codeql-query/class-pollution-all/query/ExternalClassPollutionQueryNewSetItemGetAttr.ql.
Compiling query plan for /home/jackfromeast/Desktop/python-class-pollution/codeql-query/class-pollution-all/query/ExternalClassPollutionQueryNewSetBothGetBoth.ql.
WARNING: unused variable 'setOpSecondObj' (/home/jackfromeast/Desktop/python-class-pollution/codeql-query/class-pollution-all/vuln/ClassPollutingAssignLib.qll:543,239-253)
WARNING: unused variable 'setOpSecondObj' (/home/jackfromeast/Desktop/python-class-pollution/codeql-query/class-pollution-all/vuln/ClassPollutingAssignLib.qll:562,245-259)
[4/6] Found in cache: /home/jackfromeast/Desktop/python-class-pollution/codeql-query/class-pollution-all/query/ExternalClassPollutionQueryNewSetBothGetBoth.ql.
Compiling query plan for /home/jackfromeast/Desktop/python-class-pollution/codeql-query/class-pollution-all/query/ExternalClassPollutionQueryNewSetItemGetBoth.ql.
WARNING: unused variable 'setOpSecondObj' (/home/jackfromeast/Desktop/python-class-pollution/codeql-query/class-pollution-all/vuln/ClassPollutingAssignLib.qll:543,239-253)
WARNING: unused variable 'setOpSecondObj' (/home/jackfromeast/Desktop/python-class-pollution/codeql-query/class-pollution-all/vuln/ClassPollutingAssignLib.qll:562,245-259)
[5/6] Found in cache: /home/jackfromeast/Desktop/python-class-pollution/codeql-query/class-pollution-all/query/ExternalClassPollutionQueryNewSetItemGetBoth.ql.
Compiling query plan for /home/jackfromeast/Desktop/python-class-pollution/codeql-query/class-pollution-all/query/ExternalClassPollutionQueryNewSetAttrGetBoth.ql.
WARNING: unused variable 'setOpSecondObj' (/home/jackfromeast/Desktop/python-class-pollution/codeql-query/class-pollution-all/vuln/ClassPollutingAssignLib.qll:543,239-253)
WARNING: unused variable 'setOpSecondObj' (/home/jackfromeast/Desktop/python-class-pollution/codeql-query/class-pollution-all/vuln/ClassPollutingAssignLib.qll:562,245-259)
[6/6] Found in cache: /home/jackfromeast/Desktop/python-class-pollution/codeql-query/class-pollution-all/query/ExternalClassPollutionQueryNewSetAttrGetBoth.ql.
Starting evaluation of jackfromeast/class-pollution-all/query/ExternalClassPollutionQueryNewSetAttrGetAttr.ql.
Oops! A fatal internal error occurred. Details:
com.semmle.util.exception.CatastrophicError: An error occurred while evaluating num#DataFlowImpl::Impl<AdditionalFlowStep::TrackingNestedGettingOpFlow::C>::S6Graph::TPathNodeMid#2ded02b3/7@604a45g8
Cannot create dirty marker for cached strings
The RA to evaluate was:

    {7} r1 = INVOKE HIGHER-ORDER RELATION construct<DataFlowImpl#248dabc3::MakeImpl-Files#a547fcb4::Location-DataFlowImplSpecific#9c24d182::PythonDataFlow-::Impl-DataFlow#-51c721f5,0> ON <`DataFlowImpl::Impl<AdditionalFlowStep::TrackingNestedGettingOpFlow::C>::S6Graph::TPathNodeMid#dom#a653aa9f`>
    return r1

(eventual cause: NoSuchFileException "/home/jackfromeast/Desktop/python-class-pollution/tasks/class-pollution-positive...")
	at com.semmle.inmemory.pipeline.MetaPipelineInstance.wrapWithRaDump(MetaPipelineInstance.java:204)
	at com.semmle.inmemory.pipeline.MetaPipelineInstance.exceptionCaught(MetaPipelineInstance.java:174)
	at com.semmle.inmemory.scheduler.execution.ThreadableWork.handleAndLog(ThreadableWork.java:593)
	at com.semmle.inmemory.scheduler.execution.ThreadableWork.doSomeWork(ThreadableWork.java:410)
	at com.semmle.inmemory.scheduler.IntensionalLayer$IntensionalWork.evaluate(IntensionalLayer.java:124)
	at com.semmle.inmemory.scheduler.SimpleLayerTask$SimpleLayerWork.doWork(SimpleLayerTask.java:69)
	at com.semmle.inmemory.scheduler.execution.ThreadableWork.doSomeWork(ThreadableWork.java:396)
	at com.semmle.inmemory.scheduler.execution.ExecutionScheduler.runnerMain(ExecutionScheduler.java:707)
	at java.base/java.util.concurrent.ThreadPoolExecutor.runWorker(Unknown Source)
	at java.base/java.util.concurrent.ThreadPoolExecutor$Worker.run(Unknown Source)
	at java.base/java.lang.Thread.run(Unknown Source)
Caused by: Cannot create dirty marker for cached strings
(eventual cause: NoSuchFileException "/home/jackfromeast/Desktop/python-class-pollution/tasks/class-pollution-positive...")
	at com.semmle.inmemory.stringpool.StringPool.promoteStringToCached(StringPool.java:479)
	at com.semmle.inmemory.stringpool.StringPool.promoteToCached(StringPool.java:449)
	at com.semmle.inmemory.caching.TuplePool$ComplexNumberer.lambda$freshNumberRelation$1(TuplePool.java:496)
	at com.semmle.inmemory.relations.BaseIntArrayRelation.map(BaseIntArrayRelation.java:88)
	at com.semmle.inmemory.caching.PagedRelation.map(PagedRelation.java:158)
	at com.semmle.inmemory.relations.AbstractRelation.deduplicateMap(AbstractRelation.java:138)
	at com.semmle.inmemory.caching.TuplePool$ComplexNumberer.lambda$freshNumberRelation$2(TuplePool.java:480)
	at com.semmle.inmemory.relations.writers.RelationWriter.withSink(RelationWriter.java:72)
	at com.semmle.inmemory.caching.TuplePool$ComplexNumberer.freshNumberRelation(TuplePool.java:478)
	at com.semmle.inmemory.caching.TuplePool$ComplexNumberer.doNumbering(TuplePool.java:436)
	at com.semmle.inmemory.caching.TuplePool.lambda$doNumbering$1(TuplePool.java:245)
	at com.semmle.util.concurrent.LockUtils.runThenUnlock(LockUtils.java:8)
	at com.semmle.inmemory.caching.TuplePool$ComplexNumberer.doWithBranchLock(TuplePool.java:561)
	at com.semmle.inmemory.caching.TuplePool.doNumbering(TuplePool.java:233)
	at com.semmle.inmemory.ast.IMBConstructDatatype.doNumberingStreaming(IMBConstructDatatype.java:165)
	at com.semmle.inmemory.ast.IMBConstructDatatype$1.evaluateSink(IMBConstructDatatype.java:142)
	at com.semmle.inmemory.pipeline.HOPStep.generateTuples(HOPStep.java:57)
	at com.semmle.inmemory.pipeline.SimpleHeadStep.lambda$forwardInitialize$0(SimpleHeadStep.java:32)
	at com.semmle.inmemory.pipeline.HeadEndDispatcher.headEndWork(HeadEndDispatcher.java:75)
	at com.semmle.inmemory.pipeline.PipelineState.doSomeWork(PipelineState.java:88)
	at com.semmle.inmemory.pipeline.PipelineInstance.doWork(PipelineInstance.java:78)
	at com.semmle.inmemory.scheduler.execution.ThreadableWork.doSomeWork(ThreadableWork.java:396)
	at com.semmle.inmemory.scheduler.execution.ChainingWork.doWork(ChainingWork.java:30)
	at com.semmle.inmemory.scheduler.execution.ThreadableWork.doSomeWork(ThreadableWork.java:396)
	... 7 more
Caused by: java.nio.file.NoSuchFileException: /home/jackfromeast/Desktop/python-class-pollution/tasks/class-pollution-positive-remote/output/peach/codeql-db/db-python/default/cache/cached-strings/pools/dirty
	at java.base/sun.nio.fs.UnixException.translateToIOException(Unknown Source)
	at java.base/sun.nio.fs.UnixException.rethrowAsIOException(Unknown Source)
	at java.base/sun.nio.fs.UnixException.rethrowAsIOException(Unknown Source)
	at java.base/sun.nio.fs.UnixFileSystemProvider.newByteChannel(Unknown Source)
	at java.base/java.nio.file.Files.newByteChannel(Unknown Source)
	at java.base/java.nio.file.Files.createFile(Unknown Source)
	at com.semmle.inmemory.stringpool.StringPool.promoteStringToCached(StringPool.java:476)
	... 30 more

 (logger.py:42)
2025-04-28 01:29:07,726 - CodeQLRunner - ERROR - Failed to run query: /home/jackfromeast/Desktop/python-class-pollution/codeql-query/class-pollution-all/class-pollution-external.qls (logger.py:42)
2025-04-28 01:29:07,779 - CodeQLRunner - ERROR - Failed during cleanup: [Errno 39] Directory not empty: '/home/jackfromeast/Desktop/python-class-pollution/tasks/class-pollution-positive-remote/output/peach' (logger.py:42)
2025-04-28 01:29:21,562 - CodeQLRunner - ERROR - Building CodeQL database timed out: pogom (logger.py:42)
2025-04-28 01:29:25,874 - CodeQLRunner - ERROR - Failed to build CodeQL database for peach: UnknownError: Initializing database at /home/jackfromeast/Desktop/python-class-pollution/tasks/class-pollution-positive-remote/output/peach/codeql-db.
Running build command: []
Running command in /home/jackfromeast/Desktop/python-class-pollution/tasks/class-pollution-positive-remote/output/peach/codebase: [/home/jackfromeast/Downloads/codeql/python/tools/autobuild.sh]
Finalizing database at /home/jackfromeast/Desktop/python-class-pollution/tasks/class-pollution-positive-remote/output/peach/codeql-db.
Running pre-finalize script /home/jackfromeast/Downloads/codeql/python/tools/pre-finalize.sh in /home/jackfromeast/Desktop/python-class-pollution/tasks/class-pollution-positive-remote/output/peach/codebase.
Running command in /home/jackfromeast/Desktop/python-class-pollution/tasks/class-pollution-positive-remote/output/peach/codebase: [/home/jackfromeast/Downloads/codeql/python/tools/pre-finalize.sh]
Running TRAP import for CodeQL database at /home/jackfromeast/Desktop/python-class-pollution/tasks/class-pollution-positive-remote/output/peach/codeql-db...
A fatal error occurred: Dataset /home/jackfromeast/Desktop/python-class-pollution/tasks/class-pollution-positive-remote/output/peach/codeql-db/db-python has been finalized and does not support further TRAP import.
A fatal error occurred: Dataset import for /home/jackfromeast/Desktop/python-class-pollution/tasks/class-pollution-positive-remote/output/peach/codeql-db/db-python failed with code 2.
 (logger.py:42)
2025-04-28 01:29:26,282 - CodeQLRunner - ERROR - Failed to execute query /home/jackfromeast/Desktop/python-class-pollution/codeql-query/class-pollution-all/class-pollution-external.qls: UnknownError: Running queries.
Compiling query plan for /home/jackfromeast/Desktop/python-class-pollution/codeql-query/class-pollution-all/query/ExternalClassPollutionQueryNewSetBothGetAttr.ql.
WARNING: unused variable 'setOpSecondObj' (/home/jackfromeast/Desktop/python-class-pollution/codeql-query/class-pollution-all/vuln/ClassPollutingAssignLib.qll:543,239-253)
WARNING: unused variable 'setOpSecondObj' (/home/jackfromeast/Desktop/python-class-pollution/codeql-query/class-pollution-all/vuln/ClassPollutingAssignLib.qll:562,245-259)
[1/6] Found in cache: /home/jackfromeast/Desktop/python-class-pollution/codeql-query/class-pollution-all/query/ExternalClassPollutionQueryNewSetBothGetAttr.ql.
Compiling query plan for /home/jackfromeast/Desktop/python-class-pollution/codeql-query/class-pollution-all/query/ExternalClassPollutionQueryNewSetAttrGetAttr.ql.
WARNING: unused variable 'setOpSecondObj' (/home/jackfromeast/Desktop/python-class-pollution/codeql-query/class-pollution-all/vuln/ClassPollutingAssignLib.qll:543,239-253)
WARNING: unused variable 'setOpSecondObj' (/home/jackfromeast/Desktop/python-class-pollution/codeql-query/class-pollution-all/vuln/ClassPollutingAssignLib.qll:562,245-259)
[2/6] Found in cache: /home/jackfromeast/Desktop/python-class-pollution/codeql-query/class-pollution-all/query/ExternalClassPollutionQueryNewSetAttrGetAttr.ql.
Compiling query plan for /home/jackfromeast/Desktop/python-class-pollution/codeql-query/class-pollution-all/query/ExternalClassPollutionQueryNewSetItemGetAttr.ql.
WARNING: unused variable 'setOpSecondObj' (/home/jackfromeast/Desktop/python-class-pollution/codeql-query/class-pollution-all/vuln/ClassPollutingAssignLib.qll:543,239-253)
WARNING: unused variable 'setOpSecondObj' (/home/jackfromeast/Desktop/python-class-pollution/codeql-query/class-pollution-all/vuln/ClassPollutingAssignLib.qll:562,245-259)
[3/6] Found in cache: /home/jackfromeast/Desktop/python-class-pollution/codeql-query/class-pollution-all/query/ExternalClassPollutionQueryNewSetItemGetAttr.ql.
Compiling query plan for /home/jackfromeast/Desktop/python-class-pollution/codeql-query/class-pollution-all/query/ExternalClassPollutionQueryNewSetBothGetBoth.ql.
WARNING: unused variable 'setOpSecondObj' (/home/jackfromeast/Desktop/python-class-pollution/codeql-query/class-pollution-all/vuln/ClassPollutingAssignLib.qll:543,239-253)
WARNING: unused variable 'setOpSecondObj' (/home/jackfromeast/Desktop/python-class-pollution/codeql-query/class-pollution-all/vuln/ClassPollutingAssignLib.qll:562,245-259)
[4/6] Found in cache: /home/jackfromeast/Desktop/python-class-pollution/codeql-query/class-pollution-all/query/ExternalClassPollutionQueryNewSetBothGetBoth.ql.
Compiling query plan for /home/jackfromeast/Desktop/python-class-pollution/codeql-query/class-pollution-all/query/ExternalClassPollutionQueryNewSetItemGetBoth.ql.
WARNING: unused variable 'setOpSecondObj' (/home/jackfromeast/Desktop/python-class-pollution/codeql-query/class-pollution-all/vuln/ClassPollutingAssignLib.qll:543,239-253)
WARNING: unused variable 'setOpSecondObj' (/home/jackfromeast/Desktop/python-class-pollution/codeql-query/class-pollution-all/vuln/ClassPollutingAssignLib.qll:562,245-259)
[5/6] Found in cache: /home/jackfromeast/Desktop/python-class-pollution/codeql-query/class-pollution-all/query/ExternalClassPollutionQueryNewSetItemGetBoth.ql.
Compiling query plan for /home/jackfromeast/Desktop/python-class-pollution/codeql-query/class-pollution-all/query/ExternalClassPollutionQueryNewSetAttrGetBoth.ql.
WARNING: unused variable 'setOpSecondObj' (/home/jackfromeast/Desktop/python-class-pollution/codeql-query/class-pollution-all/vuln/ClassPollutingAssignLib.qll:543,239-253)
WARNING: unused variable 'setOpSecondObj' (/home/jackfromeast/Desktop/python-class-pollution/codeql-query/class-pollution-all/vuln/ClassPollutingAssignLib.qll:562,245-259)
[6/6] Found in cache: /home/jackfromeast/Desktop/python-class-pollution/codeql-query/class-pollution-all/query/ExternalClassPollutionQueryNewSetAttrGetBoth.ql.
Starting evaluation of jackfromeast/class-pollution-all/query/ExternalClassPollutionQueryNewSetAttrGetAttr.ql.
A fatal error occurred: Cannot create dirty marker for cached strings
(eventual cause: NoSuchFileException "/home/jackfromeast/Desktop/python-class-pollution/tasks/class-pollution-positive...")
 (logger.py:42)
2025-04-28 01:29:26,282 - CodeQLRunner - ERROR - Failed to run query: /home/jackfromeast/Desktop/python-class-pollution/codeql-query/class-pollution-all/class-pollution-external.qls (logger.py:42)
2025-04-28 01:30:15,812 - CodeQLRunner - ERROR - Failed to execute query /home/jackfromeast/Desktop/python-class-pollution/codeql-query/class-pollution-all/class-pollution-external.qls: UnknownError: Running queries.
Compiling query plan for /home/jackfromeast/Desktop/python-class-pollution/codeql-query/class-pollution-all/query/ExternalClassPollutionQueryNewSetBothGetAttr.ql.
WARNING: unused variable 'setOpSecondObj' (/home/jackfromeast/Desktop/python-class-pollution/codeql-query/class-pollution-all/vuln/ClassPollutingAssignLib.qll:543,239-253)
WARNING: unused variable 'setOpSecondObj' (/home/jackfromeast/Desktop/python-class-pollution/codeql-query/class-pollution-all/vuln/ClassPollutingAssignLib.qll:562,245-259)
A fatal error occurred: Could not read dbscheme at /home/jackfromeast/Desktop/python-class-pollution/tasks/class-pollution-positive-remote/output/pymtl3/codeql-db/db-python/semmlecode.python.dbscheme: java.nio.file.NoSuchFileException: /home/jackfromeast/Desktop/python-class-pollution/tasks/class-pollution-positive-remote/output/pymtl3/codeql-db/db-python/semmlecode.python.dbscheme
 (logger.py:42)
2025-04-28 01:30:15,812 - CodeQLRunner - ERROR - Failed to run query: /home/jackfromeast/Desktop/python-class-pollution/codeql-query/class-pollution-all/class-pollution-external.qls (logger.py:42)
2025-04-28 01:30:15,884 - CodeQLRunner - ERROR - Failed during cleanup: [Errno 39] Directory not empty: '2' (logger.py:42)
2025-04-28 01:31:17,076 - CodeQLRunner - ERROR - Failed to execute query /home/jackfromeast/Desktop/python-class-pollution/codeql-query/class-pollution-all/class-pollution-external.qls: UnknownError: Running queries.
Compiling query plan for /home/jackfromeast/Desktop/python-class-pollution/codeql-query/class-pollution-all/query/ExternalClassPollutionQueryNewSetBothGetAttr.ql.
WARNING: unused variable 'setOpSecondObj' (/home/jackfromeast/Desktop/python-class-pollution/codeql-query/class-pollution-all/vuln/ClassPollutingAssignLib.qll:543,239-253)
WARNING: unused variable 'setOpSecondObj' (/home/jackfromeast/Desktop/python-class-pollution/codeql-query/class-pollution-all/vuln/ClassPollutingAssignLib.qll:562,245-259)
[1/6] Found in cache: /home/jackfromeast/Desktop/python-class-pollution/codeql-query/class-pollution-all/query/ExternalClassPollutionQueryNewSetBothGetAttr.ql.
Compiling query plan for /home/jackfromeast/Desktop/python-class-pollution/codeql-query/class-pollution-all/query/ExternalClassPollutionQueryNewSetAttrGetAttr.ql.
WARNING: unused variable 'setOpSecondObj' (/home/jackfromeast/Desktop/python-class-pollution/codeql-query/class-pollution-all/vuln/ClassPollutingAssignLib.qll:543,239-253)
WARNING: unused variable 'setOpSecondObj' (/home/jackfromeast/Desktop/python-class-pollution/codeql-query/class-pollution-all/vuln/ClassPollutingAssignLib.qll:562,245-259)
[2/6] Found in cache: /home/jackfromeast/Desktop/python-class-pollution/codeql-query/class-pollution-all/query/ExternalClassPollutionQueryNewSetAttrGetAttr.ql.
Compiling query plan for /home/jackfromeast/Desktop/python-class-pollution/codeql-query/class-pollution-all/query/ExternalClassPollutionQueryNewSetItemGetAttr.ql.
WARNING: unused variable 'setOpSecondObj' (/home/jackfromeast/Desktop/python-class-pollution/codeql-query/class-pollution-all/vuln/ClassPollutingAssignLib.qll:543,239-253)
WARNING: unused variable 'setOpSecondObj' (/home/jackfromeast/Desktop/python-class-pollution/codeql-query/class-pollution-all/vuln/ClassPollutingAssignLib.qll:562,245-259)
[3/6] Found in cache: /home/jackfromeast/Desktop/python-class-pollution/codeql-query/class-pollution-all/query/ExternalClassPollutionQueryNewSetItemGetAttr.ql.
Compiling query plan for /home/jackfromeast/Desktop/python-class-pollution/codeql-query/class-pollution-all/query/ExternalClassPollutionQueryNewSetBothGetBoth.ql.
WARNING: unused variable 'setOpSecondObj' (/home/jackfromeast/Desktop/python-class-pollution/codeql-query/class-pollution-all/vuln/ClassPollutingAssignLib.qll:543,239-253)
WARNING: unused variable 'setOpSecondObj' (/home/jackfromeast/Desktop/python-class-pollution/codeql-query/class-pollution-all/vuln/ClassPollutingAssignLib.qll:562,245-259)
[4/6] Found in cache: /home/jackfromeast/Desktop/python-class-pollution/codeql-query/class-pollution-all/query/ExternalClassPollutionQueryNewSetBothGetBoth.ql.
Compiling query plan for /home/jackfromeast/Desktop/python-class-pollution/codeql-query/class-pollution-all/query/ExternalClassPollutionQueryNewSetItemGetBoth.ql.
WARNING: unused variable 'setOpSecondObj' (/home/jackfromeast/Desktop/python-class-pollution/codeql-query/class-pollution-all/vuln/ClassPollutingAssignLib.qll:543,239-253)
WARNING: unused variable 'setOpSecondObj' (/home/jackfromeast/Desktop/python-class-pollution/codeql-query/class-pollution-all/vuln/ClassPollutingAssignLib.qll:562,245-259)
[5/6] Found in cache: /home/jackfromeast/Desktop/python-class-pollution/codeql-query/class-pollution-all/query/ExternalClassPollutionQueryNewSetItemGetBoth.ql.
Compiling query plan for /home/jackfromeast/Desktop/python-class-pollution/codeql-query/class-pollution-all/query/ExternalClassPollutionQueryNewSetAttrGetBoth.ql.
WARNING: unused variable 'setOpSecondObj' (/home/jackfromeast/Desktop/python-class-pollution/codeql-query/class-pollution-all/vuln/ClassPollutingAssignLib.qll:543,239-253)
WARNING: unused variable 'setOpSecondObj' (/home/jackfromeast/Desktop/python-class-pollution/codeql-query/class-pollution-all/vuln/ClassPollutingAssignLib.qll:562,245-259)
[6/6] Found in cache: /home/jackfromeast/Desktop/python-class-pollution/codeql-query/class-pollution-all/query/ExternalClassPollutionQueryNewSetAttrGetBoth.ql.
Starting evaluation of jackfromeast/class-pollution-all/query/ExternalClassPollutionQueryNewSetAttrGetAttr.ql.
Starting evaluation of jackfromeast/class-pollution-all/query/ExternalClassPollutionQueryNewSetAttrGetBoth.ql.
[1/6 eval 47.3s] Evaluation done; writing results to jackfromeast/class-pollution-all/query/ExternalClassPollutionQueryNewSetAttrGetAttr.bqrs.
Starting evaluation of jackfromeast/class-pollution-all/query/ExternalClassPollutionQueryNewSetBothGetAttr.ql.
Starting evaluation of jackfromeast/class-pollution-all/query/ExternalClassPollutionQueryNewSetBothGetBoth.ql.
[2/6 eval 28ms] Evaluation done; writing results to jackfromeast/class-pollution-all/query/ExternalClassPollutionQueryNewSetAttrGetBoth.bqrs.
[3/6 eval 2ms] Evaluation done; writing results to jackfromeast/class-pollution-all/query/ExternalClassPollutionQueryNewSetBothGetAttr.bqrs.
Starting evaluation of jackfromeast/class-pollution-all/query/ExternalClassPollutionQueryNewSetItemGetAttr.ql.
[4/6 eval 42ms] Evaluation done; writing results to jackfromeast/class-pollution-all/query/ExternalClassPollutionQueryNewSetBothGetBoth.bqrs.
Starting evaluation of jackfromeast/class-pollution-all/query/ExternalClassPollutionQueryNewSetItemGetBoth.ql.
[5/6 eval 5ms] Evaluation done; writing results to jackfromeast/class-pollution-all/query/ExternalClassPollutionQueryNewSetItemGetAttr.bqrs.
[6/6 eval 217ms] Evaluation done; writing results to jackfromeast/class-pollution-all/query/ExternalClassPollutionQueryNewSetItemGetBoth.bqrs.
Shutting down query evaluator.
Interpreting results.
Interpreting /home/jackfromeast/Desktop/python-class-pollution/codeql-query/class-pollution-all/query/ExternalClassPollutionQueryNewSetBothGetAttr.ql...
Interpreting /home/jackfromeast/Desktop/python-class-pollution/codeql-query/class-pollution-all/query/ExternalClassPollutionQueryNewSetAttrGetAttr.ql...
Interpreting /home/jackfromeast/Desktop/python-class-pollution/codeql-query/class-pollution-all/query/ExternalClassPollutionQueryNewSetItemGetAttr.ql...
Interpreting /home/jackfromeast/Desktop/python-class-pollution/codeql-query/class-pollution-all/query/ExternalClassPollutionQueryNewSetBothGetBoth.ql...
Interpreting /home/jackfromeast/Desktop/python-class-pollution/codeql-query/class-pollution-all/query/ExternalClassPollutionQueryNewSetItemGetBoth.ql...
Interpreting /home/jackfromeast/Desktop/python-class-pollution/codeql-query/class-pollution-all/query/ExternalClassPollutionQueryNewSetAttrGetBoth.ql...
Exporting results to SARIF...
A fatal error occurred: Could not write SARIF file
(eventual cause: NoSuchFileException "/home/jackfromeast/Desktop/python-class-pollution/tasks/class-pollution-positive...")
 (logger.py:42)
2025-04-28 01:31:17,076 - CodeQLRunner - ERROR - Failed to run query: /home/jackfromeast/Desktop/python-class-pollution/codeql-query/class-pollution-all/class-pollution-external.qls (logger.py:42)
2025-04-28 01:33:27,529 - CodeQLRunner - ERROR - Building CodeQL database timed out: attn2d (logger.py:42)
2025-04-28 01:40:14,649 - CodeQLRunner - ERROR - Building CodeQL database timed out: Multi-Modality-Arena (logger.py:42)
2025-04-28 01:43:05,752 - CodeQLRunner - ERROR - Building CodeQL database timed out: Sollumz (logger.py:42)
2025-04-28 01:43:26,726 - CodeQLRunner - ERROR - Failed to execute query /home/jackfromeast/Desktop/python-class-pollution/codeql-query/class-pollution-all/class-pollution-external.qls: UnknownError: Running queries.
Compiling query plan for /home/jackfromeast/Desktop/python-class-pollution/codeql-query/class-pollution-all/query/ExternalClassPollutionQueryNewSetBothGetAttr.ql.
WARNING: unused variable 'setOpSecondObj' (/home/jackfromeast/Desktop/python-class-pollution/codeql-query/class-pollution-all/vuln/ClassPollutingAssignLib.qll:543,239-253)
WARNING: unused variable 'setOpSecondObj' (/home/jackfromeast/Desktop/python-class-pollution/codeql-query/class-pollution-all/vuln/ClassPollutingAssignLib.qll:562,245-259)
A fatal error occurred: Could not read dbscheme at /home/jackfromeast/Desktop/python-class-pollution/tasks/class-pollution-positive-remote/output/pyvarinf/codeql-db/db-python/semmlecode.python.dbscheme: java.nio.file.NoSuchFileException: /home/jackfromeast/Desktop/python-class-pollution/tasks/class-pollution-positive-remote/output/pyvarinf/codeql-db/db-python/semmlecode.python.dbscheme
 (logger.py:42)
2025-04-28 01:43:26,726 - CodeQLRunner - ERROR - Failed to run query: /home/jackfromeast/Desktop/python-class-pollution/codeql-query/class-pollution-all/class-pollution-external.qls (logger.py:42)
2025-04-28 01:43:26,846 - CodeQLRunner - ERROR - Failed to build CodeQL database for pyvarinf: UnknownError: Initializing database at /home/jackfromeast/Desktop/python-class-pollution/tasks/class-pollution-positive-remote/output/pyvarinf/codeql-db.
Running build command: []
A fatal error occurred: Invalid working directory: /home/jackfromeast/Desktop/python-class-pollution/tasks/class-pollution-positive-remote/output/pyvarinf/codebase.
 (logger.py:42)
2025-04-28 01:50:14,034 - CodeQLRunner - ERROR - Failed to execute query /home/jackfromeast/Desktop/python-class-pollution/codeql-query/class-pollution-all/class-pollution-external.qls: UnknownError: Running queries.
Compiling query plan for /home/jackfromeast/Desktop/python-class-pollution/codeql-query/class-pollution-all/query/ExternalClassPollutionQueryNewSetBothGetAttr.ql.
WARNING: unused variable 'setOpSecondObj' (/home/jackfromeast/Desktop/python-class-pollution/codeql-query/class-pollution-all/vuln/ClassPollutingAssignLib.qll:543,239-253)
WARNING: unused variable 'setOpSecondObj' (/home/jackfromeast/Desktop/python-class-pollution/codeql-query/class-pollution-all/vuln/ClassPollutingAssignLib.qll:562,245-259)
[1/6] Found in cache: /home/jackfromeast/Desktop/python-class-pollution/codeql-query/class-pollution-all/query/ExternalClassPollutionQueryNewSetBothGetAttr.ql.
Compiling query plan for /home/jackfromeast/Desktop/python-class-pollution/codeql-query/class-pollution-all/query/ExternalClassPollutionQueryNewSetAttrGetAttr.ql.
WARNING: unused variable 'setOpSecondObj' (/home/jackfromeast/Desktop/python-class-pollution/codeql-query/class-pollution-all/vuln/ClassPollutingAssignLib.qll:543,239-253)
WARNING: unused variable 'setOpSecondObj' (/home/jackfromeast/Desktop/python-class-pollution/codeql-query/class-pollution-all/vuln/ClassPollutingAssignLib.qll:562,245-259)
[2/6] Found in cache: /home/jackfromeast/Desktop/python-class-pollution/codeql-query/class-pollution-all/query/ExternalClassPollutionQueryNewSetAttrGetAttr.ql.
Compiling query plan for /home/jackfromeast/Desktop/python-class-pollution/codeql-query/class-pollution-all/query/ExternalClassPollutionQueryNewSetItemGetAttr.ql.
WARNING: unused variable 'setOpSecondObj' (/home/jackfromeast/Desktop/python-class-pollution/codeql-query/class-pollution-all/vuln/ClassPollutingAssignLib.qll:543,239-253)
WARNING: unused variable 'setOpSecondObj' (/home/jackfromeast/Desktop/python-class-pollution/codeql-query/class-pollution-all/vuln/ClassPollutingAssignLib.qll:562,245-259)
[3/6] Found in cache: /home/jackfromeast/Desktop/python-class-pollution/codeql-query/class-pollution-all/query/ExternalClassPollutionQueryNewSetItemGetAttr.ql.
Compiling query plan for /home/jackfromeast/Desktop/python-class-pollution/codeql-query/class-pollution-all/query/ExternalClassPollutionQueryNewSetBothGetBoth.ql.
WARNING: unused variable 'setOpSecondObj' (/home/jackfromeast/Desktop/python-class-pollution/codeql-query/class-pollution-all/vuln/ClassPollutingAssignLib.qll:543,239-253)
WARNING: unused variable 'setOpSecondObj' (/home/jackfromeast/Desktop/python-class-pollution/codeql-query/class-pollution-all/vuln/ClassPollutingAssignLib.qll:562,245-259)
[4/6] Found in cache: /home/jackfromeast/Desktop/python-class-pollution/codeql-query/class-pollution-all/query/ExternalClassPollutionQueryNewSetBothGetBoth.ql.
Compiling query plan for /home/jackfromeast/Desktop/python-class-pollution/codeql-query/class-pollution-all/query/ExternalClassPollutionQueryNewSetItemGetBoth.ql.
WARNING: unused variable 'setOpSecondObj' (/home/jackfromeast/Desktop/python-class-pollution/codeql-query/class-pollution-all/vuln/ClassPollutingAssignLib.qll:543,239-253)
WARNING: unused variable 'setOpSecondObj' (/home/jackfromeast/Desktop/python-class-pollution/codeql-query/class-pollution-all/vuln/ClassPollutingAssignLib.qll:562,245-259)
[5/6] Found in cache: /home/jackfromeast/Desktop/python-class-pollution/codeql-query/class-pollution-all/query/ExternalClassPollutionQueryNewSetItemGetBoth.ql.
Compiling query plan for /home/jackfromeast/Desktop/python-class-pollution/codeql-query/class-pollution-all/query/ExternalClassPollutionQueryNewSetAttrGetBoth.ql.
WARNING: unused variable 'setOpSecondObj' (/home/jackfromeast/Desktop/python-class-pollution/codeql-query/class-pollution-all/vuln/ClassPollutingAssignLib.qll:543,239-253)
WARNING: unused variable 'setOpSecondObj' (/home/jackfromeast/Desktop/python-class-pollution/codeql-query/class-pollution-all/vuln/ClassPollutingAssignLib.qll:562,245-259)
[6/6] Found in cache: /home/jackfromeast/Desktop/python-class-pollution/codeql-query/class-pollution-all/query/ExternalClassPollutionQueryNewSetAttrGetBoth.ql.
A fatal error occurred: Error while writing '/home/jackfromeast/Desktop/python-class-pollution/tasks/class-pollution-positive-remote/output/cloudfoxable/codeql-db/results/run-info-20250428.055010.476.yml': 
(eventual cause: FileNotFoundException "/home/jackfromeast/Desktop/python-class-pollution/tasks/class-pollution-positive...")
 (logger.py:42)
2025-04-28 01:50:14,035 - CodeQLRunner - ERROR - Failed to run query: /home/jackfromeast/Desktop/python-class-pollution/codeql-query/class-pollution-all/class-pollution-external.qls (logger.py:42)
2025-04-28 01:50:14,161 - CodeQLRunner - ERROR - Failed during cleanup: [Errno 39] Directory not empty: '2' (logger.py:42)
2025-04-28 01:50:50,189 - CodeQLRunner - ERROR - Failed to execute query /home/jackfromeast/Desktop/python-class-pollution/codeql-query/class-pollution-all/class-pollution-external.qls: UnknownError: Running queries.
Compiling query plan for /home/jackfromeast/Desktop/python-class-pollution/codeql-query/class-pollution-all/query/ExternalClassPollutionQueryNewSetBothGetAttr.ql.
WARNING: unused variable 'setOpSecondObj' (/home/jackfromeast/Desktop/python-class-pollution/codeql-query/class-pollution-all/vuln/ClassPollutingAssignLib.qll:543,239-253)
WARNING: unused variable 'setOpSecondObj' (/home/jackfromeast/Desktop/python-class-pollution/codeql-query/class-pollution-all/vuln/ClassPollutingAssignLib.qll:562,245-259)
[1/6] Found in cache: /home/jackfromeast/Desktop/python-class-pollution/codeql-query/class-pollution-all/query/ExternalClassPollutionQueryNewSetBothGetAttr.ql.
Compiling query plan for /home/jackfromeast/Desktop/python-class-pollution/codeql-query/class-pollution-all/query/ExternalClassPollutionQueryNewSetAttrGetAttr.ql.
WARNING: unused variable 'setOpSecondObj' (/home/jackfromeast/Desktop/python-class-pollution/codeql-query/class-pollution-all/vuln/ClassPollutingAssignLib.qll:543,239-253)
WARNING: unused variable 'setOpSecondObj' (/home/jackfromeast/Desktop/python-class-pollution/codeql-query/class-pollution-all/vuln/ClassPollutingAssignLib.qll:562,245-259)
[2/6] Found in cache: /home/jackfromeast/Desktop/python-class-pollution/codeql-query/class-pollution-all/query/ExternalClassPollutionQueryNewSetAttrGetAttr.ql.
Compiling query plan for /home/jackfromeast/Desktop/python-class-pollution/codeql-query/class-pollution-all/query/ExternalClassPollutionQueryNewSetItemGetAttr.ql.
WARNING: unused variable 'setOpSecondObj' (/home/jackfromeast/Desktop/python-class-pollution/codeql-query/class-pollution-all/vuln/ClassPollutingAssignLib.qll:543,239-253)
WARNING: unused variable 'setOpSecondObj' (/home/jackfromeast/Desktop/python-class-pollution/codeql-query/class-pollution-all/vuln/ClassPollutingAssignLib.qll:562,245-259)
[3/6] Found in cache: /home/jackfromeast/Desktop/python-class-pollution/codeql-query/class-pollution-all/query/ExternalClassPollutionQueryNewSetItemGetAttr.ql.
Compiling query plan for /home/jackfromeast/Desktop/python-class-pollution/codeql-query/class-pollution-all/query/ExternalClassPollutionQueryNewSetBothGetBoth.ql.
WARNING: unused variable 'setOpSecondObj' (/home/jackfromeast/Desktop/python-class-pollution/codeql-query/class-pollution-all/vuln/ClassPollutingAssignLib.qll:543,239-253)
WARNING: unused variable 'setOpSecondObj' (/home/jackfromeast/Desktop/python-class-pollution/codeql-query/class-pollution-all/vuln/ClassPollutingAssignLib.qll:562,245-259)
[4/6] Found in cache: /home/jackfromeast/Desktop/python-class-pollution/codeql-query/class-pollution-all/query/ExternalClassPollutionQueryNewSetBothGetBoth.ql.
Compiling query plan for /home/jackfromeast/Desktop/python-class-pollution/codeql-query/class-pollution-all/query/ExternalClassPollutionQueryNewSetItemGetBoth.ql.
WARNING: unused variable 'setOpSecondObj' (/home/jackfromeast/Desktop/python-class-pollution/codeql-query/class-pollution-all/vuln/ClassPollutingAssignLib.qll:543,239-253)
WARNING: unused variable 'setOpSecondObj' (/home/jackfromeast/Desktop/python-class-pollution/codeql-query/class-pollution-all/vuln/ClassPollutingAssignLib.qll:562,245-259)
[5/6] Found in cache: /home/jackfromeast/Desktop/python-class-pollution/codeql-query/class-pollution-all/query/ExternalClassPollutionQueryNewSetItemGetBoth.ql.
Compiling query plan for /home/jackfromeast/Desktop/python-class-pollution/codeql-query/class-pollution-all/query/ExternalClassPollutionQueryNewSetAttrGetBoth.ql.
WARNING: unused variable 'setOpSecondObj' (/home/jackfromeast/Desktop/python-class-pollution/codeql-query/class-pollution-all/vuln/ClassPollutingAssignLib.qll:543,239-253)
WARNING: unused variable 'setOpSecondObj' (/home/jackfromeast/Desktop/python-class-pollution/codeql-query/class-pollution-all/vuln/ClassPollutingAssignLib.qll:562,245-259)
[6/6] Found in cache: /home/jackfromeast/Desktop/python-class-pollution/codeql-query/class-pollution-all/query/ExternalClassPollutionQueryNewSetAttrGetBoth.ql.
Starting evaluation of jackfromeast/class-pollution-all/query/ExternalClassPollutionQueryNewSetAttrGetAttr.ql.
Starting evaluation of jackfromeast/class-pollution-all/query/ExternalClassPollutionQueryNewSetAttrGetBoth.ql.
[1/6 eval 25.5s] Evaluation done; writing results to jackfromeast/class-pollution-all/query/ExternalClassPollutionQueryNewSetAttrGetAttr.bqrs.
Starting evaluation of jackfromeast/class-pollution-all/query/ExternalClassPollutionQueryNewSetBothGetAttr.ql.
[2/6 eval 59ms] Evaluation done; writing results to jackfromeast/class-pollution-all/query/ExternalClassPollutionQueryNewSetAttrGetBoth.bqrs.
Starting evaluation of jackfromeast/class-pollution-all/query/ExternalClassPollutionQueryNewSetBothGetBoth.ql.
[3/6 eval 3ms] Evaluation done; writing results to jackfromeast/class-pollution-all/query/ExternalClassPollutionQueryNewSetBothGetAttr.bqrs.
Starting evaluation of jackfromeast/class-pollution-all/query/ExternalClassPollutionQueryNewSetItemGetAttr.ql.
[4/6 eval 52ms] Evaluation done; writing results to jackfromeast/class-pollution-all/query/ExternalClassPollutionQueryNewSetBothGetBoth.bqrs.
Starting evaluation of jackfromeast/class-pollution-all/query/ExternalClassPollutionQueryNewSetItemGetBoth.ql.
[5/6 eval 1ms] Evaluation done; writing results to jackfromeast/class-pollution-all/query/ExternalClassPollutionQueryNewSetItemGetAttr.bqrs.
[6/6 eval 214ms] Evaluation done; writing results to jackfromeast/class-pollution-all/query/ExternalClassPollutionQueryNewSetItemGetBoth.bqrs.
Shutting down query evaluator.
Interpreting results.
Interpreting /home/jackfromeast/Desktop/python-class-pollution/codeql-query/class-pollution-all/query/ExternalClassPollutionQueryNewSetBothGetAttr.ql...
Interpreting /home/jackfromeast/Desktop/python-class-pollution/codeql-query/class-pollution-all/query/ExternalClassPollutionQueryNewSetAttrGetAttr.ql...
Interpreting /home/jackfromeast/Desktop/python-class-pollution/codeql-query/class-pollution-all/query/ExternalClassPollutionQueryNewSetItemGetAttr.ql...
Interpreting /home/jackfromeast/Desktop/python-class-pollution/codeql-query/class-pollution-all/query/ExternalClassPollutionQueryNewSetBothGetBoth.ql...
Interpreting /home/jackfromeast/Desktop/python-class-pollution/codeql-query/class-pollution-all/query/ExternalClassPollutionQueryNewSetItemGetBoth.ql...
Interpreting /home/jackfromeast/Desktop/python-class-pollution/codeql-query/class-pollution-all/query/ExternalClassPollutionQueryNewSetAttrGetBoth.ql...
Exporting results to SARIF...
A fatal error occurred: Could not write SARIF file
(eventual cause: NoSuchFileException "/home/jackfromeast/Desktop/python-class-pollution/tasks/class-pollution-positive...")
 (logger.py:42)
2025-04-28 01:50:50,189 - CodeQLRunner - ERROR - Failed to run query: /home/jackfromeast/Desktop/python-class-pollution/codeql-query/class-pollution-all/class-pollution-external.qls (logger.py:42)
2025-04-28 01:52:50,381 - CodeQLRunner - ERROR - Failed to build CodeQL database for RoboBEV: UnknownError: Initializing database at /home/jackfromeast/Desktop/python-class-pollution/tasks/class-pollution-positive-remote/output/RoboBEV/codeql-db.
Running build command: []
Running command in /home/jackfromeast/Desktop/python-class-pollution/tasks/class-pollution-positive-remote/output/RoboBEV/codebase: [/home/jackfromeast/Downloads/codeql/python/tools/autobuild.sh]
Finalizing database at /home/jackfromeast/Desktop/python-class-pollution/tasks/class-pollution-positive-remote/output/RoboBEV/codeql-db.
Running pre-finalize script /home/jackfromeast/Downloads/codeql/python/tools/pre-finalize.sh in /home/jackfromeast/Desktop/python-class-pollution/tasks/class-pollution-positive-remote/output/RoboBEV/codebase.
Running command in /home/jackfromeast/Desktop/python-class-pollution/tasks/class-pollution-positive-remote/output/RoboBEV/codebase: [/home/jackfromeast/Downloads/codeql/python/tools/pre-finalize.sh]
Running TRAP import for CodeQL database at /home/jackfromeast/Desktop/python-class-pollution/tasks/class-pollution-positive-remote/output/RoboBEV/codeql-db...
Importing TRAP files
Merging relations
A fatal error occurred: Failed to delete page dump folder: /home/jackfromeast/Desktop/python-class-pollution/tasks/class-pollution-positive-remote/output/RoboBEV/codeql-db/db-python/default/cache/cached-strings/pools/0/pageDump
(eventual cause: DirectoryNotEmptyException "/home/jackfromeast/Desktop/python-class-pollution/tasks/class-pollution-positive...")
A fatal error occurred: Dataset import for /home/jackfromeast/Desktop/python-class-pollution/tasks/class-pollution-positive-remote/output/RoboBEV/codeql-db/db-python failed with code 2.
 (logger.py:42)
2025-04-28 01:55:46,864 - CodeQLRunner - ERROR - Building CodeQL database timed out: peach (logger.py:42)
2025-04-28 01:56:57,263 - CodeQLRunner - ERROR - Building CodeQL database timed out: ChatGLM-LLaMA-chinese-insturct (logger.py:42)
2025-04-28 01:59:04,021 - CodeQLRunner - ERROR - Building CodeQL database timed out: Finetune_LLAMA (logger.py:42)
2025-04-28 01:59:17,563 - CodeQLRunner - ERROR - Failed to execute query /home/jackfromeast/Desktop/python-class-pollution/codeql-query/class-pollution-all/class-pollution-external.qls: UnknownError: Running queries.
Compiling query plan for /home/jackfromeast/Desktop/python-class-pollution/codeql-query/class-pollution-all/query/ExternalClassPollutionQueryNewSetBothGetAttr.ql.
WARNING: unused variable 'setOpSecondObj' (/home/jackfromeast/Desktop/python-class-pollution/codeql-query/class-pollution-all/vuln/ClassPollutingAssignLib.qll:543,239-253)
WARNING: unused variable 'setOpSecondObj' (/home/jackfromeast/Desktop/python-class-pollution/codeql-query/class-pollution-all/vuln/ClassPollutingAssignLib.qll:562,245-259)
[1/6] Found in cache: /home/jackfromeast/Desktop/python-class-pollution/codeql-query/class-pollution-all/query/ExternalClassPollutionQueryNewSetBothGetAttr.ql.
Compiling query plan for /home/jackfromeast/Desktop/python-class-pollution/codeql-query/class-pollution-all/query/ExternalClassPollutionQueryNewSetAttrGetAttr.ql.
WARNING: unused variable 'setOpSecondObj' (/home/jackfromeast/Desktop/python-class-pollution/codeql-query/class-pollution-all/vuln/ClassPollutingAssignLib.qll:543,239-253)
WARNING: unused variable 'setOpSecondObj' (/home/jackfromeast/Desktop/python-class-pollution/codeql-query/class-pollution-all/vuln/ClassPollutingAssignLib.qll:562,245-259)
[2/6] Found in cache: /home/jackfromeast/Desktop/python-class-pollution/codeql-query/class-pollution-all/query/ExternalClassPollutionQueryNewSetAttrGetAttr.ql.
Compiling query plan for /home/jackfromeast/Desktop/python-class-pollution/codeql-query/class-pollution-all/query/ExternalClassPollutionQueryNewSetItemGetAttr.ql.
WARNING: unused variable 'setOpSecondObj' (/home/jackfromeast/Desktop/python-class-pollution/codeql-query/class-pollution-all/vuln/ClassPollutingAssignLib.qll:543,239-253)
WARNING: unused variable 'setOpSecondObj' (/home/jackfromeast/Desktop/python-class-pollution/codeql-query/class-pollution-all/vuln/ClassPollutingAssignLib.qll:562,245-259)
[3/6] Found in cache: /home/jackfromeast/Desktop/python-class-pollution/codeql-query/class-pollution-all/query/ExternalClassPollutionQueryNewSetItemGetAttr.ql.
Compiling query plan for /home/jackfromeast/Desktop/python-class-pollution/codeql-query/class-pollution-all/query/ExternalClassPollutionQueryNewSetBothGetBoth.ql.
WARNING: unused variable 'setOpSecondObj' (/home/jackfromeast/Desktop/python-class-pollution/codeql-query/class-pollution-all/vuln/ClassPollutingAssignLib.qll:543,239-253)
WARNING: unused variable 'setOpSecondObj' (/home/jackfromeast/Desktop/python-class-pollution/codeql-query/class-pollution-all/vuln/ClassPollutingAssignLib.qll:562,245-259)
[4/6] Found in cache: /home/jackfromeast/Desktop/python-class-pollution/codeql-query/class-pollution-all/query/ExternalClassPollutionQueryNewSetBothGetBoth.ql.
Compiling query plan for /home/jackfromeast/Desktop/python-class-pollution/codeql-query/class-pollution-all/query/ExternalClassPollutionQueryNewSetItemGetBoth.ql.
WARNING: unused variable 'setOpSecondObj' (/home/jackfromeast/Desktop/python-class-pollution/codeql-query/class-pollution-all/vuln/ClassPollutingAssignLib.qll:543,239-253)
WARNING: unused variable 'setOpSecondObj' (/home/jackfromeast/Desktop/python-class-pollution/codeql-query/class-pollution-all/vuln/ClassPollutingAssignLib.qll:562,245-259)
[5/6] Found in cache: /home/jackfromeast/Desktop/python-class-pollution/codeql-query/class-pollution-all/query/ExternalClassPollutionQueryNewSetItemGetBoth.ql.
Compiling query plan for /home/jackfromeast/Desktop/python-class-pollution/codeql-query/class-pollution-all/query/ExternalClassPollutionQueryNewSetAttrGetBoth.ql.
WARNING: unused variable 'setOpSecondObj' (/home/jackfromeast/Desktop/python-class-pollution/codeql-query/class-pollution-all/vuln/ClassPollutingAssignLib.qll:543,239-253)
WARNING: unused variable 'setOpSecondObj' (/home/jackfromeast/Desktop/python-class-pollution/codeql-query/class-pollution-all/vuln/ClassPollutingAssignLib.qll:562,245-259)
[6/6] Found in cache: /home/jackfromeast/Desktop/python-class-pollution/codeql-query/class-pollution-all/query/ExternalClassPollutionQueryNewSetAttrGetBoth.ql.
Starting evaluation of jackfromeast/class-pollution-all/query/ExternalClassPollutionQueryNewSetAttrGetAttr.ql.
Starting evaluation of jackfromeast/class-pollution-all/query/ExternalClassPollutionQueryNewSetAttrGetBoth.ql.
[1/6 eval 4s] Evaluation done; writing results to jackfromeast/class-pollution-all/query/ExternalClassPollutionQueryNewSetAttrGetAttr.bqrs.
Starting evaluation of jackfromeast/class-pollution-all/query/ExternalClassPollutionQueryNewSetBothGetAttr.ql.
[2/6 eval 22ms] Evaluation done; writing results to jackfromeast/class-pollution-all/query/ExternalClassPollutionQueryNewSetAttrGetBoth.bqrs.
Starting evaluation of jackfromeast/class-pollution-all/query/ExternalClassPollutionQueryNewSetBothGetBoth.ql.
[3/6 eval 108ms] Evaluation done; writing results to jackfromeast/class-pollution-all/query/ExternalClassPollutionQueryNewSetBothGetAttr.bqrs.
Starting evaluation of jackfromeast/class-pollution-all/query/ExternalClassPollutionQueryNewSetItemGetAttr.ql.
[4/6 eval 14ms] Evaluation done; writing results to jackfromeast/class-pollution-all/query/ExternalClassPollutionQueryNewSetBothGetBoth.bqrs.
Starting evaluation of jackfromeast/class-pollution-all/query/ExternalClassPollutionQueryNewSetItemGetBoth.ql.
[5/6 eval 2ms] Evaluation done; writing results to jackfromeast/class-pollution-all/query/ExternalClassPollutionQueryNewSetItemGetAttr.bqrs.
[6/6 eval 103ms] Evaluation done; writing results to jackfromeast/class-pollution-all/query/ExternalClassPollutionQueryNewSetItemGetBoth.bqrs.
Shutting down query evaluator.
Interpreting results.
A fatal error occurred: /home/jackfromeast/Desktop/python-class-pollution/tasks/class-pollution-positive-remote/output/pokitoki/codeql-db is not a recognized CodeQL database.
 (logger.py:42)
2025-04-28 01:59:17,563 - CodeQLRunner - ERROR - Failed to run query: /home/jackfromeast/Desktop/python-class-pollution/codeql-query/class-pollution-all/class-pollution-external.qls (logger.py:42)
2025-04-28 01:59:17,617 - CodeQLRunner - ERROR - Failed during cleanup: [Errno 39] Directory not empty: 'codeql-db' (logger.py:42)
2025-04-28 01:59:31,204 - CodeQLRunner - ERROR - Failed to execute query /home/jackfromeast/Desktop/python-class-pollution/codeql-query/class-pollution-all/class-pollution-external.qls: UnknownError: Running queries.
Compiling query plan for /home/jackfromeast/Desktop/python-class-pollution/codeql-query/class-pollution-all/query/ExternalClassPollutionQueryNewSetBothGetAttr.ql.
WARNING: unused variable 'setOpSecondObj' (/home/jackfromeast/Desktop/python-class-pollution/codeql-query/class-pollution-all/vuln/ClassPollutingAssignLib.qll:543,239-253)
WARNING: unused variable 'setOpSecondObj' (/home/jackfromeast/Desktop/python-class-pollution/codeql-query/class-pollution-all/vuln/ClassPollutingAssignLib.qll:562,245-259)
[1/6] Found in cache: /home/jackfromeast/Desktop/python-class-pollution/codeql-query/class-pollution-all/query/ExternalClassPollutionQueryNewSetBothGetAttr.ql.
Compiling query plan for /home/jackfromeast/Desktop/python-class-pollution/codeql-query/class-pollution-all/query/ExternalClassPollutionQueryNewSetAttrGetAttr.ql.
WARNING: unused variable 'setOpSecondObj' (/home/jackfromeast/Desktop/python-class-pollution/codeql-query/class-pollution-all/vuln/ClassPollutingAssignLib.qll:543,239-253)
WARNING: unused variable 'setOpSecondObj' (/home/jackfromeast/Desktop/python-class-pollution/codeql-query/class-pollution-all/vuln/ClassPollutingAssignLib.qll:562,245-259)
[2/6] Found in cache: /home/jackfromeast/Desktop/python-class-pollution/codeql-query/class-pollution-all/query/ExternalClassPollutionQueryNewSetAttrGetAttr.ql.
Compiling query plan for /home/jackfromeast/Desktop/python-class-pollution/codeql-query/class-pollution-all/query/ExternalClassPollutionQueryNewSetItemGetAttr.ql.
WARNING: unused variable 'setOpSecondObj' (/home/jackfromeast/Desktop/python-class-pollution/codeql-query/class-pollution-all/vuln/ClassPollutingAssignLib.qll:543,239-253)
WARNING: unused variable 'setOpSecondObj' (/home/jackfromeast/Desktop/python-class-pollution/codeql-query/class-pollution-all/vuln/ClassPollutingAssignLib.qll:562,245-259)
[3/6] Found in cache: /home/jackfromeast/Desktop/python-class-pollution/codeql-query/class-pollution-all/query/ExternalClassPollutionQueryNewSetItemGetAttr.ql.
Compiling query plan for /home/jackfromeast/Desktop/python-class-pollution/codeql-query/class-pollution-all/query/ExternalClassPollutionQueryNewSetBothGetBoth.ql.
WARNING: unused variable 'setOpSecondObj' (/home/jackfromeast/Desktop/python-class-pollution/codeql-query/class-pollution-all/vuln/ClassPollutingAssignLib.qll:543,239-253)
WARNING: unused variable 'setOpSecondObj' (/home/jackfromeast/Desktop/python-class-pollution/codeql-query/class-pollution-all/vuln/ClassPollutingAssignLib.qll:562,245-259)
[4/6] Found in cache: /home/jackfromeast/Desktop/python-class-pollution/codeql-query/class-pollution-all/query/ExternalClassPollutionQueryNewSetBothGetBoth.ql.
Compiling query plan for /home/jackfromeast/Desktop/python-class-pollution/codeql-query/class-pollution-all/query/ExternalClassPollutionQueryNewSetItemGetBoth.ql.
WARNING: unused variable 'setOpSecondObj' (/home/jackfromeast/Desktop/python-class-pollution/codeql-query/class-pollution-all/vuln/ClassPollutingAssignLib.qll:543,239-253)
WARNING: unused variable 'setOpSecondObj' (/home/jackfromeast/Desktop/python-class-pollution/codeql-query/class-pollution-all/vuln/ClassPollutingAssignLib.qll:562,245-259)
[5/6] Found in cache: /home/jackfromeast/Desktop/python-class-pollution/codeql-query/class-pollution-all/query/ExternalClassPollutionQueryNewSetItemGetBoth.ql.
Compiling query plan for /home/jackfromeast/Desktop/python-class-pollution/codeql-query/class-pollution-all/query/ExternalClassPollutionQueryNewSetAttrGetBoth.ql.
WARNING: unused variable 'setOpSecondObj' (/home/jackfromeast/Desktop/python-class-pollution/codeql-query/class-pollution-all/vuln/ClassPollutingAssignLib.qll:543,239-253)
WARNING: unused variable 'setOpSecondObj' (/home/jackfromeast/Desktop/python-class-pollution/codeql-query/class-pollution-all/vuln/ClassPollutingAssignLib.qll:562,245-259)
[6/6] Found in cache: /home/jackfromeast/Desktop/python-class-pollution/codeql-query/class-pollution-all/query/ExternalClassPollutionQueryNewSetAttrGetBoth.ql.
Starting evaluation of jackfromeast/class-pollution-all/query/ExternalClassPollutionQueryNewSetAttrGetAttr.ql.
Starting evaluation of jackfromeast/class-pollution-all/query/ExternalClassPollutionQueryNewSetAttrGetBoth.ql.
[1/6 eval 4.8s] Evaluation done; writing results to jackfromeast/class-pollution-all/query/ExternalClassPollutionQueryNewSetAttrGetAttr.bqrs.
Starting evaluation of jackfromeast/class-pollution-all/query/ExternalClassPollutionQueryNewSetBothGetAttr.ql.
[2/6 eval 22ms] Evaluation done; writing results to jackfromeast/class-pollution-all/query/ExternalClassPollutionQueryNewSetAttrGetBoth.bqrs.
Starting evaluation of jackfromeast/class-pollution-all/query/ExternalClassPollutionQueryNewSetBothGetBoth.ql.
[3/6 eval 111ms] Evaluation done; writing results to jackfromeast/class-pollution-all/query/ExternalClassPollutionQueryNewSetBothGetAttr.bqrs.
Starting evaluation of jackfromeast/class-pollution-all/query/ExternalClassPollutionQueryNewSetItemGetAttr.ql.
[4/6 eval 14ms] Evaluation done; writing results to jackfromeast/class-pollution-all/query/ExternalClassPollutionQueryNewSetBothGetBoth.bqrs.
Starting evaluation of jackfromeast/class-pollution-all/query/ExternalClassPollutionQueryNewSetItemGetBoth.ql.
[5/6 eval 3ms] Evaluation done; writing results to jackfromeast/class-pollution-all/query/ExternalClassPollutionQueryNewSetItemGetAttr.bqrs.
[6/6 eval 125ms] Evaluation done; writing results to jackfromeast/class-pollution-all/query/ExternalClassPollutionQueryNewSetItemGetBoth.bqrs.
Shutting down query evaluator.
Interpreting results.
Interpreting /home/jackfromeast/Desktop/python-class-pollution/codeql-query/class-pollution-all/query/ExternalClassPollutionQueryNewSetBothGetAttr.ql...
Interpreting /home/jackfromeast/Desktop/python-class-pollution/codeql-query/class-pollution-all/query/ExternalClassPollutionQueryNewSetAttrGetAttr.ql...
Interpreting /home/jackfromeast/Desktop/python-class-pollution/codeql-query/class-pollution-all/query/ExternalClassPollutionQueryNewSetItemGetAttr.ql...
Interpreting /home/jackfromeast/Desktop/python-class-pollution/codeql-query/class-pollution-all/query/ExternalClassPollutionQueryNewSetBothGetBoth.ql...
Interpreting /home/jackfromeast/Desktop/python-class-pollution/codeql-query/class-pollution-all/query/ExternalClassPollutionQueryNewSetItemGetBoth.ql...
Interpreting /home/jackfromeast/Desktop/python-class-pollution/codeql-query/class-pollution-all/query/ExternalClassPollutionQueryNewSetAttrGetBoth.ql...
Exporting results to SARIF...
A fatal error occurred: Could not write SARIF file
(eventual cause: NoSuchFileException "/home/jackfromeast/Desktop/python-class-pollution/tasks/class-pollution-positive...")
 (logger.py:42)
2025-04-28 01:59:31,204 - CodeQLRunner - ERROR - Failed to run query: /home/jackfromeast/Desktop/python-class-pollution/codeql-query/class-pollution-all/class-pollution-external.qls (logger.py:42)
2025-04-28 02:00:53,111 - CodeQLRunner - ERROR - Failed to execute query /home/jackfromeast/Desktop/python-class-pollution/codeql-query/class-pollution-all/class-pollution-external.qls: UnknownError: Running queries.
Compiling query plan for /home/jackfromeast/Desktop/python-class-pollution/codeql-query/class-pollution-all/query/ExternalClassPollutionQueryNewSetBothGetAttr.ql.
WARNING: unused variable 'setOpSecondObj' (/home/jackfromeast/Desktop/python-class-pollution/codeql-query/class-pollution-all/vuln/ClassPollutingAssignLib.qll:543,239-253)
WARNING: unused variable 'setOpSecondObj' (/home/jackfromeast/Desktop/python-class-pollution/codeql-query/class-pollution-all/vuln/ClassPollutingAssignLib.qll:562,245-259)
[1/6] Found in cache: /home/jackfromeast/Desktop/python-class-pollution/codeql-query/class-pollution-all/query/ExternalClassPollutionQueryNewSetBothGetAttr.ql.
Compiling query plan for /home/jackfromeast/Desktop/python-class-pollution/codeql-query/class-pollution-all/query/ExternalClassPollutionQueryNewSetAttrGetAttr.ql.
WARNING: unused variable 'setOpSecondObj' (/home/jackfromeast/Desktop/python-class-pollution/codeql-query/class-pollution-all/vuln/ClassPollutingAssignLib.qll:543,239-253)
WARNING: unused variable 'setOpSecondObj' (/home/jackfromeast/Desktop/python-class-pollution/codeql-query/class-pollution-all/vuln/ClassPollutingAssignLib.qll:562,245-259)
[2/6] Found in cache: /home/jackfromeast/Desktop/python-class-pollution/codeql-query/class-pollution-all/query/ExternalClassPollutionQueryNewSetAttrGetAttr.ql.
Compiling query plan for /home/jackfromeast/Desktop/python-class-pollution/codeql-query/class-pollution-all/query/ExternalClassPollutionQueryNewSetItemGetAttr.ql.
WARNING: unused variable 'setOpSecondObj' (/home/jackfromeast/Desktop/python-class-pollution/codeql-query/class-pollution-all/vuln/ClassPollutingAssignLib.qll:543,239-253)
WARNING: unused variable 'setOpSecondObj' (/home/jackfromeast/Desktop/python-class-pollution/codeql-query/class-pollution-all/vuln/ClassPollutingAssignLib.qll:562,245-259)
[3/6] Found in cache: /home/jackfromeast/Desktop/python-class-pollution/codeql-query/class-pollution-all/query/ExternalClassPollutionQueryNewSetItemGetAttr.ql.
Compiling query plan for /home/jackfromeast/Desktop/python-class-pollution/codeql-query/class-pollution-all/query/ExternalClassPollutionQueryNewSetBothGetBoth.ql.
WARNING: unused variable 'setOpSecondObj' (/home/jackfromeast/Desktop/python-class-pollution/codeql-query/class-pollution-all/vuln/ClassPollutingAssignLib.qll:543,239-253)
WARNING: unused variable 'setOpSecondObj' (/home/jackfromeast/Desktop/python-class-pollution/codeql-query/class-pollution-all/vuln/ClassPollutingAssignLib.qll:562,245-259)
[4/6] Found in cache: /home/jackfromeast/Desktop/python-class-pollution/codeql-query/class-pollution-all/query/ExternalClassPollutionQueryNewSetBothGetBoth.ql.
Compiling query plan for /home/jackfromeast/Desktop/python-class-pollution/codeql-query/class-pollution-all/query/ExternalClassPollutionQueryNewSetItemGetBoth.ql.
WARNING: unused variable 'setOpSecondObj' (/home/jackfromeast/Desktop/python-class-pollution/codeql-query/class-pollution-all/vuln/ClassPollutingAssignLib.qll:543,239-253)
WARNING: unused variable 'setOpSecondObj' (/home/jackfromeast/Desktop/python-class-pollution/codeql-query/class-pollution-all/vuln/ClassPollutingAssignLib.qll:562,245-259)
[5/6] Found in cache: /home/jackfromeast/Desktop/python-class-pollution/codeql-query/class-pollution-all/query/ExternalClassPollutionQueryNewSetItemGetBoth.ql.
Compiling query plan for /home/jackfromeast/Desktop/python-class-pollution/codeql-query/class-pollution-all/query/ExternalClassPollutionQueryNewSetAttrGetBoth.ql.
WARNING: unused variable 'setOpSecondObj' (/home/jackfromeast/Desktop/python-class-pollution/codeql-query/class-pollution-all/vuln/ClassPollutingAssignLib.qll:543,239-253)
WARNING: unused variable 'setOpSecondObj' (/home/jackfromeast/Desktop/python-class-pollution/codeql-query/class-pollution-all/vuln/ClassPollutingAssignLib.qll:562,245-259)
[6/6] Found in cache: /home/jackfromeast/Desktop/python-class-pollution/codeql-query/class-pollution-all/query/ExternalClassPollutionQueryNewSetAttrGetBoth.ql.
Starting evaluation of jackfromeast/class-pollution-all/query/ExternalClassPollutionQueryNewSetAttrGetAttr.ql.
Oops! A fatal internal error occurred. Details:
com.semmle.util.exception.CatastrophicError: An error occurred while evaluating num#DataFlowDispatch::TKeywordParameterPosition#6758f398/2@a09def85
Cannot create dirty marker for cached strings
The RA to evaluate was:

    {2} r1 = INVOKE HIGHER-ORDER RELATION construct<DataFlowDispatch#3c0b8265::TParameterPosition,4> ON <DataFlowDispatch::TKeywordParameterPosition#dom#6e7d95e5>
    return r1

(eventual cause: NoSuchFileException "/home/jackfromeast/Desktop/python-class-pollution/tasks/class-pollution-positive...")
	at com.semmle.inmemory.pipeline.MetaPipelineInstance.wrapWithRaDump(MetaPipelineInstance.java:204)
	at com.semmle.inmemory.pipeline.MetaPipelineInstance.exceptionCaught(MetaPipelineInstance.java:174)
	at com.semmle.inmemory.scheduler.execution.ThreadableWork.handleAndLog(ThreadableWork.java:593)
	at com.semmle.inmemory.scheduler.execution.ThreadableWork.doSomeWork(ThreadableWork.java:410)
	at com.semmle.inmemory.scheduler.IntensionalLayer$IntensionalWork.evaluate(IntensionalLayer.java:124)
	at com.semmle.inmemory.scheduler.SimpleLayerTask$SimpleLayerWork.doWork(SimpleLayerTask.java:69)
	at com.semmle.inmemory.scheduler.execution.ThreadableWork.doSomeWork(ThreadableWork.java:396)
	at com.semmle.inmemory.scheduler.execution.ExecutionScheduler.runnerMain(ExecutionScheduler.java:707)
	at java.base/java.util.concurrent.ThreadPoolExecutor.runWorker(Unknown Source)
	at java.base/java.util.concurrent.ThreadPoolExecutor$Worker.run(Unknown Source)
	at java.base/java.lang.Thread.run(Unknown Source)
Caused by: Cannot create dirty marker for cached strings
(eventual cause: NoSuchFileException "/home/jackfromeast/Desktop/python-class-pollution/tasks/class-pollution-positive...")
	at com.semmle.inmemory.stringpool.StringPool.promoteStringToCached(StringPool.java:479)
	at com.semmle.inmemory.stringpool.StringPool.promoteToCached(StringPool.java:449)
	at com.semmle.inmemory.caching.TuplePool$ComplexNumberer.lambda$freshNumberRelation$1(TuplePool.java:496)
	at com.semmle.inmemory.relations.BaseIntArrayRelation.map(BaseIntArrayRelation.java:88)
	at com.semmle.inmemory.caching.PagedRelation.map(PagedRelation.java:158)
	at com.semmle.inmemory.relations.AbstractRelation.deduplicateMap(AbstractRelation.java:138)
	at com.semmle.inmemory.caching.TuplePool$ComplexNumberer.lambda$freshNumberRelation$2(TuplePool.java:480)
	at com.semmle.inmemory.relations.writers.RelationWriter.withSink(RelationWriter.java:72)
	at com.semmle.inmemory.caching.TuplePool$ComplexNumberer.freshNumberRelation(TuplePool.java:478)
	at com.semmle.inmemory.caching.TuplePool$ComplexNumberer.doNumbering(TuplePool.java:436)
	at com.semmle.inmemory.caching.TuplePool.lambda$doNumbering$1(TuplePool.java:245)
	at com.semmle.util.concurrent.LockUtils.runThenUnlock(LockUtils.java:8)
	at com.semmle.inmemory.caching.TuplePool$ComplexNumberer.doWithBranchLock(TuplePool.java:561)
	at com.semmle.inmemory.caching.TuplePool.doNumbering(TuplePool.java:233)
	at com.semmle.inmemory.ast.IMBConstructDatatype.doNumberingStreaming(IMBConstructDatatype.java:165)
	at com.semmle.inmemory.ast.IMBConstructDatatype$1.evaluateSink(IMBConstructDatatype.java:142)
	at com.semmle.inmemory.pipeline.HOPStep.generateTuples(HOPStep.java:57)
	at com.semmle.inmemory.pipeline.SimpleHeadStep.lambda$forwardInitialize$0(SimpleHeadStep.java:32)
	at com.semmle.inmemory.pipeline.HeadEndDispatcher.headEndWork(HeadEndDispatcher.java:75)
	at com.semmle.inmemory.pipeline.PipelineState.doSomeWork(PipelineState.java:88)
	at com.semmle.inmemory.pipeline.PipelineInstance.doWork(PipelineInstance.java:78)
	at com.semmle.inmemory.scheduler.execution.ThreadableWork.doSomeWork(ThreadableWork.java:396)
	at com.semmle.inmemory.scheduler.execution.ChainingWork.doWork(ChainingWork.java:30)
	at com.semmle.inmemory.scheduler.execution.ThreadableWork.doSomeWork(ThreadableWork.java:396)
	... 7 more
Caused by: java.nio.file.NoSuchFileException: /home/jackfromeast/Desktop/python-class-pollution/tasks/class-pollution-positive-remote/output/alf/codeql-db/db-python/default/cache/cached-strings/pools/dirty
	at java.base/sun.nio.fs.UnixException.translateToIOException(Unknown Source)
	at java.base/sun.nio.fs.UnixException.rethrowAsIOException(Unknown Source)
	at java.base/sun.nio.fs.UnixException.rethrowAsIOException(Unknown Source)
	at java.base/sun.nio.fs.UnixFileSystemProvider.newByteChannel(Unknown Source)
	at java.base/java.nio.file.Files.newByteChannel(Unknown Source)
	at java.base/java.nio.file.Files.createFile(Unknown Source)
	at com.semmle.inmemory.stringpool.StringPool.promoteStringToCached(StringPool.java:476)
	... 30 more

 (logger.py:42)
2025-04-28 02:00:53,112 - CodeQLRunner - ERROR - Failed to run query: /home/jackfromeast/Desktop/python-class-pollution/codeql-query/class-pollution-all/class-pollution-external.qls (logger.py:42)
2025-04-28 02:00:53,189 - CodeQLRunner - ERROR - Failed during cleanup: [Errno 39] Directory not empty: '3' (logger.py:42)
2025-04-28 02:01:29,037 - CodeQLRunner - ERROR - Failed to execute query /home/jackfromeast/Desktop/python-class-pollution/codeql-query/class-pollution-all/class-pollution-external.qls: UnknownError: Running queries.
Compiling query plan for /home/jackfromeast/Desktop/python-class-pollution/codeql-query/class-pollution-all/query/ExternalClassPollutionQueryNewSetBothGetAttr.ql.
WARNING: unused variable 'setOpSecondObj' (/home/jackfromeast/Desktop/python-class-pollution/codeql-query/class-pollution-all/vuln/ClassPollutingAssignLib.qll:543,239-253)
WARNING: unused variable 'setOpSecondObj' (/home/jackfromeast/Desktop/python-class-pollution/codeql-query/class-pollution-all/vuln/ClassPollutingAssignLib.qll:562,245-259)
[1/6] Found in cache: /home/jackfromeast/Desktop/python-class-pollution/codeql-query/class-pollution-all/query/ExternalClassPollutionQueryNewSetBothGetAttr.ql.
Compiling query plan for /home/jackfromeast/Desktop/python-class-pollution/codeql-query/class-pollution-all/query/ExternalClassPollutionQueryNewSetAttrGetAttr.ql.
WARNING: unused variable 'setOpSecondObj' (/home/jackfromeast/Desktop/python-class-pollution/codeql-query/class-pollution-all/vuln/ClassPollutingAssignLib.qll:543,239-253)
WARNING: unused variable 'setOpSecondObj' (/home/jackfromeast/Desktop/python-class-pollution/codeql-query/class-pollution-all/vuln/ClassPollutingAssignLib.qll:562,245-259)
[2/6] Found in cache: /home/jackfromeast/Desktop/python-class-pollution/codeql-query/class-pollution-all/query/ExternalClassPollutionQueryNewSetAttrGetAttr.ql.
Compiling query plan for /home/jackfromeast/Desktop/python-class-pollution/codeql-query/class-pollution-all/query/ExternalClassPollutionQueryNewSetItemGetAttr.ql.
WARNING: unused variable 'setOpSecondObj' (/home/jackfromeast/Desktop/python-class-pollution/codeql-query/class-pollution-all/vuln/ClassPollutingAssignLib.qll:543,239-253)
WARNING: unused variable 'setOpSecondObj' (/home/jackfromeast/Desktop/python-class-pollution/codeql-query/class-pollution-all/vuln/ClassPollutingAssignLib.qll:562,245-259)
[3/6] Found in cache: /home/jackfromeast/Desktop/python-class-pollution/codeql-query/class-pollution-all/query/ExternalClassPollutionQueryNewSetItemGetAttr.ql.
Compiling query plan for /home/jackfromeast/Desktop/python-class-pollution/codeql-query/class-pollution-all/query/ExternalClassPollutionQueryNewSetBothGetBoth.ql.
WARNING: unused variable 'setOpSecondObj' (/home/jackfromeast/Desktop/python-class-pollution/codeql-query/class-pollution-all/vuln/ClassPollutingAssignLib.qll:543,239-253)
WARNING: unused variable 'setOpSecondObj' (/home/jackfromeast/Desktop/python-class-pollution/codeql-query/class-pollution-all/vuln/ClassPollutingAssignLib.qll:562,245-259)
[4/6] Found in cache: /home/jackfromeast/Desktop/python-class-pollution/codeql-query/class-pollution-all/query/ExternalClassPollutionQueryNewSetBothGetBoth.ql.
Compiling query plan for /home/jackfromeast/Desktop/python-class-pollution/codeql-query/class-pollution-all/query/ExternalClassPollutionQueryNewSetItemGetBoth.ql.
WARNING: unused variable 'setOpSecondObj' (/home/jackfromeast/Desktop/python-class-pollution/codeql-query/class-pollution-all/vuln/ClassPollutingAssignLib.qll:543,239-253)
WARNING: unused variable 'setOpSecondObj' (/home/jackfromeast/Desktop/python-class-pollution/codeql-query/class-pollution-all/vuln/ClassPollutingAssignLib.qll:562,245-259)
[5/6] Found in cache: /home/jackfromeast/Desktop/python-class-pollution/codeql-query/class-pollution-all/query/ExternalClassPollutionQueryNewSetItemGetBoth.ql.
Compiling query plan for /home/jackfromeast/Desktop/python-class-pollution/codeql-query/class-pollution-all/query/ExternalClassPollutionQueryNewSetAttrGetBoth.ql.
WARNING: unused variable 'setOpSecondObj' (/home/jackfromeast/Desktop/python-class-pollution/codeql-query/class-pollution-all/vuln/ClassPollutingAssignLib.qll:543,239-253)
WARNING: unused variable 'setOpSecondObj' (/home/jackfromeast/Desktop/python-class-pollution/codeql-query/class-pollution-all/vuln/ClassPollutingAssignLib.qll:562,245-259)
[6/6] Found in cache: /home/jackfromeast/Desktop/python-class-pollution/codeql-query/class-pollution-all/query/ExternalClassPollutionQueryNewSetAttrGetBoth.ql.
Starting evaluation of jackfromeast/class-pollution-all/query/ExternalClassPollutionQueryNewSetAttrGetAttr.ql.
Starting evaluation of jackfromeast/class-pollution-all/query/ExternalClassPollutionQueryNewSetAttrGetBoth.ql.
[1/6 eval 21.4s] Evaluation done; writing results to jackfromeast/class-pollution-all/query/ExternalClassPollutionQueryNewSetAttrGetAttr.bqrs.
Starting evaluation of jackfromeast/class-pollution-all/query/ExternalClassPollutionQueryNewSetBothGetAttr.ql.
Starting evaluation of jackfromeast/class-pollution-all/query/ExternalClassPollutionQueryNewSetBothGetBoth.ql.
[2/6 eval 25ms] Evaluation done; writing results to jackfromeast/class-pollution-all/query/ExternalClassPollutionQueryNewSetAttrGetBoth.bqrs.
[3/6 eval 1ms] Evaluation done; writing results to jackfromeast/class-pollution-all/query/ExternalClassPollutionQueryNewSetBothGetAttr.bqrs.
Starting evaluation of jackfromeast/class-pollution-all/query/ExternalClassPollutionQueryNewSetItemGetAttr.ql.
[4/6 eval 64ms] Evaluation done; writing results to jackfromeast/class-pollution-all/query/ExternalClassPollutionQueryNewSetBothGetBoth.bqrs.
Starting evaluation of jackfromeast/class-pollution-all/query/ExternalClassPollutionQueryNewSetItemGetBoth.ql.
[5/6 eval 110ms] Evaluation done; writing results to jackfromeast/class-pollution-all/query/ExternalClassPollutionQueryNewSetItemGetAttr.bqrs.
[6/6 eval 265ms] Evaluation done; writing results to jackfromeast/class-pollution-all/query/ExternalClassPollutionQueryNewSetItemGetBoth.bqrs.
Shutting down query evaluator.
Interpreting results.
Interpreting /home/jackfromeast/Desktop/python-class-pollution/codeql-query/class-pollution-all/query/ExternalClassPollutionQueryNewSetBothGetAttr.ql...
Interpreting /home/jackfromeast/Desktop/python-class-pollution/codeql-query/class-pollution-all/query/ExternalClassPollutionQueryNewSetAttrGetAttr.ql...
Interpreting /home/jackfromeast/Desktop/python-class-pollution/codeql-query/class-pollution-all/query/ExternalClassPollutionQueryNewSetItemGetAttr.ql...
Interpreting /home/jackfromeast/Desktop/python-class-pollution/codeql-query/class-pollution-all/query/ExternalClassPollutionQueryNewSetBothGetBoth.ql...
Interpreting /home/jackfromeast/Desktop/python-class-pollution/codeql-query/class-pollution-all/query/ExternalClassPollutionQueryNewSetItemGetBoth.ql...
Interpreting /home/jackfromeast/Desktop/python-class-pollution/codeql-query/class-pollution-all/query/ExternalClassPollutionQueryNewSetAttrGetBoth.ql...
Exporting results to SARIF...
A fatal error occurred: Could not write SARIF file
(eventual cause: NoSuchFileException "/home/jackfromeast/Desktop/python-class-pollution/tasks/class-pollution-positive...")
 (logger.py:42)
2025-04-28 02:01:29,037 - CodeQLRunner - ERROR - Failed to run query: /home/jackfromeast/Desktop/python-class-pollution/codeql-query/class-pollution-all/class-pollution-external.qls (logger.py:42)
2025-04-28 02:04:34,988 - CodeQLRunner - ERROR - Failed to build CodeQL database for VSP-LLM: UnknownError: Initializing database at /home/jackfromeast/Desktop/python-class-pollution/tasks/class-pollution-positive-remote/output/VSP-LLM/codeql-db.
Running build command: []
Running command in /home/jackfromeast/Desktop/python-class-pollution/tasks/class-pollution-positive-remote/output/VSP-LLM/codebase: [/home/jackfromeast/Downloads/codeql/python/tools/autobuild.sh]
Finalizing database at /home/jackfromeast/Desktop/python-class-pollution/tasks/class-pollution-positive-remote/output/VSP-LLM/codeql-db.
Running pre-finalize script /home/jackfromeast/Downloads/codeql/python/tools/pre-finalize.sh in /home/jackfromeast/Desktop/python-class-pollution/tasks/class-pollution-positive-remote/output/VSP-LLM/codebase.
Running command in /home/jackfromeast/Desktop/python-class-pollution/tasks/class-pollution-positive-remote/output/VSP-LLM/codebase: [/home/jackfromeast/Downloads/codeql/python/tools/pre-finalize.sh]
Running TRAP import for CodeQL database at /home/jackfromeast/Desktop/python-class-pollution/tasks/class-pollution-positive-remote/output/VSP-LLM/codeql-db...
A fatal error occurred: Dataset /home/jackfromeast/Desktop/python-class-pollution/tasks/class-pollution-positive-remote/output/VSP-LLM/codeql-db/db-python has been finalized and does not support further TRAP import.
A fatal error occurred: Dataset import for /home/jackfromeast/Desktop/python-class-pollution/tasks/class-pollution-positive-remote/output/VSP-LLM/codeql-db/db-python failed with code 2.
 (logger.py:42)
2025-04-28 02:07:09,884 - CodeQLRunner - ERROR - Building CodeQL database timed out: VisionLLaMA (logger.py:42)
2025-04-28 02:10:07,990 - CodeQLRunner - ERROR - Building CodeQL database timed out: RadFM (logger.py:42)
2025-04-28 02:10:28,227 - CodeQLRunner - ERROR - Failed to build CodeQL database for ouroboros: UnknownError: Initializing database at /home/jackfromeast/Desktop/python-class-pollution/tasks/class-pollution-positive-remote/output/ouroboros/codeql-db.
Running build command: []
Running command in /home/jackfromeast/Desktop/python-class-pollution/tasks/class-pollution-positive-remote/output/ouroboros/codebase: [/home/jackfromeast/Downloads/codeql/python/tools/autobuild.sh]
Finalizing database at /home/jackfromeast/Desktop/python-class-pollution/tasks/class-pollution-positive-remote/output/ouroboros/codeql-db.
Running pre-finalize script /home/jackfromeast/Downloads/codeql/python/tools/pre-finalize.sh in /home/jackfromeast/Desktop/python-class-pollution/tasks/class-pollution-positive-remote/output/ouroboros/codebase.
Running command in /home/jackfromeast/Desktop/python-class-pollution/tasks/class-pollution-positive-remote/output/ouroboros/codebase: [/home/jackfromeast/Downloads/codeql/python/tools/pre-finalize.sh]
Running TRAP import for CodeQL database at /home/jackfromeast/Desktop/python-class-pollution/tasks/class-pollution-positive-remote/output/ouroboros/codeql-db...
A fatal error occurred: Dataset /home/jackfromeast/Desktop/python-class-pollution/tasks/class-pollution-positive-remote/output/ouroboros/codeql-db/db-python has been finalized and does not support further TRAP import.
A fatal error occurred: Dataset import for /home/jackfromeast/Desktop/python-class-pollution/tasks/class-pollution-positive-remote/output/ouroboros/codeql-db/db-python failed with code 2.
 (logger.py:42)
2025-04-28 02:10:36,032 - CodeQLRunner - ERROR - Failed to execute query /home/jackfromeast/Desktop/python-class-pollution/codeql-query/class-pollution-all/class-pollution-external.qls: UnknownError: Running queries.
Compiling query plan for /home/jackfromeast/Desktop/python-class-pollution/codeql-query/class-pollution-all/query/ExternalClassPollutionQueryNewSetBothGetAttr.ql.
WARNING: unused variable 'setOpSecondObj' (/home/jackfromeast/Desktop/python-class-pollution/codeql-query/class-pollution-all/vuln/ClassPollutingAssignLib.qll:543,239-253)
WARNING: unused variable 'setOpSecondObj' (/home/jackfromeast/Desktop/python-class-pollution/codeql-query/class-pollution-all/vuln/ClassPollutingAssignLib.qll:562,245-259)
[1/6] Found in cache: /home/jackfromeast/Desktop/python-class-pollution/codeql-query/class-pollution-all/query/ExternalClassPollutionQueryNewSetBothGetAttr.ql.
Compiling query plan for /home/jackfromeast/Desktop/python-class-pollution/codeql-query/class-pollution-all/query/ExternalClassPollutionQueryNewSetAttrGetAttr.ql.
WARNING: unused variable 'setOpSecondObj' (/home/jackfromeast/Desktop/python-class-pollution/codeql-query/class-pollution-all/vuln/ClassPollutingAssignLib.qll:543,239-253)
WARNING: unused variable 'setOpSecondObj' (/home/jackfromeast/Desktop/python-class-pollution/codeql-query/class-pollution-all/vuln/ClassPollutingAssignLib.qll:562,245-259)
[2/6] Found in cache: /home/jackfromeast/Desktop/python-class-pollution/codeql-query/class-pollution-all/query/ExternalClassPollutionQueryNewSetAttrGetAttr.ql.
Compiling query plan for /home/jackfromeast/Desktop/python-class-pollution/codeql-query/class-pollution-all/query/ExternalClassPollutionQueryNewSetItemGetAttr.ql.
WARNING: unused variable 'setOpSecondObj' (/home/jackfromeast/Desktop/python-class-pollution/codeql-query/class-pollution-all/vuln/ClassPollutingAssignLib.qll:543,239-253)
WARNING: unused variable 'setOpSecondObj' (/home/jackfromeast/Desktop/python-class-pollution/codeql-query/class-pollution-all/vuln/ClassPollutingAssignLib.qll:562,245-259)
[3/6] Found in cache: /home/jackfromeast/Desktop/python-class-pollution/codeql-query/class-pollution-all/query/ExternalClassPollutionQueryNewSetItemGetAttr.ql.
Compiling query plan for /home/jackfromeast/Desktop/python-class-pollution/codeql-query/class-pollution-all/query/ExternalClassPollutionQueryNewSetBothGetBoth.ql.
WARNING: unused variable 'setOpSecondObj' (/home/jackfromeast/Desktop/python-class-pollution/codeql-query/class-pollution-all/vuln/ClassPollutingAssignLib.qll:543,239-253)
WARNING: unused variable 'setOpSecondObj' (/home/jackfromeast/Desktop/python-class-pollution/codeql-query/class-pollution-all/vuln/ClassPollutingAssignLib.qll:562,245-259)
[4/6] Found in cache: /home/jackfromeast/Desktop/python-class-pollution/codeql-query/class-pollution-all/query/ExternalClassPollutionQueryNewSetBothGetBoth.ql.
Compiling query plan for /home/jackfromeast/Desktop/python-class-pollution/codeql-query/class-pollution-all/query/ExternalClassPollutionQueryNewSetItemGetBoth.ql.
WARNING: unused variable 'setOpSecondObj' (/home/jackfromeast/Desktop/python-class-pollution/codeql-query/class-pollution-all/vuln/ClassPollutingAssignLib.qll:543,239-253)
WARNING: unused variable 'setOpSecondObj' (/home/jackfromeast/Desktop/python-class-pollution/codeql-query/class-pollution-all/vuln/ClassPollutingAssignLib.qll:562,245-259)
[5/6] Found in cache: /home/jackfromeast/Desktop/python-class-pollution/codeql-query/class-pollution-all/query/ExternalClassPollutionQueryNewSetItemGetBoth.ql.
Compiling query plan for /home/jackfromeast/Desktop/python-class-pollution/codeql-query/class-pollution-all/query/ExternalClassPollutionQueryNewSetAttrGetBoth.ql.
WARNING: unused variable 'setOpSecondObj' (/home/jackfromeast/Desktop/python-class-pollution/codeql-query/class-pollution-all/vuln/ClassPollutingAssignLib.qll:543,239-253)
WARNING: unused variable 'setOpSecondObj' (/home/jackfromeast/Desktop/python-class-pollution/codeql-query/class-pollution-all/vuln/ClassPollutingAssignLib.qll:562,245-259)
[6/6] Found in cache: /home/jackfromeast/Desktop/python-class-pollution/codeql-query/class-pollution-all/query/ExternalClassPollutionQueryNewSetAttrGetBoth.ql.
Starting evaluation of jackfromeast/class-pollution-all/query/ExternalClassPollutionQueryNewSetAttrGetAttr.ql.
Oops! A fatal internal error occurred. Details:
com.semmle.util.exception.CatastrophicError: An error occurred while evaluating PointsTo::Expressions::builtinCallPointsTo/5#3aa7f48b/5@i566#5b68awwo
Severe disk cache trouble (corruption or out of space) at /home/jackfromeast/Desktop/python-class-pollution/tasks/class-pollution-positive-remote/output/ouroboros/codeql-db/db-python/default/cache/relations/b9.pack: Failed to write item to disk
The RA to evaluate was:

    {9} r1 = JOIN `PointsTo::PointsToInternal::pointsTo/4#d99f16c6#prev_delta` WITH `_ObjectInternal::ObjectInternal::builtin/1#31f2682e_TObject::TUnknown#f0603362#join_rhs` CARTESIAN PRODUCT OUTPUT Rhs.0, Rhs.1, Rhs.2, Rhs.3, Rhs.4, Rhs.5, Lhs.0, Lhs.1, Lhs.2
    {9}    | REWRITE WITH TEST InOut.8 != InOut.1
    {9}    | REWRITE WITH TEST InOut.8 != InOut.2
    {9}    | REWRITE WITH TEST InOut.8 != InOut.3
    {9}    | REWRITE WITH TEST InOut.8 != InOut.4
    {9}    | REWRITE WITH TEST InOut.8 != InOut.5
    {4}    | SCAN OUTPUT In.8, In.0, In.6, In.7
    {3}    | JOIN WITH TObject::TBuiltinFunctionObject#442f0ea6_1#join_rhs ON FIRST 1 OUTPUT Lhs.2, Lhs.1, Lhs.3
    {4}    | JOIN WITH `Flow::CallNode.getFunction/0#dispred#cc4c2bc8_10#join_rhs` ON FIRST 1 OUTPUT Rhs.1, int _, Lhs.1, Lhs.2
    {4}    | REWRITE WITH Out.1 := 0
    {4}    | JOIN WITH `Flow::CallNode.getArg/1#dispred#044295cc` ON FIRST 2 OUTPUT Rhs.2, Lhs.3, Lhs.2, Lhs.0
    {5}    | JOIN WITH `PointsTo::PointsToInternal::pointsTo/4#d99f16c6#prev` ON FIRST 2 OUTPUT Lhs.3, Lhs.1, Lhs.2, Lhs.0, Rhs.2

    {5} r2 = JOIN `_Flow::CallNode.getFunction/0#dispred#cc4c2bc8__Flow::CallNode.getArg/1#dispred#044295cc_120#join_rh__#shared` WITH `PointsTo::PointsToInternal::pointsTo/4#d99f16c6#prev` ON FIRST 2 OUTPUT Rhs.2, Lhs.2, Lhs.1, Lhs.3, Lhs.4
    {5}    | JOIN WITH TObject::TBuiltinFunctionObject#442f0ea6_1#join_rhs ON FIRST 1 OUTPUT Lhs.1, Lhs.2, Lhs.3, Lhs.4, Lhs.0
    {7}    | JOIN WITH TObject::TUnknown#f0603362 CARTESIAN PRODUCT OUTPUT string _, Lhs.0, Lhs.1, Lhs.2, Lhs.3, Lhs.4, Rhs.0
    {7}    | REWRITE WITH Out.0 := "hasattr"
    {7}    | JOIN WITH `ObjectInternal::ObjectInternal::builtin/1#31f2682e` ON FIRST 1 OUTPUT Lhs.1, Lhs.2, Lhs.3, Lhs.4, Lhs.5, Lhs.6, Rhs.1
    {7}    | REWRITE WITH TEST InOut.4 != InOut.6
    {7}    | SCAN OUTPUT string _, In.0, In.1, In.2, In.3, In.4, In.5
    {7}    | REWRITE WITH Out.0 := "issubclass"
    {7}    | JOIN WITH `ObjectInternal::ObjectInternal::builtin/1#31f2682e` ON FIRST 1 OUTPUT Lhs.1, Lhs.2, Lhs.3, Lhs.4, Lhs.5, Lhs.6, Rhs.1
    {7}    | REWRITE WITH TEST InOut.4 != InOut.6
    {7}    | SCAN OUTPUT string _, In.0, In.1, In.2, In.3, In.4, In.5
    {7}    | REWRITE WITH Out.0 := "isinstance"
    {7}    | JOIN WITH `ObjectInternal::ObjectInternal::builtin/1#31f2682e` ON FIRST 1 OUTPUT Lhs.1, Lhs.2, Lhs.3, Lhs.4, Lhs.5, Lhs.6, Rhs.1
    {7}    | REWRITE WITH TEST InOut.4 != InOut.6
    {7}    | SCAN OUTPUT string _, In.0, In.1, In.2, In.3, In.4, In.5
    {7}    | REWRITE WITH Out.0 := "callable"
    {7}    | JOIN WITH `ObjectInternal::ObjectInternal::builtin/1#31f2682e` ON FIRST 1 OUTPUT Lhs.1, Lhs.2, Lhs.3, Lhs.4, Lhs.5, Lhs.6, Rhs.1
    {7}    | REWRITE WITH TEST InOut.4 != InOut.6
    {7}    | SCAN OUTPUT string _, In.0, In.1, In.2, In.3, In.4, In.5
    {7}    | REWRITE WITH Out.0 := "len"
    {7}    | JOIN WITH `ObjectInternal::ObjectInternal::builtin/1#31f2682e` ON FIRST 1 OUTPUT Lhs.1, Lhs.2, Lhs.3, Lhs.4, Lhs.5, Lhs.6, Rhs.1
    {7}    | REWRITE WITH TEST InOut.4 != InOut.6
    {5}    | SCAN OUTPUT In.3, In.1, In.5, In.0, In.2

    {5} r3 = r1 UNION r2
    {5}    | AND NOT `PointsTo::Expressions::builtinCallPointsTo/5#3aa7f48b#prev`(FIRST 5)
    return r3

(eventual cause: NoSuchFileException "/home/jackfromeast/Desktop/python-class-pollution/tasks/class-pollution-positive...")
	at com.semmle.inmemory.pipeline.MetaPipelineInstance.wrapWithRaDump(MetaPipelineInstance.java:204)
	at com.semmle.inmemory.pipeline.MetaPipelineInstance.exceptionCaught(MetaPipelineInstance.java:174)
	at com.semmle.inmemory.scheduler.execution.ThreadableWork.handleAndLog(ThreadableWork.java:593)
	at com.semmle.inmemory.scheduler.execution.ThreadableWork.doSomeWork(ThreadableWork.java:410)
	at com.semmle.inmemory.scheduler.RecursiveLayer$RecursiveWork.doWork(RecursiveLayer.java:476)
	at com.semmle.inmemory.scheduler.execution.ThreadableWork.doSomeWork(ThreadableWork.java:396)
	at com.semmle.inmemory.scheduler.execution.ExecutionScheduler.runnerMain(ExecutionScheduler.java:707)
	at java.base/java.util.concurrent.ThreadPoolExecutor.runWorker(Unknown Source)
	at java.base/java.util.concurrent.ThreadPoolExecutor$Worker.run(Unknown Source)
	at java.base/java.lang.Thread.run(Unknown Source)
Caused by: Severe disk cache trouble (corruption or out of space) at /home/jackfromeast/Desktop/python-class-pollution/tasks/class-pollution-positive-remote/output/ouroboros/codeql-db/db-python/default/cache/relations/b9.pack: Failed to write item to disk
(eventual cause: NoSuchFileException "/home/jackfromeast/Desktop/python-class-pollution/tasks/class-pollution-positive...")
	at com.semmle.inmemory.caching.RelationCacheImpl.lambda$create$0(RelationCacheImpl.java:87)
	at com.semmle.inmemory.caching.byhash.disk.OnDiskStore.put(OnDiskStore.java:136)
	at com.semmle.inmemory.caching.byhash.interfaces.HashBasedCache.putIfPresent(HashBasedCache.java:29)
	at com.semmle.inmemory.caching.byhash.evict.Evictor$ItemHandle.writeToDisk(Evictor.java:723)
	at java.base/java.util.ArrayList.forEach(Unknown Source)
	at com.semmle.inmemory.caching.byhash.evict.Evictor.writeSelectedItems(Evictor.java:1059)
	at com.semmle.inmemory.caching.byhash.evict.Evictor.reduceMemoryUsage(Evictor.java:459)
	at com.semmle.inmemory.alloc.MemoryManager.reduceArraySpace(MemoryManager.java:342)
	at com.semmle.inmemory.alloc.RigidArrayAllocator.allocateArrays(RigidArrayAllocator.java:178)
	at com.semmle.inmemory.alloc.MemoryManager.allocateArrays(MemoryManager.java:413)
	at com.semmle.inmemory.relations.writers.IntArrayWriter.<init>(IntArrayWriter.java:62)
	at com.semmle.inmemory.relations.writers.IntArrayWriter.create(IntArrayWriter.java:86)
	at com.semmle.inmemory.relations.writers.UnsortedRelationWriter.<init>(UnsortedRelationWriter.java:87)
	at com.semmle.inmemory.caching.RelationWriterAllocator.createRelationWriter(RelationWriterAllocator.java:25)
	at com.semmle.inmemory.relations.RecursionAccumulator$Delta.createRelationWriter(RecursionAccumulator.java:228)
	at com.semmle.inmemory.relations.RecursionAccumulator.createDeltaWriter(RecursionAccumulator.java:80)
	at com.semmle.inmemory.relations.ReorderableAccumulator.createDeltaWriter(ReorderableAccumulator.java:76)
	at com.semmle.inmemory.pipeline.RelationWritingStep.createWriter(RelationWritingStep.java:70)
	at com.semmle.inmemory.pipeline.PipelineInstance.prepareWork(PipelineInstance.java:62)
	at com.semmle.inmemory.scheduler.execution.ThreadableWork.doSomeWork(ThreadableWork.java:362)
	at com.semmle.inmemory.scheduler.execution.ChainingWork.doWork(ChainingWork.java:30)
	at com.semmle.inmemory.scheduler.execution.ThreadableWork.doSomeWork(ThreadableWork.java:396)
	... 6 more
Caused by: java.nio.file.NoSuchFileException: /home/jackfromeast/Desktop/python-class-pollution/tasks/class-pollution-positive-remote/output/ouroboros/codeql-db/db-python/default/cache/relations/b9.pack
	at java.base/sun.nio.fs.UnixException.translateToIOException(Unknown Source)
	at java.base/sun.nio.fs.UnixException.rethrowAsIOException(Unknown Source)
	at java.base/sun.nio.fs.UnixException.rethrowAsIOException(Unknown Source)
	at java.base/sun.nio.fs.UnixFileSystemProvider.newFileChannel(Unknown Source)
	at java.base/java.nio.channels.FileChannel.open(Unknown Source)
	at java.base/java.nio.channels.FileChannel.open(Unknown Source)
	at com.semmle.inmemory.caching.byhash.disk.OnDiskPack.openDirfile(OnDiskPack.java:893)
	at com.semmle.inmemory.caching.byhash.disk.OnDiskPack.openOrCreateDirfile(OnDiskPack.java:910)
	at com.semmle.inmemory.caching.byhash.disk.OnDiskPack.store(OnDiskPack.java:222)
	at com.semmle.inmemory.caching.byhash.disk.OnDiskStore.put(OnDiskStore.java:126)
	... 26 more

 (logger.py:42)
2025-04-28 02:10:36,032 - CodeQLRunner - ERROR - Failed to run query: /home/jackfromeast/Desktop/python-class-pollution/codeql-query/class-pollution-all/class-pollution-external.qls (logger.py:42)
2025-04-28 02:11:04,640 - CodeQLRunner - ERROR - Failed to build CodeQL database for ApiTestManage: UnknownError: Initializing database at /home/jackfromeast/Desktop/python-class-pollution/tasks/class-pollution-positive-remote/output/ApiTestManage/codeql-db.
Unrecognized file in database cluster: '/home/jackfromeast/Desktop/python-class-pollution/tasks/class-pollution-positive-remote/output/ApiTestManage/codeql-db/db-python'.
A fatal error occurred: Ran with database overwriting enabled, but the directory does not appear to be a CodeQL database or database cluster. Please check you do indeed wish to delete it, and do so manually.
 (logger.py:42)
2025-04-28 02:11:04,909 - CodeQLRunner - ERROR - Failed to execute query /home/jackfromeast/Desktop/python-class-pollution/codeql-query/class-pollution-all/class-pollution-external.qls: UnknownError: Running queries.
Compiling query plan for /home/jackfromeast/Desktop/python-class-pollution/codeql-query/class-pollution-all/query/ExternalClassPollutionQueryNewSetBothGetAttr.ql.
WARNING: unused variable 'setOpSecondObj' (/home/jackfromeast/Desktop/python-class-pollution/codeql-query/class-pollution-all/vuln/ClassPollutingAssignLib.qll:543,239-253)
WARNING: unused variable 'setOpSecondObj' (/home/jackfromeast/Desktop/python-class-pollution/codeql-query/class-pollution-all/vuln/ClassPollutingAssignLib.qll:562,245-259)
[1/6] Found in cache: /home/jackfromeast/Desktop/python-class-pollution/codeql-query/class-pollution-all/query/ExternalClassPollutionQueryNewSetBothGetAttr.ql.
Compiling query plan for /home/jackfromeast/Desktop/python-class-pollution/codeql-query/class-pollution-all/query/ExternalClassPollutionQueryNewSetAttrGetAttr.ql.
WARNING: unused variable 'setOpSecondObj' (/home/jackfromeast/Desktop/python-class-pollution/codeql-query/class-pollution-all/vuln/ClassPollutingAssignLib.qll:543,239-253)
WARNING: unused variable 'setOpSecondObj' (/home/jackfromeast/Desktop/python-class-pollution/codeql-query/class-pollution-all/vuln/ClassPollutingAssignLib.qll:562,245-259)
[2/6] Found in cache: /home/jackfromeast/Desktop/python-class-pollution/codeql-query/class-pollution-all/query/ExternalClassPollutionQueryNewSetAttrGetAttr.ql.
Compiling query plan for /home/jackfromeast/Desktop/python-class-pollution/codeql-query/class-pollution-all/query/ExternalClassPollutionQueryNewSetItemGetAttr.ql.
WARNING: unused variable 'setOpSecondObj' (/home/jackfromeast/Desktop/python-class-pollution/codeql-query/class-pollution-all/vuln/ClassPollutingAssignLib.qll:543,239-253)
WARNING: unused variable 'setOpSecondObj' (/home/jackfromeast/Desktop/python-class-pollution/codeql-query/class-pollution-all/vuln/ClassPollutingAssignLib.qll:562,245-259)
[3/6] Found in cache: /home/jackfromeast/Desktop/python-class-pollution/codeql-query/class-pollution-all/query/ExternalClassPollutionQueryNewSetItemGetAttr.ql.
Compiling query plan for /home/jackfromeast/Desktop/python-class-pollution/codeql-query/class-pollution-all/query/ExternalClassPollutionQueryNewSetBothGetBoth.ql.
WARNING: unused variable 'setOpSecondObj' (/home/jackfromeast/Desktop/python-class-pollution/codeql-query/class-pollution-all/vuln/ClassPollutingAssignLib.qll:543,239-253)
WARNING: unused variable 'setOpSecondObj' (/home/jackfromeast/Desktop/python-class-pollution/codeql-query/class-pollution-all/vuln/ClassPollutingAssignLib.qll:562,245-259)
[4/6] Found in cache: /home/jackfromeast/Desktop/python-class-pollution/codeql-query/class-pollution-all/query/ExternalClassPollutionQueryNewSetBothGetBoth.ql.
Compiling query plan for /home/jackfromeast/Desktop/python-class-pollution/codeql-query/class-pollution-all/query/ExternalClassPollutionQueryNewSetItemGetBoth.ql.
WARNING: unused variable 'setOpSecondObj' (/home/jackfromeast/Desktop/python-class-pollution/codeql-query/class-pollution-all/vuln/ClassPollutingAssignLib.qll:543,239-253)
WARNING: unused variable 'setOpSecondObj' (/home/jackfromeast/Desktop/python-class-pollution/codeql-query/class-pollution-all/vuln/ClassPollutingAssignLib.qll:562,245-259)
[5/6] Found in cache: /home/jackfromeast/Desktop/python-class-pollution/codeql-query/class-pollution-all/query/ExternalClassPollutionQueryNewSetItemGetBoth.ql.
Compiling query plan for /home/jackfromeast/Desktop/python-class-pollution/codeql-query/class-pollution-all/query/ExternalClassPollutionQueryNewSetAttrGetBoth.ql.
WARNING: unused variable 'setOpSecondObj' (/home/jackfromeast/Desktop/python-class-pollution/codeql-query/class-pollution-all/vuln/ClassPollutingAssignLib.qll:543,239-253)
WARNING: unused variable 'setOpSecondObj' (/home/jackfromeast/Desktop/python-class-pollution/codeql-query/class-pollution-all/vuln/ClassPollutingAssignLib.qll:562,245-259)
[6/6] Found in cache: /home/jackfromeast/Desktop/python-class-pollution/codeql-query/class-pollution-all/query/ExternalClassPollutionQueryNewSetAttrGetBoth.ql.
Starting evaluation of jackfromeast/class-pollution-all/query/ExternalClassPollutionQueryNewSetAttrGetAttr.ql.
A fatal error occurred: Cannot create dirty marker for cached strings
(eventual cause: NoSuchFileException "/home/jackfromeast/Desktop/python-class-pollution/tasks/class-pollution-positive...")
 (logger.py:42)
2025-04-28 02:11:04,910 - CodeQLRunner - ERROR - Failed to run query: /home/jackfromeast/Desktop/python-class-pollution/codeql-query/class-pollution-all/class-pollution-external.qls (logger.py:42)
2025-04-28 02:11:33,834 - CodeQLRunner - ERROR - Failed to execute query /home/jackfromeast/Desktop/python-class-pollution/codeql-query/class-pollution-all/class-pollution-external.qls: UnknownError: Running queries.
Compiling query plan for /home/jackfromeast/Desktop/python-class-pollution/codeql-query/class-pollution-all/query/ExternalClassPollutionQueryNewSetBothGetAttr.ql.
WARNING: unused variable 'setOpSecondObj' (/home/jackfromeast/Desktop/python-class-pollution/codeql-query/class-pollution-all/vuln/ClassPollutingAssignLib.qll:543,239-253)
WARNING: unused variable 'setOpSecondObj' (/home/jackfromeast/Desktop/python-class-pollution/codeql-query/class-pollution-all/vuln/ClassPollutingAssignLib.qll:562,245-259)
A fatal error occurred: Could not read dbscheme at /home/jackfromeast/Desktop/python-class-pollution/tasks/class-pollution-positive-remote/output/OmniCorpus/codeql-db/db-python/semmlecode.python.dbscheme: java.nio.file.NoSuchFileException: /home/jackfromeast/Desktop/python-class-pollution/tasks/class-pollution-positive-remote/output/OmniCorpus/codeql-db/db-python/semmlecode.python.dbscheme
 (logger.py:42)
2025-04-28 02:11:33,834 - CodeQLRunner - ERROR - Failed to run query: /home/jackfromeast/Desktop/python-class-pollution/codeql-query/class-pollution-all/class-pollution-external.qls (logger.py:42)
2025-04-28 02:11:34,042 - CodeQLRunner - ERROR - Failed to build CodeQL database for OmniCorpus: UnknownError: Initializing database at /home/jackfromeast/Desktop/python-class-pollution/tasks/class-pollution-positive-remote/output/OmniCorpus/codeql-db.
Running build command: []
A fatal error occurred: Invalid working directory: /home/jackfromeast/Desktop/python-class-pollution/tasks/class-pollution-positive-remote/output/OmniCorpus/codebase.
 (logger.py:42)
2025-04-28 02:11:42,683 - CodeQLRunner - ERROR - Building CodeQL database timed out: clist (logger.py:42)
2025-04-28 02:12:05,925 - CodeQLRunner - ERROR - Failed to build CodeQL database for pyfluent: UnknownError: Initializing database at /home/jackfromeast/Desktop/python-class-pollution/tasks/class-pollution-positive-remote/output/pyfluent/codeql-db.
Running build command: []
Running command in /home/jackfromeast/Desktop/python-class-pollution/tasks/class-pollution-positive-remote/output/pyfluent/codebase: [/home/jackfromeast/Downloads/codeql/python/tools/autobuild.sh]
Finalizing database at /home/jackfromeast/Desktop/python-class-pollution/tasks/class-pollution-positive-remote/output/pyfluent/codeql-db.
Running pre-finalize script /home/jackfromeast/Downloads/codeql/python/tools/pre-finalize.sh in /home/jackfromeast/Desktop/python-class-pollution/tasks/class-pollution-positive-remote/output/pyfluent/codebase.
Running command in /home/jackfromeast/Desktop/python-class-pollution/tasks/class-pollution-positive-remote/output/pyfluent/codebase: [/home/jackfromeast/Downloads/codeql/python/tools/pre-finalize.sh]
A fatal error occurred: Exit status 2 from command: [/home/jackfromeast/Downloads/codeql/python/tools/pre-finalize.sh]
Failed to write diagnostic information.
 (logger.py:42)
2025-04-28 02:12:38,652 - CodeQLRunner - ERROR - Failed to build CodeQL database for AdaLoRA: UnknownError: Initializing database at /home/jackfromeast/Desktop/python-class-pollution/tasks/class-pollution-positive-remote/output/AdaLoRA/codeql-db.
Running build command: []
Running command in /home/jackfromeast/Desktop/python-class-pollution/tasks/class-pollution-positive-remote/output/AdaLoRA/codebase: [/home/jackfromeast/Downloads/codeql/python/tools/autobuild.sh]
Finalizing database at /home/jackfromeast/Desktop/python-class-pollution/tasks/class-pollution-positive-remote/output/AdaLoRA/codeql-db.
Running pre-finalize script /home/jackfromeast/Downloads/codeql/python/tools/pre-finalize.sh in /home/jackfromeast/Desktop/python-class-pollution/tasks/class-pollution-positive-remote/output/AdaLoRA/codebase.
Running command in /home/jackfromeast/Desktop/python-class-pollution/tasks/class-pollution-positive-remote/output/AdaLoRA/codebase: [/home/jackfromeast/Downloads/codeql/python/tools/pre-finalize.sh]
Running TRAP import for CodeQL database at /home/jackfromeast/Desktop/python-class-pollution/tasks/class-pollution-positive-remote/output/AdaLoRA/codeql-db...
Importing TRAP files
A fatal error occurred: Could not create temporary file in /home/jackfromeast/Desktop/python-class-pollution/tasks/class-pollution-positive-remote/output/AdaLoRA/codeql-db/db-python/default/cache/working for relation py_scopes
(eventual cause: NoSuchFileException "/home/jackfromeast/Desktop/python-class-pollution/tasks/class-pollution-positive...")
A fatal error occurred: Dataset import for /home/jackfromeast/Desktop/python-class-pollution/tasks/class-pollution-positive-remote/output/AdaLoRA/codeql-db/db-python failed with code 2.
Failed to write diagnostic information.
 (logger.py:42)
2025-04-28 02:12:38,867 - CodeQLRunner - ERROR - Failed to build CodeQL database for AdaLoRA: UnknownError: Initializing database at /home/jackfromeast/Desktop/python-class-pollution/tasks/class-pollution-positive-remote/output/AdaLoRA/codeql-db.
Running build command: []
A fatal error occurred: Invalid working directory: /home/jackfromeast/Desktop/python-class-pollution/tasks/class-pollution-positive-remote/output/AdaLoRA/codebase.
 (logger.py:42)
2025-04-28 02:14:29,729 - CodeQLRunner - ERROR - Failed to build CodeQL database for pytorch: UnknownError: Initializing database at /home/jackfromeast/Desktop/python-class-pollution/tasks/class-pollution-positive-remote/output/pytorch/codeql-db.
Unrecognized file in database cluster: '/home/jackfromeast/Desktop/python-class-pollution/tasks/class-pollution-positive-remote/output/pytorch/codeql-db/db-python'.
A fatal error occurred: Ran with database overwriting enabled, but the directory does not appear to be a CodeQL database or database cluster. Please check you do indeed wish to delete it, and do so manually.
 (logger.py:42)
2025-04-28 02:14:35,949 - CodeQLRunner - ERROR - Failed to execute query /home/jackfromeast/Desktop/python-class-pollution/codeql-query/class-pollution-all/class-pollution-external.qls: UnknownError: Running queries.
Compiling query plan for /home/jackfromeast/Desktop/python-class-pollution/codeql-query/class-pollution-all/query/ExternalClassPollutionQueryNewSetBothGetAttr.ql.
WARNING: unused variable 'setOpSecondObj' (/home/jackfromeast/Desktop/python-class-pollution/codeql-query/class-pollution-all/vuln/ClassPollutingAssignLib.qll:543,239-253)
WARNING: unused variable 'setOpSecondObj' (/home/jackfromeast/Desktop/python-class-pollution/codeql-query/class-pollution-all/vuln/ClassPollutingAssignLib.qll:562,245-259)
[1/6] Found in cache: /home/jackfromeast/Desktop/python-class-pollution/codeql-query/class-pollution-all/query/ExternalClassPollutionQueryNewSetBothGetAttr.ql.
Compiling query plan for /home/jackfromeast/Desktop/python-class-pollution/codeql-query/class-pollution-all/query/ExternalClassPollutionQueryNewSetAttrGetAttr.ql.
WARNING: unused variable 'setOpSecondObj' (/home/jackfromeast/Desktop/python-class-pollution/codeql-query/class-pollution-all/vuln/ClassPollutingAssignLib.qll:543,239-253)
WARNING: unused variable 'setOpSecondObj' (/home/jackfromeast/Desktop/python-class-pollution/codeql-query/class-pollution-all/vuln/ClassPollutingAssignLib.qll:562,245-259)
[2/6] Found in cache: /home/jackfromeast/Desktop/python-class-pollution/codeql-query/class-pollution-all/query/ExternalClassPollutionQueryNewSetAttrGetAttr.ql.
Compiling query plan for /home/jackfromeast/Desktop/python-class-pollution/codeql-query/class-pollution-all/query/ExternalClassPollutionQueryNewSetItemGetAttr.ql.
WARNING: unused variable 'setOpSecondObj' (/home/jackfromeast/Desktop/python-class-pollution/codeql-query/class-pollution-all/vuln/ClassPollutingAssignLib.qll:543,239-253)
WARNING: unused variable 'setOpSecondObj' (/home/jackfromeast/Desktop/python-class-pollution/codeql-query/class-pollution-all/vuln/ClassPollutingAssignLib.qll:562,245-259)
[3/6] Found in cache: /home/jackfromeast/Desktop/python-class-pollution/codeql-query/class-pollution-all/query/ExternalClassPollutionQueryNewSetItemGetAttr.ql.
Compiling query plan for /home/jackfromeast/Desktop/python-class-pollution/codeql-query/class-pollution-all/query/ExternalClassPollutionQueryNewSetBothGetBoth.ql.
WARNING: unused variable 'setOpSecondObj' (/home/jackfromeast/Desktop/python-class-pollution/codeql-query/class-pollution-all/vuln/ClassPollutingAssignLib.qll:543,239-253)
WARNING: unused variable 'setOpSecondObj' (/home/jackfromeast/Desktop/python-class-pollution/codeql-query/class-pollution-all/vuln/ClassPollutingAssignLib.qll:562,245-259)
[4/6] Found in cache: /home/jackfromeast/Desktop/python-class-pollution/codeql-query/class-pollution-all/query/ExternalClassPollutionQueryNewSetBothGetBoth.ql.
Compiling query plan for /home/jackfromeast/Desktop/python-class-pollution/codeql-query/class-pollution-all/query/ExternalClassPollutionQueryNewSetItemGetBoth.ql.
WARNING: unused variable 'setOpSecondObj' (/home/jackfromeast/Desktop/python-class-pollution/codeql-query/class-pollution-all/vuln/ClassPollutingAssignLib.qll:543,239-253)
WARNING: unused variable 'setOpSecondObj' (/home/jackfromeast/Desktop/python-class-pollution/codeql-query/class-pollution-all/vuln/ClassPollutingAssignLib.qll:562,245-259)
[5/6] Found in cache: /home/jackfromeast/Desktop/python-class-pollution/codeql-query/class-pollution-all/query/ExternalClassPollutionQueryNewSetItemGetBoth.ql.
Compiling query plan for /home/jackfromeast/Desktop/python-class-pollution/codeql-query/class-pollution-all/query/ExternalClassPollutionQueryNewSetAttrGetBoth.ql.
WARNING: unused variable 'setOpSecondObj' (/home/jackfromeast/Desktop/python-class-pollution/codeql-query/class-pollution-all/vuln/ClassPollutingAssignLib.qll:543,239-253)
WARNING: unused variable 'setOpSecondObj' (/home/jackfromeast/Desktop/python-class-pollution/codeql-query/class-pollution-all/vuln/ClassPollutingAssignLib.qll:562,245-259)
[6/6] Found in cache: /home/jackfromeast/Desktop/python-class-pollution/codeql-query/class-pollution-all/query/ExternalClassPollutionQueryNewSetAttrGetBoth.ql.
Starting evaluation of jackfromeast/class-pollution-all/query/ExternalClassPollutionQueryNewSetAttrGetAttr.ql.
Oops! A fatal internal error occurred. Details:
com.semmle.util.exception.CatastrophicError: An error occurred while evaluating num#DataFlowDispatch::TKeywordParameterPosition#6758f398/2@a09def85
Cannot create dirty marker for cached strings
The RA to evaluate was:

    {2} r1 = INVOKE HIGHER-ORDER RELATION construct<DataFlowDispatch#3c0b8265::TParameterPosition,4> ON <DataFlowDispatch::TKeywordParameterPosition#dom#6e7d95e5>
    return r1

(eventual cause: NoSuchFileException "/home/jackfromeast/Desktop/python-class-pollution/tasks/class-pollution-positive...")
	at com.semmle.inmemory.pipeline.MetaPipelineInstance.wrapWithRaDump(MetaPipelineInstance.java:204)
	at com.semmle.inmemory.pipeline.MetaPipelineInstance.exceptionCaught(MetaPipelineInstance.java:174)
	at com.semmle.inmemory.scheduler.execution.ThreadableWork.handleAndLog(ThreadableWork.java:593)
	at com.semmle.inmemory.scheduler.execution.ThreadableWork.doSomeWork(ThreadableWork.java:410)
	at com.semmle.inmemory.scheduler.IntensionalLayer$IntensionalWork.evaluate(IntensionalLayer.java:124)
	at com.semmle.inmemory.scheduler.SimpleLayerTask$SimpleLayerWork.doWork(SimpleLayerTask.java:69)
	at com.semmle.inmemory.scheduler.execution.ThreadableWork.doSomeWork(ThreadableWork.java:396)
	at com.semmle.inmemory.scheduler.execution.ExecutionScheduler.runnerMain(ExecutionScheduler.java:707)
	at java.base/java.util.concurrent.ThreadPoolExecutor.runWorker(Unknown Source)
	at java.base/java.util.concurrent.ThreadPoolExecutor$Worker.run(Unknown Source)
	at java.base/java.lang.Thread.run(Unknown Source)
Caused by: Cannot create dirty marker for cached strings
(eventual cause: NoSuchFileException "/home/jackfromeast/Desktop/python-class-pollution/tasks/class-pollution-positive...")
	at com.semmle.inmemory.stringpool.StringPool.promoteStringToCached(StringPool.java:479)
	at com.semmle.inmemory.stringpool.StringPool.promoteToCached(StringPool.java:449)
	at com.semmle.inmemory.caching.TuplePool$ComplexNumberer.lambda$freshNumberRelation$1(TuplePool.java:496)
	at com.semmle.inmemory.relations.BaseIntArrayRelation.map(BaseIntArrayRelation.java:88)
	at com.semmle.inmemory.caching.PagedRelation.map(PagedRelation.java:158)
	at com.semmle.inmemory.relations.AbstractRelation.deduplicateMap(AbstractRelation.java:138)
	at com.semmle.inmemory.caching.TuplePool$ComplexNumberer.lambda$freshNumberRelation$2(TuplePool.java:480)
	at com.semmle.inmemory.relations.writers.RelationWriter.withSink(RelationWriter.java:72)
	at com.semmle.inmemory.caching.TuplePool$ComplexNumberer.freshNumberRelation(TuplePool.java:478)
	at com.semmle.inmemory.caching.TuplePool$ComplexNumberer.doNumbering(TuplePool.java:436)
	at com.semmle.inmemory.caching.TuplePool.lambda$doNumbering$1(TuplePool.java:245)
	at com.semmle.util.concurrent.LockUtils.runThenUnlock(LockUtils.java:8)
	at com.semmle.inmemory.caching.TuplePool$ComplexNumberer.doWithBranchLock(TuplePool.java:561)
	at com.semmle.inmemory.caching.TuplePool.doNumbering(TuplePool.java:233)
	at com.semmle.inmemory.ast.IMBConstructDatatype.doNumberingStreaming(IMBConstructDatatype.java:165)
	at com.semmle.inmemory.ast.IMBConstructDatatype$1.evaluateSink(IMBConstructDatatype.java:142)
	at com.semmle.inmemory.pipeline.HOPStep.generateTuples(HOPStep.java:57)
	at com.semmle.inmemory.pipeline.SimpleHeadStep.lambda$forwardInitialize$0(SimpleHeadStep.java:32)
	at com.semmle.inmemory.pipeline.HeadEndDispatcher.headEndWork(HeadEndDispatcher.java:75)
	at com.semmle.inmemory.pipeline.PipelineState.doSomeWork(PipelineState.java:88)
	at com.semmle.inmemory.pipeline.PipelineInstance.doWork(PipelineInstance.java:78)
	at com.semmle.inmemory.scheduler.execution.ThreadableWork.doSomeWork(ThreadableWork.java:396)
	at com.semmle.inmemory.scheduler.execution.ChainingWork.doWork(ChainingWork.java:30)
	at com.semmle.inmemory.scheduler.execution.ThreadableWork.doSomeWork(ThreadableWork.java:396)
	... 7 more
Caused by: java.nio.file.NoSuchFileException: /home/jackfromeast/Desktop/python-class-pollution/tasks/class-pollution-positive-remote/output/pytorch/codeql-db/db-python/default/cache/cached-strings/pools/dirty
	at java.base/sun.nio.fs.UnixException.translateToIOException(Unknown Source)
	at java.base/sun.nio.fs.UnixException.rethrowAsIOException(Unknown Source)
	at java.base/sun.nio.fs.UnixException.rethrowAsIOException(Unknown Source)
	at java.base/sun.nio.fs.UnixFileSystemProvider.newByteChannel(Unknown Source)
	at java.base/java.nio.file.Files.newByteChannel(Unknown Source)
	at java.base/java.nio.file.Files.createFile(Unknown Source)
	at com.semmle.inmemory.stringpool.StringPool.promoteStringToCached(StringPool.java:476)
	... 30 more

 (logger.py:42)
2025-04-28 02:14:35,949 - CodeQLRunner - ERROR - Failed to run query: /home/jackfromeast/Desktop/python-class-pollution/codeql-query/class-pollution-all/class-pollution-external.qls (logger.py:42)
2025-04-28 02:14:39,201 - CodeQLRunner - ERROR - Failed to execute query /home/jackfromeast/Desktop/python-class-pollution/codeql-query/class-pollution-all/class-pollution-external.qls: UnknownError: Running queries.
Compiling query plan for /home/jackfromeast/Desktop/python-class-pollution/codeql-query/class-pollution-all/query/ExternalClassPollutionQueryNewSetBothGetAttr.ql.
WARNING: unused variable 'setOpSecondObj' (/home/jackfromeast/Desktop/python-class-pollution/codeql-query/class-pollution-all/vuln/ClassPollutingAssignLib.qll:543,239-253)
WARNING: unused variable 'setOpSecondObj' (/home/jackfromeast/Desktop/python-class-pollution/codeql-query/class-pollution-all/vuln/ClassPollutingAssignLib.qll:562,245-259)
A fatal error occurred: Could not read dbscheme at /home/jackfromeast/Desktop/python-class-pollution/tasks/class-pollution-positive-remote/output/Octopus/codeql-db/db-python/semmlecode.python.dbscheme: java.nio.file.NoSuchFileException: /home/jackfromeast/Desktop/python-class-pollution/tasks/class-pollution-positive-remote/output/Octopus/codeql-db/db-python/semmlecode.python.dbscheme
 (logger.py:42)
2025-04-28 02:14:39,202 - CodeQLRunner - ERROR - Failed to run query: /home/jackfromeast/Desktop/python-class-pollution/codeql-query/class-pollution-all/class-pollution-external.qls (logger.py:42)
2025-04-28 02:14:39,286 - CodeQLRunner - ERROR - Failed during cleanup: [Errno 39] Directory not empty: '3' (logger.py:42)
2025-04-28 02:15:02,670 - CodeQLRunner - ERROR - Failed to execute query /home/jackfromeast/Desktop/python-class-pollution/codeql-query/class-pollution-all/class-pollution-external.qls: UnknownError: Running queries.
Compiling query plan for /home/jackfromeast/Desktop/python-class-pollution/codeql-query/class-pollution-all/query/ExternalClassPollutionQueryNewSetBothGetAttr.ql.
WARNING: unused variable 'setOpSecondObj' (/home/jackfromeast/Desktop/python-class-pollution/codeql-query/class-pollution-all/vuln/ClassPollutingAssignLib.qll:543,239-253)
WARNING: unused variable 'setOpSecondObj' (/home/jackfromeast/Desktop/python-class-pollution/codeql-query/class-pollution-all/vuln/ClassPollutingAssignLib.qll:562,245-259)
[1/6] Found in cache: /home/jackfromeast/Desktop/python-class-pollution/codeql-query/class-pollution-all/query/ExternalClassPollutionQueryNewSetBothGetAttr.ql.
Compiling query plan for /home/jackfromeast/Desktop/python-class-pollution/codeql-query/class-pollution-all/query/ExternalClassPollutionQueryNewSetAttrGetAttr.ql.
WARNING: unused variable 'setOpSecondObj' (/home/jackfromeast/Desktop/python-class-pollution/codeql-query/class-pollution-all/vuln/ClassPollutingAssignLib.qll:543,239-253)
WARNING: unused variable 'setOpSecondObj' (/home/jackfromeast/Desktop/python-class-pollution/codeql-query/class-pollution-all/vuln/ClassPollutingAssignLib.qll:562,245-259)
[2/6] Found in cache: /home/jackfromeast/Desktop/python-class-pollution/codeql-query/class-pollution-all/query/ExternalClassPollutionQueryNewSetAttrGetAttr.ql.
Compiling query plan for /home/jackfromeast/Desktop/python-class-pollution/codeql-query/class-pollution-all/query/ExternalClassPollutionQueryNewSetItemGetAttr.ql.
WARNING: unused variable 'setOpSecondObj' (/home/jackfromeast/Desktop/python-class-pollution/codeql-query/class-pollution-all/vuln/ClassPollutingAssignLib.qll:543,239-253)
WARNING: unused variable 'setOpSecondObj' (/home/jackfromeast/Desktop/python-class-pollution/codeql-query/class-pollution-all/vuln/ClassPollutingAssignLib.qll:562,245-259)
[3/6] Found in cache: /home/jackfromeast/Desktop/python-class-pollution/codeql-query/class-pollution-all/query/ExternalClassPollutionQueryNewSetItemGetAttr.ql.
Compiling query plan for /home/jackfromeast/Desktop/python-class-pollution/codeql-query/class-pollution-all/query/ExternalClassPollutionQueryNewSetBothGetBoth.ql.
WARNING: unused variable 'setOpSecondObj' (/home/jackfromeast/Desktop/python-class-pollution/codeql-query/class-pollution-all/vuln/ClassPollutingAssignLib.qll:543,239-253)
WARNING: unused variable 'setOpSecondObj' (/home/jackfromeast/Desktop/python-class-pollution/codeql-query/class-pollution-all/vuln/ClassPollutingAssignLib.qll:562,245-259)
[4/6] Found in cache: /home/jackfromeast/Desktop/python-class-pollution/codeql-query/class-pollution-all/query/ExternalClassPollutionQueryNewSetBothGetBoth.ql.
Compiling query plan for /home/jackfromeast/Desktop/python-class-pollution/codeql-query/class-pollution-all/query/ExternalClassPollutionQueryNewSetItemGetBoth.ql.
WARNING: unused variable 'setOpSecondObj' (/home/jackfromeast/Desktop/python-class-pollution/codeql-query/class-pollution-all/vuln/ClassPollutingAssignLib.qll:543,239-253)
WARNING: unused variable 'setOpSecondObj' (/home/jackfromeast/Desktop/python-class-pollution/codeql-query/class-pollution-all/vuln/ClassPollutingAssignLib.qll:562,245-259)
[5/6] Found in cache: /home/jackfromeast/Desktop/python-class-pollution/codeql-query/class-pollution-all/query/ExternalClassPollutionQueryNewSetItemGetBoth.ql.
Compiling query plan for /home/jackfromeast/Desktop/python-class-pollution/codeql-query/class-pollution-all/query/ExternalClassPollutionQueryNewSetAttrGetBoth.ql.
WARNING: unused variable 'setOpSecondObj' (/home/jackfromeast/Desktop/python-class-pollution/codeql-query/class-pollution-all/vuln/ClassPollutingAssignLib.qll:543,239-253)
WARNING: unused variable 'setOpSecondObj' (/home/jackfromeast/Desktop/python-class-pollution/codeql-query/class-pollution-all/vuln/ClassPollutingAssignLib.qll:562,245-259)
[6/6] Found in cache: /home/jackfromeast/Desktop/python-class-pollution/codeql-query/class-pollution-all/query/ExternalClassPollutionQueryNewSetAttrGetBoth.ql.
Starting evaluation of jackfromeast/class-pollution-all/query/ExternalClassPollutionQueryNewSetAttrGetAttr.ql.
Starting evaluation of jackfromeast/class-pollution-all/query/ExternalClassPollutionQueryNewSetAttrGetBoth.ql.
[1/6 eval 13.8s] Evaluation done; writing results to jackfromeast/class-pollution-all/query/ExternalClassPollutionQueryNewSetAttrGetAttr.bqrs.
[2/6 eval 26ms] Evaluation done; writing results to jackfromeast/class-pollution-all/query/ExternalClassPollutionQueryNewSetAttrGetBoth.bqrs.
Starting evaluation of jackfromeast/class-pollution-all/query/ExternalClassPollutionQueryNewSetBothGetAttr.ql.
Starting evaluation of jackfromeast/class-pollution-all/query/ExternalClassPollutionQueryNewSetBothGetBoth.ql.
[3/6 eval 2ms] Evaluation done; writing results to jackfromeast/class-pollution-all/query/ExternalClassPollutionQueryNewSetBothGetAttr.bqrs.
Starting evaluation of jackfromeast/class-pollution-all/query/ExternalClassPollutionQueryNewSetItemGetAttr.ql.
[4/6 eval 41ms] Evaluation done; writing results to jackfromeast/class-pollution-all/query/ExternalClassPollutionQueryNewSetBothGetBoth.bqrs.
Starting evaluation of jackfromeast/class-pollution-all/query/ExternalClassPollutionQueryNewSetItemGetBoth.ql.
[5/6 eval 1ms] Evaluation done; writing results to jackfromeast/class-pollution-all/query/ExternalClassPollutionQueryNewSetItemGetAttr.bqrs.
[6/6 eval 199ms] Evaluation done; writing results to jackfromeast/class-pollution-all/query/ExternalClassPollutionQueryNewSetItemGetBoth.bqrs.
Shutting down query evaluator.
Interpreting results.
Interpreting /home/jackfromeast/Desktop/python-class-pollution/codeql-query/class-pollution-all/query/ExternalClassPollutionQueryNewSetBothGetAttr.ql...
Interpreting /home/jackfromeast/Desktop/python-class-pollution/codeql-query/class-pollution-all/query/ExternalClassPollutionQueryNewSetAttrGetAttr.ql...
Interpreting /home/jackfromeast/Desktop/python-class-pollution/codeql-query/class-pollution-all/query/ExternalClassPollutionQueryNewSetItemGetAttr.ql...
Interpreting /home/jackfromeast/Desktop/python-class-pollution/codeql-query/class-pollution-all/query/ExternalClassPollutionQueryNewSetBothGetBoth.ql...
Interpreting /home/jackfromeast/Desktop/python-class-pollution/codeql-query/class-pollution-all/query/ExternalClassPollutionQueryNewSetItemGetBoth.ql...
Interpreting /home/jackfromeast/Desktop/python-class-pollution/codeql-query/class-pollution-all/query/ExternalClassPollutionQueryNewSetAttrGetBoth.ql...
Exporting results to SARIF...
A fatal error occurred: Could not write SARIF file
(eventual cause: NoSuchFileException "/home/jackfromeast/Desktop/python-class-pollution/tasks/class-pollution-positive...")
 (logger.py:42)
2025-04-28 02:15:02,670 - CodeQLRunner - ERROR - Failed to run query: /home/jackfromeast/Desktop/python-class-pollution/codeql-query/class-pollution-all/class-pollution-external.qls (logger.py:42)
2025-04-28 02:15:23,026 - CodeQLRunner - ERROR - Failed to build CodeQL database for breaching: UnknownError: Initializing database at /home/jackfromeast/Desktop/python-class-pollution/tasks/class-pollution-positive-remote/output/breaching/codeql-db.
Unrecognized file in database cluster: '/home/jackfromeast/Desktop/python-class-pollution/tasks/class-pollution-positive-remote/output/breaching/codeql-db/db-python'.
A fatal error occurred: Ran with database overwriting enabled, but the directory does not appear to be a CodeQL database or database cluster. Please check you do indeed wish to delete it, and do so manually.
 (logger.py:42)
2025-04-28 02:15:24,258 - CodeQLRunner - ERROR - Failed to execute query /home/jackfromeast/Desktop/python-class-pollution/codeql-query/class-pollution-all/class-pollution-external.qls: UnknownError: Running queries.
Compiling query plan for /home/jackfromeast/Desktop/python-class-pollution/codeql-query/class-pollution-all/query/ExternalClassPollutionQueryNewSetBothGetAttr.ql.
WARNING: unused variable 'setOpSecondObj' (/home/jackfromeast/Desktop/python-class-pollution/codeql-query/class-pollution-all/vuln/ClassPollutingAssignLib.qll:543,239-253)
WARNING: unused variable 'setOpSecondObj' (/home/jackfromeast/Desktop/python-class-pollution/codeql-query/class-pollution-all/vuln/ClassPollutingAssignLib.qll:562,245-259)
[1/6] Found in cache: /home/jackfromeast/Desktop/python-class-pollution/codeql-query/class-pollution-all/query/ExternalClassPollutionQueryNewSetBothGetAttr.ql.
Compiling query plan for /home/jackfromeast/Desktop/python-class-pollution/codeql-query/class-pollution-all/query/ExternalClassPollutionQueryNewSetAttrGetAttr.ql.
WARNING: unused variable 'setOpSecondObj' (/home/jackfromeast/Desktop/python-class-pollution/codeql-query/class-pollution-all/vuln/ClassPollutingAssignLib.qll:543,239-253)
WARNING: unused variable 'setOpSecondObj' (/home/jackfromeast/Desktop/python-class-pollution/codeql-query/class-pollution-all/vuln/ClassPollutingAssignLib.qll:562,245-259)
[2/6] Found in cache: /home/jackfromeast/Desktop/python-class-pollution/codeql-query/class-pollution-all/query/ExternalClassPollutionQueryNewSetAttrGetAttr.ql.
Compiling query plan for /home/jackfromeast/Desktop/python-class-pollution/codeql-query/class-pollution-all/query/ExternalClassPollutionQueryNewSetItemGetAttr.ql.
WARNING: unused variable 'setOpSecondObj' (/home/jackfromeast/Desktop/python-class-pollution/codeql-query/class-pollution-all/vuln/ClassPollutingAssignLib.qll:543,239-253)
WARNING: unused variable 'setOpSecondObj' (/home/jackfromeast/Desktop/python-class-pollution/codeql-query/class-pollution-all/vuln/ClassPollutingAssignLib.qll:562,245-259)
[3/6] Found in cache: /home/jackfromeast/Desktop/python-class-pollution/codeql-query/class-pollution-all/query/ExternalClassPollutionQueryNewSetItemGetAttr.ql.
Compiling query plan for /home/jackfromeast/Desktop/python-class-pollution/codeql-query/class-pollution-all/query/ExternalClassPollutionQueryNewSetBothGetBoth.ql.
WARNING: unused variable 'setOpSecondObj' (/home/jackfromeast/Desktop/python-class-pollution/codeql-query/class-pollution-all/vuln/ClassPollutingAssignLib.qll:543,239-253)
WARNING: unused variable 'setOpSecondObj' (/home/jackfromeast/Desktop/python-class-pollution/codeql-query/class-pollution-all/vuln/ClassPollutingAssignLib.qll:562,245-259)
[4/6] Found in cache: /home/jackfromeast/Desktop/python-class-pollution/codeql-query/class-pollution-all/query/ExternalClassPollutionQueryNewSetBothGetBoth.ql.
Compiling query plan for /home/jackfromeast/Desktop/python-class-pollution/codeql-query/class-pollution-all/query/ExternalClassPollutionQueryNewSetItemGetBoth.ql.
WARNING: unused variable 'setOpSecondObj' (/home/jackfromeast/Desktop/python-class-pollution/codeql-query/class-pollution-all/vuln/ClassPollutingAssignLib.qll:543,239-253)
WARNING: unused variable 'setOpSecondObj' (/home/jackfromeast/Desktop/python-class-pollution/codeql-query/class-pollution-all/vuln/ClassPollutingAssignLib.qll:562,245-259)
[5/6] Found in cache: /home/jackfromeast/Desktop/python-class-pollution/codeql-query/class-pollution-all/query/ExternalClassPollutionQueryNewSetItemGetBoth.ql.
Compiling query plan for /home/jackfromeast/Desktop/python-class-pollution/codeql-query/class-pollution-all/query/ExternalClassPollutionQueryNewSetAttrGetBoth.ql.
WARNING: unused variable 'setOpSecondObj' (/home/jackfromeast/Desktop/python-class-pollution/codeql-query/class-pollution-all/vuln/ClassPollutingAssignLib.qll:543,239-253)
WARNING: unused variable 'setOpSecondObj' (/home/jackfromeast/Desktop/python-class-pollution/codeql-query/class-pollution-all/vuln/ClassPollutingAssignLib.qll:562,245-259)
[6/6] Found in cache: /home/jackfromeast/Desktop/python-class-pollution/codeql-query/class-pollution-all/query/ExternalClassPollutionQueryNewSetAttrGetBoth.ql.
Starting evaluation of jackfromeast/class-pollution-all/query/ExternalClassPollutionQueryNewSetAttrGetAttr.ql.
Oops! A fatal internal error occurred. Details:
com.semmle.util.exception.CatastrophicError: An error occurred while evaluating num#DataFlowImpl::Impl<TaintTracking::TaintTracking::GlobalWithState<ClassPollutionTaintTrackingLib::ClassPollutionTaintTracking::TrackingClassPollutionKeyToAssignmentConfiguration>::C>::S6Graph::TPathNodeMid#6561af31/7@3e3db2d5
Cannot create dirty marker for cached strings
The RA to evaluate was:

    {7} r1 = INVOKE HIGHER-ORDER RELATION construct<DataFlowImpl#248dabc3::MakeImpl-Files#a547fcb4::Location-DataFlowImplSpecific#9c24d182::PythonDataFlow-::Impl-TaintTrac-fca611d2,0> ON <`DataFlowImpl::Impl<TaintTracking::TaintTracking::GlobalWithState<ClassPollutionTaintTrackingLib::ClassPollutionTaintTracking::TrackingClassPollutionKeyToAssignmentConfiguration>::C>::S6Graph::TPathNodeMid#dom#ef5a3208`>
    return r1

(eventual cause: NoSuchFileException "/home/jackfromeast/Desktop/python-class-pollution/tasks/class-pollution-positive...")
	at com.semmle.inmemory.pipeline.MetaPipelineInstance.wrapWithRaDump(MetaPipelineInstance.java:204)
	at com.semmle.inmemory.pipeline.MetaPipelineInstance.exceptionCaught(MetaPipelineInstance.java:174)
	at com.semmle.inmemory.scheduler.execution.ThreadableWork.handleAndLog(ThreadableWork.java:593)
	at com.semmle.inmemory.scheduler.execution.ThreadableWork.doSomeWork(ThreadableWork.java:410)
	at com.semmle.inmemory.scheduler.IntensionalLayer$IntensionalWork.evaluate(IntensionalLayer.java:124)
	at com.semmle.inmemory.scheduler.SimpleLayerTask$SimpleLayerWork.doWork(SimpleLayerTask.java:69)
	at com.semmle.inmemory.scheduler.execution.ThreadableWork.doSomeWork(ThreadableWork.java:396)
	at com.semmle.inmemory.scheduler.execution.ExecutionScheduler.runnerMain(ExecutionScheduler.java:707)
	at java.base/java.util.concurrent.ThreadPoolExecutor.runWorker(Unknown Source)
	at java.base/java.util.concurrent.ThreadPoolExecutor$Worker.run(Unknown Source)
	at java.base/java.lang.Thread.run(Unknown Source)
Caused by: Cannot create dirty marker for cached strings
(eventual cause: NoSuchFileException "/home/jackfromeast/Desktop/python-class-pollution/tasks/class-pollution-positive...")
	at com.semmle.inmemory.stringpool.StringPool.promoteStringToCached(StringPool.java:479)
	at com.semmle.inmemory.stringpool.StringPool.promoteToCached(StringPool.java:449)
	at com.semmle.inmemory.caching.TuplePool$ComplexNumberer.lambda$freshNumberRelation$1(TuplePool.java:496)
	at com.semmle.inmemory.relations.BaseIntArrayRelation.map(BaseIntArrayRelation.java:88)
	at com.semmle.inmemory.caching.PagedRelation.map(PagedRelation.java:158)
	at com.semmle.inmemory.relations.AbstractRelation.deduplicateMap(AbstractRelation.java:138)
	at com.semmle.inmemory.caching.TuplePool$ComplexNumberer.lambda$freshNumberRelation$2(TuplePool.java:480)
	at com.semmle.inmemory.relations.writers.RelationWriter.withSink(RelationWriter.java:72)
	at com.semmle.inmemory.caching.TuplePool$ComplexNumberer.freshNumberRelation(TuplePool.java:478)
	at com.semmle.inmemory.caching.TuplePool$ComplexNumberer.doNumbering(TuplePool.java:436)
	at com.semmle.inmemory.caching.TuplePool.lambda$doNumbering$1(TuplePool.java:245)
	at com.semmle.util.concurrent.LockUtils.runThenUnlock(LockUtils.java:8)
	at com.semmle.inmemory.caching.TuplePool$ComplexNumberer.doWithBranchLock(TuplePool.java:561)
	at com.semmle.inmemory.caching.TuplePool.doNumbering(TuplePool.java:233)
	at com.semmle.inmemory.ast.IMBConstructDatatype.doNumberingStreaming(IMBConstructDatatype.java:165)
	at com.semmle.inmemory.ast.IMBConstructDatatype$1.evaluateSink(IMBConstructDatatype.java:142)
	at com.semmle.inmemory.pipeline.HOPStep.generateTuples(HOPStep.java:57)
	at com.semmle.inmemory.pipeline.SimpleHeadStep.lambda$forwardInitialize$0(SimpleHeadStep.java:32)
	at com.semmle.inmemory.pipeline.HeadEndDispatcher.headEndWork(HeadEndDispatcher.java:75)
	at com.semmle.inmemory.pipeline.PipelineState.doSomeWork(PipelineState.java:88)
	at com.semmle.inmemory.pipeline.PipelineInstance.doWork(PipelineInstance.java:78)
	at com.semmle.inmemory.scheduler.execution.ThreadableWork.doSomeWork(ThreadableWork.java:396)
	at com.semmle.inmemory.scheduler.execution.ChainingWork.doWork(ChainingWork.java:30)
	at com.semmle.inmemory.scheduler.execution.ThreadableWork.doSomeWork(ThreadableWork.java:396)
	... 7 more
Caused by: java.nio.file.NoSuchFileException: /home/jackfromeast/Desktop/python-class-pollution/tasks/class-pollution-positive-remote/output/breaching/codeql-db/db-python/default/cache/cached-strings/pools/dirty
	at java.base/sun.nio.fs.UnixException.translateToIOException(Unknown Source)
	at java.base/sun.nio.fs.UnixException.rethrowAsIOException(Unknown Source)
	at java.base/sun.nio.fs.UnixException.rethrowAsIOException(Unknown Source)
	at java.base/sun.nio.fs.UnixFileSystemProvider.newByteChannel(Unknown Source)
	at java.base/java.nio.file.Files.newByteChannel(Unknown Source)
	at java.base/java.nio.file.Files.createFile(Unknown Source)
	at com.semmle.inmemory.stringpool.StringPool.promoteStringToCached(StringPool.java:476)
	... 30 more

 (logger.py:42)
2025-04-28 02:15:24,259 - CodeQLRunner - ERROR - Failed to run query: /home/jackfromeast/Desktop/python-class-pollution/codeql-query/class-pollution-all/class-pollution-external.qls (logger.py:42)
2025-04-28 02:17:16,498 - CodeQLRunner - ERROR - Failed to execute query /home/jackfromeast/Desktop/python-class-pollution/codeql-query/class-pollution-all/class-pollution-external.qls: UnknownError: A fatal error occurred: /home/jackfromeast/Desktop/python-class-pollution/tasks/class-pollution-positive-remote/output/DriveArena/codeql-db is not a recognized CodeQL database.
 (logger.py:42)
2025-04-28 02:17:16,498 - CodeQLRunner - ERROR - Failed to run query: /home/jackfromeast/Desktop/python-class-pollution/codeql-query/class-pollution-all/class-pollution-external.qls (logger.py:42)
2025-04-28 02:17:17,163 - CodeQLRunner - ERROR - Failed to build CodeQL database for DriveArena: NoSupportedPythonCodeFound: No supported code found in the repository. (logger.py:42)
2025-04-28 02:17:49,701 - CodeQLRunner - ERROR - Query timed out for RoboBEV: /home/jackfromeast/Desktop/python-class-pollution/codeql-query/class-pollution-all/class-pollution-external.qls (logger.py:42)
2025-04-28 02:17:49,959 - CodeQLRunner - ERROR - Failed to run query: /home/jackfromeast/Desktop/python-class-pollution/codeql-query/class-pollution-all/class-pollution-external.qls (logger.py:42)
2025-04-28 02:17:54,916 - CodeQLRunner - ERROR - Failed to build CodeQL database for LoRAMoE: UnknownError: Initializing database at /home/jackfromeast/Desktop/python-class-pollution/tasks/class-pollution-positive-remote/output/LoRAMoE/codeql-db.
Unrecognized file in database cluster: '/home/jackfromeast/Desktop/python-class-pollution/tasks/class-pollution-positive-remote/output/LoRAMoE/codeql-db/src'.
A fatal error occurred: Ran with database overwriting enabled, but the directory does not appear to be a CodeQL database or database cluster. Please check you do indeed wish to delete it, and do so manually.
 (logger.py:42)
2025-04-28 02:20:14,208 - CodeQLRunner - ERROR - Failed to execute query /home/jackfromeast/Desktop/python-class-pollution/codeql-query/class-pollution-all/class-pollution-external.qls: UnknownError: Running queries.
Compiling query plan for /home/jackfromeast/Desktop/python-class-pollution/codeql-query/class-pollution-all/query/ExternalClassPollutionQueryNewSetBothGetAttr.ql.
WARNING: unused variable 'setOpSecondObj' (/home/jackfromeast/Desktop/python-class-pollution/codeql-query/class-pollution-all/vuln/ClassPollutingAssignLib.qll:543,239-253)
WARNING: unused variable 'setOpSecondObj' (/home/jackfromeast/Desktop/python-class-pollution/codeql-query/class-pollution-all/vuln/ClassPollutingAssignLib.qll:562,245-259)
[1/6] Found in cache: /home/jackfromeast/Desktop/python-class-pollution/codeql-query/class-pollution-all/query/ExternalClassPollutionQueryNewSetBothGetAttr.ql.
Compiling query plan for /home/jackfromeast/Desktop/python-class-pollution/codeql-query/class-pollution-all/query/ExternalClassPollutionQueryNewSetAttrGetAttr.ql.
WARNING: unused variable 'setOpSecondObj' (/home/jackfromeast/Desktop/python-class-pollution/codeql-query/class-pollution-all/vuln/ClassPollutingAssignLib.qll:543,239-253)
WARNING: unused variable 'setOpSecondObj' (/home/jackfromeast/Desktop/python-class-pollution/codeql-query/class-pollution-all/vuln/ClassPollutingAssignLib.qll:562,245-259)
[2/6] Found in cache: /home/jackfromeast/Desktop/python-class-pollution/codeql-query/class-pollution-all/query/ExternalClassPollutionQueryNewSetAttrGetAttr.ql.
Compiling query plan for /home/jackfromeast/Desktop/python-class-pollution/codeql-query/class-pollution-all/query/ExternalClassPollutionQueryNewSetItemGetAttr.ql.
WARNING: unused variable 'setOpSecondObj' (/home/jackfromeast/Desktop/python-class-pollution/codeql-query/class-pollution-all/vuln/ClassPollutingAssignLib.qll:543,239-253)
WARNING: unused variable 'setOpSecondObj' (/home/jackfromeast/Desktop/python-class-pollution/codeql-query/class-pollution-all/vuln/ClassPollutingAssignLib.qll:562,245-259)
[3/6] Found in cache: /home/jackfromeast/Desktop/python-class-pollution/codeql-query/class-pollution-all/query/ExternalClassPollutionQueryNewSetItemGetAttr.ql.
Compiling query plan for /home/jackfromeast/Desktop/python-class-pollution/codeql-query/class-pollution-all/query/ExternalClassPollutionQueryNewSetBothGetBoth.ql.
WARNING: unused variable 'setOpSecondObj' (/home/jackfromeast/Desktop/python-class-pollution/codeql-query/class-pollution-all/vuln/ClassPollutingAssignLib.qll:543,239-253)
WARNING: unused variable 'setOpSecondObj' (/home/jackfromeast/Desktop/python-class-pollution/codeql-query/class-pollution-all/vuln/ClassPollutingAssignLib.qll:562,245-259)
[4/6] Found in cache: /home/jackfromeast/Desktop/python-class-pollution/codeql-query/class-pollution-all/query/ExternalClassPollutionQueryNewSetBothGetBoth.ql.
Compiling query plan for /home/jackfromeast/Desktop/python-class-pollution/codeql-query/class-pollution-all/query/ExternalClassPollutionQueryNewSetItemGetBoth.ql.
WARNING: unused variable 'setOpSecondObj' (/home/jackfromeast/Desktop/python-class-pollution/codeql-query/class-pollution-all/vuln/ClassPollutingAssignLib.qll:543,239-253)
WARNING: unused variable 'setOpSecondObj' (/home/jackfromeast/Desktop/python-class-pollution/codeql-query/class-pollution-all/vuln/ClassPollutingAssignLib.qll:562,245-259)
[5/6] Found in cache: /home/jackfromeast/Desktop/python-class-pollution/codeql-query/class-pollution-all/query/ExternalClassPollutionQueryNewSetItemGetBoth.ql.
Compiling query plan for /home/jackfromeast/Desktop/python-class-pollution/codeql-query/class-pollution-all/query/ExternalClassPollutionQueryNewSetAttrGetBoth.ql.
WARNING: unused variable 'setOpSecondObj' (/home/jackfromeast/Desktop/python-class-pollution/codeql-query/class-pollution-all/vuln/ClassPollutingAssignLib.qll:543,239-253)
WARNING: unused variable 'setOpSecondObj' (/home/jackfromeast/Desktop/python-class-pollution/codeql-query/class-pollution-all/vuln/ClassPollutingAssignLib.qll:562,245-259)
[6/6] Found in cache: /home/jackfromeast/Desktop/python-class-pollution/codeql-query/class-pollution-all/query/ExternalClassPollutionQueryNewSetAttrGetBoth.ql.
Starting evaluation of jackfromeast/class-pollution-all/query/ExternalClassPollutionQueryNewSetAttrGetAttr.ql.
A fatal error occurred: Cannot create dirty marker for cached strings
(eventual cause: NoSuchFileException "/home/jackfromeast/Desktop/python-class-pollution/tasks/class-pollution-positive...")
 (logger.py:42)
2025-04-28 02:20:14,208 - CodeQLRunner - ERROR - Failed to run query: /home/jackfromeast/Desktop/python-class-pollution/codeql-query/class-pollution-all/class-pollution-external.qls (logger.py:42)
2025-04-28 02:27:31,025 - CodeQLRunner - ERROR - Building CodeQL database timed out: alf (logger.py:42)
2025-04-28 02:27:44,178 - CodeQLRunner - ERROR - Failed to execute query /home/jackfromeast/Desktop/python-class-pollution/codeql-query/class-pollution-all/class-pollution-external.qls: UnknownError: Running queries.
Compiling query plan for /home/jackfromeast/Desktop/python-class-pollution/codeql-query/class-pollution-all/query/ExternalClassPollutionQueryNewSetBothGetAttr.ql.
WARNING: unused variable 'setOpSecondObj' (/home/jackfromeast/Desktop/python-class-pollution/codeql-query/class-pollution-all/vuln/ClassPollutingAssignLib.qll:543,239-253)
WARNING: unused variable 'setOpSecondObj' (/home/jackfromeast/Desktop/python-class-pollution/codeql-query/class-pollution-all/vuln/ClassPollutingAssignLib.qll:562,245-259)
[1/6] Found in cache: /home/jackfromeast/Desktop/python-class-pollution/codeql-query/class-pollution-all/query/ExternalClassPollutionQueryNewSetBothGetAttr.ql.
Compiling query plan for /home/jackfromeast/Desktop/python-class-pollution/codeql-query/class-pollution-all/query/ExternalClassPollutionQueryNewSetAttrGetAttr.ql.
WARNING: unused variable 'setOpSecondObj' (/home/jackfromeast/Desktop/python-class-pollution/codeql-query/class-pollution-all/vuln/ClassPollutingAssignLib.qll:543,239-253)
WARNING: unused variable 'setOpSecondObj' (/home/jackfromeast/Desktop/python-class-pollution/codeql-query/class-pollution-all/vuln/ClassPollutingAssignLib.qll:562,245-259)
[2/6] Found in cache: /home/jackfromeast/Desktop/python-class-pollution/codeql-query/class-pollution-all/query/ExternalClassPollutionQueryNewSetAttrGetAttr.ql.
Compiling query plan for /home/jackfromeast/Desktop/python-class-pollution/codeql-query/class-pollution-all/query/ExternalClassPollutionQueryNewSetItemGetAttr.ql.
WARNING: unused variable 'setOpSecondObj' (/home/jackfromeast/Desktop/python-class-pollution/codeql-query/class-pollution-all/vuln/ClassPollutingAssignLib.qll:543,239-253)
WARNING: unused variable 'setOpSecondObj' (/home/jackfromeast/Desktop/python-class-pollution/codeql-query/class-pollution-all/vuln/ClassPollutingAssignLib.qll:562,245-259)
[3/6] Found in cache: /home/jackfromeast/Desktop/python-class-pollution/codeql-query/class-pollution-all/query/ExternalClassPollutionQueryNewSetItemGetAttr.ql.
Compiling query plan for /home/jackfromeast/Desktop/python-class-pollution/codeql-query/class-pollution-all/query/ExternalClassPollutionQueryNewSetBothGetBoth.ql.
WARNING: unused variable 'setOpSecondObj' (/home/jackfromeast/Desktop/python-class-pollution/codeql-query/class-pollution-all/vuln/ClassPollutingAssignLib.qll:543,239-253)
WARNING: unused variable 'setOpSecondObj' (/home/jackfromeast/Desktop/python-class-pollution/codeql-query/class-pollution-all/vuln/ClassPollutingAssignLib.qll:562,245-259)
[4/6] Found in cache: /home/jackfromeast/Desktop/python-class-pollution/codeql-query/class-pollution-all/query/ExternalClassPollutionQueryNewSetBothGetBoth.ql.
Compiling query plan for /home/jackfromeast/Desktop/python-class-pollution/codeql-query/class-pollution-all/query/ExternalClassPollutionQueryNewSetItemGetBoth.ql.
WARNING: unused variable 'setOpSecondObj' (/home/jackfromeast/Desktop/python-class-pollution/codeql-query/class-pollution-all/vuln/ClassPollutingAssignLib.qll:543,239-253)
WARNING: unused variable 'setOpSecondObj' (/home/jackfromeast/Desktop/python-class-pollution/codeql-query/class-pollution-all/vuln/ClassPollutingAssignLib.qll:562,245-259)
[5/6] Found in cache: /home/jackfromeast/Desktop/python-class-pollution/codeql-query/class-pollution-all/query/ExternalClassPollutionQueryNewSetItemGetBoth.ql.
Compiling query plan for /home/jackfromeast/Desktop/python-class-pollution/codeql-query/class-pollution-all/query/ExternalClassPollutionQueryNewSetAttrGetBoth.ql.
WARNING: unused variable 'setOpSecondObj' (/home/jackfromeast/Desktop/python-class-pollution/codeql-query/class-pollution-all/vuln/ClassPollutingAssignLib.qll:543,239-253)
WARNING: unused variable 'setOpSecondObj' (/home/jackfromeast/Desktop/python-class-pollution/codeql-query/class-pollution-all/vuln/ClassPollutingAssignLib.qll:562,245-259)
[6/6] Found in cache: /home/jackfromeast/Desktop/python-class-pollution/codeql-query/class-pollution-all/query/ExternalClassPollutionQueryNewSetAttrGetBoth.ql.
A fatal error occurred: Error while writing '/home/jackfromeast/Desktop/python-class-pollution/tasks/class-pollution-positive-remote/output/torch-model-compression/codeql-db/results/run-info-20250428.062740.571.yml': 
(eventual cause: FileNotFoundException "/home/jackfromeast/Desktop/python-class-pollution/tasks/class-pollution-positive...")
 (logger.py:42)
2025-04-28 02:27:44,178 - CodeQLRunner - ERROR - Failed to run query: /home/jackfromeast/Desktop/python-class-pollution/codeql-query/class-pollution-all/class-pollution-external.qls (logger.py:42)
2025-04-28 02:27:44,333 - CodeQLRunner - ERROR - Failed to build CodeQL database for torch-model-compression: UnknownError: Initializing database at /home/jackfromeast/Desktop/python-class-pollution/tasks/class-pollution-positive-remote/output/torch-model-compression/codeql-db.
Running build command: []
Running command in /home/jackfromeast/Desktop/python-class-pollution/tasks/class-pollution-positive-remote/output/torch-model-compression/codebase: [/home/jackfromeast/Downloads/codeql/python/tools/autobuild.sh]
Finalizing database at /home/jackfromeast/Desktop/python-class-pollution/tasks/class-pollution-positive-remote/output/torch-model-compression/codeql-db.
Running pre-finalize script /home/jackfromeast/Downloads/codeql/python/tools/pre-finalize.sh in /home/jackfromeast/Desktop/python-class-pollution/tasks/class-pollution-positive-remote/output/torch-model-compression/codebase.
Running command in /home/jackfromeast/Desktop/python-class-pollution/tasks/class-pollution-positive-remote/output/torch-model-compression/codebase: [/home/jackfromeast/Downloads/codeql/python/tools/pre-finalize.sh]
Running TRAP import for CodeQL database at /home/jackfromeast/Desktop/python-class-pollution/tasks/class-pollution-positive-remote/output/torch-model-compression/codeql-db...
Importing TRAP files
Merging relations
A fatal error occurred: Error writing array info file: /home/jackfromeast/Desktop/python-class-pollution/tasks/class-pollution-positive-remote/output/torch-model-compression/codeql-db/db-python/default/idPool/metadata/info-new
(eventual cause: NoSuchFileException "/home/jackfromeast/Desktop/python-class-pollution/tasks/class-pollution-positive...")
A fatal error occurred: Dataset import for /home/jackfromeast/Desktop/python-class-pollution/tasks/class-pollution-positive-remote/output/torch-model-compression/codeql-db/db-python failed with code 2.
Failed to write diagnostic information.
 (logger.py:42)
2025-04-28 02:28:54,007 - CodeQLRunner - ERROR - Building CodeQL database timed out: LAMM (logger.py:42)
2025-04-28 02:29:35,256 - CodeQLRunner - ERROR - Failed to build CodeQL database for galaxy_ng: NoSupportedPythonCodeFound: No supported code found in the repository. (logger.py:42)
2025-04-28 02:29:36,062 - CodeQLRunner - ERROR - Query timed out for VSP-LLM: /home/jackfromeast/Desktop/python-class-pollution/codeql-query/class-pollution-all/class-pollution-external.qls (logger.py:42)
2025-04-28 02:29:36,404 - CodeQLRunner - ERROR - Failed to run query: /home/jackfromeast/Desktop/python-class-pollution/codeql-query/class-pollution-all/class-pollution-external.qls (logger.py:42)
2025-04-28 02:30:25,943 - CodeQLRunner - ERROR - Failed to execute query /home/jackfromeast/Desktop/python-class-pollution/codeql-query/class-pollution-all/class-pollution-external.qls: UnknownError: A fatal error occurred: /home/jackfromeast/Desktop/python-class-pollution/tasks/class-pollution-positive-remote/output/CLIP-goes-3D/codeql-db is not a recognized CodeQL database.
 (logger.py:42)
2025-04-28 02:30:25,944 - CodeQLRunner - ERROR - Failed to run query: /home/jackfromeast/Desktop/python-class-pollution/codeql-query/class-pollution-all/class-pollution-external.qls (logger.py:42)
2025-04-28 02:30:26,199 - CodeQLRunner - ERROR - Failed to build CodeQL database for CLIP-goes-3D: UnknownError: Initializing database at /home/jackfromeast/Desktop/python-class-pollution/tasks/class-pollution-positive-remote/output/CLIP-goes-3D/codeql-db.
Running build command: []
A fatal error occurred: Invalid working directory: /home/jackfromeast/Desktop/python-class-pollution/tasks/class-pollution-positive-remote/output/CLIP-goes-3D/codebase.
 (logger.py:42)
2025-04-28 02:30:33,026 - CodeQLRunner - ERROR - Failed to build CodeQL database for bisenetv2-tensorflow: UnknownError: Initializing database at /home/jackfromeast/Desktop/python-class-pollution/tasks/class-pollution-positive-remote/output/bisenetv2-tensorflow/codeql-db.
Running build command: []
A fatal error occurred: Invalid working directory: /home/jackfromeast/Desktop/python-class-pollution/tasks/class-pollution-positive-remote/output/bisenetv2-tensorflow/codebase.
 (logger.py:42)
2025-04-28 02:32:36,581 - CodeQLRunner - ERROR - Failed to build CodeQL database for arches: UnknownError: Initializing database at /home/jackfromeast/Desktop/python-class-pollution/tasks/class-pollution-positive-remote/output/arches/codeql-db.
Running build command: []
Running command in /home/jackfromeast/Desktop/python-class-pollution/tasks/class-pollution-positive-remote/output/arches/codebase: [/home/jackfromeast/Downloads/codeql/python/tools/autobuild.sh]
Finalizing database at /home/jackfromeast/Desktop/python-class-pollution/tasks/class-pollution-positive-remote/output/arches/codeql-db.
Running pre-finalize script /home/jackfromeast/Downloads/codeql/python/tools/pre-finalize.sh in /home/jackfromeast/Desktop/python-class-pollution/tasks/class-pollution-positive-remote/output/arches/codebase.
Running command in /home/jackfromeast/Desktop/python-class-pollution/tasks/class-pollution-positive-remote/output/arches/codebase: [/home/jackfromeast/Downloads/codeql/python/tools/pre-finalize.sh]
Running TRAP import for CodeQL database at /home/jackfromeast/Desktop/python-class-pollution/tasks/class-pollution-positive-remote/output/arches/codeql-db...
A fatal error occurred: Dataset /home/jackfromeast/Desktop/python-class-pollution/tasks/class-pollution-positive-remote/output/arches/codeql-db/db-python has been finalized and does not support further TRAP import.
A fatal error occurred: Dataset import for /home/jackfromeast/Desktop/python-class-pollution/tasks/class-pollution-positive-remote/output/arches/codeql-db/db-python failed with code 2.
 (logger.py:42)
2025-04-28 02:35:52,633 - CodeQLRunner - ERROR - Failed to execute query /home/jackfromeast/Desktop/python-class-pollution/codeql-query/class-pollution-all/class-pollution-external.qls: UnknownError: Running queries.
Compiling query plan for /home/jackfromeast/Desktop/python-class-pollution/codeql-query/class-pollution-all/query/ExternalClassPollutionQueryNewSetBothGetAttr.ql.
WARNING: unused variable 'setOpSecondObj' (/home/jackfromeast/Desktop/python-class-pollution/codeql-query/class-pollution-all/vuln/ClassPollutingAssignLib.qll:543,239-253)
WARNING: unused variable 'setOpSecondObj' (/home/jackfromeast/Desktop/python-class-pollution/codeql-query/class-pollution-all/vuln/ClassPollutingAssignLib.qll:562,245-259)
[1/6] Found in cache: /home/jackfromeast/Desktop/python-class-pollution/codeql-query/class-pollution-all/query/ExternalClassPollutionQueryNewSetBothGetAttr.ql.
Compiling query plan for /home/jackfromeast/Desktop/python-class-pollution/codeql-query/class-pollution-all/query/ExternalClassPollutionQueryNewSetAttrGetAttr.ql.
WARNING: unused variable 'setOpSecondObj' (/home/jackfromeast/Desktop/python-class-pollution/codeql-query/class-pollution-all/vuln/ClassPollutingAssignLib.qll:543,239-253)
WARNING: unused variable 'setOpSecondObj' (/home/jackfromeast/Desktop/python-class-pollution/codeql-query/class-pollution-all/vuln/ClassPollutingAssignLib.qll:562,245-259)
[2/6] Found in cache: /home/jackfromeast/Desktop/python-class-pollution/codeql-query/class-pollution-all/query/ExternalClassPollutionQueryNewSetAttrGetAttr.ql.
Compiling query plan for /home/jackfromeast/Desktop/python-class-pollution/codeql-query/class-pollution-all/query/ExternalClassPollutionQueryNewSetItemGetAttr.ql.
WARNING: unused variable 'setOpSecondObj' (/home/jackfromeast/Desktop/python-class-pollution/codeql-query/class-pollution-all/vuln/ClassPollutingAssignLib.qll:543,239-253)
WARNING: unused variable 'setOpSecondObj' (/home/jackfromeast/Desktop/python-class-pollution/codeql-query/class-pollution-all/vuln/ClassPollutingAssignLib.qll:562,245-259)
[3/6] Found in cache: /home/jackfromeast/Desktop/python-class-pollution/codeql-query/class-pollution-all/query/ExternalClassPollutionQueryNewSetItemGetAttr.ql.
Compiling query plan for /home/jackfromeast/Desktop/python-class-pollution/codeql-query/class-pollution-all/query/ExternalClassPollutionQueryNewSetBothGetBoth.ql.
WARNING: unused variable 'setOpSecondObj' (/home/jackfromeast/Desktop/python-class-pollution/codeql-query/class-pollution-all/vuln/ClassPollutingAssignLib.qll:543,239-253)
WARNING: unused variable 'setOpSecondObj' (/home/jackfromeast/Desktop/python-class-pollution/codeql-query/class-pollution-all/vuln/ClassPollutingAssignLib.qll:562,245-259)
[4/6] Found in cache: /home/jackfromeast/Desktop/python-class-pollution/codeql-query/class-pollution-all/query/ExternalClassPollutionQueryNewSetBothGetBoth.ql.
Compiling query plan for /home/jackfromeast/Desktop/python-class-pollution/codeql-query/class-pollution-all/query/ExternalClassPollutionQueryNewSetItemGetBoth.ql.
WARNING: unused variable 'setOpSecondObj' (/home/jackfromeast/Desktop/python-class-pollution/codeql-query/class-pollution-all/vuln/ClassPollutingAssignLib.qll:543,239-253)
WARNING: unused variable 'setOpSecondObj' (/home/jackfromeast/Desktop/python-class-pollution/codeql-query/class-pollution-all/vuln/ClassPollutingAssignLib.qll:562,245-259)
[5/6] Found in cache: /home/jackfromeast/Desktop/python-class-pollution/codeql-query/class-pollution-all/query/ExternalClassPollutionQueryNewSetItemGetBoth.ql.
Compiling query plan for /home/jackfromeast/Desktop/python-class-pollution/codeql-query/class-pollution-all/query/ExternalClassPollutionQueryNewSetAttrGetBoth.ql.
WARNING: unused variable 'setOpSecondObj' (/home/jackfromeast/Desktop/python-class-pollution/codeql-query/class-pollution-all/vuln/ClassPollutingAssignLib.qll:543,239-253)
WARNING: unused variable 'setOpSecondObj' (/home/jackfromeast/Desktop/python-class-pollution/codeql-query/class-pollution-all/vuln/ClassPollutingAssignLib.qll:562,245-259)
[6/6] Found in cache: /home/jackfromeast/Desktop/python-class-pollution/codeql-query/class-pollution-all/query/ExternalClassPollutionQueryNewSetAttrGetBoth.ql.
Starting evaluation of jackfromeast/class-pollution-all/query/ExternalClassPollutionQueryNewSetAttrGetAttr.ql.
Starting evaluation of jackfromeast/class-pollution-all/query/ExternalClassPollutionQueryNewSetAttrGetBoth.ql.
[1/6 eval 1m35s] Evaluation done; writing results to jackfromeast/class-pollution-all/query/ExternalClassPollutionQueryNewSetAttrGetAttr.bqrs.
Starting evaluation of jackfromeast/class-pollution-all/query/ExternalClassPollutionQueryNewSetBothGetAttr.ql.
Starting evaluation of jackfromeast/class-pollution-all/query/ExternalClassPollutionQueryNewSetBothGetBoth.ql.
[2/6 eval 1m41s] Evaluation done; writing results to jackfromeast/class-pollution-all/query/ExternalClassPollutionQueryNewSetAttrGetBoth.bqrs.
[3/6 eval 1ms] Evaluation done; writing results to jackfromeast/class-pollution-all/query/ExternalClassPollutionQueryNewSetBothGetAttr.bqrs.
Starting evaluation of jackfromeast/class-pollution-all/query/ExternalClassPollutionQueryNewSetItemGetAttr.ql.
[4/6 eval 1m34s] Evaluation done; writing results to jackfromeast/class-pollution-all/query/ExternalClassPollutionQueryNewSetBothGetBoth.bqrs.
Starting evaluation of jackfromeast/class-pollution-all/query/ExternalClassPollutionQueryNewSetItemGetBoth.ql.
[5/6 eval 8.8s] Evaluation done; writing results to jackfromeast/class-pollution-all/query/ExternalClassPollutionQueryNewSetItemGetAttr.bqrs.
[6/6 eval 307ms] Evaluation done; writing results to jackfromeast/class-pollution-all/query/ExternalClassPollutionQueryNewSetItemGetBoth.bqrs.
Shutting down query evaluator.
Interpreting results.
A fatal error occurred: /home/jackfromeast/Desktop/python-class-pollution/tasks/class-pollution-positive-remote/output/arches/codeql-db is not a recognized CodeQL database.
 (logger.py:42)
2025-04-28 02:35:52,633 - CodeQLRunner - ERROR - Failed to run query: /home/jackfromeast/Desktop/python-class-pollution/codeql-query/class-pollution-all/class-pollution-external.qls (logger.py:42)
2025-04-28 02:36:33,653 - CodeQLRunner - ERROR - Failed to execute query /home/jackfromeast/Desktop/python-class-pollution/codeql-query/class-pollution-all/class-pollution-external.qls: UnknownError: Running queries.
Compiling query plan for /home/jackfromeast/Desktop/python-class-pollution/codeql-query/class-pollution-all/query/ExternalClassPollutionQueryNewSetBothGetAttr.ql.
WARNING: unused variable 'setOpSecondObj' (/home/jackfromeast/Desktop/python-class-pollution/codeql-query/class-pollution-all/vuln/ClassPollutingAssignLib.qll:543,239-253)
WARNING: unused variable 'setOpSecondObj' (/home/jackfromeast/Desktop/python-class-pollution/codeql-query/class-pollution-all/vuln/ClassPollutingAssignLib.qll:562,245-259)
[1/6] Found in cache: /home/jackfromeast/Desktop/python-class-pollution/codeql-query/class-pollution-all/query/ExternalClassPollutionQueryNewSetBothGetAttr.ql.
Compiling query plan for /home/jackfromeast/Desktop/python-class-pollution/codeql-query/class-pollution-all/query/ExternalClassPollutionQueryNewSetAttrGetAttr.ql.
WARNING: unused variable 'setOpSecondObj' (/home/jackfromeast/Desktop/python-class-pollution/codeql-query/class-pollution-all/vuln/ClassPollutingAssignLib.qll:543,239-253)
WARNING: unused variable 'setOpSecondObj' (/home/jackfromeast/Desktop/python-class-pollution/codeql-query/class-pollution-all/vuln/ClassPollutingAssignLib.qll:562,245-259)
[2/6] Found in cache: /home/jackfromeast/Desktop/python-class-pollution/codeql-query/class-pollution-all/query/ExternalClassPollutionQueryNewSetAttrGetAttr.ql.
Compiling query plan for /home/jackfromeast/Desktop/python-class-pollution/codeql-query/class-pollution-all/query/ExternalClassPollutionQueryNewSetItemGetAttr.ql.
WARNING: unused variable 'setOpSecondObj' (/home/jackfromeast/Desktop/python-class-pollution/codeql-query/class-pollution-all/vuln/ClassPollutingAssignLib.qll:543,239-253)
WARNING: unused variable 'setOpSecondObj' (/home/jackfromeast/Desktop/python-class-pollution/codeql-query/class-pollution-all/vuln/ClassPollutingAssignLib.qll:562,245-259)
[3/6] Found in cache: /home/jackfromeast/Desktop/python-class-pollution/codeql-query/class-pollution-all/query/ExternalClassPollutionQueryNewSetItemGetAttr.ql.
Compiling query plan for /home/jackfromeast/Desktop/python-class-pollution/codeql-query/class-pollution-all/query/ExternalClassPollutionQueryNewSetBothGetBoth.ql.
WARNING: unused variable 'setOpSecondObj' (/home/jackfromeast/Desktop/python-class-pollution/codeql-query/class-pollution-all/vuln/ClassPollutingAssignLib.qll:543,239-253)
WARNING: unused variable 'setOpSecondObj' (/home/jackfromeast/Desktop/python-class-pollution/codeql-query/class-pollution-all/vuln/ClassPollutingAssignLib.qll:562,245-259)
[4/6] Found in cache: /home/jackfromeast/Desktop/python-class-pollution/codeql-query/class-pollution-all/query/ExternalClassPollutionQueryNewSetBothGetBoth.ql.
Compiling query plan for /home/jackfromeast/Desktop/python-class-pollution/codeql-query/class-pollution-all/query/ExternalClassPollutionQueryNewSetItemGetBoth.ql.
WARNING: unused variable 'setOpSecondObj' (/home/jackfromeast/Desktop/python-class-pollution/codeql-query/class-pollution-all/vuln/ClassPollutingAssignLib.qll:543,239-253)
WARNING: unused variable 'setOpSecondObj' (/home/jackfromeast/Desktop/python-class-pollution/codeql-query/class-pollution-all/vuln/ClassPollutingAssignLib.qll:562,245-259)
[5/6] Found in cache: /home/jackfromeast/Desktop/python-class-pollution/codeql-query/class-pollution-all/query/ExternalClassPollutionQueryNewSetItemGetBoth.ql.
Compiling query plan for /home/jackfromeast/Desktop/python-class-pollution/codeql-query/class-pollution-all/query/ExternalClassPollutionQueryNewSetAttrGetBoth.ql.
WARNING: unused variable 'setOpSecondObj' (/home/jackfromeast/Desktop/python-class-pollution/codeql-query/class-pollution-all/vuln/ClassPollutingAssignLib.qll:543,239-253)
WARNING: unused variable 'setOpSecondObj' (/home/jackfromeast/Desktop/python-class-pollution/codeql-query/class-pollution-all/vuln/ClassPollutingAssignLib.qll:562,245-259)
[6/6] Found in cache: /home/jackfromeast/Desktop/python-class-pollution/codeql-query/class-pollution-all/query/ExternalClassPollutionQueryNewSetAttrGetBoth.ql.
Starting evaluation of jackfromeast/class-pollution-all/query/ExternalClassPollutionQueryNewSetAttrGetAttr.ql.
A fatal error occurred: Error writing array info file: /home/jackfromeast/Desktop/python-class-pollution/tasks/class-pollution-positive-remote/output/indy-plenum/codeql-db/db-python/default/cache/cached-strings/pools/0/ids1/info-new
(eventual cause: NoSuchFileException "/home/jackfromeast/Desktop/python-class-pollution/tasks/class-pollution-positive...")
 (logger.py:42)
2025-04-28 02:36:33,654 - CodeQLRunner - ERROR - Failed to run query: /home/jackfromeast/Desktop/python-class-pollution/codeql-query/class-pollution-all/class-pollution-external.qls (logger.py:42)
2025-04-28 02:38:09,453 - CodeQLRunner - ERROR - Failed to build CodeQL database for edgy: UnknownError: Initializing database at /home/jackfromeast/Desktop/python-class-pollution/tasks/class-pollution-positive-remote/output/edgy/codeql-db.
Unrecognized file in database cluster: '/home/jackfromeast/Desktop/python-class-pollution/tasks/class-pollution-positive-remote/output/edgy/codeql-db/db-python'.
A fatal error occurred: Ran with database overwriting enabled, but the directory does not appear to be a CodeQL database or database cluster. Please check you do indeed wish to delete it, and do so manually.
 (logger.py:42)
2025-04-28 02:38:09,781 - CodeQLRunner - ERROR - Failed to execute query /home/jackfromeast/Desktop/python-class-pollution/codeql-query/class-pollution-all/class-pollution-external.qls: UnknownError: Running queries.
Compiling query plan for /home/jackfromeast/Desktop/python-class-pollution/codeql-query/class-pollution-all/query/ExternalClassPollutionQueryNewSetBothGetAttr.ql.
WARNING: unused variable 'setOpSecondObj' (/home/jackfromeast/Desktop/python-class-pollution/codeql-query/class-pollution-all/vuln/ClassPollutingAssignLib.qll:543,239-253)
WARNING: unused variable 'setOpSecondObj' (/home/jackfromeast/Desktop/python-class-pollution/codeql-query/class-pollution-all/vuln/ClassPollutingAssignLib.qll:562,245-259)
[1/6] Found in cache: /home/jackfromeast/Desktop/python-class-pollution/codeql-query/class-pollution-all/query/ExternalClassPollutionQueryNewSetBothGetAttr.ql.
Compiling query plan for /home/jackfromeast/Desktop/python-class-pollution/codeql-query/class-pollution-all/query/ExternalClassPollutionQueryNewSetAttrGetAttr.ql.
WARNING: unused variable 'setOpSecondObj' (/home/jackfromeast/Desktop/python-class-pollution/codeql-query/class-pollution-all/vuln/ClassPollutingAssignLib.qll:543,239-253)
WARNING: unused variable 'setOpSecondObj' (/home/jackfromeast/Desktop/python-class-pollution/codeql-query/class-pollution-all/vuln/ClassPollutingAssignLib.qll:562,245-259)
[2/6] Found in cache: /home/jackfromeast/Desktop/python-class-pollution/codeql-query/class-pollution-all/query/ExternalClassPollutionQueryNewSetAttrGetAttr.ql.
Compiling query plan for /home/jackfromeast/Desktop/python-class-pollution/codeql-query/class-pollution-all/query/ExternalClassPollutionQueryNewSetItemGetAttr.ql.
WARNING: unused variable 'setOpSecondObj' (/home/jackfromeast/Desktop/python-class-pollution/codeql-query/class-pollution-all/vuln/ClassPollutingAssignLib.qll:543,239-253)
WARNING: unused variable 'setOpSecondObj' (/home/jackfromeast/Desktop/python-class-pollution/codeql-query/class-pollution-all/vuln/ClassPollutingAssignLib.qll:562,245-259)
[3/6] Found in cache: /home/jackfromeast/Desktop/python-class-pollution/codeql-query/class-pollution-all/query/ExternalClassPollutionQueryNewSetItemGetAttr.ql.
Compiling query plan for /home/jackfromeast/Desktop/python-class-pollution/codeql-query/class-pollution-all/query/ExternalClassPollutionQueryNewSetBothGetBoth.ql.
WARNING: unused variable 'setOpSecondObj' (/home/jackfromeast/Desktop/python-class-pollution/codeql-query/class-pollution-all/vuln/ClassPollutingAssignLib.qll:543,239-253)
WARNING: unused variable 'setOpSecondObj' (/home/jackfromeast/Desktop/python-class-pollution/codeql-query/class-pollution-all/vuln/ClassPollutingAssignLib.qll:562,245-259)
[4/6] Found in cache: /home/jackfromeast/Desktop/python-class-pollution/codeql-query/class-pollution-all/query/ExternalClassPollutionQueryNewSetBothGetBoth.ql.
Compiling query plan for /home/jackfromeast/Desktop/python-class-pollution/codeql-query/class-pollution-all/query/ExternalClassPollutionQueryNewSetItemGetBoth.ql.
WARNING: unused variable 'setOpSecondObj' (/home/jackfromeast/Desktop/python-class-pollution/codeql-query/class-pollution-all/vuln/ClassPollutingAssignLib.qll:543,239-253)
WARNING: unused variable 'setOpSecondObj' (/home/jackfromeast/Desktop/python-class-pollution/codeql-query/class-pollution-all/vuln/ClassPollutingAssignLib.qll:562,245-259)
[5/6] Found in cache: /home/jackfromeast/Desktop/python-class-pollution/codeql-query/class-pollution-all/query/ExternalClassPollutionQueryNewSetItemGetBoth.ql.
Compiling query plan for /home/jackfromeast/Desktop/python-class-pollution/codeql-query/class-pollution-all/query/ExternalClassPollutionQueryNewSetAttrGetBoth.ql.
WARNING: unused variable 'setOpSecondObj' (/home/jackfromeast/Desktop/python-class-pollution/codeql-query/class-pollution-all/vuln/ClassPollutingAssignLib.qll:543,239-253)
WARNING: unused variable 'setOpSecondObj' (/home/jackfromeast/Desktop/python-class-pollution/codeql-query/class-pollution-all/vuln/ClassPollutingAssignLib.qll:562,245-259)
[6/6] Found in cache: /home/jackfromeast/Desktop/python-class-pollution/codeql-query/class-pollution-all/query/ExternalClassPollutionQueryNewSetAttrGetBoth.ql.
Starting evaluation of jackfromeast/class-pollution-all/query/ExternalClassPollutionQueryNewSetAttrGetAttr.ql.
Oops! A fatal internal error occurred. Details:
com.semmle.util.exception.CatastrophicError: An error occurred while evaluating TObject::TUnicode#aa20e945/2@9ba6e123
Cannot create dirty marker for cached strings
The RA to evaluate was:

    {2} r1 = INVOKE HIGHER-ORDER RELATION construct<TObject#1ebdc203::TObject,17> ON <TObject::TUnicode#dom#bbf4b786>
    return r1

(eventual cause: NoSuchFileException "/home/jackfromeast/Desktop/python-class-pollution/tasks/class-pollution-positive...")
	at com.semmle.inmemory.pipeline.MetaPipelineInstance.wrapWithRaDump(MetaPipelineInstance.java:204)
	at com.semmle.inmemory.pipeline.MetaPipelineInstance.exceptionCaught(MetaPipelineInstance.java:174)
	at com.semmle.inmemory.scheduler.execution.ThreadableWork.handleAndLog(ThreadableWork.java:593)
	at com.semmle.inmemory.scheduler.execution.ThreadableWork.doSomeWork(ThreadableWork.java:410)
	at com.semmle.inmemory.scheduler.IntensionalLayer$IntensionalWork.evaluate(IntensionalLayer.java:124)
	at com.semmle.inmemory.scheduler.SimpleLayerTask$SimpleLayerWork.doWork(SimpleLayerTask.java:69)
	at com.semmle.inmemory.scheduler.execution.ThreadableWork.doSomeWork(ThreadableWork.java:396)
	at com.semmle.inmemory.scheduler.execution.ExecutionScheduler.runnerMain(ExecutionScheduler.java:707)
	at java.base/java.util.concurrent.ThreadPoolExecutor.runWorker(Unknown Source)
	at java.base/java.util.concurrent.ThreadPoolExecutor$Worker.run(Unknown Source)
	at java.base/java.lang.Thread.run(Unknown Source)
Caused by: Cannot create dirty marker for cached strings
(eventual cause: NoSuchFileException "/home/jackfromeast/Desktop/python-class-pollution/tasks/class-pollution-positive...")
	at com.semmle.inmemory.stringpool.StringPool.promoteStringToCached(StringPool.java:479)
	at com.semmle.inmemory.stringpool.StringPool.promoteToCached(StringPool.java:449)
	at com.semmle.inmemory.caching.TuplePool$ComplexNumberer.lambda$freshNumberRelation$1(TuplePool.java:496)
	at com.semmle.inmemory.relations.BaseIntArrayRelation.map(BaseIntArrayRelation.java:88)
	at com.semmle.inmemory.caching.PagedRelation.map(PagedRelation.java:158)
	at com.semmle.inmemory.relations.AbstractRelation.deduplicateMap(AbstractRelation.java:138)
	at com.semmle.inmemory.caching.TuplePool$ComplexNumberer.lambda$freshNumberRelation$2(TuplePool.java:480)
	at com.semmle.inmemory.relations.writers.RelationWriter.withSink(RelationWriter.java:72)
	at com.semmle.inmemory.caching.TuplePool$ComplexNumberer.freshNumberRelation(TuplePool.java:478)
	at com.semmle.inmemory.caching.TuplePool$ComplexNumberer.doNumbering(TuplePool.java:436)
	at com.semmle.inmemory.caching.TuplePool.lambda$doNumbering$1(TuplePool.java:245)
	at com.semmle.util.concurrent.LockUtils.runThenUnlock(LockUtils.java:8)
	at com.semmle.inmemory.caching.TuplePool$ComplexNumberer.doWithBranchLock(TuplePool.java:561)
	at com.semmle.inmemory.caching.TuplePool.doNumbering(TuplePool.java:233)
	at com.semmle.inmemory.ast.IMBConstructDatatype.doNumberingStreaming(IMBConstructDatatype.java:165)
	at com.semmle.inmemory.ast.IMBConstructDatatype$1.evaluateSink(IMBConstructDatatype.java:142)
	at com.semmle.inmemory.pipeline.HOPStep.generateTuples(HOPStep.java:57)
	at com.semmle.inmemory.pipeline.SimpleHeadStep.lambda$forwardInitialize$0(SimpleHeadStep.java:32)
	at com.semmle.inmemory.pipeline.HeadEndDispatcher.headEndWork(HeadEndDispatcher.java:75)
	at com.semmle.inmemory.pipeline.PipelineState.doSomeWork(PipelineState.java:88)
	at com.semmle.inmemory.pipeline.PipelineInstance.doWork(PipelineInstance.java:78)
	at com.semmle.inmemory.scheduler.execution.ThreadableWork.doSomeWork(ThreadableWork.java:396)
	at com.semmle.inmemory.scheduler.execution.ChainingWork.doWork(ChainingWork.java:30)
	at com.semmle.inmemory.scheduler.execution.ThreadableWork.doSomeWork(ThreadableWork.java:396)
	... 7 more
Caused by: java.nio.file.NoSuchFileException: /home/jackfromeast/Desktop/python-class-pollution/tasks/class-pollution-positive-remote/output/edgy/codeql-db/db-python/default/cache/cached-strings/pools/dirty
	at java.base/sun.nio.fs.UnixException.translateToIOException(Unknown Source)
	at java.base/sun.nio.fs.UnixException.rethrowAsIOException(Unknown Source)
	at java.base/sun.nio.fs.UnixException.rethrowAsIOException(Unknown Source)
	at java.base/sun.nio.fs.UnixFileSystemProvider.newByteChannel(Unknown Source)
	at java.base/java.nio.file.Files.newByteChannel(Unknown Source)
	at java.base/java.nio.file.Files.createFile(Unknown Source)
	at com.semmle.inmemory.stringpool.StringPool.promoteStringToCached(StringPool.java:476)
	... 30 more

 (logger.py:42)
2025-04-28 02:38:09,781 - CodeQLRunner - ERROR - Failed to run query: /home/jackfromeast/Desktop/python-class-pollution/codeql-query/class-pollution-all/class-pollution-external.qls (logger.py:42)
2025-04-28 02:38:48,493 - CodeQLRunner - ERROR - Failed to build CodeQL database for ANTRP: UnknownError: Initializing database at /home/jackfromeast/Desktop/python-class-pollution/tasks/class-pollution-positive-remote/output/ANTRP/codeql-db.
Running build command: []
Running command in /home/jackfromeast/Desktop/python-class-pollution/tasks/class-pollution-positive-remote/output/ANTRP/codebase: [/home/jackfromeast/Downloads/codeql/python/tools/autobuild.sh]
Finalizing database at /home/jackfromeast/Desktop/python-class-pollution/tasks/class-pollution-positive-remote/output/ANTRP/codeql-db.
Running pre-finalize script /home/jackfromeast/Downloads/codeql/python/tools/pre-finalize.sh in /home/jackfromeast/Desktop/python-class-pollution/tasks/class-pollution-positive-remote/output/ANTRP/codebase.
Running command in /home/jackfromeast/Desktop/python-class-pollution/tasks/class-pollution-positive-remote/output/ANTRP/codebase: [/home/jackfromeast/Downloads/codeql/python/tools/pre-finalize.sh]
Running TRAP import for CodeQL database at /home/jackfromeast/Desktop/python-class-pollution/tasks/class-pollution-positive-remote/output/ANTRP/codeql-db...
Importing TRAP files
A fatal error occurred: Could not create temporary file in /home/jackfromeast/Desktop/python-class-pollution/tasks/class-pollution-positive-remote/output/ANTRP/codeql-db/db-python/default/cache/working for relation py_idoms
(eventual cause: NoSuchFileException "/home/jackfromeast/Desktop/python-class-pollution/tasks/class-pollution-positive...")
A fatal error occurred: Dataset import for /home/jackfromeast/Desktop/python-class-pollution/tasks/class-pollution-positive-remote/output/ANTRP/codeql-db/db-python failed with code 2.
Failed to write diagnostic information.
 (logger.py:42)
2025-04-28 02:38:48,738 - CodeQLRunner - ERROR - Failed to build CodeQL database for ANTRP: UnknownError: Initializing database at /home/jackfromeast/Desktop/python-class-pollution/tasks/class-pollution-positive-remote/output/ANTRP/codeql-db.
Running build command: []
A fatal error occurred: Invalid working directory: /home/jackfromeast/Desktop/python-class-pollution/tasks/class-pollution-positive-remote/output/ANTRP/codebase.
 (logger.py:42)
2025-04-28 02:39:02,944 - CodeQLRunner - ERROR - Query timed out for OpenPype: /home/jackfromeast/Desktop/python-class-pollution/codeql-query/class-pollution-all/class-pollution-external.qls (logger.py:42)
2025-04-28 02:39:03,165 - CodeQLRunner - ERROR - Failed to run query: /home/jackfromeast/Desktop/python-class-pollution/codeql-query/class-pollution-all/class-pollution-external.qls (logger.py:42)
2025-04-28 02:39:13,325 - CodeQLRunner - ERROR - Failed to build CodeQL database for StyleDrop-PyTorch: UnknownError: Initializing database at /home/jackfromeast/Desktop/python-class-pollution/tasks/class-pollution-positive-remote/output/StyleDrop-PyTorch/codeql-db.
Running build command: []
Running command in /home/jackfromeast/Desktop/python-class-pollution/tasks/class-pollution-positive-remote/output/StyleDrop-PyTorch/codebase: [/home/jackfromeast/Downloads/codeql/python/tools/autobuild.sh]
Finalizing database at /home/jackfromeast/Desktop/python-class-pollution/tasks/class-pollution-positive-remote/output/StyleDrop-PyTorch/codeql-db.
Running pre-finalize script /home/jackfromeast/Downloads/codeql/python/tools/pre-finalize.sh in /home/jackfromeast/Desktop/python-class-pollution/tasks/class-pollution-positive-remote/output/StyleDrop-PyTorch/codebase.
Running command in /home/jackfromeast/Desktop/python-class-pollution/tasks/class-pollution-positive-remote/output/StyleDrop-PyTorch/codebase: [/home/jackfromeast/Downloads/codeql/python/tools/pre-finalize.sh]
Running TRAP import for CodeQL database at /home/jackfromeast/Desktop/python-class-pollution/tasks/class-pollution-positive-remote/output/StyleDrop-PyTorch/codeql-db...
Importing TRAP files
A fatal error occurred: Could not create temporary file in /home/jackfromeast/Desktop/python-class-pollution/tasks/class-pollution-positive-remote/output/StyleDrop-PyTorch/codeql-db/db-python/default/cache/working for relation py_exprs
(eventual cause: NoSuchFileException "/home/jackfromeast/Desktop/python-class-pollution/tasks/class-pollution-positive...")
A fatal error occurred: Dataset import for /home/jackfromeast/Desktop/python-class-pollution/tasks/class-pollution-positive-remote/output/StyleDrop-PyTorch/codeql-db/db-python failed with code 2.
 (logger.py:42)
2025-04-28 02:39:13,454 - CodeQLRunner - ERROR - Failed to build CodeQL database for StyleDrop-PyTorch: UnknownError: Initializing database at /home/jackfromeast/Desktop/python-class-pollution/tasks/class-pollution-positive-remote/output/StyleDrop-PyTorch/codeql-db.
Running build command: []
Running command in /home/jackfromeast/Desktop/python-class-pollution/tasks/class-pollution-positive-remote/output/StyleDrop-PyTorch/codebase: [/home/jackfromeast/Downloads/codeql/python/tools/autobuild.sh]
Finalizing database at /home/jackfromeast/Desktop/python-class-pollution/tasks/class-pollution-positive-remote/output/StyleDrop-PyTorch/codeql-db.
Running pre-finalize script /home/jackfromeast/Downloads/codeql/python/tools/pre-finalize.sh in /home/jackfromeast/Desktop/python-class-pollution/tasks/class-pollution-positive-remote/output/StyleDrop-PyTorch/codebase.
Running command in /home/jackfromeast/Desktop/python-class-pollution/tasks/class-pollution-positive-remote/output/StyleDrop-PyTorch/codebase: [/home/jackfromeast/Downloads/codeql/python/tools/pre-finalize.sh]
Running TRAP import for CodeQL database at /home/jackfromeast/Desktop/python-class-pollution/tasks/class-pollution-positive-remote/output/StyleDrop-PyTorch/codeql-db...
Importing TRAP files
Merging relations
Finished writing database (relations: 0.00 B; string pool: 2.41 MiB).
A fatal error occurred: Cant write tuple pool file
(eventual cause: NoSuchFileException "/home/jackfromeast/Desktop/python-class-pollution/tasks/class-pollution-positive...")
A fatal error occurred: Dataset import for /home/jackfromeast/Desktop/python-class-pollution/tasks/class-pollution-positive-remote/output/StyleDrop-PyTorch/codeql-db/db-python failed with code 2.
Failed to write diagnostic information.
 (logger.py:42)
2025-04-28 02:43:38,939 - CodeQLRunner - ERROR - Failed to execute query /home/jackfromeast/Desktop/python-class-pollution/codeql-query/class-pollution-all/class-pollution-external.qls: UnknownError: Running queries.
Compiling query plan for /home/jackfromeast/Desktop/python-class-pollution/codeql-query/class-pollution-all/query/ExternalClassPollutionQueryNewSetBothGetAttr.ql.
WARNING: unused variable 'setOpSecondObj' (/home/jackfromeast/Desktop/python-class-pollution/codeql-query/class-pollution-all/vuln/ClassPollutingAssignLib.qll:543,239-253)
WARNING: unused variable 'setOpSecondObj' (/home/jackfromeast/Desktop/python-class-pollution/codeql-query/class-pollution-all/vuln/ClassPollutingAssignLib.qll:562,245-259)
[1/6] Found in cache: /home/jackfromeast/Desktop/python-class-pollution/codeql-query/class-pollution-all/query/ExternalClassPollutionQueryNewSetBothGetAttr.ql.
Compiling query plan for /home/jackfromeast/Desktop/python-class-pollution/codeql-query/class-pollution-all/query/ExternalClassPollutionQueryNewSetAttrGetAttr.ql.
WARNING: unused variable 'setOpSecondObj' (/home/jackfromeast/Desktop/python-class-pollution/codeql-query/class-pollution-all/vuln/ClassPollutingAssignLib.qll:543,239-253)
WARNING: unused variable 'setOpSecondObj' (/home/jackfromeast/Desktop/python-class-pollution/codeql-query/class-pollution-all/vuln/ClassPollutingAssignLib.qll:562,245-259)
[2/6] Found in cache: /home/jackfromeast/Desktop/python-class-pollution/codeql-query/class-pollution-all/query/ExternalClassPollutionQueryNewSetAttrGetAttr.ql.
Compiling query plan for /home/jackfromeast/Desktop/python-class-pollution/codeql-query/class-pollution-all/query/ExternalClassPollutionQueryNewSetItemGetAttr.ql.
WARNING: unused variable 'setOpSecondObj' (/home/jackfromeast/Desktop/python-class-pollution/codeql-query/class-pollution-all/vuln/ClassPollutingAssignLib.qll:543,239-253)
WARNING: unused variable 'setOpSecondObj' (/home/jackfromeast/Desktop/python-class-pollution/codeql-query/class-pollution-all/vuln/ClassPollutingAssignLib.qll:562,245-259)
[3/6] Found in cache: /home/jackfromeast/Desktop/python-class-pollution/codeql-query/class-pollution-all/query/ExternalClassPollutionQueryNewSetItemGetAttr.ql.
Compiling query plan for /home/jackfromeast/Desktop/python-class-pollution/codeql-query/class-pollution-all/query/ExternalClassPollutionQueryNewSetBothGetBoth.ql.
WARNING: unused variable 'setOpSecondObj' (/home/jackfromeast/Desktop/python-class-pollution/codeql-query/class-pollution-all/vuln/ClassPollutingAssignLib.qll:543,239-253)
WARNING: unused variable 'setOpSecondObj' (/home/jackfromeast/Desktop/python-class-pollution/codeql-query/class-pollution-all/vuln/ClassPollutingAssignLib.qll:562,245-259)
[4/6] Found in cache: /home/jackfromeast/Desktop/python-class-pollution/codeql-query/class-pollution-all/query/ExternalClassPollutionQueryNewSetBothGetBoth.ql.
Compiling query plan for /home/jackfromeast/Desktop/python-class-pollution/codeql-query/class-pollution-all/query/ExternalClassPollutionQueryNewSetItemGetBoth.ql.
WARNING: unused variable 'setOpSecondObj' (/home/jackfromeast/Desktop/python-class-pollution/codeql-query/class-pollution-all/vuln/ClassPollutingAssignLib.qll:543,239-253)
WARNING: unused variable 'setOpSecondObj' (/home/jackfromeast/Desktop/python-class-pollution/codeql-query/class-pollution-all/vuln/ClassPollutingAssignLib.qll:562,245-259)
[5/6] Found in cache: /home/jackfromeast/Desktop/python-class-pollution/codeql-query/class-pollution-all/query/ExternalClassPollutionQueryNewSetItemGetBoth.ql.
Compiling query plan for /home/jackfromeast/Desktop/python-class-pollution/codeql-query/class-pollution-all/query/ExternalClassPollutionQueryNewSetAttrGetBoth.ql.
WARNING: unused variable 'setOpSecondObj' (/home/jackfromeast/Desktop/python-class-pollution/codeql-query/class-pollution-all/vuln/ClassPollutingAssignLib.qll:543,239-253)
WARNING: unused variable 'setOpSecondObj' (/home/jackfromeast/Desktop/python-class-pollution/codeql-query/class-pollution-all/vuln/ClassPollutingAssignLib.qll:562,245-259)
[6/6] Found in cache: /home/jackfromeast/Desktop/python-class-pollution/codeql-query/class-pollution-all/query/ExternalClassPollutionQueryNewSetAttrGetBoth.ql.
A fatal error occurred: Error while writing '/home/jackfromeast/Desktop/python-class-pollution/tasks/class-pollution-positive-remote/output/batchflow/codeql-db/results/run-info-20250428.064335.489.yml': 
(eventual cause: FileNotFoundException "/home/jackfromeast/Desktop/python-class-pollution/tasks/class-pollution-positive...")
 (logger.py:42)
2025-04-28 02:43:38,940 - CodeQLRunner - ERROR - Failed to run query: /home/jackfromeast/Desktop/python-class-pollution/codeql-query/class-pollution-all/class-pollution-external.qls (logger.py:42)
2025-04-28 02:43:39,004 - CodeQLRunner - ERROR - Failed during cleanup: [Errno 39] Directory not empty: 'working' (logger.py:42)
2025-04-28 02:44:04,094 - CodeQLRunner - ERROR - Failed to execute query /home/jackfromeast/Desktop/python-class-pollution/codeql-query/class-pollution-all/class-pollution-external.qls: UnknownError: Running queries.
Compiling query plan for /home/jackfromeast/Desktop/python-class-pollution/codeql-query/class-pollution-all/query/ExternalClassPollutionQueryNewSetBothGetAttr.ql.
WARNING: unused variable 'setOpSecondObj' (/home/jackfromeast/Desktop/python-class-pollution/codeql-query/class-pollution-all/vuln/ClassPollutingAssignLib.qll:543,239-253)
WARNING: unused variable 'setOpSecondObj' (/home/jackfromeast/Desktop/python-class-pollution/codeql-query/class-pollution-all/vuln/ClassPollutingAssignLib.qll:562,245-259)
[1/6] Found in cache: /home/jackfromeast/Desktop/python-class-pollution/codeql-query/class-pollution-all/query/ExternalClassPollutionQueryNewSetBothGetAttr.ql.
Compiling query plan for /home/jackfromeast/Desktop/python-class-pollution/codeql-query/class-pollution-all/query/ExternalClassPollutionQueryNewSetAttrGetAttr.ql.
WARNING: unused variable 'setOpSecondObj' (/home/jackfromeast/Desktop/python-class-pollution/codeql-query/class-pollution-all/vuln/ClassPollutingAssignLib.qll:543,239-253)
WARNING: unused variable 'setOpSecondObj' (/home/jackfromeast/Desktop/python-class-pollution/codeql-query/class-pollution-all/vuln/ClassPollutingAssignLib.qll:562,245-259)
[2/6] Found in cache: /home/jackfromeast/Desktop/python-class-pollution/codeql-query/class-pollution-all/query/ExternalClassPollutionQueryNewSetAttrGetAttr.ql.
Compiling query plan for /home/jackfromeast/Desktop/python-class-pollution/codeql-query/class-pollution-all/query/ExternalClassPollutionQueryNewSetItemGetAttr.ql.
WARNING: unused variable 'setOpSecondObj' (/home/jackfromeast/Desktop/python-class-pollution/codeql-query/class-pollution-all/vuln/ClassPollutingAssignLib.qll:543,239-253)
WARNING: unused variable 'setOpSecondObj' (/home/jackfromeast/Desktop/python-class-pollution/codeql-query/class-pollution-all/vuln/ClassPollutingAssignLib.qll:562,245-259)
[3/6] Found in cache: /home/jackfromeast/Desktop/python-class-pollution/codeql-query/class-pollution-all/query/ExternalClassPollutionQueryNewSetItemGetAttr.ql.
Compiling query plan for /home/jackfromeast/Desktop/python-class-pollution/codeql-query/class-pollution-all/query/ExternalClassPollutionQueryNewSetBothGetBoth.ql.
WARNING: unused variable 'setOpSecondObj' (/home/jackfromeast/Desktop/python-class-pollution/codeql-query/class-pollution-all/vuln/ClassPollutingAssignLib.qll:543,239-253)
WARNING: unused variable 'setOpSecondObj' (/home/jackfromeast/Desktop/python-class-pollution/codeql-query/class-pollution-all/vuln/ClassPollutingAssignLib.qll:562,245-259)
[4/6] Found in cache: /home/jackfromeast/Desktop/python-class-pollution/codeql-query/class-pollution-all/query/ExternalClassPollutionQueryNewSetBothGetBoth.ql.
Compiling query plan for /home/jackfromeast/Desktop/python-class-pollution/codeql-query/class-pollution-all/query/ExternalClassPollutionQueryNewSetItemGetBoth.ql.
WARNING: unused variable 'setOpSecondObj' (/home/jackfromeast/Desktop/python-class-pollution/codeql-query/class-pollution-all/vuln/ClassPollutingAssignLib.qll:543,239-253)
WARNING: unused variable 'setOpSecondObj' (/home/jackfromeast/Desktop/python-class-pollution/codeql-query/class-pollution-all/vuln/ClassPollutingAssignLib.qll:562,245-259)
[5/6] Found in cache: /home/jackfromeast/Desktop/python-class-pollution/codeql-query/class-pollution-all/query/ExternalClassPollutionQueryNewSetItemGetBoth.ql.
Compiling query plan for /home/jackfromeast/Desktop/python-class-pollution/codeql-query/class-pollution-all/query/ExternalClassPollutionQueryNewSetAttrGetBoth.ql.
WARNING: unused variable 'setOpSecondObj' (/home/jackfromeast/Desktop/python-class-pollution/codeql-query/class-pollution-all/vuln/ClassPollutingAssignLib.qll:543,239-253)
WARNING: unused variable 'setOpSecondObj' (/home/jackfromeast/Desktop/python-class-pollution/codeql-query/class-pollution-all/vuln/ClassPollutingAssignLib.qll:562,245-259)
[6/6] Found in cache: /home/jackfromeast/Desktop/python-class-pollution/codeql-query/class-pollution-all/query/ExternalClassPollutionQueryNewSetAttrGetBoth.ql.
Starting evaluation of jackfromeast/class-pollution-all/query/ExternalClassPollutionQueryNewSetAttrGetAttr.ql.
Starting evaluation of jackfromeast/class-pollution-all/query/ExternalClassPollutionQueryNewSetAttrGetBoth.ql.
[1/6 eval 17.4s] Evaluation done; writing results to jackfromeast/class-pollution-all/query/ExternalClassPollutionQueryNewSetAttrGetAttr.bqrs.
Starting evaluation of jackfromeast/class-pollution-all/query/ExternalClassPollutionQueryNewSetBothGetAttr.ql.
[2/6 eval 22ms] Evaluation done; writing results to jackfromeast/class-pollution-all/query/ExternalClassPollutionQueryNewSetAttrGetBoth.bqrs.
Starting evaluation of jackfromeast/class-pollution-all/query/ExternalClassPollutionQueryNewSetBothGetBoth.ql.
[3/6 eval 1ms] Evaluation done; writing results to jackfromeast/class-pollution-all/query/ExternalClassPollutionQueryNewSetBothGetAttr.bqrs.
Starting evaluation of jackfromeast/class-pollution-all/query/ExternalClassPollutionQueryNewSetItemGetAttr.ql.
[4/6 eval 49ms] Evaluation done; writing results to jackfromeast/class-pollution-all/query/ExternalClassPollutionQueryNewSetBothGetBoth.bqrs.
Starting evaluation of jackfromeast/class-pollution-all/query/ExternalClassPollutionQueryNewSetItemGetBoth.ql.
[5/6 eval 137ms] Evaluation done; writing results to jackfromeast/class-pollution-all/query/ExternalClassPollutionQueryNewSetItemGetAttr.bqrs.
[6/6 eval 246ms] Evaluation done; writing results to jackfromeast/class-pollution-all/query/ExternalClassPollutionQueryNewSetItemGetBoth.bqrs.
Shutting down query evaluator.
Interpreting results.
Interpreting /home/jackfromeast/Desktop/python-class-pollution/codeql-query/class-pollution-all/query/ExternalClassPollutionQueryNewSetBothGetAttr.ql...
Interpreting /home/jackfromeast/Desktop/python-class-pollution/codeql-query/class-pollution-all/query/ExternalClassPollutionQueryNewSetAttrGetAttr.ql...
Interpreting /home/jackfromeast/Desktop/python-class-pollution/codeql-query/class-pollution-all/query/ExternalClassPollutionQueryNewSetItemGetAttr.ql...
Interpreting /home/jackfromeast/Desktop/python-class-pollution/codeql-query/class-pollution-all/query/ExternalClassPollutionQueryNewSetBothGetBoth.ql...
Interpreting /home/jackfromeast/Desktop/python-class-pollution/codeql-query/class-pollution-all/query/ExternalClassPollutionQueryNewSetItemGetBoth.ql...
Interpreting /home/jackfromeast/Desktop/python-class-pollution/codeql-query/class-pollution-all/query/ExternalClassPollutionQueryNewSetAttrGetBoth.ql...
Exporting results to SARIF...
A fatal error occurred: Could not write SARIF file
(eventual cause: NoSuchFileException "/home/jackfromeast/Desktop/python-class-pollution/tasks/class-pollution-positive...")
 (logger.py:42)
2025-04-28 02:44:04,095 - CodeQLRunner - ERROR - Failed to run query: /home/jackfromeast/Desktop/python-class-pollution/codeql-query/class-pollution-all/class-pollution-external.qls (logger.py:42)
2025-04-28 02:44:27,992 - CodeQLRunner - ERROR - Failed to execute query /home/jackfromeast/Desktop/python-class-pollution/codeql-query/class-pollution-all/class-pollution-external.qls: UnknownError: Running queries.
Compiling query plan for /home/jackfromeast/Desktop/python-class-pollution/codeql-query/class-pollution-all/query/ExternalClassPollutionQueryNewSetBothGetAttr.ql.
WARNING: unused variable 'setOpSecondObj' (/home/jackfromeast/Desktop/python-class-pollution/codeql-query/class-pollution-all/vuln/ClassPollutingAssignLib.qll:543,239-253)
WARNING: unused variable 'setOpSecondObj' (/home/jackfromeast/Desktop/python-class-pollution/codeql-query/class-pollution-all/vuln/ClassPollutingAssignLib.qll:562,245-259)
A fatal error occurred: Could not read dbscheme at /home/jackfromeast/Desktop/python-class-pollution/tasks/class-pollution-positive-remote/output/pytypes/codeql-db/db-python/semmlecode.python.dbscheme: java.nio.file.NoSuchFileException: /home/jackfromeast/Desktop/python-class-pollution/tasks/class-pollution-positive-remote/output/pytypes/codeql-db/db-python/semmlecode.python.dbscheme
 (logger.py:42)
2025-04-28 02:44:27,992 - CodeQLRunner - ERROR - Failed to run query: /home/jackfromeast/Desktop/python-class-pollution/codeql-query/class-pollution-all/class-pollution-external.qls (logger.py:42)
2025-04-28 02:44:33,158 - CodeQLRunner - ERROR - Building CodeQL database timed out: LoRAMoE (logger.py:42)
2025-04-28 02:46:53,326 - CodeQLRunner - ERROR - Building CodeQL database timed out: DeRy (logger.py:42)
2025-04-28 02:48:41,442 - CodeQLRunner - ERROR - Building CodeQL database timed out: RSMamba (logger.py:42)
2025-04-28 02:51:20,698 - CodeQLRunner - ERROR - Failed to build CodeQL database for perch: NoPythonCodeFoundException: No Python code found in the repository. (logger.py:42)
2025-04-28 02:51:53,451 - CodeQLRunner - ERROR - Failed to execute query /home/jackfromeast/Desktop/python-class-pollution/codeql-query/class-pollution-all/class-pollution-external.qls: UnknownError: Running queries.
Compiling query plan for /home/jackfromeast/Desktop/python-class-pollution/codeql-query/class-pollution-all/query/ExternalClassPollutionQueryNewSetBothGetAttr.ql.
WARNING: unused variable 'setOpSecondObj' (/home/jackfromeast/Desktop/python-class-pollution/codeql-query/class-pollution-all/vuln/ClassPollutingAssignLib.qll:543,239-253)
WARNING: unused variable 'setOpSecondObj' (/home/jackfromeast/Desktop/python-class-pollution/codeql-query/class-pollution-all/vuln/ClassPollutingAssignLib.qll:562,245-259)
A fatal error occurred: Could not read dbscheme at /home/jackfromeast/Desktop/python-class-pollution/tasks/class-pollution-positive-remote/output/ActionRecorder/codeql-db/db-python/semmlecode.python.dbscheme: java.nio.file.NoSuchFileException: /home/jackfromeast/Desktop/python-class-pollution/tasks/class-pollution-positive-remote/output/ActionRecorder/codeql-db/db-python/semmlecode.python.dbscheme
 (logger.py:42)
2025-04-28 02:51:53,451 - CodeQLRunner - ERROR - Failed to run query: /home/jackfromeast/Desktop/python-class-pollution/codeql-query/class-pollution-all/class-pollution-external.qls (logger.py:42)
2025-04-28 02:51:53,561 - CodeQLRunner - ERROR - Failed to build CodeQL database for ActionRecorder: UnknownError: Initializing database at /home/jackfromeast/Desktop/python-class-pollution/tasks/class-pollution-positive-remote/output/ActionRecorder/codeql-db.
Running build command: []
A fatal error occurred: Invalid working directory: /home/jackfromeast/Desktop/python-class-pollution/tasks/class-pollution-positive-remote/output/ActionRecorder/codebase.
 (logger.py:42)
2025-04-28 02:52:45,529 - CodeQLRunner - ERROR - Failed to build CodeQL database for GPTQModel: UnknownError: Unrecognized file in database cluster: '/home/jackfromeast/Desktop/python-class-pollution/tasks/class-pollution-positive-remote/output/GPTQModel/codeql-db/src'.
A fatal error occurred: Ran with database overwriting enabled, but the directory does not appear to be a CodeQL database or database cluster. Please check you do indeed wish to delete it, and do so manually.
 (logger.py:42)
2025-04-28 02:57:13,291 - CodeQLRunner - ERROR - Building CodeQL database timed out: tileGAN (logger.py:42)
2025-04-28 02:57:17,871 - CodeQLRunner - ERROR - Failed to build CodeQL database for DDP: UnknownError: Initializing database at /home/jackfromeast/Desktop/python-class-pollution/tasks/class-pollution-positive-remote/output/DDP/codeql-db.
Running build command: []
Running command in /home/jackfromeast/Desktop/python-class-pollution/tasks/class-pollution-positive-remote/output/DDP/codebase: [/home/jackfromeast/Downloads/codeql/python/tools/autobuild.sh]
Finalizing database at /home/jackfromeast/Desktop/python-class-pollution/tasks/class-pollution-positive-remote/output/DDP/codeql-db.
Running pre-finalize script /home/jackfromeast/Downloads/codeql/python/tools/pre-finalize.sh in /home/jackfromeast/Desktop/python-class-pollution/tasks/class-pollution-positive-remote/output/DDP/codebase.
Running command in /home/jackfromeast/Desktop/python-class-pollution/tasks/class-pollution-positive-remote/output/DDP/codebase: [/home/jackfromeast/Downloads/codeql/python/tools/pre-finalize.sh]
Running TRAP import for CodeQL database at /home/jackfromeast/Desktop/python-class-pollution/tasks/class-pollution-positive-remote/output/DDP/codeql-db...
A fatal error occurred: Dataset /home/jackfromeast/Desktop/python-class-pollution/tasks/class-pollution-positive-remote/output/DDP/codeql-db/db-python has been finalized and does not support further TRAP import.
A fatal error occurred: Dataset import for /home/jackfromeast/Desktop/python-class-pollution/tasks/class-pollution-positive-remote/output/DDP/codeql-db/db-python failed with code 2.
 (logger.py:42)
2025-04-28 02:57:20,110 - CodeQLRunner - ERROR - Failed to execute query /home/jackfromeast/Desktop/python-class-pollution/codeql-query/class-pollution-all/class-pollution-external.qls: UnknownError: Running queries.
Compiling query plan for /home/jackfromeast/Desktop/python-class-pollution/codeql-query/class-pollution-all/query/ExternalClassPollutionQueryNewSetBothGetAttr.ql.
WARNING: unused variable 'setOpSecondObj' (/home/jackfromeast/Desktop/python-class-pollution/codeql-query/class-pollution-all/vuln/ClassPollutingAssignLib.qll:543,239-253)
WARNING: unused variable 'setOpSecondObj' (/home/jackfromeast/Desktop/python-class-pollution/codeql-query/class-pollution-all/vuln/ClassPollutingAssignLib.qll:562,245-259)
A fatal error occurred: Could not read dbscheme at /home/jackfromeast/Desktop/python-class-pollution/tasks/class-pollution-positive-remote/output/foundation-model-stack/codeql-db/db-python/semmlecode.python.dbscheme: java.nio.file.NoSuchFileException: /home/jackfromeast/Desktop/python-class-pollution/tasks/class-pollution-positive-remote/output/foundation-model-stack/codeql-db/db-python/semmlecode.python.dbscheme
 (logger.py:42)
2025-04-28 02:57:20,110 - CodeQLRunner - ERROR - Failed to run query: /home/jackfromeast/Desktop/python-class-pollution/codeql-query/class-pollution-all/class-pollution-external.qls (logger.py:42)
2025-04-28 02:57:20,260 - CodeQLRunner - ERROR - Failed to build CodeQL database for foundation-model-stack: UnknownError: Initializing database at /home/jackfromeast/Desktop/python-class-pollution/tasks/class-pollution-positive-remote/output/foundation-model-stack/codeql-db.
Running build command: []
Running command in /home/jackfromeast/Desktop/python-class-pollution/tasks/class-pollution-positive-remote/output/foundation-model-stack/codebase: [/home/jackfromeast/Downloads/codeql/python/tools/autobuild.sh]
Finalizing database at /home/jackfromeast/Desktop/python-class-pollution/tasks/class-pollution-positive-remote/output/foundation-model-stack/codeql-db.
Running pre-finalize script /home/jackfromeast/Downloads/codeql/python/tools/pre-finalize.sh in /home/jackfromeast/Desktop/python-class-pollution/tasks/class-pollution-positive-remote/output/foundation-model-stack/codebase.
Running command in /home/jackfromeast/Desktop/python-class-pollution/tasks/class-pollution-positive-remote/output/foundation-model-stack/codebase: [/home/jackfromeast/Downloads/codeql/python/tools/pre-finalize.sh]
A fatal error occurred: Exit status 2 from command: [/home/jackfromeast/Downloads/codeql/python/tools/pre-finalize.sh]
Failed to write diagnostic information.
 (logger.py:42)
2025-04-28 02:57:27,791 - CodeQLRunner - ERROR - Failed to execute query /home/jackfromeast/Desktop/python-class-pollution/codeql-query/class-pollution-all/class-pollution-external.qls: UnknownError: Running queries.
Compiling query plan for /home/jackfromeast/Desktop/python-class-pollution/codeql-query/class-pollution-all/query/ExternalClassPollutionQueryNewSetBothGetAttr.ql.
WARNING: unused variable 'setOpSecondObj' (/home/jackfromeast/Desktop/python-class-pollution/codeql-query/class-pollution-all/vuln/ClassPollutingAssignLib.qll:543,239-253)
WARNING: unused variable 'setOpSecondObj' (/home/jackfromeast/Desktop/python-class-pollution/codeql-query/class-pollution-all/vuln/ClassPollutingAssignLib.qll:562,245-259)
[1/6] Found in cache: /home/jackfromeast/Desktop/python-class-pollution/codeql-query/class-pollution-all/query/ExternalClassPollutionQueryNewSetBothGetAttr.ql.
Compiling query plan for /home/jackfromeast/Desktop/python-class-pollution/codeql-query/class-pollution-all/query/ExternalClassPollutionQueryNewSetAttrGetAttr.ql.
WARNING: unused variable 'setOpSecondObj' (/home/jackfromeast/Desktop/python-class-pollution/codeql-query/class-pollution-all/vuln/ClassPollutingAssignLib.qll:543,239-253)
WARNING: unused variable 'setOpSecondObj' (/home/jackfromeast/Desktop/python-class-pollution/codeql-query/class-pollution-all/vuln/ClassPollutingAssignLib.qll:562,245-259)
[2/6] Found in cache: /home/jackfromeast/Desktop/python-class-pollution/codeql-query/class-pollution-all/query/ExternalClassPollutionQueryNewSetAttrGetAttr.ql.
Compiling query plan for /home/jackfromeast/Desktop/python-class-pollution/codeql-query/class-pollution-all/query/ExternalClassPollutionQueryNewSetItemGetAttr.ql.
WARNING: unused variable 'setOpSecondObj' (/home/jackfromeast/Desktop/python-class-pollution/codeql-query/class-pollution-all/vuln/ClassPollutingAssignLib.qll:543,239-253)
WARNING: unused variable 'setOpSecondObj' (/home/jackfromeast/Desktop/python-class-pollution/codeql-query/class-pollution-all/vuln/ClassPollutingAssignLib.qll:562,245-259)
[3/6] Found in cache: /home/jackfromeast/Desktop/python-class-pollution/codeql-query/class-pollution-all/query/ExternalClassPollutionQueryNewSetItemGetAttr.ql.
Compiling query plan for /home/jackfromeast/Desktop/python-class-pollution/codeql-query/class-pollution-all/query/ExternalClassPollutionQueryNewSetBothGetBoth.ql.
WARNING: unused variable 'setOpSecondObj' (/home/jackfromeast/Desktop/python-class-pollution/codeql-query/class-pollution-all/vuln/ClassPollutingAssignLib.qll:543,239-253)
WARNING: unused variable 'setOpSecondObj' (/home/jackfromeast/Desktop/python-class-pollution/codeql-query/class-pollution-all/vuln/ClassPollutingAssignLib.qll:562,245-259)
[4/6] Found in cache: /home/jackfromeast/Desktop/python-class-pollution/codeql-query/class-pollution-all/query/ExternalClassPollutionQueryNewSetBothGetBoth.ql.
Compiling query plan for /home/jackfromeast/Desktop/python-class-pollution/codeql-query/class-pollution-all/query/ExternalClassPollutionQueryNewSetItemGetBoth.ql.
WARNING: unused variable 'setOpSecondObj' (/home/jackfromeast/Desktop/python-class-pollution/codeql-query/class-pollution-all/vuln/ClassPollutingAssignLib.qll:543,239-253)
WARNING: unused variable 'setOpSecondObj' (/home/jackfromeast/Desktop/python-class-pollution/codeql-query/class-pollution-all/vuln/ClassPollutingAssignLib.qll:562,245-259)
[5/6] Found in cache: /home/jackfromeast/Desktop/python-class-pollution/codeql-query/class-pollution-all/query/ExternalClassPollutionQueryNewSetItemGetBoth.ql.
Compiling query plan for /home/jackfromeast/Desktop/python-class-pollution/codeql-query/class-pollution-all/query/ExternalClassPollutionQueryNewSetAttrGetBoth.ql.
WARNING: unused variable 'setOpSecondObj' (/home/jackfromeast/Desktop/python-class-pollution/codeql-query/class-pollution-all/vuln/ClassPollutingAssignLib.qll:543,239-253)
WARNING: unused variable 'setOpSecondObj' (/home/jackfromeast/Desktop/python-class-pollution/codeql-query/class-pollution-all/vuln/ClassPollutingAssignLib.qll:562,245-259)
[6/6] Found in cache: /home/jackfromeast/Desktop/python-class-pollution/codeql-query/class-pollution-all/query/ExternalClassPollutionQueryNewSetAttrGetBoth.ql.
Starting evaluation of jackfromeast/class-pollution-all/query/ExternalClassPollutionQueryNewSetAttrGetAttr.ql.
Starting evaluation of jackfromeast/class-pollution-all/query/ExternalClassPollutionQueryNewSetAttrGetBoth.ql.
[1/6 eval 45.8s] Evaluation done; writing results to jackfromeast/class-pollution-all/query/ExternalClassPollutionQueryNewSetAttrGetAttr.bqrs.
Starting evaluation of jackfromeast/class-pollution-all/query/ExternalClassPollutionQueryNewSetBothGetAttr.ql.
Starting evaluation of jackfromeast/class-pollution-all/query/ExternalClassPollutionQueryNewSetBothGetBoth.ql.
[2/6 eval 16.7s] Evaluation done; writing results to jackfromeast/class-pollution-all/query/ExternalClassPollutionQueryNewSetAttrGetBoth.bqrs.
[3/6 eval 2ms] Evaluation done; writing results to jackfromeast/class-pollution-all/query/ExternalClassPollutionQueryNewSetBothGetAttr.bqrs.
Starting evaluation of jackfromeast/class-pollution-all/query/ExternalClassPollutionQueryNewSetItemGetAttr.ql.
[4/6 eval 19.1s] Evaluation done; writing results to jackfromeast/class-pollution-all/query/ExternalClassPollutionQueryNewSetBothGetBoth.bqrs.
Starting evaluation of jackfromeast/class-pollution-all/query/ExternalClassPollutionQueryNewSetItemGetBoth.ql.
[5/6 eval 4.9s] Evaluation done; writing results to jackfromeast/class-pollution-all/query/ExternalClassPollutionQueryNewSetItemGetAttr.bqrs.
[6/6 eval 377ms] Evaluation done; writing results to jackfromeast/class-pollution-all/query/ExternalClassPollutionQueryNewSetItemGetBoth.bqrs.
Shutting down query evaluator.
Interpreting results.
A fatal error occurred: /home/jackfromeast/Desktop/python-class-pollution/tasks/class-pollution-positive-remote/output/DDP/codeql-db is not a recognized CodeQL database.
 (logger.py:42)
2025-04-28 02:57:27,791 - CodeQLRunner - ERROR - Failed to run query: /home/jackfromeast/Desktop/python-class-pollution/codeql-query/class-pollution-all/class-pollution-external.qls (logger.py:42)
2025-04-28 03:02:44,759 - CodeQLRunner - ERROR - Query timed out for indy-plenum: /home/jackfromeast/Desktop/python-class-pollution/codeql-query/class-pollution-all/class-pollution-external.qls (logger.py:42)
2025-04-28 03:02:45,016 - CodeQLRunner - ERROR - Failed to run query: /home/jackfromeast/Desktop/python-class-pollution/codeql-query/class-pollution-all/class-pollution-external.qls (logger.py:42)
2025-04-28 03:02:45,822 - CodeQLRunner - ERROR - Failed to build CodeQL database for Prusa-Link: UnknownError: Initializing database at /home/jackfromeast/Desktop/python-class-pollution/tasks/class-pollution-positive-remote/output/Prusa-Link/codeql-db.
Running build command: []
Running command in /home/jackfromeast/Desktop/python-class-pollution/tasks/class-pollution-positive-remote/output/Prusa-Link/codebase: [/home/jackfromeast/Downloads/codeql/python/tools/autobuild.sh]
Finalizing database at /home/jackfromeast/Desktop/python-class-pollution/tasks/class-pollution-positive-remote/output/Prusa-Link/codeql-db.
Running pre-finalize script /home/jackfromeast/Downloads/codeql/python/tools/pre-finalize.sh in /home/jackfromeast/Desktop/python-class-pollution/tasks/class-pollution-positive-remote/output/Prusa-Link/codebase.
Running command in /home/jackfromeast/Desktop/python-class-pollution/tasks/class-pollution-positive-remote/output/Prusa-Link/codebase: [/home/jackfromeast/Downloads/codeql/python/tools/pre-finalize.sh]
Running TRAP import for CodeQL database at /home/jackfromeast/Desktop/python-class-pollution/tasks/class-pollution-positive-remote/output/Prusa-Link/codeql-db...
Importing TRAP files
Merging relations
A fatal error occurred: Could not create temporary file in /home/jackfromeast/Desktop/python-class-pollution/tasks/class-pollution-positive-remote/output/Prusa-Link/codeql-db/db-python/default/cache/working for relation files
(eventual cause: NoSuchFileException "/home/jackfromeast/Desktop/python-class-pollution/tasks/class-pollution-positive...")
A fatal error occurred: Dataset import for /home/jackfromeast/Desktop/python-class-pollution/tasks/class-pollution-positive-remote/output/Prusa-Link/codeql-db/db-python failed with code 2.
Failed to write diagnostic information.
 (logger.py:42)
2025-04-28 03:02:46,072 - CodeQLRunner - ERROR - Failed to build CodeQL database for Prusa-Link: UnknownError: Initializing database at /home/jackfromeast/Desktop/python-class-pollution/tasks/class-pollution-positive-remote/output/Prusa-Link/codeql-db.
Running build command: []
A fatal error occurred: Invalid working directory: /home/jackfromeast/Desktop/python-class-pollution/tasks/class-pollution-positive-remote/output/Prusa-Link/codebase.
 (logger.py:42)
2025-04-28 03:04:40,272 - CodeQLRunner - ERROR - Failed to execute query /home/jackfromeast/Desktop/python-class-pollution/codeql-query/class-pollution-all/class-pollution-external.qls: UnknownError: Running queries.
Compiling query plan for /home/jackfromeast/Desktop/python-class-pollution/codeql-query/class-pollution-all/query/ExternalClassPollutionQueryNewSetBothGetAttr.ql.
WARNING: unused variable 'setOpSecondObj' (/home/jackfromeast/Desktop/python-class-pollution/codeql-query/class-pollution-all/vuln/ClassPollutingAssignLib.qll:543,239-253)
WARNING: unused variable 'setOpSecondObj' (/home/jackfromeast/Desktop/python-class-pollution/codeql-query/class-pollution-all/vuln/ClassPollutingAssignLib.qll:562,245-259)
[1/6] Found in cache: /home/jackfromeast/Desktop/python-class-pollution/codeql-query/class-pollution-all/query/ExternalClassPollutionQueryNewSetBothGetAttr.ql.
Compiling query plan for /home/jackfromeast/Desktop/python-class-pollution/codeql-query/class-pollution-all/query/ExternalClassPollutionQueryNewSetAttrGetAttr.ql.
WARNING: unused variable 'setOpSecondObj' (/home/jackfromeast/Desktop/python-class-pollution/codeql-query/class-pollution-all/vuln/ClassPollutingAssignLib.qll:543,239-253)
WARNING: unused variable 'setOpSecondObj' (/home/jackfromeast/Desktop/python-class-pollution/codeql-query/class-pollution-all/vuln/ClassPollutingAssignLib.qll:562,245-259)
[2/6] Found in cache: /home/jackfromeast/Desktop/python-class-pollution/codeql-query/class-pollution-all/query/ExternalClassPollutionQueryNewSetAttrGetAttr.ql.
Compiling query plan for /home/jackfromeast/Desktop/python-class-pollution/codeql-query/class-pollution-all/query/ExternalClassPollutionQueryNewSetItemGetAttr.ql.
WARNING: unused variable 'setOpSecondObj' (/home/jackfromeast/Desktop/python-class-pollution/codeql-query/class-pollution-all/vuln/ClassPollutingAssignLib.qll:543,239-253)
WARNING: unused variable 'setOpSecondObj' (/home/jackfromeast/Desktop/python-class-pollution/codeql-query/class-pollution-all/vuln/ClassPollutingAssignLib.qll:562,245-259)
[3/6] Found in cache: /home/jackfromeast/Desktop/python-class-pollution/codeql-query/class-pollution-all/query/ExternalClassPollutionQueryNewSetItemGetAttr.ql.
Compiling query plan for /home/jackfromeast/Desktop/python-class-pollution/codeql-query/class-pollution-all/query/ExternalClassPollutionQueryNewSetBothGetBoth.ql.
WARNING: unused variable 'setOpSecondObj' (/home/jackfromeast/Desktop/python-class-pollution/codeql-query/class-pollution-all/vuln/ClassPollutingAssignLib.qll:543,239-253)
WARNING: unused variable 'setOpSecondObj' (/home/jackfromeast/Desktop/python-class-pollution/codeql-query/class-pollution-all/vuln/ClassPollutingAssignLib.qll:562,245-259)
[4/6] Found in cache: /home/jackfromeast/Desktop/python-class-pollution/codeql-query/class-pollution-all/query/ExternalClassPollutionQueryNewSetBothGetBoth.ql.
Compiling query plan for /home/jackfromeast/Desktop/python-class-pollution/codeql-query/class-pollution-all/query/ExternalClassPollutionQueryNewSetItemGetBoth.ql.
WARNING: unused variable 'setOpSecondObj' (/home/jackfromeast/Desktop/python-class-pollution/codeql-query/class-pollution-all/vuln/ClassPollutingAssignLib.qll:543,239-253)
WARNING: unused variable 'setOpSecondObj' (/home/jackfromeast/Desktop/python-class-pollution/codeql-query/class-pollution-all/vuln/ClassPollutingAssignLib.qll:562,245-259)
[5/6] Found in cache: /home/jackfromeast/Desktop/python-class-pollution/codeql-query/class-pollution-all/query/ExternalClassPollutionQueryNewSetItemGetBoth.ql.
Compiling query plan for /home/jackfromeast/Desktop/python-class-pollution/codeql-query/class-pollution-all/query/ExternalClassPollutionQueryNewSetAttrGetBoth.ql.
WARNING: unused variable 'setOpSecondObj' (/home/jackfromeast/Desktop/python-class-pollution/codeql-query/class-pollution-all/vuln/ClassPollutingAssignLib.qll:543,239-253)
WARNING: unused variable 'setOpSecondObj' (/home/jackfromeast/Desktop/python-class-pollution/codeql-query/class-pollution-all/vuln/ClassPollutingAssignLib.qll:562,245-259)
[6/6] Found in cache: /home/jackfromeast/Desktop/python-class-pollution/codeql-query/class-pollution-all/query/ExternalClassPollutionQueryNewSetAttrGetBoth.ql.
Starting evaluation of jackfromeast/class-pollution-all/query/ExternalClassPollutionQueryNewSetAttrGetAttr.ql.
Oops! A fatal internal error occurred. Details:
com.semmle.util.exception.CatastrophicError: An error occurred while evaluating num#DataFlowDispatch::TKeywordParameterPosition#6758f398/2@a09def85
Cannot create dirty marker for cached strings
The RA to evaluate was:

    {2} r1 = INVOKE HIGHER-ORDER RELATION construct<DataFlowDispatch#3c0b8265::TParameterPosition,4> ON <DataFlowDispatch::TKeywordParameterPosition#dom#6e7d95e5>
    return r1

(eventual cause: NoSuchFileException "/home/jackfromeast/Desktop/python-class-pollution/tasks/class-pollution-positive...")
	at com.semmle.inmemory.pipeline.MetaPipelineInstance.wrapWithRaDump(MetaPipelineInstance.java:204)
	at com.semmle.inmemory.pipeline.MetaPipelineInstance.exceptionCaught(MetaPipelineInstance.java:174)
	at com.semmle.inmemory.scheduler.execution.ThreadableWork.handleAndLog(ThreadableWork.java:593)
	at com.semmle.inmemory.scheduler.execution.ThreadableWork.doSomeWork(ThreadableWork.java:410)
	at com.semmle.inmemory.scheduler.IntensionalLayer$IntensionalWork.evaluate(IntensionalLayer.java:124)
	at com.semmle.inmemory.scheduler.SimpleLayerTask$SimpleLayerWork.doWork(SimpleLayerTask.java:69)
	at com.semmle.inmemory.scheduler.execution.ThreadableWork.doSomeWork(ThreadableWork.java:396)
	at com.semmle.inmemory.scheduler.execution.ExecutionScheduler.runnerMain(ExecutionScheduler.java:707)
	at java.base/java.util.concurrent.ThreadPoolExecutor.runWorker(Unknown Source)
	at java.base/java.util.concurrent.ThreadPoolExecutor$Worker.run(Unknown Source)
	at java.base/java.lang.Thread.run(Unknown Source)
Caused by: Cannot create dirty marker for cached strings
(eventual cause: NoSuchFileException "/home/jackfromeast/Desktop/python-class-pollution/tasks/class-pollution-positive...")
	at com.semmle.inmemory.stringpool.StringPool.promoteStringToCached(StringPool.java:479)
	at com.semmle.inmemory.stringpool.StringPool.promoteToCached(StringPool.java:449)
	at com.semmle.inmemory.caching.TuplePool$ComplexNumberer.lambda$freshNumberRelation$1(TuplePool.java:496)
	at com.semmle.inmemory.relations.BaseIntArrayRelation.map(BaseIntArrayRelation.java:88)
	at com.semmle.inmemory.caching.PagedRelation.map(PagedRelation.java:158)
	at com.semmle.inmemory.relations.AbstractRelation.deduplicateMap(AbstractRelation.java:138)
	at com.semmle.inmemory.caching.TuplePool$ComplexNumberer.lambda$freshNumberRelation$2(TuplePool.java:480)
	at com.semmle.inmemory.relations.writers.RelationWriter.withSink(RelationWriter.java:72)
	at com.semmle.inmemory.caching.TuplePool$ComplexNumberer.freshNumberRelation(TuplePool.java:478)
	at com.semmle.inmemory.caching.TuplePool$ComplexNumberer.doNumbering(TuplePool.java:436)
	at com.semmle.inmemory.caching.TuplePool.lambda$doNumbering$1(TuplePool.java:245)
	at com.semmle.util.concurrent.LockUtils.runThenUnlock(LockUtils.java:8)
	at com.semmle.inmemory.caching.TuplePool$ComplexNumberer.doWithBranchLock(TuplePool.java:561)
	at com.semmle.inmemory.caching.TuplePool.doNumbering(TuplePool.java:233)
	at com.semmle.inmemory.ast.IMBConstructDatatype.doNumberingStreaming(IMBConstructDatatype.java:165)
	at com.semmle.inmemory.ast.IMBConstructDatatype$1.evaluateSink(IMBConstructDatatype.java:142)
	at com.semmle.inmemory.pipeline.HOPStep.generateTuples(HOPStep.java:57)
	at com.semmle.inmemory.pipeline.SimpleHeadStep.lambda$forwardInitialize$0(SimpleHeadStep.java:32)
	at com.semmle.inmemory.pipeline.HeadEndDispatcher.headEndWork(HeadEndDispatcher.java:75)
	at com.semmle.inmemory.pipeline.PipelineState.doSomeWork(PipelineState.java:88)
	at com.semmle.inmemory.pipeline.PipelineInstance.doWork(PipelineInstance.java:78)
	at com.semmle.inmemory.scheduler.execution.ThreadableWork.doSomeWork(ThreadableWork.java:396)
	at com.semmle.inmemory.scheduler.execution.ChainingWork.doWork(ChainingWork.java:30)
	at com.semmle.inmemory.scheduler.execution.ThreadableWork.doSomeWork(ThreadableWork.java:396)
	... 7 more
Caused by: java.nio.file.NoSuchFileException: /home/jackfromeast/Desktop/python-class-pollution/tasks/class-pollution-positive-remote/output/ChimeraX/codeql-db/db-python/default/cache/cached-strings/pools/dirty
	at java.base/sun.nio.fs.UnixException.translateToIOException(Unknown Source)
	at java.base/sun.nio.fs.UnixException.rethrowAsIOException(Unknown Source)
	at java.base/sun.nio.fs.UnixException.rethrowAsIOException(Unknown Source)
	at java.base/sun.nio.fs.UnixFileSystemProvider.newByteChannel(Unknown Source)
	at java.base/java.nio.file.Files.newByteChannel(Unknown Source)
	at java.base/java.nio.file.Files.createFile(Unknown Source)
	at com.semmle.inmemory.stringpool.StringPool.promoteStringToCached(StringPool.java:476)
	... 30 more

 (logger.py:42)
2025-04-28 03:04:40,272 - CodeQLRunner - ERROR - Failed to run query: /home/jackfromeast/Desktop/python-class-pollution/codeql-query/class-pollution-all/class-pollution-external.qls (logger.py:42)
2025-04-28 03:04:40,450 - CodeQLRunner - ERROR - Failed during cleanup: [Errno 39] Directory not empty: 'bundles' (logger.py:42)
2025-04-28 03:04:45,474 - CodeQLRunner - ERROR - Failed to build CodeQL database for ChimeraX: UnknownError: Initializing database at /home/jackfromeast/Desktop/python-class-pollution/tasks/class-pollution-positive-remote/output/ChimeraX/codeql-db.
Running build command: []
Running command in /home/jackfromeast/Desktop/python-class-pollution/tasks/class-pollution-positive-remote/output/ChimeraX/codebase: [/home/jackfromeast/Downloads/codeql/python/tools/autobuild.sh]
Finalizing database at /home/jackfromeast/Desktop/python-class-pollution/tasks/class-pollution-positive-remote/output/ChimeraX/codeql-db.
Running pre-finalize script /home/jackfromeast/Downloads/codeql/python/tools/pre-finalize.sh in /home/jackfromeast/Desktop/python-class-pollution/tasks/class-pollution-positive-remote/output/ChimeraX/codebase.
Running command in /home/jackfromeast/Desktop/python-class-pollution/tasks/class-pollution-positive-remote/output/ChimeraX/codebase: [/home/jackfromeast/Downloads/codeql/python/tools/pre-finalize.sh]
Running TRAP import for CodeQL database at /home/jackfromeast/Desktop/python-class-pollution/tasks/class-pollution-positive-remote/output/ChimeraX/codeql-db...
A fatal error occurred: Dataset /home/jackfromeast/Desktop/python-class-pollution/tasks/class-pollution-positive-remote/output/ChimeraX/codeql-db/db-python has been finalized and does not support further TRAP import.
A fatal error occurred: Dataset import for /home/jackfromeast/Desktop/python-class-pollution/tasks/class-pollution-positive-remote/output/ChimeraX/codeql-db/db-python failed with code 2.
 (logger.py:42)
2025-04-28 03:05:12,058 - CodeQLRunner - ERROR - Failed to execute query /home/jackfromeast/Desktop/python-class-pollution/codeql-query/class-pollution-all/class-pollution-external.qls: UnknownError: Running queries.
Compiling query plan for /home/jackfromeast/Desktop/python-class-pollution/codeql-query/class-pollution-all/query/ExternalClassPollutionQueryNewSetBothGetAttr.ql.
WARNING: unused variable 'setOpSecondObj' (/home/jackfromeast/Desktop/python-class-pollution/codeql-query/class-pollution-all/vuln/ClassPollutingAssignLib.qll:543,239-253)
WARNING: unused variable 'setOpSecondObj' (/home/jackfromeast/Desktop/python-class-pollution/codeql-query/class-pollution-all/vuln/ClassPollutingAssignLib.qll:562,245-259)
[1/6] Found in cache: /home/jackfromeast/Desktop/python-class-pollution/codeql-query/class-pollution-all/query/ExternalClassPollutionQueryNewSetBothGetAttr.ql.
Compiling query plan for /home/jackfromeast/Desktop/python-class-pollution/codeql-query/class-pollution-all/query/ExternalClassPollutionQueryNewSetAttrGetAttr.ql.
WARNING: unused variable 'setOpSecondObj' (/home/jackfromeast/Desktop/python-class-pollution/codeql-query/class-pollution-all/vuln/ClassPollutingAssignLib.qll:543,239-253)
WARNING: unused variable 'setOpSecondObj' (/home/jackfromeast/Desktop/python-class-pollution/codeql-query/class-pollution-all/vuln/ClassPollutingAssignLib.qll:562,245-259)
[2/6] Found in cache: /home/jackfromeast/Desktop/python-class-pollution/codeql-query/class-pollution-all/query/ExternalClassPollutionQueryNewSetAttrGetAttr.ql.
Compiling query plan for /home/jackfromeast/Desktop/python-class-pollution/codeql-query/class-pollution-all/query/ExternalClassPollutionQueryNewSetItemGetAttr.ql.
WARNING: unused variable 'setOpSecondObj' (/home/jackfromeast/Desktop/python-class-pollution/codeql-query/class-pollution-all/vuln/ClassPollutingAssignLib.qll:543,239-253)
WARNING: unused variable 'setOpSecondObj' (/home/jackfromeast/Desktop/python-class-pollution/codeql-query/class-pollution-all/vuln/ClassPollutingAssignLib.qll:562,245-259)
[3/6] Found in cache: /home/jackfromeast/Desktop/python-class-pollution/codeql-query/class-pollution-all/query/ExternalClassPollutionQueryNewSetItemGetAttr.ql.
Compiling query plan for /home/jackfromeast/Desktop/python-class-pollution/codeql-query/class-pollution-all/query/ExternalClassPollutionQueryNewSetBothGetBoth.ql.
WARNING: unused variable 'setOpSecondObj' (/home/jackfromeast/Desktop/python-class-pollution/codeql-query/class-pollution-all/vuln/ClassPollutingAssignLib.qll:543,239-253)
WARNING: unused variable 'setOpSecondObj' (/home/jackfromeast/Desktop/python-class-pollution/codeql-query/class-pollution-all/vuln/ClassPollutingAssignLib.qll:562,245-259)
[4/6] Found in cache: /home/jackfromeast/Desktop/python-class-pollution/codeql-query/class-pollution-all/query/ExternalClassPollutionQueryNewSetBothGetBoth.ql.
Compiling query plan for /home/jackfromeast/Desktop/python-class-pollution/codeql-query/class-pollution-all/query/ExternalClassPollutionQueryNewSetItemGetBoth.ql.
WARNING: unused variable 'setOpSecondObj' (/home/jackfromeast/Desktop/python-class-pollution/codeql-query/class-pollution-all/vuln/ClassPollutingAssignLib.qll:543,239-253)
WARNING: unused variable 'setOpSecondObj' (/home/jackfromeast/Desktop/python-class-pollution/codeql-query/class-pollution-all/vuln/ClassPollutingAssignLib.qll:562,245-259)
[5/6] Found in cache: /home/jackfromeast/Desktop/python-class-pollution/codeql-query/class-pollution-all/query/ExternalClassPollutionQueryNewSetItemGetBoth.ql.
Compiling query plan for /home/jackfromeast/Desktop/python-class-pollution/codeql-query/class-pollution-all/query/ExternalClassPollutionQueryNewSetAttrGetBoth.ql.
WARNING: unused variable 'setOpSecondObj' (/home/jackfromeast/Desktop/python-class-pollution/codeql-query/class-pollution-all/vuln/ClassPollutingAssignLib.qll:543,239-253)
WARNING: unused variable 'setOpSecondObj' (/home/jackfromeast/Desktop/python-class-pollution/codeql-query/class-pollution-all/vuln/ClassPollutingAssignLib.qll:562,245-259)
[6/6] Found in cache: /home/jackfromeast/Desktop/python-class-pollution/codeql-query/class-pollution-all/query/ExternalClassPollutionQueryNewSetAttrGetBoth.ql.
Starting evaluation of jackfromeast/class-pollution-all/query/ExternalClassPollutionQueryNewSetAttrGetAttr.ql.
A fatal error occurred: Cannot create dirty marker for cached strings
(eventual cause: NoSuchFileException "/home/jackfromeast/Desktop/python-class-pollution/tasks/class-pollution-positive...")
 (logger.py:42)
2025-04-28 03:05:12,058 - CodeQLRunner - ERROR - Failed to run query: /home/jackfromeast/Desktop/python-class-pollution/codeql-query/class-pollution-all/class-pollution-external.qls (logger.py:42)
2025-04-28 03:05:12,211 - CodeQLRunner - ERROR - Failed to build CodeQL database for byro: UnknownError: Initializing database at /home/jackfromeast/Desktop/python-class-pollution/tasks/class-pollution-positive-remote/output/byro/codeql-db.
Running build command: []
A fatal error occurred: Invalid working directory: /home/jackfromeast/Desktop/python-class-pollution/tasks/class-pollution-positive-remote/output/byro/codebase.
 (logger.py:42)
2025-04-28 03:06:16,321 - CodeQLRunner - ERROR - Building CodeQL database timed out: WebScrapingWithPython (logger.py:42)
2025-04-28 03:06:39,520 - CodeQLRunner - ERROR - Failed to build CodeQL database for ESFT: NoPythonCodeFoundException: No Python code found in the repository. (logger.py:42)
2025-04-28 03:08:22,353 - CodeQLRunner - ERROR - Failed to execute query /home/jackfromeast/Desktop/python-class-pollution/codeql-query/class-pollution-all/class-pollution-external.qls: UnknownError: Running queries.
Compiling query plan for /home/jackfromeast/Desktop/python-class-pollution/codeql-query/class-pollution-all/query/ExternalClassPollutionQueryNewSetBothGetAttr.ql.
WARNING: unused variable 'setOpSecondObj' (/home/jackfromeast/Desktop/python-class-pollution/codeql-query/class-pollution-all/vuln/ClassPollutingAssignLib.qll:543,239-253)
WARNING: unused variable 'setOpSecondObj' (/home/jackfromeast/Desktop/python-class-pollution/codeql-query/class-pollution-all/vuln/ClassPollutingAssignLib.qll:562,245-259)
[1/6] Found in cache: /home/jackfromeast/Desktop/python-class-pollution/codeql-query/class-pollution-all/query/ExternalClassPollutionQueryNewSetBothGetAttr.ql.
Compiling query plan for /home/jackfromeast/Desktop/python-class-pollution/codeql-query/class-pollution-all/query/ExternalClassPollutionQueryNewSetAttrGetAttr.ql.
WARNING: unused variable 'setOpSecondObj' (/home/jackfromeast/Desktop/python-class-pollution/codeql-query/class-pollution-all/vuln/ClassPollutingAssignLib.qll:543,239-253)
WARNING: unused variable 'setOpSecondObj' (/home/jackfromeast/Desktop/python-class-pollution/codeql-query/class-pollution-all/vuln/ClassPollutingAssignLib.qll:562,245-259)
[2/6] Found in cache: /home/jackfromeast/Desktop/python-class-pollution/codeql-query/class-pollution-all/query/ExternalClassPollutionQueryNewSetAttrGetAttr.ql.
Compiling query plan for /home/jackfromeast/Desktop/python-class-pollution/codeql-query/class-pollution-all/query/ExternalClassPollutionQueryNewSetItemGetAttr.ql.
WARNING: unused variable 'setOpSecondObj' (/home/jackfromeast/Desktop/python-class-pollution/codeql-query/class-pollution-all/vuln/ClassPollutingAssignLib.qll:543,239-253)
WARNING: unused variable 'setOpSecondObj' (/home/jackfromeast/Desktop/python-class-pollution/codeql-query/class-pollution-all/vuln/ClassPollutingAssignLib.qll:562,245-259)
[3/6] Found in cache: /home/jackfromeast/Desktop/python-class-pollution/codeql-query/class-pollution-all/query/ExternalClassPollutionQueryNewSetItemGetAttr.ql.
Compiling query plan for /home/jackfromeast/Desktop/python-class-pollution/codeql-query/class-pollution-all/query/ExternalClassPollutionQueryNewSetBothGetBoth.ql.
WARNING: unused variable 'setOpSecondObj' (/home/jackfromeast/Desktop/python-class-pollution/codeql-query/class-pollution-all/vuln/ClassPollutingAssignLib.qll:543,239-253)
WARNING: unused variable 'setOpSecondObj' (/home/jackfromeast/Desktop/python-class-pollution/codeql-query/class-pollution-all/vuln/ClassPollutingAssignLib.qll:562,245-259)
[4/6] Found in cache: /home/jackfromeast/Desktop/python-class-pollution/codeql-query/class-pollution-all/query/ExternalClassPollutionQueryNewSetBothGetBoth.ql.
Compiling query plan for /home/jackfromeast/Desktop/python-class-pollution/codeql-query/class-pollution-all/query/ExternalClassPollutionQueryNewSetItemGetBoth.ql.
WARNING: unused variable 'setOpSecondObj' (/home/jackfromeast/Desktop/python-class-pollution/codeql-query/class-pollution-all/vuln/ClassPollutingAssignLib.qll:543,239-253)
WARNING: unused variable 'setOpSecondObj' (/home/jackfromeast/Desktop/python-class-pollution/codeql-query/class-pollution-all/vuln/ClassPollutingAssignLib.qll:562,245-259)
[5/6] Found in cache: /home/jackfromeast/Desktop/python-class-pollution/codeql-query/class-pollution-all/query/ExternalClassPollutionQueryNewSetItemGetBoth.ql.
Compiling query plan for /home/jackfromeast/Desktop/python-class-pollution/codeql-query/class-pollution-all/query/ExternalClassPollutionQueryNewSetAttrGetBoth.ql.
WARNING: unused variable 'setOpSecondObj' (/home/jackfromeast/Desktop/python-class-pollution/codeql-query/class-pollution-all/vuln/ClassPollutingAssignLib.qll:543,239-253)
WARNING: unused variable 'setOpSecondObj' (/home/jackfromeast/Desktop/python-class-pollution/codeql-query/class-pollution-all/vuln/ClassPollutingAssignLib.qll:562,245-259)
[6/6] Found in cache: /home/jackfromeast/Desktop/python-class-pollution/codeql-query/class-pollution-all/query/ExternalClassPollutionQueryNewSetAttrGetBoth.ql.
A fatal error occurred: Error while writing '/home/jackfromeast/Desktop/python-class-pollution/tasks/class-pollution-positive-remote/output/netchecks/codeql-db/results/run-info-20250428.070818.639.yml': 
(eventual cause: FileNotFoundException "/home/jackfromeast/Desktop/python-class-pollution/tasks/class-pollution-positive...")
 (logger.py:42)
2025-04-28 03:08:22,354 - CodeQLRunner - ERROR - Failed to run query: /home/jackfromeast/Desktop/python-class-pollution/codeql-query/class-pollution-all/class-pollution-external.qls (logger.py:42)
2025-04-28 03:11:07,366 - CodeQLRunner - ERROR - Building CodeQL database timed out: pytypes (logger.py:42)
2025-04-28 03:11:09,137 - CodeQLRunner - ERROR - Building CodeQL database timed out: auptimizer (logger.py:42)
2025-04-28 03:11:30,990 - CodeQLRunner - ERROR - Failed to execute query /home/jackfromeast/Desktop/python-class-pollution/codeql-query/class-pollution-all/class-pollution-external.qls: UnknownError: Running queries.
Compiling query plan for /home/jackfromeast/Desktop/python-class-pollution/codeql-query/class-pollution-all/query/ExternalClassPollutionQueryNewSetBothGetAttr.ql.
WARNING: unused variable 'setOpSecondObj' (/home/jackfromeast/Desktop/python-class-pollution/codeql-query/class-pollution-all/vuln/ClassPollutingAssignLib.qll:543,239-253)
WARNING: unused variable 'setOpSecondObj' (/home/jackfromeast/Desktop/python-class-pollution/codeql-query/class-pollution-all/vuln/ClassPollutingAssignLib.qll:562,245-259)
[1/6] Found in cache: /home/jackfromeast/Desktop/python-class-pollution/codeql-query/class-pollution-all/query/ExternalClassPollutionQueryNewSetBothGetAttr.ql.
Compiling query plan for /home/jackfromeast/Desktop/python-class-pollution/codeql-query/class-pollution-all/query/ExternalClassPollutionQueryNewSetAttrGetAttr.ql.
WARNING: unused variable 'setOpSecondObj' (/home/jackfromeast/Desktop/python-class-pollution/codeql-query/class-pollution-all/vuln/ClassPollutingAssignLib.qll:543,239-253)
WARNING: unused variable 'setOpSecondObj' (/home/jackfromeast/Desktop/python-class-pollution/codeql-query/class-pollution-all/vuln/ClassPollutingAssignLib.qll:562,245-259)
[2/6] Found in cache: /home/jackfromeast/Desktop/python-class-pollution/codeql-query/class-pollution-all/query/ExternalClassPollutionQueryNewSetAttrGetAttr.ql.
Compiling query plan for /home/jackfromeast/Desktop/python-class-pollution/codeql-query/class-pollution-all/query/ExternalClassPollutionQueryNewSetItemGetAttr.ql.
WARNING: unused variable 'setOpSecondObj' (/home/jackfromeast/Desktop/python-class-pollution/codeql-query/class-pollution-all/vuln/ClassPollutingAssignLib.qll:543,239-253)
WARNING: unused variable 'setOpSecondObj' (/home/jackfromeast/Desktop/python-class-pollution/codeql-query/class-pollution-all/vuln/ClassPollutingAssignLib.qll:562,245-259)
[3/6] Found in cache: /home/jackfromeast/Desktop/python-class-pollution/codeql-query/class-pollution-all/query/ExternalClassPollutionQueryNewSetItemGetAttr.ql.
Compiling query plan for /home/jackfromeast/Desktop/python-class-pollution/codeql-query/class-pollution-all/query/ExternalClassPollutionQueryNewSetBothGetBoth.ql.
WARNING: unused variable 'setOpSecondObj' (/home/jackfromeast/Desktop/python-class-pollution/codeql-query/class-pollution-all/vuln/ClassPollutingAssignLib.qll:543,239-253)
WARNING: unused variable 'setOpSecondObj' (/home/jackfromeast/Desktop/python-class-pollution/codeql-query/class-pollution-all/vuln/ClassPollutingAssignLib.qll:562,245-259)
[4/6] Found in cache: /home/jackfromeast/Desktop/python-class-pollution/codeql-query/class-pollution-all/query/ExternalClassPollutionQueryNewSetBothGetBoth.ql.
Compiling query plan for /home/jackfromeast/Desktop/python-class-pollution/codeql-query/class-pollution-all/query/ExternalClassPollutionQueryNewSetItemGetBoth.ql.
WARNING: unused variable 'setOpSecondObj' (/home/jackfromeast/Desktop/python-class-pollution/codeql-query/class-pollution-all/vuln/ClassPollutingAssignLib.qll:543,239-253)
WARNING: unused variable 'setOpSecondObj' (/home/jackfromeast/Desktop/python-class-pollution/codeql-query/class-pollution-all/vuln/ClassPollutingAssignLib.qll:562,245-259)
[5/6] Found in cache: /home/jackfromeast/Desktop/python-class-pollution/codeql-query/class-pollution-all/query/ExternalClassPollutionQueryNewSetItemGetBoth.ql.
Compiling query plan for /home/jackfromeast/Desktop/python-class-pollution/codeql-query/class-pollution-all/query/ExternalClassPollutionQueryNewSetAttrGetBoth.ql.
WARNING: unused variable 'setOpSecondObj' (/home/jackfromeast/Desktop/python-class-pollution/codeql-query/class-pollution-all/vuln/ClassPollutingAssignLib.qll:543,239-253)
WARNING: unused variable 'setOpSecondObj' (/home/jackfromeast/Desktop/python-class-pollution/codeql-query/class-pollution-all/vuln/ClassPollutingAssignLib.qll:562,245-259)
[6/6] Found in cache: /home/jackfromeast/Desktop/python-class-pollution/codeql-query/class-pollution-all/query/ExternalClassPollutionQueryNewSetAttrGetBoth.ql.
Starting evaluation of jackfromeast/class-pollution-all/query/ExternalClassPollutionQueryNewSetAttrGetAttr.ql.
Oops! A fatal internal error occurred. Details:
com.semmle.util.exception.CatastrophicError: An error occurred while evaluating num#DataFlowImpl::Impl<TaintTracking::TaintTracking::GlobalWithState<ClassPollutionTaintTrackingLib::ClassPollutionTaintTracking::TrackingClassPollutionKeyToAssignmentConfiguration>::C>::Stage2::TSummaryCtxSome#a438a496/5@i7#a3898w0n
Cannot create dirty marker for cached strings
The RA to evaluate was:

    {5} r1 = INVOKE HIGHER-ORDER RELATION construct<DataFlowImpl#248dabc3::MakeImpl-Files#a547fcb4::Location-DataFlowImplSpecific#9c24d182::PythonDataFlow-::Impl-TaintTrac-21e2b35f,1> ON <`DataFlowImpl::Impl<TaintTracking::TaintTracking::GlobalWithState<ClassPollutionTaintTrackingLib::ClassPollutionTaintTracking::TrackingClassPollutionKeyToAssignmentConfiguration>::C>::Stage2::TSummaryCtxSome#dom#cad82dc1#prev_delta`>
    return r1

(eventual cause: NoSuchFileException "/home/jackfromeast/Desktop/python-class-pollution/tasks/class-pollution-positive...")
	at com.semmle.inmemory.pipeline.MetaPipelineInstance.wrapWithRaDump(MetaPipelineInstance.java:204)
	at com.semmle.inmemory.pipeline.MetaPipelineInstance.exceptionCaught(MetaPipelineInstance.java:174)
	at com.semmle.inmemory.scheduler.execution.ThreadableWork.handleAndLog(ThreadableWork.java:593)
	at com.semmle.inmemory.scheduler.execution.ThreadableWork.doSomeWork(ThreadableWork.java:410)
	at com.semmle.inmemory.scheduler.RecursiveLayer$RecursiveWork.doWork(RecursiveLayer.java:476)
	at com.semmle.inmemory.scheduler.execution.ThreadableWork.doSomeWork(ThreadableWork.java:396)
	at com.semmle.inmemory.scheduler.execution.ExecutionScheduler.runnerMain(ExecutionScheduler.java:707)
	at java.base/java.util.concurrent.ThreadPoolExecutor.runWorker(Unknown Source)
	at java.base/java.util.concurrent.ThreadPoolExecutor$Worker.run(Unknown Source)
	at java.base/java.lang.Thread.run(Unknown Source)
Caused by: Cannot create dirty marker for cached strings
(eventual cause: NoSuchFileException "/home/jackfromeast/Desktop/python-class-pollution/tasks/class-pollution-positive...")
	at com.semmle.inmemory.stringpool.StringPool.promoteStringToCached(StringPool.java:479)
	at com.semmle.inmemory.stringpool.StringPool.promoteToCached(StringPool.java:449)
	at com.semmle.inmemory.caching.TuplePool$ComplexNumberer.lambda$freshNumberRelation$1(TuplePool.java:496)
	at com.semmle.inmemory.relations.BaseIntArrayRelation.map(BaseIntArrayRelation.java:88)
	at com.semmle.inmemory.relations.AbstractRelation.deduplicateMap(AbstractRelation.java:138)
	at com.semmle.inmemory.caching.TuplePool$ComplexNumberer.lambda$freshNumberRelation$2(TuplePool.java:480)
	at com.semmle.inmemory.relations.writers.RelationWriter.withSink(RelationWriter.java:72)
	at com.semmle.inmemory.caching.TuplePool$ComplexNumberer.freshNumberRelation(TuplePool.java:478)
	at com.semmle.inmemory.caching.TuplePool$ComplexNumberer.doNumbering(TuplePool.java:436)
	at com.semmle.inmemory.caching.TuplePool.lambda$doNumbering$1(TuplePool.java:245)
	at com.semmle.util.concurrent.LockUtils.runThenUnlock(LockUtils.java:8)
	at com.semmle.inmemory.caching.TuplePool$ComplexNumberer.doWithBranchLock(TuplePool.java:561)
	at com.semmle.inmemory.caching.TuplePool.doNumbering(TuplePool.java:233)
	at com.semmle.inmemory.ast.IMBConstructDatatype.doNumberingStreaming(IMBConstructDatatype.java:165)
	at com.semmle.inmemory.ast.IMBConstructDatatype$1.evaluateSink(IMBConstructDatatype.java:142)
	at com.semmle.inmemory.pipeline.HOPStep.generateTuples(HOPStep.java:57)
	at com.semmle.inmemory.pipeline.SimpleHeadStep.lambda$forwardInitialize$0(SimpleHeadStep.java:32)
	at com.semmle.inmemory.pipeline.HeadEndDispatcher.headEndWork(HeadEndDispatcher.java:75)
	at com.semmle.inmemory.pipeline.PipelineState.doSomeWork(PipelineState.java:88)
	at com.semmle.inmemory.pipeline.PipelineInstance.doWork(PipelineInstance.java:78)
	at com.semmle.inmemory.scheduler.execution.ThreadableWork.doSomeWork(ThreadableWork.java:396)
	at com.semmle.inmemory.scheduler.execution.ChainingWork.doWork(ChainingWork.java:30)
	at com.semmle.inmemory.scheduler.execution.ThreadableWork.doSomeWork(ThreadableWork.java:396)
	... 6 more
Caused by: java.nio.file.NoSuchFileException: /home/jackfromeast/Desktop/python-class-pollution/tasks/class-pollution-positive-remote/output/A-ViT/codeql-db/db-python/default/cache/cached-strings/pools/dirty
	at java.base/sun.nio.fs.UnixException.translateToIOException(Unknown Source)
	at java.base/sun.nio.fs.UnixException.rethrowAsIOException(Unknown Source)
	at java.base/sun.nio.fs.UnixException.rethrowAsIOException(Unknown Source)
	at java.base/sun.nio.fs.UnixFileSystemProvider.newByteChannel(Unknown Source)
	at java.base/java.nio.file.Files.newByteChannel(Unknown Source)
	at java.base/java.nio.file.Files.createFile(Unknown Source)
	at com.semmle.inmemory.stringpool.StringPool.promoteStringToCached(StringPool.java:476)
	... 28 more

 (logger.py:42)
2025-04-28 03:11:30,990 - CodeQLRunner - ERROR - Failed to run query: /home/jackfromeast/Desktop/python-class-pollution/codeql-query/class-pollution-all/class-pollution-external.qls (logger.py:42)
2025-04-28 03:11:31,064 - CodeQLRunner - ERROR - Failed during cleanup: [Errno 39] Directory not empty: 'codeql-db' (logger.py:42)
2025-04-28 03:11:31,101 - CodeQLRunner - ERROR - Failed to build CodeQL database for A-ViT: UnknownError: Initializing database at /home/jackfromeast/Desktop/python-class-pollution/tasks/class-pollution-positive-remote/output/A-ViT/codeql-db.
Running build command: []
A fatal error occurred: /home/jackfromeast/Desktop/python-class-pollution/tasks/class-pollution-positive-remote/output/A-ViT/codeql-db is not a recognized CodeQL database.
 (logger.py:42)
2025-04-28 03:13:04,044 - CodeQLRunner - ERROR - Failed to execute query /home/jackfromeast/Desktop/python-class-pollution/codeql-query/class-pollution-all/class-pollution-external.qls: UnknownError: Running queries.
Compiling query plan for /home/jackfromeast/Desktop/python-class-pollution/codeql-query/class-pollution-all/query/ExternalClassPollutionQueryNewSetBothGetAttr.ql.
WARNING: unused variable 'setOpSecondObj' (/home/jackfromeast/Desktop/python-class-pollution/codeql-query/class-pollution-all/vuln/ClassPollutingAssignLib.qll:543,239-253)
WARNING: unused variable 'setOpSecondObj' (/home/jackfromeast/Desktop/python-class-pollution/codeql-query/class-pollution-all/vuln/ClassPollutingAssignLib.qll:562,245-259)
[1/6] Found in cache: /home/jackfromeast/Desktop/python-class-pollution/codeql-query/class-pollution-all/query/ExternalClassPollutionQueryNewSetBothGetAttr.ql.
Compiling query plan for /home/jackfromeast/Desktop/python-class-pollution/codeql-query/class-pollution-all/query/ExternalClassPollutionQueryNewSetAttrGetAttr.ql.
WARNING: unused variable 'setOpSecondObj' (/home/jackfromeast/Desktop/python-class-pollution/codeql-query/class-pollution-all/vuln/ClassPollutingAssignLib.qll:543,239-253)
WARNING: unused variable 'setOpSecondObj' (/home/jackfromeast/Desktop/python-class-pollution/codeql-query/class-pollution-all/vuln/ClassPollutingAssignLib.qll:562,245-259)
[2/6] Found in cache: /home/jackfromeast/Desktop/python-class-pollution/codeql-query/class-pollution-all/query/ExternalClassPollutionQueryNewSetAttrGetAttr.ql.
Compiling query plan for /home/jackfromeast/Desktop/python-class-pollution/codeql-query/class-pollution-all/query/ExternalClassPollutionQueryNewSetItemGetAttr.ql.
WARNING: unused variable 'setOpSecondObj' (/home/jackfromeast/Desktop/python-class-pollution/codeql-query/class-pollution-all/vuln/ClassPollutingAssignLib.qll:543,239-253)
WARNING: unused variable 'setOpSecondObj' (/home/jackfromeast/Desktop/python-class-pollution/codeql-query/class-pollution-all/vuln/ClassPollutingAssignLib.qll:562,245-259)
[3/6] Found in cache: /home/jackfromeast/Desktop/python-class-pollution/codeql-query/class-pollution-all/query/ExternalClassPollutionQueryNewSetItemGetAttr.ql.
Compiling query plan for /home/jackfromeast/Desktop/python-class-pollution/codeql-query/class-pollution-all/query/ExternalClassPollutionQueryNewSetBothGetBoth.ql.
WARNING: unused variable 'setOpSecondObj' (/home/jackfromeast/Desktop/python-class-pollution/codeql-query/class-pollution-all/vuln/ClassPollutingAssignLib.qll:543,239-253)
WARNING: unused variable 'setOpSecondObj' (/home/jackfromeast/Desktop/python-class-pollution/codeql-query/class-pollution-all/vuln/ClassPollutingAssignLib.qll:562,245-259)
[4/6] Found in cache: /home/jackfromeast/Desktop/python-class-pollution/codeql-query/class-pollution-all/query/ExternalClassPollutionQueryNewSetBothGetBoth.ql.
Compiling query plan for /home/jackfromeast/Desktop/python-class-pollution/codeql-query/class-pollution-all/query/ExternalClassPollutionQueryNewSetItemGetBoth.ql.
WARNING: unused variable 'setOpSecondObj' (/home/jackfromeast/Desktop/python-class-pollution/codeql-query/class-pollution-all/vuln/ClassPollutingAssignLib.qll:543,239-253)
WARNING: unused variable 'setOpSecondObj' (/home/jackfromeast/Desktop/python-class-pollution/codeql-query/class-pollution-all/vuln/ClassPollutingAssignLib.qll:562,245-259)
[5/6] Found in cache: /home/jackfromeast/Desktop/python-class-pollution/codeql-query/class-pollution-all/query/ExternalClassPollutionQueryNewSetItemGetBoth.ql.
Compiling query plan for /home/jackfromeast/Desktop/python-class-pollution/codeql-query/class-pollution-all/query/ExternalClassPollutionQueryNewSetAttrGetBoth.ql.
WARNING: unused variable 'setOpSecondObj' (/home/jackfromeast/Desktop/python-class-pollution/codeql-query/class-pollution-all/vuln/ClassPollutingAssignLib.qll:543,239-253)
WARNING: unused variable 'setOpSecondObj' (/home/jackfromeast/Desktop/python-class-pollution/codeql-query/class-pollution-all/vuln/ClassPollutingAssignLib.qll:562,245-259)
[6/6] Found in cache: /home/jackfromeast/Desktop/python-class-pollution/codeql-query/class-pollution-all/query/ExternalClassPollutionQueryNewSetAttrGetBoth.ql.
A fatal error occurred: Error while writing '/home/jackfromeast/Desktop/python-class-pollution/tasks/class-pollution-positive-remote/output/netpyne/codeql-db/results/run-info-20250428.071259.800.yml': 
(eventual cause: FileNotFoundException "/home/jackfromeast/Desktop/python-class-pollution/tasks/class-pollution-positive...")
 (logger.py:42)
2025-04-28 03:13:04,044 - CodeQLRunner - ERROR - Failed to run query: /home/jackfromeast/Desktop/python-class-pollution/codeql-query/class-pollution-all/class-pollution-external.qls (logger.py:42)
2025-04-28 03:13:04,140 - CodeQLRunner - ERROR - Failed during cleanup: [Errno 39] Directory not empty: 'python' (logger.py:42)
2025-04-28 03:13:04,238 - CodeQLRunner - ERROR - Failed to build CodeQL database for netpyne: UnknownError: Initializing database at /home/jackfromeast/Desktop/python-class-pollution/tasks/class-pollution-positive-remote/output/netpyne/codeql-db.
Running build command: []
Running command in /home/jackfromeast/Desktop/python-class-pollution/tasks/class-pollution-positive-remote/output/netpyne/codebase: [/home/jackfromeast/Downloads/codeql/python/tools/autobuild.sh]
Finalizing database at /home/jackfromeast/Desktop/python-class-pollution/tasks/class-pollution-positive-remote/output/netpyne/codeql-db.
CodeQL could not process any code written in Python. This can occur if the specified build commands failed to compile or process any code.

 - Confirm that there is some source code for the specified language in the project.
 - For codebases written in JavaScript/TypeScript, Python, and Ruby, do not specify
   an explicit --command.
 - For codebases written in C/C++, C#, Go, Java/Kotlin, and Swift, specify 
   a "clean" build using --command which compiles all the source code files
   without reusing existing build artefacts.
 - For codebases written in Java, you can alternatively specify "--build-mode none"
   to use the beta support for creating a database without building the source root.

For more information, review our troubleshooting guide at https://gh.io/troubleshooting-code-scanning/no-source-code-seen-during-build.
 (logger.py:42)
2025-04-28 03:13:24,311 - CodeQLRunner - ERROR - Failed to build CodeQL database for UnicomDailyTask: UnknownError: Initializing database at /home/jackfromeast/Desktop/python-class-pollution/tasks/class-pollution-positive-remote/output/UnicomDailyTask/codeql-db.
Running build command: []
Running command in /home/jackfromeast/Desktop/python-class-pollution/tasks/class-pollution-positive-remote/output/UnicomDailyTask/codebase: [/home/jackfromeast/Downloads/codeql/python/tools/autobuild.sh]
Finalizing database at /home/jackfromeast/Desktop/python-class-pollution/tasks/class-pollution-positive-remote/output/UnicomDailyTask/codeql-db.
Running pre-finalize script /home/jackfromeast/Downloads/codeql/python/tools/pre-finalize.sh in /home/jackfromeast/Desktop/python-class-pollution/tasks/class-pollution-positive-remote/output/UnicomDailyTask/codebase.
Running command in /home/jackfromeast/Desktop/python-class-pollution/tasks/class-pollution-positive-remote/output/UnicomDailyTask/codebase: [/home/jackfromeast/Downloads/codeql/python/tools/pre-finalize.sh]
Running TRAP import for CodeQL database at /home/jackfromeast/Desktop/python-class-pollution/tasks/class-pollution-positive-remote/output/UnicomDailyTask/codeql-db...
A fatal error occurred: Dataset /home/jackfromeast/Desktop/python-class-pollution/tasks/class-pollution-positive-remote/output/UnicomDailyTask/codeql-db/db-python has been finalized and does not support further TRAP import.
A fatal error occurred: Dataset import for /home/jackfromeast/Desktop/python-class-pollution/tasks/class-pollution-positive-remote/output/UnicomDailyTask/codeql-db/db-python failed with code 2.
 (logger.py:42)
2025-04-28 03:13:41,532 - CodeQLRunner - ERROR - Failed to execute query /home/jackfromeast/Desktop/python-class-pollution/codeql-query/class-pollution-all/class-pollution-external.qls: UnknownError: Running queries.
Compiling query plan for /home/jackfromeast/Desktop/python-class-pollution/codeql-query/class-pollution-all/query/ExternalClassPollutionQueryNewSetBothGetAttr.ql.
WARNING: unused variable 'setOpSecondObj' (/home/jackfromeast/Desktop/python-class-pollution/codeql-query/class-pollution-all/vuln/ClassPollutingAssignLib.qll:543,239-253)
WARNING: unused variable 'setOpSecondObj' (/home/jackfromeast/Desktop/python-class-pollution/codeql-query/class-pollution-all/vuln/ClassPollutingAssignLib.qll:562,245-259)
[1/6] Found in cache: /home/jackfromeast/Desktop/python-class-pollution/codeql-query/class-pollution-all/query/ExternalClassPollutionQueryNewSetBothGetAttr.ql.
Compiling query plan for /home/jackfromeast/Desktop/python-class-pollution/codeql-query/class-pollution-all/query/ExternalClassPollutionQueryNewSetAttrGetAttr.ql.
WARNING: unused variable 'setOpSecondObj' (/home/jackfromeast/Desktop/python-class-pollution/codeql-query/class-pollution-all/vuln/ClassPollutingAssignLib.qll:543,239-253)
WARNING: unused variable 'setOpSecondObj' (/home/jackfromeast/Desktop/python-class-pollution/codeql-query/class-pollution-all/vuln/ClassPollutingAssignLib.qll:562,245-259)
[2/6] Found in cache: /home/jackfromeast/Desktop/python-class-pollution/codeql-query/class-pollution-all/query/ExternalClassPollutionQueryNewSetAttrGetAttr.ql.
Compiling query plan for /home/jackfromeast/Desktop/python-class-pollution/codeql-query/class-pollution-all/query/ExternalClassPollutionQueryNewSetItemGetAttr.ql.
WARNING: unused variable 'setOpSecondObj' (/home/jackfromeast/Desktop/python-class-pollution/codeql-query/class-pollution-all/vuln/ClassPollutingAssignLib.qll:543,239-253)
WARNING: unused variable 'setOpSecondObj' (/home/jackfromeast/Desktop/python-class-pollution/codeql-query/class-pollution-all/vuln/ClassPollutingAssignLib.qll:562,245-259)
[3/6] Found in cache: /home/jackfromeast/Desktop/python-class-pollution/codeql-query/class-pollution-all/query/ExternalClassPollutionQueryNewSetItemGetAttr.ql.
Compiling query plan for /home/jackfromeast/Desktop/python-class-pollution/codeql-query/class-pollution-all/query/ExternalClassPollutionQueryNewSetBothGetBoth.ql.
WARNING: unused variable 'setOpSecondObj' (/home/jackfromeast/Desktop/python-class-pollution/codeql-query/class-pollution-all/vuln/ClassPollutingAssignLib.qll:543,239-253)
WARNING: unused variable 'setOpSecondObj' (/home/jackfromeast/Desktop/python-class-pollution/codeql-query/class-pollution-all/vuln/ClassPollutingAssignLib.qll:562,245-259)
[4/6] Found in cache: /home/jackfromeast/Desktop/python-class-pollution/codeql-query/class-pollution-all/query/ExternalClassPollutionQueryNewSetBothGetBoth.ql.
Compiling query plan for /home/jackfromeast/Desktop/python-class-pollution/codeql-query/class-pollution-all/query/ExternalClassPollutionQueryNewSetItemGetBoth.ql.
WARNING: unused variable 'setOpSecondObj' (/home/jackfromeast/Desktop/python-class-pollution/codeql-query/class-pollution-all/vuln/ClassPollutingAssignLib.qll:543,239-253)
WARNING: unused variable 'setOpSecondObj' (/home/jackfromeast/Desktop/python-class-pollution/codeql-query/class-pollution-all/vuln/ClassPollutingAssignLib.qll:562,245-259)
[5/6] Found in cache: /home/jackfromeast/Desktop/python-class-pollution/codeql-query/class-pollution-all/query/ExternalClassPollutionQueryNewSetItemGetBoth.ql.
Compiling query plan for /home/jackfromeast/Desktop/python-class-pollution/codeql-query/class-pollution-all/query/ExternalClassPollutionQueryNewSetAttrGetBoth.ql.
WARNING: unused variable 'setOpSecondObj' (/home/jackfromeast/Desktop/python-class-pollution/codeql-query/class-pollution-all/vuln/ClassPollutingAssignLib.qll:543,239-253)
WARNING: unused variable 'setOpSecondObj' (/home/jackfromeast/Desktop/python-class-pollution/codeql-query/class-pollution-all/vuln/ClassPollutingAssignLib.qll:562,245-259)
[6/6] Found in cache: /home/jackfromeast/Desktop/python-class-pollution/codeql-query/class-pollution-all/query/ExternalClassPollutionQueryNewSetAttrGetBoth.ql.
Starting evaluation of jackfromeast/class-pollution-all/query/ExternalClassPollutionQueryNewSetAttrGetAttr.ql.
Starting evaluation of jackfromeast/class-pollution-all/query/ExternalClassPollutionQueryNewSetAttrGetBoth.ql.
[1/6 eval 4s] Evaluation done; writing results to jackfromeast/class-pollution-all/query/ExternalClassPollutionQueryNewSetAttrGetAttr.bqrs.
Starting evaluation of jackfromeast/class-pollution-all/query/ExternalClassPollutionQueryNewSetBothGetAttr.ql.
[2/6 eval 22ms] Evaluation done; writing results to jackfromeast/class-pollution-all/query/ExternalClassPollutionQueryNewSetAttrGetBoth.bqrs.
Starting evaluation of jackfromeast/class-pollution-all/query/ExternalClassPollutionQueryNewSetBothGetBoth.ql.
[3/6 eval 1ms] Evaluation done; writing results to jackfromeast/class-pollution-all/query/ExternalClassPollutionQueryNewSetBothGetAttr.bqrs.
Starting evaluation of jackfromeast/class-pollution-all/query/ExternalClassPollutionQueryNewSetItemGetAttr.ql.
[4/6 eval 17ms] Evaluation done; writing results to jackfromeast/class-pollution-all/query/ExternalClassPollutionQueryNewSetBothGetBoth.bqrs.
Starting evaluation of jackfromeast/class-pollution-all/query/ExternalClassPollutionQueryNewSetItemGetBoth.ql.
[5/6 eval 83ms] Evaluation done; writing results to jackfromeast/class-pollution-all/query/ExternalClassPollutionQueryNewSetItemGetAttr.bqrs.
[6/6 eval 97ms] Evaluation done; writing results to jackfromeast/class-pollution-all/query/ExternalClassPollutionQueryNewSetItemGetBoth.bqrs.
Shutting down query evaluator.
Interpreting results.
Interpreting /home/jackfromeast/Desktop/python-class-pollution/codeql-query/class-pollution-all/query/ExternalClassPollutionQueryNewSetBothGetAttr.ql...
/home/jackfromeast/Desktop/python-class-pollution/codeql-query/class-pollution-all/query/ExternalClassPollutionQueryNewSetBothGetAttr.ql ought to have produced /home/jackfromeast/Desktop/python-class-pollution/tasks/class-pollution-positive-remote/output/ManiSkill-Legacy/codeql-db/results/jackfromeast/class-pollution-all/query/ExternalClassPollutionQueryNewSetBothGetAttr.bqrs but that doesn't exist -- ignoring.
Interpreting /home/jackfromeast/Desktop/python-class-pollution/codeql-query/class-pollution-all/query/ExternalClassPollutionQueryNewSetAttrGetAttr.ql...
/home/jackfromeast/Desktop/python-class-pollution/codeql-query/class-pollution-all/query/ExternalClassPollutionQueryNewSetAttrGetAttr.ql ought to have produced /home/jackfromeast/Desktop/python-class-pollution/tasks/class-pollution-positive-remote/output/ManiSkill-Legacy/codeql-db/results/jackfromeast/class-pollution-all/query/ExternalClassPollutionQueryNewSetAttrGetAttr.bqrs but that doesn't exist -- ignoring.
Interpreting /home/jackfromeast/Desktop/python-class-pollution/codeql-query/class-pollution-all/query/ExternalClassPollutionQueryNewSetItemGetAttr.ql...
/home/jackfromeast/Desktop/python-class-pollution/codeql-query/class-pollution-all/query/ExternalClassPollutionQueryNewSetItemGetAttr.ql ought to have produced /home/jackfromeast/Desktop/python-class-pollution/tasks/class-pollution-positive-remote/output/ManiSkill-Legacy/codeql-db/results/jackfromeast/class-pollution-all/query/ExternalClassPollutionQueryNewSetItemGetAttr.bqrs but that doesn't exist -- ignoring.
Interpreting /home/jackfromeast/Desktop/python-class-pollution/codeql-query/class-pollution-all/query/ExternalClassPollutionQueryNewSetBothGetBoth.ql...
/home/jackfromeast/Desktop/python-class-pollution/codeql-query/class-pollution-all/query/ExternalClassPollutionQueryNewSetBothGetBoth.ql ought to have produced /home/jackfromeast/Desktop/python-class-pollution/tasks/class-pollution-positive-remote/output/ManiSkill-Legacy/codeql-db/results/jackfromeast/class-pollution-all/query/ExternalClassPollutionQueryNewSetBothGetBoth.bqrs but that doesn't exist -- ignoring.
Interpreting /home/jackfromeast/Desktop/python-class-pollution/codeql-query/class-pollution-all/query/ExternalClassPollutionQueryNewSetItemGetBoth.ql...
/home/jackfromeast/Desktop/python-class-pollution/codeql-query/class-pollution-all/query/ExternalClassPollutionQueryNewSetItemGetBoth.ql ought to have produced /home/jackfromeast/Desktop/python-class-pollution/tasks/class-pollution-positive-remote/output/ManiSkill-Legacy/codeql-db/results/jackfromeast/class-pollution-all/query/ExternalClassPollutionQueryNewSetItemGetBoth.bqrs but that doesn't exist -- ignoring.
Interpreting /home/jackfromeast/Desktop/python-class-pollution/codeql-query/class-pollution-all/query/ExternalClassPollutionQueryNewSetAttrGetBoth.ql...
/home/jackfromeast/Desktop/python-class-pollution/codeql-query/class-pollution-all/query/ExternalClassPollutionQueryNewSetAttrGetBoth.ql ought to have produced /home/jackfromeast/Desktop/python-class-pollution/tasks/class-pollution-positive-remote/output/ManiSkill-Legacy/codeql-db/results/jackfromeast/class-pollution-all/query/ExternalClassPollutionQueryNewSetAttrGetBoth.bqrs but that doesn't exist -- ignoring.
A fatal error occurred: Cannot read directory: /home/jackfromeast/Desktop/python-class-pollution/tasks/class-pollution-positive-remote/output/ManiSkill-Legacy/codeql-db/src
(eventual cause: NoSuchFileException "/home/jackfromeast/Desktop/python-class-pollution/tasks/class-pollution-positive...")
 (logger.py:42)
2025-04-28 03:13:41,533 - CodeQLRunner - ERROR - Failed to run query: /home/jackfromeast/Desktop/python-class-pollution/codeql-query/class-pollution-all/class-pollution-external.qls (logger.py:42)
2025-04-28 03:13:41,625 - CodeQLRunner - ERROR - Failed during cleanup: [Errno 39] Directory not empty: '/home/jackfromeast/Desktop/python-class-pollution/tasks/class-pollution-positive-remote/output/ManiSkill-Legacy' (logger.py:42)
2025-04-28 03:19:50,617 - CodeQLRunner - ERROR - Building CodeQL database timed out: TranSpeech (logger.py:42)
2025-04-28 03:23:28,088 - CodeQLRunner - ERROR - Failed to execute query /home/jackfromeast/Desktop/python-class-pollution/codeql-query/class-pollution-all/class-pollution-external.qls: UnknownError: Running queries.
Compiling query plan for /home/jackfromeast/Desktop/python-class-pollution/codeql-query/class-pollution-all/query/ExternalClassPollutionQueryNewSetBothGetAttr.ql.
WARNING: unused variable 'setOpSecondObj' (/home/jackfromeast/Desktop/python-class-pollution/codeql-query/class-pollution-all/vuln/ClassPollutingAssignLib.qll:543,239-253)
WARNING: unused variable 'setOpSecondObj' (/home/jackfromeast/Desktop/python-class-pollution/codeql-query/class-pollution-all/vuln/ClassPollutingAssignLib.qll:562,245-259)
[1/6] Found in cache: /home/jackfromeast/Desktop/python-class-pollution/codeql-query/class-pollution-all/query/ExternalClassPollutionQueryNewSetBothGetAttr.ql.
Compiling query plan for /home/jackfromeast/Desktop/python-class-pollution/codeql-query/class-pollution-all/query/ExternalClassPollutionQueryNewSetAttrGetAttr.ql.
WARNING: unused variable 'setOpSecondObj' (/home/jackfromeast/Desktop/python-class-pollution/codeql-query/class-pollution-all/vuln/ClassPollutingAssignLib.qll:543,239-253)
WARNING: unused variable 'setOpSecondObj' (/home/jackfromeast/Desktop/python-class-pollution/codeql-query/class-pollution-all/vuln/ClassPollutingAssignLib.qll:562,245-259)
[2/6] Found in cache: /home/jackfromeast/Desktop/python-class-pollution/codeql-query/class-pollution-all/query/ExternalClassPollutionQueryNewSetAttrGetAttr.ql.
Compiling query plan for /home/jackfromeast/Desktop/python-class-pollution/codeql-query/class-pollution-all/query/ExternalClassPollutionQueryNewSetItemGetAttr.ql.
WARNING: unused variable 'setOpSecondObj' (/home/jackfromeast/Desktop/python-class-pollution/codeql-query/class-pollution-all/vuln/ClassPollutingAssignLib.qll:543,239-253)
WARNING: unused variable 'setOpSecondObj' (/home/jackfromeast/Desktop/python-class-pollution/codeql-query/class-pollution-all/vuln/ClassPollutingAssignLib.qll:562,245-259)
[3/6] Found in cache: /home/jackfromeast/Desktop/python-class-pollution/codeql-query/class-pollution-all/query/ExternalClassPollutionQueryNewSetItemGetAttr.ql.
Compiling query plan for /home/jackfromeast/Desktop/python-class-pollution/codeql-query/class-pollution-all/query/ExternalClassPollutionQueryNewSetBothGetBoth.ql.
WARNING: unused variable 'setOpSecondObj' (/home/jackfromeast/Desktop/python-class-pollution/codeql-query/class-pollution-all/vuln/ClassPollutingAssignLib.qll:543,239-253)
WARNING: unused variable 'setOpSecondObj' (/home/jackfromeast/Desktop/python-class-pollution/codeql-query/class-pollution-all/vuln/ClassPollutingAssignLib.qll:562,245-259)
[4/6] Found in cache: /home/jackfromeast/Desktop/python-class-pollution/codeql-query/class-pollution-all/query/ExternalClassPollutionQueryNewSetBothGetBoth.ql.
Compiling query plan for /home/jackfromeast/Desktop/python-class-pollution/codeql-query/class-pollution-all/query/ExternalClassPollutionQueryNewSetItemGetBoth.ql.
WARNING: unused variable 'setOpSecondObj' (/home/jackfromeast/Desktop/python-class-pollution/codeql-query/class-pollution-all/vuln/ClassPollutingAssignLib.qll:543,239-253)
WARNING: unused variable 'setOpSecondObj' (/home/jackfromeast/Desktop/python-class-pollution/codeql-query/class-pollution-all/vuln/ClassPollutingAssignLib.qll:562,245-259)
[5/6] Found in cache: /home/jackfromeast/Desktop/python-class-pollution/codeql-query/class-pollution-all/query/ExternalClassPollutionQueryNewSetItemGetBoth.ql.
Compiling query plan for /home/jackfromeast/Desktop/python-class-pollution/codeql-query/class-pollution-all/query/ExternalClassPollutionQueryNewSetAttrGetBoth.ql.
WARNING: unused variable 'setOpSecondObj' (/home/jackfromeast/Desktop/python-class-pollution/codeql-query/class-pollution-all/vuln/ClassPollutingAssignLib.qll:543,239-253)
WARNING: unused variable 'setOpSecondObj' (/home/jackfromeast/Desktop/python-class-pollution/codeql-query/class-pollution-all/vuln/ClassPollutingAssignLib.qll:562,245-259)
[6/6] Found in cache: /home/jackfromeast/Desktop/python-class-pollution/codeql-query/class-pollution-all/query/ExternalClassPollutionQueryNewSetAttrGetBoth.ql.
Starting evaluation of jackfromeast/class-pollution-all/query/ExternalClassPollutionQueryNewSetAttrGetAttr.ql.
Oops! A fatal internal error occurred. Details:
com.semmle.util.exception.CatastrophicError: An error occurred while evaluating num#DataFlowDispatch::TKeywordParameterPosition#6758f398/2@a09def85
Cannot create dirty marker for cached strings
The RA to evaluate was:

    {2} r1 = INVOKE HIGHER-ORDER RELATION construct<DataFlowDispatch#3c0b8265::TParameterPosition,4> ON <DataFlowDispatch::TKeywordParameterPosition#dom#6e7d95e5>
    return r1

(eventual cause: NoSuchFileException "/home/jackfromeast/Desktop/python-class-pollution/tasks/class-pollution-positive...")
	at com.semmle.inmemory.pipeline.MetaPipelineInstance.wrapWithRaDump(MetaPipelineInstance.java:204)
	at com.semmle.inmemory.pipeline.MetaPipelineInstance.exceptionCaught(MetaPipelineInstance.java:174)
	at com.semmle.inmemory.scheduler.execution.ThreadableWork.handleAndLog(ThreadableWork.java:593)
	at com.semmle.inmemory.scheduler.execution.ThreadableWork.doSomeWork(ThreadableWork.java:410)
	at com.semmle.inmemory.scheduler.IntensionalLayer$IntensionalWork.evaluate(IntensionalLayer.java:124)
	at com.semmle.inmemory.scheduler.SimpleLayerTask$SimpleLayerWork.doWork(SimpleLayerTask.java:69)
	at com.semmle.inmemory.scheduler.execution.ThreadableWork.doSomeWork(ThreadableWork.java:396)
	at com.semmle.inmemory.scheduler.execution.ExecutionScheduler.runnerMain(ExecutionScheduler.java:707)
	at java.base/java.util.concurrent.ThreadPoolExecutor.runWorker(Unknown Source)
	at java.base/java.util.concurrent.ThreadPoolExecutor$Worker.run(Unknown Source)
	at java.base/java.lang.Thread.run(Unknown Source)
Caused by: Cannot create dirty marker for cached strings
(eventual cause: NoSuchFileException "/home/jackfromeast/Desktop/python-class-pollution/tasks/class-pollution-positive...")
	at com.semmle.inmemory.stringpool.StringPool.promoteStringToCached(StringPool.java:479)
	at com.semmle.inmemory.stringpool.StringPool.promoteToCached(StringPool.java:449)
	at com.semmle.inmemory.caching.TuplePool$ComplexNumberer.lambda$freshNumberRelation$1(TuplePool.java:496)
	at com.semmle.inmemory.relations.BaseIntArrayRelation.map(BaseIntArrayRelation.java:88)
	at com.semmle.inmemory.caching.PagedRelation.map(PagedRelation.java:158)
	at com.semmle.inmemory.relations.AbstractRelation.deduplicateMap(AbstractRelation.java:138)
	at com.semmle.inmemory.caching.TuplePool$ComplexNumberer.lambda$freshNumberRelation$2(TuplePool.java:480)
	at com.semmle.inmemory.relations.writers.RelationWriter.withSink(RelationWriter.java:72)
	at com.semmle.inmemory.caching.TuplePool$ComplexNumberer.freshNumberRelation(TuplePool.java:478)
	at com.semmle.inmemory.caching.TuplePool$ComplexNumberer.doNumbering(TuplePool.java:436)
	at com.semmle.inmemory.caching.TuplePool.lambda$doNumbering$1(TuplePool.java:245)
	at com.semmle.util.concurrent.LockUtils.runThenUnlock(LockUtils.java:8)
	at com.semmle.inmemory.caching.TuplePool$ComplexNumberer.doWithBranchLock(TuplePool.java:561)
	at com.semmle.inmemory.caching.TuplePool.doNumbering(TuplePool.java:233)
	at com.semmle.inmemory.ast.IMBConstructDatatype.doNumberingStreaming(IMBConstructDatatype.java:165)
	at com.semmle.inmemory.ast.IMBConstructDatatype$1.evaluateSink(IMBConstructDatatype.java:142)
	at com.semmle.inmemory.pipeline.HOPStep.generateTuples(HOPStep.java:57)
	at com.semmle.inmemory.pipeline.SimpleHeadStep.lambda$forwardInitialize$0(SimpleHeadStep.java:32)
	at com.semmle.inmemory.pipeline.HeadEndDispatcher.headEndWork(HeadEndDispatcher.java:75)
	at com.semmle.inmemory.pipeline.PipelineState.doSomeWork(PipelineState.java:88)
	at com.semmle.inmemory.pipeline.PipelineInstance.doWork(PipelineInstance.java:78)
	at com.semmle.inmemory.scheduler.execution.ThreadableWork.doSomeWork(ThreadableWork.java:396)
	at com.semmle.inmemory.scheduler.execution.ChainingWork.doWork(ChainingWork.java:30)
	at com.semmle.inmemory.scheduler.execution.ThreadableWork.doSomeWork(ThreadableWork.java:396)
	... 7 more
Caused by: java.nio.file.NoSuchFileException: /home/jackfromeast/Desktop/python-class-pollution/tasks/class-pollution-positive-remote/output/mtpy/codeql-db/db-python/default/cache/cached-strings/pools/dirty
	at java.base/sun.nio.fs.UnixException.translateToIOException(Unknown Source)
	at java.base/sun.nio.fs.UnixException.rethrowAsIOException(Unknown Source)
	at java.base/sun.nio.fs.UnixException.rethrowAsIOException(Unknown Source)
	at java.base/sun.nio.fs.UnixFileSystemProvider.newByteChannel(Unknown Source)
	at java.base/java.nio.file.Files.newByteChannel(Unknown Source)
	at java.base/java.nio.file.Files.createFile(Unknown Source)
	at com.semmle.inmemory.stringpool.StringPool.promoteStringToCached(StringPool.java:476)
	... 30 more

 (logger.py:42)
2025-04-28 03:23:28,088 - CodeQLRunner - ERROR - Failed to run query: /home/jackfromeast/Desktop/python-class-pollution/codeql-query/class-pollution-all/class-pollution-external.qls (logger.py:42)
2025-04-28 03:23:28,211 - CodeQLRunner - ERROR - Failed during cleanup: [Errno 39] Directory not empty: 'codeql-db' (logger.py:42)
2025-04-28 03:23:30,399 - CodeQLRunner - ERROR - Failed to build CodeQL database for mtpy: UnknownError: Initializing database at /home/jackfromeast/Desktop/python-class-pollution/tasks/class-pollution-positive-remote/output/mtpy/codeql-db.
Running build command: []
Running command in /home/jackfromeast/Desktop/python-class-pollution/tasks/class-pollution-positive-remote/output/mtpy/codebase: [/home/jackfromeast/Downloads/codeql/python/tools/autobuild.sh]
Finalizing database at /home/jackfromeast/Desktop/python-class-pollution/tasks/class-pollution-positive-remote/output/mtpy/codeql-db.
A fatal error occurred: /home/jackfromeast/Desktop/python-class-pollution/tasks/class-pollution-positive-remote/output/mtpy/codeql-db is not a recognized CodeQL database.
Failed to write diagnostic information.
 (logger.py:42)
2025-04-28 03:24:48,549 - CodeQLRunner - ERROR - Failed to execute query /home/jackfromeast/Desktop/python-class-pollution/codeql-query/class-pollution-all/class-pollution-external.qls: UnknownError: Running queries.
Compiling query plan for /home/jackfromeast/Desktop/python-class-pollution/codeql-query/class-pollution-all/query/ExternalClassPollutionQueryNewSetBothGetAttr.ql.
WARNING: unused variable 'setOpSecondObj' (/home/jackfromeast/Desktop/python-class-pollution/codeql-query/class-pollution-all/vuln/ClassPollutingAssignLib.qll:543,239-253)
WARNING: unused variable 'setOpSecondObj' (/home/jackfromeast/Desktop/python-class-pollution/codeql-query/class-pollution-all/vuln/ClassPollutingAssignLib.qll:562,245-259)
[1/6] Found in cache: /home/jackfromeast/Desktop/python-class-pollution/codeql-query/class-pollution-all/query/ExternalClassPollutionQueryNewSetBothGetAttr.ql.
Compiling query plan for /home/jackfromeast/Desktop/python-class-pollution/codeql-query/class-pollution-all/query/ExternalClassPollutionQueryNewSetAttrGetAttr.ql.
WARNING: unused variable 'setOpSecondObj' (/home/jackfromeast/Desktop/python-class-pollution/codeql-query/class-pollution-all/vuln/ClassPollutingAssignLib.qll:543,239-253)
WARNING: unused variable 'setOpSecondObj' (/home/jackfromeast/Desktop/python-class-pollution/codeql-query/class-pollution-all/vuln/ClassPollutingAssignLib.qll:562,245-259)
[2/6] Found in cache: /home/jackfromeast/Desktop/python-class-pollution/codeql-query/class-pollution-all/query/ExternalClassPollutionQueryNewSetAttrGetAttr.ql.
Compiling query plan for /home/jackfromeast/Desktop/python-class-pollution/codeql-query/class-pollution-all/query/ExternalClassPollutionQueryNewSetItemGetAttr.ql.
WARNING: unused variable 'setOpSecondObj' (/home/jackfromeast/Desktop/python-class-pollution/codeql-query/class-pollution-all/vuln/ClassPollutingAssignLib.qll:543,239-253)
WARNING: unused variable 'setOpSecondObj' (/home/jackfromeast/Desktop/python-class-pollution/codeql-query/class-pollution-all/vuln/ClassPollutingAssignLib.qll:562,245-259)
[3/6] Found in cache: /home/jackfromeast/Desktop/python-class-pollution/codeql-query/class-pollution-all/query/ExternalClassPollutionQueryNewSetItemGetAttr.ql.
Compiling query plan for /home/jackfromeast/Desktop/python-class-pollution/codeql-query/class-pollution-all/query/ExternalClassPollutionQueryNewSetBothGetBoth.ql.
WARNING: unused variable 'setOpSecondObj' (/home/jackfromeast/Desktop/python-class-pollution/codeql-query/class-pollution-all/vuln/ClassPollutingAssignLib.qll:543,239-253)
WARNING: unused variable 'setOpSecondObj' (/home/jackfromeast/Desktop/python-class-pollution/codeql-query/class-pollution-all/vuln/ClassPollutingAssignLib.qll:562,245-259)
[4/6] Found in cache: /home/jackfromeast/Desktop/python-class-pollution/codeql-query/class-pollution-all/query/ExternalClassPollutionQueryNewSetBothGetBoth.ql.
Compiling query plan for /home/jackfromeast/Desktop/python-class-pollution/codeql-query/class-pollution-all/query/ExternalClassPollutionQueryNewSetItemGetBoth.ql.
WARNING: unused variable 'setOpSecondObj' (/home/jackfromeast/Desktop/python-class-pollution/codeql-query/class-pollution-all/vuln/ClassPollutingAssignLib.qll:543,239-253)
WARNING: unused variable 'setOpSecondObj' (/home/jackfromeast/Desktop/python-class-pollution/codeql-query/class-pollution-all/vuln/ClassPollutingAssignLib.qll:562,245-259)
[5/6] Found in cache: /home/jackfromeast/Desktop/python-class-pollution/codeql-query/class-pollution-all/query/ExternalClassPollutionQueryNewSetItemGetBoth.ql.
Compiling query plan for /home/jackfromeast/Desktop/python-class-pollution/codeql-query/class-pollution-all/query/ExternalClassPollutionQueryNewSetAttrGetBoth.ql.
WARNING: unused variable 'setOpSecondObj' (/home/jackfromeast/Desktop/python-class-pollution/codeql-query/class-pollution-all/vuln/ClassPollutingAssignLib.qll:543,239-253)
WARNING: unused variable 'setOpSecondObj' (/home/jackfromeast/Desktop/python-class-pollution/codeql-query/class-pollution-all/vuln/ClassPollutingAssignLib.qll:562,245-259)
[6/6] Found in cache: /home/jackfromeast/Desktop/python-class-pollution/codeql-query/class-pollution-all/query/ExternalClassPollutionQueryNewSetAttrGetBoth.ql.
Starting evaluation of jackfromeast/class-pollution-all/query/ExternalClassPollutionQueryNewSetAttrGetAttr.ql.
Starting evaluation of jackfromeast/class-pollution-all/query/ExternalClassPollutionQueryNewSetAttrGetBoth.ql.
[1/6 eval 10.5s] Evaluation done; writing results to jackfromeast/class-pollution-all/query/ExternalClassPollutionQueryNewSetAttrGetAttr.bqrs.
Starting evaluation of jackfromeast/class-pollution-all/query/ExternalClassPollutionQueryNewSetBothGetAttr.ql.
[2/6 eval 33ms] Evaluation done; writing results to jackfromeast/class-pollution-all/query/ExternalClassPollutionQueryNewSetAttrGetBoth.bqrs.
Starting evaluation of jackfromeast/class-pollution-all/query/ExternalClassPollutionQueryNewSetBothGetBoth.ql.
[3/6 eval 2ms] Evaluation done; writing results to jackfromeast/class-pollution-all/query/ExternalClassPollutionQueryNewSetBothGetAttr.bqrs.
Starting evaluation of jackfromeast/class-pollution-all/query/ExternalClassPollutionQueryNewSetItemGetAttr.ql.
[4/6 eval 20ms] Evaluation done; writing results to jackfromeast/class-pollution-all/query/ExternalClassPollutionQueryNewSetBothGetBoth.bqrs.
Starting evaluation of jackfromeast/class-pollution-all/query/ExternalClassPollutionQueryNewSetItemGetBoth.ql.
[5/6 eval 2ms] Evaluation done; writing results to jackfromeast/class-pollution-all/query/ExternalClassPollutionQueryNewSetItemGetAttr.bqrs.
[6/6 eval 117ms] Evaluation done; writing results to jackfromeast/class-pollution-all/query/ExternalClassPollutionQueryNewSetItemGetBoth.bqrs.
Shutting down query evaluator.
Interpreting results.
Interpreting /home/jackfromeast/Desktop/python-class-pollution/codeql-query/class-pollution-all/query/ExternalClassPollutionQueryNewSetBothGetAttr.ql...
Interpreting /home/jackfromeast/Desktop/python-class-pollution/codeql-query/class-pollution-all/query/ExternalClassPollutionQueryNewSetAttrGetAttr.ql...
Interpreting /home/jackfromeast/Desktop/python-class-pollution/codeql-query/class-pollution-all/query/ExternalClassPollutionQueryNewSetItemGetAttr.ql...
Interpreting /home/jackfromeast/Desktop/python-class-pollution/codeql-query/class-pollution-all/query/ExternalClassPollutionQueryNewSetBothGetBoth.ql...
Interpreting /home/jackfromeast/Desktop/python-class-pollution/codeql-query/class-pollution-all/query/ExternalClassPollutionQueryNewSetItemGetBoth.ql...
Interpreting /home/jackfromeast/Desktop/python-class-pollution/codeql-query/class-pollution-all/query/ExternalClassPollutionQueryNewSetAttrGetBoth.ql...
Exporting results to SARIF...
A fatal error occurred: Could not write SARIF file
(eventual cause: NoSuchFileException "/home/jackfromeast/Desktop/python-class-pollution/tasks/class-pollution-positive...")
 (logger.py:42)
2025-04-28 03:24:48,550 - CodeQLRunner - ERROR - Failed to run query: /home/jackfromeast/Desktop/python-class-pollution/codeql-query/class-pollution-all/class-pollution-external.qls (logger.py:42)
2025-04-28 03:26:11,032 - CodeQLRunner - ERROR - Query timed out for GrokkedTransformer: /home/jackfromeast/Desktop/python-class-pollution/codeql-query/class-pollution-all/class-pollution-external.qls (logger.py:42)
2025-04-28 03:26:11,333 - CodeQLRunner - ERROR - Failed to run query: /home/jackfromeast/Desktop/python-class-pollution/codeql-query/class-pollution-all/class-pollution-external.qls (logger.py:42)
2025-04-28 03:26:30,408 - CodeQLRunner - ERROR - Failed to build CodeQL database for mybolg: UnknownError: Initializing database at /home/jackfromeast/Desktop/python-class-pollution/tasks/class-pollution-positive-remote/output/mybolg/codeql-db.
Unrecognized file in database cluster: '/home/jackfromeast/Desktop/python-class-pollution/tasks/class-pollution-positive-remote/output/mybolg/codeql-db/db-python'.
A fatal error occurred: Ran with database overwriting enabled, but the directory does not appear to be a CodeQL database or database cluster. Please check you do indeed wish to delete it, and do so manually.
 (logger.py:42)
2025-04-28 03:35:00,926 - CodeQLRunner - ERROR - Building CodeQL database timed out: netchecks (logger.py:42)
2025-04-28 03:38:46,520 - CodeQLRunner - ERROR - Building CodeQL database timed out: knowledge-neurons (logger.py:42)
2025-04-28 03:39:50,802 - CodeQLRunner - ERROR - Query timed out for UnicomDailyTask: /home/jackfromeast/Desktop/python-class-pollution/codeql-query/class-pollution-all/class-pollution-external.qls (logger.py:42)
2025-04-28 03:39:51,060 - CodeQLRunner - ERROR - Failed to run query: /home/jackfromeast/Desktop/python-class-pollution/codeql-query/class-pollution-all/class-pollution-external.qls (logger.py:42)
2025-04-28 03:39:55,419 - CodeQLRunner - ERROR - Failed to build CodeQL database for GLAT: UnknownError: Initializing database at /home/jackfromeast/Desktop/python-class-pollution/tasks/class-pollution-positive-remote/output/GLAT/codeql-db.
Running build command: []
Running command in /home/jackfromeast/Desktop/python-class-pollution/tasks/class-pollution-positive-remote/output/GLAT/codebase: [/home/jackfromeast/Downloads/codeql/python/tools/autobuild.sh]
Finalizing database at /home/jackfromeast/Desktop/python-class-pollution/tasks/class-pollution-positive-remote/output/GLAT/codeql-db.
Running pre-finalize script /home/jackfromeast/Downloads/codeql/python/tools/pre-finalize.sh in /home/jackfromeast/Desktop/python-class-pollution/tasks/class-pollution-positive-remote/output/GLAT/codebase.
Running command in /home/jackfromeast/Desktop/python-class-pollution/tasks/class-pollution-positive-remote/output/GLAT/codebase: [/home/jackfromeast/Downloads/codeql/python/tools/pre-finalize.sh]
Running TRAP import for CodeQL database at /home/jackfromeast/Desktop/python-class-pollution/tasks/class-pollution-positive-remote/output/GLAT/codeql-db...
A fatal error occurred: Dataset /home/jackfromeast/Desktop/python-class-pollution/tasks/class-pollution-positive-remote/output/GLAT/codeql-db/db-python has been finalized and does not support further TRAP import.
A fatal error occurred: Dataset import for /home/jackfromeast/Desktop/python-class-pollution/tasks/class-pollution-positive-remote/output/GLAT/codeql-db/db-python failed with code 2.
 (logger.py:42)
2025-04-28 03:40:20,513 - CodeQLRunner - ERROR - Building CodeQL database timed out: ManiSkill-Legacy (logger.py:42)
2025-04-28 03:44:18,441 - CodeQLRunner - ERROR - Query timed out for LayoutGeneration: /home/jackfromeast/Desktop/python-class-pollution/codeql-query/class-pollution-all/class-pollution-external.qls (logger.py:42)
2025-04-28 03:44:18,702 - CodeQLRunner - ERROR - Failed to run query: /home/jackfromeast/Desktop/python-class-pollution/codeql-query/class-pollution-all/class-pollution-external.qls (logger.py:42)
2025-04-28 03:45:13,124 - CodeQLRunner - ERROR - Failed to execute query /home/jackfromeast/Desktop/python-class-pollution/codeql-query/class-pollution-all/class-pollution-external.qls: UnknownError: Running queries.
Compiling query plan for /home/jackfromeast/Desktop/python-class-pollution/codeql-query/class-pollution-all/query/ExternalClassPollutionQueryNewSetBothGetAttr.ql.
WARNING: unused variable 'setOpSecondObj' (/home/jackfromeast/Desktop/python-class-pollution/codeql-query/class-pollution-all/vuln/ClassPollutingAssignLib.qll:543,239-253)
WARNING: unused variable 'setOpSecondObj' (/home/jackfromeast/Desktop/python-class-pollution/codeql-query/class-pollution-all/vuln/ClassPollutingAssignLib.qll:562,245-259)
[1/6] Found in cache: /home/jackfromeast/Desktop/python-class-pollution/codeql-query/class-pollution-all/query/ExternalClassPollutionQueryNewSetBothGetAttr.ql.
Compiling query plan for /home/jackfromeast/Desktop/python-class-pollution/codeql-query/class-pollution-all/query/ExternalClassPollutionQueryNewSetAttrGetAttr.ql.
WARNING: unused variable 'setOpSecondObj' (/home/jackfromeast/Desktop/python-class-pollution/codeql-query/class-pollution-all/vuln/ClassPollutingAssignLib.qll:543,239-253)
WARNING: unused variable 'setOpSecondObj' (/home/jackfromeast/Desktop/python-class-pollution/codeql-query/class-pollution-all/vuln/ClassPollutingAssignLib.qll:562,245-259)
[2/6] Found in cache: /home/jackfromeast/Desktop/python-class-pollution/codeql-query/class-pollution-all/query/ExternalClassPollutionQueryNewSetAttrGetAttr.ql.
Compiling query plan for /home/jackfromeast/Desktop/python-class-pollution/codeql-query/class-pollution-all/query/ExternalClassPollutionQueryNewSetItemGetAttr.ql.
WARNING: unused variable 'setOpSecondObj' (/home/jackfromeast/Desktop/python-class-pollution/codeql-query/class-pollution-all/vuln/ClassPollutingAssignLib.qll:543,239-253)
WARNING: unused variable 'setOpSecondObj' (/home/jackfromeast/Desktop/python-class-pollution/codeql-query/class-pollution-all/vuln/ClassPollutingAssignLib.qll:562,245-259)
[3/6] Found in cache: /home/jackfromeast/Desktop/python-class-pollution/codeql-query/class-pollution-all/query/ExternalClassPollutionQueryNewSetItemGetAttr.ql.
Compiling query plan for /home/jackfromeast/Desktop/python-class-pollution/codeql-query/class-pollution-all/query/ExternalClassPollutionQueryNewSetBothGetBoth.ql.
WARNING: unused variable 'setOpSecondObj' (/home/jackfromeast/Desktop/python-class-pollution/codeql-query/class-pollution-all/vuln/ClassPollutingAssignLib.qll:543,239-253)
WARNING: unused variable 'setOpSecondObj' (/home/jackfromeast/Desktop/python-class-pollution/codeql-query/class-pollution-all/vuln/ClassPollutingAssignLib.qll:562,245-259)
[4/6] Found in cache: /home/jackfromeast/Desktop/python-class-pollution/codeql-query/class-pollution-all/query/ExternalClassPollutionQueryNewSetBothGetBoth.ql.
Compiling query plan for /home/jackfromeast/Desktop/python-class-pollution/codeql-query/class-pollution-all/query/ExternalClassPollutionQueryNewSetItemGetBoth.ql.
WARNING: unused variable 'setOpSecondObj' (/home/jackfromeast/Desktop/python-class-pollution/codeql-query/class-pollution-all/vuln/ClassPollutingAssignLib.qll:543,239-253)
WARNING: unused variable 'setOpSecondObj' (/home/jackfromeast/Desktop/python-class-pollution/codeql-query/class-pollution-all/vuln/ClassPollutingAssignLib.qll:562,245-259)
[5/6] Found in cache: /home/jackfromeast/Desktop/python-class-pollution/codeql-query/class-pollution-all/query/ExternalClassPollutionQueryNewSetItemGetBoth.ql.
Compiling query plan for /home/jackfromeast/Desktop/python-class-pollution/codeql-query/class-pollution-all/query/ExternalClassPollutionQueryNewSetAttrGetBoth.ql.
WARNING: unused variable 'setOpSecondObj' (/home/jackfromeast/Desktop/python-class-pollution/codeql-query/class-pollution-all/vuln/ClassPollutingAssignLib.qll:543,239-253)
WARNING: unused variable 'setOpSecondObj' (/home/jackfromeast/Desktop/python-class-pollution/codeql-query/class-pollution-all/vuln/ClassPollutingAssignLib.qll:562,245-259)
[6/6] Found in cache: /home/jackfromeast/Desktop/python-class-pollution/codeql-query/class-pollution-all/query/ExternalClassPollutionQueryNewSetAttrGetBoth.ql.
Starting evaluation of jackfromeast/class-pollution-all/query/ExternalClassPollutionQueryNewSetAttrGetAttr.ql.
A fatal error occurred: Error writing array info file: /home/jackfromeast/Desktop/python-class-pollution/tasks/class-pollution-positive-remote/output/MoVA/codeql-db/db-python/default/cache/cached-strings/pools/0/ids2/info-new
(eventual cause: NoSuchFileException "/home/jackfromeast/Desktop/python-class-pollution/tasks/class-pollution-positive...")
 (logger.py:42)
2025-04-28 03:45:13,124 - CodeQLRunner - ERROR - Failed to run query: /home/jackfromeast/Desktop/python-class-pollution/codeql-query/class-pollution-all/class-pollution-external.qls (logger.py:42)
2025-04-28 03:45:13,836 - CodeQLRunner - ERROR - Failed to build CodeQL database for MoVA: UnknownError: Initializing database at /home/jackfromeast/Desktop/python-class-pollution/tasks/class-pollution-positive-remote/output/MoVA/codeql-db.
A fatal error occurred: Invalid source root: /home/jackfromeast/Desktop/python-class-pollution/tasks/class-pollution-positive-remote/output/MoVA/codebase.
 (logger.py:42)
2025-04-28 03:47:59,466 - CodeQLRunner - ERROR - Failed to execute query /home/jackfromeast/Desktop/python-class-pollution/codeql-query/class-pollution-all/class-pollution-external.qls: UnknownError: Running queries.
Compiling query plan for /home/jackfromeast/Desktop/python-class-pollution/codeql-query/class-pollution-all/query/ExternalClassPollutionQueryNewSetBothGetAttr.ql.
WARNING: unused variable 'setOpSecondObj' (/home/jackfromeast/Desktop/python-class-pollution/codeql-query/class-pollution-all/vuln/ClassPollutingAssignLib.qll:543,239-253)
WARNING: unused variable 'setOpSecondObj' (/home/jackfromeast/Desktop/python-class-pollution/codeql-query/class-pollution-all/vuln/ClassPollutingAssignLib.qll:562,245-259)
[1/6] Found in cache: /home/jackfromeast/Desktop/python-class-pollution/codeql-query/class-pollution-all/query/ExternalClassPollutionQueryNewSetBothGetAttr.ql.
Compiling query plan for /home/jackfromeast/Desktop/python-class-pollution/codeql-query/class-pollution-all/query/ExternalClassPollutionQueryNewSetAttrGetAttr.ql.
WARNING: unused variable 'setOpSecondObj' (/home/jackfromeast/Desktop/python-class-pollution/codeql-query/class-pollution-all/vuln/ClassPollutingAssignLib.qll:543,239-253)
WARNING: unused variable 'setOpSecondObj' (/home/jackfromeast/Desktop/python-class-pollution/codeql-query/class-pollution-all/vuln/ClassPollutingAssignLib.qll:562,245-259)
[2/6] Found in cache: /home/jackfromeast/Desktop/python-class-pollution/codeql-query/class-pollution-all/query/ExternalClassPollutionQueryNewSetAttrGetAttr.ql.
Compiling query plan for /home/jackfromeast/Desktop/python-class-pollution/codeql-query/class-pollution-all/query/ExternalClassPollutionQueryNewSetItemGetAttr.ql.
WARNING: unused variable 'setOpSecondObj' (/home/jackfromeast/Desktop/python-class-pollution/codeql-query/class-pollution-all/vuln/ClassPollutingAssignLib.qll:543,239-253)
WARNING: unused variable 'setOpSecondObj' (/home/jackfromeast/Desktop/python-class-pollution/codeql-query/class-pollution-all/vuln/ClassPollutingAssignLib.qll:562,245-259)
[3/6] Found in cache: /home/jackfromeast/Desktop/python-class-pollution/codeql-query/class-pollution-all/query/ExternalClassPollutionQueryNewSetItemGetAttr.ql.
Compiling query plan for /home/jackfromeast/Desktop/python-class-pollution/codeql-query/class-pollution-all/query/ExternalClassPollutionQueryNewSetBothGetBoth.ql.
WARNING: unused variable 'setOpSecondObj' (/home/jackfromeast/Desktop/python-class-pollution/codeql-query/class-pollution-all/vuln/ClassPollutingAssignLib.qll:543,239-253)
WARNING: unused variable 'setOpSecondObj' (/home/jackfromeast/Desktop/python-class-pollution/codeql-query/class-pollution-all/vuln/ClassPollutingAssignLib.qll:562,245-259)
[4/6] Found in cache: /home/jackfromeast/Desktop/python-class-pollution/codeql-query/class-pollution-all/query/ExternalClassPollutionQueryNewSetBothGetBoth.ql.
Compiling query plan for /home/jackfromeast/Desktop/python-class-pollution/codeql-query/class-pollution-all/query/ExternalClassPollutionQueryNewSetItemGetBoth.ql.
WARNING: unused variable 'setOpSecondObj' (/home/jackfromeast/Desktop/python-class-pollution/codeql-query/class-pollution-all/vuln/ClassPollutingAssignLib.qll:543,239-253)
WARNING: unused variable 'setOpSecondObj' (/home/jackfromeast/Desktop/python-class-pollution/codeql-query/class-pollution-all/vuln/ClassPollutingAssignLib.qll:562,245-259)
[5/6] Found in cache: /home/jackfromeast/Desktop/python-class-pollution/codeql-query/class-pollution-all/query/ExternalClassPollutionQueryNewSetItemGetBoth.ql.
Compiling query plan for /home/jackfromeast/Desktop/python-class-pollution/codeql-query/class-pollution-all/query/ExternalClassPollutionQueryNewSetAttrGetBoth.ql.
WARNING: unused variable 'setOpSecondObj' (/home/jackfromeast/Desktop/python-class-pollution/codeql-query/class-pollution-all/vuln/ClassPollutingAssignLib.qll:543,239-253)
WARNING: unused variable 'setOpSecondObj' (/home/jackfromeast/Desktop/python-class-pollution/codeql-query/class-pollution-all/vuln/ClassPollutingAssignLib.qll:562,245-259)
[6/6] Found in cache: /home/jackfromeast/Desktop/python-class-pollution/codeql-query/class-pollution-all/query/ExternalClassPollutionQueryNewSetAttrGetBoth.ql.
Starting evaluation of jackfromeast/class-pollution-all/query/ExternalClassPollutionQueryNewSetAttrGetAttr.ql.
Oops! A fatal internal error occurred. Details:
com.semmle.util.exception.CatastrophicError: An error occurred while evaluating num#DataFlowDispatch::TKeywordParameterPosition#6758f398/2@a09def85
Cannot create dirty marker for cached strings
The RA to evaluate was:

    {2} r1 = INVOKE HIGHER-ORDER RELATION construct<DataFlowDispatch#3c0b8265::TParameterPosition,4> ON <DataFlowDispatch::TKeywordParameterPosition#dom#6e7d95e5>
    return r1

(eventual cause: NoSuchFileException "/home/jackfromeast/Desktop/python-class-pollution/tasks/class-pollution-positive...")
	at com.semmle.inmemory.pipeline.MetaPipelineInstance.wrapWithRaDump(MetaPipelineInstance.java:204)
	at com.semmle.inmemory.pipeline.MetaPipelineInstance.exceptionCaught(MetaPipelineInstance.java:174)
	at com.semmle.inmemory.scheduler.execution.ThreadableWork.handleAndLog(ThreadableWork.java:593)
	at com.semmle.inmemory.scheduler.execution.ThreadableWork.doSomeWork(ThreadableWork.java:410)
	at com.semmle.inmemory.scheduler.IntensionalLayer$IntensionalWork.evaluate(IntensionalLayer.java:124)
	at com.semmle.inmemory.scheduler.SimpleLayerTask$SimpleLayerWork.doWork(SimpleLayerTask.java:69)
	at com.semmle.inmemory.scheduler.execution.ThreadableWork.doSomeWork(ThreadableWork.java:396)
	at com.semmle.inmemory.scheduler.execution.ExecutionScheduler.runnerMain(ExecutionScheduler.java:707)
	at java.base/java.util.concurrent.ThreadPoolExecutor.runWorker(Unknown Source)
	at java.base/java.util.concurrent.ThreadPoolExecutor$Worker.run(Unknown Source)
	at java.base/java.lang.Thread.run(Unknown Source)
Caused by: Cannot create dirty marker for cached strings
(eventual cause: NoSuchFileException "/home/jackfromeast/Desktop/python-class-pollution/tasks/class-pollution-positive...")
	at com.semmle.inmemory.stringpool.StringPool.promoteStringToCached(StringPool.java:479)
	at com.semmle.inmemory.stringpool.StringPool.promoteToCached(StringPool.java:449)
	at com.semmle.inmemory.caching.TuplePool$ComplexNumberer.lambda$freshNumberRelation$1(TuplePool.java:496)
	at com.semmle.inmemory.relations.BaseIntArrayRelation.map(BaseIntArrayRelation.java:88)
	at com.semmle.inmemory.caching.PagedRelation.map(PagedRelation.java:158)
	at com.semmle.inmemory.relations.AbstractRelation.deduplicateMap(AbstractRelation.java:138)
	at com.semmle.inmemory.caching.TuplePool$ComplexNumberer.lambda$freshNumberRelation$2(TuplePool.java:480)
	at com.semmle.inmemory.relations.writers.RelationWriter.withSink(RelationWriter.java:72)
	at com.semmle.inmemory.caching.TuplePool$ComplexNumberer.freshNumberRelation(TuplePool.java:478)
	at com.semmle.inmemory.caching.TuplePool$ComplexNumberer.doNumbering(TuplePool.java:436)
	at com.semmle.inmemory.caching.TuplePool.lambda$doNumbering$1(TuplePool.java:245)
	at com.semmle.util.concurrent.LockUtils.runThenUnlock(LockUtils.java:8)
	at com.semmle.inmemory.caching.TuplePool$ComplexNumberer.doWithBranchLock(TuplePool.java:561)
	at com.semmle.inmemory.caching.TuplePool.doNumbering(TuplePool.java:233)
	at com.semmle.inmemory.ast.IMBConstructDatatype.doNumberingStreaming(IMBConstructDatatype.java:165)
	at com.semmle.inmemory.ast.IMBConstructDatatype$1.evaluateSink(IMBConstructDatatype.java:142)
	at com.semmle.inmemory.pipeline.HOPStep.generateTuples(HOPStep.java:57)
	at com.semmle.inmemory.pipeline.SimpleHeadStep.lambda$forwardInitialize$0(SimpleHeadStep.java:32)
	at com.semmle.inmemory.pipeline.HeadEndDispatcher.headEndWork(HeadEndDispatcher.java:75)
	at com.semmle.inmemory.pipeline.PipelineState.doSomeWork(PipelineState.java:88)
	at com.semmle.inmemory.pipeline.PipelineInstance.doWork(PipelineInstance.java:78)
	at com.semmle.inmemory.scheduler.execution.ThreadableWork.doSomeWork(ThreadableWork.java:396)
	at com.semmle.inmemory.scheduler.execution.ChainingWork.doWork(ChainingWork.java:30)
	at com.semmle.inmemory.scheduler.execution.ThreadableWork.doSomeWork(ThreadableWork.java:396)
	... 7 more
Caused by: java.nio.file.NoSuchFileException: /home/jackfromeast/Desktop/python-class-pollution/tasks/class-pollution-positive-remote/output/polygon-transformer/codeql-db/db-python/default/cache/cached-strings/pools/dirty
	at java.base/sun.nio.fs.UnixException.translateToIOException(Unknown Source)
	at java.base/sun.nio.fs.UnixException.rethrowAsIOException(Unknown Source)
	at java.base/sun.nio.fs.UnixException.rethrowAsIOException(Unknown Source)
	at java.base/sun.nio.fs.UnixFileSystemProvider.newByteChannel(Unknown Source)
	at java.base/java.nio.file.Files.newByteChannel(Unknown Source)
	at java.base/java.nio.file.Files.createFile(Unknown Source)
	at com.semmle.inmemory.stringpool.StringPool.promoteStringToCached(StringPool.java:476)
	... 30 more

 (logger.py:42)
2025-04-28 03:47:59,467 - CodeQLRunner - ERROR - Failed to run query: /home/jackfromeast/Desktop/python-class-pollution/codeql-query/class-pollution-all/class-pollution-external.qls (logger.py:42)
2025-04-28 03:47:59,556 - CodeQLRunner - ERROR - Failed during cleanup: [Errno 39] Directory not empty: 'fairseq' (logger.py:42)
2025-04-28 03:48:02,646 - CodeQLRunner - ERROR - Failed to build CodeQL database for polygon-transformer: UnknownError: Initializing database at /home/jackfromeast/Desktop/python-class-pollution/tasks/class-pollution-positive-remote/output/polygon-transformer/codeql-db.
Running build command: []
Running command in /home/jackfromeast/Desktop/python-class-pollution/tasks/class-pollution-positive-remote/output/polygon-transformer/codebase: [/home/jackfromeast/Downloads/codeql/python/tools/autobuild.sh]
Finalizing database at /home/jackfromeast/Desktop/python-class-pollution/tasks/class-pollution-positive-remote/output/polygon-transformer/codeql-db.
Running pre-finalize script /home/jackfromeast/Downloads/codeql/python/tools/pre-finalize.sh in /home/jackfromeast/Desktop/python-class-pollution/tasks/class-pollution-positive-remote/output/polygon-transformer/codebase.
Running command in /home/jackfromeast/Desktop/python-class-pollution/tasks/class-pollution-positive-remote/output/polygon-transformer/codebase: [/home/jackfromeast/Downloads/codeql/python/tools/pre-finalize.sh]
Running TRAP import for CodeQL database at /home/jackfromeast/Desktop/python-class-pollution/tasks/class-pollution-positive-remote/output/polygon-transformer/codeql-db...
A fatal error occurred: Dataset /home/jackfromeast/Desktop/python-class-pollution/tasks/class-pollution-positive-remote/output/polygon-transformer/codeql-db/db-python has been finalized and does not support further TRAP import.
A fatal error occurred: Dataset import for /home/jackfromeast/Desktop/python-class-pollution/tasks/class-pollution-positive-remote/output/polygon-transformer/codeql-db/db-python failed with code 2.
 (logger.py:42)
2025-04-28 03:49:49,650 - CodeQLRunner - ERROR - Failed to build CodeQL database for mase: UnknownError: Initializing database at /home/jackfromeast/Desktop/python-class-pollution/tasks/class-pollution-positive-remote/output/mase/codeql-db.
Running build command: []
Running command in /home/jackfromeast/Desktop/python-class-pollution/tasks/class-pollution-positive-remote/output/mase/codebase: [/home/jackfromeast/Downloads/codeql/python/tools/autobuild.sh]
Finalizing database at /home/jackfromeast/Desktop/python-class-pollution/tasks/class-pollution-positive-remote/output/mase/codeql-db.
Running pre-finalize script /home/jackfromeast/Downloads/codeql/python/tools/pre-finalize.sh in /home/jackfromeast/Desktop/python-class-pollution/tasks/class-pollution-positive-remote/output/mase/codebase.
Running command in /home/jackfromeast/Desktop/python-class-pollution/tasks/class-pollution-positive-remote/output/mase/codebase: [/home/jackfromeast/Downloads/codeql/python/tools/pre-finalize.sh]
Running TRAP import for CodeQL database at /home/jackfromeast/Desktop/python-class-pollution/tasks/class-pollution-positive-remote/output/mase/codeql-db...
A fatal error occurred: Dataset /home/jackfromeast/Desktop/python-class-pollution/tasks/class-pollution-positive-remote/output/mase/codeql-db/db-python has been finalized and does not support further TRAP import.
A fatal error occurred: Dataset import for /home/jackfromeast/Desktop/python-class-pollution/tasks/class-pollution-positive-remote/output/mase/codeql-db/db-python failed with code 2.
 (logger.py:42)
2025-04-28 03:49:51,608 - CodeQLRunner - ERROR - Failed to execute query /home/jackfromeast/Desktop/python-class-pollution/codeql-query/class-pollution-all/class-pollution-external.qls: UnknownError: Running queries.
Compiling query plan for /home/jackfromeast/Desktop/python-class-pollution/codeql-query/class-pollution-all/query/ExternalClassPollutionQueryNewSetBothGetAttr.ql.
WARNING: unused variable 'setOpSecondObj' (/home/jackfromeast/Desktop/python-class-pollution/codeql-query/class-pollution-all/vuln/ClassPollutingAssignLib.qll:543,239-253)
WARNING: unused variable 'setOpSecondObj' (/home/jackfromeast/Desktop/python-class-pollution/codeql-query/class-pollution-all/vuln/ClassPollutingAssignLib.qll:562,245-259)
[1/6] Found in cache: /home/jackfromeast/Desktop/python-class-pollution/codeql-query/class-pollution-all/query/ExternalClassPollutionQueryNewSetBothGetAttr.ql.
Compiling query plan for /home/jackfromeast/Desktop/python-class-pollution/codeql-query/class-pollution-all/query/ExternalClassPollutionQueryNewSetAttrGetAttr.ql.
WARNING: unused variable 'setOpSecondObj' (/home/jackfromeast/Desktop/python-class-pollution/codeql-query/class-pollution-all/vuln/ClassPollutingAssignLib.qll:543,239-253)
WARNING: unused variable 'setOpSecondObj' (/home/jackfromeast/Desktop/python-class-pollution/codeql-query/class-pollution-all/vuln/ClassPollutingAssignLib.qll:562,245-259)
[2/6] Found in cache: /home/jackfromeast/Desktop/python-class-pollution/codeql-query/class-pollution-all/query/ExternalClassPollutionQueryNewSetAttrGetAttr.ql.
Compiling query plan for /home/jackfromeast/Desktop/python-class-pollution/codeql-query/class-pollution-all/query/ExternalClassPollutionQueryNewSetItemGetAttr.ql.
WARNING: unused variable 'setOpSecondObj' (/home/jackfromeast/Desktop/python-class-pollution/codeql-query/class-pollution-all/vuln/ClassPollutingAssignLib.qll:543,239-253)
WARNING: unused variable 'setOpSecondObj' (/home/jackfromeast/Desktop/python-class-pollution/codeql-query/class-pollution-all/vuln/ClassPollutingAssignLib.qll:562,245-259)
[3/6] Found in cache: /home/jackfromeast/Desktop/python-class-pollution/codeql-query/class-pollution-all/query/ExternalClassPollutionQueryNewSetItemGetAttr.ql.
Compiling query plan for /home/jackfromeast/Desktop/python-class-pollution/codeql-query/class-pollution-all/query/ExternalClassPollutionQueryNewSetBothGetBoth.ql.
WARNING: unused variable 'setOpSecondObj' (/home/jackfromeast/Desktop/python-class-pollution/codeql-query/class-pollution-all/vuln/ClassPollutingAssignLib.qll:543,239-253)
WARNING: unused variable 'setOpSecondObj' (/home/jackfromeast/Desktop/python-class-pollution/codeql-query/class-pollution-all/vuln/ClassPollutingAssignLib.qll:562,245-259)
[4/6] Found in cache: /home/jackfromeast/Desktop/python-class-pollution/codeql-query/class-pollution-all/query/ExternalClassPollutionQueryNewSetBothGetBoth.ql.
Compiling query plan for /home/jackfromeast/Desktop/python-class-pollution/codeql-query/class-pollution-all/query/ExternalClassPollutionQueryNewSetItemGetBoth.ql.
WARNING: unused variable 'setOpSecondObj' (/home/jackfromeast/Desktop/python-class-pollution/codeql-query/class-pollution-all/vuln/ClassPollutingAssignLib.qll:543,239-253)
WARNING: unused variable 'setOpSecondObj' (/home/jackfromeast/Desktop/python-class-pollution/codeql-query/class-pollution-all/vuln/ClassPollutingAssignLib.qll:562,245-259)
[5/6] Found in cache: /home/jackfromeast/Desktop/python-class-pollution/codeql-query/class-pollution-all/query/ExternalClassPollutionQueryNewSetItemGetBoth.ql.
Compiling query plan for /home/jackfromeast/Desktop/python-class-pollution/codeql-query/class-pollution-all/query/ExternalClassPollutionQueryNewSetAttrGetBoth.ql.
WARNING: unused variable 'setOpSecondObj' (/home/jackfromeast/Desktop/python-class-pollution/codeql-query/class-pollution-all/vuln/ClassPollutingAssignLib.qll:543,239-253)
WARNING: unused variable 'setOpSecondObj' (/home/jackfromeast/Desktop/python-class-pollution/codeql-query/class-pollution-all/vuln/ClassPollutingAssignLib.qll:562,245-259)
[6/6] Found in cache: /home/jackfromeast/Desktop/python-class-pollution/codeql-query/class-pollution-all/query/ExternalClassPollutionQueryNewSetAttrGetBoth.ql.
Starting evaluation of jackfromeast/class-pollution-all/query/ExternalClassPollutionQueryNewSetAttrGetAttr.ql.
Oops! A fatal internal error occurred. Details:
com.semmle.util.exception.CatastrophicError: An error occurred while evaluating num#DataFlowImpl::Impl<TaintTracking::TaintTracking::GlobalWithState<ClassPollutionTaintTrackingLib::ClassPollutionTaintTracking::TrackingClassPollutionKeyToAssignmentConfiguration>::C>::S6Graph::TPathNodeMid#6561af31/7@3e3db2d5
Cannot create dirty marker for cached strings
The RA to evaluate was:

    {7} r1 = INVOKE HIGHER-ORDER RELATION construct<DataFlowImpl#248dabc3::MakeImpl-Files#a547fcb4::Location-DataFlowImplSpecific#9c24d182::PythonDataFlow-::Impl-TaintTrac-fca611d2,0> ON <`DataFlowImpl::Impl<TaintTracking::TaintTracking::GlobalWithState<ClassPollutionTaintTrackingLib::ClassPollutionTaintTracking::TrackingClassPollutionKeyToAssignmentConfiguration>::C>::S6Graph::TPathNodeMid#dom#ef5a3208`>
    return r1

(eventual cause: NoSuchFileException "/home/jackfromeast/Desktop/python-class-pollution/tasks/class-pollution-positive...")
	at com.semmle.inmemory.pipeline.MetaPipelineInstance.wrapWithRaDump(MetaPipelineInstance.java:204)
	at com.semmle.inmemory.pipeline.MetaPipelineInstance.exceptionCaught(MetaPipelineInstance.java:174)
	at com.semmle.inmemory.scheduler.execution.ThreadableWork.handleAndLog(ThreadableWork.java:593)
	at com.semmle.inmemory.scheduler.execution.ThreadableWork.doSomeWork(ThreadableWork.java:410)
	at com.semmle.inmemory.scheduler.IntensionalLayer$IntensionalWork.evaluate(IntensionalLayer.java:124)
	at com.semmle.inmemory.scheduler.SimpleLayerTask$SimpleLayerWork.doWork(SimpleLayerTask.java:69)
	at com.semmle.inmemory.scheduler.execution.ThreadableWork.doSomeWork(ThreadableWork.java:396)
	at com.semmle.inmemory.scheduler.execution.ExecutionScheduler.runnerMain(ExecutionScheduler.java:707)
	at java.base/java.util.concurrent.ThreadPoolExecutor.runWorker(Unknown Source)
	at java.base/java.util.concurrent.ThreadPoolExecutor$Worker.run(Unknown Source)
	at java.base/java.lang.Thread.run(Unknown Source)
Caused by: Cannot create dirty marker for cached strings
(eventual cause: NoSuchFileException "/home/jackfromeast/Desktop/python-class-pollution/tasks/class-pollution-positive...")
	at com.semmle.inmemory.stringpool.StringPool.promoteStringToCached(StringPool.java:479)
	at com.semmle.inmemory.stringpool.StringPool.promoteToCached(StringPool.java:449)
	at com.semmle.inmemory.caching.TuplePool$ComplexNumberer.lambda$freshNumberRelation$1(TuplePool.java:496)
	at com.semmle.inmemory.relations.BaseIntArrayRelation.map(BaseIntArrayRelation.java:88)
	at com.semmle.inmemory.caching.PagedRelation.map(PagedRelation.java:158)
	at com.semmle.inmemory.relations.AbstractRelation.deduplicateMap(AbstractRelation.java:138)
	at com.semmle.inmemory.caching.TuplePool$ComplexNumberer.lambda$freshNumberRelation$2(TuplePool.java:480)
	at com.semmle.inmemory.relations.writers.RelationWriter.withSink(RelationWriter.java:72)
	at com.semmle.inmemory.caching.TuplePool$ComplexNumberer.freshNumberRelation(TuplePool.java:478)
	at com.semmle.inmemory.caching.TuplePool$ComplexNumberer.doNumbering(TuplePool.java:436)
	at com.semmle.inmemory.caching.TuplePool.lambda$doNumbering$1(TuplePool.java:245)
	at com.semmle.util.concurrent.LockUtils.runThenUnlock(LockUtils.java:8)
	at com.semmle.inmemory.caching.TuplePool$ComplexNumberer.doWithBranchLock(TuplePool.java:561)
	at com.semmle.inmemory.caching.TuplePool.doNumbering(TuplePool.java:233)
	at com.semmle.inmemory.ast.IMBConstructDatatype.doNumberingStreaming(IMBConstructDatatype.java:165)
	at com.semmle.inmemory.ast.IMBConstructDatatype$1.evaluateSink(IMBConstructDatatype.java:142)
	at com.semmle.inmemory.pipeline.HOPStep.generateTuples(HOPStep.java:57)
	at com.semmle.inmemory.pipeline.SimpleHeadStep.lambda$forwardInitialize$0(SimpleHeadStep.java:32)
	at com.semmle.inmemory.pipeline.HeadEndDispatcher.headEndWork(HeadEndDispatcher.java:75)
	at com.semmle.inmemory.pipeline.PipelineState.doSomeWork(PipelineState.java:88)
	at com.semmle.inmemory.pipeline.PipelineInstance.doWork(PipelineInstance.java:78)
	at com.semmle.inmemory.scheduler.execution.ThreadableWork.doSomeWork(ThreadableWork.java:396)
	at com.semmle.inmemory.scheduler.execution.ChainingWork.doWork(ChainingWork.java:30)
	at com.semmle.inmemory.scheduler.execution.ThreadableWork.doSomeWork(ThreadableWork.java:396)
	... 7 more
Caused by: java.nio.file.NoSuchFileException: /home/jackfromeast/Desktop/python-class-pollution/tasks/class-pollution-positive-remote/output/mase/codeql-db/db-python/default/cache/cached-strings/pools/dirty
	at java.base/sun.nio.fs.UnixException.translateToIOException(Unknown Source)
	at java.base/sun.nio.fs.UnixException.rethrowAsIOException(Unknown Source)
	at java.base/sun.nio.fs.UnixException.rethrowAsIOException(Unknown Source)
	at java.base/sun.nio.fs.UnixFileSystemProvider.newByteChannel(Unknown Source)
	at java.base/java.nio.file.Files.newByteChannel(Unknown Source)
	at java.base/java.nio.file.Files.createFile(Unknown Source)
	at com.semmle.inmemory.stringpool.StringPool.promoteStringToCached(StringPool.java:476)
	... 30 more

 (logger.py:42)
2025-04-28 03:49:51,608 - CodeQLRunner - ERROR - Failed to run query: /home/jackfromeast/Desktop/python-class-pollution/codeql-query/class-pollution-all/class-pollution-external.qls (logger.py:42)
2025-04-28 03:50:41,871 - CodeQLRunner - ERROR - Failed to build CodeQL database for cobaya: UnknownError: Initializing database at /home/jackfromeast/Desktop/python-class-pollution/tasks/class-pollution-positive-remote/output/cobaya/codeql-db.
Unrecognized file in database cluster: '/home/jackfromeast/Desktop/python-class-pollution/tasks/class-pollution-positive-remote/output/cobaya/codeql-db/db-python'.
A fatal error occurred: Ran with database overwriting enabled, but the directory does not appear to be a CodeQL database or database cluster. Please check you do indeed wish to delete it, and do so manually.
 (logger.py:42)
2025-04-28 03:50:42,384 - CodeQLRunner - ERROR - Failed to execute query /home/jackfromeast/Desktop/python-class-pollution/codeql-query/class-pollution-all/class-pollution-external.qls: UnknownError: Running queries.
Compiling query plan for /home/jackfromeast/Desktop/python-class-pollution/codeql-query/class-pollution-all/query/ExternalClassPollutionQueryNewSetBothGetAttr.ql.
WARNING: unused variable 'setOpSecondObj' (/home/jackfromeast/Desktop/python-class-pollution/codeql-query/class-pollution-all/vuln/ClassPollutingAssignLib.qll:543,239-253)
WARNING: unused variable 'setOpSecondObj' (/home/jackfromeast/Desktop/python-class-pollution/codeql-query/class-pollution-all/vuln/ClassPollutingAssignLib.qll:562,245-259)
[1/6] Found in cache: /home/jackfromeast/Desktop/python-class-pollution/codeql-query/class-pollution-all/query/ExternalClassPollutionQueryNewSetBothGetAttr.ql.
Compiling query plan for /home/jackfromeast/Desktop/python-class-pollution/codeql-query/class-pollution-all/query/ExternalClassPollutionQueryNewSetAttrGetAttr.ql.
WARNING: unused variable 'setOpSecondObj' (/home/jackfromeast/Desktop/python-class-pollution/codeql-query/class-pollution-all/vuln/ClassPollutingAssignLib.qll:543,239-253)
WARNING: unused variable 'setOpSecondObj' (/home/jackfromeast/Desktop/python-class-pollution/codeql-query/class-pollution-all/vuln/ClassPollutingAssignLib.qll:562,245-259)
[2/6] Found in cache: /home/jackfromeast/Desktop/python-class-pollution/codeql-query/class-pollution-all/query/ExternalClassPollutionQueryNewSetAttrGetAttr.ql.
Compiling query plan for /home/jackfromeast/Desktop/python-class-pollution/codeql-query/class-pollution-all/query/ExternalClassPollutionQueryNewSetItemGetAttr.ql.
WARNING: unused variable 'setOpSecondObj' (/home/jackfromeast/Desktop/python-class-pollution/codeql-query/class-pollution-all/vuln/ClassPollutingAssignLib.qll:543,239-253)
WARNING: unused variable 'setOpSecondObj' (/home/jackfromeast/Desktop/python-class-pollution/codeql-query/class-pollution-all/vuln/ClassPollutingAssignLib.qll:562,245-259)
[3/6] Found in cache: /home/jackfromeast/Desktop/python-class-pollution/codeql-query/class-pollution-all/query/ExternalClassPollutionQueryNewSetItemGetAttr.ql.
Compiling query plan for /home/jackfromeast/Desktop/python-class-pollution/codeql-query/class-pollution-all/query/ExternalClassPollutionQueryNewSetBothGetBoth.ql.
WARNING: unused variable 'setOpSecondObj' (/home/jackfromeast/Desktop/python-class-pollution/codeql-query/class-pollution-all/vuln/ClassPollutingAssignLib.qll:543,239-253)
WARNING: unused variable 'setOpSecondObj' (/home/jackfromeast/Desktop/python-class-pollution/codeql-query/class-pollution-all/vuln/ClassPollutingAssignLib.qll:562,245-259)
[4/6] Found in cache: /home/jackfromeast/Desktop/python-class-pollution/codeql-query/class-pollution-all/query/ExternalClassPollutionQueryNewSetBothGetBoth.ql.
Compiling query plan for /home/jackfromeast/Desktop/python-class-pollution/codeql-query/class-pollution-all/query/ExternalClassPollutionQueryNewSetItemGetBoth.ql.
WARNING: unused variable 'setOpSecondObj' (/home/jackfromeast/Desktop/python-class-pollution/codeql-query/class-pollution-all/vuln/ClassPollutingAssignLib.qll:543,239-253)
WARNING: unused variable 'setOpSecondObj' (/home/jackfromeast/Desktop/python-class-pollution/codeql-query/class-pollution-all/vuln/ClassPollutingAssignLib.qll:562,245-259)
[5/6] Found in cache: /home/jackfromeast/Desktop/python-class-pollution/codeql-query/class-pollution-all/query/ExternalClassPollutionQueryNewSetItemGetBoth.ql.
Compiling query plan for /home/jackfromeast/Desktop/python-class-pollution/codeql-query/class-pollution-all/query/ExternalClassPollutionQueryNewSetAttrGetBoth.ql.
WARNING: unused variable 'setOpSecondObj' (/home/jackfromeast/Desktop/python-class-pollution/codeql-query/class-pollution-all/vuln/ClassPollutingAssignLib.qll:543,239-253)
WARNING: unused variable 'setOpSecondObj' (/home/jackfromeast/Desktop/python-class-pollution/codeql-query/class-pollution-all/vuln/ClassPollutingAssignLib.qll:562,245-259)
[6/6] Found in cache: /home/jackfromeast/Desktop/python-class-pollution/codeql-query/class-pollution-all/query/ExternalClassPollutionQueryNewSetAttrGetBoth.ql.
Starting evaluation of jackfromeast/class-pollution-all/query/ExternalClassPollutionQueryNewSetAttrGetAttr.ql.
A fatal error occurred: Cannot create dirty marker for cached strings
(eventual cause: NoSuchFileException "/home/jackfromeast/Desktop/python-class-pollution/tasks/class-pollution-positive...")
 (logger.py:42)
2025-04-28 03:50:42,384 - CodeQLRunner - ERROR - Failed to run query: /home/jackfromeast/Desktop/python-class-pollution/codeql-query/class-pollution-all/class-pollution-external.qls (logger.py:42)
2025-04-28 03:52:31,460 - CodeQLRunner - ERROR - Failed to execute query /home/jackfromeast/Desktop/python-class-pollution/codeql-query/class-pollution-all/class-pollution-external.qls: UnknownError: Running queries.
Compiling query plan for /home/jackfromeast/Desktop/python-class-pollution/codeql-query/class-pollution-all/query/ExternalClassPollutionQueryNewSetBothGetAttr.ql.
WARNING: unused variable 'setOpSecondObj' (/home/jackfromeast/Desktop/python-class-pollution/codeql-query/class-pollution-all/vuln/ClassPollutingAssignLib.qll:543,239-253)
WARNING: unused variable 'setOpSecondObj' (/home/jackfromeast/Desktop/python-class-pollution/codeql-query/class-pollution-all/vuln/ClassPollutingAssignLib.qll:562,245-259)
[1/6] Found in cache: /home/jackfromeast/Desktop/python-class-pollution/codeql-query/class-pollution-all/query/ExternalClassPollutionQueryNewSetBothGetAttr.ql.
Compiling query plan for /home/jackfromeast/Desktop/python-class-pollution/codeql-query/class-pollution-all/query/ExternalClassPollutionQueryNewSetAttrGetAttr.ql.
WARNING: unused variable 'setOpSecondObj' (/home/jackfromeast/Desktop/python-class-pollution/codeql-query/class-pollution-all/vuln/ClassPollutingAssignLib.qll:543,239-253)
WARNING: unused variable 'setOpSecondObj' (/home/jackfromeast/Desktop/python-class-pollution/codeql-query/class-pollution-all/vuln/ClassPollutingAssignLib.qll:562,245-259)
[2/6] Found in cache: /home/jackfromeast/Desktop/python-class-pollution/codeql-query/class-pollution-all/query/ExternalClassPollutionQueryNewSetAttrGetAttr.ql.
Compiling query plan for /home/jackfromeast/Desktop/python-class-pollution/codeql-query/class-pollution-all/query/ExternalClassPollutionQueryNewSetItemGetAttr.ql.
WARNING: unused variable 'setOpSecondObj' (/home/jackfromeast/Desktop/python-class-pollution/codeql-query/class-pollution-all/vuln/ClassPollutingAssignLib.qll:543,239-253)
WARNING: unused variable 'setOpSecondObj' (/home/jackfromeast/Desktop/python-class-pollution/codeql-query/class-pollution-all/vuln/ClassPollutingAssignLib.qll:562,245-259)
[3/6] Found in cache: /home/jackfromeast/Desktop/python-class-pollution/codeql-query/class-pollution-all/query/ExternalClassPollutionQueryNewSetItemGetAttr.ql.
Compiling query plan for /home/jackfromeast/Desktop/python-class-pollution/codeql-query/class-pollution-all/query/ExternalClassPollutionQueryNewSetBothGetBoth.ql.
WARNING: unused variable 'setOpSecondObj' (/home/jackfromeast/Desktop/python-class-pollution/codeql-query/class-pollution-all/vuln/ClassPollutingAssignLib.qll:543,239-253)
WARNING: unused variable 'setOpSecondObj' (/home/jackfromeast/Desktop/python-class-pollution/codeql-query/class-pollution-all/vuln/ClassPollutingAssignLib.qll:562,245-259)
[4/6] Found in cache: /home/jackfromeast/Desktop/python-class-pollution/codeql-query/class-pollution-all/query/ExternalClassPollutionQueryNewSetBothGetBoth.ql.
Compiling query plan for /home/jackfromeast/Desktop/python-class-pollution/codeql-query/class-pollution-all/query/ExternalClassPollutionQueryNewSetItemGetBoth.ql.
WARNING: unused variable 'setOpSecondObj' (/home/jackfromeast/Desktop/python-class-pollution/codeql-query/class-pollution-all/vuln/ClassPollutingAssignLib.qll:543,239-253)
WARNING: unused variable 'setOpSecondObj' (/home/jackfromeast/Desktop/python-class-pollution/codeql-query/class-pollution-all/vuln/ClassPollutingAssignLib.qll:562,245-259)
[5/6] Found in cache: /home/jackfromeast/Desktop/python-class-pollution/codeql-query/class-pollution-all/query/ExternalClassPollutionQueryNewSetItemGetBoth.ql.
Compiling query plan for /home/jackfromeast/Desktop/python-class-pollution/codeql-query/class-pollution-all/query/ExternalClassPollutionQueryNewSetAttrGetBoth.ql.
WARNING: unused variable 'setOpSecondObj' (/home/jackfromeast/Desktop/python-class-pollution/codeql-query/class-pollution-all/vuln/ClassPollutingAssignLib.qll:543,239-253)
WARNING: unused variable 'setOpSecondObj' (/home/jackfromeast/Desktop/python-class-pollution/codeql-query/class-pollution-all/vuln/ClassPollutingAssignLib.qll:562,245-259)
[6/6] Found in cache: /home/jackfromeast/Desktop/python-class-pollution/codeql-query/class-pollution-all/query/ExternalClassPollutionQueryNewSetAttrGetBoth.ql.
Starting evaluation of jackfromeast/class-pollution-all/query/ExternalClassPollutionQueryNewSetAttrGetAttr.ql.
A fatal error occurred: Cannot create dirty marker for cached strings
(eventual cause: NoSuchFileException "/home/jackfromeast/Desktop/python-class-pollution/tasks/class-pollution-positive...")
 (logger.py:42)
2025-04-28 03:52:31,460 - CodeQLRunner - ERROR - Failed to run query: /home/jackfromeast/Desktop/python-class-pollution/codeql-query/class-pollution-all/class-pollution-external.qls (logger.py:42)
2025-04-28 03:52:31,583 - CodeQLRunner - ERROR - Failed during cleanup: [Errno 39] Directory not empty: 'models' (logger.py:42)
2025-04-28 03:52:38,517 - CodeQLRunner - ERROR - Failed to build CodeQL database for HydraLoRA: UnknownError: Initializing database at /home/jackfromeast/Desktop/python-class-pollution/tasks/class-pollution-positive-remote/output/HydraLoRA/codeql-db.
Running build command: []
Running command in /home/jackfromeast/Desktop/python-class-pollution/tasks/class-pollution-positive-remote/output/HydraLoRA/codebase: [/home/jackfromeast/Downloads/codeql/python/tools/autobuild.sh]
Finalizing database at /home/jackfromeast/Desktop/python-class-pollution/tasks/class-pollution-positive-remote/output/HydraLoRA/codeql-db.
Running pre-finalize script /home/jackfromeast/Downloads/codeql/python/tools/pre-finalize.sh in /home/jackfromeast/Desktop/python-class-pollution/tasks/class-pollution-positive-remote/output/HydraLoRA/codebase.
Running command in /home/jackfromeast/Desktop/python-class-pollution/tasks/class-pollution-positive-remote/output/HydraLoRA/codebase: [/home/jackfromeast/Downloads/codeql/python/tools/pre-finalize.sh]
Running TRAP import for CodeQL database at /home/jackfromeast/Desktop/python-class-pollution/tasks/class-pollution-positive-remote/output/HydraLoRA/codeql-db...
A fatal error occurred: Dataset /home/jackfromeast/Desktop/python-class-pollution/tasks/class-pollution-positive-remote/output/HydraLoRA/codeql-db/db-python has been finalized and does not support further TRAP import.
A fatal error occurred: Dataset import for /home/jackfromeast/Desktop/python-class-pollution/tasks/class-pollution-positive-remote/output/HydraLoRA/codeql-db/db-python failed with code 2.
 (logger.py:42)
2025-04-28 03:52:39,747 - CodeQLRunner - ERROR - Failed to execute query /home/jackfromeast/Desktop/python-class-pollution/codeql-query/class-pollution-all/class-pollution-external.qls: UnknownError: Running queries.
Compiling query plan for /home/jackfromeast/Desktop/python-class-pollution/codeql-query/class-pollution-all/query/ExternalClassPollutionQueryNewSetBothGetAttr.ql.
WARNING: unused variable 'setOpSecondObj' (/home/jackfromeast/Desktop/python-class-pollution/codeql-query/class-pollution-all/vuln/ClassPollutingAssignLib.qll:543,239-253)
WARNING: unused variable 'setOpSecondObj' (/home/jackfromeast/Desktop/python-class-pollution/codeql-query/class-pollution-all/vuln/ClassPollutingAssignLib.qll:562,245-259)
[1/6] Found in cache: /home/jackfromeast/Desktop/python-class-pollution/codeql-query/class-pollution-all/query/ExternalClassPollutionQueryNewSetBothGetAttr.ql.
Compiling query plan for /home/jackfromeast/Desktop/python-class-pollution/codeql-query/class-pollution-all/query/ExternalClassPollutionQueryNewSetAttrGetAttr.ql.
WARNING: unused variable 'setOpSecondObj' (/home/jackfromeast/Desktop/python-class-pollution/codeql-query/class-pollution-all/vuln/ClassPollutingAssignLib.qll:543,239-253)
WARNING: unused variable 'setOpSecondObj' (/home/jackfromeast/Desktop/python-class-pollution/codeql-query/class-pollution-all/vuln/ClassPollutingAssignLib.qll:562,245-259)
[2/6] Found in cache: /home/jackfromeast/Desktop/python-class-pollution/codeql-query/class-pollution-all/query/ExternalClassPollutionQueryNewSetAttrGetAttr.ql.
Compiling query plan for /home/jackfromeast/Desktop/python-class-pollution/codeql-query/class-pollution-all/query/ExternalClassPollutionQueryNewSetItemGetAttr.ql.
WARNING: unused variable 'setOpSecondObj' (/home/jackfromeast/Desktop/python-class-pollution/codeql-query/class-pollution-all/vuln/ClassPollutingAssignLib.qll:543,239-253)
WARNING: unused variable 'setOpSecondObj' (/home/jackfromeast/Desktop/python-class-pollution/codeql-query/class-pollution-all/vuln/ClassPollutingAssignLib.qll:562,245-259)
[3/6] Found in cache: /home/jackfromeast/Desktop/python-class-pollution/codeql-query/class-pollution-all/query/ExternalClassPollutionQueryNewSetItemGetAttr.ql.
Compiling query plan for /home/jackfromeast/Desktop/python-class-pollution/codeql-query/class-pollution-all/query/ExternalClassPollutionQueryNewSetBothGetBoth.ql.
WARNING: unused variable 'setOpSecondObj' (/home/jackfromeast/Desktop/python-class-pollution/codeql-query/class-pollution-all/vuln/ClassPollutingAssignLib.qll:543,239-253)
WARNING: unused variable 'setOpSecondObj' (/home/jackfromeast/Desktop/python-class-pollution/codeql-query/class-pollution-all/vuln/ClassPollutingAssignLib.qll:562,245-259)
[4/6] Found in cache: /home/jackfromeast/Desktop/python-class-pollution/codeql-query/class-pollution-all/query/ExternalClassPollutionQueryNewSetBothGetBoth.ql.
Compiling query plan for /home/jackfromeast/Desktop/python-class-pollution/codeql-query/class-pollution-all/query/ExternalClassPollutionQueryNewSetItemGetBoth.ql.
WARNING: unused variable 'setOpSecondObj' (/home/jackfromeast/Desktop/python-class-pollution/codeql-query/class-pollution-all/vuln/ClassPollutingAssignLib.qll:543,239-253)
WARNING: unused variable 'setOpSecondObj' (/home/jackfromeast/Desktop/python-class-pollution/codeql-query/class-pollution-all/vuln/ClassPollutingAssignLib.qll:562,245-259)
[5/6] Found in cache: /home/jackfromeast/Desktop/python-class-pollution/codeql-query/class-pollution-all/query/ExternalClassPollutionQueryNewSetItemGetBoth.ql.
Compiling query plan for /home/jackfromeast/Desktop/python-class-pollution/codeql-query/class-pollution-all/query/ExternalClassPollutionQueryNewSetAttrGetBoth.ql.
WARNING: unused variable 'setOpSecondObj' (/home/jackfromeast/Desktop/python-class-pollution/codeql-query/class-pollution-all/vuln/ClassPollutingAssignLib.qll:543,239-253)
WARNING: unused variable 'setOpSecondObj' (/home/jackfromeast/Desktop/python-class-pollution/codeql-query/class-pollution-all/vuln/ClassPollutingAssignLib.qll:562,245-259)
[6/6] Found in cache: /home/jackfromeast/Desktop/python-class-pollution/codeql-query/class-pollution-all/query/ExternalClassPollutionQueryNewSetAttrGetBoth.ql.
Starting evaluation of jackfromeast/class-pollution-all/query/ExternalClassPollutionQueryNewSetAttrGetAttr.ql.
Starting evaluation of jackfromeast/class-pollution-all/query/ExternalClassPollutionQueryNewSetAttrGetBoth.ql.
[1/6 eval 1m2s] Evaluation done; writing results to jackfromeast/class-pollution-all/query/ExternalClassPollutionQueryNewSetAttrGetAttr.bqrs.
Starting evaluation of jackfromeast/class-pollution-all/query/ExternalClassPollutionQueryNewSetBothGetAttr.ql.
[2/6 eval 33ms] Evaluation done; writing results to jackfromeast/class-pollution-all/query/ExternalClassPollutionQueryNewSetAttrGetBoth.bqrs.
Starting evaluation of jackfromeast/class-pollution-all/query/ExternalClassPollutionQueryNewSetBothGetBoth.ql.
[3/6 eval 3ms] Evaluation done; writing results to jackfromeast/class-pollution-all/query/ExternalClassPollutionQueryNewSetBothGetAttr.bqrs.
Starting evaluation of jackfromeast/class-pollution-all/query/ExternalClassPollutionQueryNewSetItemGetAttr.ql.
[4/6 eval 85ms] Evaluation done; writing results to jackfromeast/class-pollution-all/query/ExternalClassPollutionQueryNewSetBothGetBoth.bqrs.
Starting evaluation of jackfromeast/class-pollution-all/query/ExternalClassPollutionQueryNewSetItemGetBoth.ql.
[5/6 eval 2ms] Evaluation done; writing results to jackfromeast/class-pollution-all/query/ExternalClassPollutionQueryNewSetItemGetAttr.bqrs.
[6/6 eval 423ms] Evaluation done; writing results to jackfromeast/class-pollution-all/query/ExternalClassPollutionQueryNewSetItemGetBoth.bqrs.
Shutting down query evaluator.
Interpreting results.
Interpreting /home/jackfromeast/Desktop/python-class-pollution/codeql-query/class-pollution-all/query/ExternalClassPollutionQueryNewSetBothGetAttr.ql...
Interpreting /home/jackfromeast/Desktop/python-class-pollution/codeql-query/class-pollution-all/query/ExternalClassPollutionQueryNewSetAttrGetAttr.ql...
Interpreting /home/jackfromeast/Desktop/python-class-pollution/codeql-query/class-pollution-all/query/ExternalClassPollutionQueryNewSetItemGetAttr.ql...
Interpreting /home/jackfromeast/Desktop/python-class-pollution/codeql-query/class-pollution-all/query/ExternalClassPollutionQueryNewSetBothGetBoth.ql...
Interpreting /home/jackfromeast/Desktop/python-class-pollution/codeql-query/class-pollution-all/query/ExternalClassPollutionQueryNewSetItemGetBoth.ql...
Interpreting /home/jackfromeast/Desktop/python-class-pollution/codeql-query/class-pollution-all/query/ExternalClassPollutionQueryNewSetAttrGetBoth.ql...
Failed to read diagnostics in file /home/jackfromeast/Desktop/python-class-pollution/tasks/class-pollution-positive-remote/output/Ant-Multi-Modal-Framework/codeql-db/diagnostic/cli-diagnostics-add-20250428T075130.419Z.json. Reason: java.io.FileNotFoundException: /home/jackfromeast/Desktop/python-class-pollution/tasks/class-pollution-positive-remote/output/Ant-Multi-Modal-Framework/codeql-db/diagnostic/cli-diagnostics-add-20250428T075130.419Z.json (No such file or directory)
Failed to read diagnostics in file /home/jackfromeast/Desktop/python-class-pollution/tasks/class-pollution-positive-remote/output/Ant-Multi-Modal-Framework/codeql-db/diagnostic/cli-diagnostics-add-20250428T075126.794Z.json.
Failed to read diagnostics in file /home/jackfromeast/Desktop/python-class-pollution/tasks/class-pollution-positive-remote/output/Ant-Multi-Modal-Framework/codeql-db/diagnostic/cli-diagnostics-add-20250428T075129.860Z.json.
Failed to read diagnostics in file /home/jackfromeast/Desktop/python-class-pollution/tasks/class-pollution-positive-remote/output/Ant-Multi-Modal-Framework/codeql-db/diagnostic/extractors.
Exporting results to SARIF...
A fatal error occurred: Could not read binary result set
(eventual cause: FileNotFoundException "/home/jackfromeast/Desktop/python-class-pollution/tasks/class-pollution-positive...")
Failed to write diagnostic information.
 (logger.py:42)
2025-04-28 03:52:39,748 - CodeQLRunner - ERROR - Failed to run query: /home/jackfromeast/Desktop/python-class-pollution/codeql-query/class-pollution-all/class-pollution-external.qls (logger.py:42)
2025-04-28 03:52:39,954 - CodeQLRunner - ERROR - Failed to build CodeQL database for Ant-Multi-Modal-Framework: UnknownError: Initializing database at /home/jackfromeast/Desktop/python-class-pollution/tasks/class-pollution-positive-remote/output/Ant-Multi-Modal-Framework/codeql-db.
Running build command: []
A fatal error occurred: Invalid working directory: /home/jackfromeast/Desktop/python-class-pollution/tasks/class-pollution-positive-remote/output/Ant-Multi-Modal-Framework/codebase.
 (logger.py:42)
2025-04-28 03:52:41,201 - CodeQLRunner - ERROR - Query timed out for mybolg: /home/jackfromeast/Desktop/python-class-pollution/codeql-query/class-pollution-all/class-pollution-external.qls (logger.py:42)
2025-04-28 03:52:43,120 - CodeQLRunner - ERROR - Failed to run query: /home/jackfromeast/Desktop/python-class-pollution/codeql-query/class-pollution-all/class-pollution-external.qls (logger.py:42)
2025-04-28 03:52:46,045 - CodeQLRunner - ERROR - Failed to build CodeQL database for servos-framework: UnknownError: Initializing database at /home/jackfromeast/Desktop/python-class-pollution/tasks/class-pollution-positive-remote/output/servos-framework/codeql-db.
Unrecognized file in database cluster: '/home/jackfromeast/Desktop/python-class-pollution/tasks/class-pollution-positive-remote/output/servos-framework/codeql-db/src'.
A fatal error occurred: Ran with database overwriting enabled, but the directory does not appear to be a CodeQL database or database cluster. Please check you do indeed wish to delete it, and do so manually.
 (logger.py:42)
2025-04-28 03:52:53,382 - CodeQLRunner - ERROR - Failed to execute query /home/jackfromeast/Desktop/python-class-pollution/codeql-query/class-pollution-all/class-pollution-external.qls: UnknownError: Running queries.
A fatal error occurred: /home/jackfromeast/Desktop/python-class-pollution/tasks/class-pollution-positive-remote/output/throttlestop/codeql-db/db-python does not exist.
 (logger.py:42)
2025-04-28 03:52:53,382 - CodeQLRunner - ERROR - Failed to run query: /home/jackfromeast/Desktop/python-class-pollution/codeql-query/class-pollution-all/class-pollution-external.qls (logger.py:42)
2025-04-28 03:53:36,893 - CodeQLRunner - ERROR - Failed to execute query /home/jackfromeast/Desktop/python-class-pollution/codeql-query/class-pollution-all/class-pollution-external.qls: UnknownError: Running queries.
Compiling query plan for /home/jackfromeast/Desktop/python-class-pollution/codeql-query/class-pollution-all/query/ExternalClassPollutionQueryNewSetBothGetAttr.ql.
WARNING: unused variable 'setOpSecondObj' (/home/jackfromeast/Desktop/python-class-pollution/codeql-query/class-pollution-all/vuln/ClassPollutingAssignLib.qll:543,239-253)
WARNING: unused variable 'setOpSecondObj' (/home/jackfromeast/Desktop/python-class-pollution/codeql-query/class-pollution-all/vuln/ClassPollutingAssignLib.qll:562,245-259)
[1/6] Found in cache: /home/jackfromeast/Desktop/python-class-pollution/codeql-query/class-pollution-all/query/ExternalClassPollutionQueryNewSetBothGetAttr.ql.
Compiling query plan for /home/jackfromeast/Desktop/python-class-pollution/codeql-query/class-pollution-all/query/ExternalClassPollutionQueryNewSetAttrGetAttr.ql.
WARNING: unused variable 'setOpSecondObj' (/home/jackfromeast/Desktop/python-class-pollution/codeql-query/class-pollution-all/vuln/ClassPollutingAssignLib.qll:543,239-253)
WARNING: unused variable 'setOpSecondObj' (/home/jackfromeast/Desktop/python-class-pollution/codeql-query/class-pollution-all/vuln/ClassPollutingAssignLib.qll:562,245-259)
[2/6] Found in cache: /home/jackfromeast/Desktop/python-class-pollution/codeql-query/class-pollution-all/query/ExternalClassPollutionQueryNewSetAttrGetAttr.ql.
Compiling query plan for /home/jackfromeast/Desktop/python-class-pollution/codeql-query/class-pollution-all/query/ExternalClassPollutionQueryNewSetItemGetAttr.ql.
WARNING: unused variable 'setOpSecondObj' (/home/jackfromeast/Desktop/python-class-pollution/codeql-query/class-pollution-all/vuln/ClassPollutingAssignLib.qll:543,239-253)
WARNING: unused variable 'setOpSecondObj' (/home/jackfromeast/Desktop/python-class-pollution/codeql-query/class-pollution-all/vuln/ClassPollutingAssignLib.qll:562,245-259)
[3/6] Found in cache: /home/jackfromeast/Desktop/python-class-pollution/codeql-query/class-pollution-all/query/ExternalClassPollutionQueryNewSetItemGetAttr.ql.
Compiling query plan for /home/jackfromeast/Desktop/python-class-pollution/codeql-query/class-pollution-all/query/ExternalClassPollutionQueryNewSetBothGetBoth.ql.
WARNING: unused variable 'setOpSecondObj' (/home/jackfromeast/Desktop/python-class-pollution/codeql-query/class-pollution-all/vuln/ClassPollutingAssignLib.qll:543,239-253)
WARNING: unused variable 'setOpSecondObj' (/home/jackfromeast/Desktop/python-class-pollution/codeql-query/class-pollution-all/vuln/ClassPollutingAssignLib.qll:562,245-259)
[4/6] Found in cache: /home/jackfromeast/Desktop/python-class-pollution/codeql-query/class-pollution-all/query/ExternalClassPollutionQueryNewSetBothGetBoth.ql.
Compiling query plan for /home/jackfromeast/Desktop/python-class-pollution/codeql-query/class-pollution-all/query/ExternalClassPollutionQueryNewSetItemGetBoth.ql.
WARNING: unused variable 'setOpSecondObj' (/home/jackfromeast/Desktop/python-class-pollution/codeql-query/class-pollution-all/vuln/ClassPollutingAssignLib.qll:543,239-253)
WARNING: unused variable 'setOpSecondObj' (/home/jackfromeast/Desktop/python-class-pollution/codeql-query/class-pollution-all/vuln/ClassPollutingAssignLib.qll:562,245-259)
[5/6] Found in cache: /home/jackfromeast/Desktop/python-class-pollution/codeql-query/class-pollution-all/query/ExternalClassPollutionQueryNewSetItemGetBoth.ql.
Compiling query plan for /home/jackfromeast/Desktop/python-class-pollution/codeql-query/class-pollution-all/query/ExternalClassPollutionQueryNewSetAttrGetBoth.ql.
WARNING: unused variable 'setOpSecondObj' (/home/jackfromeast/Desktop/python-class-pollution/codeql-query/class-pollution-all/vuln/ClassPollutingAssignLib.qll:543,239-253)
WARNING: unused variable 'setOpSecondObj' (/home/jackfromeast/Desktop/python-class-pollution/codeql-query/class-pollution-all/vuln/ClassPollutingAssignLib.qll:562,245-259)
[6/6] Found in cache: /home/jackfromeast/Desktop/python-class-pollution/codeql-query/class-pollution-all/query/ExternalClassPollutionQueryNewSetAttrGetBoth.ql.
Starting evaluation of jackfromeast/class-pollution-all/query/ExternalClassPollutionQueryNewSetAttrGetAttr.ql.
A fatal error occurred: Cannot create dirty marker for cached strings
(eventual cause: NoSuchFileException "/home/jackfromeast/Desktop/python-class-pollution/tasks/class-pollution-positive...")
 (logger.py:42)
2025-04-28 03:53:36,893 - CodeQLRunner - ERROR - Failed to run query: /home/jackfromeast/Desktop/python-class-pollution/codeql-query/class-pollution-all/class-pollution-external.qls (logger.py:42)
2025-04-28 03:53:37,037 - CodeQLRunner - ERROR - Failed during cleanup: [Errno 39] Directory not empty: '3' (logger.py:42)
2025-04-28 03:53:41,821 - CodeQLRunner - ERROR - Failed to build CodeQL database for esdc-ce: UnknownError: Initializing database at /home/jackfromeast/Desktop/python-class-pollution/tasks/class-pollution-positive-remote/output/esdc-ce/codeql-db.
Running build command: []
Running command in /home/jackfromeast/Desktop/python-class-pollution/tasks/class-pollution-positive-remote/output/esdc-ce/codebase: [/home/jackfromeast/Downloads/codeql/python/tools/autobuild.sh]
Finalizing database at /home/jackfromeast/Desktop/python-class-pollution/tasks/class-pollution-positive-remote/output/esdc-ce/codeql-db.
Running pre-finalize script /home/jackfromeast/Downloads/codeql/python/tools/pre-finalize.sh in /home/jackfromeast/Desktop/python-class-pollution/tasks/class-pollution-positive-remote/output/esdc-ce/codebase.
Running command in /home/jackfromeast/Desktop/python-class-pollution/tasks/class-pollution-positive-remote/output/esdc-ce/codebase: [/home/jackfromeast/Downloads/codeql/python/tools/pre-finalize.sh]
Running TRAP import for CodeQL database at /home/jackfromeast/Desktop/python-class-pollution/tasks/class-pollution-positive-remote/output/esdc-ce/codeql-db...
A fatal error occurred: Dataset /home/jackfromeast/Desktop/python-class-pollution/tasks/class-pollution-positive-remote/output/esdc-ce/codeql-db/db-python has been finalized and does not support further TRAP import.
A fatal error occurred: Dataset import for /home/jackfromeast/Desktop/python-class-pollution/tasks/class-pollution-positive-remote/output/esdc-ce/codeql-db/db-python failed with code 2.
 (logger.py:42)
2025-04-28 03:54:12,093 - CodeQLRunner - ERROR - Failed to execute query /home/jackfromeast/Desktop/python-class-pollution/codeql-query/class-pollution-all/class-pollution-external.qls: UnknownError: Running queries.
Compiling query plan for /home/jackfromeast/Desktop/python-class-pollution/codeql-query/class-pollution-all/query/ExternalClassPollutionQueryNewSetBothGetAttr.ql.
WARNING: unused variable 'setOpSecondObj' (/home/jackfromeast/Desktop/python-class-pollution/codeql-query/class-pollution-all/vuln/ClassPollutingAssignLib.qll:543,239-253)
WARNING: unused variable 'setOpSecondObj' (/home/jackfromeast/Desktop/python-class-pollution/codeql-query/class-pollution-all/vuln/ClassPollutingAssignLib.qll:562,245-259)
A fatal error occurred: Could not read dbscheme at /home/jackfromeast/Desktop/python-class-pollution/tasks/class-pollution-positive-remote/output/EqBen/codeql-db/db-python/semmlecode.python.dbscheme: java.nio.file.NoSuchFileException: /home/jackfromeast/Desktop/python-class-pollution/tasks/class-pollution-positive-remote/output/EqBen/codeql-db/db-python/semmlecode.python.dbscheme
 (logger.py:42)
2025-04-28 03:54:12,093 - CodeQLRunner - ERROR - Failed to run query: /home/jackfromeast/Desktop/python-class-pollution/codeql-query/class-pollution-all/class-pollution-external.qls (logger.py:42)
2025-04-28 03:54:12,348 - CodeQLRunner - ERROR - Failed to build CodeQL database for EqBen: UnknownError: Initializing database at /home/jackfromeast/Desktop/python-class-pollution/tasks/class-pollution-positive-remote/output/EqBen/codeql-db.
Running build command: []
Running command in /home/jackfromeast/Desktop/python-class-pollution/tasks/class-pollution-positive-remote/output/EqBen/codebase: [/home/jackfromeast/Downloads/codeql/python/tools/autobuild.sh]
Finalizing database at /home/jackfromeast/Desktop/python-class-pollution/tasks/class-pollution-positive-remote/output/EqBen/codeql-db.
Running pre-finalize script /home/jackfromeast/Downloads/codeql/python/tools/pre-finalize.sh in /home/jackfromeast/Desktop/python-class-pollution/tasks/class-pollution-positive-remote/output/EqBen/codebase.
Running command in /home/jackfromeast/Desktop/python-class-pollution/tasks/class-pollution-positive-remote/output/EqBen/codebase: [/home/jackfromeast/Downloads/codeql/python/tools/pre-finalize.sh]
A fatal error occurred: Exit status 2 from command: [/home/jackfromeast/Downloads/codeql/python/tools/pre-finalize.sh]
Failed to write diagnostic information.
 (logger.py:42)
2025-04-28 03:55:32,292 - CodeQLRunner - ERROR - Failed to build CodeQL database for medSeg: UnknownError: Initializing database at /home/jackfromeast/Desktop/python-class-pollution/tasks/class-pollution-positive-remote/output/medSeg/codeql-db.
Unrecognized file in database cluster: '/home/jackfromeast/Desktop/python-class-pollution/tasks/class-pollution-positive-remote/output/medSeg/codeql-db/db-python'.
A fatal error occurred: Ran with database overwriting enabled, but the directory does not appear to be a CodeQL database or database cluster. Please check you do indeed wish to delete it, and do so manually.
 (logger.py:42)
2025-04-28 03:55:32,771 - CodeQLRunner - ERROR - Failed to execute query /home/jackfromeast/Desktop/python-class-pollution/codeql-query/class-pollution-all/class-pollution-external.qls: UnknownError: Running queries.
Compiling query plan for /home/jackfromeast/Desktop/python-class-pollution/codeql-query/class-pollution-all/query/ExternalClassPollutionQueryNewSetBothGetAttr.ql.
WARNING: unused variable 'setOpSecondObj' (/home/jackfromeast/Desktop/python-class-pollution/codeql-query/class-pollution-all/vuln/ClassPollutingAssignLib.qll:543,239-253)
WARNING: unused variable 'setOpSecondObj' (/home/jackfromeast/Desktop/python-class-pollution/codeql-query/class-pollution-all/vuln/ClassPollutingAssignLib.qll:562,245-259)
[1/6] Found in cache: /home/jackfromeast/Desktop/python-class-pollution/codeql-query/class-pollution-all/query/ExternalClassPollutionQueryNewSetBothGetAttr.ql.
Compiling query plan for /home/jackfromeast/Desktop/python-class-pollution/codeql-query/class-pollution-all/query/ExternalClassPollutionQueryNewSetAttrGetAttr.ql.
WARNING: unused variable 'setOpSecondObj' (/home/jackfromeast/Desktop/python-class-pollution/codeql-query/class-pollution-all/vuln/ClassPollutingAssignLib.qll:543,239-253)
WARNING: unused variable 'setOpSecondObj' (/home/jackfromeast/Desktop/python-class-pollution/codeql-query/class-pollution-all/vuln/ClassPollutingAssignLib.qll:562,245-259)
[2/6] Found in cache: /home/jackfromeast/Desktop/python-class-pollution/codeql-query/class-pollution-all/query/ExternalClassPollutionQueryNewSetAttrGetAttr.ql.
Compiling query plan for /home/jackfromeast/Desktop/python-class-pollution/codeql-query/class-pollution-all/query/ExternalClassPollutionQueryNewSetItemGetAttr.ql.
WARNING: unused variable 'setOpSecondObj' (/home/jackfromeast/Desktop/python-class-pollution/codeql-query/class-pollution-all/vuln/ClassPollutingAssignLib.qll:543,239-253)
WARNING: unused variable 'setOpSecondObj' (/home/jackfromeast/Desktop/python-class-pollution/codeql-query/class-pollution-all/vuln/ClassPollutingAssignLib.qll:562,245-259)
[3/6] Found in cache: /home/jackfromeast/Desktop/python-class-pollution/codeql-query/class-pollution-all/query/ExternalClassPollutionQueryNewSetItemGetAttr.ql.
Compiling query plan for /home/jackfromeast/Desktop/python-class-pollution/codeql-query/class-pollution-all/query/ExternalClassPollutionQueryNewSetBothGetBoth.ql.
WARNING: unused variable 'setOpSecondObj' (/home/jackfromeast/Desktop/python-class-pollution/codeql-query/class-pollution-all/vuln/ClassPollutingAssignLib.qll:543,239-253)
WARNING: unused variable 'setOpSecondObj' (/home/jackfromeast/Desktop/python-class-pollution/codeql-query/class-pollution-all/vuln/ClassPollutingAssignLib.qll:562,245-259)
[4/6] Found in cache: /home/jackfromeast/Desktop/python-class-pollution/codeql-query/class-pollution-all/query/ExternalClassPollutionQueryNewSetBothGetBoth.ql.
Compiling query plan for /home/jackfromeast/Desktop/python-class-pollution/codeql-query/class-pollution-all/query/ExternalClassPollutionQueryNewSetItemGetBoth.ql.
WARNING: unused variable 'setOpSecondObj' (/home/jackfromeast/Desktop/python-class-pollution/codeql-query/class-pollution-all/vuln/ClassPollutingAssignLib.qll:543,239-253)
WARNING: unused variable 'setOpSecondObj' (/home/jackfromeast/Desktop/python-class-pollution/codeql-query/class-pollution-all/vuln/ClassPollutingAssignLib.qll:562,245-259)
[5/6] Found in cache: /home/jackfromeast/Desktop/python-class-pollution/codeql-query/class-pollution-all/query/ExternalClassPollutionQueryNewSetItemGetBoth.ql.
Compiling query plan for /home/jackfromeast/Desktop/python-class-pollution/codeql-query/class-pollution-all/query/ExternalClassPollutionQueryNewSetAttrGetBoth.ql.
WARNING: unused variable 'setOpSecondObj' (/home/jackfromeast/Desktop/python-class-pollution/codeql-query/class-pollution-all/vuln/ClassPollutingAssignLib.qll:543,239-253)
WARNING: unused variable 'setOpSecondObj' (/home/jackfromeast/Desktop/python-class-pollution/codeql-query/class-pollution-all/vuln/ClassPollutingAssignLib.qll:562,245-259)
[6/6] Found in cache: /home/jackfromeast/Desktop/python-class-pollution/codeql-query/class-pollution-all/query/ExternalClassPollutionQueryNewSetAttrGetBoth.ql.
Starting evaluation of jackfromeast/class-pollution-all/query/ExternalClassPollutionQueryNewSetAttrGetAttr.ql.
A fatal error occurred: Cannot create dirty marker for cached strings
(eventual cause: NoSuchFileException "/home/jackfromeast/Desktop/python-class-pollution/tasks/class-pollution-positive...")
 (logger.py:42)
2025-04-28 03:55:32,771 - CodeQLRunner - ERROR - Failed to run query: /home/jackfromeast/Desktop/python-class-pollution/codeql-query/class-pollution-all/class-pollution-external.qls (logger.py:42)
2025-04-28 03:57:36,863 - CodeQLRunner - ERROR - Failed to build CodeQL database for gist-alfred: UnknownError: Initializing database at /home/jackfromeast/Desktop/python-class-pollution/tasks/class-pollution-positive-remote/output/gist-alfred/codeql-db.
Running build command: []
Running command in /home/jackfromeast/Desktop/python-class-pollution/tasks/class-pollution-positive-remote/output/gist-alfred/codebase: [/home/jackfromeast/Downloads/codeql/python/tools/autobuild.sh]
Finalizing database at /home/jackfromeast/Desktop/python-class-pollution/tasks/class-pollution-positive-remote/output/gist-alfred/codeql-db.
Running pre-finalize script /home/jackfromeast/Downloads/codeql/python/tools/pre-finalize.sh in /home/jackfromeast/Desktop/python-class-pollution/tasks/class-pollution-positive-remote/output/gist-alfred/codebase.
Running command in /home/jackfromeast/Desktop/python-class-pollution/tasks/class-pollution-positive-remote/output/gist-alfred/codebase: [/home/jackfromeast/Downloads/codeql/python/tools/pre-finalize.sh]
Running TRAP import for CodeQL database at /home/jackfromeast/Desktop/python-class-pollution/tasks/class-pollution-positive-remote/output/gist-alfred/codeql-db...
A fatal error occurred: Dataset /home/jackfromeast/Desktop/python-class-pollution/tasks/class-pollution-positive-remote/output/gist-alfred/codeql-db/db-python has been finalized and does not support further TRAP import.
A fatal error occurred: Dataset import for /home/jackfromeast/Desktop/python-class-pollution/tasks/class-pollution-positive-remote/output/gist-alfred/codeql-db/db-python failed with code 2.
 (logger.py:42)
2025-04-28 03:58:45,205 - CodeQLRunner - ERROR - Building CodeQL database timed out: zalo_ltr_2021 (logger.py:42)
2025-04-28 03:59:02,128 - CodeQLRunner - ERROR - Failed to execute query /home/jackfromeast/Desktop/python-class-pollution/codeql-query/class-pollution-all/class-pollution-external.qls: UnknownError: Running queries.
Compiling query plan for /home/jackfromeast/Desktop/python-class-pollution/codeql-query/class-pollution-all/query/ExternalClassPollutionQueryNewSetBothGetAttr.ql.
WARNING: unused variable 'setOpSecondObj' (/home/jackfromeast/Desktop/python-class-pollution/codeql-query/class-pollution-all/vuln/ClassPollutingAssignLib.qll:543,239-253)
WARNING: unused variable 'setOpSecondObj' (/home/jackfromeast/Desktop/python-class-pollution/codeql-query/class-pollution-all/vuln/ClassPollutingAssignLib.qll:562,245-259)
[1/6] Found in cache: /home/jackfromeast/Desktop/python-class-pollution/codeql-query/class-pollution-all/query/ExternalClassPollutionQueryNewSetBothGetAttr.ql.
Compiling query plan for /home/jackfromeast/Desktop/python-class-pollution/codeql-query/class-pollution-all/query/ExternalClassPollutionQueryNewSetAttrGetAttr.ql.
WARNING: unused variable 'setOpSecondObj' (/home/jackfromeast/Desktop/python-class-pollution/codeql-query/class-pollution-all/vuln/ClassPollutingAssignLib.qll:543,239-253)
WARNING: unused variable 'setOpSecondObj' (/home/jackfromeast/Desktop/python-class-pollution/codeql-query/class-pollution-all/vuln/ClassPollutingAssignLib.qll:562,245-259)
[2/6] Found in cache: /home/jackfromeast/Desktop/python-class-pollution/codeql-query/class-pollution-all/query/ExternalClassPollutionQueryNewSetAttrGetAttr.ql.
Compiling query plan for /home/jackfromeast/Desktop/python-class-pollution/codeql-query/class-pollution-all/query/ExternalClassPollutionQueryNewSetItemGetAttr.ql.
WARNING: unused variable 'setOpSecondObj' (/home/jackfromeast/Desktop/python-class-pollution/codeql-query/class-pollution-all/vuln/ClassPollutingAssignLib.qll:543,239-253)
WARNING: unused variable 'setOpSecondObj' (/home/jackfromeast/Desktop/python-class-pollution/codeql-query/class-pollution-all/vuln/ClassPollutingAssignLib.qll:562,245-259)
[3/6] Found in cache: /home/jackfromeast/Desktop/python-class-pollution/codeql-query/class-pollution-all/query/ExternalClassPollutionQueryNewSetItemGetAttr.ql.
Compiling query plan for /home/jackfromeast/Desktop/python-class-pollution/codeql-query/class-pollution-all/query/ExternalClassPollutionQueryNewSetBothGetBoth.ql.
WARNING: unused variable 'setOpSecondObj' (/home/jackfromeast/Desktop/python-class-pollution/codeql-query/class-pollution-all/vuln/ClassPollutingAssignLib.qll:543,239-253)
WARNING: unused variable 'setOpSecondObj' (/home/jackfromeast/Desktop/python-class-pollution/codeql-query/class-pollution-all/vuln/ClassPollutingAssignLib.qll:562,245-259)
[4/6] Found in cache: /home/jackfromeast/Desktop/python-class-pollution/codeql-query/class-pollution-all/query/ExternalClassPollutionQueryNewSetBothGetBoth.ql.
Compiling query plan for /home/jackfromeast/Desktop/python-class-pollution/codeql-query/class-pollution-all/query/ExternalClassPollutionQueryNewSetItemGetBoth.ql.
WARNING: unused variable 'setOpSecondObj' (/home/jackfromeast/Desktop/python-class-pollution/codeql-query/class-pollution-all/vuln/ClassPollutingAssignLib.qll:543,239-253)
WARNING: unused variable 'setOpSecondObj' (/home/jackfromeast/Desktop/python-class-pollution/codeql-query/class-pollution-all/vuln/ClassPollutingAssignLib.qll:562,245-259)
[5/6] Found in cache: /home/jackfromeast/Desktop/python-class-pollution/codeql-query/class-pollution-all/query/ExternalClassPollutionQueryNewSetItemGetBoth.ql.
Compiling query plan for /home/jackfromeast/Desktop/python-class-pollution/codeql-query/class-pollution-all/query/ExternalClassPollutionQueryNewSetAttrGetBoth.ql.
WARNING: unused variable 'setOpSecondObj' (/home/jackfromeast/Desktop/python-class-pollution/codeql-query/class-pollution-all/vuln/ClassPollutingAssignLib.qll:543,239-253)
WARNING: unused variable 'setOpSecondObj' (/home/jackfromeast/Desktop/python-class-pollution/codeql-query/class-pollution-all/vuln/ClassPollutingAssignLib.qll:562,245-259)
[6/6] Found in cache: /home/jackfromeast/Desktop/python-class-pollution/codeql-query/class-pollution-all/query/ExternalClassPollutionQueryNewSetAttrGetBoth.ql.
Starting evaluation of jackfromeast/class-pollution-all/query/ExternalClassPollutionQueryNewSetAttrGetAttr.ql.
Oops! A fatal internal error occurred. Details:
com.semmle.util.exception.CatastrophicError: An error occurred while evaluating TObject::TBytes#a5c1524d/2@f19853u2
Cannot create dirty marker for cached strings
The RA to evaluate was:

    {2} r1 = INVOKE HIGHER-ORDER RELATION construct<TObject#1ebdc203::TObject,18> ON <TObject::TBytes#dom#baef7b0e>
    return r1

(eventual cause: NoSuchFileException "/home/jackfromeast/Desktop/python-class-pollution/tasks/class-pollution-positive...")
	at com.semmle.inmemory.pipeline.MetaPipelineInstance.wrapWithRaDump(MetaPipelineInstance.java:204)
	at com.semmle.inmemory.pipeline.MetaPipelineInstance.exceptionCaught(MetaPipelineInstance.java:174)
	at com.semmle.inmemory.scheduler.execution.ThreadableWork.handleAndLog(ThreadableWork.java:593)
	at com.semmle.inmemory.scheduler.execution.ThreadableWork.doSomeWork(ThreadableWork.java:410)
	at com.semmle.inmemory.scheduler.IntensionalLayer$IntensionalWork.evaluate(IntensionalLayer.java:124)
	at com.semmle.inmemory.scheduler.SimpleLayerTask$SimpleLayerWork.doWork(SimpleLayerTask.java:69)
	at com.semmle.inmemory.scheduler.execution.ThreadableWork.doSomeWork(ThreadableWork.java:396)
	at com.semmle.inmemory.scheduler.execution.ExecutionScheduler.runnerMain(ExecutionScheduler.java:707)
	at java.base/java.util.concurrent.ThreadPoolExecutor.runWorker(Unknown Source)
	at java.base/java.util.concurrent.ThreadPoolExecutor$Worker.run(Unknown Source)
	at java.base/java.lang.Thread.run(Unknown Source)
Caused by: Cannot create dirty marker for cached strings
(eventual cause: NoSuchFileException "/home/jackfromeast/Desktop/python-class-pollution/tasks/class-pollution-positive...")
	at com.semmle.inmemory.stringpool.StringPool.promoteStringToCached(StringPool.java:479)
	at com.semmle.inmemory.stringpool.StringPool.promoteToCached(StringPool.java:449)
	at com.semmle.inmemory.caching.TuplePool$ComplexNumberer.lambda$freshNumberRelation$1(TuplePool.java:496)
	at com.semmle.inmemory.relations.BaseIntArrayRelation.map(BaseIntArrayRelation.java:88)
	at com.semmle.inmemory.caching.PagedRelation.map(PagedRelation.java:158)
	at com.semmle.inmemory.relations.AbstractRelation.deduplicateMap(AbstractRelation.java:138)
	at com.semmle.inmemory.caching.TuplePool$ComplexNumberer.lambda$freshNumberRelation$2(TuplePool.java:480)
	at com.semmle.inmemory.relations.writers.RelationWriter.withSink(RelationWriter.java:72)
	at com.semmle.inmemory.caching.TuplePool$ComplexNumberer.freshNumberRelation(TuplePool.java:478)
	at com.semmle.inmemory.caching.TuplePool$ComplexNumberer.doNumbering(TuplePool.java:436)
	at com.semmle.inmemory.caching.TuplePool.lambda$doNumbering$1(TuplePool.java:245)
	at com.semmle.util.concurrent.LockUtils.runThenUnlock(LockUtils.java:8)
	at com.semmle.inmemory.caching.TuplePool$ComplexNumberer.doWithBranchLock(TuplePool.java:561)
	at com.semmle.inmemory.caching.TuplePool.doNumbering(TuplePool.java:233)
	at com.semmle.inmemory.ast.IMBConstructDatatype.doNumberingStreaming(IMBConstructDatatype.java:165)
	at com.semmle.inmemory.ast.IMBConstructDatatype$1.evaluateSink(IMBConstructDatatype.java:142)
	at com.semmle.inmemory.pipeline.HOPStep.generateTuples(HOPStep.java:57)
	at com.semmle.inmemory.pipeline.SimpleHeadStep.lambda$forwardInitialize$0(SimpleHeadStep.java:32)
	at com.semmle.inmemory.pipeline.HeadEndDispatcher.headEndWork(HeadEndDispatcher.java:75)
	at com.semmle.inmemory.pipeline.PipelineState.doSomeWork(PipelineState.java:88)
	at com.semmle.inmemory.pipeline.PipelineInstance.doWork(PipelineInstance.java:78)
	at com.semmle.inmemory.scheduler.execution.ThreadableWork.doSomeWork(ThreadableWork.java:396)
	at com.semmle.inmemory.scheduler.execution.ChainingWork.doWork(ChainingWork.java:30)
	at com.semmle.inmemory.scheduler.execution.ThreadableWork.doSomeWork(ThreadableWork.java:396)
	... 7 more
Caused by: java.nio.file.NoSuchFileException: /home/jackfromeast/Desktop/python-class-pollution/tasks/class-pollution-positive-remote/output/Subspace-Tuning/codeql-db/db-python/default/cache/cached-strings/pools/dirty
	at java.base/sun.nio.fs.UnixException.translateToIOException(Unknown Source)
	at java.base/sun.nio.fs.UnixException.rethrowAsIOException(Unknown Source)
	at java.base/sun.nio.fs.UnixException.rethrowAsIOException(Unknown Source)
	at java.base/sun.nio.fs.UnixFileSystemProvider.newByteChannel(Unknown Source)
	at java.base/java.nio.file.Files.newByteChannel(Unknown Source)
	at java.base/java.nio.file.Files.createFile(Unknown Source)
	at com.semmle.inmemory.stringpool.StringPool.promoteStringToCached(StringPool.java:476)
	... 30 more

 (logger.py:42)
2025-04-28 03:59:02,128 - CodeQLRunner - ERROR - Failed to run query: /home/jackfromeast/Desktop/python-class-pollution/codeql-query/class-pollution-all/class-pollution-external.qls (logger.py:42)
2025-04-28 03:59:02,201 - CodeQLRunner - ERROR - Failed during cleanup: [Errno 39] Directory not empty: 'models' (logger.py:42)
2025-04-28 04:05:32,749 - CodeQLRunner - ERROR - Query timed out for GLAT: /home/jackfromeast/Desktop/python-class-pollution/codeql-query/class-pollution-all/class-pollution-external.qls (logger.py:42)
2025-04-28 04:05:32,925 - CodeQLRunner - ERROR - Failed to run query: /home/jackfromeast/Desktop/python-class-pollution/codeql-query/class-pollution-all/class-pollution-external.qls (logger.py:42)
2025-04-28 04:07:17,171 - CodeQLRunner - ERROR - Failed to build CodeQL database for SSL_Anti-spoofing: UnknownError: Initializing database at /home/jackfromeast/Desktop/python-class-pollution/tasks/class-pollution-positive-remote/output/SSL_Anti-spoofing/codeql-db.
Running build command: []
Running command in /home/jackfromeast/Desktop/python-class-pollution/tasks/class-pollution-positive-remote/output/SSL_Anti-spoofing/codebase: [/home/jackfromeast/Downloads/codeql/python/tools/autobuild.sh]
Finalizing database at /home/jackfromeast/Desktop/python-class-pollution/tasks/class-pollution-positive-remote/output/SSL_Anti-spoofing/codeql-db.
Running pre-finalize script /home/jackfromeast/Downloads/codeql/python/tools/pre-finalize.sh in /home/jackfromeast/Desktop/python-class-pollution/tasks/class-pollution-positive-remote/output/SSL_Anti-spoofing/codebase.
Running command in /home/jackfromeast/Desktop/python-class-pollution/tasks/class-pollution-positive-remote/output/SSL_Anti-spoofing/codebase: [/home/jackfromeast/Downloads/codeql/python/tools/pre-finalize.sh]
Running TRAP import for CodeQL database at /home/jackfromeast/Desktop/python-class-pollution/tasks/class-pollution-positive-remote/output/SSL_Anti-spoofing/codeql-db...
A fatal error occurred: Dataset /home/jackfromeast/Desktop/python-class-pollution/tasks/class-pollution-positive-remote/output/SSL_Anti-spoofing/codeql-db/db-python has been finalized and does not support further TRAP import.
A fatal error occurred: Dataset import for /home/jackfromeast/Desktop/python-class-pollution/tasks/class-pollution-positive-remote/output/SSL_Anti-spoofing/codeql-db/db-python failed with code 2.
 (logger.py:42)
2025-04-28 04:07:17,181 - CodeQLRunner - ERROR - Failed to execute query /home/jackfromeast/Desktop/python-class-pollution/codeql-query/class-pollution-all/class-pollution-external.qls: UnknownError: Running queries.
Compiling query plan for /home/jackfromeast/Desktop/python-class-pollution/codeql-query/class-pollution-all/query/ExternalClassPollutionQueryNewSetBothGetAttr.ql.
WARNING: unused variable 'setOpSecondObj' (/home/jackfromeast/Desktop/python-class-pollution/codeql-query/class-pollution-all/vuln/ClassPollutingAssignLib.qll:543,239-253)
WARNING: unused variable 'setOpSecondObj' (/home/jackfromeast/Desktop/python-class-pollution/codeql-query/class-pollution-all/vuln/ClassPollutingAssignLib.qll:562,245-259)
[1/6] Found in cache: /home/jackfromeast/Desktop/python-class-pollution/codeql-query/class-pollution-all/query/ExternalClassPollutionQueryNewSetBothGetAttr.ql.
Compiling query plan for /home/jackfromeast/Desktop/python-class-pollution/codeql-query/class-pollution-all/query/ExternalClassPollutionQueryNewSetAttrGetAttr.ql.
WARNING: unused variable 'setOpSecondObj' (/home/jackfromeast/Desktop/python-class-pollution/codeql-query/class-pollution-all/vuln/ClassPollutingAssignLib.qll:543,239-253)
WARNING: unused variable 'setOpSecondObj' (/home/jackfromeast/Desktop/python-class-pollution/codeql-query/class-pollution-all/vuln/ClassPollutingAssignLib.qll:562,245-259)
[2/6] Found in cache: /home/jackfromeast/Desktop/python-class-pollution/codeql-query/class-pollution-all/query/ExternalClassPollutionQueryNewSetAttrGetAttr.ql.
Compiling query plan for /home/jackfromeast/Desktop/python-class-pollution/codeql-query/class-pollution-all/query/ExternalClassPollutionQueryNewSetItemGetAttr.ql.
WARNING: unused variable 'setOpSecondObj' (/home/jackfromeast/Desktop/python-class-pollution/codeql-query/class-pollution-all/vuln/ClassPollutingAssignLib.qll:543,239-253)
WARNING: unused variable 'setOpSecondObj' (/home/jackfromeast/Desktop/python-class-pollution/codeql-query/class-pollution-all/vuln/ClassPollutingAssignLib.qll:562,245-259)
[3/6] Found in cache: /home/jackfromeast/Desktop/python-class-pollution/codeql-query/class-pollution-all/query/ExternalClassPollutionQueryNewSetItemGetAttr.ql.
Compiling query plan for /home/jackfromeast/Desktop/python-class-pollution/codeql-query/class-pollution-all/query/ExternalClassPollutionQueryNewSetBothGetBoth.ql.
WARNING: unused variable 'setOpSecondObj' (/home/jackfromeast/Desktop/python-class-pollution/codeql-query/class-pollution-all/vuln/ClassPollutingAssignLib.qll:543,239-253)
WARNING: unused variable 'setOpSecondObj' (/home/jackfromeast/Desktop/python-class-pollution/codeql-query/class-pollution-all/vuln/ClassPollutingAssignLib.qll:562,245-259)
[4/6] Found in cache: /home/jackfromeast/Desktop/python-class-pollution/codeql-query/class-pollution-all/query/ExternalClassPollutionQueryNewSetBothGetBoth.ql.
Compiling query plan for /home/jackfromeast/Desktop/python-class-pollution/codeql-query/class-pollution-all/query/ExternalClassPollutionQueryNewSetItemGetBoth.ql.
WARNING: unused variable 'setOpSecondObj' (/home/jackfromeast/Desktop/python-class-pollution/codeql-query/class-pollution-all/vuln/ClassPollutingAssignLib.qll:543,239-253)
WARNING: unused variable 'setOpSecondObj' (/home/jackfromeast/Desktop/python-class-pollution/codeql-query/class-pollution-all/vuln/ClassPollutingAssignLib.qll:562,245-259)
[5/6] Found in cache: /home/jackfromeast/Desktop/python-class-pollution/codeql-query/class-pollution-all/query/ExternalClassPollutionQueryNewSetItemGetBoth.ql.
Compiling query plan for /home/jackfromeast/Desktop/python-class-pollution/codeql-query/class-pollution-all/query/ExternalClassPollutionQueryNewSetAttrGetBoth.ql.
WARNING: unused variable 'setOpSecondObj' (/home/jackfromeast/Desktop/python-class-pollution/codeql-query/class-pollution-all/vuln/ClassPollutingAssignLib.qll:543,239-253)
WARNING: unused variable 'setOpSecondObj' (/home/jackfromeast/Desktop/python-class-pollution/codeql-query/class-pollution-all/vuln/ClassPollutingAssignLib.qll:562,245-259)
[6/6] Found in cache: /home/jackfromeast/Desktop/python-class-pollution/codeql-query/class-pollution-all/query/ExternalClassPollutionQueryNewSetAttrGetBoth.ql.
Starting evaluation of jackfromeast/class-pollution-all/query/ExternalClassPollutionQueryNewSetAttrGetAttr.ql.
Oops! A fatal internal error occurred. Details:
com.semmle.util.exception.CatastrophicError: An error occurred while evaluating num#DataFlowImpl::Impl<AdditionalFlowStep::TrackingNestedGettingOpFlow::C>::Stage2::TSummaryCtxSome#b43c2f8f/5@i7#e543bwi4
Cannot create dirty marker for cached strings
The RA to evaluate was:

    {5} r1 = INVOKE HIGHER-ORDER RELATION construct<DataFlowImpl#248dabc3::MakeImpl-Files#a547fcb4::Location-DataFlowImplSpecific#9c24d182::PythonDataFlow-::Impl-DataFlow#-3f000691,1> ON <`DataFlowImpl::Impl<AdditionalFlowStep::TrackingNestedGettingOpFlow::C>::Stage2::TSummaryCtxSome#dom#e0cc5a75#prev_delta`>
    return r1

(eventual cause: NoSuchFileException "/home/jackfromeast/Desktop/python-class-pollution/tasks/class-pollution-positive...")
	at com.semmle.inmemory.pipeline.MetaPipelineInstance.wrapWithRaDump(MetaPipelineInstance.java:204)
	at com.semmle.inmemory.pipeline.MetaPipelineInstance.exceptionCaught(MetaPipelineInstance.java:174)
	at com.semmle.inmemory.scheduler.execution.ThreadableWork.handleAndLog(ThreadableWork.java:593)
	at com.semmle.inmemory.scheduler.execution.ThreadableWork.doSomeWork(ThreadableWork.java:410)
	at com.semmle.inmemory.scheduler.RecursiveLayer$RecursiveWork.doWork(RecursiveLayer.java:476)
	at com.semmle.inmemory.scheduler.execution.ThreadableWork.doSomeWork(ThreadableWork.java:396)
	at com.semmle.inmemory.scheduler.execution.ExecutionScheduler.runnerMain(ExecutionScheduler.java:707)
	at java.base/java.util.concurrent.ThreadPoolExecutor.runWorker(Unknown Source)
	at java.base/java.util.concurrent.ThreadPoolExecutor$Worker.run(Unknown Source)
	at java.base/java.lang.Thread.run(Unknown Source)
Caused by: Cannot create dirty marker for cached strings
(eventual cause: NoSuchFileException "/home/jackfromeast/Desktop/python-class-pollution/tasks/class-pollution-positive...")
	at com.semmle.inmemory.stringpool.StringPool.promoteStringToCached(StringPool.java:479)
	at com.semmle.inmemory.stringpool.StringPool.promoteToCached(StringPool.java:449)
	at com.semmle.inmemory.caching.TuplePool$ComplexNumberer.lambda$freshNumberRelation$1(TuplePool.java:496)
	at com.semmle.inmemory.relations.BaseIntArrayRelation.map(BaseIntArrayRelation.java:88)
	at com.semmle.inmemory.relations.AbstractRelation.deduplicateMap(AbstractRelation.java:138)
	at com.semmle.inmemory.caching.TuplePool$ComplexNumberer.lambda$freshNumberRelation$2(TuplePool.java:480)
	at com.semmle.inmemory.relations.writers.RelationWriter.withSink(RelationWriter.java:72)
	at com.semmle.inmemory.caching.TuplePool$ComplexNumberer.freshNumberRelation(TuplePool.java:478)
	at com.semmle.inmemory.caching.TuplePool$ComplexNumberer.doNumbering(TuplePool.java:436)
	at com.semmle.inmemory.caching.TuplePool.lambda$doNumbering$1(TuplePool.java:245)
	at com.semmle.util.concurrent.LockUtils.runThenUnlock(LockUtils.java:8)
	at com.semmle.inmemory.caching.TuplePool$ComplexNumberer.doWithBranchLock(TuplePool.java:561)
	at com.semmle.inmemory.caching.TuplePool.doNumbering(TuplePool.java:233)
	at com.semmle.inmemory.ast.IMBConstructDatatype.doNumberingStreaming(IMBConstructDatatype.java:165)
	at com.semmle.inmemory.ast.IMBConstructDatatype$1.evaluateSink(IMBConstructDatatype.java:142)
	at com.semmle.inmemory.pipeline.HOPStep.generateTuples(HOPStep.java:57)
	at com.semmle.inmemory.pipeline.SimpleHeadStep.lambda$forwardInitialize$0(SimpleHeadStep.java:32)
	at com.semmle.inmemory.pipeline.HeadEndDispatcher.headEndWork(HeadEndDispatcher.java:75)
	at com.semmle.inmemory.pipeline.PipelineState.doSomeWork(PipelineState.java:88)
	at com.semmle.inmemory.pipeline.PipelineInstance.doWork(PipelineInstance.java:78)
	at com.semmle.inmemory.scheduler.execution.ThreadableWork.doSomeWork(ThreadableWork.java:396)
	at com.semmle.inmemory.scheduler.execution.ChainingWork.doWork(ChainingWork.java:30)
	at com.semmle.inmemory.scheduler.execution.ThreadableWork.doSomeWork(ThreadableWork.java:396)
	... 6 more
Caused by: java.nio.file.NoSuchFileException: /home/jackfromeast/Desktop/python-class-pollution/tasks/class-pollution-positive-remote/output/SSL_Anti-spoofing/codeql-db/db-python/default/cache/cached-strings/pools/dirty
	at java.base/sun.nio.fs.UnixException.translateToIOException(Unknown Source)
	at java.base/sun.nio.fs.UnixException.rethrowAsIOException(Unknown Source)
	at java.base/sun.nio.fs.UnixException.rethrowAsIOException(Unknown Source)
	at java.base/sun.nio.fs.UnixFileSystemProvider.newByteChannel(Unknown Source)
	at java.base/java.nio.file.Files.newByteChannel(Unknown Source)
	at java.base/java.nio.file.Files.createFile(Unknown Source)
	at com.semmle.inmemory.stringpool.StringPool.promoteStringToCached(StringPool.java:476)
	... 28 more

 (logger.py:42)
2025-04-28 04:07:17,181 - CodeQLRunner - ERROR - Failed to run query: /home/jackfromeast/Desktop/python-class-pollution/codeql-query/class-pollution-all/class-pollution-external.qls (logger.py:42)
2025-04-28 04:07:17,238 - CodeQLRunner - ERROR - Failed during cleanup: [Errno 2] No such file or directory: 'ASVTorch_Kaldi' (logger.py:42)
2025-04-28 04:10:44,485 - CodeQLRunner - ERROR - Failed to execute query /home/jackfromeast/Desktop/python-class-pollution/codeql-query/class-pollution-all/class-pollution-external.qls: UnknownError: Running queries.
Compiling query plan for /home/jackfromeast/Desktop/python-class-pollution/codeql-query/class-pollution-all/query/ExternalClassPollutionQueryNewSetBothGetAttr.ql.
WARNING: unused variable 'setOpSecondObj' (/home/jackfromeast/Desktop/python-class-pollution/codeql-query/class-pollution-all/vuln/ClassPollutingAssignLib.qll:543,239-253)
WARNING: unused variable 'setOpSecondObj' (/home/jackfromeast/Desktop/python-class-pollution/codeql-query/class-pollution-all/vuln/ClassPollutingAssignLib.qll:562,245-259)
[1/6] Found in cache: /home/jackfromeast/Desktop/python-class-pollution/codeql-query/class-pollution-all/query/ExternalClassPollutionQueryNewSetBothGetAttr.ql.
Compiling query plan for /home/jackfromeast/Desktop/python-class-pollution/codeql-query/class-pollution-all/query/ExternalClassPollutionQueryNewSetAttrGetAttr.ql.
WARNING: unused variable 'setOpSecondObj' (/home/jackfromeast/Desktop/python-class-pollution/codeql-query/class-pollution-all/vuln/ClassPollutingAssignLib.qll:543,239-253)
WARNING: unused variable 'setOpSecondObj' (/home/jackfromeast/Desktop/python-class-pollution/codeql-query/class-pollution-all/vuln/ClassPollutingAssignLib.qll:562,245-259)
[2/6] Found in cache: /home/jackfromeast/Desktop/python-class-pollution/codeql-query/class-pollution-all/query/ExternalClassPollutionQueryNewSetAttrGetAttr.ql.
Compiling query plan for /home/jackfromeast/Desktop/python-class-pollution/codeql-query/class-pollution-all/query/ExternalClassPollutionQueryNewSetItemGetAttr.ql.
WARNING: unused variable 'setOpSecondObj' (/home/jackfromeast/Desktop/python-class-pollution/codeql-query/class-pollution-all/vuln/ClassPollutingAssignLib.qll:543,239-253)
WARNING: unused variable 'setOpSecondObj' (/home/jackfromeast/Desktop/python-class-pollution/codeql-query/class-pollution-all/vuln/ClassPollutingAssignLib.qll:562,245-259)
[3/6] Found in cache: /home/jackfromeast/Desktop/python-class-pollution/codeql-query/class-pollution-all/query/ExternalClassPollutionQueryNewSetItemGetAttr.ql.
Compiling query plan for /home/jackfromeast/Desktop/python-class-pollution/codeql-query/class-pollution-all/query/ExternalClassPollutionQueryNewSetBothGetBoth.ql.
WARNING: unused variable 'setOpSecondObj' (/home/jackfromeast/Desktop/python-class-pollution/codeql-query/class-pollution-all/vuln/ClassPollutingAssignLib.qll:543,239-253)
WARNING: unused variable 'setOpSecondObj' (/home/jackfromeast/Desktop/python-class-pollution/codeql-query/class-pollution-all/vuln/ClassPollutingAssignLib.qll:562,245-259)
[4/6] Found in cache: /home/jackfromeast/Desktop/python-class-pollution/codeql-query/class-pollution-all/query/ExternalClassPollutionQueryNewSetBothGetBoth.ql.
Compiling query plan for /home/jackfromeast/Desktop/python-class-pollution/codeql-query/class-pollution-all/query/ExternalClassPollutionQueryNewSetItemGetBoth.ql.
WARNING: unused variable 'setOpSecondObj' (/home/jackfromeast/Desktop/python-class-pollution/codeql-query/class-pollution-all/vuln/ClassPollutingAssignLib.qll:543,239-253)
WARNING: unused variable 'setOpSecondObj' (/home/jackfromeast/Desktop/python-class-pollution/codeql-query/class-pollution-all/vuln/ClassPollutingAssignLib.qll:562,245-259)
[5/6] Found in cache: /home/jackfromeast/Desktop/python-class-pollution/codeql-query/class-pollution-all/query/ExternalClassPollutionQueryNewSetItemGetBoth.ql.
Compiling query plan for /home/jackfromeast/Desktop/python-class-pollution/codeql-query/class-pollution-all/query/ExternalClassPollutionQueryNewSetAttrGetBoth.ql.
WARNING: unused variable 'setOpSecondObj' (/home/jackfromeast/Desktop/python-class-pollution/codeql-query/class-pollution-all/vuln/ClassPollutingAssignLib.qll:543,239-253)
WARNING: unused variable 'setOpSecondObj' (/home/jackfromeast/Desktop/python-class-pollution/codeql-query/class-pollution-all/vuln/ClassPollutingAssignLib.qll:562,245-259)
[6/6] Found in cache: /home/jackfromeast/Desktop/python-class-pollution/codeql-query/class-pollution-all/query/ExternalClassPollutionQueryNewSetAttrGetBoth.ql.
Starting evaluation of jackfromeast/class-pollution-all/query/ExternalClassPollutionQueryNewSetAttrGetAttr.ql.
Starting evaluation of jackfromeast/class-pollution-all/query/ExternalClassPollutionQueryNewSetAttrGetBoth.ql.
[1/6 eval 7m6s] Evaluation done; writing results to jackfromeast/class-pollution-all/query/ExternalClassPollutionQueryNewSetAttrGetAttr.bqrs.
Starting evaluation of jackfromeast/class-pollution-all/query/ExternalClassPollutionQueryNewSetBothGetAttr.ql.
[2/6 eval 2m11s] Evaluation done; writing results to jackfromeast/class-pollution-all/query/ExternalClassPollutionQueryNewSetAttrGetBoth.bqrs.
Starting evaluation of jackfromeast/class-pollution-all/query/ExternalClassPollutionQueryNewSetBothGetBoth.ql.
[3/6 eval 24ms] Evaluation done; writing results to jackfromeast/class-pollution-all/query/ExternalClassPollutionQueryNewSetBothGetAttr.bqrs.
Starting evaluation of jackfromeast/class-pollution-all/query/ExternalClassPollutionQueryNewSetItemGetAttr.ql.
[4/6 eval 1m45s] Evaluation done; writing results to jackfromeast/class-pollution-all/query/ExternalClassPollutionQueryNewSetBothGetBoth.bqrs.
Starting evaluation of jackfromeast/class-pollution-all/query/ExternalClassPollutionQueryNewSetItemGetBoth.ql.
[5/6 eval 1ms] Evaluation done; writing results to jackfromeast/class-pollution-all/query/ExternalClassPollutionQueryNewSetItemGetAttr.bqrs.
[6/6 eval 109ms] Evaluation done; writing results to jackfromeast/class-pollution-all/query/ExternalClassPollutionQueryNewSetItemGetBoth.bqrs.
Shutting down query evaluator.
Interpreting results.
Interpreting /home/jackfromeast/Desktop/python-class-pollution/codeql-query/class-pollution-all/query/ExternalClassPollutionQueryNewSetBothGetAttr.ql...
Interpreting /home/jackfromeast/Desktop/python-class-pollution/codeql-query/class-pollution-all/query/ExternalClassPollutionQueryNewSetAttrGetAttr.ql...
Interpreting /home/jackfromeast/Desktop/python-class-pollution/codeql-query/class-pollution-all/query/ExternalClassPollutionQueryNewSetItemGetAttr.ql...
Interpreting /home/jackfromeast/Desktop/python-class-pollution/codeql-query/class-pollution-all/query/ExternalClassPollutionQueryNewSetBothGetBoth.ql...
Interpreting /home/jackfromeast/Desktop/python-class-pollution/codeql-query/class-pollution-all/query/ExternalClassPollutionQueryNewSetItemGetBoth.ql...
Interpreting /home/jackfromeast/Desktop/python-class-pollution/codeql-query/class-pollution-all/query/ExternalClassPollutionQueryNewSetAttrGetBoth.ql...
Exporting results to SARIF...
A fatal error occurred: Could not write SARIF file
(eventual cause: NoSuchFileException "/home/jackfromeast/Desktop/python-class-pollution/tasks/class-pollution-positive...")
 (logger.py:42)
2025-04-28 04:10:44,486 - CodeQLRunner - ERROR - Failed to run query: /home/jackfromeast/Desktop/python-class-pollution/codeql-query/class-pollution-all/class-pollution-external.qls (logger.py:42)
2025-04-28 04:15:06,508 - CodeQLRunner - ERROR - Failed to build CodeQL database for baram: UnknownError: Initializing database at /home/jackfromeast/Desktop/python-class-pollution/tasks/class-pollution-positive-remote/output/baram/codeql-db.
Running build command: []
Running command in /home/jackfromeast/Desktop/python-class-pollution/tasks/class-pollution-positive-remote/output/baram/codebase: [/home/jackfromeast/Downloads/codeql/python/tools/autobuild.sh]
Finalizing database at /home/jackfromeast/Desktop/python-class-pollution/tasks/class-pollution-positive-remote/output/baram/codeql-db.
Running pre-finalize script /home/jackfromeast/Downloads/codeql/python/tools/pre-finalize.sh in /home/jackfromeast/Desktop/python-class-pollution/tasks/class-pollution-positive-remote/output/baram/codebase.
Running command in /home/jackfromeast/Desktop/python-class-pollution/tasks/class-pollution-positive-remote/output/baram/codebase: [/home/jackfromeast/Downloads/codeql/python/tools/pre-finalize.sh]
Running TRAP import for CodeQL database at /home/jackfromeast/Desktop/python-class-pollution/tasks/class-pollution-positive-remote/output/baram/codeql-db...
Importing TRAP files
Merging relations
A fatal error occurred: Failed to delete page dump folder: /home/jackfromeast/Desktop/python-class-pollution/tasks/class-pollution-positive-remote/output/baram/codeql-db/db-python/default/cache/cached-strings/pools/0/pageDump
(eventual cause: DirectoryNotEmptyException "/home/jackfromeast/Desktop/python-class-pollution/tasks/class-pollution-positive...")
A fatal error occurred: Dataset import for /home/jackfromeast/Desktop/python-class-pollution/tasks/class-pollution-positive-remote/output/baram/codeql-db/db-python failed with code 2.
 (logger.py:42)
2025-04-28 04:19:24,706 - CodeQLRunner - ERROR - Building CodeQL database timed out: servos-framework (logger.py:42)
2025-04-28 04:19:25,616 - CodeQLRunner - ERROR - Query timed out for angle: /home/jackfromeast/Desktop/python-class-pollution/codeql-query/class-pollution-all/class-pollution-external.qls (logger.py:42)
2025-04-28 04:19:25,992 - CodeQLRunner - ERROR - Failed to run query: /home/jackfromeast/Desktop/python-class-pollution/codeql-query/class-pollution-all/class-pollution-external.qls (logger.py:42)
2025-04-28 04:20:51,224 - CodeQLRunner - ERROR - Building CodeQL database timed out: python-api-core (logger.py:42)
2025-04-28 04:21:11,452 - CodeQLRunner - ERROR - Failed to execute query /home/jackfromeast/Desktop/python-class-pollution/codeql-query/class-pollution-all/class-pollution-external.qls: UnknownError: Running queries.
Compiling query plan for /home/jackfromeast/Desktop/python-class-pollution/codeql-query/class-pollution-all/query/ExternalClassPollutionQueryNewSetBothGetAttr.ql.
WARNING: unused variable 'setOpSecondObj' (/home/jackfromeast/Desktop/python-class-pollution/codeql-query/class-pollution-all/vuln/ClassPollutingAssignLib.qll:543,239-253)
WARNING: unused variable 'setOpSecondObj' (/home/jackfromeast/Desktop/python-class-pollution/codeql-query/class-pollution-all/vuln/ClassPollutingAssignLib.qll:562,245-259)
[1/6] Found in cache: /home/jackfromeast/Desktop/python-class-pollution/codeql-query/class-pollution-all/query/ExternalClassPollutionQueryNewSetBothGetAttr.ql.
Compiling query plan for /home/jackfromeast/Desktop/python-class-pollution/codeql-query/class-pollution-all/query/ExternalClassPollutionQueryNewSetAttrGetAttr.ql.
WARNING: unused variable 'setOpSecondObj' (/home/jackfromeast/Desktop/python-class-pollution/codeql-query/class-pollution-all/vuln/ClassPollutingAssignLib.qll:543,239-253)
WARNING: unused variable 'setOpSecondObj' (/home/jackfromeast/Desktop/python-class-pollution/codeql-query/class-pollution-all/vuln/ClassPollutingAssignLib.qll:562,245-259)
[2/6] Found in cache: /home/jackfromeast/Desktop/python-class-pollution/codeql-query/class-pollution-all/query/ExternalClassPollutionQueryNewSetAttrGetAttr.ql.
Compiling query plan for /home/jackfromeast/Desktop/python-class-pollution/codeql-query/class-pollution-all/query/ExternalClassPollutionQueryNewSetItemGetAttr.ql.
WARNING: unused variable 'setOpSecondObj' (/home/jackfromeast/Desktop/python-class-pollution/codeql-query/class-pollution-all/vuln/ClassPollutingAssignLib.qll:543,239-253)
WARNING: unused variable 'setOpSecondObj' (/home/jackfromeast/Desktop/python-class-pollution/codeql-query/class-pollution-all/vuln/ClassPollutingAssignLib.qll:562,245-259)
[3/6] Found in cache: /home/jackfromeast/Desktop/python-class-pollution/codeql-query/class-pollution-all/query/ExternalClassPollutionQueryNewSetItemGetAttr.ql.
Compiling query plan for /home/jackfromeast/Desktop/python-class-pollution/codeql-query/class-pollution-all/query/ExternalClassPollutionQueryNewSetBothGetBoth.ql.
WARNING: unused variable 'setOpSecondObj' (/home/jackfromeast/Desktop/python-class-pollution/codeql-query/class-pollution-all/vuln/ClassPollutingAssignLib.qll:543,239-253)
WARNING: unused variable 'setOpSecondObj' (/home/jackfromeast/Desktop/python-class-pollution/codeql-query/class-pollution-all/vuln/ClassPollutingAssignLib.qll:562,245-259)
[4/6] Found in cache: /home/jackfromeast/Desktop/python-class-pollution/codeql-query/class-pollution-all/query/ExternalClassPollutionQueryNewSetBothGetBoth.ql.
Compiling query plan for /home/jackfromeast/Desktop/python-class-pollution/codeql-query/class-pollution-all/query/ExternalClassPollutionQueryNewSetItemGetBoth.ql.
WARNING: unused variable 'setOpSecondObj' (/home/jackfromeast/Desktop/python-class-pollution/codeql-query/class-pollution-all/vuln/ClassPollutingAssignLib.qll:543,239-253)
WARNING: unused variable 'setOpSecondObj' (/home/jackfromeast/Desktop/python-class-pollution/codeql-query/class-pollution-all/vuln/ClassPollutingAssignLib.qll:562,245-259)
[5/6] Found in cache: /home/jackfromeast/Desktop/python-class-pollution/codeql-query/class-pollution-all/query/ExternalClassPollutionQueryNewSetItemGetBoth.ql.
Compiling query plan for /home/jackfromeast/Desktop/python-class-pollution/codeql-query/class-pollution-all/query/ExternalClassPollutionQueryNewSetAttrGetBoth.ql.
WARNING: unused variable 'setOpSecondObj' (/home/jackfromeast/Desktop/python-class-pollution/codeql-query/class-pollution-all/vuln/ClassPollutingAssignLib.qll:543,239-253)
WARNING: unused variable 'setOpSecondObj' (/home/jackfromeast/Desktop/python-class-pollution/codeql-query/class-pollution-all/vuln/ClassPollutingAssignLib.qll:562,245-259)
[6/6] Found in cache: /home/jackfromeast/Desktop/python-class-pollution/codeql-query/class-pollution-all/query/ExternalClassPollutionQueryNewSetAttrGetBoth.ql.
Starting evaluation of jackfromeast/class-pollution-all/query/ExternalClassPollutionQueryNewSetAttrGetAttr.ql.
Starting evaluation of jackfromeast/class-pollution-all/query/ExternalClassPollutionQueryNewSetAttrGetBoth.ql.
[1/6 eval 7.5s] Evaluation done; writing results to jackfromeast/class-pollution-all/query/ExternalClassPollutionQueryNewSetAttrGetAttr.bqrs.
Starting evaluation of jackfromeast/class-pollution-all/query/ExternalClassPollutionQueryNewSetBothGetAttr.ql.
[2/6 eval 199ms] Evaluation done; writing results to jackfromeast/class-pollution-all/query/ExternalClassPollutionQueryNewSetAttrGetBoth.bqrs.
Starting evaluation of jackfromeast/class-pollution-all/query/ExternalClassPollutionQueryNewSetBothGetBoth.ql.
[3/6 eval 2ms] Evaluation done; writing results to jackfromeast/class-pollution-all/query/ExternalClassPollutionQueryNewSetBothGetAttr.bqrs.
Starting evaluation of jackfromeast/class-pollution-all/query/ExternalClassPollutionQueryNewSetItemGetAttr.ql.
[4/6 eval 18ms] Evaluation done; writing results to jackfromeast/class-pollution-all/query/ExternalClassPollutionQueryNewSetBothGetBoth.bqrs.
Starting evaluation of jackfromeast/class-pollution-all/query/ExternalClassPollutionQueryNewSetItemGetBoth.ql.
[5/6 eval 2ms] Evaluation done; writing results to jackfromeast/class-pollution-all/query/ExternalClassPollutionQueryNewSetItemGetAttr.bqrs.
[6/6 eval 121ms] Evaluation done; writing results to jackfromeast/class-pollution-all/query/ExternalClassPollutionQueryNewSetItemGetBoth.bqrs.
Shutting down query evaluator.
Interpreting results.
Interpreting /home/jackfromeast/Desktop/python-class-pollution/codeql-query/class-pollution-all/query/ExternalClassPollutionQueryNewSetBothGetAttr.ql...
Interpreting /home/jackfromeast/Desktop/python-class-pollution/codeql-query/class-pollution-all/query/ExternalClassPollutionQueryNewSetAttrGetAttr.ql...
/home/jackfromeast/Desktop/python-class-pollution/codeql-query/class-pollution-all/query/ExternalClassPollutionQueryNewSetAttrGetAttr.ql ought to have produced /home/jackfromeast/Desktop/python-class-pollution/tasks/class-pollution-positive-remote/output/Hacker101Coursework/codeql-db/results/jackfromeast/class-pollution-all/query/ExternalClassPollutionQueryNewSetAttrGetAttr.bqrs but that doesn't exist -- ignoring.
Interpreting /home/jackfromeast/Desktop/python-class-pollution/codeql-query/class-pollution-all/query/ExternalClassPollutionQueryNewSetItemGetAttr.ql...
Interpreting /home/jackfromeast/Desktop/python-class-pollution/codeql-query/class-pollution-all/query/ExternalClassPollutionQueryNewSetBothGetBoth.ql...
Interpreting /home/jackfromeast/Desktop/python-class-pollution/codeql-query/class-pollution-all/query/ExternalClassPollutionQueryNewSetItemGetBoth.ql...
Interpreting /home/jackfromeast/Desktop/python-class-pollution/codeql-query/class-pollution-all/query/ExternalClassPollutionQueryNewSetAttrGetBoth.ql...
A fatal error occurred: Could not read /home/jackfromeast/Desktop/python-class-pollution/tasks/class-pollution-positive-remote/output/Hacker101Coursework/codeql-db/results/run-info-20250428.082057.744.yml
(eventual cause: NoSuchFileException "/home/jackfromeast/Desktop/python-class-pollution/tasks/class-pollution-positive...")
 (logger.py:42)
2025-04-28 04:21:11,452 - CodeQLRunner - ERROR - Failed to run query: /home/jackfromeast/Desktop/python-class-pollution/codeql-query/class-pollution-all/class-pollution-external.qls (logger.py:42)
2025-04-28 04:21:11,538 - CodeQLRunner - ERROR - Failed during cleanup: [Errno 39] Directory not empty: 'codeql-db' (logger.py:42)
2025-04-28 04:21:12,748 - CodeQLRunner - ERROR - Failed to execute query /home/jackfromeast/Desktop/python-class-pollution/codeql-query/class-pollution-all/class-pollution-external.qls: UnknownError: Running queries.
Compiling query plan for /home/jackfromeast/Desktop/python-class-pollution/codeql-query/class-pollution-all/query/ExternalClassPollutionQueryNewSetBothGetAttr.ql.
WARNING: unused variable 'setOpSecondObj' (/home/jackfromeast/Desktop/python-class-pollution/codeql-query/class-pollution-all/vuln/ClassPollutingAssignLib.qll:543,239-253)
WARNING: unused variable 'setOpSecondObj' (/home/jackfromeast/Desktop/python-class-pollution/codeql-query/class-pollution-all/vuln/ClassPollutingAssignLib.qll:562,245-259)
[1/6] Found in cache: /home/jackfromeast/Desktop/python-class-pollution/codeql-query/class-pollution-all/query/ExternalClassPollutionQueryNewSetBothGetAttr.ql.
Compiling query plan for /home/jackfromeast/Desktop/python-class-pollution/codeql-query/class-pollution-all/query/ExternalClassPollutionQueryNewSetAttrGetAttr.ql.
WARNING: unused variable 'setOpSecondObj' (/home/jackfromeast/Desktop/python-class-pollution/codeql-query/class-pollution-all/vuln/ClassPollutingAssignLib.qll:543,239-253)
WARNING: unused variable 'setOpSecondObj' (/home/jackfromeast/Desktop/python-class-pollution/codeql-query/class-pollution-all/vuln/ClassPollutingAssignLib.qll:562,245-259)
[2/6] Found in cache: /home/jackfromeast/Desktop/python-class-pollution/codeql-query/class-pollution-all/query/ExternalClassPollutionQueryNewSetAttrGetAttr.ql.
Compiling query plan for /home/jackfromeast/Desktop/python-class-pollution/codeql-query/class-pollution-all/query/ExternalClassPollutionQueryNewSetItemGetAttr.ql.
WARNING: unused variable 'setOpSecondObj' (/home/jackfromeast/Desktop/python-class-pollution/codeql-query/class-pollution-all/vuln/ClassPollutingAssignLib.qll:543,239-253)
WARNING: unused variable 'setOpSecondObj' (/home/jackfromeast/Desktop/python-class-pollution/codeql-query/class-pollution-all/vuln/ClassPollutingAssignLib.qll:562,245-259)
[3/6] Found in cache: /home/jackfromeast/Desktop/python-class-pollution/codeql-query/class-pollution-all/query/ExternalClassPollutionQueryNewSetItemGetAttr.ql.
Compiling query plan for /home/jackfromeast/Desktop/python-class-pollution/codeql-query/class-pollution-all/query/ExternalClassPollutionQueryNewSetBothGetBoth.ql.
WARNING: unused variable 'setOpSecondObj' (/home/jackfromeast/Desktop/python-class-pollution/codeql-query/class-pollution-all/vuln/ClassPollutingAssignLib.qll:543,239-253)
WARNING: unused variable 'setOpSecondObj' (/home/jackfromeast/Desktop/python-class-pollution/codeql-query/class-pollution-all/vuln/ClassPollutingAssignLib.qll:562,245-259)
[4/6] Found in cache: /home/jackfromeast/Desktop/python-class-pollution/codeql-query/class-pollution-all/query/ExternalClassPollutionQueryNewSetBothGetBoth.ql.
Compiling query plan for /home/jackfromeast/Desktop/python-class-pollution/codeql-query/class-pollution-all/query/ExternalClassPollutionQueryNewSetItemGetBoth.ql.
WARNING: unused variable 'setOpSecondObj' (/home/jackfromeast/Desktop/python-class-pollution/codeql-query/class-pollution-all/vuln/ClassPollutingAssignLib.qll:543,239-253)
WARNING: unused variable 'setOpSecondObj' (/home/jackfromeast/Desktop/python-class-pollution/codeql-query/class-pollution-all/vuln/ClassPollutingAssignLib.qll:562,245-259)
[5/6] Found in cache: /home/jackfromeast/Desktop/python-class-pollution/codeql-query/class-pollution-all/query/ExternalClassPollutionQueryNewSetItemGetBoth.ql.
Compiling query plan for /home/jackfromeast/Desktop/python-class-pollution/codeql-query/class-pollution-all/query/ExternalClassPollutionQueryNewSetAttrGetBoth.ql.
WARNING: unused variable 'setOpSecondObj' (/home/jackfromeast/Desktop/python-class-pollution/codeql-query/class-pollution-all/vuln/ClassPollutingAssignLib.qll:543,239-253)
WARNING: unused variable 'setOpSecondObj' (/home/jackfromeast/Desktop/python-class-pollution/codeql-query/class-pollution-all/vuln/ClassPollutingAssignLib.qll:562,245-259)
[6/6] Found in cache: /home/jackfromeast/Desktop/python-class-pollution/codeql-query/class-pollution-all/query/ExternalClassPollutionQueryNewSetAttrGetBoth.ql.
Starting evaluation of jackfromeast/class-pollution-all/query/ExternalClassPollutionQueryNewSetAttrGetAttr.ql.
Starting evaluation of jackfromeast/class-pollution-all/query/ExternalClassPollutionQueryNewSetAttrGetBoth.ql.
[1/6 eval 4.2s] Evaluation done; writing results to jackfromeast/class-pollution-all/query/ExternalClassPollutionQueryNewSetAttrGetAttr.bqrs.
Starting evaluation of jackfromeast/class-pollution-all/query/ExternalClassPollutionQueryNewSetBothGetAttr.ql.
[2/6 eval 24ms] Evaluation done; writing results to jackfromeast/class-pollution-all/query/ExternalClassPollutionQueryNewSetAttrGetBoth.bqrs.
Starting evaluation of jackfromeast/class-pollution-all/query/ExternalClassPollutionQueryNewSetBothGetBoth.ql.
[3/6 eval 1ms] Evaluation done; writing results to jackfromeast/class-pollution-all/query/ExternalClassPollutionQueryNewSetBothGetAttr.bqrs.
Starting evaluation of jackfromeast/class-pollution-all/query/ExternalClassPollutionQueryNewSetItemGetAttr.ql.
[4/6 eval 15ms] Evaluation done; writing results to jackfromeast/class-pollution-all/query/ExternalClassPollutionQueryNewSetBothGetBoth.bqrs.
Starting evaluation of jackfromeast/class-pollution-all/query/ExternalClassPollutionQueryNewSetItemGetBoth.ql.
[5/6 eval 3ms] Evaluation done; writing results to jackfromeast/class-pollution-all/query/ExternalClassPollutionQueryNewSetItemGetAttr.bqrs.
[6/6 eval 177ms] Evaluation done; writing results to jackfromeast/class-pollution-all/query/ExternalClassPollutionQueryNewSetItemGetBoth.bqrs.
Shutting down query evaluator.
Interpreting results.
Interpreting /home/jackfromeast/Desktop/python-class-pollution/codeql-query/class-pollution-all/query/ExternalClassPollutionQueryNewSetBothGetAttr.ql...
/home/jackfromeast/Desktop/python-class-pollution/codeql-query/class-pollution-all/query/ExternalClassPollutionQueryNewSetBothGetAttr.ql ought to have produced /home/jackfromeast/Desktop/python-class-pollution/tasks/class-pollution-positive-remote/output/control-lora-v2/codeql-db/results/jackfromeast/class-pollution-all/query/ExternalClassPollutionQueryNewSetBothGetAttr.bqrs but that doesn't exist -- ignoring.
Interpreting /home/jackfromeast/Desktop/python-class-pollution/codeql-query/class-pollution-all/query/ExternalClassPollutionQueryNewSetAttrGetAttr.ql...
/home/jackfromeast/Desktop/python-class-pollution/codeql-query/class-pollution-all/query/ExternalClassPollutionQueryNewSetAttrGetAttr.ql ought to have produced /home/jackfromeast/Desktop/python-class-pollution/tasks/class-pollution-positive-remote/output/control-lora-v2/codeql-db/results/jackfromeast/class-pollution-all/query/ExternalClassPollutionQueryNewSetAttrGetAttr.bqrs but that doesn't exist -- ignoring.
Interpreting /home/jackfromeast/Desktop/python-class-pollution/codeql-query/class-pollution-all/query/ExternalClassPollutionQueryNewSetItemGetAttr.ql...
/home/jackfromeast/Desktop/python-class-pollution/codeql-query/class-pollution-all/query/ExternalClassPollutionQueryNewSetItemGetAttr.ql ought to have produced /home/jackfromeast/Desktop/python-class-pollution/tasks/class-pollution-positive-remote/output/control-lora-v2/codeql-db/results/jackfromeast/class-pollution-all/query/ExternalClassPollutionQueryNewSetItemGetAttr.bqrs but that doesn't exist -- ignoring.
Interpreting /home/jackfromeast/Desktop/python-class-pollution/codeql-query/class-pollution-all/query/ExternalClassPollutionQueryNewSetBothGetBoth.ql...
/home/jackfromeast/Desktop/python-class-pollution/codeql-query/class-pollution-all/query/ExternalClassPollutionQueryNewSetBothGetBoth.ql ought to have produced /home/jackfromeast/Desktop/python-class-pollution/tasks/class-pollution-positive-remote/output/control-lora-v2/codeql-db/results/jackfromeast/class-pollution-all/query/ExternalClassPollutionQueryNewSetBothGetBoth.bqrs but that doesn't exist -- ignoring.
Interpreting /home/jackfromeast/Desktop/python-class-pollution/codeql-query/class-pollution-all/query/ExternalClassPollutionQueryNewSetItemGetBoth.ql...
/home/jackfromeast/Desktop/python-class-pollution/codeql-query/class-pollution-all/query/ExternalClassPollutionQueryNewSetItemGetBoth.ql ought to have produced /home/jackfromeast/Desktop/python-class-pollution/tasks/class-pollution-positive-remote/output/control-lora-v2/codeql-db/results/jackfromeast/class-pollution-all/query/ExternalClassPollutionQueryNewSetItemGetBoth.bqrs but that doesn't exist -- ignoring.
Interpreting /home/jackfromeast/Desktop/python-class-pollution/codeql-query/class-pollution-all/query/ExternalClassPollutionQueryNewSetAttrGetBoth.ql...
/home/jackfromeast/Desktop/python-class-pollution/codeql-query/class-pollution-all/query/ExternalClassPollutionQueryNewSetAttrGetBoth.ql ought to have produced /home/jackfromeast/Desktop/python-class-pollution/tasks/class-pollution-positive-remote/output/control-lora-v2/codeql-db/results/jackfromeast/class-pollution-all/query/ExternalClassPollutionQueryNewSetAttrGetBoth.bqrs but that doesn't exist -- ignoring.
A fatal error occurred: Cannot read directory: /home/jackfromeast/Desktop/python-class-pollution/tasks/class-pollution-positive-remote/output/control-lora-v2/codeql-db/src
(eventual cause: NoSuchFileException "/home/jackfromeast/Desktop/python-class-pollution/tasks/class-pollution-positive...")
 (logger.py:42)
2025-04-28 04:21:12,748 - CodeQLRunner - ERROR - Failed to run query: /home/jackfromeast/Desktop/python-class-pollution/codeql-query/class-pollution-all/class-pollution-external.qls (logger.py:42)
2025-04-28 04:21:21,415 - CodeQLRunner - ERROR - Failed to execute query /home/jackfromeast/Desktop/python-class-pollution/codeql-query/class-pollution-all/class-pollution-external.qls: UnknownError: Running queries.
Compiling query plan for /home/jackfromeast/Desktop/python-class-pollution/codeql-query/class-pollution-all/query/ExternalClassPollutionQueryNewSetBothGetAttr.ql.
WARNING: unused variable 'setOpSecondObj' (/home/jackfromeast/Desktop/python-class-pollution/codeql-query/class-pollution-all/vuln/ClassPollutingAssignLib.qll:543,239-253)
WARNING: unused variable 'setOpSecondObj' (/home/jackfromeast/Desktop/python-class-pollution/codeql-query/class-pollution-all/vuln/ClassPollutingAssignLib.qll:562,245-259)
[1/6] Found in cache: /home/jackfromeast/Desktop/python-class-pollution/codeql-query/class-pollution-all/query/ExternalClassPollutionQueryNewSetBothGetAttr.ql.
Compiling query plan for /home/jackfromeast/Desktop/python-class-pollution/codeql-query/class-pollution-all/query/ExternalClassPollutionQueryNewSetAttrGetAttr.ql.
WARNING: unused variable 'setOpSecondObj' (/home/jackfromeast/Desktop/python-class-pollution/codeql-query/class-pollution-all/vuln/ClassPollutingAssignLib.qll:543,239-253)
WARNING: unused variable 'setOpSecondObj' (/home/jackfromeast/Desktop/python-class-pollution/codeql-query/class-pollution-all/vuln/ClassPollutingAssignLib.qll:562,245-259)
[2/6] Found in cache: /home/jackfromeast/Desktop/python-class-pollution/codeql-query/class-pollution-all/query/ExternalClassPollutionQueryNewSetAttrGetAttr.ql.
Compiling query plan for /home/jackfromeast/Desktop/python-class-pollution/codeql-query/class-pollution-all/query/ExternalClassPollutionQueryNewSetItemGetAttr.ql.
WARNING: unused variable 'setOpSecondObj' (/home/jackfromeast/Desktop/python-class-pollution/codeql-query/class-pollution-all/vuln/ClassPollutingAssignLib.qll:543,239-253)
WARNING: unused variable 'setOpSecondObj' (/home/jackfromeast/Desktop/python-class-pollution/codeql-query/class-pollution-all/vuln/ClassPollutingAssignLib.qll:562,245-259)
[3/6] Found in cache: /home/jackfromeast/Desktop/python-class-pollution/codeql-query/class-pollution-all/query/ExternalClassPollutionQueryNewSetItemGetAttr.ql.
Compiling query plan for /home/jackfromeast/Desktop/python-class-pollution/codeql-query/class-pollution-all/query/ExternalClassPollutionQueryNewSetBothGetBoth.ql.
WARNING: unused variable 'setOpSecondObj' (/home/jackfromeast/Desktop/python-class-pollution/codeql-query/class-pollution-all/vuln/ClassPollutingAssignLib.qll:543,239-253)
WARNING: unused variable 'setOpSecondObj' (/home/jackfromeast/Desktop/python-class-pollution/codeql-query/class-pollution-all/vuln/ClassPollutingAssignLib.qll:562,245-259)
[4/6] Found in cache: /home/jackfromeast/Desktop/python-class-pollution/codeql-query/class-pollution-all/query/ExternalClassPollutionQueryNewSetBothGetBoth.ql.
Compiling query plan for /home/jackfromeast/Desktop/python-class-pollution/codeql-query/class-pollution-all/query/ExternalClassPollutionQueryNewSetItemGetBoth.ql.
WARNING: unused variable 'setOpSecondObj' (/home/jackfromeast/Desktop/python-class-pollution/codeql-query/class-pollution-all/vuln/ClassPollutingAssignLib.qll:543,239-253)
WARNING: unused variable 'setOpSecondObj' (/home/jackfromeast/Desktop/python-class-pollution/codeql-query/class-pollution-all/vuln/ClassPollutingAssignLib.qll:562,245-259)
[5/6] Found in cache: /home/jackfromeast/Desktop/python-class-pollution/codeql-query/class-pollution-all/query/ExternalClassPollutionQueryNewSetItemGetBoth.ql.
Compiling query plan for /home/jackfromeast/Desktop/python-class-pollution/codeql-query/class-pollution-all/query/ExternalClassPollutionQueryNewSetAttrGetBoth.ql.
WARNING: unused variable 'setOpSecondObj' (/home/jackfromeast/Desktop/python-class-pollution/codeql-query/class-pollution-all/vuln/ClassPollutingAssignLib.qll:543,239-253)
WARNING: unused variable 'setOpSecondObj' (/home/jackfromeast/Desktop/python-class-pollution/codeql-query/class-pollution-all/vuln/ClassPollutingAssignLib.qll:562,245-259)
[6/6] Found in cache: /home/jackfromeast/Desktop/python-class-pollution/codeql-query/class-pollution-all/query/ExternalClassPollutionQueryNewSetAttrGetBoth.ql.
Starting evaluation of jackfromeast/class-pollution-all/query/ExternalClassPollutionQueryNewSetAttrGetAttr.ql.
Starting evaluation of jackfromeast/class-pollution-all/query/ExternalClassPollutionQueryNewSetAttrGetBoth.ql.
[1/6 eval 972ms] Evaluation done; writing results to jackfromeast/class-pollution-all/query/ExternalClassPollutionQueryNewSetAttrGetAttr.bqrs.
Starting evaluation of jackfromeast/class-pollution-all/query/ExternalClassPollutionQueryNewSetBothGetAttr.ql.
Starting evaluation of jackfromeast/class-pollution-all/query/ExternalClassPollutionQueryNewSetBothGetBoth.ql.
[2/6 eval 3ms] Evaluation done; writing results to jackfromeast/class-pollution-all/query/ExternalClassPollutionQueryNewSetAttrGetBoth.bqrs.
Starting evaluation of jackfromeast/class-pollution-all/query/ExternalClassPollutionQueryNewSetItemGetAttr.ql.
[3/6 eval 31ms] Evaluation done; writing results to jackfromeast/class-pollution-all/query/ExternalClassPollutionQueryNewSetBothGetAttr.bqrs.
[4/6 eval 31ms] Evaluation done; writing results to jackfromeast/class-pollution-all/query/ExternalClassPollutionQueryNewSetBothGetBoth.bqrs.
Starting evaluation of jackfromeast/class-pollution-all/query/ExternalClassPollutionQueryNewSetItemGetBoth.ql.
[5/6 eval 28ms] Evaluation done; writing results to jackfromeast/class-pollution-all/query/ExternalClassPollutionQueryNewSetItemGetAttr.bqrs.
[6/6 eval 123ms] Evaluation done; writing results to jackfromeast/class-pollution-all/query/ExternalClassPollutionQueryNewSetItemGetBoth.bqrs.
Shutting down query evaluator.
Interpreting results.
Interpreting /home/jackfromeast/Desktop/python-class-pollution/codeql-query/class-pollution-all/query/ExternalClassPollutionQueryNewSetBothGetAttr.ql...
Interpreting /home/jackfromeast/Desktop/python-class-pollution/codeql-query/class-pollution-all/query/ExternalClassPollutionQueryNewSetAttrGetAttr.ql...
Interpreting /home/jackfromeast/Desktop/python-class-pollution/codeql-query/class-pollution-all/query/ExternalClassPollutionQueryNewSetItemGetAttr.ql...
Interpreting /home/jackfromeast/Desktop/python-class-pollution/codeql-query/class-pollution-all/query/ExternalClassPollutionQueryNewSetBothGetBoth.ql...
Interpreting /home/jackfromeast/Desktop/python-class-pollution/codeql-query/class-pollution-all/query/ExternalClassPollutionQueryNewSetItemGetBoth.ql...
Interpreting /home/jackfromeast/Desktop/python-class-pollution/codeql-query/class-pollution-all/query/ExternalClassPollutionQueryNewSetAttrGetBoth.ql...
Exporting results to SARIF...
A fatal error occurred: Could not write SARIF file
(eventual cause: NoSuchFileException "/home/jackfromeast/Desktop/python-class-pollution/tasks/class-pollution-positive...")
 (logger.py:42)
2025-04-28 04:21:21,415 - CodeQLRunner - ERROR - Failed to run query: /home/jackfromeast/Desktop/python-class-pollution/codeql-query/class-pollution-all/class-pollution-external.qls (logger.py:42)
2025-04-28 04:21:50,435 - CodeQLRunner - ERROR - Failed to execute query /home/jackfromeast/Desktop/python-class-pollution/codeql-query/class-pollution-all/class-pollution-external.qls: UnknownError: Running queries.
Compiling query plan for /home/jackfromeast/Desktop/python-class-pollution/codeql-query/class-pollution-all/query/ExternalClassPollutionQueryNewSetBothGetAttr.ql.
WARNING: unused variable 'setOpSecondObj' (/home/jackfromeast/Desktop/python-class-pollution/codeql-query/class-pollution-all/vuln/ClassPollutingAssignLib.qll:543,239-253)
WARNING: unused variable 'setOpSecondObj' (/home/jackfromeast/Desktop/python-class-pollution/codeql-query/class-pollution-all/vuln/ClassPollutingAssignLib.qll:562,245-259)
A fatal error occurred: Could not read dbscheme at /home/jackfromeast/Desktop/python-class-pollution/tasks/class-pollution-positive-remote/output/knn-box/codeql-db/db-python/semmlecode.python.dbscheme: java.nio.file.NoSuchFileException: /home/jackfromeast/Desktop/python-class-pollution/tasks/class-pollution-positive-remote/output/knn-box/codeql-db/db-python/semmlecode.python.dbscheme
 (logger.py:42)
2025-04-28 04:21:50,435 - CodeQLRunner - ERROR - Failed to run query: /home/jackfromeast/Desktop/python-class-pollution/codeql-query/class-pollution-all/class-pollution-external.qls (logger.py:42)
2025-04-28 04:21:50,530 - CodeQLRunner - ERROR - Failed during cleanup: [Errno 39] Directory not empty: 'codebase' (logger.py:42)
2025-04-28 04:22:45,166 - CodeQLRunner - ERROR - Failed to execute query /home/jackfromeast/Desktop/python-class-pollution/codeql-query/class-pollution-all/class-pollution-external.qls: UnknownError: Running queries.
Compiling query plan for /home/jackfromeast/Desktop/python-class-pollution/codeql-query/class-pollution-all/query/ExternalClassPollutionQueryNewSetBothGetAttr.ql.
WARNING: unused variable 'setOpSecondObj' (/home/jackfromeast/Desktop/python-class-pollution/codeql-query/class-pollution-all/vuln/ClassPollutingAssignLib.qll:543,239-253)
WARNING: unused variable 'setOpSecondObj' (/home/jackfromeast/Desktop/python-class-pollution/codeql-query/class-pollution-all/vuln/ClassPollutingAssignLib.qll:562,245-259)
[1/6] Found in cache: /home/jackfromeast/Desktop/python-class-pollution/codeql-query/class-pollution-all/query/ExternalClassPollutionQueryNewSetBothGetAttr.ql.
Compiling query plan for /home/jackfromeast/Desktop/python-class-pollution/codeql-query/class-pollution-all/query/ExternalClassPollutionQueryNewSetAttrGetAttr.ql.
WARNING: unused variable 'setOpSecondObj' (/home/jackfromeast/Desktop/python-class-pollution/codeql-query/class-pollution-all/vuln/ClassPollutingAssignLib.qll:543,239-253)
WARNING: unused variable 'setOpSecondObj' (/home/jackfromeast/Desktop/python-class-pollution/codeql-query/class-pollution-all/vuln/ClassPollutingAssignLib.qll:562,245-259)
[2/6] Found in cache: /home/jackfromeast/Desktop/python-class-pollution/codeql-query/class-pollution-all/query/ExternalClassPollutionQueryNewSetAttrGetAttr.ql.
Compiling query plan for /home/jackfromeast/Desktop/python-class-pollution/codeql-query/class-pollution-all/query/ExternalClassPollutionQueryNewSetItemGetAttr.ql.
WARNING: unused variable 'setOpSecondObj' (/home/jackfromeast/Desktop/python-class-pollution/codeql-query/class-pollution-all/vuln/ClassPollutingAssignLib.qll:543,239-253)
WARNING: unused variable 'setOpSecondObj' (/home/jackfromeast/Desktop/python-class-pollution/codeql-query/class-pollution-all/vuln/ClassPollutingAssignLib.qll:562,245-259)
[3/6] Found in cache: /home/jackfromeast/Desktop/python-class-pollution/codeql-query/class-pollution-all/query/ExternalClassPollutionQueryNewSetItemGetAttr.ql.
Compiling query plan for /home/jackfromeast/Desktop/python-class-pollution/codeql-query/class-pollution-all/query/ExternalClassPollutionQueryNewSetBothGetBoth.ql.
WARNING: unused variable 'setOpSecondObj' (/home/jackfromeast/Desktop/python-class-pollution/codeql-query/class-pollution-all/vuln/ClassPollutingAssignLib.qll:543,239-253)
WARNING: unused variable 'setOpSecondObj' (/home/jackfromeast/Desktop/python-class-pollution/codeql-query/class-pollution-all/vuln/ClassPollutingAssignLib.qll:562,245-259)
[4/6] Found in cache: /home/jackfromeast/Desktop/python-class-pollution/codeql-query/class-pollution-all/query/ExternalClassPollutionQueryNewSetBothGetBoth.ql.
Compiling query plan for /home/jackfromeast/Desktop/python-class-pollution/codeql-query/class-pollution-all/query/ExternalClassPollutionQueryNewSetItemGetBoth.ql.
WARNING: unused variable 'setOpSecondObj' (/home/jackfromeast/Desktop/python-class-pollution/codeql-query/class-pollution-all/vuln/ClassPollutingAssignLib.qll:543,239-253)
WARNING: unused variable 'setOpSecondObj' (/home/jackfromeast/Desktop/python-class-pollution/codeql-query/class-pollution-all/vuln/ClassPollutingAssignLib.qll:562,245-259)
[5/6] Found in cache: /home/jackfromeast/Desktop/python-class-pollution/codeql-query/class-pollution-all/query/ExternalClassPollutionQueryNewSetItemGetBoth.ql.
Compiling query plan for /home/jackfromeast/Desktop/python-class-pollution/codeql-query/class-pollution-all/query/ExternalClassPollutionQueryNewSetAttrGetBoth.ql.
WARNING: unused variable 'setOpSecondObj' (/home/jackfromeast/Desktop/python-class-pollution/codeql-query/class-pollution-all/vuln/ClassPollutingAssignLib.qll:543,239-253)
WARNING: unused variable 'setOpSecondObj' (/home/jackfromeast/Desktop/python-class-pollution/codeql-query/class-pollution-all/vuln/ClassPollutingAssignLib.qll:562,245-259)
[6/6] Found in cache: /home/jackfromeast/Desktop/python-class-pollution/codeql-query/class-pollution-all/query/ExternalClassPollutionQueryNewSetAttrGetBoth.ql.
Starting evaluation of jackfromeast/class-pollution-all/query/ExternalClassPollutionQueryNewSetAttrGetAttr.ql.
Starting evaluation of jackfromeast/class-pollution-all/query/ExternalClassPollutionQueryNewSetAttrGetBoth.ql.
[1/6 eval 40s] Evaluation done; writing results to jackfromeast/class-pollution-all/query/ExternalClassPollutionQueryNewSetAttrGetAttr.bqrs.
Starting evaluation of jackfromeast/class-pollution-all/query/ExternalClassPollutionQueryNewSetBothGetAttr.ql.
[2/6 eval 33ms] Evaluation done; writing results to jackfromeast/class-pollution-all/query/ExternalClassPollutionQueryNewSetAttrGetBoth.bqrs.
Starting evaluation of jackfromeast/class-pollution-all/query/ExternalClassPollutionQueryNewSetBothGetBoth.ql.
[3/6 eval 3ms] Evaluation done; writing results to jackfromeast/class-pollution-all/query/ExternalClassPollutionQueryNewSetBothGetAttr.bqrs.
Starting evaluation of jackfromeast/class-pollution-all/query/ExternalClassPollutionQueryNewSetItemGetAttr.ql.
[4/6 eval 61ms] Evaluation done; writing results to jackfromeast/class-pollution-all/query/ExternalClassPollutionQueryNewSetBothGetBoth.bqrs.
Starting evaluation of jackfromeast/class-pollution-all/query/ExternalClassPollutionQueryNewSetItemGetBoth.ql.
[5/6 eval 2ms] Evaluation done; writing results to jackfromeast/class-pollution-all/query/ExternalClassPollutionQueryNewSetItemGetAttr.bqrs.
[6/6 eval 256ms] Evaluation done; writing results to jackfromeast/class-pollution-all/query/ExternalClassPollutionQueryNewSetItemGetBoth.bqrs.
Shutting down query evaluator.
Interpreting results.
Interpreting /home/jackfromeast/Desktop/python-class-pollution/codeql-query/class-pollution-all/query/ExternalClassPollutionQueryNewSetBothGetAttr.ql...
Interpreting /home/jackfromeast/Desktop/python-class-pollution/codeql-query/class-pollution-all/query/ExternalClassPollutionQueryNewSetAttrGetAttr.ql...
Interpreting /home/jackfromeast/Desktop/python-class-pollution/codeql-query/class-pollution-all/query/ExternalClassPollutionQueryNewSetItemGetAttr.ql...
Interpreting /home/jackfromeast/Desktop/python-class-pollution/codeql-query/class-pollution-all/query/ExternalClassPollutionQueryNewSetBothGetBoth.ql...
Interpreting /home/jackfromeast/Desktop/python-class-pollution/codeql-query/class-pollution-all/query/ExternalClassPollutionQueryNewSetItemGetBoth.ql...
Interpreting /home/jackfromeast/Desktop/python-class-pollution/codeql-query/class-pollution-all/query/ExternalClassPollutionQueryNewSetAttrGetBoth.ql...
Exporting results to SARIF...
A fatal error occurred: Could not write SARIF file
(eventual cause: NoSuchFileException "/home/jackfromeast/Desktop/python-class-pollution/tasks/class-pollution-positive...")
 (logger.py:42)
2025-04-28 04:22:45,166 - CodeQLRunner - ERROR - Failed to run query: /home/jackfromeast/Desktop/python-class-pollution/codeql-query/class-pollution-all/class-pollution-external.qls (logger.py:42)
2025-04-28 04:23:35,029 - CodeQLRunner - ERROR - Failed to execute query /home/jackfromeast/Desktop/python-class-pollution/codeql-query/class-pollution-all/class-pollution-external.qls: UnknownError: Running queries.
Compiling query plan for /home/jackfromeast/Desktop/python-class-pollution/codeql-query/class-pollution-all/query/ExternalClassPollutionQueryNewSetBothGetAttr.ql.
WARNING: unused variable 'setOpSecondObj' (/home/jackfromeast/Desktop/python-class-pollution/codeql-query/class-pollution-all/vuln/ClassPollutingAssignLib.qll:543,239-253)
WARNING: unused variable 'setOpSecondObj' (/home/jackfromeast/Desktop/python-class-pollution/codeql-query/class-pollution-all/vuln/ClassPollutingAssignLib.qll:562,245-259)
[1/6] Found in cache: /home/jackfromeast/Desktop/python-class-pollution/codeql-query/class-pollution-all/query/ExternalClassPollutionQueryNewSetBothGetAttr.ql.
Compiling query plan for /home/jackfromeast/Desktop/python-class-pollution/codeql-query/class-pollution-all/query/ExternalClassPollutionQueryNewSetAttrGetAttr.ql.
WARNING: unused variable 'setOpSecondObj' (/home/jackfromeast/Desktop/python-class-pollution/codeql-query/class-pollution-all/vuln/ClassPollutingAssignLib.qll:543,239-253)
WARNING: unused variable 'setOpSecondObj' (/home/jackfromeast/Desktop/python-class-pollution/codeql-query/class-pollution-all/vuln/ClassPollutingAssignLib.qll:562,245-259)
[2/6] Found in cache: /home/jackfromeast/Desktop/python-class-pollution/codeql-query/class-pollution-all/query/ExternalClassPollutionQueryNewSetAttrGetAttr.ql.
Compiling query plan for /home/jackfromeast/Desktop/python-class-pollution/codeql-query/class-pollution-all/query/ExternalClassPollutionQueryNewSetItemGetAttr.ql.
WARNING: unused variable 'setOpSecondObj' (/home/jackfromeast/Desktop/python-class-pollution/codeql-query/class-pollution-all/vuln/ClassPollutingAssignLib.qll:543,239-253)
WARNING: unused variable 'setOpSecondObj' (/home/jackfromeast/Desktop/python-class-pollution/codeql-query/class-pollution-all/vuln/ClassPollutingAssignLib.qll:562,245-259)
[3/6] Found in cache: /home/jackfromeast/Desktop/python-class-pollution/codeql-query/class-pollution-all/query/ExternalClassPollutionQueryNewSetItemGetAttr.ql.
Compiling query plan for /home/jackfromeast/Desktop/python-class-pollution/codeql-query/class-pollution-all/query/ExternalClassPollutionQueryNewSetBothGetBoth.ql.
WARNING: unused variable 'setOpSecondObj' (/home/jackfromeast/Desktop/python-class-pollution/codeql-query/class-pollution-all/vuln/ClassPollutingAssignLib.qll:543,239-253)
WARNING: unused variable 'setOpSecondObj' (/home/jackfromeast/Desktop/python-class-pollution/codeql-query/class-pollution-all/vuln/ClassPollutingAssignLib.qll:562,245-259)
[4/6] Found in cache: /home/jackfromeast/Desktop/python-class-pollution/codeql-query/class-pollution-all/query/ExternalClassPollutionQueryNewSetBothGetBoth.ql.
Compiling query plan for /home/jackfromeast/Desktop/python-class-pollution/codeql-query/class-pollution-all/query/ExternalClassPollutionQueryNewSetItemGetBoth.ql.
WARNING: unused variable 'setOpSecondObj' (/home/jackfromeast/Desktop/python-class-pollution/codeql-query/class-pollution-all/vuln/ClassPollutingAssignLib.qll:543,239-253)
WARNING: unused variable 'setOpSecondObj' (/home/jackfromeast/Desktop/python-class-pollution/codeql-query/class-pollution-all/vuln/ClassPollutingAssignLib.qll:562,245-259)
[5/6] Found in cache: /home/jackfromeast/Desktop/python-class-pollution/codeql-query/class-pollution-all/query/ExternalClassPollutionQueryNewSetItemGetBoth.ql.
Compiling query plan for /home/jackfromeast/Desktop/python-class-pollution/codeql-query/class-pollution-all/query/ExternalClassPollutionQueryNewSetAttrGetBoth.ql.
WARNING: unused variable 'setOpSecondObj' (/home/jackfromeast/Desktop/python-class-pollution/codeql-query/class-pollution-all/vuln/ClassPollutingAssignLib.qll:543,239-253)
WARNING: unused variable 'setOpSecondObj' (/home/jackfromeast/Desktop/python-class-pollution/codeql-query/class-pollution-all/vuln/ClassPollutingAssignLib.qll:562,245-259)
[6/6] Found in cache: /home/jackfromeast/Desktop/python-class-pollution/codeql-query/class-pollution-all/query/ExternalClassPollutionQueryNewSetAttrGetBoth.ql.
Starting evaluation of jackfromeast/class-pollution-all/query/ExternalClassPollutionQueryNewSetAttrGetAttr.ql.
A fatal error occurred: Error writing array info file: /home/jackfromeast/Desktop/python-class-pollution/tasks/class-pollution-positive-remote/output/Wav2Keyword/codeql-db/db-python/default/cache/cached-strings/pools/0/ids2/info-new
(eventual cause: NoSuchFileException "/home/jackfromeast/Desktop/python-class-pollution/tasks/class-pollution-positive...")
 (logger.py:42)
2025-04-28 04:23:35,029 - CodeQLRunner - ERROR - Failed to run query: /home/jackfromeast/Desktop/python-class-pollution/codeql-query/class-pollution-all/class-pollution-external.qls (logger.py:42)
2025-04-28 04:24:05,012 - CodeQLRunner - ERROR - Query timed out for gist-alfred: /home/jackfromeast/Desktop/python-class-pollution/codeql-query/class-pollution-all/class-pollution-external.qls (logger.py:42)
2025-04-28 04:24:05,272 - CodeQLRunner - ERROR - Failed to run query: /home/jackfromeast/Desktop/python-class-pollution/codeql-query/class-pollution-all/class-pollution-external.qls (logger.py:42)
2025-04-28 04:25:58,841 - CodeQLRunner - ERROR - Failed to build CodeQL database for hcipy: UnknownError: Initializing database at /home/jackfromeast/Desktop/python-class-pollution/tasks/class-pollution-positive-remote/output/hcipy/codeql-db.
Unrecognized file in database cluster: '/home/jackfromeast/Desktop/python-class-pollution/tasks/class-pollution-positive-remote/output/hcipy/codeql-db/db-python'.
A fatal error occurred: Ran with database overwriting enabled, but the directory does not appear to be a CodeQL database or database cluster. Please check you do indeed wish to delete it, and do so manually.
 (logger.py:42)
2025-04-28 04:25:59,400 - CodeQLRunner - ERROR - Failed to execute query /home/jackfromeast/Desktop/python-class-pollution/codeql-query/class-pollution-all/class-pollution-external.qls: UnknownError: Running queries.
Compiling query plan for /home/jackfromeast/Desktop/python-class-pollution/codeql-query/class-pollution-all/query/ExternalClassPollutionQueryNewSetBothGetAttr.ql.
WARNING: unused variable 'setOpSecondObj' (/home/jackfromeast/Desktop/python-class-pollution/codeql-query/class-pollution-all/vuln/ClassPollutingAssignLib.qll:543,239-253)
WARNING: unused variable 'setOpSecondObj' (/home/jackfromeast/Desktop/python-class-pollution/codeql-query/class-pollution-all/vuln/ClassPollutingAssignLib.qll:562,245-259)
[1/6] Found in cache: /home/jackfromeast/Desktop/python-class-pollution/codeql-query/class-pollution-all/query/ExternalClassPollutionQueryNewSetBothGetAttr.ql.
Compiling query plan for /home/jackfromeast/Desktop/python-class-pollution/codeql-query/class-pollution-all/query/ExternalClassPollutionQueryNewSetAttrGetAttr.ql.
WARNING: unused variable 'setOpSecondObj' (/home/jackfromeast/Desktop/python-class-pollution/codeql-query/class-pollution-all/vuln/ClassPollutingAssignLib.qll:543,239-253)
WARNING: unused variable 'setOpSecondObj' (/home/jackfromeast/Desktop/python-class-pollution/codeql-query/class-pollution-all/vuln/ClassPollutingAssignLib.qll:562,245-259)
[2/6] Found in cache: /home/jackfromeast/Desktop/python-class-pollution/codeql-query/class-pollution-all/query/ExternalClassPollutionQueryNewSetAttrGetAttr.ql.
Compiling query plan for /home/jackfromeast/Desktop/python-class-pollution/codeql-query/class-pollution-all/query/ExternalClassPollutionQueryNewSetItemGetAttr.ql.
WARNING: unused variable 'setOpSecondObj' (/home/jackfromeast/Desktop/python-class-pollution/codeql-query/class-pollution-all/vuln/ClassPollutingAssignLib.qll:543,239-253)
WARNING: unused variable 'setOpSecondObj' (/home/jackfromeast/Desktop/python-class-pollution/codeql-query/class-pollution-all/vuln/ClassPollutingAssignLib.qll:562,245-259)
[3/6] Found in cache: /home/jackfromeast/Desktop/python-class-pollution/codeql-query/class-pollution-all/query/ExternalClassPollutionQueryNewSetItemGetAttr.ql.
Compiling query plan for /home/jackfromeast/Desktop/python-class-pollution/codeql-query/class-pollution-all/query/ExternalClassPollutionQueryNewSetBothGetBoth.ql.
WARNING: unused variable 'setOpSecondObj' (/home/jackfromeast/Desktop/python-class-pollution/codeql-query/class-pollution-all/vuln/ClassPollutingAssignLib.qll:543,239-253)
WARNING: unused variable 'setOpSecondObj' (/home/jackfromeast/Desktop/python-class-pollution/codeql-query/class-pollution-all/vuln/ClassPollutingAssignLib.qll:562,245-259)
[4/6] Found in cache: /home/jackfromeast/Desktop/python-class-pollution/codeql-query/class-pollution-all/query/ExternalClassPollutionQueryNewSetBothGetBoth.ql.
Compiling query plan for /home/jackfromeast/Desktop/python-class-pollution/codeql-query/class-pollution-all/query/ExternalClassPollutionQueryNewSetItemGetBoth.ql.
WARNING: unused variable 'setOpSecondObj' (/home/jackfromeast/Desktop/python-class-pollution/codeql-query/class-pollution-all/vuln/ClassPollutingAssignLib.qll:543,239-253)
WARNING: unused variable 'setOpSecondObj' (/home/jackfromeast/Desktop/python-class-pollution/codeql-query/class-pollution-all/vuln/ClassPollutingAssignLib.qll:562,245-259)
[5/6] Found in cache: /home/jackfromeast/Desktop/python-class-pollution/codeql-query/class-pollution-all/query/ExternalClassPollutionQueryNewSetItemGetBoth.ql.
Compiling query plan for /home/jackfromeast/Desktop/python-class-pollution/codeql-query/class-pollution-all/query/ExternalClassPollutionQueryNewSetAttrGetBoth.ql.
WARNING: unused variable 'setOpSecondObj' (/home/jackfromeast/Desktop/python-class-pollution/codeql-query/class-pollution-all/vuln/ClassPollutingAssignLib.qll:543,239-253)
WARNING: unused variable 'setOpSecondObj' (/home/jackfromeast/Desktop/python-class-pollution/codeql-query/class-pollution-all/vuln/ClassPollutingAssignLib.qll:562,245-259)
[6/6] Found in cache: /home/jackfromeast/Desktop/python-class-pollution/codeql-query/class-pollution-all/query/ExternalClassPollutionQueryNewSetAttrGetBoth.ql.
Starting evaluation of jackfromeast/class-pollution-all/query/ExternalClassPollutionQueryNewSetAttrGetAttr.ql.
A fatal error occurred: Cannot create dirty marker for cached strings
(eventual cause: NoSuchFileException "/home/jackfromeast/Desktop/python-class-pollution/tasks/class-pollution-positive...")
 (logger.py:42)
2025-04-28 04:25:59,400 - CodeQLRunner - ERROR - Failed to run query: /home/jackfromeast/Desktop/python-class-pollution/codeql-query/class-pollution-all/class-pollution-external.qls (logger.py:42)
2025-04-28 04:27:39,593 - CodeQLRunner - ERROR - Failed to execute query /home/jackfromeast/Desktop/python-class-pollution/codeql-query/class-pollution-all/class-pollution-external.qls: UnknownError: Running queries.
Compiling query plan for /home/jackfromeast/Desktop/python-class-pollution/codeql-query/class-pollution-all/query/ExternalClassPollutionQueryNewSetBothGetAttr.ql.
WARNING: unused variable 'setOpSecondObj' (/home/jackfromeast/Desktop/python-class-pollution/codeql-query/class-pollution-all/vuln/ClassPollutingAssignLib.qll:543,239-253)
WARNING: unused variable 'setOpSecondObj' (/home/jackfromeast/Desktop/python-class-pollution/codeql-query/class-pollution-all/vuln/ClassPollutingAssignLib.qll:562,245-259)
[1/6] Found in cache: /home/jackfromeast/Desktop/python-class-pollution/codeql-query/class-pollution-all/query/ExternalClassPollutionQueryNewSetBothGetAttr.ql.
Compiling query plan for /home/jackfromeast/Desktop/python-class-pollution/codeql-query/class-pollution-all/query/ExternalClassPollutionQueryNewSetAttrGetAttr.ql.
WARNING: unused variable 'setOpSecondObj' (/home/jackfromeast/Desktop/python-class-pollution/codeql-query/class-pollution-all/vuln/ClassPollutingAssignLib.qll:543,239-253)
WARNING: unused variable 'setOpSecondObj' (/home/jackfromeast/Desktop/python-class-pollution/codeql-query/class-pollution-all/vuln/ClassPollutingAssignLib.qll:562,245-259)
[2/6] Found in cache: /home/jackfromeast/Desktop/python-class-pollution/codeql-query/class-pollution-all/query/ExternalClassPollutionQueryNewSetAttrGetAttr.ql.
Compiling query plan for /home/jackfromeast/Desktop/python-class-pollution/codeql-query/class-pollution-all/query/ExternalClassPollutionQueryNewSetItemGetAttr.ql.
WARNING: unused variable 'setOpSecondObj' (/home/jackfromeast/Desktop/python-class-pollution/codeql-query/class-pollution-all/vuln/ClassPollutingAssignLib.qll:543,239-253)
WARNING: unused variable 'setOpSecondObj' (/home/jackfromeast/Desktop/python-class-pollution/codeql-query/class-pollution-all/vuln/ClassPollutingAssignLib.qll:562,245-259)
[3/6] Found in cache: /home/jackfromeast/Desktop/python-class-pollution/codeql-query/class-pollution-all/query/ExternalClassPollutionQueryNewSetItemGetAttr.ql.
Compiling query plan for /home/jackfromeast/Desktop/python-class-pollution/codeql-query/class-pollution-all/query/ExternalClassPollutionQueryNewSetBothGetBoth.ql.
WARNING: unused variable 'setOpSecondObj' (/home/jackfromeast/Desktop/python-class-pollution/codeql-query/class-pollution-all/vuln/ClassPollutingAssignLib.qll:543,239-253)
WARNING: unused variable 'setOpSecondObj' (/home/jackfromeast/Desktop/python-class-pollution/codeql-query/class-pollution-all/vuln/ClassPollutingAssignLib.qll:562,245-259)
[4/6] Found in cache: /home/jackfromeast/Desktop/python-class-pollution/codeql-query/class-pollution-all/query/ExternalClassPollutionQueryNewSetBothGetBoth.ql.
Compiling query plan for /home/jackfromeast/Desktop/python-class-pollution/codeql-query/class-pollution-all/query/ExternalClassPollutionQueryNewSetItemGetBoth.ql.
WARNING: unused variable 'setOpSecondObj' (/home/jackfromeast/Desktop/python-class-pollution/codeql-query/class-pollution-all/vuln/ClassPollutingAssignLib.qll:543,239-253)
WARNING: unused variable 'setOpSecondObj' (/home/jackfromeast/Desktop/python-class-pollution/codeql-query/class-pollution-all/vuln/ClassPollutingAssignLib.qll:562,245-259)
[5/6] Found in cache: /home/jackfromeast/Desktop/python-class-pollution/codeql-query/class-pollution-all/query/ExternalClassPollutionQueryNewSetItemGetBoth.ql.
Compiling query plan for /home/jackfromeast/Desktop/python-class-pollution/codeql-query/class-pollution-all/query/ExternalClassPollutionQueryNewSetAttrGetBoth.ql.
WARNING: unused variable 'setOpSecondObj' (/home/jackfromeast/Desktop/python-class-pollution/codeql-query/class-pollution-all/vuln/ClassPollutingAssignLib.qll:543,239-253)
WARNING: unused variable 'setOpSecondObj' (/home/jackfromeast/Desktop/python-class-pollution/codeql-query/class-pollution-all/vuln/ClassPollutingAssignLib.qll:562,245-259)
[6/6] Found in cache: /home/jackfromeast/Desktop/python-class-pollution/codeql-query/class-pollution-all/query/ExternalClassPollutionQueryNewSetAttrGetBoth.ql.
Starting evaluation of jackfromeast/class-pollution-all/query/ExternalClassPollutionQueryNewSetAttrGetAttr.ql.
A fatal error occurred: Cannot create dirty marker for cached strings
(eventual cause: NoSuchFileException "/home/jackfromeast/Desktop/python-class-pollution/tasks/class-pollution-positive...")
 (logger.py:42)
2025-04-28 04:27:39,594 - CodeQLRunner - ERROR - Failed to run query: /home/jackfromeast/Desktop/python-class-pollution/codeql-query/class-pollution-all/class-pollution-external.qls (logger.py:42)
2025-04-28 04:29:49,892 - CodeQLRunner - ERROR - Query timed out for Lookback-Lens: /home/jackfromeast/Desktop/python-class-pollution/codeql-query/class-pollution-all/class-pollution-external.qls (logger.py:42)
2025-04-28 04:29:50,149 - CodeQLRunner - ERROR - Failed to run query: /home/jackfromeast/Desktop/python-class-pollution/codeql-query/class-pollution-all/class-pollution-external.qls (logger.py:42)
2025-04-28 04:30:07,947 - CodeQLRunner - ERROR - Failed to execute query /home/jackfromeast/Desktop/python-class-pollution/codeql-query/class-pollution-all/class-pollution-external.qls: UnknownError: Running queries.
Compiling query plan for /home/jackfromeast/Desktop/python-class-pollution/codeql-query/class-pollution-all/query/ExternalClassPollutionQueryNewSetBothGetAttr.ql.
WARNING: unused variable 'setOpSecondObj' (/home/jackfromeast/Desktop/python-class-pollution/codeql-query/class-pollution-all/vuln/ClassPollutingAssignLib.qll:543,239-253)
WARNING: unused variable 'setOpSecondObj' (/home/jackfromeast/Desktop/python-class-pollution/codeql-query/class-pollution-all/vuln/ClassPollutingAssignLib.qll:562,245-259)
[1/6] Found in cache: /home/jackfromeast/Desktop/python-class-pollution/codeql-query/class-pollution-all/query/ExternalClassPollutionQueryNewSetBothGetAttr.ql.
Compiling query plan for /home/jackfromeast/Desktop/python-class-pollution/codeql-query/class-pollution-all/query/ExternalClassPollutionQueryNewSetAttrGetAttr.ql.
WARNING: unused variable 'setOpSecondObj' (/home/jackfromeast/Desktop/python-class-pollution/codeql-query/class-pollution-all/vuln/ClassPollutingAssignLib.qll:543,239-253)
WARNING: unused variable 'setOpSecondObj' (/home/jackfromeast/Desktop/python-class-pollution/codeql-query/class-pollution-all/vuln/ClassPollutingAssignLib.qll:562,245-259)
[2/6] Found in cache: /home/jackfromeast/Desktop/python-class-pollution/codeql-query/class-pollution-all/query/ExternalClassPollutionQueryNewSetAttrGetAttr.ql.
Compiling query plan for /home/jackfromeast/Desktop/python-class-pollution/codeql-query/class-pollution-all/query/ExternalClassPollutionQueryNewSetItemGetAttr.ql.
WARNING: unused variable 'setOpSecondObj' (/home/jackfromeast/Desktop/python-class-pollution/codeql-query/class-pollution-all/vuln/ClassPollutingAssignLib.qll:543,239-253)
WARNING: unused variable 'setOpSecondObj' (/home/jackfromeast/Desktop/python-class-pollution/codeql-query/class-pollution-all/vuln/ClassPollutingAssignLib.qll:562,245-259)
[3/6] Found in cache: /home/jackfromeast/Desktop/python-class-pollution/codeql-query/class-pollution-all/query/ExternalClassPollutionQueryNewSetItemGetAttr.ql.
Compiling query plan for /home/jackfromeast/Desktop/python-class-pollution/codeql-query/class-pollution-all/query/ExternalClassPollutionQueryNewSetBothGetBoth.ql.
WARNING: unused variable 'setOpSecondObj' (/home/jackfromeast/Desktop/python-class-pollution/codeql-query/class-pollution-all/vuln/ClassPollutingAssignLib.qll:543,239-253)
WARNING: unused variable 'setOpSecondObj' (/home/jackfromeast/Desktop/python-class-pollution/codeql-query/class-pollution-all/vuln/ClassPollutingAssignLib.qll:562,245-259)
[4/6] Found in cache: /home/jackfromeast/Desktop/python-class-pollution/codeql-query/class-pollution-all/query/ExternalClassPollutionQueryNewSetBothGetBoth.ql.
Compiling query plan for /home/jackfromeast/Desktop/python-class-pollution/codeql-query/class-pollution-all/query/ExternalClassPollutionQueryNewSetItemGetBoth.ql.
WARNING: unused variable 'setOpSecondObj' (/home/jackfromeast/Desktop/python-class-pollution/codeql-query/class-pollution-all/vuln/ClassPollutingAssignLib.qll:543,239-253)
WARNING: unused variable 'setOpSecondObj' (/home/jackfromeast/Desktop/python-class-pollution/codeql-query/class-pollution-all/vuln/ClassPollutingAssignLib.qll:562,245-259)
[5/6] Found in cache: /home/jackfromeast/Desktop/python-class-pollution/codeql-query/class-pollution-all/query/ExternalClassPollutionQueryNewSetItemGetBoth.ql.
Compiling query plan for /home/jackfromeast/Desktop/python-class-pollution/codeql-query/class-pollution-all/query/ExternalClassPollutionQueryNewSetAttrGetBoth.ql.
WARNING: unused variable 'setOpSecondObj' (/home/jackfromeast/Desktop/python-class-pollution/codeql-query/class-pollution-all/vuln/ClassPollutingAssignLib.qll:543,239-253)
WARNING: unused variable 'setOpSecondObj' (/home/jackfromeast/Desktop/python-class-pollution/codeql-query/class-pollution-all/vuln/ClassPollutingAssignLib.qll:562,245-259)
[6/6] Found in cache: /home/jackfromeast/Desktop/python-class-pollution/codeql-query/class-pollution-all/query/ExternalClassPollutionQueryNewSetAttrGetBoth.ql.
Starting evaluation of jackfromeast/class-pollution-all/query/ExternalClassPollutionQueryNewSetAttrGetAttr.ql.
A fatal error occurred: Cannot create dirty marker for cached strings
(eventual cause: NoSuchFileException "/home/jackfromeast/Desktop/python-class-pollution/tasks/class-pollution-positive...")
 (logger.py:42)
2025-04-28 04:30:07,947 - CodeQLRunner - ERROR - Failed to run query: /home/jackfromeast/Desktop/python-class-pollution/codeql-query/class-pollution-all/class-pollution-external.qls (logger.py:42)
2025-04-28 04:31:00,243 - CodeQLRunner - ERROR - Failed to build CodeQL database for apache-airflow: NoPythonCodeFoundException: No Python code found in the repository. (logger.py:42)
2025-04-28 04:33:22,786 - CodeQLRunner - ERROR - Failed to execute query /home/jackfromeast/Desktop/python-class-pollution/codeql-query/class-pollution-all/class-pollution-external.qls: UnknownError: Running queries.
Compiling query plan for /home/jackfromeast/Desktop/python-class-pollution/codeql-query/class-pollution-all/query/ExternalClassPollutionQueryNewSetBothGetAttr.ql.
WARNING: unused variable 'setOpSecondObj' (/home/jackfromeast/Desktop/python-class-pollution/codeql-query/class-pollution-all/vuln/ClassPollutingAssignLib.qll:543,239-253)
WARNING: unused variable 'setOpSecondObj' (/home/jackfromeast/Desktop/python-class-pollution/codeql-query/class-pollution-all/vuln/ClassPollutingAssignLib.qll:562,245-259)
[1/6] Found in cache: /home/jackfromeast/Desktop/python-class-pollution/codeql-query/class-pollution-all/query/ExternalClassPollutionQueryNewSetBothGetAttr.ql.
Compiling query plan for /home/jackfromeast/Desktop/python-class-pollution/codeql-query/class-pollution-all/query/ExternalClassPollutionQueryNewSetAttrGetAttr.ql.
WARNING: unused variable 'setOpSecondObj' (/home/jackfromeast/Desktop/python-class-pollution/codeql-query/class-pollution-all/vuln/ClassPollutingAssignLib.qll:543,239-253)
WARNING: unused variable 'setOpSecondObj' (/home/jackfromeast/Desktop/python-class-pollution/codeql-query/class-pollution-all/vuln/ClassPollutingAssignLib.qll:562,245-259)
[2/6] Found in cache: /home/jackfromeast/Desktop/python-class-pollution/codeql-query/class-pollution-all/query/ExternalClassPollutionQueryNewSetAttrGetAttr.ql.
Compiling query plan for /home/jackfromeast/Desktop/python-class-pollution/codeql-query/class-pollution-all/query/ExternalClassPollutionQueryNewSetItemGetAttr.ql.
WARNING: unused variable 'setOpSecondObj' (/home/jackfromeast/Desktop/python-class-pollution/codeql-query/class-pollution-all/vuln/ClassPollutingAssignLib.qll:543,239-253)
WARNING: unused variable 'setOpSecondObj' (/home/jackfromeast/Desktop/python-class-pollution/codeql-query/class-pollution-all/vuln/ClassPollutingAssignLib.qll:562,245-259)
[3/6] Found in cache: /home/jackfromeast/Desktop/python-class-pollution/codeql-query/class-pollution-all/query/ExternalClassPollutionQueryNewSetItemGetAttr.ql.
Compiling query plan for /home/jackfromeast/Desktop/python-class-pollution/codeql-query/class-pollution-all/query/ExternalClassPollutionQueryNewSetBothGetBoth.ql.
WARNING: unused variable 'setOpSecondObj' (/home/jackfromeast/Desktop/python-class-pollution/codeql-query/class-pollution-all/vuln/ClassPollutingAssignLib.qll:543,239-253)
WARNING: unused variable 'setOpSecondObj' (/home/jackfromeast/Desktop/python-class-pollution/codeql-query/class-pollution-all/vuln/ClassPollutingAssignLib.qll:562,245-259)
[4/6] Found in cache: /home/jackfromeast/Desktop/python-class-pollution/codeql-query/class-pollution-all/query/ExternalClassPollutionQueryNewSetBothGetBoth.ql.
Compiling query plan for /home/jackfromeast/Desktop/python-class-pollution/codeql-query/class-pollution-all/query/ExternalClassPollutionQueryNewSetItemGetBoth.ql.
WARNING: unused variable 'setOpSecondObj' (/home/jackfromeast/Desktop/python-class-pollution/codeql-query/class-pollution-all/vuln/ClassPollutingAssignLib.qll:543,239-253)
WARNING: unused variable 'setOpSecondObj' (/home/jackfromeast/Desktop/python-class-pollution/codeql-query/class-pollution-all/vuln/ClassPollutingAssignLib.qll:562,245-259)
[5/6] Found in cache: /home/jackfromeast/Desktop/python-class-pollution/codeql-query/class-pollution-all/query/ExternalClassPollutionQueryNewSetItemGetBoth.ql.
Compiling query plan for /home/jackfromeast/Desktop/python-class-pollution/codeql-query/class-pollution-all/query/ExternalClassPollutionQueryNewSetAttrGetBoth.ql.
WARNING: unused variable 'setOpSecondObj' (/home/jackfromeast/Desktop/python-class-pollution/codeql-query/class-pollution-all/vuln/ClassPollutingAssignLib.qll:543,239-253)
WARNING: unused variable 'setOpSecondObj' (/home/jackfromeast/Desktop/python-class-pollution/codeql-query/class-pollution-all/vuln/ClassPollutingAssignLib.qll:562,245-259)
[6/6] Found in cache: /home/jackfromeast/Desktop/python-class-pollution/codeql-query/class-pollution-all/query/ExternalClassPollutionQueryNewSetAttrGetBoth.ql.
Starting evaluation of jackfromeast/class-pollution-all/query/ExternalClassPollutionQueryNewSetAttrGetAttr.ql.
Oops! A fatal internal error occurred. Details:
com.semmle.util.exception.CatastrophicError: An error occurred while evaluating DataFlowImpl::Impl<TaintTracking::TaintTracking::GlobalWithState<ClassPollutionTaintTrackingLib::ClassPollutionTaintTracking::TrackingClassPollutionKeyToAssignmentConfiguration>::C>::Stage4::fwdFlow1/8#aa0e63c7_20134567#join_rhs/8@cae4e7np
Severe disk cache trouble (corruption or out of space) at /home/jackfromeast/Desktop/python-class-pollution/tasks/class-pollution-positive-remote/output/wandb/codeql-db/db-python/default/cache/relations/d6.pack: Could not load d62417n08vqbu3ogfp8qsugf2la
The RA to evaluate was:

    {8} r1 = SCAN `DataFlowImpl::Impl<TaintTracking::TaintTracking::GlobalWithState<ClassPollutionTaintTrackingLib::ClassPollutionTaintTracking::TrackingClassPollutionKeyToAssignmentConfiguration>::C>::Stage4::fwdFlow1/8#aa0e63c7` OUTPUT In.2, In.0, In.1, In.3, In.4, In.5, In.6, In.7
    return r1

(eventual cause: NoSuchFileException "/home/jackfromeast/Desktop/python-class-pollution/tasks/class-pollution-positive...")
	at com.semmle.inmemory.pipeline.MetaPipelineInstance.wrapWithRaDump(MetaPipelineInstance.java:204)
	at com.semmle.inmemory.pipeline.MetaPipelineInstance.exceptionCaught(MetaPipelineInstance.java:174)
	at com.semmle.inmemory.scheduler.execution.ThreadableWork.handleAndLog(ThreadableWork.java:593)
	at com.semmle.inmemory.scheduler.execution.ThreadableWork.doSomeWork(ThreadableWork.java:410)
	at com.semmle.inmemory.scheduler.IntensionalLayer$IntensionalWork.evaluate(IntensionalLayer.java:124)
	at com.semmle.inmemory.scheduler.SimpleLayerTask$SimpleLayerWork.doWork(SimpleLayerTask.java:69)
	at com.semmle.inmemory.scheduler.execution.ThreadableWork.doSomeWork(ThreadableWork.java:396)
	at com.semmle.inmemory.scheduler.execution.ExecutionScheduler.runnerMain(ExecutionScheduler.java:707)
	at java.base/java.util.concurrent.ThreadPoolExecutor.runWorker(Unknown Source)
	at java.base/java.util.concurrent.ThreadPoolExecutor$Worker.run(Unknown Source)
	at java.base/java.lang.Thread.run(Unknown Source)
Caused by: Severe disk cache trouble (corruption or out of space) at /home/jackfromeast/Desktop/python-class-pollution/tasks/class-pollution-positive-remote/output/wandb/codeql-db/db-python/default/cache/relations/d6.pack: Could not load d62417n08vqbu3ogfp8qsugf2la
(eventual cause: NoSuchFileException "/home/jackfromeast/Desktop/python-class-pollution/tasks/class-pollution-positive...")
	at com.semmle.inmemory.caching.RelationCacheImpl.lambda$create$0(RelationCacheImpl.java:87)
	at com.semmle.inmemory.caching.byhash.disk.OnDiskPack$Scanner.invokeCallback(OnDiskPack.java:653)
	at com.semmle.inmemory.caching.byhash.disk.OnDiskPack$Scanner.doScan(OnDiskPack.java:674)
	at com.semmle.inmemory.caching.byhash.disk.OnDiskPack.scanPack(OnDiskPack.java:604)
	at com.semmle.inmemory.caching.byhash.disk.OnDiskStore$1.execute(OnDiskStore.java:322)
	at com.semmle.inmemory.caching.byhash.disk.OnDiskStore.scanThisAndItsNeighbours(OnDiskStore.java:325)
	at com.semmle.inmemory.caching.byhash.evict.Evictor.scanRelationsOnDisk(Evictor.java:1210)
	at com.semmle.inmemory.caching.byhash.evict.Evictor.traceDiskImportances(Evictor.java:1276)
	at com.semmle.inmemory.caching.byhash.evict.Evictor.ensureSpaceOnDisk(Evictor.java:1149)
	at com.semmle.inmemory.caching.byhash.evict.Evictor.writeSelectedItems(Evictor.java:1049)
	at com.semmle.inmemory.caching.byhash.evict.Evictor.reduceMemoryUsage(Evictor.java:459)
	at com.semmle.inmemory.alloc.MemoryManager.reduceArraySpace(MemoryManager.java:342)
	at com.semmle.inmemory.alloc.RigidArrayAllocator.allocateArrays(RigidArrayAllocator.java:178)
	at com.semmle.inmemory.alloc.MemoryManager.allocateArrays(MemoryManager.java:413)
	at com.semmle.inmemory.relations.IntArraySorter.deliverAndWriteSortedTuples(IntArraySorter.java:350)
	at com.semmle.inmemory.relations.IntArraySorter.sortAndDeliverCompletePages(IntArraySorter.java:143)
	at com.semmle.inmemory.relations.writers.IntArrayWriter.sortAndDeliverCompletePages(IntArrayWriter.java:277)
	at com.semmle.inmemory.relations.writers.UnsortedRelationWriter.makeSpaceIfNeeded(UnsortedRelationWriter.java:133)
	at com.semmle.inmemory.relations.writers.UnsortedRelationWriter$1.addBatch(UnsortedRelationWriter.java:115)
	at com.semmle.inmemory.pipeline.RelationWritingStep$RelationWritingState.processBatch(RelationWritingStep.java:90)
	at com.semmle.inmemory.pipeline.SimpleStep$SimpleState.deliverBatch(SimpleStep.java:146)
	at com.semmle.inmemory.pipeline.SimpleStep$SimpleState.deliverOwnBatch(SimpleStep.java:130)
	at com.semmle.inmemory.pipeline.ExpanderStep$ExpanderState.deliverMatchOutput(ExpanderStep.java:85)
	at com.semmle.inmemory.pipeline.LiteralStep$LiteralState.deliverRelation(LiteralStep.java:76)
	at com.semmle.inmemory.pipeline.LiteralStep.deliverRelation(LiteralStep.java:161)
	at com.semmle.inmemory.pipeline.LiteralStep$1.headEndWork(LiteralStep.java:141)
	at com.semmle.inmemory.pipeline.HeadEndDispatcher.headEndWork(HeadEndDispatcher.java:75)
	at com.semmle.inmemory.pipeline.PipelineState.doSomeWork(PipelineState.java:88)
	at com.semmle.inmemory.pipeline.PipelineInstance.doWork(PipelineInstance.java:78)
	at com.semmle.inmemory.scheduler.execution.ThreadableWork.doSomeWork(ThreadableWork.java:396)
	at com.semmle.inmemory.scheduler.execution.ChainingWork.doWork(ChainingWork.java:30)
	at com.semmle.inmemory.scheduler.execution.ThreadableWork.doSomeWork(ThreadableWork.java:396)
	... 7 more
Caused by: java.nio.file.NoSuchFileException: /home/jackfromeast/Desktop/python-class-pollution/tasks/class-pollution-positive-remote/output/wandb/codeql-db/db-python/default/cache/relations/d6.pack
	at java.base/sun.nio.fs.UnixException.translateToIOException(Unknown Source)
	at java.base/sun.nio.fs.UnixException.rethrowAsIOException(Unknown Source)
	at java.base/sun.nio.fs.UnixException.rethrowAsIOException(Unknown Source)
	at java.base/sun.nio.fs.UnixFileSystemProvider.newFileChannel(Unknown Source)
	at java.base/java.nio.channels.FileChannel.open(Unknown Source)
	at java.base/java.nio.channels.FileChannel.open(Unknown Source)
	at com.semmle.inmemory.caching.byhash.disk.OnDiskPack.openDirfile(OnDiskPack.java:893)
	at com.semmle.inmemory.caching.byhash.disk.OnDiskPack$Scanner.invokeCallback(OnDiskPack.java:645)
	... 37 more

 (logger.py:42)
2025-04-28 04:33:22,786 - CodeQLRunner - ERROR - Failed to run query: /home/jackfromeast/Desktop/python-class-pollution/codeql-query/class-pollution-all/class-pollution-external.qls (logger.py:42)
2025-04-28 04:37:55,818 - CodeQLRunner - ERROR - Query timed out for rtclite: /home/jackfromeast/Desktop/python-class-pollution/codeql-query/class-pollution-all/class-pollution-external.qls (logger.py:42)
2025-04-28 04:37:55,958 - CodeQLRunner - ERROR - Failed to run query: /home/jackfromeast/Desktop/python-class-pollution/codeql-query/class-pollution-all/class-pollution-external.qls (logger.py:42)
2025-04-28 04:40:15,179 - CodeQLRunner - ERROR - Query timed out for baram: /home/jackfromeast/Desktop/python-class-pollution/codeql-query/class-pollution-all/class-pollution-external.qls (logger.py:42)
2025-04-28 04:40:15,479 - CodeQLRunner - ERROR - Failed to run query: /home/jackfromeast/Desktop/python-class-pollution/codeql-query/class-pollution-all/class-pollution-external.qls (logger.py:42)
2025-04-28 04:47:51,850 - CodeQLRunner - ERROR - Building CodeQL database timed out: control-lora-v2 (logger.py:42)
2025-04-28 04:48:24,798 - CodeQLRunner - ERROR - Failed to build CodeQL database for azure-cli-core: UnknownError: Initializing database at /home/jackfromeast/Desktop/python-class-pollution/tasks/class-pollution-positive-remote/output/azure-cli-core/codeql-db.
Running build command: []
Running command in /home/jackfromeast/Desktop/python-class-pollution/tasks/class-pollution-positive-remote/output/azure-cli-core/codebase: [/home/jackfromeast/Downloads/codeql/python/tools/autobuild.sh]
Finalizing database at /home/jackfromeast/Desktop/python-class-pollution/tasks/class-pollution-positive-remote/output/azure-cli-core/codeql-db.
Running pre-finalize script /home/jackfromeast/Downloads/codeql/python/tools/pre-finalize.sh in /home/jackfromeast/Desktop/python-class-pollution/tasks/class-pollution-positive-remote/output/azure-cli-core/codebase.
Running command in /home/jackfromeast/Desktop/python-class-pollution/tasks/class-pollution-positive-remote/output/azure-cli-core/codebase: [/home/jackfromeast/Downloads/codeql/python/tools/pre-finalize.sh]
Running TRAP import for CodeQL database at /home/jackfromeast/Desktop/python-class-pollution/tasks/class-pollution-positive-remote/output/azure-cli-core/codeql-db...
A fatal error occurred: Dataset /home/jackfromeast/Desktop/python-class-pollution/tasks/class-pollution-positive-remote/output/azure-cli-core/codeql-db/db-python has been finalized and does not support further TRAP import.
A fatal error occurred: Dataset import for /home/jackfromeast/Desktop/python-class-pollution/tasks/class-pollution-positive-remote/output/azure-cli-core/codeql-db/db-python failed with code 2.
 (logger.py:42)
2025-04-28 04:48:25,015 - CodeQLRunner - ERROR - Failed to execute query /home/jackfromeast/Desktop/python-class-pollution/codeql-query/class-pollution-all/class-pollution-external.qls: UnknownError: Running queries.
Compiling query plan for /home/jackfromeast/Desktop/python-class-pollution/codeql-query/class-pollution-all/query/ExternalClassPollutionQueryNewSetBothGetAttr.ql.
WARNING: unused variable 'setOpSecondObj' (/home/jackfromeast/Desktop/python-class-pollution/codeql-query/class-pollution-all/vuln/ClassPollutingAssignLib.qll:543,239-253)
WARNING: unused variable 'setOpSecondObj' (/home/jackfromeast/Desktop/python-class-pollution/codeql-query/class-pollution-all/vuln/ClassPollutingAssignLib.qll:562,245-259)
[1/6] Found in cache: /home/jackfromeast/Desktop/python-class-pollution/codeql-query/class-pollution-all/query/ExternalClassPollutionQueryNewSetBothGetAttr.ql.
Compiling query plan for /home/jackfromeast/Desktop/python-class-pollution/codeql-query/class-pollution-all/query/ExternalClassPollutionQueryNewSetAttrGetAttr.ql.
WARNING: unused variable 'setOpSecondObj' (/home/jackfromeast/Desktop/python-class-pollution/codeql-query/class-pollution-all/vuln/ClassPollutingAssignLib.qll:543,239-253)
WARNING: unused variable 'setOpSecondObj' (/home/jackfromeast/Desktop/python-class-pollution/codeql-query/class-pollution-all/vuln/ClassPollutingAssignLib.qll:562,245-259)
[2/6] Found in cache: /home/jackfromeast/Desktop/python-class-pollution/codeql-query/class-pollution-all/query/ExternalClassPollutionQueryNewSetAttrGetAttr.ql.
Compiling query plan for /home/jackfromeast/Desktop/python-class-pollution/codeql-query/class-pollution-all/query/ExternalClassPollutionQueryNewSetItemGetAttr.ql.
WARNING: unused variable 'setOpSecondObj' (/home/jackfromeast/Desktop/python-class-pollution/codeql-query/class-pollution-all/vuln/ClassPollutingAssignLib.qll:543,239-253)
WARNING: unused variable 'setOpSecondObj' (/home/jackfromeast/Desktop/python-class-pollution/codeql-query/class-pollution-all/vuln/ClassPollutingAssignLib.qll:562,245-259)
[3/6] Found in cache: /home/jackfromeast/Desktop/python-class-pollution/codeql-query/class-pollution-all/query/ExternalClassPollutionQueryNewSetItemGetAttr.ql.
Compiling query plan for /home/jackfromeast/Desktop/python-class-pollution/codeql-query/class-pollution-all/query/ExternalClassPollutionQueryNewSetBothGetBoth.ql.
WARNING: unused variable 'setOpSecondObj' (/home/jackfromeast/Desktop/python-class-pollution/codeql-query/class-pollution-all/vuln/ClassPollutingAssignLib.qll:543,239-253)
WARNING: unused variable 'setOpSecondObj' (/home/jackfromeast/Desktop/python-class-pollution/codeql-query/class-pollution-all/vuln/ClassPollutingAssignLib.qll:562,245-259)
[4/6] Found in cache: /home/jackfromeast/Desktop/python-class-pollution/codeql-query/class-pollution-all/query/ExternalClassPollutionQueryNewSetBothGetBoth.ql.
Compiling query plan for /home/jackfromeast/Desktop/python-class-pollution/codeql-query/class-pollution-all/query/ExternalClassPollutionQueryNewSetItemGetBoth.ql.
WARNING: unused variable 'setOpSecondObj' (/home/jackfromeast/Desktop/python-class-pollution/codeql-query/class-pollution-all/vuln/ClassPollutingAssignLib.qll:543,239-253)
WARNING: unused variable 'setOpSecondObj' (/home/jackfromeast/Desktop/python-class-pollution/codeql-query/class-pollution-all/vuln/ClassPollutingAssignLib.qll:562,245-259)
[5/6] Found in cache: /home/jackfromeast/Desktop/python-class-pollution/codeql-query/class-pollution-all/query/ExternalClassPollutionQueryNewSetItemGetBoth.ql.
Compiling query plan for /home/jackfromeast/Desktop/python-class-pollution/codeql-query/class-pollution-all/query/ExternalClassPollutionQueryNewSetAttrGetBoth.ql.
WARNING: unused variable 'setOpSecondObj' (/home/jackfromeast/Desktop/python-class-pollution/codeql-query/class-pollution-all/vuln/ClassPollutingAssignLib.qll:543,239-253)
WARNING: unused variable 'setOpSecondObj' (/home/jackfromeast/Desktop/python-class-pollution/codeql-query/class-pollution-all/vuln/ClassPollutingAssignLib.qll:562,245-259)
[6/6] Found in cache: /home/jackfromeast/Desktop/python-class-pollution/codeql-query/class-pollution-all/query/ExternalClassPollutionQueryNewSetAttrGetBoth.ql.
Starting evaluation of jackfromeast/class-pollution-all/query/ExternalClassPollutionQueryNewSetAttrGetAttr.ql.
Oops! A fatal internal error occurred. Details:
com.semmle.util.exception.CatastrophicError: An error occurred while evaluating num#DataFlowImpl::Impl<TaintTracking::TaintTracking::GlobalWithState<ClassPollutionTaintTrackingLib::ClassPollutionTaintTracking::TrackingClassPollutionKeyToAssignmentConfiguration>::C>::S6Graph::TPathNodeMid#6561af31/7@3e3db2d5
Cannot create dirty marker for cached strings
The RA to evaluate was:

    {7} r1 = INVOKE HIGHER-ORDER RELATION construct<DataFlowImpl#248dabc3::MakeImpl-Files#a547fcb4::Location-DataFlowImplSpecific#9c24d182::PythonDataFlow-::Impl-TaintTrac-fca611d2,0> ON <`DataFlowImpl::Impl<TaintTracking::TaintTracking::GlobalWithState<ClassPollutionTaintTrackingLib::ClassPollutionTaintTracking::TrackingClassPollutionKeyToAssignmentConfiguration>::C>::S6Graph::TPathNodeMid#dom#ef5a3208`>
    return r1

(eventual cause: NoSuchFileException "/home/jackfromeast/Desktop/python-class-pollution/tasks/class-pollution-positive...")
	at com.semmle.inmemory.pipeline.MetaPipelineInstance.wrapWithRaDump(MetaPipelineInstance.java:204)
	at com.semmle.inmemory.pipeline.MetaPipelineInstance.exceptionCaught(MetaPipelineInstance.java:174)
	at com.semmle.inmemory.scheduler.execution.ThreadableWork.handleAndLog(ThreadableWork.java:593)
	at com.semmle.inmemory.scheduler.execution.ThreadableWork.doSomeWork(ThreadableWork.java:410)
	at com.semmle.inmemory.scheduler.IntensionalLayer$IntensionalWork.evaluate(IntensionalLayer.java:124)
	at com.semmle.inmemory.scheduler.SimpleLayerTask$SimpleLayerWork.doWork(SimpleLayerTask.java:69)
	at com.semmle.inmemory.scheduler.execution.ThreadableWork.doSomeWork(ThreadableWork.java:396)
	at com.semmle.inmemory.scheduler.execution.ExecutionScheduler.runnerMain(ExecutionScheduler.java:707)
	at java.base/java.util.concurrent.ThreadPoolExecutor.runWorker(Unknown Source)
	at java.base/java.util.concurrent.ThreadPoolExecutor$Worker.run(Unknown Source)
	at java.base/java.lang.Thread.run(Unknown Source)
Caused by: Cannot create dirty marker for cached strings
(eventual cause: NoSuchFileException "/home/jackfromeast/Desktop/python-class-pollution/tasks/class-pollution-positive...")
	at com.semmle.inmemory.stringpool.StringPool.promoteStringToCached(StringPool.java:479)
	at com.semmle.inmemory.stringpool.StringPool.promoteToCached(StringPool.java:449)
	at com.semmle.inmemory.caching.TuplePool$ComplexNumberer.lambda$freshNumberRelation$1(TuplePool.java:496)
	at com.semmle.inmemory.relations.BaseIntArrayRelation.map(BaseIntArrayRelation.java:88)
	at com.semmle.inmemory.caching.PagedRelation.map(PagedRelation.java:158)
	at com.semmle.inmemory.relations.AbstractRelation.deduplicateMap(AbstractRelation.java:138)
	at com.semmle.inmemory.caching.TuplePool$ComplexNumberer.lambda$freshNumberRelation$2(TuplePool.java:480)
	at com.semmle.inmemory.relations.writers.RelationWriter.withSink(RelationWriter.java:72)
	at com.semmle.inmemory.caching.TuplePool$ComplexNumberer.freshNumberRelation(TuplePool.java:478)
	at com.semmle.inmemory.caching.TuplePool$ComplexNumberer.doNumbering(TuplePool.java:436)
	at com.semmle.inmemory.caching.TuplePool.lambda$doNumbering$1(TuplePool.java:245)
	at com.semmle.util.concurrent.LockUtils.runThenUnlock(LockUtils.java:8)
	at com.semmle.inmemory.caching.TuplePool$ComplexNumberer.doWithBranchLock(TuplePool.java:561)
	at com.semmle.inmemory.caching.TuplePool.doNumbering(TuplePool.java:233)
	at com.semmle.inmemory.ast.IMBConstructDatatype.doNumberingStreaming(IMBConstructDatatype.java:165)
	at com.semmle.inmemory.ast.IMBConstructDatatype$1.evaluateSink(IMBConstructDatatype.java:142)
	at com.semmle.inmemory.pipeline.HOPStep.generateTuples(HOPStep.java:57)
	at com.semmle.inmemory.pipeline.SimpleHeadStep.lambda$forwardInitialize$0(SimpleHeadStep.java:32)
	at com.semmle.inmemory.pipeline.HeadEndDispatcher.headEndWork(HeadEndDispatcher.java:75)
	at com.semmle.inmemory.pipeline.PipelineState.doSomeWork(PipelineState.java:88)
	at com.semmle.inmemory.pipeline.PipelineInstance.doWork(PipelineInstance.java:78)
	at com.semmle.inmemory.scheduler.execution.ThreadableWork.doSomeWork(ThreadableWork.java:396)
	at com.semmle.inmemory.scheduler.execution.ChainingWork.doWork(ChainingWork.java:30)
	at com.semmle.inmemory.scheduler.execution.ThreadableWork.doSomeWork(ThreadableWork.java:396)
	... 7 more
Caused by: java.nio.file.NoSuchFileException: /home/jackfromeast/Desktop/python-class-pollution/tasks/class-pollution-positive-remote/output/azure-cli-core/codeql-db/db-python/default/cache/cached-strings/pools/dirty
	at java.base/sun.nio.fs.UnixException.translateToIOException(Unknown Source)
	at java.base/sun.nio.fs.UnixException.rethrowAsIOException(Unknown Source)
	at java.base/sun.nio.fs.UnixException.rethrowAsIOException(Unknown Source)
	at java.base/sun.nio.fs.UnixFileSystemProvider.newByteChannel(Unknown Source)
	at java.base/java.nio.file.Files.newByteChannel(Unknown Source)
	at java.base/java.nio.file.Files.createFile(Unknown Source)
	at com.semmle.inmemory.stringpool.StringPool.promoteStringToCached(StringPool.java:476)
	... 30 more

 (logger.py:42)
2025-04-28 04:48:25,015 - CodeQLRunner - ERROR - Failed to run query: /home/jackfromeast/Desktop/python-class-pollution/codeql-query/class-pollution-all/class-pollution-external.qls (logger.py:42)
2025-04-28 04:49:51,136 - CodeQLRunner - ERROR - Failed to build CodeQL database for google-genai: UnknownError: A fatal error occurred: Failed to delete old database directory
(eventual cause: MultiIOException "java.io.IOException: Failed to delete /home/jackfromeast/Desktop/python-class-po...")
 (logger.py:42)
2025-04-28 04:50:14,147 - CodeQLRunner - ERROR - Building CodeQL database timed out: Wav2Keyword (logger.py:42)
2025-04-28 04:54:18,954 - CodeQLRunner - ERROR - Building CodeQL database timed out: google-api-core (logger.py:42)
2025-04-28 04:56:47,222 - CodeQLRunner - ERROR - Building CodeQL database timed out: mock (logger.py:42)
2025-04-28 05:07:29,863 - CodeQLRunner - ERROR - Failed to execute query /home/jackfromeast/Desktop/python-class-pollution/codeql-query/class-pollution-all/class-pollution-external.qls: UnknownError: Running queries.
Compiling query plan for /home/jackfromeast/Desktop/python-class-pollution/codeql-query/class-pollution-all/query/ExternalClassPollutionQueryNewSetBothGetAttr.ql.
WARNING: unused variable 'setOpSecondObj' (/home/jackfromeast/Desktop/python-class-pollution/codeql-query/class-pollution-all/vuln/ClassPollutingAssignLib.qll:543,239-253)
WARNING: unused variable 'setOpSecondObj' (/home/jackfromeast/Desktop/python-class-pollution/codeql-query/class-pollution-all/vuln/ClassPollutingAssignLib.qll:562,245-259)
[1/6] Found in cache: /home/jackfromeast/Desktop/python-class-pollution/codeql-query/class-pollution-all/query/ExternalClassPollutionQueryNewSetBothGetAttr.ql.
Compiling query plan for /home/jackfromeast/Desktop/python-class-pollution/codeql-query/class-pollution-all/query/ExternalClassPollutionQueryNewSetAttrGetAttr.ql.
WARNING: unused variable 'setOpSecondObj' (/home/jackfromeast/Desktop/python-class-pollution/codeql-query/class-pollution-all/vuln/ClassPollutingAssignLib.qll:543,239-253)
WARNING: unused variable 'setOpSecondObj' (/home/jackfromeast/Desktop/python-class-pollution/codeql-query/class-pollution-all/vuln/ClassPollutingAssignLib.qll:562,245-259)
[2/6] Found in cache: /home/jackfromeast/Desktop/python-class-pollution/codeql-query/class-pollution-all/query/ExternalClassPollutionQueryNewSetAttrGetAttr.ql.
Compiling query plan for /home/jackfromeast/Desktop/python-class-pollution/codeql-query/class-pollution-all/query/ExternalClassPollutionQueryNewSetItemGetAttr.ql.
WARNING: unused variable 'setOpSecondObj' (/home/jackfromeast/Desktop/python-class-pollution/codeql-query/class-pollution-all/vuln/ClassPollutingAssignLib.qll:543,239-253)
WARNING: unused variable 'setOpSecondObj' (/home/jackfromeast/Desktop/python-class-pollution/codeql-query/class-pollution-all/vuln/ClassPollutingAssignLib.qll:562,245-259)
[3/6] Found in cache: /home/jackfromeast/Desktop/python-class-pollution/codeql-query/class-pollution-all/query/ExternalClassPollutionQueryNewSetItemGetAttr.ql.
Compiling query plan for /home/jackfromeast/Desktop/python-class-pollution/codeql-query/class-pollution-all/query/ExternalClassPollutionQueryNewSetBothGetBoth.ql.
WARNING: unused variable 'setOpSecondObj' (/home/jackfromeast/Desktop/python-class-pollution/codeql-query/class-pollution-all/vuln/ClassPollutingAssignLib.qll:543,239-253)
WARNING: unused variable 'setOpSecondObj' (/home/jackfromeast/Desktop/python-class-pollution/codeql-query/class-pollution-all/vuln/ClassPollutingAssignLib.qll:562,245-259)
[4/6] Found in cache: /home/jackfromeast/Desktop/python-class-pollution/codeql-query/class-pollution-all/query/ExternalClassPollutionQueryNewSetBothGetBoth.ql.
Compiling query plan for /home/jackfromeast/Desktop/python-class-pollution/codeql-query/class-pollution-all/query/ExternalClassPollutionQueryNewSetItemGetBoth.ql.
WARNING: unused variable 'setOpSecondObj' (/home/jackfromeast/Desktop/python-class-pollution/codeql-query/class-pollution-all/vuln/ClassPollutingAssignLib.qll:543,239-253)
WARNING: unused variable 'setOpSecondObj' (/home/jackfromeast/Desktop/python-class-pollution/codeql-query/class-pollution-all/vuln/ClassPollutingAssignLib.qll:562,245-259)
[5/6] Found in cache: /home/jackfromeast/Desktop/python-class-pollution/codeql-query/class-pollution-all/query/ExternalClassPollutionQueryNewSetItemGetBoth.ql.
Compiling query plan for /home/jackfromeast/Desktop/python-class-pollution/codeql-query/class-pollution-all/query/ExternalClassPollutionQueryNewSetAttrGetBoth.ql.
WARNING: unused variable 'setOpSecondObj' (/home/jackfromeast/Desktop/python-class-pollution/codeql-query/class-pollution-all/vuln/ClassPollutingAssignLib.qll:543,239-253)
WARNING: unused variable 'setOpSecondObj' (/home/jackfromeast/Desktop/python-class-pollution/codeql-query/class-pollution-all/vuln/ClassPollutingAssignLib.qll:562,245-259)
[6/6] Found in cache: /home/jackfromeast/Desktop/python-class-pollution/codeql-query/class-pollution-all/query/ExternalClassPollutionQueryNewSetAttrGetBoth.ql.
Starting evaluation of jackfromeast/class-pollution-all/query/ExternalClassPollutionQueryNewSetAttrGetAttr.ql.
Oops! A fatal internal error occurred. Details:
com.semmle.util.exception.CatastrophicError: An error occurred while evaluating _DataFlowImpl::Impl<TaintTracking::TaintTracking::GlobalWithState<ClassPollutionTaintTrackingLib::Cl__#antijoin_rhs#6/6@62fe79l7
Severe disk cache trouble (corruption or out of space) at /home/jackfromeast/Desktop/python-class-pollution/tasks/class-pollution-positive-remote/output/clearml/codeql-db/db-python/default/cache/relations/e0.pack: Failed to load e0dbdevla5kh8s75pklfe25fa13
The RA to evaluate was:

    {6} r1 = JOIN _ClassPollutionTaintTrackingLib::ClassPollutionTaintTracking::TrackingClassPollutionKeyToAssignmentC__#shared#1 WITH `project#ClassPollutingAssignLib::ClassPollutionAssignment::isClassPollutedAssignmentThroughAttrSettingStrict/8#9434fa45#ffffffbf#cpe#1234568_30124#join_rhs` ON FIRST 1 OUTPUT Rhs.3, Lhs.1, Lhs.0, Rhs.1, Rhs.2, Rhs.4
    {7}    | JOIN WITH `DataFlowImpl::Impl<TaintTracking::TaintTracking::GlobalWithState<ClassPollutionTaintTrackingLib::ClassPollutionTaintTracking::TrackingClassPollutionKeyToAssignmentConfiguration>::C>::S6::PathNode.getNode/0#dispred#028ac61b` ON FIRST 1 OUTPUT Lhs.2, Lhs.1, Lhs.3, Lhs.4, Lhs.0, Lhs.5, Rhs.1
    {8}    | JOIN WITH `DataFlowImpl::Impl<TaintTracking::TaintTracking::GlobalWithState<ClassPollutionTaintTrackingLib::ClassPollutionTaintTracking::TrackingClassPollutionKeyToAssignmentConfiguration>::C>::S6::PathNode.getNode/0#dispred#028ac61b` ON FIRST 1 OUTPUT Lhs.6, Lhs.1, Lhs.0, Lhs.2, Lhs.3, Lhs.4, Lhs.5, Rhs.1
    {8}    | JOIN WITH `DataFlowImpl::Impl<TaintTracking::TaintTracking::GlobalWithState<ClassPollutionTaintTrackingLib::ClassPollutionTaintTracking::TrackingClassPollutionKeyToAssignmentConfiguration>::C>::S6::PathNode.getNode/0#dispred#028ac61b_10#join_rhs` ON FIRST 1 OUTPUT Lhs.7, Lhs.1, Lhs.2, Lhs.3, Lhs.4, Lhs.5, Lhs.6, Rhs.1
    {8}    | JOIN WITH `DataFlowImpl::Impl<TaintTracking::TaintTracking::GlobalWithState<ClassPollutionTaintTrackingLib::ClassPollutionTaintTracking::TrackingClassPollutionKeyToAssignmentConfiguration>::C>::S6::PathNode.getNode/0#dispred#028ac61b_10#join_rhs` ON FIRST 1 OUTPUT Lhs.7, Rhs.1, Lhs.1, Lhs.2, Lhs.3, Lhs.4, Lhs.5, Lhs.6

    {6} r2 = JOIN r1 WITH `project#ClassPollutingAssignLib::ClassPollutionAssignment::isClassPollutedAssignmentThroughAttrSetting/6#bd47046b#ffffbf#cpe#12346` ON FIRST 2 OUTPUT Lhs.2, Lhs.3, Lhs.4, Lhs.5, Lhs.6, Lhs.7

    {6} r3 = JOIN r1 WITH `project#ClassPollutingAssignLib::ClassPollutionAssignment::isClassPollutedAssignmentThroughItemSetting/6#92aba852` ON FIRST 2 OUTPUT Lhs.2, Lhs.3, Lhs.4, Lhs.5, Lhs.6, Lhs.7

    {6} r4 = r2 UNION r3
    return r4

(eventual cause: NoSuchFileException "/home/jackfromeast/Desktop/python-class-pollution/tasks/class-pollution-positive...")
	at com.semmle.inmemory.pipeline.MetaPipelineInstance.wrapWithRaDump(MetaPipelineInstance.java:204)
	at com.semmle.inmemory.pipeline.MetaPipelineInstance.exceptionCaught(MetaPipelineInstance.java:174)
	at com.semmle.inmemory.scheduler.execution.ThreadableWork.handleAndLog(ThreadableWork.java:593)
	at com.semmle.inmemory.scheduler.execution.ThreadableWork.doSomeWork(ThreadableWork.java:410)
	at com.semmle.inmemory.scheduler.IntensionalLayer$IntensionalWork.evaluate(IntensionalLayer.java:124)
	at com.semmle.inmemory.scheduler.SimpleLayerTask$SimpleLayerWork.doWork(SimpleLayerTask.java:69)
	at com.semmle.inmemory.scheduler.execution.ThreadableWork.doSomeWork(ThreadableWork.java:396)
	at com.semmle.inmemory.scheduler.execution.ExecutionScheduler.runnerMain(ExecutionScheduler.java:707)
	at java.base/java.util.concurrent.ThreadPoolExecutor.runWorker(Unknown Source)
	at java.base/java.util.concurrent.ThreadPoolExecutor$Worker.run(Unknown Source)
	at java.base/java.lang.Thread.run(Unknown Source)
Caused by: Severe disk cache trouble (corruption or out of space) at /home/jackfromeast/Desktop/python-class-pollution/tasks/class-pollution-positive-remote/output/clearml/codeql-db/db-python/default/cache/relations/e0.pack: Failed to load e0dbdevla5kh8s75pklfe25fa13
(eventual cause: NoSuchFileException "/home/jackfromeast/Desktop/python-class-pollution/tasks/class-pollution-positive...")
	at com.semmle.inmemory.caching.RelationCacheImpl.lambda$create$0(RelationCacheImpl.java:87)
	at com.semmle.inmemory.caching.byhash.disk.OnDiskStore.getItem(OnDiskStore.java:216)
	at com.semmle.inmemory.caching.byhash.evict.CacheChainNoMetadata.get(CacheChainNoMetadata.java:39)
	at com.semmle.inmemory.caching.RelationCacheImpl.getRelation(RelationCacheImpl.java:279)
	at com.semmle.inmemory.caching.RelationManager.getRelation(RelationManager.java:301)
	at com.semmle.inmemory.scheduler.CacherTask$CachedResult.getRelation(CacherTask.java:819)
	at com.semmle.inmemory.pipeline.LiteralStep.forwardInitialize(LiteralStep.java:99)
	at com.semmle.inmemory.pipeline.PipelineStep.forwardInitialize(PipelineStep.java:149)
	at com.semmle.inmemory.pipeline.PipelineEvaluator.lambda$initialize$0(PipelineEvaluator.java:150)
	at java.base/java.util.ArrayList.forEach(Unknown Source)
	at com.semmle.inmemory.pipeline.PipelineEvaluator.forEachForwards(PipelineEvaluator.java:138)
	at com.semmle.inmemory.pipeline.PipelineEvaluator.initialize(PipelineEvaluator.java:150)
	at com.semmle.inmemory.pipeline.PipelineInstance.prepareWork(PipelineInstance.java:61)
	at com.semmle.inmemory.scheduler.execution.ThreadableWork.doSomeWork(ThreadableWork.java:362)
	at com.semmle.inmemory.scheduler.execution.ChainingWork.doWork(ChainingWork.java:30)
	at com.semmle.inmemory.scheduler.execution.ThreadableWork.doSomeWork(ThreadableWork.java:396)
	... 7 more
Caused by: java.nio.file.NoSuchFileException: /home/jackfromeast/Desktop/python-class-pollution/tasks/class-pollution-positive-remote/output/clearml/codeql-db/db-python/default/cache/relations/e0.pack
	at java.base/sun.nio.fs.UnixException.translateToIOException(Unknown Source)
	at java.base/sun.nio.fs.UnixException.rethrowAsIOException(Unknown Source)
	at java.base/sun.nio.fs.UnixException.rethrowAsIOException(Unknown Source)
	at java.base/sun.nio.fs.UnixFileSystemProvider.newFileChannel(Unknown Source)
	at java.base/java.nio.channels.FileChannel.open(Unknown Source)
	at java.base/java.nio.channels.FileChannel.open(Unknown Source)
	at com.semmle.inmemory.caching.byhash.disk.OnDiskPack.openDirfile(OnDiskPack.java:893)
	at com.semmle.inmemory.caching.byhash.disk.OnDiskPack.load(OnDiskPack.java:451)
	at com.semmle.inmemory.caching.byhash.disk.OnDiskStore.getItem(OnDiskStore.java:207)
	... 21 more

 (logger.py:42)
2025-04-28 05:07:29,863 - CodeQLRunner - ERROR - Failed to run query: /home/jackfromeast/Desktop/python-class-pollution/codeql-query/class-pollution-all/class-pollution-external.qls (logger.py:42)
2025-04-28 05:10:02,596 - CodeQLRunner - ERROR - Building CodeQL database timed out: azureml-core (logger.py:42)
2025-04-28 05:10:13,029 - CodeQLRunner - ERROR - Building CodeQL database timed out: azureml-core (logger.py:42)
2025-04-28 05:13:59,316 - CodeQLRunner - ERROR - Failed to build CodeQL database for crosshair-tool: UnknownError: Initializing database at /home/jackfromeast/Desktop/python-class-pollution/tasks/class-pollution-positive-remote/output/crosshair-tool/codeql-db.
Running build command: []
Running command in /home/jackfromeast/Desktop/python-class-pollution/tasks/class-pollution-positive-remote/output/crosshair-tool/codebase: [/home/jackfromeast/Downloads/codeql/python/tools/autobuild.sh]
Finalizing database at /home/jackfromeast/Desktop/python-class-pollution/tasks/class-pollution-positive-remote/output/crosshair-tool/codeql-db.
Running pre-finalize script /home/jackfromeast/Downloads/codeql/python/tools/pre-finalize.sh in /home/jackfromeast/Desktop/python-class-pollution/tasks/class-pollution-positive-remote/output/crosshair-tool/codebase.
Running command in /home/jackfromeast/Desktop/python-class-pollution/tasks/class-pollution-positive-remote/output/crosshair-tool/codebase: [/home/jackfromeast/Downloads/codeql/python/tools/pre-finalize.sh]
Running TRAP import for CodeQL database at /home/jackfromeast/Desktop/python-class-pollution/tasks/class-pollution-positive-remote/output/crosshair-tool/codeql-db...
A fatal error occurred: Dataset /home/jackfromeast/Desktop/python-class-pollution/tasks/class-pollution-positive-remote/output/crosshair-tool/codeql-db/db-python has been finalized and does not support further TRAP import.
A fatal error occurred: Dataset import for /home/jackfromeast/Desktop/python-class-pollution/tasks/class-pollution-positive-remote/output/crosshair-tool/codeql-db/db-python failed with code 2.
 (logger.py:42)
2025-04-28 05:15:51,795 - CodeQLRunner - ERROR - Query timed out for google-genai: /home/jackfromeast/Desktop/python-class-pollution/codeql-query/class-pollution-all/class-pollution-external.qls (logger.py:42)
2025-04-28 05:15:55,996 - CodeQLRunner - ERROR - Failed to run query: /home/jackfromeast/Desktop/python-class-pollution/codeql-query/class-pollution-all/class-pollution-external.qls (logger.py:42)
2025-04-28 05:20:50,468 - CodeQLRunner - ERROR - Failed to execute query /home/jackfromeast/Desktop/python-class-pollution/codeql-query/class-pollution-all/class-pollution-external.qls: UnknownError: Running queries.
Compiling query plan for /home/jackfromeast/Desktop/python-class-pollution/codeql-query/class-pollution-all/query/ExternalClassPollutionQueryNewSetBothGetAttr.ql.
WARNING: unused variable 'setOpSecondObj' (/home/jackfromeast/Desktop/python-class-pollution/codeql-query/class-pollution-all/vuln/ClassPollutingAssignLib.qll:543,239-253)
WARNING: unused variable 'setOpSecondObj' (/home/jackfromeast/Desktop/python-class-pollution/codeql-query/class-pollution-all/vuln/ClassPollutingAssignLib.qll:562,245-259)
[1/6] Found in cache: /home/jackfromeast/Desktop/python-class-pollution/codeql-query/class-pollution-all/query/ExternalClassPollutionQueryNewSetBothGetAttr.ql.
Compiling query plan for /home/jackfromeast/Desktop/python-class-pollution/codeql-query/class-pollution-all/query/ExternalClassPollutionQueryNewSetAttrGetAttr.ql.
WARNING: unused variable 'setOpSecondObj' (/home/jackfromeast/Desktop/python-class-pollution/codeql-query/class-pollution-all/vuln/ClassPollutingAssignLib.qll:543,239-253)
WARNING: unused variable 'setOpSecondObj' (/home/jackfromeast/Desktop/python-class-pollution/codeql-query/class-pollution-all/vuln/ClassPollutingAssignLib.qll:562,245-259)
[2/6] Found in cache: /home/jackfromeast/Desktop/python-class-pollution/codeql-query/class-pollution-all/query/ExternalClassPollutionQueryNewSetAttrGetAttr.ql.
Compiling query plan for /home/jackfromeast/Desktop/python-class-pollution/codeql-query/class-pollution-all/query/ExternalClassPollutionQueryNewSetItemGetAttr.ql.
WARNING: unused variable 'setOpSecondObj' (/home/jackfromeast/Desktop/python-class-pollution/codeql-query/class-pollution-all/vuln/ClassPollutingAssignLib.qll:543,239-253)
WARNING: unused variable 'setOpSecondObj' (/home/jackfromeast/Desktop/python-class-pollution/codeql-query/class-pollution-all/vuln/ClassPollutingAssignLib.qll:562,245-259)
[3/6] Found in cache: /home/jackfromeast/Desktop/python-class-pollution/codeql-query/class-pollution-all/query/ExternalClassPollutionQueryNewSetItemGetAttr.ql.
Compiling query plan for /home/jackfromeast/Desktop/python-class-pollution/codeql-query/class-pollution-all/query/ExternalClassPollutionQueryNewSetBothGetBoth.ql.
WARNING: unused variable 'setOpSecondObj' (/home/jackfromeast/Desktop/python-class-pollution/codeql-query/class-pollution-all/vuln/ClassPollutingAssignLib.qll:543,239-253)
WARNING: unused variable 'setOpSecondObj' (/home/jackfromeast/Desktop/python-class-pollution/codeql-query/class-pollution-all/vuln/ClassPollutingAssignLib.qll:562,245-259)
[4/6] Found in cache: /home/jackfromeast/Desktop/python-class-pollution/codeql-query/class-pollution-all/query/ExternalClassPollutionQueryNewSetBothGetBoth.ql.
Compiling query plan for /home/jackfromeast/Desktop/python-class-pollution/codeql-query/class-pollution-all/query/ExternalClassPollutionQueryNewSetItemGetBoth.ql.
WARNING: unused variable 'setOpSecondObj' (/home/jackfromeast/Desktop/python-class-pollution/codeql-query/class-pollution-all/vuln/ClassPollutingAssignLib.qll:543,239-253)
WARNING: unused variable 'setOpSecondObj' (/home/jackfromeast/Desktop/python-class-pollution/codeql-query/class-pollution-all/vuln/ClassPollutingAssignLib.qll:562,245-259)
[5/6] Found in cache: /home/jackfromeast/Desktop/python-class-pollution/codeql-query/class-pollution-all/query/ExternalClassPollutionQueryNewSetItemGetBoth.ql.
Compiling query plan for /home/jackfromeast/Desktop/python-class-pollution/codeql-query/class-pollution-all/query/ExternalClassPollutionQueryNewSetAttrGetBoth.ql.
WARNING: unused variable 'setOpSecondObj' (/home/jackfromeast/Desktop/python-class-pollution/codeql-query/class-pollution-all/vuln/ClassPollutingAssignLib.qll:543,239-253)
WARNING: unused variable 'setOpSecondObj' (/home/jackfromeast/Desktop/python-class-pollution/codeql-query/class-pollution-all/vuln/ClassPollutingAssignLib.qll:562,245-259)
[6/6] Found in cache: /home/jackfromeast/Desktop/python-class-pollution/codeql-query/class-pollution-all/query/ExternalClassPollutionQueryNewSetAttrGetBoth.ql.
Starting evaluation of jackfromeast/class-pollution-all/query/ExternalClassPollutionQueryNewSetAttrGetAttr.ql.
Oops! A fatal internal error occurred. Details:
com.semmle.util.exception.CatastrophicError: An error occurred while evaluating num#DataFlowDispatch::TKeywordParameterPosition#6758f398/2@a09def85
Cannot create dirty marker for cached strings
The RA to evaluate was:

    {2} r1 = INVOKE HIGHER-ORDER RELATION construct<DataFlowDispatch#3c0b8265::TParameterPosition,4> ON <DataFlowDispatch::TKeywordParameterPosition#dom#6e7d95e5>
    return r1

(eventual cause: NoSuchFileException "/home/jackfromeast/Desktop/python-class-pollution/tasks/class-pollution-positive...")
	at com.semmle.inmemory.pipeline.MetaPipelineInstance.wrapWithRaDump(MetaPipelineInstance.java:204)
	at com.semmle.inmemory.pipeline.MetaPipelineInstance.exceptionCaught(MetaPipelineInstance.java:174)
	at com.semmle.inmemory.scheduler.execution.ThreadableWork.handleAndLog(ThreadableWork.java:593)
	at com.semmle.inmemory.scheduler.execution.ThreadableWork.doSomeWork(ThreadableWork.java:410)
	at com.semmle.inmemory.scheduler.IntensionalLayer$IntensionalWork.evaluate(IntensionalLayer.java:124)
	at com.semmle.inmemory.scheduler.SimpleLayerTask$SimpleLayerWork.doWork(SimpleLayerTask.java:69)
	at com.semmle.inmemory.scheduler.execution.ThreadableWork.doSomeWork(ThreadableWork.java:396)
	at com.semmle.inmemory.scheduler.execution.ExecutionScheduler.runnerMain(ExecutionScheduler.java:707)
	at java.base/java.util.concurrent.ThreadPoolExecutor.runWorker(Unknown Source)
	at java.base/java.util.concurrent.ThreadPoolExecutor$Worker.run(Unknown Source)
	at java.base/java.lang.Thread.run(Unknown Source)
Caused by: Cannot create dirty marker for cached strings
(eventual cause: NoSuchFileException "/home/jackfromeast/Desktop/python-class-pollution/tasks/class-pollution-positive...")
	at com.semmle.inmemory.stringpool.StringPool.promoteStringToCached(StringPool.java:479)
	at com.semmle.inmemory.stringpool.StringPool.promoteToCached(StringPool.java:449)
	at com.semmle.inmemory.caching.TuplePool$ComplexNumberer.lambda$freshNumberRelation$1(TuplePool.java:496)
	at com.semmle.inmemory.relations.BaseIntArrayRelation.map(BaseIntArrayRelation.java:88)
	at com.semmle.inmemory.caching.PagedRelation.map(PagedRelation.java:158)
	at com.semmle.inmemory.relations.AbstractRelation.deduplicateMap(AbstractRelation.java:138)
	at com.semmle.inmemory.caching.TuplePool$ComplexNumberer.lambda$freshNumberRelation$2(TuplePool.java:480)
	at com.semmle.inmemory.relations.writers.RelationWriter.withSink(RelationWriter.java:72)
	at com.semmle.inmemory.caching.TuplePool$ComplexNumberer.freshNumberRelation(TuplePool.java:478)
	at com.semmle.inmemory.caching.TuplePool$ComplexNumberer.doNumbering(TuplePool.java:436)
	at com.semmle.inmemory.caching.TuplePool.lambda$doNumbering$1(TuplePool.java:245)
	at com.semmle.util.concurrent.LockUtils.runThenUnlock(LockUtils.java:8)
	at com.semmle.inmemory.caching.TuplePool$ComplexNumberer.doWithBranchLock(TuplePool.java:561)
	at com.semmle.inmemory.caching.TuplePool.doNumbering(TuplePool.java:233)
	at com.semmle.inmemory.ast.IMBConstructDatatype.doNumberingStreaming(IMBConstructDatatype.java:165)
	at com.semmle.inmemory.ast.IMBConstructDatatype$1.evaluateSink(IMBConstructDatatype.java:142)
	at com.semmle.inmemory.pipeline.HOPStep.generateTuples(HOPStep.java:57)
	at com.semmle.inmemory.pipeline.SimpleHeadStep.lambda$forwardInitialize$0(SimpleHeadStep.java:32)
	at com.semmle.inmemory.pipeline.HeadEndDispatcher.headEndWork(HeadEndDispatcher.java:75)
	at com.semmle.inmemory.pipeline.PipelineState.doSomeWork(PipelineState.java:88)
	at com.semmle.inmemory.pipeline.PipelineInstance.doWork(PipelineInstance.java:78)
	at com.semmle.inmemory.scheduler.execution.ThreadableWork.doSomeWork(ThreadableWork.java:396)
	at com.semmle.inmemory.scheduler.execution.ChainingWork.doWork(ChainingWork.java:30)
	at com.semmle.inmemory.scheduler.execution.ThreadableWork.doSomeWork(ThreadableWork.java:396)
	... 7 more
Caused by: java.nio.file.NoSuchFileException: /home/jackfromeast/Desktop/python-class-pollution/tasks/class-pollution-positive-remote/output/genie-libs-sdk/codeql-db/db-python/default/cache/cached-strings/pools/dirty
	at java.base/sun.nio.fs.UnixException.translateToIOException(Unknown Source)
	at java.base/sun.nio.fs.UnixException.rethrowAsIOException(Unknown Source)
	at java.base/sun.nio.fs.UnixException.rethrowAsIOException(Unknown Source)
	at java.base/sun.nio.fs.UnixFileSystemProvider.newByteChannel(Unknown Source)
	at java.base/java.nio.file.Files.newByteChannel(Unknown Source)
	at java.base/java.nio.file.Files.createFile(Unknown Source)
	at com.semmle.inmemory.stringpool.StringPool.promoteStringToCached(StringPool.java:476)
	... 30 more

 (logger.py:42)
2025-04-28 05:20:50,469 - CodeQLRunner - ERROR - Failed to run query: /home/jackfromeast/Desktop/python-class-pollution/codeql-query/class-pollution-all/class-pollution-external.qls (logger.py:42)
2025-04-28 05:20:50,709 - CodeQLRunner - ERROR - Failed during cleanup: [Errno 39] Directory not empty: 'iosxe' (logger.py:42)
2025-04-28 05:21:02,987 - CodeQLRunner - ERROR - Failed to build CodeQL database for genie-libs-sdk: UnknownError: Initializing database at /home/jackfromeast/Desktop/python-class-pollution/tasks/class-pollution-positive-remote/output/genie-libs-sdk/codeql-db.
Running build command: []
Running command in /home/jackfromeast/Desktop/python-class-pollution/tasks/class-pollution-positive-remote/output/genie-libs-sdk/codebase: [/home/jackfromeast/Downloads/codeql/python/tools/autobuild.sh]
Finalizing database at /home/jackfromeast/Desktop/python-class-pollution/tasks/class-pollution-positive-remote/output/genie-libs-sdk/codeql-db.
Running pre-finalize script /home/jackfromeast/Downloads/codeql/python/tools/pre-finalize.sh in /home/jackfromeast/Desktop/python-class-pollution/tasks/class-pollution-positive-remote/output/genie-libs-sdk/codebase.
Running command in /home/jackfromeast/Desktop/python-class-pollution/tasks/class-pollution-positive-remote/output/genie-libs-sdk/codebase: [/home/jackfromeast/Downloads/codeql/python/tools/pre-finalize.sh]
Running TRAP import for CodeQL database at /home/jackfromeast/Desktop/python-class-pollution/tasks/class-pollution-positive-remote/output/genie-libs-sdk/codeql-db...
A fatal error occurred: Dataset /home/jackfromeast/Desktop/python-class-pollution/tasks/class-pollution-positive-remote/output/genie-libs-sdk/codeql-db/db-python has been finalized and does not support further TRAP import.
A fatal error occurred: Dataset import for /home/jackfromeast/Desktop/python-class-pollution/tasks/class-pollution-positive-remote/output/genie-libs-sdk/codeql-db/db-python failed with code 2.
 (logger.py:42)
2025-04-28 05:21:06,586 - CodeQLRunner - ERROR - Failed to build CodeQL database for docplex: UnknownError: Initializing database at /home/jackfromeast/Desktop/python-class-pollution/tasks/class-pollution-positive-remote/output/docplex/codeql-db.
Unrecognized file in database cluster: '/home/jackfromeast/Desktop/python-class-pollution/tasks/class-pollution-positive-remote/output/docplex/codeql-db/db-python'.
A fatal error occurred: Ran with database overwriting enabled, but the directory does not appear to be a CodeQL database or database cluster. Please check you do indeed wish to delete it, and do so manually.
 (logger.py:42)
2025-04-28 05:21:07,165 - CodeQLRunner - ERROR - Failed to execute query /home/jackfromeast/Desktop/python-class-pollution/codeql-query/class-pollution-all/class-pollution-external.qls: UnknownError: Running queries.
Compiling query plan for /home/jackfromeast/Desktop/python-class-pollution/codeql-query/class-pollution-all/query/ExternalClassPollutionQueryNewSetBothGetAttr.ql.
WARNING: unused variable 'setOpSecondObj' (/home/jackfromeast/Desktop/python-class-pollution/codeql-query/class-pollution-all/vuln/ClassPollutingAssignLib.qll:543,239-253)
WARNING: unused variable 'setOpSecondObj' (/home/jackfromeast/Desktop/python-class-pollution/codeql-query/class-pollution-all/vuln/ClassPollutingAssignLib.qll:562,245-259)
[1/6] Found in cache: /home/jackfromeast/Desktop/python-class-pollution/codeql-query/class-pollution-all/query/ExternalClassPollutionQueryNewSetBothGetAttr.ql.
Compiling query plan for /home/jackfromeast/Desktop/python-class-pollution/codeql-query/class-pollution-all/query/ExternalClassPollutionQueryNewSetAttrGetAttr.ql.
WARNING: unused variable 'setOpSecondObj' (/home/jackfromeast/Desktop/python-class-pollution/codeql-query/class-pollution-all/vuln/ClassPollutingAssignLib.qll:543,239-253)
WARNING: unused variable 'setOpSecondObj' (/home/jackfromeast/Desktop/python-class-pollution/codeql-query/class-pollution-all/vuln/ClassPollutingAssignLib.qll:562,245-259)
[2/6] Found in cache: /home/jackfromeast/Desktop/python-class-pollution/codeql-query/class-pollution-all/query/ExternalClassPollutionQueryNewSetAttrGetAttr.ql.
Compiling query plan for /home/jackfromeast/Desktop/python-class-pollution/codeql-query/class-pollution-all/query/ExternalClassPollutionQueryNewSetItemGetAttr.ql.
WARNING: unused variable 'setOpSecondObj' (/home/jackfromeast/Desktop/python-class-pollution/codeql-query/class-pollution-all/vuln/ClassPollutingAssignLib.qll:543,239-253)
WARNING: unused variable 'setOpSecondObj' (/home/jackfromeast/Desktop/python-class-pollution/codeql-query/class-pollution-all/vuln/ClassPollutingAssignLib.qll:562,245-259)
[3/6] Found in cache: /home/jackfromeast/Desktop/python-class-pollution/codeql-query/class-pollution-all/query/ExternalClassPollutionQueryNewSetItemGetAttr.ql.
Compiling query plan for /home/jackfromeast/Desktop/python-class-pollution/codeql-query/class-pollution-all/query/ExternalClassPollutionQueryNewSetBothGetBoth.ql.
WARNING: unused variable 'setOpSecondObj' (/home/jackfromeast/Desktop/python-class-pollution/codeql-query/class-pollution-all/vuln/ClassPollutingAssignLib.qll:543,239-253)
WARNING: unused variable 'setOpSecondObj' (/home/jackfromeast/Desktop/python-class-pollution/codeql-query/class-pollution-all/vuln/ClassPollutingAssignLib.qll:562,245-259)
[4/6] Found in cache: /home/jackfromeast/Desktop/python-class-pollution/codeql-query/class-pollution-all/query/ExternalClassPollutionQueryNewSetBothGetBoth.ql.
Compiling query plan for /home/jackfromeast/Desktop/python-class-pollution/codeql-query/class-pollution-all/query/ExternalClassPollutionQueryNewSetItemGetBoth.ql.
WARNING: unused variable 'setOpSecondObj' (/home/jackfromeast/Desktop/python-class-pollution/codeql-query/class-pollution-all/vuln/ClassPollutingAssignLib.qll:543,239-253)
WARNING: unused variable 'setOpSecondObj' (/home/jackfromeast/Desktop/python-class-pollution/codeql-query/class-pollution-all/vuln/ClassPollutingAssignLib.qll:562,245-259)
[5/6] Found in cache: /home/jackfromeast/Desktop/python-class-pollution/codeql-query/class-pollution-all/query/ExternalClassPollutionQueryNewSetItemGetBoth.ql.
Compiling query plan for /home/jackfromeast/Desktop/python-class-pollution/codeql-query/class-pollution-all/query/ExternalClassPollutionQueryNewSetAttrGetBoth.ql.
WARNING: unused variable 'setOpSecondObj' (/home/jackfromeast/Desktop/python-class-pollution/codeql-query/class-pollution-all/vuln/ClassPollutingAssignLib.qll:543,239-253)
WARNING: unused variable 'setOpSecondObj' (/home/jackfromeast/Desktop/python-class-pollution/codeql-query/class-pollution-all/vuln/ClassPollutingAssignLib.qll:562,245-259)
[6/6] Found in cache: /home/jackfromeast/Desktop/python-class-pollution/codeql-query/class-pollution-all/query/ExternalClassPollutionQueryNewSetAttrGetBoth.ql.
Starting evaluation of jackfromeast/class-pollution-all/query/ExternalClassPollutionQueryNewSetAttrGetAttr.ql.
A fatal error occurred: Cannot create dirty marker for cached strings
(eventual cause: NoSuchFileException "/home/jackfromeast/Desktop/python-class-pollution/tasks/class-pollution-positive...")
 (logger.py:42)
2025-04-28 05:21:07,165 - CodeQLRunner - ERROR - Failed to run query: /home/jackfromeast/Desktop/python-class-pollution/codeql-query/class-pollution-all/class-pollution-external.qls (logger.py:42)
2025-04-28 05:23:13,593 - CodeQLRunner - ERROR - Failed to execute query /home/jackfromeast/Desktop/python-class-pollution/codeql-query/class-pollution-all/class-pollution-external.qls: UnknownError: Running queries.
Compiling query plan for /home/jackfromeast/Desktop/python-class-pollution/codeql-query/class-pollution-all/query/ExternalClassPollutionQueryNewSetBothGetAttr.ql.
WARNING: unused variable 'setOpSecondObj' (/home/jackfromeast/Desktop/python-class-pollution/codeql-query/class-pollution-all/vuln/ClassPollutingAssignLib.qll:543,239-253)
WARNING: unused variable 'setOpSecondObj' (/home/jackfromeast/Desktop/python-class-pollution/codeql-query/class-pollution-all/vuln/ClassPollutingAssignLib.qll:562,245-259)
[1/6] Found in cache: /home/jackfromeast/Desktop/python-class-pollution/codeql-query/class-pollution-all/query/ExternalClassPollutionQueryNewSetBothGetAttr.ql.
Compiling query plan for /home/jackfromeast/Desktop/python-class-pollution/codeql-query/class-pollution-all/query/ExternalClassPollutionQueryNewSetAttrGetAttr.ql.
WARNING: unused variable 'setOpSecondObj' (/home/jackfromeast/Desktop/python-class-pollution/codeql-query/class-pollution-all/vuln/ClassPollutingAssignLib.qll:543,239-253)
WARNING: unused variable 'setOpSecondObj' (/home/jackfromeast/Desktop/python-class-pollution/codeql-query/class-pollution-all/vuln/ClassPollutingAssignLib.qll:562,245-259)
[2/6] Found in cache: /home/jackfromeast/Desktop/python-class-pollution/codeql-query/class-pollution-all/query/ExternalClassPollutionQueryNewSetAttrGetAttr.ql.
Compiling query plan for /home/jackfromeast/Desktop/python-class-pollution/codeql-query/class-pollution-all/query/ExternalClassPollutionQueryNewSetItemGetAttr.ql.
WARNING: unused variable 'setOpSecondObj' (/home/jackfromeast/Desktop/python-class-pollution/codeql-query/class-pollution-all/vuln/ClassPollutingAssignLib.qll:543,239-253)
WARNING: unused variable 'setOpSecondObj' (/home/jackfromeast/Desktop/python-class-pollution/codeql-query/class-pollution-all/vuln/ClassPollutingAssignLib.qll:562,245-259)
[3/6] Found in cache: /home/jackfromeast/Desktop/python-class-pollution/codeql-query/class-pollution-all/query/ExternalClassPollutionQueryNewSetItemGetAttr.ql.
Compiling query plan for /home/jackfromeast/Desktop/python-class-pollution/codeql-query/class-pollution-all/query/ExternalClassPollutionQueryNewSetBothGetBoth.ql.
WARNING: unused variable 'setOpSecondObj' (/home/jackfromeast/Desktop/python-class-pollution/codeql-query/class-pollution-all/vuln/ClassPollutingAssignLib.qll:543,239-253)
WARNING: unused variable 'setOpSecondObj' (/home/jackfromeast/Desktop/python-class-pollution/codeql-query/class-pollution-all/vuln/ClassPollutingAssignLib.qll:562,245-259)
[4/6] Found in cache: /home/jackfromeast/Desktop/python-class-pollution/codeql-query/class-pollution-all/query/ExternalClassPollutionQueryNewSetBothGetBoth.ql.
Compiling query plan for /home/jackfromeast/Desktop/python-class-pollution/codeql-query/class-pollution-all/query/ExternalClassPollutionQueryNewSetItemGetBoth.ql.
WARNING: unused variable 'setOpSecondObj' (/home/jackfromeast/Desktop/python-class-pollution/codeql-query/class-pollution-all/vuln/ClassPollutingAssignLib.qll:543,239-253)
WARNING: unused variable 'setOpSecondObj' (/home/jackfromeast/Desktop/python-class-pollution/codeql-query/class-pollution-all/vuln/ClassPollutingAssignLib.qll:562,245-259)
[5/6] Found in cache: /home/jackfromeast/Desktop/python-class-pollution/codeql-query/class-pollution-all/query/ExternalClassPollutionQueryNewSetItemGetBoth.ql.
Compiling query plan for /home/jackfromeast/Desktop/python-class-pollution/codeql-query/class-pollution-all/query/ExternalClassPollutionQueryNewSetAttrGetBoth.ql.
WARNING: unused variable 'setOpSecondObj' (/home/jackfromeast/Desktop/python-class-pollution/codeql-query/class-pollution-all/vuln/ClassPollutingAssignLib.qll:543,239-253)
WARNING: unused variable 'setOpSecondObj' (/home/jackfromeast/Desktop/python-class-pollution/codeql-query/class-pollution-all/vuln/ClassPollutingAssignLib.qll:562,245-259)
[6/6] Found in cache: /home/jackfromeast/Desktop/python-class-pollution/codeql-query/class-pollution-all/query/ExternalClassPollutionQueryNewSetAttrGetBoth.ql.
A fatal error occurred: Error while writing '/home/jackfromeast/Desktop/python-class-pollution/tasks/class-pollution-positive-remote/output/supyr-struct/codeql-db/results/run-info-20250428.092309.410.yml': 
(eventual cause: FileNotFoundException "/home/jackfromeast/Desktop/python-class-pollution/tasks/class-pollution-positive...")
 (logger.py:42)
2025-04-28 05:23:13,594 - CodeQLRunner - ERROR - Failed to run query: /home/jackfromeast/Desktop/python-class-pollution/codeql-query/class-pollution-all/class-pollution-external.qls (logger.py:42)
2025-04-28 05:23:13,791 - CodeQLRunner - ERROR - Failed to build CodeQL database for supyr-struct: UnknownError: Initializing database at /home/jackfromeast/Desktop/python-class-pollution/tasks/class-pollution-positive-remote/output/supyr-struct/codeql-db.
Running build command: []
Running command in /home/jackfromeast/Desktop/python-class-pollution/tasks/class-pollution-positive-remote/output/supyr-struct/codebase: [/home/jackfromeast/Downloads/codeql/python/tools/autobuild.sh]
Finalizing database at /home/jackfromeast/Desktop/python-class-pollution/tasks/class-pollution-positive-remote/output/supyr-struct/codeql-db.
Running pre-finalize script /home/jackfromeast/Downloads/codeql/python/tools/pre-finalize.sh in /home/jackfromeast/Desktop/python-class-pollution/tasks/class-pollution-positive-remote/output/supyr-struct/codebase.
Running command in /home/jackfromeast/Desktop/python-class-pollution/tasks/class-pollution-positive-remote/output/supyr-struct/codebase: [/home/jackfromeast/Downloads/codeql/python/tools/pre-finalize.sh]
Running TRAP import for CodeQL database at /home/jackfromeast/Desktop/python-class-pollution/tasks/class-pollution-positive-remote/output/supyr-struct/codeql-db...
Importing TRAP files
Merging relations
A fatal error occurred: Unable to load compressed relation at /home/jackfromeast/Desktop/python-class-pollution/tasks/class-pollution-positive-remote/output/supyr-struct/codeql-db/db-python/default/cache/working/py_cobject_sources2094407959574031463.relfrag
(eventual cause: NoSuchFileException "/home/jackfromeast/Desktop/python-class-pollution/tasks/class-pollution-positive...")
A fatal error occurred: Dataset import for /home/jackfromeast/Desktop/python-class-pollution/tasks/class-pollution-positive-remote/output/supyr-struct/codeql-db/db-python failed with code 2.
Failed to write diagnostic information.
 (logger.py:42)
2025-04-28 05:24:29,409 - CodeQLRunner - ERROR - Failed to execute query /home/jackfromeast/Desktop/python-class-pollution/codeql-query/class-pollution-all/class-pollution-external.qls: UnknownError: Running queries.
Compiling query plan for /home/jackfromeast/Desktop/python-class-pollution/codeql-query/class-pollution-all/query/ExternalClassPollutionQueryNewSetBothGetAttr.ql.
WARNING: unused variable 'setOpSecondObj' (/home/jackfromeast/Desktop/python-class-pollution/codeql-query/class-pollution-all/vuln/ClassPollutingAssignLib.qll:543,239-253)
WARNING: unused variable 'setOpSecondObj' (/home/jackfromeast/Desktop/python-class-pollution/codeql-query/class-pollution-all/vuln/ClassPollutingAssignLib.qll:562,245-259)
[1/6] Found in cache: /home/jackfromeast/Desktop/python-class-pollution/codeql-query/class-pollution-all/query/ExternalClassPollutionQueryNewSetBothGetAttr.ql.
Compiling query plan for /home/jackfromeast/Desktop/python-class-pollution/codeql-query/class-pollution-all/query/ExternalClassPollutionQueryNewSetAttrGetAttr.ql.
WARNING: unused variable 'setOpSecondObj' (/home/jackfromeast/Desktop/python-class-pollution/codeql-query/class-pollution-all/vuln/ClassPollutingAssignLib.qll:543,239-253)
WARNING: unused variable 'setOpSecondObj' (/home/jackfromeast/Desktop/python-class-pollution/codeql-query/class-pollution-all/vuln/ClassPollutingAssignLib.qll:562,245-259)
[2/6] Found in cache: /home/jackfromeast/Desktop/python-class-pollution/codeql-query/class-pollution-all/query/ExternalClassPollutionQueryNewSetAttrGetAttr.ql.
Compiling query plan for /home/jackfromeast/Desktop/python-class-pollution/codeql-query/class-pollution-all/query/ExternalClassPollutionQueryNewSetItemGetAttr.ql.
WARNING: unused variable 'setOpSecondObj' (/home/jackfromeast/Desktop/python-class-pollution/codeql-query/class-pollution-all/vuln/ClassPollutingAssignLib.qll:543,239-253)
WARNING: unused variable 'setOpSecondObj' (/home/jackfromeast/Desktop/python-class-pollution/codeql-query/class-pollution-all/vuln/ClassPollutingAssignLib.qll:562,245-259)
[3/6] Found in cache: /home/jackfromeast/Desktop/python-class-pollution/codeql-query/class-pollution-all/query/ExternalClassPollutionQueryNewSetItemGetAttr.ql.
Compiling query plan for /home/jackfromeast/Desktop/python-class-pollution/codeql-query/class-pollution-all/query/ExternalClassPollutionQueryNewSetBothGetBoth.ql.
WARNING: unused variable 'setOpSecondObj' (/home/jackfromeast/Desktop/python-class-pollution/codeql-query/class-pollution-all/vuln/ClassPollutingAssignLib.qll:543,239-253)
WARNING: unused variable 'setOpSecondObj' (/home/jackfromeast/Desktop/python-class-pollution/codeql-query/class-pollution-all/vuln/ClassPollutingAssignLib.qll:562,245-259)
[4/6] Found in cache: /home/jackfromeast/Desktop/python-class-pollution/codeql-query/class-pollution-all/query/ExternalClassPollutionQueryNewSetBothGetBoth.ql.
Compiling query plan for /home/jackfromeast/Desktop/python-class-pollution/codeql-query/class-pollution-all/query/ExternalClassPollutionQueryNewSetItemGetBoth.ql.
WARNING: unused variable 'setOpSecondObj' (/home/jackfromeast/Desktop/python-class-pollution/codeql-query/class-pollution-all/vuln/ClassPollutingAssignLib.qll:543,239-253)
WARNING: unused variable 'setOpSecondObj' (/home/jackfromeast/Desktop/python-class-pollution/codeql-query/class-pollution-all/vuln/ClassPollutingAssignLib.qll:562,245-259)
[5/6] Found in cache: /home/jackfromeast/Desktop/python-class-pollution/codeql-query/class-pollution-all/query/ExternalClassPollutionQueryNewSetItemGetBoth.ql.
Compiling query plan for /home/jackfromeast/Desktop/python-class-pollution/codeql-query/class-pollution-all/query/ExternalClassPollutionQueryNewSetAttrGetBoth.ql.
WARNING: unused variable 'setOpSecondObj' (/home/jackfromeast/Desktop/python-class-pollution/codeql-query/class-pollution-all/vuln/ClassPollutingAssignLib.qll:543,239-253)
WARNING: unused variable 'setOpSecondObj' (/home/jackfromeast/Desktop/python-class-pollution/codeql-query/class-pollution-all/vuln/ClassPollutingAssignLib.qll:562,245-259)
[6/6] Found in cache: /home/jackfromeast/Desktop/python-class-pollution/codeql-query/class-pollution-all/query/ExternalClassPollutionQueryNewSetAttrGetBoth.ql.
A fatal error occurred: Error while writing '/home/jackfromeast/Desktop/python-class-pollution/tasks/class-pollution-positive-remote/output/linkml-dataops/codeql-db/results/run-info-20250428.092425.695.yml': 
(eventual cause: FileNotFoundException "/home/jackfromeast/Desktop/python-class-pollution/tasks/class-pollution-positive...")
 (logger.py:42)
2025-04-28 05:24:29,409 - CodeQLRunner - ERROR - Failed to run query: /home/jackfromeast/Desktop/python-class-pollution/codeql-query/class-pollution-all/class-pollution-external.qls (logger.py:42)
2025-04-28 05:24:29,531 - CodeQLRunner - ERROR - Failed to build CodeQL database for linkml-dataops: UnknownError: Initializing database at /home/jackfromeast/Desktop/python-class-pollution/tasks/class-pollution-positive-remote/output/linkml-dataops/codeql-db.
Running build command: []
Running command in /home/jackfromeast/Desktop/python-class-pollution/tasks/class-pollution-positive-remote/output/linkml-dataops/codebase: [/home/jackfromeast/Downloads/codeql/python/tools/autobuild.sh]
Finalizing database at /home/jackfromeast/Desktop/python-class-pollution/tasks/class-pollution-positive-remote/output/linkml-dataops/codeql-db.
Running pre-finalize script /home/jackfromeast/Downloads/codeql/python/tools/pre-finalize.sh in /home/jackfromeast/Desktop/python-class-pollution/tasks/class-pollution-positive-remote/output/linkml-dataops/codebase.
Running command in /home/jackfromeast/Desktop/python-class-pollution/tasks/class-pollution-positive-remote/output/linkml-dataops/codebase: [/home/jackfromeast/Downloads/codeql/python/tools/pre-finalize.sh]
Running TRAP import for CodeQL database at /home/jackfromeast/Desktop/python-class-pollution/tasks/class-pollution-positive-remote/output/linkml-dataops/codeql-db...
Importing TRAP files
Merging relations
Oops! A fatal internal error occurred. Details:
java.io.FileNotFoundException: /home/jackfromeast/Desktop/python-class-pollution/tasks/class-pollution-positive-remote/output/linkml-dataops/codeql-db/db-python/default/cache/working/files11029170875662282097.relfrag (No such file or directory)
	at java.base/java.io.RandomAccessFile.open0(Native Method)
	at java.base/java.io.RandomAccessFile.open(Unknown Source)
	at java.base/java.io.RandomAccessFile.<init>(Unknown Source)
	at java.base/java.io.RandomAccessFile.<init>(Unknown Source)
	at com.semmle.inmemory.relations.serialization.CompressedRelationSaver.<init>(CompressedRelationSaver.java:58)
	at com.semmle.inmemory.trap.ImportTasksProcessor$RelationEntry.makeSaver(ImportTasksProcessor.java:484)
	at com.semmle.inmemory.trap.ImportTasksProcessor$RelationEntry.commitRelation(ImportTasksProcessor.java:460)
	at com.semmle.inmemory.trap.ImportTasksProcessor$RelationEntry.getFragmentPaths(ImportTasksProcessor.java:437)
	at com.semmle.inmemory.trap.ImportTasksProcessor$PerThreadWriter.lambda$getFragmentMapAsync$1(ImportTasksProcessor.java:395)
	at com.semmle.util.concurrent.FutureUtils.lambda$mapAsync$4(FutureUtils.java:133)
	at java.base/java.util.concurrent.CompletableFuture$AsyncSupply.run(Unknown Source)
	at java.base/java.util.concurrent.ThreadPoolExecutor.runWorker(Unknown Source)
	at java.base/java.util.concurrent.ThreadPoolExecutor$Worker.run(Unknown Source)
	at java.base/java.lang.Thread.run(Unknown Source)

A fatal error occurred: Dataset import for /home/jackfromeast/Desktop/python-class-pollution/tasks/class-pollution-positive-remote/output/linkml-dataops/codeql-db/db-python failed with code 100.
Failed to write diagnostic information.
 (logger.py:42)
2025-04-28 05:29:38,686 - CodeQLRunner - ERROR - Failed to build CodeQL database for metabase-api: UnknownError: Initializing database at /home/jackfromeast/Desktop/python-class-pollution/tasks/class-pollution-positive-remote/output/metabase-api/codeql-db.
Running build command: []
Running command in /home/jackfromeast/Desktop/python-class-pollution/tasks/class-pollution-positive-remote/output/metabase-api/codebase: [/home/jackfromeast/Downloads/codeql/python/tools/autobuild.sh]
Finalizing database at /home/jackfromeast/Desktop/python-class-pollution/tasks/class-pollution-positive-remote/output/metabase-api/codeql-db.
Running pre-finalize script /home/jackfromeast/Downloads/codeql/python/tools/pre-finalize.sh in /home/jackfromeast/Desktop/python-class-pollution/tasks/class-pollution-positive-remote/output/metabase-api/codebase.
Running command in /home/jackfromeast/Desktop/python-class-pollution/tasks/class-pollution-positive-remote/output/metabase-api/codebase: [/home/jackfromeast/Downloads/codeql/python/tools/pre-finalize.sh]
A fatal error occurred: Exit status 2 from command: [/home/jackfromeast/Downloads/codeql/python/tools/pre-finalize.sh]
Failed to write diagnostic information.
 (logger.py:42)
2025-04-28 05:30:01,159 - CodeQLRunner - ERROR - Failed to execute query /home/jackfromeast/Desktop/python-class-pollution/codeql-query/class-pollution-all/class-pollution-external.qls: UnknownError: Running queries.
Compiling query plan for /home/jackfromeast/Desktop/python-class-pollution/codeql-query/class-pollution-all/query/ExternalClassPollutionQueryNewSetBothGetAttr.ql.
WARNING: unused variable 'setOpSecondObj' (/home/jackfromeast/Desktop/python-class-pollution/codeql-query/class-pollution-all/vuln/ClassPollutingAssignLib.qll:543,239-253)
WARNING: unused variable 'setOpSecondObj' (/home/jackfromeast/Desktop/python-class-pollution/codeql-query/class-pollution-all/vuln/ClassPollutingAssignLib.qll:562,245-259)
[1/6] Found in cache: /home/jackfromeast/Desktop/python-class-pollution/codeql-query/class-pollution-all/query/ExternalClassPollutionQueryNewSetBothGetAttr.ql.
Compiling query plan for /home/jackfromeast/Desktop/python-class-pollution/codeql-query/class-pollution-all/query/ExternalClassPollutionQueryNewSetAttrGetAttr.ql.
WARNING: unused variable 'setOpSecondObj' (/home/jackfromeast/Desktop/python-class-pollution/codeql-query/class-pollution-all/vuln/ClassPollutingAssignLib.qll:543,239-253)
WARNING: unused variable 'setOpSecondObj' (/home/jackfromeast/Desktop/python-class-pollution/codeql-query/class-pollution-all/vuln/ClassPollutingAssignLib.qll:562,245-259)
[2/6] Found in cache: /home/jackfromeast/Desktop/python-class-pollution/codeql-query/class-pollution-all/query/ExternalClassPollutionQueryNewSetAttrGetAttr.ql.
Compiling query plan for /home/jackfromeast/Desktop/python-class-pollution/codeql-query/class-pollution-all/query/ExternalClassPollutionQueryNewSetItemGetAttr.ql.
WARNING: unused variable 'setOpSecondObj' (/home/jackfromeast/Desktop/python-class-pollution/codeql-query/class-pollution-all/vuln/ClassPollutingAssignLib.qll:543,239-253)
WARNING: unused variable 'setOpSecondObj' (/home/jackfromeast/Desktop/python-class-pollution/codeql-query/class-pollution-all/vuln/ClassPollutingAssignLib.qll:562,245-259)
[3/6] Found in cache: /home/jackfromeast/Desktop/python-class-pollution/codeql-query/class-pollution-all/query/ExternalClassPollutionQueryNewSetItemGetAttr.ql.
Compiling query plan for /home/jackfromeast/Desktop/python-class-pollution/codeql-query/class-pollution-all/query/ExternalClassPollutionQueryNewSetBothGetBoth.ql.
WARNING: unused variable 'setOpSecondObj' (/home/jackfromeast/Desktop/python-class-pollution/codeql-query/class-pollution-all/vuln/ClassPollutingAssignLib.qll:543,239-253)
WARNING: unused variable 'setOpSecondObj' (/home/jackfromeast/Desktop/python-class-pollution/codeql-query/class-pollution-all/vuln/ClassPollutingAssignLib.qll:562,245-259)
[4/6] Found in cache: /home/jackfromeast/Desktop/python-class-pollution/codeql-query/class-pollution-all/query/ExternalClassPollutionQueryNewSetBothGetBoth.ql.
Compiling query plan for /home/jackfromeast/Desktop/python-class-pollution/codeql-query/class-pollution-all/query/ExternalClassPollutionQueryNewSetItemGetBoth.ql.
WARNING: unused variable 'setOpSecondObj' (/home/jackfromeast/Desktop/python-class-pollution/codeql-query/class-pollution-all/vuln/ClassPollutingAssignLib.qll:543,239-253)
WARNING: unused variable 'setOpSecondObj' (/home/jackfromeast/Desktop/python-class-pollution/codeql-query/class-pollution-all/vuln/ClassPollutingAssignLib.qll:562,245-259)
[5/6] Found in cache: /home/jackfromeast/Desktop/python-class-pollution/codeql-query/class-pollution-all/query/ExternalClassPollutionQueryNewSetItemGetBoth.ql.
Compiling query plan for /home/jackfromeast/Desktop/python-class-pollution/codeql-query/class-pollution-all/query/ExternalClassPollutionQueryNewSetAttrGetBoth.ql.
WARNING: unused variable 'setOpSecondObj' (/home/jackfromeast/Desktop/python-class-pollution/codeql-query/class-pollution-all/vuln/ClassPollutingAssignLib.qll:543,239-253)
WARNING: unused variable 'setOpSecondObj' (/home/jackfromeast/Desktop/python-class-pollution/codeql-query/class-pollution-all/vuln/ClassPollutingAssignLib.qll:562,245-259)
[6/6] Found in cache: /home/jackfromeast/Desktop/python-class-pollution/codeql-query/class-pollution-all/query/ExternalClassPollutionQueryNewSetAttrGetBoth.ql.
Starting evaluation of jackfromeast/class-pollution-all/query/ExternalClassPollutionQueryNewSetAttrGetAttr.ql.
A fatal error occurred: Cannot create dirty marker for cached strings
(eventual cause: NoSuchFileException "/home/jackfromeast/Desktop/python-class-pollution/tasks/class-pollution-positive...")
 (logger.py:42)
2025-04-28 05:30:01,159 - CodeQLRunner - ERROR - Failed to run query: /home/jackfromeast/Desktop/python-class-pollution/codeql-query/class-pollution-all/class-pollution-external.qls (logger.py:42)
2025-04-28 05:30:01,253 - CodeQLRunner - ERROR - Failed during cleanup: [Errno 39] Directory not empty: 'codeql-db' (logger.py:42)
2025-04-28 05:30:02,957 - CodeQLRunner - ERROR - Failed to build CodeQL database for quickstats: UnknownError: Initializing database at /home/jackfromeast/Desktop/python-class-pollution/tasks/class-pollution-positive-remote/output/quickstats/codeql-db.
Running build command: []
Running command in /home/jackfromeast/Desktop/python-class-pollution/tasks/class-pollution-positive-remote/output/quickstats/codebase: [/home/jackfromeast/Downloads/codeql/python/tools/autobuild.sh]
Finalizing database at /home/jackfromeast/Desktop/python-class-pollution/tasks/class-pollution-positive-remote/output/quickstats/codeql-db.
A fatal error occurred: /home/jackfromeast/Desktop/python-class-pollution/tasks/class-pollution-positive-remote/output/quickstats/codeql-db is not a recognized CodeQL database.
Failed to write diagnostic information.
 (logger.py:42)
2025-04-28 05:36:53,006 - CodeQLRunner - ERROR - Failed to execute query /home/jackfromeast/Desktop/python-class-pollution/codeql-query/class-pollution-all/class-pollution-external.qls: UnknownError: Running queries.
Compiling query plan for /home/jackfromeast/Desktop/python-class-pollution/codeql-query/class-pollution-all/query/ExternalClassPollutionQueryNewSetBothGetAttr.ql.
WARNING: unused variable 'setOpSecondObj' (/home/jackfromeast/Desktop/python-class-pollution/codeql-query/class-pollution-all/vuln/ClassPollutingAssignLib.qll:543,239-253)
WARNING: unused variable 'setOpSecondObj' (/home/jackfromeast/Desktop/python-class-pollution/codeql-query/class-pollution-all/vuln/ClassPollutingAssignLib.qll:562,245-259)
[1/6] Found in cache: /home/jackfromeast/Desktop/python-class-pollution/codeql-query/class-pollution-all/query/ExternalClassPollutionQueryNewSetBothGetAttr.ql.
Compiling query plan for /home/jackfromeast/Desktop/python-class-pollution/codeql-query/class-pollution-all/query/ExternalClassPollutionQueryNewSetAttrGetAttr.ql.
WARNING: unused variable 'setOpSecondObj' (/home/jackfromeast/Desktop/python-class-pollution/codeql-query/class-pollution-all/vuln/ClassPollutingAssignLib.qll:543,239-253)
WARNING: unused variable 'setOpSecondObj' (/home/jackfromeast/Desktop/python-class-pollution/codeql-query/class-pollution-all/vuln/ClassPollutingAssignLib.qll:562,245-259)
[2/6] Found in cache: /home/jackfromeast/Desktop/python-class-pollution/codeql-query/class-pollution-all/query/ExternalClassPollutionQueryNewSetAttrGetAttr.ql.
Compiling query plan for /home/jackfromeast/Desktop/python-class-pollution/codeql-query/class-pollution-all/query/ExternalClassPollutionQueryNewSetItemGetAttr.ql.
WARNING: unused variable 'setOpSecondObj' (/home/jackfromeast/Desktop/python-class-pollution/codeql-query/class-pollution-all/vuln/ClassPollutingAssignLib.qll:543,239-253)
WARNING: unused variable 'setOpSecondObj' (/home/jackfromeast/Desktop/python-class-pollution/codeql-query/class-pollution-all/vuln/ClassPollutingAssignLib.qll:562,245-259)
[3/6] Found in cache: /home/jackfromeast/Desktop/python-class-pollution/codeql-query/class-pollution-all/query/ExternalClassPollutionQueryNewSetItemGetAttr.ql.
Compiling query plan for /home/jackfromeast/Desktop/python-class-pollution/codeql-query/class-pollution-all/query/ExternalClassPollutionQueryNewSetBothGetBoth.ql.
WARNING: unused variable 'setOpSecondObj' (/home/jackfromeast/Desktop/python-class-pollution/codeql-query/class-pollution-all/vuln/ClassPollutingAssignLib.qll:543,239-253)
WARNING: unused variable 'setOpSecondObj' (/home/jackfromeast/Desktop/python-class-pollution/codeql-query/class-pollution-all/vuln/ClassPollutingAssignLib.qll:562,245-259)
[4/6] Found in cache: /home/jackfromeast/Desktop/python-class-pollution/codeql-query/class-pollution-all/query/ExternalClassPollutionQueryNewSetBothGetBoth.ql.
Compiling query plan for /home/jackfromeast/Desktop/python-class-pollution/codeql-query/class-pollution-all/query/ExternalClassPollutionQueryNewSetItemGetBoth.ql.
WARNING: unused variable 'setOpSecondObj' (/home/jackfromeast/Desktop/python-class-pollution/codeql-query/class-pollution-all/vuln/ClassPollutingAssignLib.qll:543,239-253)
WARNING: unused variable 'setOpSecondObj' (/home/jackfromeast/Desktop/python-class-pollution/codeql-query/class-pollution-all/vuln/ClassPollutingAssignLib.qll:562,245-259)
[5/6] Found in cache: /home/jackfromeast/Desktop/python-class-pollution/codeql-query/class-pollution-all/query/ExternalClassPollutionQueryNewSetItemGetBoth.ql.
Compiling query plan for /home/jackfromeast/Desktop/python-class-pollution/codeql-query/class-pollution-all/query/ExternalClassPollutionQueryNewSetAttrGetBoth.ql.
WARNING: unused variable 'setOpSecondObj' (/home/jackfromeast/Desktop/python-class-pollution/codeql-query/class-pollution-all/vuln/ClassPollutingAssignLib.qll:543,239-253)
WARNING: unused variable 'setOpSecondObj' (/home/jackfromeast/Desktop/python-class-pollution/codeql-query/class-pollution-all/vuln/ClassPollutingAssignLib.qll:562,245-259)
[6/6] Found in cache: /home/jackfromeast/Desktop/python-class-pollution/codeql-query/class-pollution-all/query/ExternalClassPollutionQueryNewSetAttrGetBoth.ql.
Starting evaluation of jackfromeast/class-pollution-all/query/ExternalClassPollutionQueryNewSetAttrGetAttr.ql.
A fatal error occurred: Cannot create dirty marker for cached strings
(eventual cause: NoSuchFileException "/home/jackfromeast/Desktop/python-class-pollution/tasks/class-pollution-positive...")
 (logger.py:42)
2025-04-28 05:36:53,006 - CodeQLRunner - ERROR - Failed to run query: /home/jackfromeast/Desktop/python-class-pollution/codeql-query/class-pollution-all/class-pollution-external.qls (logger.py:42)
2025-04-28 05:36:53,206 - CodeQLRunner - ERROR - Failed to build CodeQL database for nbox: UnknownError: Initializing database at /home/jackfromeast/Desktop/python-class-pollution/tasks/class-pollution-positive-remote/output/nbox/codeql-db.
Running build command: []
Running command in /home/jackfromeast/Desktop/python-class-pollution/tasks/class-pollution-positive-remote/output/nbox/codebase: [/home/jackfromeast/Downloads/codeql/python/tools/autobuild.sh]
Finalizing database at /home/jackfromeast/Desktop/python-class-pollution/tasks/class-pollution-positive-remote/output/nbox/codeql-db.
Running pre-finalize script /home/jackfromeast/Downloads/codeql/python/tools/pre-finalize.sh in /home/jackfromeast/Desktop/python-class-pollution/tasks/class-pollution-positive-remote/output/nbox/codebase.
Running command in /home/jackfromeast/Desktop/python-class-pollution/tasks/class-pollution-positive-remote/output/nbox/codebase: [/home/jackfromeast/Downloads/codeql/python/tools/pre-finalize.sh]
A fatal error occurred: Exit status 2 from command: [/home/jackfromeast/Downloads/codeql/python/tools/pre-finalize.sh]
Failed to write diagnostic information.
 (logger.py:42)
2025-04-28 05:37:07,959 - CodeQLRunner - ERROR - Failed to build CodeQL database for gftools: UnknownError: Initializing database at /home/jackfromeast/Desktop/python-class-pollution/tasks/class-pollution-positive-remote/output/gftools/codeql-db.
Running build command: []
A fatal error occurred: Invalid working directory: /home/jackfromeast/Desktop/python-class-pollution/tasks/class-pollution-positive-remote/output/gftools/codebase.
 (logger.py:42)
2025-04-28 05:39:47,728 - CodeQLRunner - ERROR - Failed to execute query /home/jackfromeast/Desktop/python-class-pollution/codeql-query/class-pollution-all/class-pollution-external.qls: UnknownError: Running queries.
Compiling query plan for /home/jackfromeast/Desktop/python-class-pollution/codeql-query/class-pollution-all/query/ExternalClassPollutionQueryNewSetBothGetAttr.ql.
WARNING: unused variable 'setOpSecondObj' (/home/jackfromeast/Desktop/python-class-pollution/codeql-query/class-pollution-all/vuln/ClassPollutingAssignLib.qll:543,239-253)
WARNING: unused variable 'setOpSecondObj' (/home/jackfromeast/Desktop/python-class-pollution/codeql-query/class-pollution-all/vuln/ClassPollutingAssignLib.qll:562,245-259)
A fatal error occurred: Could not read dbscheme at /home/jackfromeast/Desktop/python-class-pollution/tasks/class-pollution-positive-remote/output/apache-bookkeeper-client/codeql-db/db-python/semmlecode.python.dbscheme: java.nio.file.NoSuchFileException: /home/jackfromeast/Desktop/python-class-pollution/tasks/class-pollution-positive-remote/output/apache-bookkeeper-client/codeql-db/db-python/semmlecode.python.dbscheme
 (logger.py:42)
2025-04-28 05:39:47,729 - CodeQLRunner - ERROR - Failed to run query: /home/jackfromeast/Desktop/python-class-pollution/codeql-query/class-pollution-all/class-pollution-external.qls (logger.py:42)
2025-04-28 05:39:47,904 - CodeQLRunner - ERROR - Failed to build CodeQL database for apache-bookkeeper-client: UnknownError: Initializing database at /home/jackfromeast/Desktop/python-class-pollution/tasks/class-pollution-positive-remote/output/apache-bookkeeper-client/codeql-db.
Running build command: []
A fatal error occurred: Invalid working directory: /home/jackfromeast/Desktop/python-class-pollution/tasks/class-pollution-positive-remote/output/apache-bookkeeper-client/codebase.
 (logger.py:42)
2025-04-28 05:40:25,120 - CodeQLRunner - ERROR - Query timed out for crosshair-tool: /home/jackfromeast/Desktop/python-class-pollution/codeql-query/class-pollution-all/class-pollution-external.qls (logger.py:42)
2025-04-28 05:40:25,257 - CodeQLRunner - ERROR - Failed to run query: /home/jackfromeast/Desktop/python-class-pollution/codeql-query/class-pollution-all/class-pollution-external.qls (logger.py:42)
2025-04-28 05:40:27,538 - CodeQLRunner - ERROR - Failed to execute query /home/jackfromeast/Desktop/python-class-pollution/codeql-query/class-pollution-all/class-pollution-external.qls: UnknownError: Running queries.
Compiling query plan for /home/jackfromeast/Desktop/python-class-pollution/codeql-query/class-pollution-all/query/ExternalClassPollutionQueryNewSetBothGetAttr.ql.
WARNING: unused variable 'setOpSecondObj' (/home/jackfromeast/Desktop/python-class-pollution/codeql-query/class-pollution-all/vuln/ClassPollutingAssignLib.qll:543,239-253)
WARNING: unused variable 'setOpSecondObj' (/home/jackfromeast/Desktop/python-class-pollution/codeql-query/class-pollution-all/vuln/ClassPollutingAssignLib.qll:562,245-259)
A fatal error occurred: Could not read dbscheme at /home/jackfromeast/Desktop/python-class-pollution/tasks/class-pollution-positive-remote/output/kmport/codeql-db/db-python/semmlecode.python.dbscheme: java.nio.file.NoSuchFileException: /home/jackfromeast/Desktop/python-class-pollution/tasks/class-pollution-positive-remote/output/kmport/codeql-db/db-python/semmlecode.python.dbscheme
 (logger.py:42)
2025-04-28 05:40:27,538 - CodeQLRunner - ERROR - Failed to run query: /home/jackfromeast/Desktop/python-class-pollution/codeql-query/class-pollution-all/class-pollution-external.qls (logger.py:42)
2025-04-28 05:40:50,909 - CodeQLRunner - ERROR - Failed to execute query /home/jackfromeast/Desktop/python-class-pollution/codeql-query/class-pollution-all/class-pollution-external.qls: UnknownError: A fatal error occurred: /home/jackfromeast/Desktop/python-class-pollution/tasks/class-pollution-positive-remote/output/hpcflow-new2/codeql-db is not a recognized CodeQL database.
 (logger.py:42)
2025-04-28 05:40:50,909 - CodeQLRunner - ERROR - Failed to run query: /home/jackfromeast/Desktop/python-class-pollution/codeql-query/class-pollution-all/class-pollution-external.qls (logger.py:42)
2025-04-28 05:40:51,122 - CodeQLRunner - ERROR - Failed to build CodeQL database for hpcflow-new2: UnknownError: Initializing database at /home/jackfromeast/Desktop/python-class-pollution/tasks/class-pollution-positive-remote/output/hpcflow-new2/codeql-db.
Running build command: []
A fatal error occurred: Invalid working directory: /home/jackfromeast/Desktop/python-class-pollution/tasks/class-pollution-positive-remote/output/hpcflow-new2/codebase.
 (logger.py:42)
2025-04-28 05:46:21,213 - CodeQLRunner - ERROR - Building CodeQL database timed out: genie-libs-sdk (logger.py:42)
2025-04-28 05:46:37,017 - CodeQLRunner - ERROR - Building CodeQL database timed out: genie-libs-sdk (logger.py:42)
2025-04-28 05:50:17,598 - CodeQLRunner - ERROR - Building CodeQL database timed out: autofit (logger.py:42)
2025-04-28 05:56:41,795 - CodeQLRunner - ERROR - Building CodeQL database timed out: tdhelper (logger.py:42)
2025-04-28 05:57:41,386 - CodeQLRunner - ERROR - Building CodeQL database timed out: django-restit (logger.py:42)
2025-04-28 06:07:05,817 - CodeQLRunner - ERROR - Building CodeQL database timed out: kmport (logger.py:42)
