2025-05-08 14:05:42,424 - CodeQLRunner - ERROR - Failed to build CodeQL database for gmail-api-auth: NoPythonCodeFoundException: No Python code found in the repository. (logger.py:42)
2025-05-08 14:51:50,480 - CodeQLRunner - ERROR - Query timed out for distronode-core: /home/class-pollution/Desktop/python-class-pollution/codeql-query/class-pollution-all/class-pollution.qls (logger.py:42)
2025-05-08 14:51:52,005 - CodeQLRunner - ERROR - Failed to run query: /home/class-pollution/Desktop/python-class-pollution/codeql-query/class-pollution-all/class-pollution.qls (logger.py:42)
2025-05-08 14:56:13,178 - CodeQLRunner - ERROR - Failed to build CodeQL database for micromachinepy: NoPythonCodeFoundException: No Python code found in the repository. (logger.py:42)
2025-05-08 14:56:26,795 - CodeQLRunner - ERROR - Failed to build CodeQL database for django-odbc: NoPythonCodeFoundException: No Python code found in the repository. (logger.py:42)
2025-05-08 14:57:55,282 - CodeQLRunner - ERROR - Failed to build CodeQL database for ansi-escape-sequences: NoPythonCodeFoundException: No Python code found in the repository. (logger.py:42)
2025-05-08 15:18:36,764 - CodeQLRunner - ERROR - Failed to build CodeQL database for pype-xgboost: NoPythonCodeFoundException: No Python code found in the repository. (logger.py:42)
2025-05-08 15:23:04,828 - CodeQLRunner - ERROR - Failed to build CodeQL database for bigmultiplier: NoPythonCodeFoundException: No Python code found in the repository. (logger.py:42)
2025-05-08 15:29:22,981 - CodeQLRunner - ERROR - Failed to build CodeQL database for jupyshark: NoPythonCodeFoundException: No Python code found in the repository. (logger.py:42)
2025-05-08 15:44:38,487 - CodeQLRunner - ERROR - Failed to build CodeQL database for odoo14-addons-oca-credit-control: NoPythonCodeFoundException: No Python code found in the repository. (logger.py:42)
2025-05-08 15:57:08,849 - CodeQLRunner - ERROR - Failed to build CodeQL database for xbox-smartglass-stump: NoPythonCodeFoundException: No Python code found in the repository. (logger.py:42)
2025-05-08 16:06:34,064 - CodeQLRunner - ERROR - Failed to build CodeQL database for pymatrixstack: NoPythonCodeFoundException: No Python code found in the repository. (logger.py:42)
2025-05-08 16:18:31,649 - CodeQLRunner - ERROR - Failed to build CodeQL database for facemongo: NoPythonCodeFoundException: No Python code found in the repository. (logger.py:42)
2025-05-08 16:18:59,491 - CodeQLRunner - ERROR - Failed to build CodeQL database for gwp-uncertainties: NoPythonCodeFoundException: No Python code found in the repository. (logger.py:42)
2025-05-08 16:23:27,788 - CodeQLRunner - ERROR - Failed to build CodeQL database for amazon-india-affilate: NoPythonCodeFoundException: No Python code found in the repository. (logger.py:42)
2025-05-08 16:29:13,070 - CodeQLRunner - ERROR - Failed to build CodeQL database for latex-tools-hw: NoPythonCodeFoundException: No Python code found in the repository. (logger.py:42)
2025-05-08 16:41:39,030 - CodeQLRunner - ERROR - Failed to build CodeQL database for greatoperations: NoPythonCodeFoundException: No Python code found in the repository. (logger.py:42)
2025-05-08 16:44:22,543 - CodeQLRunner - ERROR - Failed to build CodeQL database for owa: NoPythonCodeFoundException: No Python code found in the repository. (logger.py:42)
2025-05-08 16:47:59,488 - CodeQLRunner - ERROR - Failed to build CodeQL database for fluxpyt: NoPythonCodeFoundException: No Python code found in the repository. (logger.py:42)
2025-05-08 17:06:19,721 - CodeQLRunner - ERROR - Failed to build CodeQL database for datafusion-stubs: NoSupportedPythonCodeFound: No supported code found in the repository. (logger.py:42)
2025-05-08 17:10:17,383 - CodeQLRunner - ERROR - Failed to build CodeQL database for numpyprint: NoPythonCodeFoundException: No Python code found in the repository. (logger.py:42)
2025-05-08 17:28:28,207 - CodeQLRunner - ERROR - Failed to build CodeQL database for blenderize: NoPythonCodeFoundException: No Python code found in the repository. (logger.py:42)
2025-05-08 17:30:17,240 - CodeQLRunner - ERROR - Failed to build CodeQL database for cprl: NoPythonCodeFoundException: No Python code found in the repository. (logger.py:42)
2025-05-08 17:32:48,950 - CodeQLRunner - ERROR - Failed to build CodeQL database for a-lili: NoPythonCodeFoundException: No Python code found in the repository. (logger.py:42)
2025-05-08 17:33:05,639 - CodeQLRunner - ERROR - Failed to build CodeQL database for pingf: NoPythonCodeFoundException: No Python code found in the repository. (logger.py:42)
2025-05-08 17:54:28,613 - CodeQLRunner - ERROR - Failed to build CodeQL database for oneneuron-pypi-pavanjahagirdar: NoPythonCodeFoundException: No Python code found in the repository. (logger.py:42)
2025-05-08 17:57:19,128 - CodeQLRunner - ERROR - Failed to build CodeQL database for odoo13-addons-oca-stock-logistics-barcode: NoPythonCodeFoundException: No Python code found in the repository. (logger.py:42)
2025-05-08 18:00:13,940 - CodeQLRunner - ERROR - Failed to build CodeQL database for nlgmal: NoPythonCodeFoundException: No Python code found in the repository. (logger.py:42)
2025-05-08 18:05:23,539 - CodeQLRunner - ERROR - Failed to build CodeQL database for bot-pipeline: NoPythonCodeFoundException: No Python code found in the repository. (logger.py:42)
2025-05-08 18:05:53,269 - CodeQLRunner - ERROR - Failed to build CodeQL database for austyngriegolib: NoPythonCodeFoundException: No Python code found in the repository. (logger.py:42)
2025-05-08 18:19:00,129 - CodeQLRunner - ERROR - Failed to build CodeQL database for hybrilang: NoPythonCodeFoundException: No Python code found in the repository. (logger.py:42)
2025-05-08 18:37:13,830 - CodeQLRunner - ERROR - Failed to build CodeQL database for aicovidvn-2021: NoPythonCodeFoundException: No Python code found in the repository. (logger.py:42)
2025-05-08 18:44:58,678 - CodeQLRunner - ERROR - Failed to build CodeQL database for odoo13-addons-oca-reporting-engine: NoPythonCodeFoundException: No Python code found in the repository. (logger.py:42)
2025-05-08 18:58:45,672 - CodeQLRunner - ERROR - Failed to build CodeQL database for griddyenv: NoPythonCodeFoundException: No Python code found in the repository. (logger.py:42)
2025-05-08 19:00:08,467 - CodeQLRunner - ERROR - Failed to build CodeQL database for zphisher: NoPythonCodeFoundException: No Python code found in the repository. (logger.py:42)
2025-05-08 19:14:39,768 - CodeQLRunner - ERROR - Failed to build CodeQL database for algoritmika-quiz-package: NoPythonCodeFoundException: No Python code found in the repository. (logger.py:42)
2025-05-08 19:19:06,649 - CodeQLRunner - ERROR - Failed to build CodeQL database for ipspin: NoPythonCodeFoundException: No Python code found in the repository. (logger.py:42)
2025-05-08 19:22:02,591 - CodeQLRunner - ERROR - Failed to build CodeQL database for docailite: NoPythonCodeFoundException: No Python code found in the repository. (logger.py:42)
2025-05-08 19:24:01,926 - CodeQLRunner - ERROR - Failed to build CodeQL database for speech2speech: NoPythonCodeFoundException: No Python code found in the repository. (logger.py:42)
2025-05-08 19:27:03,261 - CodeQLRunner - ERROR - Failed to build CodeQL database for yhtest: NoPythonCodeFoundException: No Python code found in the repository. (logger.py:42)
2025-05-08 19:28:13,345 - CodeQLRunner - ERROR - Failed to build CodeQL database for jxautomlcompatiblemodels: NoPythonCodeFoundException: No Python code found in the repository. (logger.py:42)
2025-05-08 19:36:36,018 - CodeQLRunner - ERROR - Failed to build CodeQL database for odoo12-addons-oca-l10n-france: NoPythonCodeFoundException: No Python code found in the repository. (logger.py:42)
2025-05-08 19:50:52,261 - CodeQLRunner - ERROR - Failed to build CodeQL database for aitomlib: NoPythonCodeFoundException: No Python code found in the repository. (logger.py:42)
2025-05-08 19:54:13,280 - CodeQLRunner - ERROR - Failed to build CodeQL database for omer-aker: NoPythonCodeFoundException: No Python code found in the repository. (logger.py:42)
2025-05-08 19:57:36,396 - CodeQLRunner - ERROR - Failed to build CodeQL database for feature-extractor: NoPythonCodeFoundException: No Python code found in the repository. (logger.py:42)
2025-05-08 20:08:46,302 - CodeQLRunner - ERROR - Failed to build CodeQL database for stickyland: NoPythonCodeFoundException: No Python code found in the repository. (logger.py:42)
2025-05-08 20:18:19,031 - CodeQLRunner - ERROR - Failed to build CodeQL database for librmm-cu11: NoPythonCodeFoundException: No Python code found in the repository. (logger.py:42)
2025-05-08 20:33:23,590 - CodeQLRunner - ERROR - Failed to build CodeQL database for duconsumer: NoPythonCodeFoundException: No Python code found in the repository. (logger.py:42)
2025-05-08 20:59:42,487 - CodeQLRunner - ERROR - Failed to build CodeQL database for helloworld-mcv: NoPythonCodeFoundException: No Python code found in the repository. (logger.py:42)
2025-05-08 21:06:49,251 - CodeQLRunner - ERROR - Failed to build CodeQL database for odoo14-addons-oca-account-fiscal-rule: NoPythonCodeFoundException: No Python code found in the repository. (logger.py:42)
2025-05-08 21:09:32,377 - CodeQLRunner - ERROR - Failed to build CodeQL database for curobo: NoPythonCodeFoundException: No Python code found in the repository. (logger.py:42)
2025-05-08 21:15:12,457 - CodeQLRunner - ERROR - Failed to build CodeQL database for decorpy: NoPythonCodeFoundException: No Python code found in the repository. (logger.py:42)
2025-05-08 21:20:27,404 - CodeQLRunner - ERROR - Failed to build CodeQL database for chrisfa-area-calculator-dci: NoPythonCodeFoundException: No Python code found in the repository. (logger.py:42)
2025-05-08 21:27:20,806 - CodeQLRunner - ERROR - Failed to build CodeQL database for ligafooty: NoPythonCodeFoundException: No Python code found in the repository. (logger.py:42)
2025-05-08 21:34:33,794 - CodeQLRunner - ERROR - Failed to build CodeQL database for zamzar-sdk: NoPythonCodeFoundException: No Python code found in the repository. (logger.py:42)
2025-05-08 21:37:28,091 - CodeQLRunner - ERROR - Failed to build CodeQL database for incal-lib: NoPythonCodeFoundException: No Python code found in the repository. (logger.py:42)
2025-05-08 21:39:09,576 - CodeQLRunner - ERROR - Failed to build CodeQL database for gpkg-magenta-music: NoPythonCodeFoundException: No Python code found in the repository. (logger.py:42)
2025-05-08 21:49:07,000 - CodeQLRunner - ERROR - Failed to build CodeQL database for programstatistics: NoPythonCodeFoundException: No Python code found in the repository. (logger.py:42)
2025-05-08 21:53:14,212 - CodeQLRunner - ERROR - Failed to build CodeQL database for arbeider: NoPythonCodeFoundException: No Python code found in the repository. (logger.py:42)
2025-05-08 22:13:57,138 - CodeQLRunner - ERROR - Failed to build CodeQL database for pyaudp: NoPythonCodeFoundException: No Python code found in the repository. (logger.py:42)
2025-05-08 22:20:12,325 - CodeQLRunner - ERROR - Failed to build CodeQL database for emptydataremover: NoPythonCodeFoundException: No Python code found in the repository. (logger.py:42)
2025-05-08 22:39:12,238 - CodeQLRunner - ERROR - Failed to build CodeQL database for jupyterlab-extensions: NoPythonCodeFoundException: No Python code found in the repository. (logger.py:42)
2025-05-08 22:46:48,580 - CodeQLRunner - ERROR - Failed to build CodeQL database for py-accumulate: NoPythonCodeFoundException: No Python code found in the repository. (logger.py:42)
2025-05-08 23:07:00,596 - CodeQLRunner - ERROR - Failed to build CodeQL database for omim-data-styles: NoPythonCodeFoundException: No Python code found in the repository. (logger.py:42)
2025-05-08 23:34:40,614 - CodeQLRunner - ERROR - Failed to build CodeQL database for odoo12-addons-oca-stock-logistics-reporting: NoPythonCodeFoundException: No Python code found in the repository. (logger.py:42)
2025-05-08 23:47:48,639 - CodeQLRunner - ERROR - Failed to build CodeQL database for re-lab-template: NoPythonCodeFoundException: No Python code found in the repository. (logger.py:42)
2025-05-08 23:47:59,763 - CodeQLRunner - ERROR - Failed to build CodeQL database for anakin: NoPythonCodeFoundException: No Python code found in the repository. (logger.py:42)
2025-05-09 00:10:14,568 - CodeQLRunner - ERROR - Failed to build CodeQL database for sk-dm: NoPythonCodeFoundException: No Python code found in the repository. (logger.py:42)
2025-05-09 00:22:43,300 - CodeQLRunner - ERROR - Failed to build CodeQL database for imagetosketch: NoPythonCodeFoundException: No Python code found in the repository. (logger.py:42)
2025-05-09 00:37:40,367 - CodeQLRunner - ERROR - Failed to build CodeQL database for one-pass: NoPythonCodeFoundException: No Python code found in the repository. (logger.py:42)
2025-05-09 00:40:36,601 - CodeQLRunner - ERROR - Failed to build CodeQL database for uipy: NoPythonCodeFoundException: No Python code found in the repository. (logger.py:42)
2025-05-09 00:47:04,536 - CodeQLRunner - ERROR - Failed to build CodeQL database for hassws: NoPythonCodeFoundException: No Python code found in the repository. (logger.py:42)
2025-05-09 00:51:10,914 - CodeQLRunner - ERROR - Failed to build CodeQL database for restauvallues: NoPythonCodeFoundException: No Python code found in the repository. (logger.py:42)
2025-05-09 00:58:28,261 - CodeQLRunner - ERROR - Failed to build CodeQL database for apitelev: NoPythonCodeFoundException: No Python code found in the repository. (logger.py:42)
2025-05-09 01:06:53,427 - CodeQLRunner - ERROR - Failed to build CodeQL database for sourcing-kaggle-datasets: NoPythonCodeFoundException: No Python code found in the repository. (logger.py:42)
2025-05-09 01:17:18,155 - CodeQLRunner - ERROR - Failed to build CodeQL database for wallpaper-group-symmetry-dataset: NoPythonCodeFoundException: No Python code found in the repository. (logger.py:42)
2025-05-09 01:46:32,183 - CodeQLRunner - ERROR - Failed to build CodeQL database for natsucord: NoPythonCodeFoundException: No Python code found in the repository. (logger.py:42)
2025-05-09 01:46:47,721 - CodeQLRunner - ERROR - Failed to build CodeQL database for mtg-card-identifier: NoPythonCodeFoundException: No Python code found in the repository. (logger.py:42)
2025-05-09 02:09:03,760 - CodeQLRunner - ERROR - Failed to build CodeQL database for abstract-security-test: NoPythonCodeFoundException: No Python code found in the repository. (logger.py:42)
2025-05-09 02:35:13,151 - CodeQLRunner - ERROR - Failed to build CodeQL database for xfer4suredemo-package: NoPythonCodeFoundException: No Python code found in the repository. (logger.py:42)
2025-05-09 02:35:27,538 - CodeQLRunner - ERROR - Failed to build CodeQL database for odoo14-addons-shopinvader-odoo-shopinvader-payment: NoPythonCodeFoundException: No Python code found in the repository. (logger.py:42)
2025-05-09 02:55:17,289 - CodeQLRunner - ERROR - Failed to build CodeQL database for micropython-samd-adafruit-itsybitsy-m4-express-stubs: NoSupportedPythonCodeFound: No supported code found in the repository. (logger.py:42)
2025-05-09 03:00:42,882 - CodeQLRunner - ERROR - Failed to build CodeQL database for odoo11-addons-oca-product-variant: NoPythonCodeFoundException: No Python code found in the repository. (logger.py:42)
2025-05-09 03:00:57,425 - CodeQLRunner - ERROR - Failed to build CodeQL database for nbapredictdaily: NoPythonCodeFoundException: No Python code found in the repository. (logger.py:42)
2025-05-09 03:18:46,043 - CodeQLRunner - ERROR - Failed to build CodeQL database for neuron-gopichandu-tech: NoPythonCodeFoundException: No Python code found in the repository. (logger.py:42)
2025-05-09 03:29:26,919 - CodeQLRunner - ERROR - Failed to build CodeQL database for sepadd: NoPythonCodeFoundException: No Python code found in the repository. (logger.py:42)
2025-05-09 03:37:43,227 - CodeQLRunner - ERROR - Failed to build CodeQL database for amazon-india-affiliate: NoPythonCodeFoundException: No Python code found in the repository. (logger.py:42)
2025-05-09 03:47:54,559 - CodeQLRunner - ERROR - Failed to build CodeQL database for primer-coin-game: NoPythonCodeFoundException: No Python code found in the repository. (logger.py:42)
2025-05-09 04:01:37,138 - CodeQLRunner - ERROR - Failed to build CodeQL database for discord-publisher: NoPythonCodeFoundException: No Python code found in the repository. (logger.py:42)
2025-05-09 04:56:26,863 - CodeQLRunner - ERROR - Failed to build CodeQL database for pdfmoduletest: NoPythonCodeFoundException: No Python code found in the repository. (logger.py:42)
2025-05-09 05:17:05,346 - CodeQLRunner - ERROR - Failed to build CodeQL database for superduperreload: NoPythonCodeFoundException: No Python code found in the repository. (logger.py:42)
2025-05-09 06:43:16,839 - CodeQLRunner - ERROR - Failed to build CodeQL database for babauin: NoPythonCodeFoundException: No Python code found in the repository. (logger.py:42)
2025-05-09 07:20:13,543 - CodeQLRunner - ERROR - Failed to build CodeQL database for gpkg-magenta-image: NoPythonCodeFoundException: No Python code found in the repository. (logger.py:42)
2025-05-09 07:20:22,998 - CodeQLRunner - ERROR - Failed to build CodeQL database for piaggio: NoPythonCodeFoundException: No Python code found in the repository. (logger.py:42)
2025-05-09 07:21:43,063 - CodeQLRunner - ERROR - Failed to build CodeQL database for nonebot-plugin-fishcat-ping: NoPythonCodeFoundException: No Python code found in the repository. (logger.py:42)
2025-05-09 07:25:00,886 - CodeQLRunner - ERROR - Failed to build CodeQL database for demography-datamoo-faceviz: NoPythonCodeFoundException: No Python code found in the repository. (logger.py:42)
2025-05-09 07:28:05,805 - CodeQLRunner - ERROR - Failed to build CodeQL database for adam-pakiet: NoPythonCodeFoundException: No Python code found in the repository. (logger.py:42)
2025-05-09 07:42:54,164 - CodeQLRunner - ERROR - Failed to build CodeQL database for addbook: NoPythonCodeFoundException: No Python code found in the repository. (logger.py:42)
2025-05-09 07:53:26,055 - CodeQLRunner - ERROR - Failed to build CodeQL database for health-packcage-01: NoPythonCodeFoundException: No Python code found in the repository. (logger.py:42)
2025-05-09 07:56:47,539 - CodeQLRunner - ERROR - Failed to build CodeQL database for tcpinglib: NoPythonCodeFoundException: No Python code found in the repository. (logger.py:42)
2025-05-09 08:01:12,674 - CodeQLRunner - ERROR - Failed to build CodeQL database for opeira: NoPythonCodeFoundException: No Python code found in the repository. (logger.py:42)
2025-05-09 08:10:09,116 - CodeQLRunner - ERROR - Failed to build CodeQL database for xunkulogger: NoPythonCodeFoundException: No Python code found in the repository. (logger.py:42)
2025-05-09 08:22:35,019 - CodeQLRunner - ERROR - Failed to build CodeQL database for phenoqc: NoPythonCodeFoundException: No Python code found in the repository. (logger.py:42)
2025-05-09 08:51:53,138 - CodeQLRunner - ERROR - Failed to build CodeQL database for mindset-streams: NoPythonCodeFoundException: No Python code found in the repository. (logger.py:42)
2025-05-09 09:10:10,704 - CodeQLRunner - ERROR - Failed to build CodeQL database for package-funny: NoPythonCodeFoundException: No Python code found in the repository. (logger.py:42)
2025-05-09 09:22:13,483 - CodeQLRunner - ERROR - Failed to build CodeQL database for jobshop: NoPythonCodeFoundException: No Python code found in the repository. (logger.py:42)
2025-05-09 09:29:30,808 - CodeQLRunner - ERROR - Failed to build CodeQL database for lypg: NoPythonCodeFoundException: No Python code found in the repository. (logger.py:42)
2025-05-09 09:35:35,550 - CodeQLRunner - ERROR - Failed to build CodeQL database for utlts: NoPythonCodeFoundException: No Python code found in the repository. (logger.py:42)
2025-05-09 09:36:09,101 - CodeQLRunner - ERROR - Failed to build CodeQL database for valentine-matcher-2024: NoPythonCodeFoundException: No Python code found in the repository. (logger.py:42)
2025-05-09 09:40:01,149 - CodeQLRunner - ERROR - Failed to build CodeQL database for django-lostplaces: NoPythonCodeFoundException: No Python code found in the repository. (logger.py:42)
2025-05-09 09:50:09,299 - CodeQLRunner - ERROR - Query timed out for fons: /home/class-pollution/Desktop/python-class-pollution/codeql-query/class-pollution-all/class-pollution.qls (logger.py:42)
2025-05-09 09:50:11,156 - CodeQLRunner - ERROR - Failed to run query: /home/class-pollution/Desktop/python-class-pollution/codeql-query/class-pollution-all/class-pollution.qls (logger.py:42)
2025-05-09 09:58:34,408 - CodeQLRunner - ERROR - Failed to build CodeQL database for susanpdf1: NoPythonCodeFoundException: No Python code found in the repository. (logger.py:42)
2025-05-09 10:01:28,734 - CodeQLRunner - ERROR - Failed to build CodeQL database for assembly-emu: NoPythonCodeFoundException: No Python code found in the repository. (logger.py:42)
2025-05-09 10:01:30,607 - CodeQLRunner - ERROR - Failed to build CodeQL database for soloman-controls: NoPythonCodeFoundException: No Python code found in the repository. (logger.py:42)
2025-05-09 10:20:32,908 - CodeQLRunner - ERROR - Failed to build CodeQL database for odoo12-addons-oca-delivery-carrier: NoPythonCodeFoundException: No Python code found in the repository. (logger.py:42)
2025-05-09 10:33:00,728 - CodeQLRunner - ERROR - Failed to build CodeQL database for oss-dev-testoutput: NoPythonCodeFoundException: No Python code found in the repository. (logger.py:42)
2025-05-09 10:42:00,825 - CodeQLRunner - ERROR - Failed to build CodeQL database for remah: NoPythonCodeFoundException: No Python code found in the repository. (logger.py:42)
2025-05-09 10:44:19,434 - CodeQLRunner - ERROR - Failed to build CodeQL database for yarfox: NoPythonCodeFoundException: No Python code found in the repository. (logger.py:42)
2025-05-09 10:56:35,506 - CodeQLRunner - ERROR - Failed to build CodeQL database for focal-loss-pytorch: NoPythonCodeFoundException: No Python code found in the repository. (logger.py:42)
2025-05-09 10:56:48,019 - CodeQLRunner - ERROR - Failed to build CodeQL database for envease: NoPythonCodeFoundException: No Python code found in the repository. (logger.py:42)
2025-05-09 11:05:10,424 - CodeQLRunner - ERROR - Failed to build CodeQL database for caddy-bin-edge: NoPythonCodeFoundException: No Python code found in the repository. (logger.py:42)
2025-05-09 11:08:35,720 - CodeQLRunner - ERROR - Failed to build CodeQL database for plegui: NoPythonCodeFoundException: No Python code found in the repository. (logger.py:42)
2025-05-09 11:36:39,643 - CodeQLRunner - ERROR - Failed to build CodeQL database for nonebot-plugin-group-insight: NoPythonCodeFoundException: No Python code found in the repository. (logger.py:42)
2025-05-09 11:46:38,727 - CodeQLRunner - ERROR - Failed to build CodeQL database for omim-data-fonts: NoPythonCodeFoundException: No Python code found in the repository. (logger.py:42)
2025-05-09 11:46:48,060 - CodeQLRunner - ERROR - Failed to build CodeQL database for cookiecutter-hamster: NoPythonCodeFoundException: No Python code found in the repository. (logger.py:42)
2025-05-09 11:53:13,948 - CodeQLRunner - ERROR - Failed to build CodeQL database for odoo13-addons-oca-ddmrp: NoPythonCodeFoundException: No Python code found in the repository. (logger.py:42)
2025-05-09 11:53:24,838 - CodeQLRunner - ERROR - Failed to build CodeQL database for odoo13-addons-oca-account-reconcile: NoPythonCodeFoundException: No Python code found in the repository. (logger.py:42)
2025-05-09 12:22:26,882 - CodeQLRunner - ERROR - Failed to build CodeQL database for flpy: NoPythonCodeFoundException: No Python code found in the repository. (logger.py:42)
2025-05-09 12:38:52,827 - CodeQLRunner - ERROR - Failed to build CodeQL database for bokhalifapackage: NoPythonCodeFoundException: No Python code found in the repository. (logger.py:42)
2025-05-09 12:42:21,878 - CodeQLRunner - ERROR - Failed to build CodeQL database for py-poo: NoPythonCodeFoundException: No Python code found in the repository. (logger.py:42)
2025-05-09 12:44:29,636 - CodeQLRunner - ERROR - Failed to build CodeQL database for vocabulary-extension: NoPythonCodeFoundException: No Python code found in the repository. (logger.py:42)
2025-05-09 12:53:16,247 - CodeQLRunner - ERROR - Failed to build CodeQL database for croustiilog: NoPythonCodeFoundException: No Python code found in the repository. (logger.py:42)
2025-05-09 13:11:40,153 - CodeQLRunner - ERROR - Failed to build CodeQL database for pingablepy: NoPythonCodeFoundException: No Python code found in the repository. (logger.py:42)
2025-05-09 13:24:27,703 - CodeQLRunner - ERROR - Failed to build CodeQL database for aiinfo: NoPythonCodeFoundException: No Python code found in the repository. (logger.py:42)
2025-05-09 13:38:31,875 - CodeQLRunner - ERROR - Failed to build CodeQL database for solidlibs: NoPythonCodeFoundException: No Python code found in the repository. (logger.py:42)
2025-05-09 13:45:09,110 - CodeQLRunner - ERROR - Failed to build CodeQL database for odoo13-addons-oca-l10n-brazil: NoPythonCodeFoundException: No Python code found in the repository. (logger.py:42)
2025-05-09 13:50:25,486 - CodeQLRunner - ERROR - Failed to build CodeQL database for reverse-words-oliinyk-andrii: NoPythonCodeFoundException: No Python code found in the repository. (logger.py:42)
2025-05-09 14:01:19,160 - CodeQLRunner - ERROR - Failed to build CodeQL database for flake8-exceptions: NoPythonCodeFoundException: No Python code found in the repository. (logger.py:42)
2025-05-09 14:10:16,364 - CodeQLRunner - ERROR - Failed to build CodeQL database for neuron-pypi-gopichandu-tech: NoPythonCodeFoundException: No Python code found in the repository. (logger.py:42)
2025-05-09 14:17:11,919 - CodeQLRunner - ERROR - Failed to build CodeQL database for srvc: NoPythonCodeFoundException: No Python code found in the repository. (logger.py:42)
2025-05-09 14:23:13,078 - CodeQLRunner - ERROR - Failed to build CodeQL database for py3c: NoPythonCodeFoundException: No Python code found in the repository. (logger.py:42)
2025-05-09 14:56:23,075 - CodeQLRunner - ERROR - Failed to build CodeQL database for ecgaugmentation: NoPythonCodeFoundException: No Python code found in the repository. (logger.py:42)
2025-05-09 15:07:55,980 - CodeQLRunner - ERROR - Failed to build CodeQL database for loggerreader: NoPythonCodeFoundException: No Python code found in the repository. (logger.py:42)
2025-05-09 15:09:59,072 - CodeQLRunner - ERROR - Failed to build CodeQL database for instahack: NoPythonCodeFoundException: No Python code found in the repository. (logger.py:42)
2025-05-09 15:10:00,486 - CodeQLRunner - ERROR - Failed to build CodeQL database for jpytools: NoPythonCodeFoundException: No Python code found in the repository. (logger.py:42)
2025-05-09 15:22:05,120 - CodeQLRunner - ERROR - Failed to build CodeQL database for crosscompute-jupyterlab-extensions: NoPythonCodeFoundException: No Python code found in the repository. (logger.py:42)
2025-05-09 15:28:55,402 - CodeQLRunner - ERROR - Failed to build CodeQL database for oidc-example-packagingcon23: NoPythonCodeFoundException: No Python code found in the repository. (logger.py:42)
2025-05-09 15:34:03,930 - CodeQLRunner - ERROR - Failed to build CodeQL database for zig: NoPythonCodeFoundException: No Python code found in the repository. (logger.py:42)
2025-05-09 16:11:53,245 - CodeQLRunner - ERROR - Failed to build CodeQL database for winapi: NoPythonCodeFoundException: No Python code found in the repository. (logger.py:42)
2025-05-09 16:13:07,069 - CodeQLRunner - ERROR - Failed to build CodeQL database for attack: NoPythonCodeFoundException: No Python code found in the repository. (logger.py:42)
2025-05-09 16:16:12,750 - CodeQLRunner - ERROR - Failed to build CodeQL database for imagebuild: NoPythonCodeFoundException: No Python code found in the repository. (logger.py:42)
2025-05-09 16:45:14,357 - CodeQLRunner - ERROR - Failed to build CodeQL database for dolittle-timeseries-runtime-contracts: NoPythonCodeFoundException: No Python code found in the repository. (logger.py:42)
2025-05-09 16:52:13,399 - CodeQLRunner - ERROR - Failed to build CodeQL database for csm4cobra: NoPythonCodeFoundException: No Python code found in the repository. (logger.py:42)
2025-05-09 16:59:54,497 - CodeQLRunner - ERROR - Failed to build CodeQL database for paho-mqtt-stubs: NoSupportedPythonCodeFound: No supported code found in the repository. (logger.py:42)
2025-05-09 17:08:38,590 - CodeQLRunner - ERROR - Failed to build CodeQL database for odoo12-addons-oca-account-reconcile: NoPythonCodeFoundException: No Python code found in the repository. (logger.py:42)
2025-05-09 17:36:51,137 - CodeQLRunner - ERROR - Failed to build CodeQL database for testpypier: NoPythonCodeFoundException: No Python code found in the repository. (logger.py:42)
2025-05-09 17:55:25,872 - CodeQLRunner - ERROR - Failed to build CodeQL database for azure-ai-services: NoPythonCodeFoundException: No Python code found in the repository. (logger.py:42)
2025-05-09 18:00:03,279 - CodeQLRunner - ERROR - Failed to build CodeQL database for linenotice: NoPythonCodeFoundException: No Python code found in the repository. (logger.py:42)
2025-05-09 18:20:08,334 - CodeQLRunner - ERROR - Failed to build CodeQL database for ossstudy: NoPythonCodeFoundException: No Python code found in the repository. (logger.py:42)
2025-05-09 18:35:59,791 - CodeQLRunner - ERROR - Failed to build CodeQL database for exercise-library: NoPythonCodeFoundException: No Python code found in the repository. (logger.py:42)
2025-05-09 18:40:40,727 - CodeQLRunner - ERROR - Failed to build CodeQL database for aiocom: NoPythonCodeFoundException: No Python code found in the repository. (logger.py:42)
2025-05-09 19:00:05,922 - CodeQLRunner - ERROR - Failed to build CodeQL database for eduling: NoPythonCodeFoundException: No Python code found in the repository. (logger.py:42)
2025-05-09 19:05:20,070 - CodeQLRunner - ERROR - Failed to build CodeQL database for hotdog-oxde: NoPythonCodeFoundException: No Python code found in the repository. (logger.py:42)
2025-05-09 19:07:14,198 - CodeQLRunner - ERROR - Failed to build CodeQL database for odoo14-addons-oca-community-data-files: NoPythonCodeFoundException: No Python code found in the repository. (logger.py:42)
2025-05-09 19:16:47,281 - CodeQLRunner - ERROR - Failed to build CodeQL database for sunnybytech-stt: NoPythonCodeFoundException: No Python code found in the repository. (logger.py:42)
2025-05-09 19:27:24,490 - CodeQLRunner - ERROR - Failed to build CodeQL database for tripadvisor-scraper: NoPythonCodeFoundException: No Python code found in the repository. (logger.py:42)
2025-05-09 19:28:34,438 - CodeQLRunner - ERROR - Failed to build CodeQL database for diskord-invites: NoPythonCodeFoundException: No Python code found in the repository. (logger.py:42)
2025-05-09 20:28:27,441 - CodeQLRunner - ERROR - Failed to build CodeQL database for ettuparser: NoPythonCodeFoundException: No Python code found in the repository. (logger.py:42)
2025-05-09 20:34:11,604 - CodeQLRunner - ERROR - Failed to build CodeQL database for odoo13-addons-oca-sale-reporting: NoPythonCodeFoundException: No Python code found in the repository. (logger.py:42)
2025-05-09 20:37:54,638 - CodeQLRunner - ERROR - Query timed out for puya: /home/class-pollution/Desktop/python-class-pollution/codeql-query/class-pollution-all/class-pollution.qls (logger.py:42)
2025-05-09 20:37:56,332 - CodeQLRunner - ERROR - Failed to run query: /home/class-pollution/Desktop/python-class-pollution/codeql-query/class-pollution-all/class-pollution.qls (logger.py:42)
2025-05-09 20:45:03,283 - CodeQLRunner - ERROR - Failed to build CodeQL database for restauapii: NoPythonCodeFoundException: No Python code found in the repository. (logger.py:42)
2025-05-09 20:48:49,617 - CodeQLRunner - ERROR - Failed to build CodeQL database for crobat: NoPythonCodeFoundException: No Python code found in the repository. (logger.py:42)
2025-05-09 20:57:25,586 - CodeQLRunner - ERROR - Failed to build CodeQL database for stirpy: NoPythonCodeFoundException: No Python code found in the repository. (logger.py:42)
2025-05-09 21:52:58,897 - CodeQLRunner - ERROR - Failed to build CodeQL database for script-scheduler: NoPythonCodeFoundException: No Python code found in the repository. (logger.py:42)
2025-05-09 22:04:10,306 - CodeQLRunner - ERROR - Failed to build CodeQL database for odoo14-addons-oca-queue: NoPythonCodeFoundException: No Python code found in the repository. (logger.py:42)
2025-05-09 22:15:53,263 - CodeQLRunner - ERROR - Failed to build CodeQL database for hello-doxg: NoPythonCodeFoundException: No Python code found in the repository. (logger.py:42)
2025-05-09 22:29:38,059 - CodeQLRunner - ERROR - Failed to build CodeQL database for pkgmeasure: NoPythonCodeFoundException: No Python code found in the repository. (logger.py:42)
2025-05-09 22:38:01,003 - CodeQLRunner - ERROR - Failed to build CodeQL database for time-space-reductions: NoPythonCodeFoundException: No Python code found in the repository. (logger.py:42)
2025-05-09 22:40:29,588 - CodeQLRunner - ERROR - Failed to build CodeQL database for odoo11-addons-oca-l10n-germany: NoPythonCodeFoundException: No Python code found in the repository. (logger.py:42)
2025-05-09 22:42:19,579 - CodeQLRunner - ERROR - Failed to build CodeQL database for odoo14-addons-oca-vertical-association: NoPythonCodeFoundException: No Python code found in the repository. (logger.py:42)
2025-05-09 22:43:45,462 - CodeQLRunner - ERROR - Failed to build CodeQL database for magition: NoPythonCodeFoundException: No Python code found in the repository. (logger.py:42)
2025-05-09 23:48:13,737 - CodeQLRunner - ERROR - Failed to build CodeQL database for driftlens: NoPythonCodeFoundException: No Python code found in the repository. (logger.py:42)
2025-05-09 23:53:43,023 - CodeQLRunner - ERROR - Failed to build CodeQL database for databooster: NoPythonCodeFoundException: No Python code found in the repository. (logger.py:42)
2025-05-09 23:53:44,126 - CodeQLRunner - ERROR - Failed to build CodeQL database for dinosaurs: NoPythonCodeFoundException: No Python code found in the repository. (logger.py:42)
2025-05-10 00:07:32,580 - CodeQLRunner - ERROR - Failed to build CodeQL database for server-report-django: NoPythonCodeFoundException: No Python code found in the repository. (logger.py:42)
2025-05-10 00:11:18,832 - CodeQLRunner - ERROR - Failed to build CodeQL database for fake-fingerprint: NoPythonCodeFoundException: No Python code found in the repository. (logger.py:42)
2025-05-10 00:22:49,543 - CodeQLRunner - ERROR - Failed to build CodeQL database for autovariate: NoPythonCodeFoundException: No Python code found in the repository. (logger.py:42)
2025-05-10 00:23:48,769 - CodeQLRunner - ERROR - Failed to build CodeQL database for djseong-test-foo: NoPythonCodeFoundException: No Python code found in the repository. (logger.py:42)
2025-05-10 00:28:25,716 - CodeQLRunner - ERROR - Failed to build CodeQL database for asumpy3: NoPythonCodeFoundException: No Python code found in the repository. (logger.py:42)
2025-05-10 00:32:28,589 - CodeQLRunner - ERROR - Failed to build CodeQL database for north101-pimoroni-pico-stubs: NoSupportedPythonCodeFound: No supported code found in the repository. (logger.py:42)
2025-05-10 00:34:49,734 - CodeQLRunner - ERROR - Failed to build CodeQL database for daabc: NoPythonCodeFoundException: No Python code found in the repository. (logger.py:42)
2025-05-10 00:49:42,978 - CodeQLRunner - ERROR - Failed to build CodeQL database for basepage-qhms: NoPythonCodeFoundException: No Python code found in the repository. (logger.py:42)
2025-05-10 00:54:28,543 - CodeQLRunner - ERROR - Failed to build CodeQL database for zzk: NoPythonCodeFoundException: No Python code found in the repository. (logger.py:42)
2025-05-10 00:59:31,102 - CodeQLRunner - ERROR - Failed to build CodeQL database for dina: NoPythonCodeFoundException: No Python code found in the repository. (logger.py:42)
2025-05-10 01:03:44,207 - CodeQLRunner - ERROR - Failed to build CodeQL database for planckbeta: NoPythonCodeFoundException: No Python code found in the repository. (logger.py:42)
2025-05-10 01:07:54,030 - CodeQLRunner - ERROR - Failed to build CodeQL database for comapsmarthome-postgres-client: NoPythonCodeFoundException: No Python code found in the repository. (logger.py:42)
2025-05-10 01:27:10,687 - CodeQLRunner - ERROR - Failed to build CodeQL database for vseg-unet: NoPythonCodeFoundException: No Python code found in the repository. (logger.py:42)
2025-05-10 01:40:16,606 - CodeQLRunner - ERROR - Failed to build CodeQL database for honeycomb-stubs: NoSupportedPythonCodeFound: No supported code found in the repository. (logger.py:42)
2025-05-10 01:41:04,676 - CodeQLRunner - ERROR - Failed to build CodeQL database for message-support: NoPythonCodeFoundException: No Python code found in the repository. (logger.py:42)
2025-05-10 01:42:00,019 - CodeQLRunner - ERROR - Failed to build CodeQL database for speedsutilities: NoPythonCodeFoundException: No Python code found in the repository. (logger.py:42)
2025-05-10 01:47:32,376 - CodeQLRunner - ERROR - Failed to build CodeQL database for splintaz: NoSupportedPythonCodeFound: No supported code found in the repository. (logger.py:42)
2025-05-10 01:49:53,520 - CodeQLRunner - ERROR - Failed to build CodeQL database for qrcg: NoPythonCodeFoundException: No Python code found in the repository. (logger.py:42)
2025-05-10 01:55:55,272 - CodeQLRunner - ERROR - Failed to build CodeQL database for email-verification-client: NoPythonCodeFoundException: No Python code found in the repository. (logger.py:42)
2025-05-10 02:11:45,406 - CodeQLRunner - ERROR - Failed to build CodeQL database for upload-to-pypi: NoPythonCodeFoundException: No Python code found in the repository. (logger.py:42)
2025-05-10 02:24:12,054 - CodeQLRunner - ERROR - Failed to build CodeQL database for linkscrapper: NoPythonCodeFoundException: No Python code found in the repository. (logger.py:42)
2025-05-10 02:42:29,808 - CodeQLRunner - ERROR - Failed to build CodeQL database for mastu-dms-gui: NoPythonCodeFoundException: No Python code found in the repository. (logger.py:42)
2025-05-10 03:29:58,473 - CodeQLRunner - ERROR - Failed to build CodeQL database for aos-api-connector: NoPythonCodeFoundException: No Python code found in the repository. (logger.py:42)
2025-05-10 03:37:19,511 - CodeQLRunner - ERROR - Failed to build CodeQL database for discordpy-common: NoPythonCodeFoundException: No Python code found in the repository. (logger.py:42)
2025-05-10 03:52:24,563 - CodeQLRunner - ERROR - Building CodeQL database timed out: synumses-pkg-pabele (logger.py:42)
2025-05-10 04:19:32,858 - CodeQLRunner - ERROR - Failed to build CodeQL database for geocalc: NoPythonCodeFoundException: No Python code found in the repository. (logger.py:42)
2025-05-10 04:50:48,483 - CodeQLRunner - ERROR - Failed to build CodeQL database for nester-teste-fabio: NoPythonCodeFoundException: No Python code found in the repository. (logger.py:42)
2025-05-10 04:58:46,491 - CodeQLRunner - ERROR - Failed to build CodeQL database for tienc: NoPythonCodeFoundException: No Python code found in the repository. (logger.py:42)
2025-05-10 05:34:29,460 - CodeQLRunner - ERROR - Failed to build CodeQL database for odoo12-addons-oca-l10n-switzerland: NoPythonCodeFoundException: No Python code found in the repository. (logger.py:42)
2025-05-10 05:49:54,637 - CodeQLRunner - ERROR - Failed to build CodeQL database for odoo14-addons-oca-payroll: NoPythonCodeFoundException: No Python code found in the repository. (logger.py:42)
2025-05-10 05:55:02,171 - CodeQLRunner - ERROR - Failed to build CodeQL database for mycolour: NoPythonCodeFoundException: No Python code found in the repository. (logger.py:42)
2025-05-10 06:42:23,060 - CodeQLRunner - ERROR - Failed to build CodeQL database for bank-system-aliceferreiracodes: NoPythonCodeFoundException: No Python code found in the repository. (logger.py:42)
2025-05-10 06:48:00,542 - CodeQLRunner - ERROR - Failed to build CodeQL database for abk-bwp: NoPythonCodeFoundException: No Python code found in the repository. (logger.py:42)
2025-05-10 06:51:21,273 - CodeQLRunner - ERROR - Failed to build CodeQL database for algmoninfra: NoPythonCodeFoundException: No Python code found in the repository. (logger.py:42)
2025-05-10 07:40:59,899 - CodeQLRunner - ERROR - Failed to build CodeQL database for ovmfctl: NoPythonCodeFoundException: No Python code found in the repository. (logger.py:42)
2025-05-10 07:41:17,754 - CodeQLRunner - ERROR - Failed to build CodeQL database for requestsplusplus: NoPythonCodeFoundException: No Python code found in the repository. (logger.py:42)
2025-05-10 08:24:44,787 - CodeQLRunner - ERROR - Failed to build CodeQL database for bencode-python: NoPythonCodeFoundException: No Python code found in the repository. (logger.py:42)
2025-05-10 08:27:20,568 - CodeQLRunner - ERROR - Failed to build CodeQL database for odoo11-addons-oca-commission: NoPythonCodeFoundException: No Python code found in the repository. (logger.py:42)
2025-05-10 08:34:47,622 - CodeQLRunner - ERROR - Query timed out for ggnpyro: /home/class-pollution/Desktop/python-class-pollution/codeql-query/class-pollution-all/class-pollution.qls (logger.py:42)
2025-05-10 08:34:48,926 - CodeQLRunner - ERROR - Failed to run query: /home/class-pollution/Desktop/python-class-pollution/codeql-query/class-pollution-all/class-pollution.qls (logger.py:42)
2025-05-10 08:38:48,802 - CodeQLRunner - ERROR - Failed to build CodeQL database for rep-db: NoPythonCodeFoundException: No Python code found in the repository. (logger.py:42)
2025-05-10 08:40:06,496 - CodeQLRunner - ERROR - Failed to build CodeQL database for localretriever: NoPythonCodeFoundException: No Python code found in the repository. (logger.py:42)
2025-05-10 08:46:05,557 - CodeQLRunner - ERROR - Failed to build CodeQL database for rpycocotools-stubs: NoSupportedPythonCodeFound: No supported code found in the repository. (logger.py:42)
2025-05-10 08:52:43,395 - CodeQLRunner - ERROR - Failed to build CodeQL database for tanishkprimenumber: NoPythonCodeFoundException: No Python code found in the repository. (logger.py:42)
2025-05-10 09:21:37,511 - CodeQLRunner - ERROR - Failed to build CodeQL database for open-cdr: NoPythonCodeFoundException: No Python code found in the repository. (logger.py:42)
2025-05-10 09:34:32,807 - CodeQLRunner - ERROR - Failed to build CodeQL database for pyfew: NoSupportedPythonCodeFound: No supported code found in the repository. (logger.py:42)
2025-05-10 09:41:03,856 - CodeQLRunner - ERROR - Failed to build CodeQL database for coincurve-stubs: NoSupportedPythonCodeFound: No supported code found in the repository. (logger.py:42)
2025-05-10 10:15:48,460 - CodeQLRunner - ERROR - Failed to build CodeQL database for gen-log-parser: NoPythonCodeFoundException: No Python code found in the repository. (logger.py:42)
2025-05-10 10:30:36,088 - CodeQLRunner - ERROR - Failed to build CodeQL database for pype-spark: NoPythonCodeFoundException: No Python code found in the repository. (logger.py:42)
2025-05-10 10:42:24,655 - CodeQLRunner - ERROR - Failed to build CodeQL database for hvclient: NoPythonCodeFoundException: No Python code found in the repository. (logger.py:42)
2025-05-10 11:01:42,271 - CodeQLRunner - ERROR - Failed to build CodeQL database for commandapp: NoPythonCodeFoundException: No Python code found in the repository. (logger.py:42)
2025-05-10 11:10:10,117 - CodeQLRunner - ERROR - Failed to build CodeQL database for asyncpg-stubs-h1: NoSupportedPythonCodeFound: No supported code found in the repository. (logger.py:42)
2025-05-10 11:12:39,583 - CodeQLRunner - ERROR - Failed to build CodeQL database for besant: NoPythonCodeFoundException: No Python code found in the repository. (logger.py:42)
2025-05-10 11:16:40,454 - CodeQLRunner - ERROR - Failed to build CodeQL database for adventofcode2022: NoPythonCodeFoundException: No Python code found in the repository. (logger.py:42)
2025-05-10 11:24:01,951 - CodeQLRunner - ERROR - Failed to build CodeQL database for harman: NoPythonCodeFoundException: No Python code found in the repository. (logger.py:42)
2025-05-10 11:30:58,850 - CodeQLRunner - ERROR - Failed to build CodeQL database for pylogicbot: NoPythonCodeFoundException: No Python code found in the repository. (logger.py:42)
2025-05-10 11:43:34,970 - CodeQLRunner - ERROR - Failed to build CodeQL database for dayutil: NoPythonCodeFoundException: No Python code found in the repository. (logger.py:42)
2025-05-10 12:02:44,154 - CodeQLRunner - ERROR - Failed to build CodeQL database for spam-detection-system: NoPythonCodeFoundException: No Python code found in the repository. (logger.py:42)
2025-05-10 12:11:08,252 - CodeQLRunner - ERROR - Failed to build CodeQL database for motmauto: NoPythonCodeFoundException: No Python code found in the repository. (logger.py:42)
2025-05-10 12:30:30,492 - CodeQLRunner - ERROR - Failed to build CodeQL database for akamaiclient: NoPythonCodeFoundException: No Python code found in the repository. (logger.py:42)
2025-05-10 12:42:38,938 - CodeQLRunner - ERROR - Failed to build CodeQL database for casualimpact: NoPythonCodeFoundException: No Python code found in the repository. (logger.py:42)
2025-05-10 13:04:44,387 - CodeQLRunner - ERROR - Failed to build CodeQL database for xalextractor: NoPythonCodeFoundException: No Python code found in the repository. (logger.py:42)
2025-05-10 13:25:01,401 - CodeQLRunner - ERROR - Failed to build CodeQL database for health-report: NoPythonCodeFoundException: No Python code found in the repository. (logger.py:42)
2025-05-10 13:29:21,740 - CodeQLRunner - ERROR - Failed to build CodeQL database for hippunfold-toolbox: NoPythonCodeFoundException: No Python code found in the repository. (logger.py:42)
2025-05-10 13:38:45,888 - CodeQLRunner - ERROR - Failed to build CodeQL database for anpr: NoPythonCodeFoundException: No Python code found in the repository. (logger.py:42)
2025-05-10 13:47:14,122 - CodeQLRunner - ERROR - Failed to build CodeQL database for callapi: NoPythonCodeFoundException: No Python code found in the repository. (logger.py:42)
2025-05-10 14:04:19,979 - CodeQLRunner - ERROR - Failed to build CodeQL database for devnull: NoPythonCodeFoundException: No Python code found in the repository. (logger.py:42)
2025-05-10 14:14:37,756 - CodeQLRunner - ERROR - Failed to build CodeQL database for amazon-scraper-products-extractor: NoPythonCodeFoundException: No Python code found in the repository. (logger.py:42)
2025-05-10 14:29:14,560 - CodeQLRunner - ERROR - Failed to build CodeQL database for krona: NoPythonCodeFoundException: No Python code found in the repository. (logger.py:42)
2025-05-10 15:08:17,009 - CodeQLRunner - ERROR - Failed to build CodeQL database for odoo13-addons-oca-credit-control: NoPythonCodeFoundException: No Python code found in the repository. (logger.py:42)
2025-05-10 15:16:29,194 - CodeQLRunner - ERROR - Failed to build CodeQL database for jammini: NoPythonCodeFoundException: No Python code found in the repository. (logger.py:42)
2025-05-10 15:27:23,754 - CodeQLRunner - ERROR - Failed to build CodeQL database for odoo14-addons-oca-l10n-netherlands: NoPythonCodeFoundException: No Python code found in the repository. (logger.py:42)
2025-05-10 15:33:25,020 - CodeQLRunner - ERROR - Failed to build CodeQL database for jackbmi-pkg: NoPythonCodeFoundException: No Python code found in the repository. (logger.py:42)
2025-05-10 15:35:56,879 - CodeQLRunner - ERROR - Failed to build CodeQL database for asyncpg-stubs-h: NoSupportedPythonCodeFound: No supported code found in the repository. (logger.py:42)
2025-05-10 15:47:09,723 - CodeQLRunner - ERROR - Failed to build CodeQL database for portfolio-website: NoPythonCodeFoundException: No Python code found in the repository. (logger.py:42)
2025-05-10 16:00:21,650 - CodeQLRunner - ERROR - Failed to build CodeQL database for affilatemarketinghelp: NoPythonCodeFoundException: No Python code found in the repository. (logger.py:42)
2025-05-10 16:32:27,991 - CodeQLRunner - ERROR - Failed to build CodeQL database for amunra: NoPythonCodeFoundException: No Python code found in the repository. (logger.py:42)
2025-05-10 16:33:40,131 - CodeQLRunner - ERROR - Failed to build CodeQL database for fashion-recommenders: NoPythonCodeFoundException: No Python code found in the repository. (logger.py:42)
2025-05-10 16:42:50,359 - CodeQLRunner - ERROR - Failed to build CodeQL database for amole: NoPythonCodeFoundException: No Python code found in the repository. (logger.py:42)
2025-05-10 16:50:11,323 - CodeQLRunner - ERROR - Failed to build CodeQL database for itarj-console: NoPythonCodeFoundException: No Python code found in the repository. (logger.py:42)
2025-05-10 17:00:29,301 - CodeQLRunner - ERROR - Failed to build CodeQL database for get-chesscom-games: NoPythonCodeFoundException: No Python code found in the repository. (logger.py:42)
2025-05-10 17:20:02,955 - CodeQLRunner - ERROR - Failed to build CodeQL database for musicnet: NoPythonCodeFoundException: No Python code found in the repository. (logger.py:42)
2025-05-10 17:31:04,044 - CodeQLRunner - ERROR - Failed to build CodeQL database for esx: NoPythonCodeFoundException: No Python code found in the repository. (logger.py:42)
2025-05-10 17:34:17,383 - CodeQLRunner - ERROR - Failed to build CodeQL database for advancedcodingskills: NoPythonCodeFoundException: No Python code found in the repository. (logger.py:42)
2025-05-10 17:46:46,731 - CodeQLRunner - ERROR - Failed to build CodeQL database for afghanistan: NoPythonCodeFoundException: No Python code found in the repository. (logger.py:42)
2025-05-10 18:03:28,100 - CodeQLRunner - ERROR - Query timed out for serializationofclassesandfuncs: /home/class-pollution/Desktop/python-class-pollution/codeql-query/class-pollution-all/class-pollution.qls (logger.py:42)
2025-05-10 18:03:30,059 - CodeQLRunner - ERROR - Failed to run query: /home/class-pollution/Desktop/python-class-pollution/codeql-query/class-pollution-all/class-pollution.qls (logger.py:42)
2025-05-10 18:16:27,973 - CodeQLRunner - ERROR - Failed to build CodeQL database for odoo13-addons-oca-rest-framework: NoPythonCodeFoundException: No Python code found in the repository. (logger.py:42)
2025-05-10 18:19:53,293 - CodeQLRunner - ERROR - Failed to build CodeQL database for odoo13-addons-oca-management-system: NoPythonCodeFoundException: No Python code found in the repository. (logger.py:42)
2025-05-10 18:39:33,971 - CodeQLRunner - ERROR - Failed to build CodeQL database for arp001-cloud: NoPythonCodeFoundException: No Python code found in the repository. (logger.py:42)
2025-05-10 18:39:44,343 - CodeQLRunner - ERROR - Failed to build CodeQL database for blockchain-test: NoPythonCodeFoundException: No Python code found in the repository. (logger.py:42)
2025-05-10 18:44:40,449 - CodeQLRunner - ERROR - Failed to build CodeQL database for mpich: NoPythonCodeFoundException: No Python code found in the repository. (logger.py:42)
2025-05-10 19:17:19,158 - CodeQLRunner - ERROR - Failed to build CodeQL database for pandasxmltool: NoPythonCodeFoundException: No Python code found in the repository. (logger.py:42)
2025-05-10 19:19:37,377 - CodeQLRunner - ERROR - Failed to build CodeQL database for xontrib-fzf-widgets: NoPythonCodeFoundException: No Python code found in the repository. (logger.py:42)
2025-05-10 19:19:49,886 - CodeQLRunner - ERROR - Failed to build CodeQL database for celldrift: NoPythonCodeFoundException: No Python code found in the repository. (logger.py:42)
2025-05-10 20:02:08,471 - CodeQLRunner - ERROR - Failed to build CodeQL database for tencentdocdownloader: NoPythonCodeFoundException: No Python code found in the repository. (logger.py:42)
2025-05-10 20:04:43,077 - CodeQLRunner - ERROR - Failed to build CodeQL database for aehold: NoPythonCodeFoundException: No Python code found in the repository. (logger.py:42)
2025-05-10 20:30:55,227 - CodeQLRunner - ERROR - Failed to build CodeQL database for tybase2: NoPythonCodeFoundException: No Python code found in the repository. (logger.py:42)
2025-05-10 20:45:27,355 - CodeQLRunner - ERROR - Failed to build CodeQL database for toxik-discord-py-util: NoPythonCodeFoundException: No Python code found in the repository. (logger.py:42)
2025-05-10 20:47:37,516 - CodeQLRunner - ERROR - Failed to build CodeQL database for fair-kmeans-aravind: NoPythonCodeFoundException: No Python code found in the repository. (logger.py:42)
2025-05-10 21:35:14,381 - CodeQLRunner - ERROR - Failed to build CodeQL database for sahbimethnani: NoPythonCodeFoundException: No Python code found in the repository. (logger.py:42)
2025-05-10 21:46:26,774 - CodeQLRunner - ERROR - Failed to build CodeQL database for nanian: NoPythonCodeFoundException: No Python code found in the repository. (logger.py:42)
2025-05-10 22:15:36,339 - CodeQLRunner - ERROR - Failed to build CodeQL database for pype-fastapi: NoPythonCodeFoundException: No Python code found in the repository. (logger.py:42)
2025-05-10 22:21:16,962 - CodeQLRunner - ERROR - Failed to build CodeQL database for alert-close: NoPythonCodeFoundException: No Python code found in the repository. (logger.py:42)
2025-05-10 22:59:02,359 - CodeQLRunner - ERROR - Failed to build CodeQL database for transferattack: NoPythonCodeFoundException: No Python code found in the repository. (logger.py:42)
2025-05-10 23:28:31,259 - CodeQLRunner - ERROR - Failed to build CodeQL database for golem-sdk: NoPythonCodeFoundException: No Python code found in the repository. (logger.py:42)
2025-05-10 23:43:48,643 - CodeQLRunner - ERROR - Failed to build CodeQL database for tnagen: NoPythonCodeFoundException: No Python code found in the repository. (logger.py:42)
2025-05-10 23:46:25,617 - CodeQLRunner - ERROR - Failed to build CodeQL database for depc: NoPythonCodeFoundException: No Python code found in the repository. (logger.py:42)
2025-05-10 23:58:35,670 - CodeQLRunner - ERROR - Failed to build CodeQL database for udemycalculator: NoPythonCodeFoundException: No Python code found in the repository. (logger.py:42)
2025-05-11 00:00:45,271 - CodeQLRunner - ERROR - Failed to build CodeQL database for autt: NoPythonCodeFoundException: No Python code found in the repository. (logger.py:42)
2025-05-11 00:22:47,328 - CodeQLRunner - ERROR - Failed to build CodeQL database for inauconf: NoPythonCodeFoundException: No Python code found in the repository. (logger.py:42)
2025-05-11 00:24:58,390 - CodeQLRunner - ERROR - Failed to build CodeQL database for geom-lrr: NoPythonCodeFoundException: No Python code found in the repository. (logger.py:42)
2025-05-11 00:28:50,841 - CodeQLRunner - ERROR - Failed to build CodeQL database for sponsorblock: NoPythonCodeFoundException: No Python code found in the repository. (logger.py:42)
2025-05-11 00:31:05,215 - CodeQLRunner - ERROR - Failed to build CodeQL database for testtesttestcommandline: NoPythonCodeFoundException: No Python code found in the repository. (logger.py:42)
2025-05-11 00:36:20,319 - CodeQLRunner - ERROR - Failed to build CodeQL database for flake8-env-patterns: NoPythonCodeFoundException: No Python code found in the repository. (logger.py:42)
2025-05-11 00:41:57,128 - CodeQLRunner - ERROR - Failed to build CodeQL database for godolint-coatl: NoPythonCodeFoundException: No Python code found in the repository. (logger.py:42)
2025-05-11 00:51:06,736 - CodeQLRunner - ERROR - Failed to build CodeQL database for transferattacks: NoPythonCodeFoundException: No Python code found in the repository. (logger.py:42)
2025-05-11 01:01:24,726 - CodeQLRunner - ERROR - Failed to build CodeQL database for hfapi: NoPythonCodeFoundException: No Python code found in the repository. (logger.py:42)
2025-05-11 01:12:05,847 - CodeQLRunner - ERROR - Failed to build CodeQL database for jderobot-config: NoPythonCodeFoundException: No Python code found in the repository. (logger.py:42)
2025-05-11 01:13:07,695 - CodeQLRunner - ERROR - Failed to build CodeQL database for pythonult: NoPythonCodeFoundException: No Python code found in the repository. (logger.py:42)
2025-05-11 01:31:57,982 - CodeQLRunner - ERROR - Failed to build CodeQL database for global-tonemapping: NoPythonCodeFoundException: No Python code found in the repository. (logger.py:42)
2025-05-11 01:47:41,586 - CodeQLRunner - ERROR - Failed to build CodeQL database for aetherus: NoPythonCodeFoundException: No Python code found in the repository. (logger.py:42)
2025-05-11 01:51:49,360 - CodeQLRunner - ERROR - Failed to build CodeQL database for universal-framework-vk: NoPythonCodeFoundException: No Python code found in the repository. (logger.py:42)
2025-05-11 01:53:34,189 - CodeQLRunner - ERROR - Failed to build CodeQL database for murmur-nexus: NoPythonCodeFoundException: No Python code found in the repository. (logger.py:42)
2025-05-11 02:00:01,032 - CodeQLRunner - ERROR - Failed to build CodeQL database for dask-deltasharing1111: NoPythonCodeFoundException: No Python code found in the repository. (logger.py:42)
2025-05-11 02:05:31,991 - CodeQLRunner - ERROR - Failed to build CodeQL database for fair-kmeans-ashwinram: NoPythonCodeFoundException: No Python code found in the repository. (logger.py:42)
2025-05-11 02:10:17,087 - CodeQLRunner - ERROR - Failed to build CodeQL database for grayscale-converter: NoPythonCodeFoundException: No Python code found in the repository. (logger.py:42)
2025-05-11 02:38:06,431 - CodeQLRunner - ERROR - Failed to build CodeQL database for odoo-addons-oca-product-pack: NoPythonCodeFoundException: No Python code found in the repository. (logger.py:42)
2025-05-11 02:49:04,193 - CodeQLRunner - ERROR - Failed to build CodeQL database for pygister: NoPythonCodeFoundException: No Python code found in the repository. (logger.py:42)
2025-05-11 03:01:30,303 - CodeQLRunner - ERROR - Failed to build CodeQL database for odoo-addons-sygel-technology-sy-server-backend: NoPythonCodeFoundException: No Python code found in the repository. (logger.py:42)
2025-05-11 03:35:02,589 - CodeQLRunner - ERROR - Failed to build CodeQL database for calculate-py-ay250: NoPythonCodeFoundException: No Python code found in the repository. (logger.py:42)
2025-05-11 03:59:16,687 - CodeQLRunner - ERROR - Failed to build CodeQL database for llama-index-llms-unionllm: NoPythonCodeFoundException: No Python code found in the repository. (logger.py:42)
2025-05-11 04:03:44,227 - CodeQLRunner - ERROR - Failed to build CodeQL database for async-simple-api: NoPythonCodeFoundException: No Python code found in the repository. (logger.py:42)
2025-05-11 04:04:40,509 - CodeQLRunner - ERROR - Failed to build CodeQL database for pyto: NoPythonCodeFoundException: No Python code found in the repository. (logger.py:42)
2025-05-11 04:15:39,225 - CodeQLRunner - ERROR - Failed to build CodeQL database for iteach-toolkit: NoPythonCodeFoundException: No Python code found in the repository. (logger.py:42)
2025-05-11 04:22:40,006 - CodeQLRunner - ERROR - Failed to build CodeQL database for pysagas: NoPythonCodeFoundException: No Python code found in the repository. (logger.py:42)
2025-05-11 04:38:04,967 - CodeQLRunner - ERROR - Failed to build CodeQL database for sch-python-gawn: NoPythonCodeFoundException: No Python code found in the repository. (logger.py:42)
2025-05-11 04:48:25,766 - CodeQLRunner - ERROR - Failed to build CodeQL database for m4ai: NoPythonCodeFoundException: No Python code found in the repository. (logger.py:42)
2025-05-11 05:19:40,059 - CodeQLRunner - ERROR - Failed to build CodeQL database for codetest-laguilhon: NoPythonCodeFoundException: No Python code found in the repository. (logger.py:42)
2025-05-11 05:42:33,686 - CodeQLRunner - ERROR - Failed to build CodeQL database for dtcttool: NoPythonCodeFoundException: No Python code found in the repository. (logger.py:42)
2025-05-11 05:43:57,746 - CodeQLRunner - ERROR - Failed to build CodeQL database for topsis-saurabh-mittal-101853020: NoPythonCodeFoundException: No Python code found in the repository. (logger.py:42)
2025-05-11 05:45:05,996 - CodeQLRunner - ERROR - Failed to build CodeQL database for matrix2: NoPythonCodeFoundException: No Python code found in the repository. (logger.py:42)
2025-05-11 05:48:43,435 - CodeQLRunner - ERROR - Failed to build CodeQL database for pywebflow: NoPythonCodeFoundException: No Python code found in the repository. (logger.py:42)
2025-05-11 05:56:32,173 - CodeQLRunner - ERROR - Failed to build CodeQL database for cm-whatsapp: NoPythonCodeFoundException: No Python code found in the repository. (logger.py:42)
2025-05-11 05:58:42,716 - CodeQLRunner - ERROR - Failed to build CodeQL database for celsius2fahrenheit: NoPythonCodeFoundException: No Python code found in the repository. (logger.py:42)
2025-05-11 06:09:35,418 - CodeQLRunner - ERROR - Failed to build CodeQL database for safescanengine: NoPythonCodeFoundException: No Python code found in the repository. (logger.py:42)
2025-05-11 06:14:16,327 - CodeQLRunner - ERROR - Failed to build CodeQL database for mystenlabs: NoPythonCodeFoundException: No Python code found in the repository. (logger.py:42)
2025-05-11 06:37:22,245 - CodeQLRunner - ERROR - Failed to build CodeQL database for cicadas: NoPythonCodeFoundException: No Python code found in the repository. (logger.py:42)
2025-05-11 06:52:26,354 - CodeQLRunner - ERROR - Failed to build CodeQL database for aidarutils: NoPythonCodeFoundException: No Python code found in the repository. (logger.py:42)
2025-05-11 07:16:48,695 - CodeQLRunner - ERROR - Failed to build CodeQL database for annotatec: NoPythonCodeFoundException: No Python code found in the repository. (logger.py:42)
2025-05-11 07:40:11,809 - CodeQLRunner - ERROR - Failed to build CodeQL database for inselpy: NoPythonCodeFoundException: No Python code found in the repository. (logger.py:42)
2025-05-11 07:49:22,780 - CodeQLRunner - ERROR - Failed to build CodeQL database for budgetinvoice: NoPythonCodeFoundException: No Python code found in the repository. (logger.py:42)
2025-05-11 08:05:23,868 - CodeQLRunner - ERROR - Failed to build CodeQL database for jscript: NoPythonCodeFoundException: No Python code found in the repository. (logger.py:42)
2025-05-11 08:05:58,817 - CodeQLRunner - ERROR - Failed to build CodeQL database for debugworldaaa: NoPythonCodeFoundException: No Python code found in the repository. (logger.py:42)
2025-05-11 08:10:58,714 - CodeQLRunner - ERROR - Failed to build CodeQL database for django-alerts-cdn: NoPythonCodeFoundException: No Python code found in the repository. (logger.py:42)
2025-05-11 08:33:40,178 - CodeQLRunner - ERROR - Failed to build CodeQL database for reversibledict: NoPythonCodeFoundException: No Python code found in the repository. (logger.py:42)
2025-05-11 08:40:30,513 - CodeQLRunner - ERROR - Failed to build CodeQL database for odoo-addons-shopinvader-odoo-shopinvader: NoPythonCodeFoundException: No Python code found in the repository. (logger.py:42)
2025-05-11 08:51:26,726 - CodeQLRunner - ERROR - Failed to build CodeQL database for bucketfinder: NoPythonCodeFoundException: No Python code found in the repository. (logger.py:42)
2025-05-11 08:54:57,395 - CodeQLRunner - ERROR - Failed to build CodeQL database for ftclib: NoPythonCodeFoundException: No Python code found in the repository. (logger.py:42)
2025-05-11 08:59:27,889 - CodeQLRunner - ERROR - Failed to build CodeQL database for sizepred: NoPythonCodeFoundException: No Python code found in the repository. (logger.py:42)
2025-05-11 09:30:12,046 - CodeQLRunner - ERROR - Failed to build CodeQL database for circuitpython-uboxplot: NoPythonCodeFoundException: No Python code found in the repository. (logger.py:42)
2025-05-11 09:31:50,686 - CodeQLRunner - ERROR - Failed to build CodeQL database for legaldata: NoPythonCodeFoundException: No Python code found in the repository. (logger.py:42)
2025-05-11 09:37:48,559 - CodeQLRunner - ERROR - Failed to build CodeQL database for stock-wizard: NoPythonCodeFoundException: No Python code found in the repository. (logger.py:42)
2025-05-11 09:37:49,727 - CodeQLRunner - ERROR - Query timed out for base116676: /home/class-pollution/Desktop/python-class-pollution/codeql-query/class-pollution-all/class-pollution.qls (logger.py:42)
2025-05-11 09:37:51,108 - CodeQLRunner - ERROR - Failed to run query: /home/class-pollution/Desktop/python-class-pollution/codeql-query/class-pollution-all/class-pollution.qls (logger.py:42)
2025-05-11 09:44:42,738 - CodeQLRunner - ERROR - Failed to build CodeQL database for riml: NoPythonCodeFoundException: No Python code found in the repository. (logger.py:42)
2025-05-11 09:56:22,747 - CodeQLRunner - ERROR - Failed to build CodeQL database for deftimer: NoPythonCodeFoundException: No Python code found in the repository. (logger.py:42)
2025-05-11 09:58:25,519 - CodeQLRunner - ERROR - Failed to build CodeQL database for user-mtm: NoPythonCodeFoundException: No Python code found in the repository. (logger.py:42)
2025-05-11 09:58:34,609 - CodeQLRunner - ERROR - Failed to build CodeQL database for dbjson: NoPythonCodeFoundException: No Python code found in the repository. (logger.py:42)
2025-05-11 10:05:53,179 - CodeQLRunner - ERROR - Failed to build CodeQL database for shikari: NoPythonCodeFoundException: No Python code found in the repository. (logger.py:42)
2025-05-11 10:11:36,276 - CodeQLRunner - ERROR - Failed to build CodeQL database for rfdpy: NoPythonCodeFoundException: No Python code found in the repository. (logger.py:42)
2025-05-11 10:21:35,999 - CodeQLRunner - ERROR - Failed to build CodeQL database for particle-system: NoPythonCodeFoundException: No Python code found in the repository. (logger.py:42)
2025-05-11 10:36:44,220 - CodeQLRunner - ERROR - Failed to build CodeQL database for br4: NoPythonCodeFoundException: No Python code found in the repository. (logger.py:42)
2025-05-11 10:38:08,799 - CodeQLRunner - ERROR - Failed to build CodeQL database for slurm-mongo: NoPythonCodeFoundException: No Python code found in the repository. (logger.py:42)
2025-05-11 10:43:38,589 - CodeQLRunner - ERROR - Failed to build CodeQL database for picograd: NoPythonCodeFoundException: No Python code found in the repository. (logger.py:42)
2025-05-11 10:43:57,075 - CodeQLRunner - ERROR - Failed to build CodeQL database for afm: NoPythonCodeFoundException: No Python code found in the repository. (logger.py:42)
2025-05-11 10:46:17,989 - CodeQLRunner - ERROR - Failed to build CodeQL database for bibu: NoPythonCodeFoundException: No Python code found in the repository. (logger.py:42)
2025-05-11 10:46:21,034 - CodeQLRunner - ERROR - Failed to build CodeQL database for red-manager: NoPythonCodeFoundException: No Python code found in the repository. (logger.py:42)
2025-05-11 11:16:15,085 - CodeQLRunner - ERROR - Query timed out for pyrogram-dev: /home/class-pollution/Desktop/python-class-pollution/codeql-query/class-pollution-all/class-pollution.qls (logger.py:42)
2025-05-11 11:16:16,449 - CodeQLRunner - ERROR - Failed to run query: /home/class-pollution/Desktop/python-class-pollution/codeql-query/class-pollution-all/class-pollution.qls (logger.py:42)
2025-05-11 11:17:01,331 - CodeQLRunner - ERROR - Failed to build CodeQL database for sentimentx-btc: NoPythonCodeFoundException: No Python code found in the repository. (logger.py:42)
2025-05-11 12:10:04,949 - CodeQLRunner - ERROR - Failed to build CodeQL database for saipy: NoPythonCodeFoundException: No Python code found in the repository. (logger.py:42)
2025-05-11 12:10:54,979 - CodeQLRunner - ERROR - Query timed out for ccl-flatten-json: /home/class-pollution/Desktop/python-class-pollution/codeql-query/class-pollution-all/class-pollution.qls (logger.py:42)
2025-05-11 12:10:56,836 - CodeQLRunner - ERROR - Failed to run query: /home/class-pollution/Desktop/python-class-pollution/codeql-query/class-pollution-all/class-pollution.qls (logger.py:42)
2025-05-11 12:13:21,943 - CodeQLRunner - ERROR - Failed to build CodeQL database for ysk-django-lockdown: NoPythonCodeFoundException: No Python code found in the repository. (logger.py:42)
2025-05-11 12:23:39,994 - CodeQLRunner - ERROR - Failed to build CodeQL database for pype-hyperopt: NoPythonCodeFoundException: No Python code found in the repository. (logger.py:42)
2025-05-11 12:26:07,862 - CodeQLRunner - ERROR - Failed to build CodeQL database for awesome-animator: NoPythonCodeFoundException: No Python code found in the repository. (logger.py:42)
2025-05-11 13:00:09,056 - CodeQLRunner - ERROR - Failed to build CodeQL database for bus-booking: NoPythonCodeFoundException: No Python code found in the repository. (logger.py:42)
2025-05-11 13:06:43,819 - CodeQLRunner - ERROR - Failed to build CodeQL database for python-error: NoPythonCodeFoundException: No Python code found in the repository. (logger.py:42)
2025-05-11 13:08:33,502 - CodeQLRunner - ERROR - Failed to build CodeQL database for lecsim-fibu: NoPythonCodeFoundException: No Python code found in the repository. (logger.py:42)
2025-05-11 13:27:39,023 - CodeQLRunner - ERROR - Failed to build CodeQL database for datavalidator-adefolasayo: NoPythonCodeFoundException: No Python code found in the repository. (logger.py:42)
2025-05-11 13:28:04,484 - CodeQLRunner - ERROR - Failed to build CodeQL database for okdoodle: NoPythonCodeFoundException: No Python code found in the repository. (logger.py:42)
2025-05-11 13:48:31,483 - CodeQLRunner - ERROR - Failed to build CodeQL database for pyromania: NoPythonCodeFoundException: No Python code found in the repository. (logger.py:42)
2025-05-11 14:02:36,471 - CodeQLRunner - ERROR - Failed to build CodeQL database for xontrib-makefile-complete: NoPythonCodeFoundException: No Python code found in the repository. (logger.py:42)
2025-05-11 14:02:45,676 - CodeQLRunner - ERROR - Failed to build CodeQL database for odoo11-addons-oca-operating-unit: NoPythonCodeFoundException: No Python code found in the repository. (logger.py:42)
2025-05-11 14:29:56,685 - CodeQLRunner - ERROR - Failed to build CodeQL database for aifrruflowmeter: NoPythonCodeFoundException: No Python code found in the repository. (logger.py:42)
2025-05-11 14:34:22,772 - CodeQLRunner - ERROR - Failed to build CodeQL database for bearing-new: NoPythonCodeFoundException: No Python code found in the repository. (logger.py:42)
2025-05-11 14:38:46,737 - CodeQLRunner - ERROR - Failed to build CodeQL database for levelpychat: NoPythonCodeFoundException: No Python code found in the repository. (logger.py:42)
2025-05-11 14:40:19,912 - CodeQLRunner - ERROR - Failed to build CodeQL database for dataclense: NoPythonCodeFoundException: No Python code found in the repository. (logger.py:42)
2025-05-11 14:47:07,783 - CodeQLRunner - ERROR - Failed to build CodeQL database for odoo12-addons-oca-maintenance: NoPythonCodeFoundException: No Python code found in the repository. (logger.py:42)
2025-05-11 15:02:32,069 - CodeQLRunner - ERROR - Failed to build CodeQL database for micropython-esp32-generic-s3-stubs: NoSupportedPythonCodeFound: No supported code found in the repository. (logger.py:42)
2025-05-11 15:19:16,753 - CodeQLRunner - ERROR - Failed to build CodeQL database for random-spanish: NoPythonCodeFoundException: No Python code found in the repository. (logger.py:42)
2025-05-11 15:19:26,802 - CodeQLRunner - ERROR - Failed to build CodeQL database for pyteleprint: NoPythonCodeFoundException: No Python code found in the repository. (logger.py:42)
2025-05-11 15:50:58,849 - CodeQLRunner - ERROR - Failed to build CodeQL database for loggover: NoPythonCodeFoundException: No Python code found in the repository. (logger.py:42)
2025-05-11 16:28:49,331 - CodeQLRunner - ERROR - Failed to build CodeQL database for mt5linux-tc: NoPythonCodeFoundException: No Python code found in the repository. (logger.py:42)
2025-05-11 16:32:56,571 - CodeQLRunner - ERROR - Failed to build CodeQL database for osqp-mkl: NoPythonCodeFoundException: No Python code found in the repository. (logger.py:42)
2025-05-11 16:35:31,472 - CodeQLRunner - ERROR - Failed to build CodeQL database for filehunter: NoPythonCodeFoundException: No Python code found in the repository. (logger.py:42)
2025-05-11 16:56:52,958 - CodeQLRunner - ERROR - Failed to build CodeQL database for spotify2csv: NoPythonCodeFoundException: No Python code found in the repository. (logger.py:42)
2025-05-11 17:43:54,242 - CodeQLRunner - ERROR - Failed to build CodeQL database for labrat-ai: NoPythonCodeFoundException: No Python code found in the repository. (logger.py:42)
2025-05-11 17:55:35,520 - CodeQLRunner - ERROR - Failed to build CodeQL database for pyckec: NoPythonCodeFoundException: No Python code found in the repository. (logger.py:42)
2025-05-11 18:04:02,211 - CodeQLRunner - ERROR - Failed to build CodeQL database for dickcord: NoPythonCodeFoundException: No Python code found in the repository. (logger.py:42)
2025-05-11 18:04:10,741 - CodeQLRunner - ERROR - Failed to build CodeQL database for azure-ai-translation-nspkg: NoPythonCodeFoundException: No Python code found in the repository. (logger.py:42)
2025-05-11 18:07:59,511 - CodeQLRunner - ERROR - Failed to build CodeQL database for types-nuke: NoSupportedPythonCodeFound: No supported code found in the repository. (logger.py:42)
2025-05-11 18:22:18,592 - CodeQLRunner - ERROR - Failed to build CodeQL database for ajcreatepdf2: NoPythonCodeFoundException: No Python code found in the repository. (logger.py:42)
2025-05-11 18:33:39,304 - CodeQLRunner - ERROR - Failed to build CodeQL database for tki-plus: NoPythonCodeFoundException: No Python code found in the repository. (logger.py:42)
2025-05-11 18:39:02,775 - CodeQLRunner - ERROR - Failed to build CodeQL database for zhudengjideku: NoPythonCodeFoundException: No Python code found in the repository. (logger.py:42)
2025-05-11 18:56:33,625 - CodeQLRunner - ERROR - Failed to build CodeQL database for modelsdk: NoPythonCodeFoundException: No Python code found in the repository. (logger.py:42)
2025-05-11 19:14:08,236 - CodeQLRunner - ERROR - Failed to build CodeQL database for odoo11-addons-oca-ddmrp: NoPythonCodeFoundException: No Python code found in the repository. (logger.py:42)
2025-05-11 19:28:22,856 - CodeQLRunner - ERROR - Failed to build CodeQL database for amqp-py-client: NoPythonCodeFoundException: No Python code found in the repository. (logger.py:42)
2025-05-11 19:38:27,768 - CodeQLRunner - ERROR - Failed to build CodeQL database for vars: NoPythonCodeFoundException: No Python code found in the repository. (logger.py:42)
2025-05-11 19:46:33,306 - CodeQLRunner - ERROR - Failed to build CodeQL database for alqrrelu-new: NoPythonCodeFoundException: No Python code found in the repository. (logger.py:42)
2025-05-11 19:59:51,167 - CodeQLRunner - ERROR - Failed to build CodeQL database for data-analysis-tools-jms-seg: NoPythonCodeFoundException: No Python code found in the repository. (logger.py:42)
2025-05-11 20:12:19,793 - CodeQLRunner - ERROR - Failed to build CodeQL database for pyimpuyte: NoPythonCodeFoundException: No Python code found in the repository. (logger.py:42)
2025-05-11 20:14:00,262 - CodeQLRunner - ERROR - Failed to build CodeQL database for cedula-do: NoPythonCodeFoundException: No Python code found in the repository. (logger.py:42)
2025-05-11 20:31:39,631 - CodeQLRunner - ERROR - Failed to build CodeQL database for df-to-postgres-joigmz: NoPythonCodeFoundException: No Python code found in the repository. (logger.py:42)
2025-05-11 20:32:50,811 - CodeQLRunner - ERROR - Failed to build CodeQL database for odoo12-addons-oca-l10n-usa: NoPythonCodeFoundException: No Python code found in the repository. (logger.py:42)
2025-05-11 20:46:23,046 - CodeQLRunner - ERROR - Failed to build CodeQL database for cahita: NoPythonCodeFoundException: No Python code found in the repository. (logger.py:42)
2025-05-11 21:02:07,432 - CodeQLRunner - ERROR - Failed to build CodeQL database for bitlocker-encryption-status: NoPythonCodeFoundException: No Python code found in the repository. (logger.py:42)
2025-05-11 21:07:04,448 - CodeQLRunner - ERROR - Failed to build CodeQL database for pyqtchart-qt: NoPythonCodeFoundException: No Python code found in the repository. (logger.py:42)
2025-05-11 21:13:35,762 - CodeQLRunner - ERROR - Failed to build CodeQL database for pylibcugraphops-cu11: NoPythonCodeFoundException: No Python code found in the repository. (logger.py:42)
2025-05-11 21:36:24,097 - CodeQLRunner - ERROR - Failed to build CodeQL database for types-jieba: NoSupportedPythonCodeFound: No supported code found in the repository. (logger.py:42)
2025-05-11 21:44:06,786 - CodeQLRunner - ERROR - Failed to build CodeQL database for openkma: NoPythonCodeFoundException: No Python code found in the repository. (logger.py:42)
2025-05-11 21:48:54,783 - CodeQLRunner - ERROR - Failed to build CodeQL database for env-set: NoPythonCodeFoundException: No Python code found in the repository. (logger.py:42)
2025-05-11 21:55:46,344 - CodeQLRunner - ERROR - Failed to build CodeQL database for bytegenie-python-sdk: NoPythonCodeFoundException: No Python code found in the repository. (logger.py:42)
2025-05-11 22:48:25,444 - CodeQLRunner - ERROR - Query timed out for cnfconverter: /home/class-pollution/Desktop/python-class-pollution/codeql-query/class-pollution-all/class-pollution.qls (logger.py:42)
2025-05-11 22:48:28,257 - CodeQLRunner - ERROR - Failed to run query: /home/class-pollution/Desktop/python-class-pollution/codeql-query/class-pollution-all/class-pollution.qls (logger.py:42)
2025-05-11 23:14:38,681 - CodeQLRunner - ERROR - Failed to build CodeQL database for biosearch: NoPythonCodeFoundException: No Python code found in the repository. (logger.py:42)
2025-05-11 23:39:09,968 - CodeQLRunner - ERROR - Failed to build CodeQL database for searchpylinux: NoPythonCodeFoundException: No Python code found in the repository. (logger.py:42)
2025-05-11 23:57:17,243 - CodeQLRunner - ERROR - Query timed out for pyxsurf: /home/class-pollution/Desktop/python-class-pollution/codeql-query/class-pollution-all/class-pollution.qls (logger.py:42)
2025-05-11 23:57:19,452 - CodeQLRunner - ERROR - Failed to run query: /home/class-pollution/Desktop/python-class-pollution/codeql-query/class-pollution-all/class-pollution.qls (logger.py:42)
2025-05-12 00:02:21,753 - CodeQLRunner - ERROR - Failed to build CodeQL database for comantivirus: NoPythonCodeFoundException: No Python code found in the repository. (logger.py:42)
2025-05-12 00:08:25,356 - CodeQLRunner - ERROR - Failed to build CodeQL database for odoo-addons-oca-purchase-reporting: NoPythonCodeFoundException: No Python code found in the repository. (logger.py:42)
2025-05-12 00:23:08,508 - CodeQLRunner - ERROR - Failed to build CodeQL database for example-package-clarenceh: NoPythonCodeFoundException: No Python code found in the repository. (logger.py:42)
2025-05-12 00:38:35,434 - CodeQLRunner - ERROR - Failed to build CodeQL database for libpt: NoPythonCodeFoundException: No Python code found in the repository. (logger.py:42)
2025-05-12 00:58:15,713 - CodeQLRunner - ERROR - Building CodeQL database timed out: decrypt256 (logger.py:42)
2025-05-12 01:04:09,766 - CodeQLRunner - ERROR - Failed to build CodeQL database for django-secret-key-generator: NoPythonCodeFoundException: No Python code found in the repository. (logger.py:42)
2025-05-12 01:18:54,813 - CodeQLRunner - ERROR - Failed to build CodeQL database for network-tom: NoPythonCodeFoundException: No Python code found in the repository. (logger.py:42)
2025-05-12 01:46:25,171 - CodeQLRunner - ERROR - Failed to build CodeQL database for seiqrmap: NoPythonCodeFoundException: No Python code found in the repository. (logger.py:42)
2025-05-12 01:49:54,407 - CodeQLRunner - ERROR - Failed to build CodeQL database for reladb: NoPythonCodeFoundException: No Python code found in the repository. (logger.py:42)
2025-05-12 01:50:01,168 - CodeQLRunner - ERROR - Failed to build CodeQL database for cybercells: NoPythonCodeFoundException: No Python code found in the repository. (logger.py:42)
2025-05-12 01:58:43,753 - CodeQLRunner - ERROR - Failed to build CodeQL database for llamakey: NoPythonCodeFoundException: No Python code found in the repository. (logger.py:42)
2025-05-12 02:05:50,986 - CodeQLRunner - ERROR - Failed to build CodeQL database for odoo13-addons-oca-l10n-germany: NoPythonCodeFoundException: No Python code found in the repository. (logger.py:42)
2025-05-12 02:18:30,721 - CodeQLRunner - ERROR - Failed to build CodeQL database for lingus: NoPythonCodeFoundException: No Python code found in the repository. (logger.py:42)
2025-05-12 02:41:27,811 - CodeQLRunner - ERROR - Failed to build CodeQL database for atomic-operator-art: NoPythonCodeFoundException: No Python code found in the repository. (logger.py:42)
2025-05-12 02:52:28,280 - CodeQLRunner - ERROR - Failed to build CodeQL database for wechatpayapi: NoPythonCodeFoundException: No Python code found in the repository. (logger.py:42)
2025-05-12 03:19:35,630 - CodeQLRunner - ERROR - Failed to build CodeQL database for mcdata: NoPythonCodeFoundException: No Python code found in the repository. (logger.py:42)
2025-05-12 03:23:31,426 - CodeQLRunner - ERROR - Failed to build CodeQL database for prfsim: NoPythonCodeFoundException: No Python code found in the repository. (logger.py:42)
2025-05-12 03:33:17,356 - CodeQLRunner - ERROR - Failed to build CodeQL database for color-recognizer-and-translator-darn17: NoPythonCodeFoundException: No Python code found in the repository. (logger.py:42)
2025-05-12 03:34:53,428 - CodeQLRunner - ERROR - Failed to build CodeQL database for server-report: NoPythonCodeFoundException: No Python code found in the repository. (logger.py:42)
2025-05-12 03:35:47,051 - CodeQLRunner - ERROR - Failed to build CodeQL database for aws-tag-snapshotter: NoPythonCodeFoundException: No Python code found in the repository. (logger.py:42)
2025-05-12 04:00:43,189 - CodeQLRunner - ERROR - Failed to build CodeQL database for growup-tech-solutions: NoPythonCodeFoundException: No Python code found in the repository. (logger.py:42)
2025-05-12 04:09:51,897 - CodeQLRunner - ERROR - Failed to build CodeQL database for audt: NoPythonCodeFoundException: No Python code found in the repository. (logger.py:42)
2025-05-12 04:48:08,175 - CodeQLRunner - ERROR - Failed to build CodeQL database for psycopg-postgis: NoPythonCodeFoundException: No Python code found in the repository. (logger.py:42)
2025-05-12 04:57:12,917 - CodeQLRunner - ERROR - Failed to build CodeQL database for lynxkite-python-api: NoPythonCodeFoundException: No Python code found in the repository. (logger.py:42)
2025-05-12 05:02:32,473 - CodeQLRunner - ERROR - Failed to build CodeQL database for psgpypiassist: NoPythonCodeFoundException: No Python code found in the repository. (logger.py:42)
2025-05-12 05:04:11,330 - CodeQLRunner - ERROR - Failed to build CodeQL database for circuitpython-scales: NoPythonCodeFoundException: No Python code found in the repository. (logger.py:42)
2025-05-12 05:15:01,299 - CodeQLRunner - ERROR - Failed to build CodeQL database for hosty: NoPythonCodeFoundException: No Python code found in the repository. (logger.py:42)
2025-05-12 05:29:53,893 - CodeQLRunner - ERROR - Failed to build CodeQL database for bookmark-box: NoPythonCodeFoundException: No Python code found in the repository. (logger.py:42)
2025-05-12 06:00:44,526 - CodeQLRunner - ERROR - Failed to build CodeQL database for odoo14-addons-oca-currency: NoPythonCodeFoundException: No Python code found in the repository. (logger.py:42)
2025-05-12 06:06:40,449 - CodeQLRunner - ERROR - Failed to build CodeQL database for ballzzz: NoPythonCodeFoundException: No Python code found in the repository. (logger.py:42)
2025-05-12 06:08:59,141 - CodeQLRunner - ERROR - Failed to build CodeQL database for genlabs: NoPythonCodeFoundException: No Python code found in the repository. (logger.py:42)
2025-05-12 06:10:37,992 - CodeQLRunner - ERROR - Failed to build CodeQL database for python-avatar: NoPythonCodeFoundException: No Python code found in the repository. (logger.py:42)
2025-05-12 06:26:31,264 - CodeQLRunner - ERROR - Failed to build CodeQL database for jhanley-doc-test-2: NoPythonCodeFoundException: No Python code found in the repository. (logger.py:42)
2025-05-12 06:33:57,795 - CodeQLRunner - ERROR - Failed to build CodeQL database for acsc: NoPythonCodeFoundException: No Python code found in the repository. (logger.py:42)
2025-05-12 06:47:47,581 - CodeQLRunner - ERROR - Failed to build CodeQL database for better-crayons: NoPythonCodeFoundException: No Python code found in the repository. (logger.py:42)
2025-05-12 06:53:48,506 - CodeQLRunner - ERROR - Failed to build CodeQL database for azconversion: NoPythonCodeFoundException: No Python code found in the repository. (logger.py:42)
2025-05-12 07:11:21,700 - CodeQLRunner - ERROR - Failed to build CodeQL database for flask-jwt-token: NoPythonCodeFoundException: No Python code found in the repository. (logger.py:42)
2025-05-12 07:34:19,518 - CodeQLRunner - ERROR - Failed to build CodeQL database for xontrib-simplejump: NoPythonCodeFoundException: No Python code found in the repository. (logger.py:42)
2025-05-12 07:44:29,774 - CodeQLRunner - ERROR - Failed to build CodeQL database for spritesheet-bella: NoPythonCodeFoundException: No Python code found in the repository. (logger.py:42)
2025-05-12 07:53:47,235 - CodeQLRunner - ERROR - Failed to build CodeQL database for dstrial: NoPythonCodeFoundException: No Python code found in the repository. (logger.py:42)
2025-05-12 08:05:15,644 - CodeQLRunner - ERROR - Failed to build CodeQL database for optimizacionpaqueteeli: NoPythonCodeFoundException: No Python code found in the repository. (logger.py:42)
2025-05-12 08:18:19,945 - CodeQLRunner - ERROR - Failed to build CodeQL database for cpf-cnpj-validator: NoPythonCodeFoundException: No Python code found in the repository. (logger.py:42)
2025-05-12 08:24:28,340 - CodeQLRunner - ERROR - Failed to build CodeQL database for mecab-ko-dic-msvc: NoPythonCodeFoundException: No Python code found in the repository. (logger.py:42)
2025-05-12 08:56:16,404 - CodeQLRunner - ERROR - Failed to build CodeQL database for neonelly-core: NoPythonCodeFoundException: No Python code found in the repository. (logger.py:42)
2025-05-12 09:02:43,730 - CodeQLRunner - ERROR - Failed to build CodeQL database for folkol-utils: NoPythonCodeFoundException: No Python code found in the repository. (logger.py:42)
2025-05-12 09:14:20,176 - CodeQLRunner - ERROR - Failed to build CodeQL database for vivid: NoPythonCodeFoundException: No Python code found in the repository. (logger.py:42)
2025-05-12 09:27:17,332 - CodeQLRunner - ERROR - Failed to build CodeQL database for routerspeedtest: NoPythonCodeFoundException: No Python code found in the repository. (logger.py:42)
2025-05-12 09:31:54,425 - CodeQLRunner - ERROR - Failed to build CodeQL database for asvdl: NoPythonCodeFoundException: No Python code found in the repository. (logger.py:42)
2025-05-12 09:44:17,869 - CodeQLRunner - ERROR - Failed to build CodeQL database for pype-mlflow: NoPythonCodeFoundException: No Python code found in the repository. (logger.py:42)
2025-05-12 09:50:52,331 - CodeQLRunner - ERROR - Failed to build CodeQL database for calcuap: NoPythonCodeFoundException: No Python code found in the repository. (logger.py:42)
2025-05-12 09:52:41,689 - CodeQLRunner - ERROR - Failed to build CodeQL database for venvwrap: NoPythonCodeFoundException: No Python code found in the repository. (logger.py:42)
2025-05-12 10:15:50,954 - CodeQLRunner - ERROR - Failed to build CodeQL database for snowflake2dbt: NoPythonCodeFoundException: No Python code found in the repository. (logger.py:42)
2025-05-12 10:35:44,951 - CodeQLRunner - ERROR - Failed to build CodeQL database for im2mesh: NoPythonCodeFoundException: No Python code found in the repository. (logger.py:42)
2025-05-12 10:40:59,514 - CodeQLRunner - ERROR - Failed to build CodeQL database for odoo11-addons-oca-queue: NoPythonCodeFoundException: No Python code found in the repository. (logger.py:42)
2025-05-12 10:41:55,771 - CodeQLRunner - ERROR - Failed to build CodeQL database for django-improve-form: NoPythonCodeFoundException: No Python code found in the repository. (logger.py:42)
2025-05-12 10:55:14,981 - CodeQLRunner - ERROR - Failed to build CodeQL database for arpes-gui: NoPythonCodeFoundException: No Python code found in the repository. (logger.py:42)
2025-05-12 11:21:36,269 - CodeQLRunner - ERROR - Failed to build CodeQL database for deploy-cdn-almera: NoPythonCodeFoundException: No Python code found in the repository. (logger.py:42)
2025-05-12 11:26:14,759 - CodeQLRunner - ERROR - Failed to build CodeQL database for summarize-repo: NoPythonCodeFoundException: No Python code found in the repository. (logger.py:42)
2025-05-12 11:36:27,940 - CodeQLRunner - ERROR - Failed to build CodeQL database for supertype: NoPythonCodeFoundException: No Python code found in the repository. (logger.py:42)
2025-05-12 12:08:27,533 - CodeQLRunner - ERROR - Failed to build CodeQL database for fileoperate: NoPythonCodeFoundException: No Python code found in the repository. (logger.py:42)
2025-05-12 12:10:44,412 - CodeQLRunner - ERROR - Failed to build CodeQL database for farkle: NoPythonCodeFoundException: No Python code found in the repository. (logger.py:42)
2025-05-12 12:12:23,378 - CodeQLRunner - ERROR - Failed to build CodeQL database for flare-torch: NoPythonCodeFoundException: No Python code found in the repository. (logger.py:42)
2025-05-12 12:14:19,234 - CodeQLRunner - ERROR - Failed to build CodeQL database for chatgpt-on-wechat: NoPythonCodeFoundException: No Python code found in the repository. (logger.py:42)
2025-05-12 12:22:06,042 - CodeQLRunner - ERROR - Failed to build CodeQL database for uv-virtualenvwrapper: NoPythonCodeFoundException: No Python code found in the repository. (logger.py:42)
2025-05-12 12:29:02,997 - CodeQLRunner - ERROR - Failed to build CodeQL database for tfiers: NoPythonCodeFoundException: No Python code found in the repository. (logger.py:42)
2025-05-12 12:29:46,688 - CodeQLRunner - ERROR - Failed to build CodeQL database for whisper-ai-stanley: NoPythonCodeFoundException: No Python code found in the repository. (logger.py:42)
2025-05-12 12:34:35,070 - CodeQLRunner - ERROR - Failed to build CodeQL database for my-dashboard-package: NoPythonCodeFoundException: No Python code found in the repository. (logger.py:42)
2025-05-12 12:41:08,415 - CodeQLRunner - ERROR - Failed to build CodeQL database for load-test: NoPythonCodeFoundException: No Python code found in the repository. (logger.py:42)
2025-05-12 12:47:07,812 - CodeQLRunner - ERROR - Failed to build CodeQL database for snipsnip: NoPythonCodeFoundException: No Python code found in the repository. (logger.py:42)
2025-05-12 12:48:30,742 - CodeQLRunner - ERROR - Failed to build CodeQL database for sikfa: NoPythonCodeFoundException: No Python code found in the repository. (logger.py:42)
2025-05-12 12:49:29,603 - CodeQLRunner - ERROR - Failed to build CodeQL database for evolverl: NoPythonCodeFoundException: No Python code found in the repository. (logger.py:42)
2025-05-12 13:15:29,359 - CodeQLRunner - ERROR - Failed to build CodeQL database for transcr-esiviero: NoPythonCodeFoundException: No Python code found in the repository. (logger.py:42)
2025-05-12 13:43:57,254 - CodeQLRunner - ERROR - Failed to build CodeQL database for port-scanner: NoPythonCodeFoundException: No Python code found in the repository. (logger.py:42)
2025-05-12 14:03:16,675 - CodeQLRunner - ERROR - Failed to build CodeQL database for testontoplibrary: NoPythonCodeFoundException: No Python code found in the repository. (logger.py:42)
2025-05-12 14:08:24,538 - CodeQLRunner - ERROR - Failed to build CodeQL database for epcc1101: NoPythonCodeFoundException: No Python code found in the repository. (logger.py:42)
2025-05-12 14:12:02,533 - CodeQLRunner - ERROR - Failed to build CodeQL database for gameofthrones: NoPythonCodeFoundException: No Python code found in the repository. (logger.py:42)
2025-05-12 15:03:49,797 - CodeQLRunner - ERROR - Failed to build CodeQL database for scipy-stack: NoPythonCodeFoundException: No Python code found in the repository. (logger.py:42)
2025-05-12 16:06:24,502 - CodeQLRunner - ERROR - Failed to build CodeQL database for brazil: NoPythonCodeFoundException: No Python code found in the repository. (logger.py:42)
2025-05-12 16:06:28,759 - CodeQLRunner - ERROR - Failed to build CodeQL database for heuvera: NoPythonCodeFoundException: No Python code found in the repository. (logger.py:42)
2025-05-12 16:40:56,065 - CodeQLRunner - ERROR - Failed to build CodeQL database for adversarial-lib: NoPythonCodeFoundException: No Python code found in the repository. (logger.py:42)
2025-05-12 16:43:51,401 - CodeQLRunner - ERROR - Failed to build CodeQL database for siriusn16cxrseg: NoPythonCodeFoundException: No Python code found in the repository. (logger.py:42)
2025-05-12 16:46:17,790 - CodeQLRunner - ERROR - Failed to build CodeQL database for add-one: NoPythonCodeFoundException: No Python code found in the repository. (logger.py:42)
2025-05-12 16:47:30,848 - CodeQLRunner - ERROR - Failed to build CodeQL database for study-timer-pro: NoPythonCodeFoundException: No Python code found in the repository. (logger.py:42)
2025-05-12 16:56:59,490 - CodeQLRunner - ERROR - Failed to build CodeQL database for somaticsimu: NoPythonCodeFoundException: No Python code found in the repository. (logger.py:42)
2025-05-12 17:05:52,705 - CodeQLRunner - ERROR - Failed to build CodeQL database for bey-sdk: NoPythonCodeFoundException: No Python code found in the repository. (logger.py:42)
2025-05-12 17:14:02,636 - CodeQLRunner - ERROR - Failed to build CodeQL database for sorna: NoPythonCodeFoundException: No Python code found in the repository. (logger.py:42)
2025-05-12 17:34:01,989 - CodeQLRunner - ERROR - Failed to build CodeQL database for xontrib-fzf-completions: NoPythonCodeFoundException: No Python code found in the repository. (logger.py:42)
2025-05-12 17:42:51,903 - CodeQLRunner - ERROR - Failed to build CodeQL database for versaimagex: NoPythonCodeFoundException: No Python code found in the repository. (logger.py:42)
2025-05-12 17:50:10,304 - CodeQLRunner - ERROR - Failed to build CodeQL database for openai-pricing: NoPythonCodeFoundException: No Python code found in the repository. (logger.py:42)
2025-05-12 17:56:45,045 - CodeQLRunner - ERROR - Failed to build CodeQL database for parsy-stubs: NoSupportedPythonCodeFound: No supported code found in the repository. (logger.py:42)
2025-05-12 18:14:01,905 - CodeQLRunner - ERROR - Failed to build CodeQL database for piigpt: NoPythonCodeFoundException: No Python code found in the repository. (logger.py:42)
2025-05-12 18:25:58,569 - CodeQLRunner - ERROR - Failed to build CodeQL database for one-api-cli: NoPythonCodeFoundException: No Python code found in the repository. (logger.py:42)
2025-05-12 18:43:59,773 - CodeQLRunner - ERROR - Failed to build CodeQL database for exetime: NoPythonCodeFoundException: No Python code found in the repository. (logger.py:42)
2025-05-12 19:07:05,477 - CodeQLRunner - ERROR - Failed to build CodeQL database for fmpdistribution: NoPythonCodeFoundException: No Python code found in the repository. (logger.py:42)
2025-05-12 19:07:17,724 - CodeQLRunner - ERROR - Failed to build CodeQL database for trexpyclient: NoPythonCodeFoundException: No Python code found in the repository. (logger.py:42)
2025-05-12 19:08:40,332 - CodeQLRunner - ERROR - Failed to build CodeQL database for mx-sdk-erdpy-wallet: NoPythonCodeFoundException: No Python code found in the repository. (logger.py:42)
2025-05-12 19:24:16,285 - CodeQLRunner - ERROR - Failed to build CodeQL database for qf-diamond-norm: NoPythonCodeFoundException: No Python code found in the repository. (logger.py:42)
2025-05-12 20:13:40,912 - CodeQLRunner - ERROR - Failed to build CodeQL database for pyqtnetworkauth-qt: NoPythonCodeFoundException: No Python code found in the repository. (logger.py:42)
2025-05-12 20:30:46,230 - CodeQLRunner - ERROR - Failed to build CodeQL database for odus: NoPythonCodeFoundException: No Python code found in the repository. (logger.py:42)
2025-05-12 20:36:53,259 - CodeQLRunner - ERROR - Failed to build CodeQL database for superttt: NoSupportedPythonCodeFound: No supported code found in the repository. (logger.py:42)
2025-05-12 20:48:41,109 - CodeQLRunner - ERROR - Failed to build CodeQL database for odoo14-addons-oca-account-financial-reporting: NoPythonCodeFoundException: No Python code found in the repository. (logger.py:42)
2025-05-12 21:00:48,858 - CodeQLRunner - ERROR - Failed to build CodeQL database for bg-task-queue: NoPythonCodeFoundException: No Python code found in the repository. (logger.py:42)
2025-05-12 21:03:33,514 - CodeQLRunner - ERROR - Failed to build CodeQL database for easemail: NoPythonCodeFoundException: No Python code found in the repository. (logger.py:42)
2025-05-12 21:14:49,461 - CodeQLRunner - ERROR - Failed to build CodeQL database for satellite-extractor: NoPythonCodeFoundException: No Python code found in the repository. (logger.py:42)
2025-05-12 21:34:32,881 - CodeQLRunner - ERROR - Failed to build CodeQL database for cfc: NoPythonCodeFoundException: No Python code found in the repository. (logger.py:42)
2025-05-12 21:41:26,708 - CodeQLRunner - ERROR - Failed to build CodeQL database for ccr-py: NoPythonCodeFoundException: No Python code found in the repository. (logger.py:42)
2025-05-12 21:58:27,319 - CodeQLRunner - ERROR - Failed to build CodeQL database for blpapi-stubs: NoSupportedPythonCodeFound: No supported code found in the repository. (logger.py:42)
2025-05-12 22:01:43,620 - CodeQLRunner - ERROR - Failed to build CodeQL database for de-keyser: NoPythonCodeFoundException: No Python code found in the repository. (logger.py:42)
2025-05-12 22:09:20,783 - CodeQLRunner - ERROR - Failed to build CodeQL database for cringehw2: NoPythonCodeFoundException: No Python code found in the repository. (logger.py:42)
2025-05-12 22:40:51,761 - CodeQLRunner - ERROR - Failed to build CodeQL database for data-analysis-attribute-tool-jms: NoPythonCodeFoundException: No Python code found in the repository. (logger.py:42)
2025-05-12 23:06:17,108 - CodeQLRunner - ERROR - Failed to build CodeQL database for voila-materialstream: NoPythonCodeFoundException: No Python code found in the repository. (logger.py:42)
2025-05-12 23:26:24,800 - CodeQLRunner - ERROR - Failed to build CodeQL database for snaxmodule: NoPythonCodeFoundException: No Python code found in the repository. (logger.py:42)
2025-05-13 00:09:17,563 - CodeQLRunner - ERROR - Failed to build CodeQL database for torchlurk: NoPythonCodeFoundException: No Python code found in the repository. (logger.py:42)
2025-05-13 00:11:37,451 - CodeQLRunner - ERROR - Failed to build CodeQL database for ezfntesting: NoPythonCodeFoundException: No Python code found in the repository. (logger.py:42)
2025-05-13 00:14:10,158 - CodeQLRunner - ERROR - Query timed out for spdm: /home/class-pollution/Desktop/python-class-pollution/codeql-query/class-pollution-all/class-pollution.qls (logger.py:42)
2025-05-13 00:14:13,202 - CodeQLRunner - ERROR - Failed to run query: /home/class-pollution/Desktop/python-class-pollution/codeql-query/class-pollution-all/class-pollution.qls (logger.py:42)
2025-05-13 00:36:35,149 - CodeQLRunner - ERROR - Failed to build CodeQL database for shivam-stt: NoPythonCodeFoundException: No Python code found in the repository. (logger.py:42)
2025-05-13 00:37:07,444 - CodeQLRunner - ERROR - Failed to build CodeQL database for freewillai: NoPythonCodeFoundException: No Python code found in the repository. (logger.py:42)
2025-05-13 00:56:36,666 - CodeQLRunner - ERROR - Failed to build CodeQL database for ml4h-lse: NoPythonCodeFoundException: No Python code found in the repository. (logger.py:42)
2025-05-13 01:28:09,978 - CodeQLRunner - ERROR - Failed to build CodeQL database for odoo14-addons-oca-server-backend: NoPythonCodeFoundException: No Python code found in the repository. (logger.py:42)
2025-05-13 01:29:51,194 - CodeQLRunner - ERROR - Failed to build CodeQL database for nbclassic-toc2: NoPythonCodeFoundException: No Python code found in the repository. (logger.py:42)
2025-05-13 01:37:33,953 - CodeQLRunner - ERROR - Failed to build CodeQL database for arabic-math: NoPythonCodeFoundException: No Python code found in the repository. (logger.py:42)
2025-05-13 01:47:52,969 - CodeQLRunner - ERROR - Failed to build CodeQL database for pactpy: NoPythonCodeFoundException: No Python code found in the repository. (logger.py:42)
2025-05-13 01:57:18,350 - CodeQLRunner - ERROR - Failed to build CodeQL database for onednn-devel-cpu-gomp: NoPythonCodeFoundException: No Python code found in the repository. (logger.py:42)
2025-05-13 02:01:25,896 - CodeQLRunner - ERROR - Failed to build CodeQL database for ttt-tk: NoPythonCodeFoundException: No Python code found in the repository. (logger.py:42)
2025-05-13 02:03:52,578 - CodeQLRunner - ERROR - Failed to build CodeQL database for openfinance-agent: NoPythonCodeFoundException: No Python code found in the repository. (logger.py:42)
2025-05-13 02:12:58,356 - CodeQLRunner - ERROR - Failed to build CodeQL database for god-ocr: NoPythonCodeFoundException: No Python code found in the repository. (logger.py:42)
2025-05-13 02:15:13,294 - CodeQLRunner - ERROR - Failed to build CodeQL database for nvidia-libcal-cu12: NoPythonCodeFoundException: No Python code found in the repository. (logger.py:42)
2025-05-13 02:27:40,126 - CodeQLRunner - ERROR - Failed to build CodeQL database for lazydocker-bin-edge: NoPythonCodeFoundException: No Python code found in the repository. (logger.py:42)
2025-05-13 02:45:36,249 - CodeQLRunner - ERROR - Failed to build CodeQL database for odoo12-addons-oca-account-invoice-reporting: NoPythonCodeFoundException: No Python code found in the repository. (logger.py:42)
2025-05-13 02:50:11,706 - CodeQLRunner - ERROR - Failed to build CodeQL database for pyvizwizards: NoPythonCodeFoundException: No Python code found in the repository. (logger.py:42)
2025-05-13 02:58:03,802 - CodeQLRunner - ERROR - Failed to build CodeQL database for cringehw3: NoPythonCodeFoundException: No Python code found in the repository. (logger.py:42)
2025-05-13 02:59:59,395 - CodeQLRunner - ERROR - Failed to build CodeQL database for slacktools: NoPythonCodeFoundException: No Python code found in the repository. (logger.py:42)
2025-05-13 03:09:01,610 - CodeQLRunner - ERROR - Failed to build CodeQL database for sweiotcommon: NoPythonCodeFoundException: No Python code found in the repository. (logger.py:42)
2025-05-13 03:23:35,077 - CodeQLRunner - ERROR - Failed to build CodeQL database for markdown-badge: NoPythonCodeFoundException: No Python code found in the repository. (logger.py:42)
2025-05-13 03:28:02,868 - CodeQLRunner - ERROR - Failed to build CodeQL database for elytra: NoPythonCodeFoundException: No Python code found in the repository. (logger.py:42)
2025-05-13 03:30:07,137 - CodeQLRunner - ERROR - Failed to build CodeQL database for suep: NoPythonCodeFoundException: No Python code found in the repository. (logger.py:42)
2025-05-13 03:31:51,293 - CodeQLRunner - ERROR - Failed to build CodeQL database for pyvatbook: NoPythonCodeFoundException: No Python code found in the repository. (logger.py:42)
2025-05-13 03:41:38,520 - CodeQLRunner - ERROR - Failed to build CodeQL database for descord-custom-help: NoPythonCodeFoundException: No Python code found in the repository. (logger.py:42)
2025-05-13 03:50:19,770 - CodeQLRunner - ERROR - Failed to build CodeQL database for flake8-config-4catalyzer: NoPythonCodeFoundException: No Python code found in the repository. (logger.py:42)
2025-05-13 04:19:40,794 - CodeQLRunner - ERROR - Failed to build CodeQL database for mongodbtools-windows: NoPythonCodeFoundException: No Python code found in the repository. (logger.py:42)
2025-05-13 04:44:46,773 - CodeQLRunner - ERROR - Failed to build CodeQL database for question: NoPythonCodeFoundException: No Python code found in the repository. (logger.py:42)
2025-05-13 04:56:03,258 - CodeQLRunner - ERROR - Failed to build CodeQL database for ghostwindow: NoPythonCodeFoundException: No Python code found in the repository. (logger.py:42)
2025-05-13 05:01:23,499 - CodeQLRunner - ERROR - Failed to build CodeQL database for happynet: NoPythonCodeFoundException: No Python code found in the repository. (logger.py:42)
2025-05-13 05:04:01,226 - CodeQLRunner - ERROR - Failed to build CodeQL database for bytedance-rpclazytest: NoPythonCodeFoundException: No Python code found in the repository. (logger.py:42)
2025-05-13 05:07:02,771 - CodeQLRunner - ERROR - Failed to build CodeQL database for dbbeginners: NoPythonCodeFoundException: No Python code found in the repository. (logger.py:42)
2025-05-13 05:41:01,019 - CodeQLRunner - ERROR - Failed to build CodeQL database for aspn: NoPythonCodeFoundException: No Python code found in the repository. (logger.py:42)
2025-05-13 05:41:59,307 - CodeQLRunner - ERROR - Failed to build CodeQL database for wtday: NoPythonCodeFoundException: No Python code found in the repository. (logger.py:42)
2025-05-13 05:50:12,732 - CodeQLRunner - ERROR - Failed to build CodeQL database for gst-python-stubs: NoSupportedPythonCodeFound: No supported code found in the repository. (logger.py:42)
2025-05-13 06:01:37,916 - CodeQLRunner - ERROR - Failed to build CodeQL database for arbolpy-kkimler: NoPythonCodeFoundException: No Python code found in the repository. (logger.py:42)
2025-05-13 06:06:22,060 - CodeQLRunner - ERROR - Failed to build CodeQL database for questlib: NoPythonCodeFoundException: No Python code found in the repository. (logger.py:42)
2025-05-13 06:11:06,877 - CodeQLRunner - ERROR - Failed to build CodeQL database for voila-nbgallery: NoPythonCodeFoundException: No Python code found in the repository. (logger.py:42)
2025-05-13 06:20:36,944 - CodeQLRunner - ERROR - Failed to build CodeQL database for releasereadinessbot: NoPythonCodeFoundException: No Python code found in the repository. (logger.py:42)
2025-05-13 06:23:30,048 - CodeQLRunner - ERROR - Failed to build CodeQL database for klez-tools: NoPythonCodeFoundException: No Python code found in the repository. (logger.py:42)
2025-05-13 06:34:06,791 - CodeQLRunner - ERROR - Failed to build CodeQL database for ppsd: NoPythonCodeFoundException: No Python code found in the repository. (logger.py:42)
2025-05-13 06:39:44,899 - CodeQLRunner - ERROR - Failed to build CodeQL database for futils-grab: NoPythonCodeFoundException: No Python code found in the repository. (logger.py:42)
2025-05-13 07:22:51,120 - CodeQLRunner - ERROR - Failed to build CodeQL database for pelican-custom-css: NoPythonCodeFoundException: No Python code found in the repository. (logger.py:42)
2025-05-13 07:37:41,023 - CodeQLRunner - ERROR - Failed to build CodeQL database for pythonlog: NoPythonCodeFoundException: No Python code found in the repository. (logger.py:42)
2025-05-13 07:48:53,308 - CodeQLRunner - ERROR - Failed to build CodeQL database for finanalyze: NoPythonCodeFoundException: No Python code found in the repository. (logger.py:42)
2025-05-13 07:55:58,401 - CodeQLRunner - ERROR - Failed to build CodeQL database for agentcraft: NoPythonCodeFoundException: No Python code found in the repository. (logger.py:42)
2025-05-13 07:56:33,445 - CodeQLRunner - ERROR - Failed to build CodeQL database for asnake-ahri-fox: NoPythonCodeFoundException: No Python code found in the repository. (logger.py:42)
2025-05-13 08:07:40,527 - CodeQLRunner - ERROR - Failed to build CodeQL database for butiranx: NoPythonCodeFoundException: No Python code found in the repository. (logger.py:42)
2025-05-13 08:07:51,560 - CodeQLRunner - ERROR - Failed to build CodeQL database for mongowrangler: NoPythonCodeFoundException: No Python code found in the repository. (logger.py:42)
2025-05-13 08:18:59,394 - CodeQLRunner - ERROR - Failed to build CodeQL database for odoo14-addons-oca-margin-analysis: NoPythonCodeFoundException: No Python code found in the repository. (logger.py:42)
2025-05-13 08:50:10,260 - CodeQLRunner - ERROR - Failed to build CodeQL database for geodatakit: NoPythonCodeFoundException: No Python code found in the repository. (logger.py:42)
2025-05-13 08:59:49,750 - CodeQLRunner - ERROR - Failed to build CodeQL database for googlepy: NoPythonCodeFoundException: No Python code found in the repository. (logger.py:42)
2025-05-13 09:17:55,588 - CodeQLRunner - ERROR - Failed to build CodeQL database for odoo14-addons-oca-brand: NoPythonCodeFoundException: No Python code found in the repository. (logger.py:42)
2025-05-13 09:25:07,974 - CodeQLRunner - ERROR - Failed to build CodeQL database for klor: NoPythonCodeFoundException: No Python code found in the repository. (logger.py:42)
2025-05-13 09:29:29,159 - CodeQLRunner - ERROR - Failed to build CodeQL database for barbell2-xnat: NoPythonCodeFoundException: No Python code found in the repository. (logger.py:42)
2025-05-13 09:35:23,623 - CodeQLRunner - ERROR - Failed to build CodeQL database for pygrid: NoPythonCodeFoundException: No Python code found in the repository. (logger.py:42)
2025-05-13 09:43:19,812 - CodeQLRunner - ERROR - Failed to build CodeQL database for odoo-addons-oca-calendar: NoPythonCodeFoundException: No Python code found in the repository. (logger.py:42)
2025-05-13 09:45:37,976 - CodeQLRunner - ERROR - Failed to build CodeQL database for sso-aws: NoPythonCodeFoundException: No Python code found in the repository. (logger.py:42)
2025-05-13 09:48:48,542 - CodeQLRunner - ERROR - Failed to build CodeQL database for gloon: NoPythonCodeFoundException: No Python code found in the repository. (logger.py:42)
2025-05-13 10:10:29,595 - CodeQLRunner - ERROR - Failed to build CodeQL database for hksync: NoPythonCodeFoundException: No Python code found in the repository. (logger.py:42)
2025-05-13 10:36:45,633 - CodeQLRunner - ERROR - Failed to build CodeQL database for learning-package-deployment-lycjackie: NoPythonCodeFoundException: No Python code found in the repository. (logger.py:42)
2025-05-13 10:48:19,009 - CodeQLRunner - ERROR - Failed to build CodeQL database for openmm-cuda: NoPythonCodeFoundException: No Python code found in the repository. (logger.py:42)
2025-05-13 10:56:39,901 - CodeQLRunner - ERROR - Failed to build CodeQL database for googledriveupload: NoPythonCodeFoundException: No Python code found in the repository. (logger.py:42)
2025-05-13 11:01:51,146 - CodeQLRunner - ERROR - Failed to build CodeQL database for odoo11-addons-oca-stock-logistics-reporting: NoPythonCodeFoundException: No Python code found in the repository. (logger.py:42)
2025-05-13 11:05:44,719 - CodeQLRunner - ERROR - Failed to build CodeQL database for variablz: NoPythonCodeFoundException: No Python code found in the repository. (logger.py:42)
2025-05-13 11:10:49,914 - CodeQLRunner - ERROR - Failed to build CodeQL database for atheriusmt5: NoPythonCodeFoundException: No Python code found in the repository. (logger.py:42)
2025-05-13 11:30:51,651 - CodeQLRunner - ERROR - Failed to build CodeQL database for projects-ws-test: NoPythonCodeFoundException: No Python code found in the repository. (logger.py:42)
2025-05-13 11:37:18,434 - CodeQLRunner - ERROR - Failed to build CodeQL database for nbrb-tools: NoPythonCodeFoundException: No Python code found in the repository. (logger.py:42)
2025-05-13 11:48:16,572 - CodeQLRunner - ERROR - Failed to build CodeQL database for ric: NoPythonCodeFoundException: No Python code found in the repository. (logger.py:42)
2025-05-13 12:11:14,041 - CodeQLRunner - ERROR - Failed to build CodeQL database for sklearn-pandas-transformers: NoPythonCodeFoundException: No Python code found in the repository. (logger.py:42)
2025-05-13 12:13:28,950 - CodeQLRunner - ERROR - Failed to build CodeQL database for odoo13-addons-oca-knowledge: NoPythonCodeFoundException: No Python code found in the repository. (logger.py:42)
2025-05-13 12:42:17,275 - CodeQLRunner - ERROR - Failed to build CodeQL database for voila-material-tuwien: NoPythonCodeFoundException: No Python code found in the repository. (logger.py:42)
2025-05-13 12:48:16,607 - CodeQLRunner - ERROR - Failed to build CodeQL database for forest-fire: NoPythonCodeFoundException: No Python code found in the repository. (logger.py:42)
2025-05-13 13:11:06,546 - CodeQLRunner - ERROR - Failed to build CodeQL database for mutils-sdk: NoPythonCodeFoundException: No Python code found in the repository. (logger.py:42)
2025-05-13 13:13:03,682 - CodeQLRunner - ERROR - Failed to build CodeQL database for verbe-irregulier: NoPythonCodeFoundException: No Python code found in the repository. (logger.py:42)
2025-05-13 13:14:16,547 - CodeQLRunner - ERROR - Failed to build CodeQL database for nester-lazy-coder48: NoPythonCodeFoundException: No Python code found in the repository. (logger.py:42)
2025-05-13 13:20:34,405 - CodeQLRunner - ERROR - Failed to build CodeQL database for virialize: NoPythonCodeFoundException: No Python code found in the repository. (logger.py:42)
2025-05-13 13:28:54,582 - CodeQLRunner - ERROR - Failed to build CodeQL database for card-scrnaseq-pipeline: NoPythonCodeFoundException: No Python code found in the repository. (logger.py:42)
2025-05-13 13:45:13,765 - CodeQLRunner - ERROR - Failed to build CodeQL database for mazipy: NoPythonCodeFoundException: No Python code found in the repository. (logger.py:42)
2025-05-13 14:16:54,408 - CodeQLRunner - ERROR - Failed to build CodeQL database for windows-terminal: NoPythonCodeFoundException: No Python code found in the repository. (logger.py:42)
2025-05-13 14:33:46,457 - CodeQLRunner - ERROR - Failed to build CodeQL database for project-to-installer: NoPythonCodeFoundException: No Python code found in the repository. (logger.py:42)
2025-05-13 14:34:20,842 - CodeQLRunner - ERROR - Failed to build CodeQL database for trex2champ: NoPythonCodeFoundException: No Python code found in the repository. (logger.py:42)
2025-05-13 14:39:03,265 - CodeQLRunner - ERROR - Failed to build CodeQL database for lstm-preprocess: NoPythonCodeFoundException: No Python code found in the repository. (logger.py:42)
2025-05-13 14:42:05,713 - CodeQLRunner - ERROR - Failed to build CodeQL database for aiohood: NoPythonCodeFoundException: No Python code found in the repository. (logger.py:42)
2025-05-13 14:42:32,611 - CodeQLRunner - ERROR - Failed to build CodeQL database for ca-scribner-example-package2: NoPythonCodeFoundException: No Python code found in the repository. (logger.py:42)
2025-05-13 14:43:18,337 - CodeQLRunner - ERROR - Failed to build CodeQL database for 1942pyc: NoPythonCodeFoundException: No Python code found in the repository. (logger.py:42)
2025-05-13 14:50:46,784 - CodeQLRunner - ERROR - Failed to build CodeQL database for hou: NoPythonCodeFoundException: No Python code found in the repository. (logger.py:42)
2025-05-13 14:59:57,655 - CodeQLRunner - ERROR - Failed to build CodeQL database for odoo12-addons-oca-hr-timesheet: NoPythonCodeFoundException: No Python code found in the repository. (logger.py:42)
2025-05-13 15:33:56,107 - CodeQLRunner - ERROR - Failed to build CodeQL database for multi-process-manager: NoPythonCodeFoundException: No Python code found in the repository. (logger.py:42)
2025-05-13 15:51:26,531 - CodeQLRunner - ERROR - Failed to build CodeQL database for dorkas-core: NoPythonCodeFoundException: No Python code found in the repository. (logger.py:42)
2025-05-13 16:27:48,133 - CodeQLRunner - ERROR - Failed to build CodeQL database for pypackets: NoPythonCodeFoundException: No Python code found in the repository. (logger.py:42)
2025-05-13 16:51:57,747 - CodeQLRunner - ERROR - Failed to build CodeQL database for replalive: NoPythonCodeFoundException: No Python code found in the repository. (logger.py:42)
2025-05-13 16:53:14,310 - CodeQLRunner - ERROR - Failed to build CodeQL database for mathhew: NoPythonCodeFoundException: No Python code found in the repository. (logger.py:42)
2025-05-13 17:42:03,308 - CodeQLRunner - ERROR - Building CodeQL database timed out: fjsonparse (logger.py:42)
2025-05-13 17:59:55,213 - CodeQLRunner - ERROR - Failed to build CodeQL database for exy: NoPythonCodeFoundException: No Python code found in the repository. (logger.py:42)
2025-05-13 18:04:37,591 - CodeQLRunner - ERROR - Failed to build CodeQL database for hudf: NoPythonCodeFoundException: No Python code found in the repository. (logger.py:42)
2025-05-13 18:10:01,534 - CodeQLRunner - ERROR - Failed to build CodeQL database for advhashlib: NoPythonCodeFoundException: No Python code found in the repository. (logger.py:42)
2025-05-13 18:14:50,374 - CodeQLRunner - ERROR - Failed to build CodeQL database for gym-novel-gridworlds: NoPythonCodeFoundException: No Python code found in the repository. (logger.py:42)
2025-05-13 18:17:18,654 - CodeQLRunner - ERROR - Failed to build CodeQL database for analyser: NoPythonCodeFoundException: No Python code found in the repository. (logger.py:42)
2025-05-13 18:18:32,147 - CodeQLRunner - ERROR - Failed to build CodeQL database for pycameras: NoPythonCodeFoundException: No Python code found in the repository. (logger.py:42)
2025-05-13 18:22:18,510 - CodeQLRunner - ERROR - Failed to build CodeQL database for test-common-utils: NoPythonCodeFoundException: No Python code found in the repository. (logger.py:42)
2025-05-13 18:23:39,657 - CodeQLRunner - ERROR - Failed to build CodeQL database for chess-com-analyzer: NoPythonCodeFoundException: No Python code found in the repository. (logger.py:42)
2025-05-13 18:34:02,904 - CodeQLRunner - ERROR - Failed to build CodeQL database for matchms-extras: NoPythonCodeFoundException: No Python code found in the repository. (logger.py:42)
2025-05-13 18:37:05,323 - CodeQLRunner - ERROR - Failed to build CodeQL database for flydb-sdk-python: NoPythonCodeFoundException: No Python code found in the repository. (logger.py:42)
2025-05-13 18:40:02,964 - CodeQLRunner - ERROR - Failed to build CodeQL database for butil: NoPythonCodeFoundException: No Python code found in the repository. (logger.py:42)
2025-05-13 18:42:45,906 - CodeQLRunner - ERROR - Query timed out for eoq1: /home/class-pollution/Desktop/python-class-pollution/codeql-query/class-pollution-all/class-pollution.qls (logger.py:42)
2025-05-13 18:42:47,287 - CodeQLRunner - ERROR - Failed to run query: /home/class-pollution/Desktop/python-class-pollution/codeql-query/class-pollution-all/class-pollution.qls (logger.py:42)
2025-05-13 18:50:41,966 - CodeQLRunner - ERROR - Failed to build CodeQL database for fcli-client: NoPythonCodeFoundException: No Python code found in the repository. (logger.py:42)
2025-05-13 18:59:23,998 - CodeQLRunner - ERROR - Failed to build CodeQL database for yulm-styled: NoPythonCodeFoundException: No Python code found in the repository. (logger.py:42)
2025-05-13 19:00:37,310 - CodeQLRunner - ERROR - Failed to build CodeQL database for leafcutter: NoPythonCodeFoundException: No Python code found in the repository. (logger.py:42)
2025-05-13 19:01:13,015 - CodeQLRunner - ERROR - Failed to build CodeQL database for bq-lookml-gen: NoPythonCodeFoundException: No Python code found in the repository. (logger.py:42)
2025-05-13 19:37:03,602 - CodeQLRunner - ERROR - Failed to build CodeQL database for haxball-py: NoPythonCodeFoundException: No Python code found in the repository. (logger.py:42)
2025-05-13 19:40:15,932 - CodeQLRunner - ERROR - Failed to build CodeQL database for odoo11-addons-oca-l10n-france: NoPythonCodeFoundException: No Python code found in the repository. (logger.py:42)
2025-05-13 19:48:36,827 - CodeQLRunner - ERROR - Failed to build CodeQL database for mutils-dev: NoPythonCodeFoundException: No Python code found in the repository. (logger.py:42)
2025-05-13 20:40:44,973 - CodeQLRunner - ERROR - Failed to build CodeQL database for house-epita-dsp-prices: NoPythonCodeFoundException: No Python code found in the repository. (logger.py:42)
2025-05-13 20:52:51,438 - CodeQLRunner - ERROR - Failed to build CodeQL database for smartsurf: NoPythonCodeFoundException: No Python code found in the repository. (logger.py:42)
2025-05-13 21:15:21,971 - CodeQLRunner - ERROR - Failed to build CodeQL database for namefactory: NoPythonCodeFoundException: No Python code found in the repository. (logger.py:42)
2025-05-13 21:20:59,532 - CodeQLRunner - ERROR - Failed to build CodeQL database for pybay: NoPythonCodeFoundException: No Python code found in the repository. (logger.py:42)
2025-05-13 21:51:29,775 - CodeQLRunner - ERROR - Failed to build CodeQL database for topsis-harshit-102003653: NoPythonCodeFoundException: No Python code found in the repository. (logger.py:42)
2025-05-13 21:59:36,004 - CodeQLRunner - ERROR - Failed to build CodeQL database for bsl-spelling: NoPythonCodeFoundException: No Python code found in the repository. (logger.py:42)
2025-05-13 22:00:50,604 - CodeQLRunner - ERROR - Query timed out for catalystcoop-arelle-mirror: /home/class-pollution/Desktop/python-class-pollution/codeql-query/class-pollution-all/class-pollution.qls (logger.py:42)
2025-05-13 22:00:52,624 - CodeQLRunner - ERROR - Failed to run query: /home/class-pollution/Desktop/python-class-pollution/codeql-query/class-pollution-all/class-pollution.qls (logger.py:42)
2025-05-13 22:13:28,529 - CodeQLRunner - ERROR - Failed to build CodeQL database for cachora: NoPythonCodeFoundException: No Python code found in the repository. (logger.py:42)
2025-05-13 22:18:18,677 - CodeQLRunner - ERROR - Failed to build CodeQL database for face-authenticator: NoPythonCodeFoundException: No Python code found in the repository. (logger.py:42)
2025-05-13 22:24:13,159 - CodeQLRunner - ERROR - Failed to build CodeQL database for numpyneural: NoPythonCodeFoundException: No Python code found in the repository. (logger.py:42)
2025-05-13 22:26:34,962 - CodeQLRunner - ERROR - Failed to build CodeQL database for tg-bot-for-clients-lb: NoPythonCodeFoundException: No Python code found in the repository. (logger.py:42)
2025-05-13 22:50:16,253 - CodeQLRunner - ERROR - Failed to build CodeQL database for encriptacion: NoPythonCodeFoundException: No Python code found in the repository. (logger.py:42)
2025-05-13 23:25:34,421 - CodeQLRunner - ERROR - Failed to build CodeQL database for msrc: NoPythonCodeFoundException: No Python code found in the repository. (logger.py:42)
2025-05-13 23:34:42,771 - CodeQLRunner - ERROR - Failed to build CodeQL database for nesterlzgggggggggg: NoPythonCodeFoundException: No Python code found in the repository. (logger.py:42)
2025-05-13 23:38:26,508 - CodeQLRunner - ERROR - Failed to build CodeQL database for topsis-sarthak-srivastava-102217018: NoPythonCodeFoundException: No Python code found in the repository. (logger.py:42)
2025-05-14 00:03:05,140 - CodeQLRunner - ERROR - Failed to build CodeQL database for cerebralwave: NoPythonCodeFoundException: No Python code found in the repository. (logger.py:42)
2025-05-14 00:10:12,196 - CodeQLRunner - ERROR - Building CodeQL database timed out: cognite-edm-data (logger.py:42)
2025-05-14 00:26:06,575 - CodeQLRunner - ERROR - Failed to build CodeQL database for maya-test-tools: NoPythonCodeFoundException: No Python code found in the repository. (logger.py:42)
2025-05-14 00:28:08,275 - CodeQLRunner - ERROR - Failed to build CodeQL database for cringehw5: NoPythonCodeFoundException: No Python code found in the repository. (logger.py:42)
2025-05-14 00:31:55,884 - CodeQLRunner - ERROR - Failed to build CodeQL database for blackdaemon: NoPythonCodeFoundException: No Python code found in the repository. (logger.py:42)
2025-05-14 00:32:25,093 - CodeQLRunner - ERROR - Failed to build CodeQL database for python-athena: NoPythonCodeFoundException: No Python code found in the repository. (logger.py:42)
2025-05-14 00:52:16,223 - CodeQLRunner - ERROR - Failed to build CodeQL database for mutils-devkit: NoPythonCodeFoundException: No Python code found in the repository. (logger.py:42)
2025-05-14 00:59:00,023 - CodeQLRunner - ERROR - Failed to build CodeQL database for bf-moki: NoPythonCodeFoundException: No Python code found in the repository. (logger.py:42)
2025-05-14 01:33:28,151 - CodeQLRunner - ERROR - Failed to build CodeQL database for sentinelflow: NoPythonCodeFoundException: No Python code found in the repository. (logger.py:42)
2025-05-14 01:36:06,180 - CodeQLRunner - ERROR - Failed to build CodeQL database for bumbo-el: NoPythonCodeFoundException: No Python code found in the repository. (logger.py:42)
2025-05-14 01:43:16,202 - CodeQLRunner - ERROR - Failed to build CodeQL database for zpov: NoPythonCodeFoundException: No Python code found in the repository. (logger.py:42)
2025-05-14 01:59:54,565 - CodeQLRunner - ERROR - Failed to build CodeQL database for odoo12-addons-oca-l10n-belgium: NoPythonCodeFoundException: No Python code found in the repository. (logger.py:42)
2025-05-14 02:10:46,863 - CodeQLRunner - ERROR - Failed to build CodeQL database for publiqa-cli: NoPythonCodeFoundException: No Python code found in the repository. (logger.py:42)
2025-05-14 02:29:52,199 - CodeQLRunner - ERROR - Failed to build CodeQL database for melz: NoPythonCodeFoundException: No Python code found in the repository. (logger.py:42)
2025-05-14 02:32:31,892 - CodeQLRunner - ERROR - Failed to build CodeQL database for hyrule-compendium: NoPythonCodeFoundException: No Python code found in the repository. (logger.py:42)
2025-05-14 02:49:32,393 - CodeQLRunner - ERROR - Failed to build CodeQL database for amazon-arbitrage-master-sheet: NoPythonCodeFoundException: No Python code found in the repository. (logger.py:42)
2025-05-14 02:59:39,331 - CodeQLRunner - ERROR - Failed to build CodeQL database for advpwhash: NoPythonCodeFoundException: No Python code found in the repository. (logger.py:42)
2025-05-14 02:59:40,644 - CodeQLRunner - ERROR - Failed to build CodeQL database for steampunk-scanner: NoPythonCodeFoundException: No Python code found in the repository. (logger.py:42)
2025-05-14 03:04:12,399 - CodeQLRunner - ERROR - Failed to build CodeQL database for luzitool-api: NoPythonCodeFoundException: No Python code found in the repository. (logger.py:42)
2025-05-14 03:25:46,309 - CodeQLRunner - ERROR - Failed to build CodeQL database for mathoperation1: NoPythonCodeFoundException: No Python code found in the repository. (logger.py:42)
2025-05-14 03:36:16,182 - CodeQLRunner - ERROR - Failed to build CodeQL database for segment-guard: NoPythonCodeFoundException: No Python code found in the repository. (logger.py:42)
2025-05-14 03:38:35,125 - CodeQLRunner - ERROR - Failed to build CodeQL database for benamer: NoPythonCodeFoundException: No Python code found in the repository. (logger.py:42)
2025-05-14 03:47:49,622 - CodeQLRunner - ERROR - Failed to build CodeQL database for odoo12-addons-oca-community-data-files: NoPythonCodeFoundException: No Python code found in the repository. (logger.py:42)
2025-05-14 04:12:25,283 - CodeQLRunner - ERROR - Failed to build CodeQL database for cctools: NoPythonCodeFoundException: No Python code found in the repository. (logger.py:42)
2025-05-14 04:52:38,419 - CodeQLRunner - ERROR - Failed to build CodeQL database for cause-effect: NoPythonCodeFoundException: No Python code found in the repository. (logger.py:42)
2025-05-14 05:11:13,654 - CodeQLRunner - ERROR - Failed to build CodeQL database for fernetencrvption1235235235: NoPythonCodeFoundException: No Python code found in the repository. (logger.py:42)
2025-05-14 05:14:06,127 - CodeQLRunner - ERROR - Failed to build CodeQL database for hydrate-minio-weaviate: NoPythonCodeFoundException: No Python code found in the repository. (logger.py:42)
2025-05-14 05:24:18,988 - CodeQLRunner - ERROR - Failed to build CodeQL database for cringehw4: NoPythonCodeFoundException: No Python code found in the repository. (logger.py:42)
2025-05-14 05:57:18,805 - CodeQLRunner - ERROR - Failed to build CodeQL database for codereviewer: NoPythonCodeFoundException: No Python code found in the repository. (logger.py:42)
2025-05-14 06:01:41,332 - CodeQLRunner - ERROR - Failed to build CodeQL database for analytis-topological-materials-classifier: NoPythonCodeFoundException: No Python code found in the repository. (logger.py:42)
2025-05-14 06:08:34,727 - CodeQLRunner - ERROR - Query timed out for pyrogeram: /home/class-pollution/Desktop/python-class-pollution/codeql-query/class-pollution-all/class-pollution.qls (logger.py:42)
2025-05-14 06:08:36,089 - CodeQLRunner - ERROR - Failed to run query: /home/class-pollution/Desktop/python-class-pollution/codeql-query/class-pollution-all/class-pollution.qls (logger.py:42)
2025-05-14 06:09:24,371 - CodeQLRunner - ERROR - Failed to build CodeQL database for speed-port: NoPythonCodeFoundException: No Python code found in the repository. (logger.py:42)
2025-05-14 06:12:49,440 - CodeQLRunner - ERROR - Failed to build CodeQL database for bifipy: NoPythonCodeFoundException: No Python code found in the repository. (logger.py:42)
2025-05-14 06:20:11,572 - CodeQLRunner - ERROR - Failed to build CodeQL database for qstash-python: NoPythonCodeFoundException: No Python code found in the repository. (logger.py:42)
2025-05-14 06:20:20,301 - CodeQLRunner - ERROR - Failed to build CodeQL database for pylazydocker: NoPythonCodeFoundException: No Python code found in the repository. (logger.py:42)
2025-05-14 06:21:03,747 - CodeQLRunner - ERROR - Failed to build CodeQL database for odoo14-addons-oca-oca-custom: NoPythonCodeFoundException: No Python code found in the repository. (logger.py:42)
2025-05-14 06:25:45,689 - CodeQLRunner - ERROR - Failed to build CodeQL database for data-analysis-tfidf-tool-jms: NoPythonCodeFoundException: No Python code found in the repository. (logger.py:42)
2025-05-14 06:32:38,880 - CodeQLRunner - ERROR - Failed to build CodeQL database for prejprocess: NoPythonCodeFoundException: No Python code found in the repository. (logger.py:42)
2025-05-14 06:36:02,099 - CodeQLRunner - ERROR - Failed to build CodeQL database for definitely-not-requests: NoPythonCodeFoundException: No Python code found in the repository. (logger.py:42)
2025-05-14 06:37:15,846 - CodeQLRunner - ERROR - Failed to build CodeQL database for odoo13-addons-oca-l10n-netherlands: NoPythonCodeFoundException: No Python code found in the repository. (logger.py:42)
2025-05-14 06:48:53,572 - CodeQLRunner - ERROR - Failed to build CodeQL database for odoo13-addons-oca-fleet: NoPythonCodeFoundException: No Python code found in the repository. (logger.py:42)
2025-05-14 06:48:56,183 - CodeQLRunner - ERROR - Failed to build CodeQL database for wagtail-draftail-katex: NoPythonCodeFoundException: No Python code found in the repository. (logger.py:42)
2025-05-14 07:04:12,354 - CodeQLRunner - ERROR - Failed to build CodeQL database for plugingen: NoPythonCodeFoundException: No Python code found in the repository. (logger.py:42)
2025-05-14 07:09:55,541 - CodeQLRunner - ERROR - Failed to build CodeQL database for scorexpert: NoPythonCodeFoundException: No Python code found in the repository. (logger.py:42)
2025-05-14 07:14:09,319 - CodeQLRunner - ERROR - Failed to build CodeQL database for blockanalyst: NoPythonCodeFoundException: No Python code found in the repository. (logger.py:42)
2025-05-14 08:04:15,269 - CodeQLRunner - ERROR - Failed to build CodeQL database for pluvial: NoPythonCodeFoundException: No Python code found in the repository. (logger.py:42)
2025-05-14 08:28:21,494 - CodeQLRunner - ERROR - Failed to build CodeQL database for junit-to-markdown: NoPythonCodeFoundException: No Python code found in the repository. (logger.py:42)
2025-05-14 08:29:08,900 - CodeQLRunner - ERROR - Failed to build CodeQL database for kebablib: NoPythonCodeFoundException: No Python code found in the repository. (logger.py:42)
2025-05-14 08:29:21,355 - CodeQLRunner - ERROR - Failed to build CodeQL database for amirtha-project-12345: NoPythonCodeFoundException: No Python code found in the repository. (logger.py:42)
2025-05-14 08:31:35,448 - CodeQLRunner - ERROR - Failed to build CodeQL database for cxlop: NoPythonCodeFoundException: No Python code found in the repository. (logger.py:42)
2025-05-14 08:34:06,326 - CodeQLRunner - ERROR - Failed to build CodeQL database for dict-diff: NoPythonCodeFoundException: No Python code found in the repository. (logger.py:42)
2025-05-14 08:35:19,441 - CodeQLRunner - ERROR - Failed to build CodeQL database for odoo12-addons-oca-bank-statement-import: NoPythonCodeFoundException: No Python code found in the repository. (logger.py:42)
2025-05-14 08:38:05,162 - CodeQLRunner - ERROR - Failed to build CodeQL database for smart-git: NoPythonCodeFoundException: No Python code found in the repository. (logger.py:42)
2025-05-14 08:44:08,992 - CodeQLRunner - ERROR - Failed to build CodeQL database for speedportonetop: NoPythonCodeFoundException: No Python code found in the repository. (logger.py:42)
2025-05-14 08:48:05,952 - CodeQLRunner - ERROR - Failed to build CodeQL database for mansel: NoPythonCodeFoundException: No Python code found in the repository. (logger.py:42)
2025-05-14 08:55:56,732 - CodeQLRunner - ERROR - Failed to build CodeQL database for azure-ai-language-nspkg: NoPythonCodeFoundException: No Python code found in the repository. (logger.py:42)
2025-05-14 09:10:13,523 - CodeQLRunner - ERROR - Failed to build CodeQL database for smacc: NoPythonCodeFoundException: No Python code found in the repository. (logger.py:42)
2025-05-14 09:16:03,218 - CodeQLRunner - ERROR - Failed to build CodeQL database for odoo11-addons-oca-currency: NoPythonCodeFoundException: No Python code found in the repository. (logger.py:42)
2025-05-14 09:20:08,217 - CodeQLRunner - ERROR - Failed to build CodeQL database for beyoncify: NoPythonCodeFoundException: No Python code found in the repository. (logger.py:42)
2025-05-14 09:29:32,069 - CodeQLRunner - ERROR - Failed to build CodeQL database for brytee: NoPythonCodeFoundException: No Python code found in the repository. (logger.py:42)
2025-05-14 09:37:21,958 - CodeQLRunner - ERROR - Failed to build CodeQL database for kisabob8gook: NoPythonCodeFoundException: No Python code found in the repository. (logger.py:42)
2025-05-14 09:53:32,014 - CodeQLRunner - ERROR - Failed to build CodeQL database for odoo14-addons-oca-server-env: NoPythonCodeFoundException: No Python code found in the repository. (logger.py:42)
2025-05-14 09:59:36,014 - CodeQLRunner - ERROR - Failed to build CodeQL database for isos-environment-test: NoPythonCodeFoundException: No Python code found in the repository. (logger.py:42)
2025-05-14 10:06:07,385 - CodeQLRunner - ERROR - Failed to build CodeQL database for aisystems: NoPythonCodeFoundException: No Python code found in the repository. (logger.py:42)
2025-05-14 10:10:39,275 - CodeQLRunner - ERROR - Failed to build CodeQL database for json-to-hierarchyimage-converter: NoPythonCodeFoundException: No Python code found in the repository. (logger.py:42)
2025-05-14 10:25:41,209 - CodeQLRunner - ERROR - Failed to build CodeQL database for pyntel4004-cli: NoPythonCodeFoundException: No Python code found in the repository. (logger.py:42)
2025-05-14 10:27:58,918 - CodeQLRunner - ERROR - Failed to build CodeQL database for arpmitmproject: NoPythonCodeFoundException: No Python code found in the repository. (logger.py:42)
2025-05-14 10:33:20,070 - CodeQLRunner - ERROR - Failed to build CodeQL database for fibtracking: NoPythonCodeFoundException: No Python code found in the repository. (logger.py:42)
2025-05-14 10:34:34,805 - CodeQLRunner - ERROR - Failed to build CodeQL database for odoo-addons-oca-stock-logistics-request: NoPythonCodeFoundException: No Python code found in the repository. (logger.py:42)
2025-05-14 10:37:06,550 - CodeQLRunner - ERROR - Failed to build CodeQL database for saphyre: NoPythonCodeFoundException: No Python code found in the repository. (logger.py:42)
2025-05-14 10:37:08,093 - CodeQLRunner - ERROR - Failed to build CodeQL database for assignment-a-damianigrgur: NoPythonCodeFoundException: No Python code found in the repository. (logger.py:42)
2025-05-14 10:49:10,277 - CodeQLRunner - ERROR - Failed to build CodeQL database for odoo12-addons-oca-currency: NoPythonCodeFoundException: No Python code found in the repository. (logger.py:42)
2025-05-14 11:07:33,583 - CodeQLRunner - ERROR - Failed to build CodeQL database for prayuth-package: NoPythonCodeFoundException: No Python code found in the repository. (logger.py:42)
2025-05-14 11:14:50,783 - CodeQLRunner - ERROR - Failed to build CodeQL database for pricecheck: NoPythonCodeFoundException: No Python code found in the repository. (logger.py:42)
2025-05-14 11:17:16,655 - CodeQLRunner - ERROR - Failed to build CodeQL database for ash-printer: NoPythonCodeFoundException: No Python code found in the repository. (logger.py:42)
2025-05-14 11:17:57,347 - CodeQLRunner - ERROR - Failed to build CodeQL database for topsis-payal-102203203: NoPythonCodeFoundException: No Python code found in the repository. (logger.py:42)
2025-05-14 11:24:31,102 - CodeQLRunner - ERROR - Failed to build CodeQL database for pig-latin: NoPythonCodeFoundException: No Python code found in the repository. (logger.py:42)
2025-05-14 11:43:36,211 - CodeQLRunner - ERROR - Failed to build CodeQL database for dng-to-cube: NoPythonCodeFoundException: No Python code found in the repository. (logger.py:42)
2025-05-14 11:55:24,081 - CodeQLRunner - ERROR - Failed to build CodeQL database for r4mnx: NoPythonCodeFoundException: No Python code found in the repository. (logger.py:42)
2025-05-14 11:55:38,848 - CodeQLRunner - ERROR - Failed to build CodeQL database for germantranslator: NoPythonCodeFoundException: No Python code found in the repository. (logger.py:42)
2025-05-14 11:56:50,372 - CodeQLRunner - ERROR - Failed to build CodeQL database for cmc-csci046-yilinli-trees: NoPythonCodeFoundException: No Python code found in the repository. (logger.py:42)
2025-05-14 12:23:36,709 - CodeQLRunner - ERROR - Failed to build CodeQL database for data-analysis-similarity-tool-jms: NoPythonCodeFoundException: No Python code found in the repository. (logger.py:42)
2025-05-14 12:48:27,045 - CodeQLRunner - ERROR - Failed to build CodeQL database for gym-innovus: NoPythonCodeFoundException: No Python code found in the repository. (logger.py:42)
2025-05-14 12:57:50,038 - CodeQLRunner - ERROR - Failed to build CodeQL database for graphframes-py: NoPythonCodeFoundException: No Python code found in the repository. (logger.py:42)
2025-05-14 12:57:50,103 - CodeQLRunner - ERROR - Failed to build CodeQL database for boostrap-sdk-jcincotta22: NoPythonCodeFoundException: No Python code found in the repository. (logger.py:42)
2025-05-14 13:39:15,770 - CodeQLRunner - ERROR - Failed to build CodeQL database for simple-progress-bar: NoPythonCodeFoundException: No Python code found in the repository. (logger.py:42)
2025-05-14 13:44:05,131 - CodeQLRunner - ERROR - Failed to build CodeQL database for intel-npu-top: NoPythonCodeFoundException: No Python code found in the repository. (logger.py:42)
2025-05-14 13:49:42,755 - CodeQLRunner - ERROR - Failed to build CodeQL database for llada: NoPythonCodeFoundException: No Python code found in the repository. (logger.py:42)
2025-05-14 13:52:23,226 - CodeQLRunner - ERROR - Failed to build CodeQL database for proto-file: NoPythonCodeFoundException: No Python code found in the repository. (logger.py:42)
2025-05-14 14:10:46,289 - CodeQLRunner - ERROR - Failed to build CodeQL database for kia-uvo-hyundai-bluelink: NoPythonCodeFoundException: No Python code found in the repository. (logger.py:42)
2025-05-14 14:31:27,612 - CodeQLRunner - ERROR - Failed to build CodeQL database for ndokta: NoPythonCodeFoundException: No Python code found in the repository. (logger.py:42)
2025-05-14 14:36:37,703 - CodeQLRunner - ERROR - Failed to build CodeQL database for brobox-client: NoPythonCodeFoundException: No Python code found in the repository. (logger.py:42)
2025-05-14 14:37:35,278 - CodeQLRunner - ERROR - Failed to build CodeQL database for advrandom: NoPythonCodeFoundException: No Python code found in the repository. (logger.py:42)
2025-05-14 14:41:20,266 - CodeQLRunner - ERROR - Failed to build CodeQL database for finance-calculator-csv-forcu: NoPythonCodeFoundException: No Python code found in the repository. (logger.py:42)
2025-05-14 14:41:27,451 - CodeQLRunner - ERROR - Failed to build CodeQL database for darkflipper: NoPythonCodeFoundException: No Python code found in the repository. (logger.py:42)
2025-05-14 14:43:47,920 - CodeQLRunner - ERROR - Failed to build CodeQL database for wpass: NoPythonCodeFoundException: No Python code found in the repository. (logger.py:42)
2025-05-14 14:49:19,500 - CodeQLRunner - ERROR - Failed to build CodeQL database for odoo11-addons-oca-runbot-addons: NoPythonCodeFoundException: No Python code found in the repository. (logger.py:42)
2025-05-14 15:14:02,228 - CodeQLRunner - ERROR - Failed to build CodeQL database for botrun-drive-webhook-roy: NoPythonCodeFoundException: No Python code found in the repository. (logger.py:42)
2025-05-14 15:18:54,255 - CodeQLRunner - ERROR - Failed to build CodeQL database for myawesomeeda: NoPythonCodeFoundException: No Python code found in the repository. (logger.py:42)
2025-05-14 15:27:17,872 - CodeQLRunner - ERROR - Failed to build CodeQL database for sspr-python-by-designermadsen: NoPythonCodeFoundException: No Python code found in the repository. (logger.py:42)
2025-05-14 15:55:11,099 - CodeQLRunner - ERROR - Failed to build CodeQL database for distributioniv: NoPythonCodeFoundException: No Python code found in the repository. (logger.py:42)
2025-05-14 16:00:04,336 - CodeQLRunner - ERROR - Failed to build CodeQL database for dsh-dsh: NoPythonCodeFoundException: No Python code found in the repository. (logger.py:42)
2025-05-14 16:05:42,312 - CodeQLRunner - ERROR - Failed to build CodeQL database for odoo11-addons-oca-vertical-association: NoPythonCodeFoundException: No Python code found in the repository. (logger.py:42)
2025-05-14 16:27:41,372 - CodeQLRunner - ERROR - Failed to build CodeQL database for instantllm: NoPythonCodeFoundException: No Python code found in the repository. (logger.py:42)
2025-05-14 16:27:57,453 - CodeQLRunner - ERROR - Failed to build CodeQL database for headkuater-dev: NoPythonCodeFoundException: No Python code found in the repository. (logger.py:42)
2025-05-14 16:59:38,962 - CodeQLRunner - ERROR - Failed to build CodeQL database for sleep-data-analysis: NoPythonCodeFoundException: No Python code found in the repository. (logger.py:42)
2025-05-14 17:13:20,030 - CodeQLRunner - ERROR - Failed to build CodeQL database for netsys: NoPythonCodeFoundException: No Python code found in the repository. (logger.py:42)
2025-05-14 17:23:11,397 - CodeQLRunner - ERROR - Failed to build CodeQL database for quasi-sdk: NoPythonCodeFoundException: No Python code found in the repository. (logger.py:42)
2025-05-14 17:43:43,508 - CodeQLRunner - ERROR - Failed to build CodeQL database for testrepo-md: NoPythonCodeFoundException: No Python code found in the repository. (logger.py:42)
2025-05-14 17:44:30,716 - CodeQLRunner - ERROR - Failed to build CodeQL database for alcyone: NoPythonCodeFoundException: No Python code found in the repository. (logger.py:42)
2025-05-14 17:50:09,541 - CodeQLRunner - ERROR - Failed to build CodeQL database for rtn-simrs: NoPythonCodeFoundException: No Python code found in the repository. (logger.py:42)
2025-05-14 17:53:11,807 - CodeQLRunner - ERROR - Failed to build CodeQL database for robosim: NoPythonCodeFoundException: No Python code found in the repository. (logger.py:42)
2025-05-14 17:53:23,241 - CodeQLRunner - ERROR - Failed to build CodeQL database for arithmaticpackage: NoPythonCodeFoundException: No Python code found in the repository. (logger.py:42)
2025-05-14 18:08:14,252 - CodeQLRunner - ERROR - Failed to build CodeQL database for odoo-addons-oca-payroll: NoPythonCodeFoundException: No Python code found in the repository. (logger.py:42)
2025-05-14 18:20:58,355 - CodeQLRunner - ERROR - Failed to build CodeQL database for wixmetric: NoPythonCodeFoundException: No Python code found in the repository. (logger.py:42)
2025-05-14 18:37:38,520 - CodeQLRunner - ERROR - Failed to build CodeQL database for odoo11-addons-oca-business-requirement: NoPythonCodeFoundException: No Python code found in the repository. (logger.py:42)
2025-05-14 18:53:41,088 - CodeQLRunner - ERROR - Failed to build CodeQL database for autocleanser: NoPythonCodeFoundException: No Python code found in the repository. (logger.py:42)
2025-05-14 19:23:19,267 - CodeQLRunner - ERROR - Failed to build CodeQL database for odoo13-addons-oca-iot: NoPythonCodeFoundException: No Python code found in the repository. (logger.py:42)
2025-05-14 19:27:26,402 - CodeQLRunner - ERROR - Failed to build CodeQL database for crypto-api2a: NoPythonCodeFoundException: No Python code found in the repository. (logger.py:42)
2025-05-14 19:50:49,867 - CodeQLRunner - ERROR - Failed to build CodeQL database for host-pytorch: NoPythonCodeFoundException: No Python code found in the repository. (logger.py:42)
2025-05-14 19:56:33,104 - CodeQLRunner - ERROR - Failed to build CodeQL database for ale2d: NoPythonCodeFoundException: No Python code found in the repository. (logger.py:42)
2025-05-14 19:59:06,447 - CodeQLRunner - ERROR - Failed to build CodeQL database for assignment-7-portfolio-generator-burrmit: NoPythonCodeFoundException: No Python code found in the repository. (logger.py:42)
2025-05-14 20:13:43,465 - CodeQLRunner - ERROR - Failed to build CodeQL database for cfm: NoPythonCodeFoundException: No Python code found in the repository. (logger.py:42)
2025-05-14 20:16:18,234 - CodeQLRunner - ERROR - Failed to build CodeQL database for odoo12-addons-oca-credit-control: NoPythonCodeFoundException: No Python code found in the repository. (logger.py:42)
2025-05-14 20:26:54,944 - CodeQLRunner - ERROR - Failed to build CodeQL database for lo3: NoPythonCodeFoundException: No Python code found in the repository. (logger.py:42)
2025-05-14 20:31:11,405 - CodeQLRunner - ERROR - Failed to build CodeQL database for research-client: NoPythonCodeFoundException: No Python code found in the repository. (logger.py:42)
2025-05-14 20:32:24,097 - CodeQLRunner - ERROR - Failed to build CodeQL database for tenlineeda: NoPythonCodeFoundException: No Python code found in the repository. (logger.py:42)
2025-05-14 20:44:05,303 - CodeQLRunner - ERROR - Failed to build CodeQL database for simple-and-easy-discord-bot: NoPythonCodeFoundException: No Python code found in the repository. (logger.py:42)
2025-05-14 20:46:16,993 - CodeQLRunner - ERROR - Failed to build CodeQL database for voila-embed: NoPythonCodeFoundException: No Python code found in the repository. (logger.py:42)
2025-05-14 21:09:37,083 - CodeQLRunner - ERROR - Failed to build CodeQL database for cmc-csci046-gerges: NoPythonCodeFoundException: No Python code found in the repository. (logger.py:42)
2025-05-14 21:09:48,084 - CodeQLRunner - ERROR - Failed to build CodeQL database for odoo13-addons-oca-helpdesk: NoPythonCodeFoundException: No Python code found in the repository. (logger.py:42)
2025-05-14 21:18:49,211 - CodeQLRunner - ERROR - Failed to build CodeQL database for iamfast: NoPythonCodeFoundException: No Python code found in the repository. (logger.py:42)
2025-05-14 21:18:59,632 - CodeQLRunner - ERROR - Failed to build CodeQL database for arnastestingpypiv2: NoPythonCodeFoundException: No Python code found in the repository. (logger.py:42)
2025-05-14 21:25:27,331 - CodeQLRunner - ERROR - Failed to build CodeQL database for azure-cognitiveservices-knowledge-nspkg: NoPythonCodeFoundException: No Python code found in the repository. (logger.py:42)
2025-05-14 21:32:30,015 - CodeQLRunner - ERROR - Failed to build CodeQL database for advtime: NoPythonCodeFoundException: No Python code found in the repository. (logger.py:42)
2025-05-14 21:34:42,468 - CodeQLRunner - ERROR - Failed to build CodeQL database for osanim-one-py: NoPythonCodeFoundException: No Python code found in the repository. (logger.py:42)
2025-05-14 21:56:59,022 - CodeQLRunner - ERROR - Failed to build CodeQL database for dict-fr-au-dela: NoPythonCodeFoundException: No Python code found in the repository. (logger.py:42)
2025-05-14 21:58:56,284 - CodeQLRunner - ERROR - Failed to build CodeQL database for tf-package-management: NoPythonCodeFoundException: No Python code found in the repository. (logger.py:42)
2025-05-14 22:01:05,856 - CodeQLRunner - ERROR - Failed to build CodeQL database for malice: NoPythonCodeFoundException: No Python code found in the repository. (logger.py:42)
2025-05-14 22:07:20,201 - CodeQLRunner - ERROR - Failed to build CodeQL database for bsl-translator: NoPythonCodeFoundException: No Python code found in the repository. (logger.py:42)
2025-05-14 22:11:48,898 - CodeQLRunner - ERROR - Failed to build CodeQL database for log-formatter-ocean: NoPythonCodeFoundException: No Python code found in the repository. (logger.py:42)
2025-05-14 22:15:14,966 - CodeQLRunner - ERROR - Failed to build CodeQL database for secretarium: NoPythonCodeFoundException: No Python code found in the repository. (logger.py:42)
2025-05-14 22:18:26,429 - CodeQLRunner - ERROR - Failed to build CodeQL database for anvil-stubs: NoSupportedPythonCodeFound: No supported code found in the repository. (logger.py:42)
2025-05-14 22:22:31,813 - CodeQLRunner - ERROR - Failed to build CodeQL database for janghyojoon: NoPythonCodeFoundException: No Python code found in the repository. (logger.py:42)
2025-05-14 22:24:06,150 - CodeQLRunner - ERROR - Failed to build CodeQL database for pykernsformer: NoPythonCodeFoundException: No Python code found in the repository. (logger.py:42)
2025-05-14 22:31:40,329 - CodeQLRunner - ERROR - Failed to build CodeQL database for aparatdownloader: NoPythonCodeFoundException: No Python code found in the repository. (logger.py:42)
2025-05-14 22:43:02,635 - CodeQLRunner - ERROR - Failed to build CodeQL database for bps: NoPythonCodeFoundException: No Python code found in the repository. (logger.py:42)
2025-05-14 22:44:40,267 - CodeQLRunner - ERROR - Failed to build CodeQL database for alembic-stubs: NoSupportedPythonCodeFound: No supported code found in the repository. (logger.py:42)
2025-05-14 22:53:13,311 - CodeQLRunner - ERROR - Failed to build CodeQL database for wagano: NoPythonCodeFoundException: No Python code found in the repository. (logger.py:42)
2025-05-14 23:04:16,048 - CodeQLRunner - ERROR - Failed to build CodeQL database for pysheetreader: NoPythonCodeFoundException: No Python code found in the repository. (logger.py:42)
2025-05-14 23:07:46,605 - CodeQLRunner - ERROR - Failed to build CodeQL database for ufs-pyutils: NoPythonCodeFoundException: No Python code found in the repository. (logger.py:42)
2025-05-14 23:10:52,076 - CodeQLRunner - ERROR - Failed to build CodeQL database for simplepypkg: NoPythonCodeFoundException: No Python code found in the repository. (logger.py:42)
2025-05-14 23:11:28,094 - CodeQLRunner - ERROR - Failed to build CodeQL database for chess2: NoPythonCodeFoundException: No Python code found in the repository. (logger.py:42)
2025-05-14 23:12:38,362 - CodeQLRunner - ERROR - Failed to build CodeQL database for aae: NoPythonCodeFoundException: No Python code found in the repository. (logger.py:42)
2025-05-14 23:24:48,224 - CodeQLRunner - ERROR - Failed to build CodeQL database for mkdocs-shareable-admonition: NoPythonCodeFoundException: No Python code found in the repository. (logger.py:42)
2025-05-14 23:34:31,099 - CodeQLRunner - ERROR - Failed to build CodeQL database for cluster-ga: NoPythonCodeFoundException: No Python code found in the repository. (logger.py:42)
2025-05-14 23:46:56,991 - CodeQLRunner - ERROR - Failed to build CodeQL database for 2024-test-ci-cd-ad-pipe: NoPythonCodeFoundException: No Python code found in the repository. (logger.py:42)
2025-05-14 23:49:11,480 - CodeQLRunner - ERROR - Failed to build CodeQL database for kopf-nullstore: NoPythonCodeFoundException: No Python code found in the repository. (logger.py:42)
2025-05-14 23:57:21,268 - CodeQLRunner - ERROR - Failed to build CodeQL database for defw: NoPythonCodeFoundException: No Python code found in the repository. (logger.py:42)
2025-05-15 00:05:23,430 - CodeQLRunner - ERROR - Failed to build CodeQL database for pytelegrambotelegraf: NoPythonCodeFoundException: No Python code found in the repository. (logger.py:42)
2025-05-15 00:06:13,640 - CodeQLRunner - ERROR - Failed to build CodeQL database for artools: NoPythonCodeFoundException: No Python code found in the repository. (logger.py:42)
2025-05-15 00:14:34,327 - CodeQLRunner - ERROR - Failed to build CodeQL database for data-analysis-tools-bet: NoPythonCodeFoundException: No Python code found in the repository. (logger.py:42)
2025-05-15 00:16:16,235 - CodeQLRunner - ERROR - Failed to build CodeQL database for custom-encryption: NoPythonCodeFoundException: No Python code found in the repository. (logger.py:42)
2025-05-15 00:22:40,895 - CodeQLRunner - ERROR - Failed to build CodeQL database for libuseful: NoSupportedPythonCodeFound: No supported code found in the repository. (logger.py:42)
2025-05-15 00:27:06,630 - CodeQLRunner - ERROR - Failed to build CodeQL database for assignment10: NoPythonCodeFoundException: No Python code found in the repository. (logger.py:42)
2025-05-15 00:30:58,813 - CodeQLRunner - ERROR - Failed to build CodeQL database for circuitpython-candlesticks: NoPythonCodeFoundException: No Python code found in the repository. (logger.py:42)
2025-05-15 00:46:58,056 - CodeQLRunner - ERROR - Failed to build CodeQL database for companyprovider-file-processor: NoPythonCodeFoundException: No Python code found in the repository. (logger.py:42)
2025-05-15 01:11:09,551 - CodeQLRunner - ERROR - Failed to build CodeQL database for webdriver-start: NoPythonCodeFoundException: No Python code found in the repository. (logger.py:42)
2025-05-15 01:38:38,621 - CodeQLRunner - ERROR - Failed to build CodeQL database for mb-pytorch-lightning: NoPythonCodeFoundException: No Python code found in the repository. (logger.py:42)
2025-05-15 01:39:51,263 - CodeQLRunner - ERROR - Failed to build CodeQL database for amazon-reviews: NoPythonCodeFoundException: No Python code found in the repository. (logger.py:42)
2025-05-15 01:41:17,466 - CodeQLRunner - ERROR - Failed to build CodeQL database for clusterblack: NoPythonCodeFoundException: No Python code found in the repository. (logger.py:42)
2025-05-15 01:42:01,618 - CodeQLRunner - ERROR - Failed to build CodeQL database for preq: NoPythonCodeFoundException: No Python code found in the repository. (logger.py:42)
2025-05-15 01:58:05,037 - CodeQLRunner - ERROR - Failed to build CodeQL database for agentic-llm-gateway: NoPythonCodeFoundException: No Python code found in the repository. (logger.py:42)
2025-05-15 02:07:48,248 - CodeQLRunner - ERROR - Failed to build CodeQL database for testlibrary133720123: NoPythonCodeFoundException: No Python code found in the repository. (logger.py:42)
2025-05-15 02:18:36,292 - CodeQLRunner - ERROR - Failed to build CodeQL database for pydevpack: NoPythonCodeFoundException: No Python code found in the repository. (logger.py:42)
2025-05-15 02:47:44,784 - CodeQLRunner - ERROR - Failed to build CodeQL database for pyqtpurchasing-qt: NoPythonCodeFoundException: No Python code found in the repository. (logger.py:42)
2025-05-15 02:51:29,729 - CodeQLRunner - ERROR - Failed to build CodeQL database for logfire-evals: NoPythonCodeFoundException: No Python code found in the repository. (logger.py:42)
2025-05-15 02:54:18,766 - CodeQLRunner - ERROR - Failed to build CodeQL database for conversion-units: NoPythonCodeFoundException: No Python code found in the repository. (logger.py:42)
2025-05-15 02:55:33,750 - CodeQLRunner - ERROR - Failed to build CodeQL database for mates: NoPythonCodeFoundException: No Python code found in the repository. (logger.py:42)
2025-05-15 03:19:15,875 - CodeQLRunner - ERROR - Failed to build CodeQL database for asynchronous: NoPythonCodeFoundException: No Python code found in the repository. (logger.py:42)
2025-05-15 03:19:47,104 - CodeQLRunner - ERROR - Failed to build CodeQL database for de-duplication: NoPythonCodeFoundException: No Python code found in the repository. (logger.py:42)
2025-05-15 03:31:44,951 - CodeQLRunner - ERROR - Failed to build CodeQL database for test-pyx-1: NoPythonCodeFoundException: No Python code found in the repository. (logger.py:42)
2025-05-15 03:41:13,806 - CodeQLRunner - ERROR - Failed to build CodeQL database for odoo13-addons-oca-operating-unit: NoPythonCodeFoundException: No Python code found in the repository. (logger.py:42)
2025-05-15 03:45:58,758 - CodeQLRunner - ERROR - Failed to build CodeQL database for cmsgitlogs: NoPythonCodeFoundException: No Python code found in the repository. (logger.py:42)
2025-05-15 03:49:32,498 - CodeQLRunner - ERROR - Failed to build CodeQL database for mx-sdk-erdpy-core: NoPythonCodeFoundException: No Python code found in the repository. (logger.py:42)
2025-05-15 03:53:01,334 - CodeQLRunner - ERROR - Failed to build CodeQL database for jpmedical: NoPythonCodeFoundException: No Python code found in the repository. (logger.py:42)
2025-05-15 03:57:29,743 - CodeQLRunner - ERROR - Failed to build CodeQL database for advsecrets: NoPythonCodeFoundException: No Python code found in the repository. (logger.py:42)
2025-05-15 04:21:09,984 - CodeQLRunner - ERROR - Failed to build CodeQL database for arttracker: NoPythonCodeFoundException: No Python code found in the repository. (logger.py:42)
2025-05-15 04:22:10,461 - CodeQLRunner - ERROR - Failed to build CodeQL database for mycroft-dinkum-listener: NoPythonCodeFoundException: No Python code found in the repository. (logger.py:42)
2025-05-15 04:36:18,487 - CodeQLRunner - ERROR - Failed to build CodeQL database for mutils-kit: NoPythonCodeFoundException: No Python code found in the repository. (logger.py:42)
2025-05-15 04:42:10,415 - CodeQLRunner - ERROR - Failed to build CodeQL database for fernetdecrypt: NoPythonCodeFoundException: No Python code found in the repository. (logger.py:42)
2025-05-15 04:52:27,213 - CodeQLRunner - ERROR - Failed to build CodeQL database for agntcy-pypi-sample: NoPythonCodeFoundException: No Python code found in the repository. (logger.py:42)
2025-05-15 05:05:57,350 - CodeQLRunner - ERROR - Failed to build CodeQL database for smart-factory-faker: NoPythonCodeFoundException: No Python code found in the repository. (logger.py:42)
2025-05-15 05:06:37,624 - CodeQLRunner - ERROR - Failed to build CodeQL database for qz: NoPythonCodeFoundException: No Python code found in the repository. (logger.py:42)
2025-05-15 05:06:48,503 - CodeQLRunner - ERROR - Query timed out for ot-pyld: /home/class-pollution/Desktop/python-class-pollution/codeql-query/class-pollution-all/class-pollution.qls (logger.py:42)
2025-05-15 05:06:50,213 - CodeQLRunner - ERROR - Failed to run query: /home/class-pollution/Desktop/python-class-pollution/codeql-query/class-pollution-all/class-pollution.qls (logger.py:42)
2025-05-15 05:19:00,331 - CodeQLRunner - ERROR - Failed to build CodeQL database for advxml: NoPythonCodeFoundException: No Python code found in the repository. (logger.py:42)
2025-05-15 05:24:26,251 - CodeQLRunner - ERROR - Failed to build CodeQL database for telegrafbot: NoPythonCodeFoundException: No Python code found in the repository. (logger.py:42)
2025-05-15 05:28:48,334 - CodeQLRunner - ERROR - Failed to build CodeQL database for alphaenc: NoPythonCodeFoundException: No Python code found in the repository. (logger.py:42)
2025-05-15 05:39:27,527 - CodeQLRunner - ERROR - Failed to build CodeQL database for odoo14-addons-oca-rma: NoPythonCodeFoundException: No Python code found in the repository. (logger.py:42)
2025-05-15 05:51:06,558 - CodeQLRunner - ERROR - Failed to build CodeQL database for amirtha-project-1: NoPythonCodeFoundException: No Python code found in the repository. (logger.py:42)
2025-05-15 06:08:40,187 - CodeQLRunner - ERROR - Failed to build CodeQL database for apivoice: NoPythonCodeFoundException: No Python code found in the repository. (logger.py:42)
2025-05-15 06:12:32,866 - CodeQLRunner - ERROR - Failed to build CodeQL database for apptify: NoPythonCodeFoundException: No Python code found in the repository. (logger.py:42)
2025-05-15 06:19:20,091 - CodeQLRunner - ERROR - Failed to build CodeQL database for smtpmail: NoPythonCodeFoundException: No Python code found in the repository. (logger.py:42)
2025-05-15 06:25:48,030 - CodeQLRunner - ERROR - Failed to build CodeQL database for coingecko-module: NoPythonCodeFoundException: No Python code found in the repository. (logger.py:42)
2025-05-15 06:53:38,052 - CodeQLRunner - ERROR - Failed to build CodeQL database for odoo12-addons-oca-connector-telephony: NoPythonCodeFoundException: No Python code found in the repository. (logger.py:42)
2025-05-15 07:14:03,431 - CodeQLRunner - ERROR - Failed to build CodeQL database for stefansearch: NoPythonCodeFoundException: No Python code found in the repository. (logger.py:42)
2025-05-15 07:23:12,406 - CodeQLRunner - ERROR - Failed to build CodeQL database for odoo12-addons-oca-knowledge: NoPythonCodeFoundException: No Python code found in the repository. (logger.py:42)
2025-05-15 07:52:59,326 - CodeQLRunner - ERROR - Failed to build CodeQL database for odoo-addons-oca-cooperative: NoPythonCodeFoundException: No Python code found in the repository. (logger.py:42)
2025-05-15 07:56:17,404 - CodeQLRunner - ERROR - Failed to build CodeQL database for fortunes-python: NoPythonCodeFoundException: No Python code found in the repository. (logger.py:42)
2025-05-15 07:56:25,143 - CodeQLRunner - ERROR - Failed to build CodeQL database for pyqt3d-qt: NoPythonCodeFoundException: No Python code found in the repository. (logger.py:42)
2025-05-15 07:57:54,322 - CodeQLRunner - ERROR - Failed to build CodeQL database for chronostime: NoPythonCodeFoundException: No Python code found in the repository. (logger.py:42)
2025-05-15 07:59:09,728 - CodeQLRunner - ERROR - Failed to build CodeQL database for donlabtools: NoPythonCodeFoundException: No Python code found in the repository. (logger.py:42)
2025-05-15 08:11:15,438 - CodeQLRunner - ERROR - Failed to build CodeQL database for python-gsmmodem-weabox: NoPythonCodeFoundException: No Python code found in the repository. (logger.py:42)
2025-05-15 08:11:23,500 - CodeQLRunner - ERROR - Failed to build CodeQL database for odoo11-addons-oca-server-env: NoPythonCodeFoundException: No Python code found in the repository. (logger.py:42)
2025-05-15 08:13:53,093 - CodeQLRunner - ERROR - Failed to build CodeQL database for arnav-101703100-outlier-cmd-101703100: NoPythonCodeFoundException: No Python code found in the repository. (logger.py:42)
2025-05-15 08:28:12,379 - CodeQLRunner - ERROR - Failed to build CodeQL database for topsis-ganesh-mittal-102003702: NoPythonCodeFoundException: No Python code found in the repository. (logger.py:42)
2025-05-15 08:37:20,474 - CodeQLRunner - ERROR - Failed to build CodeQL database for anonftppx: NoPythonCodeFoundException: No Python code found in the repository. (logger.py:42)
2025-05-15 08:54:00,399 - CodeQLRunner - ERROR - Failed to build CodeQL database for py-iec62056: NoPythonCodeFoundException: No Python code found in the repository. (logger.py:42)
2025-05-15 09:06:31,978 - CodeQLRunner - ERROR - Failed to build CodeQL database for pylacoan: NoPythonCodeFoundException: No Python code found in the repository. (logger.py:42)
2025-05-15 09:40:26,084 - CodeQLRunner - ERROR - Failed to build CodeQL database for olles-little-data-and-model-pack: NoPythonCodeFoundException: No Python code found in the repository. (logger.py:42)
2025-05-15 09:40:55,404 - CodeQLRunner - ERROR - Failed to build CodeQL database for luminalog: NoPythonCodeFoundException: No Python code found in the repository. (logger.py:42)
2025-05-15 09:46:06,752 - CodeQLRunner - ERROR - Failed to build CodeQL database for vkyframework: NoPythonCodeFoundException: No Python code found in the repository. (logger.py:42)
2025-05-15 09:58:50,463 - CodeQLRunner - ERROR - Failed to build CodeQL database for pwebarc-dumb-dump-server: NoPythonCodeFoundException: No Python code found in the repository. (logger.py:42)
2025-05-15 10:07:22,234 - CodeQLRunner - ERROR - Failed to build CodeQL database for digyrunner-robotframework: NoPythonCodeFoundException: No Python code found in the repository. (logger.py:42)
2025-05-15 10:18:40,290 - CodeQLRunner - ERROR - Failed to build CodeQL database for pyskytapapi: NoPythonCodeFoundException: No Python code found in the repository. (logger.py:42)
2025-05-15 10:19:43,318 - CodeQLRunner - ERROR - Failed to build CodeQL database for sxip-drivers: NoPythonCodeFoundException: No Python code found in the repository. (logger.py:42)
2025-05-15 10:26:05,650 - CodeQLRunner - ERROR - Failed to build CodeQL database for cs253-demo-pip-abhay: NoPythonCodeFoundException: No Python code found in the repository. (logger.py:42)
2025-05-15 10:27:25,010 - CodeQLRunner - ERROR - Failed to build CodeQL database for email-chunking: NoPythonCodeFoundException: No Python code found in the repository. (logger.py:42)
2025-05-15 10:29:18,532 - CodeQLRunner - ERROR - Failed to build CodeQL database for alvacc: NoPythonCodeFoundException: No Python code found in the repository. (logger.py:42)
2025-05-15 10:47:24,895 - CodeQLRunner - ERROR - Failed to build CodeQL database for advhashing: NoPythonCodeFoundException: No Python code found in the repository. (logger.py:42)
2025-05-15 11:27:09,129 - CodeQLRunner - ERROR - Failed to build CodeQL database for trojclient: NoPythonCodeFoundException: No Python code found in the repository. (logger.py:42)
2025-05-15 11:35:48,969 - CodeQLRunner - ERROR - Failed to build CodeQL database for advjson: NoPythonCodeFoundException: No Python code found in the repository. (logger.py:42)
2025-05-15 11:44:38,747 - CodeQLRunner - ERROR - Failed to build CodeQL database for pywlf: NoPythonCodeFoundException: No Python code found in the repository. (logger.py:42)
2025-05-15 11:46:53,482 - CodeQLRunner - ERROR - Failed to build CodeQL database for gabri432physicslibrary: NoPythonCodeFoundException: No Python code found in the repository. (logger.py:42)
2025-05-15 12:02:45,916 - CodeQLRunner - ERROR - Failed to build CodeQL database for async-chat: NoPythonCodeFoundException: No Python code found in the repository. (logger.py:42)
2025-05-15 12:14:53,483 - CodeQLRunner - ERROR - Failed to build CodeQL database for stankinlogicpy: NoPythonCodeFoundException: No Python code found in the repository. (logger.py:42)
2025-05-15 12:16:02,208 - CodeQLRunner - ERROR - Failed to build CodeQL database for odoo-addons-oca-connector: NoPythonCodeFoundException: No Python code found in the repository. (logger.py:42)
2025-05-15 12:16:10,656 - CodeQLRunner - ERROR - Failed to build CodeQL database for pii: NoPythonCodeFoundException: No Python code found in the repository. (logger.py:42)
2025-05-15 12:31:53,606 - CodeQLRunner - ERROR - Failed to build CodeQL database for hsv-slider: NoPythonCodeFoundException: No Python code found in the repository. (logger.py:42)
2025-05-15 12:42:00,858 - CodeQLRunner - ERROR - Failed to build CodeQL database for odoo-addons-oca-stock-logistics-orderpoint: NoPythonCodeFoundException: No Python code found in the repository. (logger.py:42)
2025-05-15 12:52:25,057 - CodeQLRunner - ERROR - Failed to build CodeQL database for alighttransformer: NoPythonCodeFoundException: No Python code found in the repository. (logger.py:42)
2025-05-15 12:59:54,054 - CodeQLRunner - ERROR - Failed to build CodeQL database for sb412a-1: NoPythonCodeFoundException: No Python code found in the repository. (logger.py:42)
2025-05-15 13:01:17,833 - CodeQLRunner - ERROR - Failed to build CodeQL database for sap-gui-robot-framework: NoPythonCodeFoundException: No Python code found in the repository. (logger.py:42)
2025-05-15 13:09:09,797 - CodeQLRunner - ERROR - Failed to build CodeQL database for mai-utils: NoPythonCodeFoundException: No Python code found in the repository. (logger.py:42)
2025-05-15 13:13:04,879 - CodeQLRunner - ERROR - Failed to build CodeQL database for odoo14-addons-oca-report-print-send: NoPythonCodeFoundException: No Python code found in the repository. (logger.py:42)
2025-05-15 13:32:01,817 - CodeQLRunner - ERROR - Failed to build CodeQL database for neuralnetrag: NoPythonCodeFoundException: No Python code found in the repository. (logger.py:42)
2025-05-15 13:40:39,948 - CodeQLRunner - ERROR - Failed to build CodeQL database for zones: NoPythonCodeFoundException: No Python code found in the repository. (logger.py:42)
2025-05-15 13:57:47,828 - CodeQLRunner - ERROR - Failed to build CodeQL database for chemistry-orm: NoPythonCodeFoundException: No Python code found in the repository. (logger.py:42)
2025-05-15 13:59:02,819 - CodeQLRunner - ERROR - Failed to build CodeQL database for mfperfquery: NoPythonCodeFoundException: No Python code found in the repository. (logger.py:42)
2025-05-15 13:59:10,059 - CodeQLRunner - ERROR - Failed to build CodeQL database for austria: NoPythonCodeFoundException: No Python code found in the repository. (logger.py:42)
2025-05-15 14:02:39,252 - CodeQLRunner - ERROR - Failed to build CodeQL database for 2143134: NoPythonCodeFoundException: No Python code found in the repository. (logger.py:42)
2025-05-15 14:07:51,759 - CodeQLRunner - ERROR - Failed to build CodeQL database for cypher4: NoPythonCodeFoundException: No Python code found in the repository. (logger.py:42)
2025-05-15 14:11:28,776 - CodeQLRunner - ERROR - Failed to build CodeQL database for odoo14-addons-oca-iot: NoPythonCodeFoundException: No Python code found in the repository. (logger.py:42)
2025-05-15 14:40:52,098 - CodeQLRunner - ERROR - Failed to build CodeQL database for duello: NoPythonCodeFoundException: No Python code found in the repository. (logger.py:42)
2025-05-15 14:49:15,272 - CodeQLRunner - ERROR - Failed to build CodeQL database for summy: NoPythonCodeFoundException: No Python code found in the repository. (logger.py:42)
2025-05-15 15:01:30,444 - CodeQLRunner - ERROR - Failed to build CodeQL database for aag: NoPythonCodeFoundException: No Python code found in the repository. (logger.py:42)
2025-05-15 15:14:40,844 - CodeQLRunner - ERROR - Failed to build CodeQL database for checkrepublic: NoPythonCodeFoundException: No Python code found in the repository. (logger.py:42)
2025-05-15 15:23:39,185 - CodeQLRunner - ERROR - Failed to build CodeQL database for dolev-dublon: NoPythonCodeFoundException: No Python code found in the repository. (logger.py:42)
2025-05-15 15:32:56,651 - CodeQLRunner - ERROR - Failed to build CodeQL database for loggertool: NoPythonCodeFoundException: No Python code found in the repository. (logger.py:42)
2025-05-15 15:47:00,858 - CodeQLRunner - ERROR - Query timed out for combinator: /home/class-pollution/Desktop/python-class-pollution/codeql-query/class-pollution-all/class-pollution.qls (logger.py:42)
2025-05-15 15:47:03,060 - CodeQLRunner - ERROR - Failed to run query: /home/class-pollution/Desktop/python-class-pollution/codeql-query/class-pollution-all/class-pollution.qls (logger.py:42)
2025-05-15 15:56:35,617 - CodeQLRunner - ERROR - Failed to build CodeQL database for dpackage: NoPythonCodeFoundException: No Python code found in the repository. (logger.py:42)
2025-05-15 16:21:05,667 - CodeQLRunner - ERROR - Failed to build CodeQL database for karia: NoPythonCodeFoundException: No Python code found in the repository. (logger.py:42)
2025-05-15 17:02:02,719 - CodeQLRunner - ERROR - Failed to build CodeQL database for length-of-body-image: NoPythonCodeFoundException: No Python code found in the repository. (logger.py:42)
2025-05-15 17:23:23,567 - CodeQLRunner - ERROR - Failed to build CodeQL database for advlogs: NoPythonCodeFoundException: No Python code found in the repository. (logger.py:42)
2025-05-15 17:31:29,972 - CodeQLRunner - ERROR - Failed to build CodeQL database for type-gen-dict: NoPythonCodeFoundException: No Python code found in the repository. (logger.py:42)
