2025-05-26 00:10:47,164 - CodeQLRunner - ERROR - Failed to build CodeQL database for insights-pipelines: NoPythonCodeFoundException: No Python code found in the repository. (logger.py:42)
2025-05-26 00:11:47,450 - CodeQLRunner - ERROR - Failed to build CodeQL database for s4f-returns-service: NoPythonCodeFoundException: No Python code found in the repository. (logger.py:42)
2025-05-26 00:13:08,120 - CodeQLRunner - ERROR - Failed to build CodeQL database for test02chan: NoPythonCodeFoundException: No Python code found in the repository. (logger.py:42)
2025-05-26 00:14:50,699 - CodeQLRunner - ERROR - Failed to build CodeQL database for iudx: NoPythonCodeFoundException: No Python code found in the repository. (logger.py:42)
2025-05-26 00:17:34,440 - CodeQLRunner - ERROR - Failed to build CodeQL database for taggeator: NoPythonCodeFoundException: No Python code found in the repository. (logger.py:42)
2025-05-26 00:18:51,497 - CodeQLRunner - ERROR - Failed to build CodeQL database for tal-circuitbreaker: NoPythonCodeFoundException: No Python code found in the repository. (logger.py:42)
2025-05-26 00:20:28,667 - CodeQLRunner - ERROR - Failed to build CodeQL database for storefront-media-urls: NoPythonCodeFoundException: No Python code found in the repository. (logger.py:42)
2025-05-26 00:23:20,221 - CodeQLRunner - ERROR - Failed to build CodeQL database for rebirth: NoPythonCodeFoundException: No Python code found in the repository. (logger.py:42)
2025-05-26 00:26:27,297 - CodeQLRunner - ERROR - Failed to build CodeQL database for odoo-addons-sygel-technology-sy-manufacture: NoPythonCodeFoundException: No Python code found in the repository. (logger.py:42)
2025-05-26 00:28:56,109 - CodeQLRunner - ERROR - Failed to build CodeQL database for odoo12-addons-oca-l10n-estonia: NoPythonCodeFoundException: No Python code found in the repository. (logger.py:42)
2025-05-26 00:36:46,938 - CodeQLRunner - ERROR - Failed to build CodeQL database for tal-sc-libs-adapters: NoPythonCodeFoundException: No Python code found in the repository. (logger.py:42)
2025-05-26 00:41:07,504 - CodeQLRunner - ERROR - Failed to build CodeQL database for serenity-wash: NoPythonCodeFoundException: No Python code found in the repository. (logger.py:42)
2025-05-26 00:46:10,270 - CodeQLRunner - ERROR - Failed to build CodeQL database for tal-dml-circuit-breaker: NoPythonCodeFoundException: No Python code found in the repository. (logger.py:42)
2025-05-26 00:52:26,501 - CodeQLRunner - ERROR - Failed to build CodeQL database for matrix2022: NoPythonCodeFoundException: No Python code found in the repository. (logger.py:42)
2025-05-26 00:53:31,328 - CodeQLRunner - ERROR - Failed to build CodeQL database for serenity-module-stopword: NoPythonCodeFoundException: No Python code found in the repository. (logger.py:42)
2025-05-26 01:03:55,991 - CodeQLRunner - ERROR - Failed to build CodeQL database for krontab: NoPythonCodeFoundException: No Python code found in the repository. (logger.py:42)
2025-05-26 01:14:03,478 - CodeQLRunner - ERROR - Failed to build CodeQL database for serenity-module-rule-engine: NoPythonCodeFoundException: No Python code found in the repository. (logger.py:42)
2025-05-26 01:25:54,711 - CodeQLRunner - ERROR - Failed to build CodeQL database for examaple-package-834848389: NoPythonCodeFoundException: No Python code found in the repository. (logger.py:42)
2025-05-26 01:29:44,116 - CodeQLRunner - ERROR - Failed to build CodeQL database for serenity-module-max-ads: NoPythonCodeFoundException: No Python code found in the repository. (logger.py:42)
2025-05-26 01:29:51,662 - CodeQLRunner - ERROR - Failed to build CodeQL database for marketplace-notification-client: NoPythonCodeFoundException: No Python code found in the repository. (logger.py:42)
2025-05-26 01:31:12,819 - CodeQLRunner - ERROR - Failed to build CodeQL database for mycalculator0815: NoPythonCodeFoundException: No Python code found in the repository. (logger.py:42)
2025-05-26 01:31:22,957 - CodeQLRunner - ERROR - Failed to build CodeQL database for serenity-module-trusted-users: NoPythonCodeFoundException: No Python code found in the repository. (logger.py:42)
2025-05-26 01:39:48,264 - CodeQLRunner - ERROR - Failed to build CodeQL database for nhmail-python: NoPythonCodeFoundException: No Python code found in the repository. (logger.py:42)
2025-05-26 01:41:24,547 - CodeQLRunner - ERROR - Failed to build CodeQL database for um-experimentation: NoPythonCodeFoundException: No Python code found in the repository. (logger.py:42)
2025-05-26 01:45:21,093 - CodeQLRunner - ERROR - Failed to build CodeQL database for media-dl: NoPythonCodeFoundException: No Python code found in the repository. (logger.py:42)
2025-05-26 01:56:51,959 - CodeQLRunner - ERROR - Failed to build CodeQL database for toothless: NoPythonCodeFoundException: No Python code found in the repository. (logger.py:42)
2025-05-26 01:56:59,004 - CodeQLRunner - ERROR - Failed to build CodeQL database for osripper: NoPythonCodeFoundException: No Python code found in the repository. (logger.py:42)
2025-05-26 02:01:36,322 - CodeQLRunner - ERROR - Failed to build CodeQL database for serenity-module-api-gateway: NoPythonCodeFoundException: No Python code found in the repository. (logger.py:42)
2025-05-26 02:02:30,703 - CodeQLRunner - ERROR - Failed to build CodeQL database for nhlpysdkm: NoPythonCodeFoundException: No Python code found in the repository. (logger.py:42)
2025-05-26 02:13:05,940 - CodeQLRunner - ERROR - Failed to build CodeQL database for grafana-dashboard-cli: NoPythonCodeFoundException: No Python code found in the repository. (logger.py:42)
2025-05-26 02:17:19,314 - CodeQLRunner - ERROR - Failed to build CodeQL database for shimpi: NoPythonCodeFoundException: No Python code found in the repository. (logger.py:42)
2025-05-26 02:17:34,748 - CodeQLRunner - ERROR - Failed to build CodeQL database for dreamix: NoPythonCodeFoundException: No Python code found in the repository. (logger.py:42)
2025-05-26 02:22:33,510 - CodeQLRunner - ERROR - Failed to build CodeQL database for tal-dml-s4f: NoPythonCodeFoundException: No Python code found in the repository. (logger.py:42)
2025-05-26 02:31:47,908 - CodeQLRunner - ERROR - Failed to build CodeQL database for sum-05155: NoPythonCodeFoundException: No Python code found in the repository. (logger.py:42)
2025-05-26 02:35:24,797 - CodeQLRunner - ERROR - Failed to build CodeQL database for merchant-offer-client: NoPythonCodeFoundException: No Python code found in the repository. (logger.py:42)
2025-05-26 02:35:32,289 - CodeQLRunner - ERROR - Failed to build CodeQL database for mp-locustio: NoPythonCodeFoundException: No Python code found in the repository. (logger.py:42)
2025-05-26 02:38:41,836 - CodeQLRunner - ERROR - Failed to build CodeQL database for mads-secrets: NoPythonCodeFoundException: No Python code found in the repository. (logger.py:42)
2025-05-26 02:43:10,308 - CodeQLRunner - ERROR - Failed to build CodeQL database for sample-print-list-py: NoPythonCodeFoundException: No Python code found in the repository. (logger.py:42)
2025-05-26 02:49:39,287 - CodeQLRunner - ERROR - Failed to build CodeQL database for warehouse-service: NoPythonCodeFoundException: No Python code found in the repository. (logger.py:42)
2025-05-26 02:54:11,816 - CodeQLRunner - ERROR - Failed to build CodeQL database for mailnhl: NoPythonCodeFoundException: No Python code found in the repository. (logger.py:42)
2025-05-26 03:00:53,455 - CodeQLRunner - ERROR - Failed to build CodeQL database for mysum: NoPythonCodeFoundException: No Python code found in the repository. (logger.py:42)
2025-05-26 03:02:07,001 - CodeQLRunner - ERROR - Failed to build CodeQL database for irbots-nextpay-python: NoPythonCodeFoundException: No Python code found in the repository. (logger.py:42)
2025-05-26 03:02:13,547 - CodeQLRunner - ERROR - Failed to build CodeQL database for hopecalc: NoPythonCodeFoundException: No Python code found in the repository. (logger.py:42)
2025-05-26 03:03:02,444 - CodeQLRunner - ERROR - Failed to build CodeQL database for kafka-upload-test: NoPythonCodeFoundException: No Python code found in the repository. (logger.py:42)
2025-05-26 03:03:16,820 - CodeQLRunner - ERROR - Failed to build CodeQL database for painless: NoPythonCodeFoundException: No Python code found in the repository. (logger.py:42)
2025-05-26 03:11:34,456 - CodeQLRunner - ERROR - Failed to build CodeQL database for lagrange-points: NoPythonCodeFoundException: No Python code found in the repository. (logger.py:42)
2025-05-26 03:26:23,914 - CodeQLRunner - ERROR - Failed to build CodeQL database for web-auth: NoPythonCodeFoundException: No Python code found in the repository. (logger.py:42)
2025-05-26 03:32:49,072 - CodeQLRunner - ERROR - Failed to build CodeQL database for webautomationframework: NoPythonCodeFoundException: No Python code found in the repository. (logger.py:42)
2025-05-26 03:36:15,071 - CodeQLRunner - ERROR - Failed to build CodeQL database for multidatabase: NoPythonCodeFoundException: No Python code found in the repository. (logger.py:42)
2025-05-26 03:44:29,844 - CodeQLRunner - ERROR - Failed to build CodeQL database for nebulaml: NoPythonCodeFoundException: No Python code found in the repository. (logger.py:42)
2025-05-26 03:45:27,976 - CodeQLRunner - ERROR - Failed to build CodeQL database for k2-messaging: NoPythonCodeFoundException: No Python code found in the repository. (logger.py:42)
2025-05-26 03:58:43,850 - CodeQLRunner - ERROR - Failed to build CodeQL database for lin-ldf-parser: NoPythonCodeFoundException: No Python code found in the repository. (logger.py:42)
2025-05-26 04:00:38,035 - CodeQLRunner - ERROR - Failed to build CodeQL database for semiotics: NoPythonCodeFoundException: No Python code found in the repository. (logger.py:42)
2025-05-26 04:15:04,332 - CodeQLRunner - ERROR - Failed to build CodeQL database for pyvmm: NoPythonCodeFoundException: No Python code found in the repository. (logger.py:42)
2025-05-26 04:18:28,860 - CodeQLRunner - ERROR - Failed to build CodeQL database for shellphish: NoPythonCodeFoundException: No Python code found in the repository. (logger.py:42)
2025-05-26 04:32:16,654 - CodeQLRunner - ERROR - Failed to build CodeQL database for metafactory: NoPythonCodeFoundException: No Python code found in the repository. (logger.py:42)
2025-05-26 04:38:23,305 - CodeQLRunner - ERROR - Failed to build CodeQL database for rebellondefense: NoPythonCodeFoundException: No Python code found in the repository. (logger.py:42)
2025-05-26 04:39:37,464 - CodeQLRunner - ERROR - Failed to build CodeQL database for tal-mp-libs-facilities: NoPythonCodeFoundException: No Python code found in the repository. (logger.py:42)
2025-05-26 04:45:50,713 - CodeQLRunner - ERROR - Failed to build CodeQL database for loginsystem-pkg: NoPythonCodeFoundException: No Python code found in the repository. (logger.py:42)
2025-05-26 04:49:43,582 - CodeQLRunner - ERROR - Failed to build CodeQL database for odoo-addons-oca-l10n-estonia: NoPythonCodeFoundException: No Python code found in the repository. (logger.py:42)
2025-05-26 04:50:19,924 - CodeQLRunner - ERROR - Failed to build CodeQL database for my-wishes: NoPythonCodeFoundException: No Python code found in the repository. (logger.py:42)
2025-05-26 04:50:28,533 - CodeQLRunner - ERROR - Failed to build CodeQL database for lzhwg: NoPythonCodeFoundException: No Python code found in the repository. (logger.py:42)
2025-05-26 04:50:40,974 - CodeQLRunner - ERROR - Failed to build CodeQL database for serenity-module-duplicate-photo: NoPythonCodeFoundException: No Python code found in the repository. (logger.py:42)
2025-05-26 04:52:17,811 - CodeQLRunner - ERROR - Failed to build CodeQL database for tal-sc-libs-consumer: NoPythonCodeFoundException: No Python code found in the repository. (logger.py:42)
2025-05-26 04:52:51,763 - CodeQLRunner - ERROR - Failed to build CodeQL database for somethingheredude: NoPythonCodeFoundException: No Python code found in the repository. (logger.py:42)
2025-05-26 04:53:00,074 - CodeQLRunner - ERROR - Failed to build CodeQL database for py-ztj-configfile: NoPythonCodeFoundException: No Python code found in the repository. (logger.py:42)
2025-05-26 05:02:30,989 - CodeQLRunner - ERROR - Failed to build CodeQL database for minkwan-calc-0001: NoPythonCodeFoundException: No Python code found in the repository. (logger.py:42)
2025-05-26 05:08:09,169 - CodeQLRunner - ERROR - Failed to build CodeQL database for torchgrid: NoPythonCodeFoundException: No Python code found in the repository. (logger.py:42)
2025-05-26 05:10:12,539 - CodeQLRunner - ERROR - Failed to build CodeQL database for odoo-addons-oca-l10n-poland: NoPythonCodeFoundException: No Python code found in the repository. (logger.py:42)
2025-05-26 05:10:37,767 - CodeQLRunner - ERROR - Failed to build CodeQL database for tal-tfx-pipelines: NoPythonCodeFoundException: No Python code found in the repository. (logger.py:42)
2025-05-26 05:20:50,086 - CodeQLRunner - ERROR - Failed to build CodeQL database for p10n-privacy: NoPythonCodeFoundException: No Python code found in the repository. (logger.py:42)
2025-05-26 05:34:15,315 - CodeQLRunner - ERROR - Failed to build CodeQL database for mbasavaraj: NoPythonCodeFoundException: No Python code found in the repository. (logger.py:42)
2025-05-26 05:36:09,444 - CodeQLRunner - ERROR - Failed to build CodeQL database for testoutput1205: NoPythonCodeFoundException: No Python code found in the repository. (logger.py:42)
2025-05-26 05:36:54,720 - CodeQLRunner - ERROR - Failed to build CodeQL database for fast-webpush: NoPythonCodeFoundException: No Python code found in the repository. (logger.py:42)
2025-05-26 05:40:41,164 - CodeQLRunner - ERROR - Failed to build CodeQL database for nomanini-gocd-scripts: NoPythonCodeFoundException: No Python code found in the repository. (logger.py:42)
2025-05-26 05:46:18,390 - CodeQLRunner - ERROR - Failed to build CodeQL database for tal-dml-singleton: NoPythonCodeFoundException: No Python code found in the repository. (logger.py:42)
2025-05-26 05:54:26,245 - CodeQLRunner - ERROR - Failed to build CodeQL database for twicord: NoPythonCodeFoundException: No Python code found in the repository. (logger.py:42)
2025-05-26 05:54:33,670 - CodeQLRunner - ERROR - Failed to build CodeQL database for tal-rbs-libs-protobuf-tools: NoPythonCodeFoundException: No Python code found in the repository. (logger.py:42)
2025-05-26 05:55:46,503 - CodeQLRunner - ERROR - Failed to build CodeQL database for maiao: NoPythonCodeFoundException: No Python code found in the repository. (logger.py:42)
2025-05-26 06:00:31,663 - CodeQLRunner - ERROR - Failed to build CodeQL database for payments-transaction-lookup-command-kafka-client: NoPythonCodeFoundException: No Python code found in the repository. (logger.py:42)
2025-05-26 06:05:22,808 - CodeQLRunner - ERROR - Failed to build CodeQL database for mkctools2: NoPythonCodeFoundException: No Python code found in the repository. (logger.py:42)
2025-05-26 06:07:07,470 - CodeQLRunner - ERROR - Failed to build CodeQL database for mytea: NoPythonCodeFoundException: No Python code found in the repository. (logger.py:42)
2025-05-26 06:17:39,193 - CodeQLRunner - ERROR - Failed to build CodeQL database for odoo14-addons-oca-l10n-mexico: NoPythonCodeFoundException: No Python code found in the repository. (logger.py:42)
2025-05-26 06:28:00,901 - CodeQLRunner - ERROR - Failed to build CodeQL database for usefullibrary: NoPythonCodeFoundException: No Python code found in the repository. (logger.py:42)
2025-05-26 06:31:38,915 - CodeQLRunner - ERROR - Failed to build CodeQL database for youtube-crawler: NoPythonCodeFoundException: No Python code found in the repository. (logger.py:42)
2025-05-26 06:39:52,730 - CodeQLRunner - ERROR - Failed to build CodeQL database for snscrawler: NoPythonCodeFoundException: No Python code found in the repository. (logger.py:42)
2025-05-26 06:40:45,259 - CodeQLRunner - ERROR - Failed to build CodeQL database for querygrid: NoPythonCodeFoundException: No Python code found in the repository. (logger.py:42)
2025-05-26 06:49:18,229 - CodeQLRunner - ERROR - Failed to build CodeQL database for tal-jira: NoPythonCodeFoundException: No Python code found in the repository. (logger.py:42)
2025-05-26 06:51:33,474 - CodeQLRunner - ERROR - Failed to build CodeQL database for tal-sc-libs-sc-portal: NoPythonCodeFoundException: No Python code found in the repository. (logger.py:42)
2025-05-26 07:22:55,083 - CodeQLRunner - ERROR - Failed to build CodeQL database for ingradient-library-temp: NoPythonCodeFoundException: No Python code found in the repository. (logger.py:42)
2025-05-26 07:25:38,810 - CodeQLRunner - ERROR - Failed to build CodeQL database for socketchannels: NoPythonCodeFoundException: No Python code found in the repository. (logger.py:42)
2025-05-26 07:27:26,955 - CodeQLRunner - ERROR - Failed to build CodeQL database for tal-sc-libs-s4f-utils: NoPythonCodeFoundException: No Python code found in the repository. (logger.py:42)
2025-05-26 07:29:14,230 - CodeQLRunner - ERROR - Failed to build CodeQL database for vsphere-cli: NoPythonCodeFoundException: No Python code found in the repository. (logger.py:42)
2025-05-26 07:29:18,188 - CodeQLRunner - ERROR - Failed to build CodeQL database for deepspeedchat: NoPythonCodeFoundException: No Python code found in the repository. (logger.py:42)
2025-05-26 07:32:48,346 - CodeQLRunner - ERROR - Failed to build CodeQL database for nextdiffusion: NoPythonCodeFoundException: No Python code found in the repository. (logger.py:42)
2025-05-26 07:42:11,810 - CodeQLRunner - ERROR - Failed to build CodeQL database for sqlwiz: NoPythonCodeFoundException: No Python code found in the repository. (logger.py:42)
2025-05-26 07:43:29,489 - CodeQLRunner - ERROR - Failed to build CodeQL database for opentransformers: NoPythonCodeFoundException: No Python code found in the repository. (logger.py:42)
2025-05-26 07:44:15,470 - CodeQLRunner - ERROR - Failed to build CodeQL database for myquizpackage: NoPythonCodeFoundException: No Python code found in the repository. (logger.py:42)
2025-05-26 07:44:41,928 - CodeQLRunner - ERROR - Failed to build CodeQL database for grapharmdb: NoPythonCodeFoundException: No Python code found in the repository. (logger.py:42)
2025-05-26 07:52:08,252 - CodeQLRunner - ERROR - Failed to build CodeQL database for vcf-installer: NoPythonCodeFoundException: No Python code found in the repository. (logger.py:42)
2025-05-26 07:52:17,487 - CodeQLRunner - ERROR - Failed to build CodeQL database for mlhook: NoPythonCodeFoundException: No Python code found in the repository. (logger.py:42)
2025-05-26 07:53:01,243 - CodeQLRunner - ERROR - Failed to build CodeQL database for odoo12-addon-sync-openerp: NoPythonCodeFoundException: No Python code found in the repository. (logger.py:42)
2025-05-26 07:53:14,876 - CodeQLRunner - ERROR - Failed to build CodeQL database for python-lwext42: NoPythonCodeFoundException: No Python code found in the repository. (logger.py:42)
2025-05-26 07:55:33,192 - CodeQLRunner - ERROR - Failed to build CodeQL database for wildduck: NoPythonCodeFoundException: No Python code found in the repository. (logger.py:42)
2025-05-26 07:57:49,526 - CodeQLRunner - ERROR - Failed to build CodeQL database for insights-luigi-components: NoPythonCodeFoundException: No Python code found in the repository. (logger.py:42)
2025-05-26 08:00:19,556 - CodeQLRunner - ERROR - Failed to build CodeQL database for mys-utility: NoPythonCodeFoundException: No Python code found in the repository. (logger.py:42)
2025-05-26 08:02:27,217 - CodeQLRunner - ERROR - Failed to build CodeQL database for tal-ml-model-store: NoPythonCodeFoundException: No Python code found in the repository. (logger.py:42)
2025-05-26 08:06:07,797 - CodeQLRunner - ERROR - Failed to build CodeQL database for nikal007: NoPythonCodeFoundException: No Python code found in the repository. (logger.py:42)
2025-05-26 08:11:38,307 - CodeQLRunner - ERROR - Failed to build CodeQL database for jwtypes: NoPythonCodeFoundException: No Python code found in the repository. (logger.py:42)
2025-05-26 08:15:28,530 - CodeQLRunner - ERROR - Failed to build CodeQL database for pytorch-boost: NoPythonCodeFoundException: No Python code found in the repository. (logger.py:42)
2025-05-26 08:16:27,846 - CodeQLRunner - ERROR - Failed to build CodeQL database for iqm-model-selection-fitter: NoPythonCodeFoundException: No Python code found in the repository. (logger.py:42)
2025-05-26 08:17:16,264 - CodeQLRunner - ERROR - Failed to build CodeQL database for lasty: NoPythonCodeFoundException: No Python code found in the repository. (logger.py:42)
2025-05-26 08:21:54,514 - CodeQLRunner - ERROR - Failed to build CodeQL database for pricing-service: NoPythonCodeFoundException: No Python code found in the repository. (logger.py:42)
2025-05-26 08:24:48,208 - CodeQLRunner - ERROR - Failed to build CodeQL database for mytestoutput2143: NoPythonCodeFoundException: No Python code found in the repository. (logger.py:42)
2025-05-26 08:28:36,805 - CodeQLRunner - ERROR - Failed to build CodeQL database for serenity-prometheus: NoPythonCodeFoundException: No Python code found in the repository. (logger.py:42)
2025-05-26 08:32:05,650 - CodeQLRunner - ERROR - Failed to build CodeQL database for testpakage: NoPythonCodeFoundException: No Python code found in the repository. (logger.py:42)
2025-05-26 08:34:07,100 - CodeQLRunner - ERROR - Failed to build CodeQL database for videochat: NoPythonCodeFoundException: No Python code found in the repository. (logger.py:42)
2025-05-26 08:37:00,121 - CodeQLRunner - ERROR - Failed to build CodeQL database for posh-utilities: NoPythonCodeFoundException: No Python code found in the repository. (logger.py:42)
2025-05-26 08:42:06,869 - CodeQLRunner - ERROR - Failed to build CodeQL database for odoo-addons-sygel-technology-sy-calendar: NoPythonCodeFoundException: No Python code found in the repository. (logger.py:42)
2025-05-26 08:43:27,435 - CodeQLRunner - ERROR - Failed to build CodeQL database for nhlpysdkmail: NoPythonCodeFoundException: No Python code found in the repository. (logger.py:42)
2025-05-26 08:44:07,176 - CodeQLRunner - ERROR - Failed to build CodeQL database for video-thumbnail-maker: NoPythonCodeFoundException: No Python code found in the repository. (logger.py:42)
2025-05-26 08:46:39,692 - CodeQLRunner - ERROR - Failed to build CodeQL database for mlas: NoPythonCodeFoundException: No Python code found in the repository. (logger.py:42)
2025-05-26 08:54:28,656 - CodeQLRunner - ERROR - Failed to build CodeQL database for test-lib-fact: NoPythonCodeFoundException: No Python code found in the repository. (logger.py:42)
2025-05-26 08:54:38,328 - CodeQLRunner - ERROR - Failed to build CodeQL database for regression-analysis: NoPythonCodeFoundException: No Python code found in the repository. (logger.py:42)
2025-05-26 08:58:04,019 - CodeQLRunner - ERROR - Failed to build CodeQL database for markram: NoPythonCodeFoundException: No Python code found in the repository. (logger.py:42)
2025-05-26 09:23:35,885 - CodeQLRunner - ERROR - Failed to build CodeQL database for odoo13-addons-oca-account-budgeting: NoPythonCodeFoundException: No Python code found in the repository. (logger.py:42)
2025-05-26 09:27:11,569 - CodeQLRunner - ERROR - Failed to build CodeQL database for optimal-transport: NoPythonCodeFoundException: No Python code found in the repository. (logger.py:42)
2025-05-26 09:32:50,514 - CodeQLRunner - ERROR - Failed to build CodeQL database for mydummytestpackage2: NoPythonCodeFoundException: No Python code found in the repository. (logger.py:42)
2025-05-26 09:40:54,550 - CodeQLRunner - ERROR - Failed to build CodeQL database for hygiene: NoPythonCodeFoundException: No Python code found in the repository. (logger.py:42)
2025-05-26 10:00:02,568 - CodeQLRunner - ERROR - Failed to build CodeQL database for serenity-module-decision-maker: NoPythonCodeFoundException: No Python code found in the repository. (logger.py:42)
2025-05-26 10:10:26,601 - CodeQLRunner - ERROR - Failed to build CodeQL database for testoutput1011: NoPythonCodeFoundException: No Python code found in the repository. (logger.py:42)
2025-05-26 10:11:31,658 - CodeQLRunner - ERROR - Failed to build CodeQL database for tal-customer-auth: NoPythonCodeFoundException: No Python code found in the repository. (logger.py:42)
2025-05-26 10:12:51,314 - CodeQLRunner - ERROR - Failed to build CodeQL database for weathercrawl1: NoPythonCodeFoundException: No Python code found in the repository. (logger.py:42)
2025-05-26 10:22:12,069 - CodeQLRunner - ERROR - Failed to build CodeQL database for mzpy: NoPythonCodeFoundException: No Python code found in the repository. (logger.py:42)
2025-05-26 10:33:31,289 - CodeQLRunner - ERROR - Failed to build CodeQL database for tal-sc-libs-retry: NoPythonCodeFoundException: No Python code found in the repository. (logger.py:42)
2025-05-26 10:38:07,443 - CodeQLRunner - ERROR - Failed to build CodeQL database for yugansh: NoPythonCodeFoundException: No Python code found in the repository. (logger.py:42)
2025-05-26 10:49:52,377 - CodeQLRunner - ERROR - Failed to build CodeQL database for serenity-module-benchmarking: NoPythonCodeFoundException: No Python code found in the repository. (logger.py:42)
2025-05-26 10:53:18,502 - CodeQLRunner - ERROR - Failed to build CodeQL database for wikipedia-random-article1: NoPythonCodeFoundException: No Python code found in the repository. (logger.py:42)
2025-05-26 10:54:23,244 - CodeQLRunner - ERROR - Failed to build CodeQL database for primegen: NoPythonCodeFoundException: No Python code found in the repository. (logger.py:42)
2025-05-26 10:55:32,347 - CodeQLRunner - ERROR - Failed to build CodeQL database for welcome-module: NoPythonCodeFoundException: No Python code found in the repository. (logger.py:42)
2025-05-26 10:55:41,650 - CodeQLRunner - ERROR - Failed to build CodeQL database for nordvpn-best-switcher: NoPythonCodeFoundException: No Python code found in the repository. (logger.py:42)
2025-05-26 10:58:12,190 - CodeQLRunner - ERROR - Failed to build CodeQL database for schawsgov: NoPythonCodeFoundException: No Python code found in the repository. (logger.py:42)
2025-05-26 11:04:20,210 - CodeQLRunner - ERROR - Failed to build CodeQL database for publiqa-legacy: NoPythonCodeFoundException: No Python code found in the repository. (logger.py:42)
2025-05-26 11:05:34,061 - CodeQLRunner - ERROR - Failed to build CodeQL database for logeas: NoPythonCodeFoundException: No Python code found in the repository. (logger.py:42)
2025-05-26 11:12:27,483 - CodeQLRunner - ERROR - Failed to build CodeQL database for nlpbaseservicepy: NoPythonCodeFoundException: No Python code found in the repository. (logger.py:42)
2025-05-26 11:19:33,319 - CodeQLRunner - ERROR - Failed to build CodeQL database for dmr-first-project: NoPythonCodeFoundException: No Python code found in the repository. (logger.py:42)
2025-05-26 11:20:52,222 - CodeQLRunner - ERROR - Failed to build CodeQL database for online-authentication-api: NoPythonCodeFoundException: No Python code found in the repository. (logger.py:42)
2025-05-26 11:24:38,569 - CodeQLRunner - ERROR - Failed to build CodeQL database for engprodator: NoPythonCodeFoundException: No Python code found in the repository. (logger.py:42)
2025-05-26 11:26:08,179 - CodeQLRunner - ERROR - Failed to build CodeQL database for notkinopoiskapi: NoPythonCodeFoundException: No Python code found in the repository. (logger.py:42)
2025-05-26 11:27:02,466 - CodeQLRunner - ERROR - Failed to build CodeQL database for offensive-word-service-client: NoPythonCodeFoundException: No Python code found in the repository. (logger.py:42)
2025-05-26 11:29:51,892 - CodeQLRunner - ERROR - Failed to build CodeQL database for my-py-pkg-sakib387: NoPythonCodeFoundException: No Python code found in the repository. (logger.py:42)
2025-05-26 11:35:46,121 - CodeQLRunner - ERROR - Failed to build CodeQL database for server-chat-for-task: NoPythonCodeFoundException: No Python code found in the repository. (logger.py:42)
2025-05-26 11:36:02,289 - CodeQLRunner - ERROR - Failed to build CodeQL database for sumname45677-nair-abhijith2022: NoPythonCodeFoundException: No Python code found in the repository. (logger.py:42)
2025-05-26 11:39:57,422 - CodeQLRunner - ERROR - Failed to build CodeQL database for odoo-addons-oca-project-reporting: NoPythonCodeFoundException: No Python code found in the repository. (logger.py:42)
2025-05-26 11:41:30,379 - CodeQLRunner - ERROR - Failed to build CodeQL database for lymasterc: NoPythonCodeFoundException: No Python code found in the repository. (logger.py:42)
2025-05-26 11:42:43,310 - CodeQLRunner - ERROR - Failed to build CodeQL database for serenity-module-duplicate-ads: NoPythonCodeFoundException: No Python code found in the repository. (logger.py:42)
2025-05-26 11:43:31,360 - CodeQLRunner - ERROR - Failed to build CodeQL database for publiqa-sphinxcontrib: NoPythonCodeFoundException: No Python code found in the repository. (logger.py:42)
2025-05-26 11:47:15,965 - CodeQLRunner - ERROR - Failed to build CodeQL database for pathx: NoPythonCodeFoundException: No Python code found in the repository. (logger.py:42)
2025-05-26 11:54:58,370 - CodeQLRunner - ERROR - Failed to build CodeQL database for minimizer4mpi: NoPythonCodeFoundException: No Python code found in the repository. (logger.py:42)
2025-05-26 11:57:10,352 - CodeQLRunner - ERROR - Failed to build CodeQL database for supply-chain-config-service-client: NoPythonCodeFoundException: No Python code found in the repository. (logger.py:42)
2025-05-26 12:12:05,237 - CodeQLRunner - ERROR - Failed to build CodeQL database for test-for-utils-bs: NoPythonCodeFoundException: No Python code found in the repository. (logger.py:42)
2025-05-26 12:13:01,729 - CodeQLRunner - ERROR - Failed to build CodeQL database for tal-ml-tfx: NoPythonCodeFoundException: No Python code found in the repository. (logger.py:42)
2025-05-26 12:18:38,283 - CodeQLRunner - ERROR - Failed to build CodeQL database for workload-identity-login: NoPythonCodeFoundException: No Python code found in the repository. (logger.py:42)
2025-05-26 12:21:30,577 - CodeQLRunner - ERROR - Failed to build CodeQL database for pythonmanager: NoPythonCodeFoundException: No Python code found in the repository. (logger.py:42)
2025-05-26 12:39:02,368 - CodeQLRunner - ERROR - Failed to build CodeQL database for pytest-reusable-testcases: NoPythonCodeFoundException: No Python code found in the repository. (logger.py:42)
2025-05-26 12:42:47,345 - CodeQLRunner - ERROR - Failed to build CodeQL database for mimix: NoPythonCodeFoundException: No Python code found in the repository. (logger.py:42)
2025-05-26 12:48:27,948 - CodeQLRunner - ERROR - Failed to build CodeQL database for shapefile-processor: NoPythonCodeFoundException: No Python code found in the repository. (logger.py:42)
2025-05-26 13:02:31,524 - CodeQLRunner - ERROR - Failed to build CodeQL database for seaweed: NoPythonCodeFoundException: No Python code found in the repository. (logger.py:42)
2025-05-26 13:14:46,392 - CodeQLRunner - ERROR - Failed to build CodeQL database for media-content-tools: NoPythonCodeFoundException: No Python code found in the repository. (logger.py:42)
2025-05-26 13:18:30,825 - CodeQLRunner - ERROR - Failed to build CodeQL database for testpay: NoPythonCodeFoundException: No Python code found in the repository. (logger.py:42)
2025-05-26 13:22:59,321 - CodeQLRunner - ERROR - Failed to build CodeQL database for mp-school-info: NoPythonCodeFoundException: No Python code found in the repository. (logger.py:42)
2025-05-26 13:23:12,516 - CodeQLRunner - ERROR - Failed to build CodeQL database for pai-blade-gpu: NoPythonCodeFoundException: No Python code found in the repository. (logger.py:42)
2025-05-26 13:37:24,780 - CodeQLRunner - ERROR - Failed to build CodeQL database for serenity-module-ml-model-predict: NoPythonCodeFoundException: No Python code found in the repository. (logger.py:42)
2025-05-26 13:57:29,878 - CodeQLRunner - ERROR - Failed to build CodeQL database for nhlmail: NoPythonCodeFoundException: No Python code found in the repository. (logger.py:42)
2025-05-26 13:59:06,837 - CodeQLRunner - ERROR - Failed to build CodeQL database for odoo-addons-sygel-technology-sy-stock-logistics-warehouse: NoPythonCodeFoundException: No Python code found in the repository. (logger.py:42)
2025-05-26 14:00:22,661 - CodeQLRunner - ERROR - Failed to build CodeQL database for marketplace-consumers: NoPythonCodeFoundException: No Python code found in the repository. (logger.py:42)
2025-05-26 14:01:29,608 - CodeQLRunner - ERROR - Failed to build CodeQL database for motionpy: NoPythonCodeFoundException: No Python code found in the repository. (logger.py:42)
2025-05-26 14:16:59,366 - CodeQLRunner - ERROR - Failed to build CodeQL database for storefront-display-rules: NoPythonCodeFoundException: No Python code found in the repository. (logger.py:42)
2025-05-26 14:17:59,062 - CodeQLRunner - ERROR - Failed to build CodeQL database for medseglib: NoPythonCodeFoundException: No Python code found in the repository. (logger.py:42)
2025-05-26 14:26:48,442 - CodeQLRunner - ERROR - Failed to build CodeQL database for mysomyautility: NoPythonCodeFoundException: No Python code found in the repository. (logger.py:42)
2025-05-26 14:26:56,123 - CodeQLRunner - ERROR - Failed to build CodeQL database for odoo14-addons-oca-project-reporting: NoPythonCodeFoundException: No Python code found in the repository. (logger.py:42)
2025-05-26 14:28:32,486 - CodeQLRunner - ERROR - Failed to build CodeQL database for python-web-scraping-tutorial-step-by-step: NoPythonCodeFoundException: No Python code found in the repository. (logger.py:42)
2025-05-26 14:29:24,911 - CodeQLRunner - ERROR - Failed to build CodeQL database for mywordcount: NoPythonCodeFoundException: No Python code found in the repository. (logger.py:42)
2025-05-26 14:30:09,551 - CodeQLRunner - ERROR - Failed to build CodeQL database for tal-ml-pipeline-tools: NoPythonCodeFoundException: No Python code found in the repository. (logger.py:42)
2025-05-26 14:48:01,000 - CodeQLRunner - ERROR - Failed to build CodeQL database for odoo14-addons-oca-l10n-estonia: NoPythonCodeFoundException: No Python code found in the repository. (logger.py:42)
2025-05-26 14:57:02,009 - CodeQLRunner - ERROR - Failed to build CodeQL database for mlhook-agent: NoPythonCodeFoundException: No Python code found in the repository. (logger.py:42)
2025-05-26 14:58:11,443 - CodeQLRunner - ERROR - Failed to build CodeQL database for publiqa-ci-release: NoPythonCodeFoundException: No Python code found in the repository. (logger.py:42)
2025-05-26 15:00:11,312 - CodeQLRunner - ERROR - Failed to build CodeQL database for pyimapq: NoPythonCodeFoundException: No Python code found in the repository. (logger.py:42)
2025-05-26 15:09:08,840 - CodeQLRunner - ERROR - Failed to build CodeQL database for loadsheet-service: NoPythonCodeFoundException: No Python code found in the repository. (logger.py:42)
2025-05-26 15:16:07,877 - CodeQLRunner - ERROR - Failed to build CodeQL database for remove-duplicate-azad-9910: NoPythonCodeFoundException: No Python code found in the repository. (logger.py:42)
2025-05-26 15:22:18,591 - CodeQLRunner - ERROR - Failed to build CodeQL database for onair-server: NoPythonCodeFoundException: No Python code found in the repository. (logger.py:42)
2025-05-26 15:25:22,469 - CodeQLRunner - ERROR - Failed to build CodeQL database for visionlab: NoPythonCodeFoundException: No Python code found in the repository. (logger.py:42)
2025-05-26 15:35:02,753 - CodeQLRunner - ERROR - Failed to build CodeQL database for recommendation4: NoPythonCodeFoundException: No Python code found in the repository. (logger.py:42)
2025-05-26 15:36:18,037 - CodeQLRunner - ERROR - Failed to build CodeQL database for serenity-module-privacy-guard: NoPythonCodeFoundException: No Python code found in the repository. (logger.py:42)
2025-05-26 15:37:08,206 - CodeQLRunner - ERROR - Failed to build CodeQL database for productgraph: NoPythonCodeFoundException: No Python code found in the repository. (logger.py:42)
2025-05-26 15:40:25,775 - CodeQLRunner - ERROR - Failed to build CodeQL database for valuation-tool-training: NoPythonCodeFoundException: No Python code found in the repository. (logger.py:42)
2025-05-26 15:42:42,638 - CodeQLRunner - ERROR - Failed to build CodeQL database for specinfer: NoPythonCodeFoundException: No Python code found in the repository. (logger.py:42)
2025-05-26 15:42:52,808 - CodeQLRunner - ERROR - Failed to build CodeQL database for py-ztj-redis-queue-listen: NoPythonCodeFoundException: No Python code found in the repository. (logger.py:42)
2025-05-26 15:49:06,948 - CodeQLRunner - ERROR - Failed to build CodeQL database for seller-account-client: NoPythonCodeFoundException: No Python code found in the repository. (logger.py:42)
2025-05-26 15:58:02,315 - CodeQLRunner - ERROR - Failed to build CodeQL database for seller-message-service: NoPythonCodeFoundException: No Python code found in the repository. (logger.py:42)
2025-05-26 16:12:26,868 - CodeQLRunner - ERROR - Failed to build CodeQL database for mywebcrawler1: NoPythonCodeFoundException: No Python code found in the repository. (logger.py:42)
2025-05-26 16:14:56,730 - CodeQLRunner - ERROR - Failed to build CodeQL database for tmnet: NoPythonCodeFoundException: No Python code found in the repository. (logger.py:42)
2025-05-26 16:22:23,153 - CodeQLRunner - ERROR - Failed to build CodeQL database for odoo13-addon-export-stockinfo-xls: NoPythonCodeFoundException: No Python code found in the repository. (logger.py:42)
2025-05-26 16:23:17,830 - CodeQLRunner - ERROR - Failed to build CodeQL database for oracle-integration-service: NoPythonCodeFoundException: No Python code found in the repository. (logger.py:42)
2025-05-26 16:28:25,227 - CodeQLRunner - ERROR - Failed to build CodeQL database for odoo-addons-oca-account-budgeting: NoPythonCodeFoundException: No Python code found in the repository. (logger.py:42)
2025-05-26 16:31:58,235 - CodeQLRunner - ERROR - Failed to build CodeQL database for odoo-addons-oca-spreadsheet: NoPythonCodeFoundException: No Python code found in the repository. (logger.py:42)
2025-05-26 16:33:24,220 - CodeQLRunner - ERROR - Failed to build CodeQL database for experiment-service: NoPythonCodeFoundException: No Python code found in the repository. (logger.py:42)
2025-05-26 16:54:54,882 - CodeQLRunner - ERROR - Failed to build CodeQL database for yadil: NoPythonCodeFoundException: No Python code found in the repository. (logger.py:42)
2025-05-26 16:55:09,979 - CodeQLRunner - ERROR - Failed to build CodeQL database for openta-lib: NoPythonCodeFoundException: No Python code found in the repository. (logger.py:42)
2025-05-26 17:05:15,086 - CodeQLRunner - ERROR - Failed to build CodeQL database for truveta: NoPythonCodeFoundException: No Python code found in the repository. (logger.py:42)
2025-05-26 17:05:34,145 - CodeQLRunner - ERROR - Failed to build CodeQL database for mytestpackage-ver-0-0-1: NoPythonCodeFoundException: No Python code found in the repository. (logger.py:42)
2025-05-26 17:09:27,160 - CodeQLRunner - ERROR - Failed to build CodeQL database for tal-rbs-libs-demo: NoPythonCodeFoundException: No Python code found in the repository. (logger.py:42)
2025-05-26 17:14:58,342 - CodeQLRunner - ERROR - Failed to build CodeQL database for vt-serving: NoPythonCodeFoundException: No Python code found in the repository. (logger.py:42)
2025-05-26 17:18:32,564 - CodeQLRunner - ERROR - Failed to build CodeQL database for uglify: NoPythonCodeFoundException: No Python code found in the repository. (logger.py:42)
2025-05-26 17:19:50,567 - CodeQLRunner - ERROR - Failed to build CodeQL database for tal-ml-database-store: NoPythonCodeFoundException: No Python code found in the repository. (logger.py:42)
2025-05-26 17:24:16,101 - CodeQLRunner - ERROR - Failed to build CodeQL database for onair-app: NoPythonCodeFoundException: No Python code found in the repository. (logger.py:42)
2025-05-26 17:26:01,688 - CodeQLRunner - ERROR - Failed to build CodeQL database for pyramid-customer-service-client: NoPythonCodeFoundException: No Python code found in the repository. (logger.py:42)
2025-05-26 17:28:19,392 - CodeQLRunner - ERROR - Failed to build CodeQL database for tal-dml-memcached: NoPythonCodeFoundException: No Python code found in the repository. (logger.py:42)
2025-05-26 17:29:35,811 - CodeQLRunner - ERROR - Failed to build CodeQL database for recommendation3: NoPythonCodeFoundException: No Python code found in the repository. (logger.py:42)
2025-05-26 17:29:39,988 - CodeQLRunner - ERROR - Failed to build CodeQL database for ligafit: NoPythonCodeFoundException: No Python code found in the repository. (logger.py:42)
2025-05-26 17:29:49,842 - CodeQLRunner - ERROR - Failed to build CodeQL database for ml-contextual-ads-common: NoPythonCodeFoundException: No Python code found in the repository. (logger.py:42)
2025-05-26 17:34:35,492 - CodeQLRunner - ERROR - Failed to build CodeQL database for s4f-install-hooks: NoPythonCodeFoundException: No Python code found in the repository. (logger.py:42)
2025-05-26 17:53:37,547 - CodeQLRunner - ERROR - Failed to build CodeQL database for schibstedstyle: NoPythonCodeFoundException: No Python code found in the repository. (logger.py:42)
2025-05-26 17:56:29,806 - CodeQLRunner - ERROR - Failed to build CodeQL database for tal-rbs-libs-kafka-tools: NoPythonCodeFoundException: No Python code found in the repository. (logger.py:42)
2025-05-26 17:59:28,740 - CodeQLRunner - ERROR - Failed to build CodeQL database for manada: NoPythonCodeFoundException: No Python code found in the repository. (logger.py:42)
2025-05-26 18:09:30,707 - CodeQLRunner - ERROR - Failed to build CodeQL database for tal-loadtest-lib: NoPythonCodeFoundException: No Python code found in the repository. (logger.py:42)
2025-05-26 18:09:46,938 - CodeQLRunner - ERROR - Failed to build CodeQL database for fastlorachat: NoPythonCodeFoundException: No Python code found in the repository. (logger.py:42)
2025-05-26 18:18:29,648 - CodeQLRunner - ERROR - Failed to build CodeQL database for wlite-novel: NoPythonCodeFoundException: No Python code found in the repository. (logger.py:42)
2025-05-26 18:22:08,017 - CodeQLRunner - ERROR - Failed to build CodeQL database for tense-py: NoPythonCodeFoundException: No Python code found in the repository. (logger.py:42)
2025-05-26 18:24:34,907 - CodeQLRunner - ERROR - Failed to build CodeQL database for stock-classification-rate-of-movement-client: NoPythonCodeFoundException: No Python code found in the repository. (logger.py:42)
2025-05-26 18:24:42,139 - CodeQLRunner - ERROR - Failed to build CodeQL database for toufu: NoPythonCodeFoundException: No Python code found in the repository. (logger.py:42)
2025-05-26 18:34:56,184 - CodeQLRunner - ERROR - Failed to build CodeQL database for monitoring-service-rest-client: NoPythonCodeFoundException: No Python code found in the repository. (logger.py:42)
2025-05-26 18:37:17,581 - CodeQLRunner - ERROR - Failed to build CodeQL database for simplerepo: NoPythonCodeFoundException: No Python code found in the repository. (logger.py:42)
2025-05-26 18:52:19,269 - CodeQLRunner - ERROR - Failed to build CodeQL database for testoutput011031: NoPythonCodeFoundException: No Python code found in the repository. (logger.py:42)
2025-05-26 19:00:27,802 - CodeQLRunner - ERROR - Failed to build CodeQL database for odoo14-addons-oca-account-consolidation: NoPythonCodeFoundException: No Python code found in the repository. (logger.py:42)
2025-05-26 19:10:26,972 - CodeQLRunner - ERROR - Failed to build CodeQL database for reverse-string-sonu-k-199: NoPythonCodeFoundException: No Python code found in the repository. (logger.py:42)
2025-05-26 19:13:03,885 - CodeQLRunner - ERROR - Failed to build CodeQL database for serenity-module-notes: NoPythonCodeFoundException: No Python code found in the repository. (logger.py:42)
2025-05-26 19:17:49,080 - CodeQLRunner - ERROR - Failed to build CodeQL database for mysimplecalc01: NoPythonCodeFoundException: No Python code found in the repository. (logger.py:42)
2025-05-26 19:19:19,351 - CodeQLRunner - ERROR - Failed to build CodeQL database for sandpuppy: NoPythonCodeFoundException: No Python code found in the repository. (logger.py:42)
2025-05-26 19:19:29,444 - CodeQLRunner - ERROR - Failed to build CodeQL database for okalai-lab1: NoPythonCodeFoundException: No Python code found in the repository. (logger.py:42)
2025-05-26 19:20:10,732 - CodeQLRunner - ERROR - Failed to build CodeQL database for tal-testflo: NoPythonCodeFoundException: No Python code found in the repository. (logger.py:42)
2025-05-26 19:21:23,506 - CodeQLRunner - ERROR - Failed to build CodeQL database for tab-0: NoPythonCodeFoundException: No Python code found in the repository. (logger.py:42)
2025-05-26 19:29:03,221 - CodeQLRunner - ERROR - Failed to build CodeQL database for payments-gateway-api-client: NoPythonCodeFoundException: No Python code found in the repository. (logger.py:42)
2025-05-26 19:31:33,999 - CodeQLRunner - ERROR - Failed to build CodeQL database for torchslime-extensions: NoPythonCodeFoundException: No Python code found in the repository. (logger.py:42)
2025-05-26 19:39:53,167 - CodeQLRunner - ERROR - Failed to build CodeQL database for survivorship: NoPythonCodeFoundException: No Python code found in the repository. (logger.py:42)
2025-05-26 19:45:40,141 - CodeQLRunner - ERROR - Failed to build CodeQL database for serenity-module-decision-list: NoPythonCodeFoundException: No Python code found in the repository. (logger.py:42)
2025-05-26 19:46:41,241 - CodeQLRunner - ERROR - Failed to build CodeQL database for llmtune: NoPythonCodeFoundException: No Python code found in the repository. (logger.py:42)
2025-05-26 19:53:02,543 - CodeQLRunner - ERROR - Failed to build CodeQL database for fastervitfixed: NoPythonCodeFoundException: No Python code found in the repository. (logger.py:42)
2025-05-26 19:53:16,152 - CodeQLRunner - ERROR - Failed to build CodeQL database for grapharm: NoPythonCodeFoundException: No Python code found in the repository. (logger.py:42)
2025-05-26 19:57:46,220 - CodeQLRunner - ERROR - Failed to build CodeQL database for tal-ml-dataform: NoPythonCodeFoundException: No Python code found in the repository. (logger.py:42)
2025-05-26 19:58:04,445 - CodeQLRunner - ERROR - Failed to build CodeQL database for text-compare-tool: NoPythonCodeFoundException: No Python code found in the repository. (logger.py:42)
2025-05-26 20:02:09,409 - CodeQLRunner - ERROR - Failed to build CodeQL database for testoutput0325: NoPythonCodeFoundException: No Python code found in the repository. (logger.py:42)
2025-05-26 20:07:46,633 - CodeQLRunner - ERROR - Failed to build CodeQL database for recommendation2: NoPythonCodeFoundException: No Python code found in the repository. (logger.py:42)
2025-05-26 20:07:52,282 - CodeQLRunner - ERROR - Failed to build CodeQL database for valuation-tool: NoPythonCodeFoundException: No Python code found in the repository. (logger.py:42)
2025-05-26 20:11:24,151 - CodeQLRunner - ERROR - Failed to build CodeQL database for serenity-module-url-detection: NoPythonCodeFoundException: No Python code found in the repository. (logger.py:42)
2025-05-26 20:13:59,159 - CodeQLRunner - ERROR - Failed to build CodeQL database for serenity-module-actions: NoPythonCodeFoundException: No Python code found in the repository. (logger.py:42)
2025-05-26 20:29:18,828 - CodeQLRunner - ERROR - Failed to build CodeQL database for tool-library: NoPythonCodeFoundException: No Python code found in the repository. (logger.py:42)
2025-05-26 20:31:34,750 - CodeQLRunner - ERROR - Failed to build CodeQL database for py-weather-api: NoPythonCodeFoundException: No Python code found in the repository. (logger.py:42)
2025-05-26 20:43:48,535 - CodeQLRunner - ERROR - Failed to build CodeQL database for valuation-tool-ml: NoPythonCodeFoundException: No Python code found in the repository. (logger.py:42)
2025-05-26 20:43:58,897 - CodeQLRunner - ERROR - Failed to build CodeQL database for tal-falcon: NoPythonCodeFoundException: No Python code found in the repository. (logger.py:42)
2025-05-26 20:49:52,680 - CodeQLRunner - ERROR - Failed to build CodeQL database for tv-licence-service: NoPythonCodeFoundException: No Python code found in the repository. (logger.py:42)
2025-05-26 21:06:00,769 - CodeQLRunner - ERROR - Failed to build CodeQL database for pandafu: NoPythonCodeFoundException: No Python code found in the repository. (logger.py:42)
2025-05-26 21:10:04,393 - CodeQLRunner - ERROR - Failed to build CodeQL database for wishlist-service-client: NoPythonCodeFoundException: No Python code found in the repository. (logger.py:42)
2025-05-26 21:10:21,966 - CodeQLRunner - ERROR - Failed to build CodeQL database for thwinfotabs: NoPythonCodeFoundException: No Python code found in the repository. (logger.py:42)
2025-05-26 21:13:58,382 - CodeQLRunner - ERROR - Failed to build CodeQL database for odoo-addons-shopinvader-odoo-shopinvader-carrier: NoPythonCodeFoundException: No Python code found in the repository. (logger.py:42)
2025-05-26 21:19:46,922 - CodeQLRunner - ERROR - Failed to build CodeQL database for pydevquotes: NoPythonCodeFoundException: No Python code found in the repository. (logger.py:42)
2025-05-26 21:24:59,044 - CodeQLRunner - ERROR - Failed to build CodeQL database for portal-bff: NoPythonCodeFoundException: No Python code found in the repository. (logger.py:42)
2025-05-26 21:28:45,401 - CodeQLRunner - ERROR - Failed to build CodeQL database for vidyasutra: NoPythonCodeFoundException: No Python code found in the repository. (logger.py:42)
2025-05-26 21:32:38,073 - CodeQLRunner - ERROR - Failed to build CodeQL database for met-dig: NoPythonCodeFoundException: No Python code found in the repository. (logger.py:42)
2025-05-26 21:38:25,476 - CodeQLRunner - ERROR - Failed to build CodeQL database for speedformers: NoPythonCodeFoundException: No Python code found in the repository. (logger.py:42)
2025-05-26 21:45:28,839 - CodeQLRunner - ERROR - Failed to build CodeQL database for text-analyzer-library: NoPythonCodeFoundException: No Python code found in the repository. (logger.py:42)
2025-05-26 21:49:54,933 - CodeQLRunner - ERROR - Failed to build CodeQL database for mwj: NoPythonCodeFoundException: No Python code found in the repository. (logger.py:42)
2025-05-26 21:50:01,870 - CodeQLRunner - ERROR - Failed to build CodeQL database for worldometers-py: NoPythonCodeFoundException: No Python code found in the repository. (logger.py:42)
2025-05-26 21:57:28,007 - CodeQLRunner - ERROR - Failed to build CodeQL database for odoo14-addons-oca-edi-framework: NoPythonCodeFoundException: No Python code found in the repository. (logger.py:42)
2025-05-26 22:01:45,849 - CodeQLRunner - ERROR - Failed to build CodeQL database for simplemodule-carl: NoPythonCodeFoundException: No Python code found in the repository. (logger.py:42)
2025-05-26 22:09:07,553 - CodeQLRunner - ERROR - Failed to build CodeQL database for pymvvm: NoPythonCodeFoundException: No Python code found in the repository. (logger.py:42)
2025-05-26 22:10:55,129 - CodeQLRunner - ERROR - Failed to build CodeQL database for pynorstat: NoPythonCodeFoundException: No Python code found in the repository. (logger.py:42)
2025-05-26 22:13:43,257 - CodeQLRunner - ERROR - Failed to build CodeQL database for symbiosis: NoPythonCodeFoundException: No Python code found in the repository. (logger.py:42)
2025-05-26 22:13:52,588 - CodeQLRunner - ERROR - Failed to build CodeQL database for pandas-mercyfan-1-4-3: NoPythonCodeFoundException: No Python code found in the repository. (logger.py:42)
2025-05-26 22:28:27,936 - CodeQLRunner - ERROR - Failed to build CodeQL database for zhhgood: NoPythonCodeFoundException: No Python code found in the repository. (logger.py:42)
2025-05-26 22:28:30,494 - CodeQLRunner - ERROR - Failed to build CodeQL database for rereandcasyandhouda: NoPythonCodeFoundException: No Python code found in the repository. (logger.py:42)
2025-05-26 22:36:49,187 - CodeQLRunner - ERROR - Failed to build CodeQL database for sandfox-bm: NoPythonCodeFoundException: No Python code found in the repository. (logger.py:42)
2025-05-26 22:37:34,349 - CodeQLRunner - ERROR - Failed to build CodeQL database for pin-generator: NoPythonCodeFoundException: No Python code found in the repository. (logger.py:42)
2025-05-26 22:40:13,553 - CodeQLRunner - ERROR - Failed to build CodeQL database for samplepack-ubuntu: NoPythonCodeFoundException: No Python code found in the repository. (logger.py:42)
2025-05-26 22:47:09,627 - CodeQLRunner - ERROR - Failed to build CodeQL database for sum-05182: NoPythonCodeFoundException: No Python code found in the repository. (logger.py:42)
2025-05-26 22:49:27,981 - CodeQLRunner - ERROR - Failed to build CodeQL database for travis-envvar: NoPythonCodeFoundException: No Python code found in the repository. (logger.py:42)
2025-05-26 22:52:16,733 - CodeQLRunner - ERROR - Failed to build CodeQL database for my-rk2096-py-pkg: NoPythonCodeFoundException: No Python code found in the repository. (logger.py:42)
2025-05-26 22:52:38,297 - CodeQLRunner - ERROR - Failed to build CodeQL database for py-config-lib: NoPythonCodeFoundException: No Python code found in the repository. (logger.py:42)
2025-05-26 23:04:38,832 - CodeQLRunner - ERROR - Failed to build CodeQL database for verus1: NoPythonCodeFoundException: No Python code found in the repository. (logger.py:42)
2025-05-26 23:04:41,864 - CodeQLRunner - ERROR - Failed to build CodeQL database for warehouse-booking-service-client: NoPythonCodeFoundException: No Python code found in the repository. (logger.py:42)
2025-05-26 23:16:20,025 - CodeQLRunner - ERROR - Failed to build CodeQL database for mw-mk: NoPythonCodeFoundException: No Python code found in the repository. (logger.py:42)
2025-05-26 23:16:42,135 - CodeQLRunner - ERROR - Failed to build CodeQL database for ml-plumbing-tools: NoPythonCodeFoundException: No Python code found in the repository. (logger.py:42)
2025-05-26 23:24:41,825 - CodeQLRunner - ERROR - Failed to build CodeQL database for tal-mp-libs-demo: NoPythonCodeFoundException: No Python code found in the repository. (logger.py:42)
2025-05-26 23:27:17,733 - CodeQLRunner - ERROR - Failed to build CodeQL database for tal-rbs-libs-generic-client: NoPythonCodeFoundException: No Python code found in the repository. (logger.py:42)
2025-05-26 23:33:57,424 - CodeQLRunner - ERROR - Failed to build CodeQL database for test-task-client-eugen: NoPythonCodeFoundException: No Python code found in the repository. (logger.py:42)
2025-05-26 23:40:20,426 - CodeQLRunner - ERROR - Failed to build CodeQL database for stade: NoPythonCodeFoundException: No Python code found in the repository. (logger.py:42)
2025-05-26 23:48:33,068 - CodeQLRunner - ERROR - Failed to build CodeQL database for tal-dml-data-pipelines: NoPythonCodeFoundException: No Python code found in the repository. (logger.py:42)
2025-05-26 23:49:06,808 - CodeQLRunner - ERROR - Failed to build CodeQL database for posy: NoPythonCodeFoundException: No Python code found in the repository. (logger.py:42)
2025-05-26 23:56:39,639 - CodeQLRunner - ERROR - Failed to build CodeQL database for lone: NoPythonCodeFoundException: No Python code found in the repository. (logger.py:42)
2025-05-26 23:58:09,260 - CodeQLRunner - ERROR - Failed to build CodeQL database for pybat: NoPythonCodeFoundException: No Python code found in the repository. (logger.py:42)
2025-05-26 23:58:11,786 - CodeQLRunner - ERROR - Failed to build CodeQL database for subscription-billing-service-client: NoPythonCodeFoundException: No Python code found in the repository. (logger.py:42)
2025-05-26 23:58:18,335 - CodeQLRunner - ERROR - Failed to build CodeQL database for memory-io: NoPythonCodeFoundException: No Python code found in the repository. (logger.py:42)
2025-05-27 00:10:06,159 - CodeQLRunner - ERROR - Failed to build CodeQL database for zfutils: NoPythonCodeFoundException: No Python code found in the repository. (logger.py:42)
2025-05-27 00:19:01,388 - CodeQLRunner - ERROR - Failed to build CodeQL database for recommendations-gateway-client: NoPythonCodeFoundException: No Python code found in the repository. (logger.py:42)
2025-05-27 00:29:15,727 - CodeQLRunner - ERROR - Failed to build CodeQL database for nn-backpropogate: NoPythonCodeFoundException: No Python code found in the repository. (logger.py:42)
2025-05-27 00:30:46,733 - CodeQLRunner - ERROR - Failed to build CodeQL database for th-gpu: NoPythonCodeFoundException: No Python code found in the repository. (logger.py:42)
2025-05-27 00:35:04,022 - CodeQLRunner - ERROR - Failed to build CodeQL database for virtualdetector: NoPythonCodeFoundException: No Python code found in the repository. (logger.py:42)
2025-05-27 00:44:43,679 - CodeQLRunner - ERROR - Failed to build CodeQL database for tal-bumblebee: NoPythonCodeFoundException: No Python code found in the repository. (logger.py:42)
2025-05-27 00:47:03,182 - CodeQLRunner - ERROR - Failed to build CodeQL database for vishgraphs: NoPythonCodeFoundException: No Python code found in the repository. (logger.py:42)
2025-05-27 00:49:35,831 - CodeQLRunner - ERROR - Failed to build CodeQL database for supply-chain-gateway-api-client: NoPythonCodeFoundException: No Python code found in the repository. (logger.py:42)
2025-05-27 00:51:09,543 - CodeQLRunner - ERROR - Failed to build CodeQL database for seller-score-service-client: NoPythonCodeFoundException: No Python code found in the repository. (logger.py:42)
2025-05-27 00:54:24,779 - CodeQLRunner - ERROR - Failed to build CodeQL database for transform-data: NoPythonCodeFoundException: No Python code found in the repository. (logger.py:42)
2025-05-27 00:59:57,268 - CodeQLRunner - ERROR - Failed to build CodeQL database for marketplace-gateway-api: NoPythonCodeFoundException: No Python code found in the repository. (logger.py:42)
2025-05-27 01:05:56,448 - CodeQLRunner - ERROR - Failed to build CodeQL database for webagent-test: NoPythonCodeFoundException: No Python code found in the repository. (logger.py:42)
2025-05-27 01:10:12,432 - CodeQLRunner - ERROR - Failed to build CodeQL database for odoo13-addons-shopinvader-odoo-pim: NoPythonCodeFoundException: No Python code found in the repository. (logger.py:42)
2025-05-27 01:11:58,888 - CodeQLRunner - ERROR - Failed to build CodeQL database for supplier-product-management-service-client: NoPythonCodeFoundException: No Python code found in the repository. (logger.py:42)
2025-05-27 01:24:40,508 - CodeQLRunner - ERROR - Failed to build CodeQL database for pynavigator: NoPythonCodeFoundException: No Python code found in the repository. (logger.py:42)
2025-05-27 01:32:18,296 - CodeQLRunner - ERROR - Query timed out for tensorflow1-fork: /home/class-pollution/Desktop/python-class-pollution/codeql-query/class-pollution-all/class-pollution.qls (logger.py:42)
2025-05-27 01:32:20,339 - CodeQLRunner - ERROR - Failed to run query: /home/class-pollution/Desktop/python-class-pollution/codeql-query/class-pollution-all/class-pollution.qls (logger.py:42)
2025-05-27 02:19:51,319 - CodeQLRunner - ERROR - Failed to build CodeQL database for publiqad: NoPythonCodeFoundException: No Python code found in the repository. (logger.py:42)
2025-05-27 02:19:53,427 - CodeQLRunner - ERROR - Failed to build CodeQL database for humpback: NoPythonCodeFoundException: No Python code found in the repository. (logger.py:42)
2025-05-27 02:27:19,485 - CodeQLRunner - ERROR - Failed to build CodeQL database for phe3d: NoPythonCodeFoundException: No Python code found in the repository. (logger.py:42)
2025-05-27 02:29:47,463 - CodeQLRunner - ERROR - Failed to build CodeQL database for tal-dml-ab-test: NoPythonCodeFoundException: No Python code found in the repository. (logger.py:42)
2025-05-27 02:32:02,424 - CodeQLRunner - ERROR - Failed to build CodeQL database for mp-libraries: NoPythonCodeFoundException: No Python code found in the repository. (logger.py:42)
2025-05-27 02:38:22,145 - CodeQLRunner - ERROR - Failed to build CodeQL database for storefront-product-display-adapter: NoPythonCodeFoundException: No Python code found in the repository. (logger.py:42)
2025-05-27 02:40:33,992 - CodeQLRunner - ERROR - Failed to build CodeQL database for order-service: NoPythonCodeFoundException: No Python code found in the repository. (logger.py:42)
2025-05-27 02:40:41,592 - CodeQLRunner - ERROR - Failed to build CodeQL database for nivestor-nivestorindia: NoPythonCodeFoundException: No Python code found in the repository. (logger.py:42)
2025-05-27 02:44:13,878 - CodeQLRunner - ERROR - Failed to build CodeQL database for price-tracking-service-client: NoPythonCodeFoundException: No Python code found in the repository. (logger.py:42)
2025-05-27 03:01:23,422 - CodeQLRunner - ERROR - Failed to build CodeQL database for s4f-payment-options-client: NoPythonCodeFoundException: No Python code found in the repository. (logger.py:42)
2025-05-27 03:03:43,550 - CodeQLRunner - ERROR - Failed to build CodeQL database for pandas-plyr: NoPythonCodeFoundException: No Python code found in the repository. (logger.py:42)
2025-05-27 03:04:51,690 - CodeQLRunner - ERROR - Failed to build CodeQL database for s4f-order-client: NoPythonCodeFoundException: No Python code found in the repository. (logger.py:42)
2025-05-27 03:08:22,183 - CodeQLRunner - ERROR - Failed to build CodeQL database for pypicalc124: NoPythonCodeFoundException: No Python code found in the repository. (logger.py:42)
2025-05-27 03:16:12,575 - CodeQLRunner - ERROR - Failed to build CodeQL database for opticalflowhelper: NoPythonCodeFoundException: No Python code found in the repository. (logger.py:42)
2025-05-27 03:16:50,464 - CodeQLRunner - ERROR - Failed to build CodeQL database for odoo-addons-oca-automation: NoPythonCodeFoundException: No Python code found in the repository. (logger.py:42)
2025-05-27 03:20:52,672 - CodeQLRunner - ERROR - Failed to build CodeQL database for yena: NoPythonCodeFoundException: No Python code found in the repository. (logger.py:42)
2025-05-27 03:24:21,931 - CodeQLRunner - ERROR - Failed to build CodeQL database for payments-token-revocation-command-kafka-client: NoPythonCodeFoundException: No Python code found in the repository. (logger.py:42)
2025-05-27 03:30:03,167 - CodeQLRunner - ERROR - Failed to build CodeQL database for opendiffusion: NoPythonCodeFoundException: No Python code found in the repository. (logger.py:42)
2025-05-27 04:13:05,306 - CodeQLRunner - ERROR - Failed to build CodeQL database for okta-freeradius: NoPythonCodeFoundException: No Python code found in the repository. (logger.py:42)
2025-05-27 04:16:53,277 - CodeQLRunner - ERROR - Failed to build CodeQL database for opensourced: NoPythonCodeFoundException: No Python code found in the repository. (logger.py:42)
2025-05-27 04:18:10,674 - CodeQLRunner - ERROR - Failed to build CodeQL database for pipq-py: NoPythonCodeFoundException: No Python code found in the repository. (logger.py:42)
2025-05-27 04:22:42,796 - CodeQLRunner - ERROR - Failed to build CodeQL database for seller-returns-service: NoPythonCodeFoundException: No Python code found in the repository. (logger.py:42)
2025-05-27 04:29:28,969 - CodeQLRunner - ERROR - Failed to build CodeQL database for purchase-order-client: NoPythonCodeFoundException: No Python code found in the repository. (logger.py:42)
2025-05-27 04:40:14,705 - CodeQLRunner - ERROR - Failed to build CodeQL database for shaheencal: NoPythonCodeFoundException: No Python code found in the repository. (logger.py:42)
2025-05-27 04:44:02,758 - CodeQLRunner - ERROR - Failed to build CodeQL database for publiqa-steps: NoPythonCodeFoundException: No Python code found in the repository. (logger.py:42)
2025-05-27 04:48:30,481 - CodeQLRunner - ERROR - Failed to build CodeQL database for suggestscraper: NoPythonCodeFoundException: No Python code found in the repository. (logger.py:42)
2025-05-27 05:06:11,995 - CodeQLRunner - ERROR - Failed to build CodeQL database for mariocli: NoPythonCodeFoundException: No Python code found in the repository. (logger.py:42)
2025-05-27 05:36:10,538 - CodeQLRunner - ERROR - Failed to build CodeQL database for ycal: NoPythonCodeFoundException: No Python code found in the repository. (logger.py:42)
2025-05-27 05:36:43,865 - CodeQLRunner - ERROR - Failed to build CodeQL database for p10n-path-templates: NoPythonCodeFoundException: No Python code found in the repository. (logger.py:42)
2025-05-27 05:37:23,615 - CodeQLRunner - ERROR - Failed to build CodeQL database for py2key: NoPythonCodeFoundException: No Python code found in the repository. (logger.py:42)
2025-05-27 05:37:55,114 - CodeQLRunner - ERROR - Failed to build CodeQL database for varun-or-yughandar: NoPythonCodeFoundException: No Python code found in the repository. (logger.py:42)
2025-05-27 05:38:23,369 - CodeQLRunner - ERROR - Failed to build CodeQL database for vjsimplecalculator: NoPythonCodeFoundException: No Python code found in the repository. (logger.py:42)
2025-05-27 05:38:39,557 - CodeQLRunner - ERROR - Failed to build CodeQL database for tal-yoyo-ddl: NoPythonCodeFoundException: No Python code found in the repository. (logger.py:42)
2025-05-27 05:40:33,525 - CodeQLRunner - ERROR - Failed to build CodeQL database for packagedemo-mowuchen: NoPythonCodeFoundException: No Python code found in the repository. (logger.py:42)
2025-05-27 05:51:03,321 - CodeQLRunner - ERROR - Failed to build CodeQL database for publiqa-graphical: NoPythonCodeFoundException: No Python code found in the repository. (logger.py:42)
2025-05-27 05:51:30,837 - CodeQLRunner - ERROR - Failed to build CodeQL database for hppserverapi: NoPythonCodeFoundException: No Python code found in the repository. (logger.py:42)
2025-05-27 05:52:43,547 - CodeQLRunner - ERROR - Failed to build CodeQL database for mitpro: NoPythonCodeFoundException: No Python code found in the repository. (logger.py:42)
2025-05-27 05:56:14,169 - CodeQLRunner - ERROR - Failed to build CodeQL database for odoo14-addons-oca-connector-cmis: NoPythonCodeFoundException: No Python code found in the repository. (logger.py:42)
2025-05-27 06:02:21,413 - CodeQLRunner - ERROR - Failed to build CodeQL database for tal-model-store: NoPythonCodeFoundException: No Python code found in the repository. (logger.py:42)
2025-05-27 06:08:56,198 - CodeQLRunner - ERROR - Failed to build CodeQL database for yams-datadog: NoPythonCodeFoundException: No Python code found in the repository. (logger.py:42)
2025-05-27 06:16:04,847 - CodeQLRunner - ERROR - Failed to build CodeQL database for payment-ipay-service: NoPythonCodeFoundException: No Python code found in the repository. (logger.py:42)
2025-05-27 06:27:37,712 - CodeQLRunner - ERROR - Failed to build CodeQL database for neoptolemus-cli: NoPythonCodeFoundException: No Python code found in the repository. (logger.py:42)
2025-05-27 06:35:53,661 - CodeQLRunner - ERROR - Failed to build CodeQL database for nurovo-agent: NoPythonCodeFoundException: No Python code found in the repository. (logger.py:42)
2025-05-27 06:38:06,851 - CodeQLRunner - ERROR - Failed to build CodeQL database for unipy-dto: NoPythonCodeFoundException: No Python code found in the repository. (logger.py:42)
2025-05-27 06:43:56,802 - CodeQLRunner - ERROR - Failed to build CodeQL database for useful-lib: NoPythonCodeFoundException: No Python code found in the repository. (logger.py:42)
2025-05-27 06:56:07,039 - CodeQLRunner - ERROR - Failed to build CodeQL database for onair-robot: NoPythonCodeFoundException: No Python code found in the repository. (logger.py:42)
2025-05-27 06:56:56,868 - CodeQLRunner - ERROR - Failed to build CodeQL database for testpname: NoPythonCodeFoundException: No Python code found in the repository. (logger.py:42)
2025-05-27 06:57:29,031 - CodeQLRunner - ERROR - Failed to build CodeQL database for payments-redirect-initiation-command-kafka-client: NoPythonCodeFoundException: No Python code found in the repository. (logger.py:42)
2025-05-27 07:26:15,512 - CodeQLRunner - ERROR - Failed to build CodeQL database for odoo13-addons-oca-mis-builder-contrib: NoPythonCodeFoundException: No Python code found in the repository. (logger.py:42)
2025-05-27 07:45:51,430 - CodeQLRunner - ERROR - Failed to build CodeQL database for md-anova: NoPythonCodeFoundException: No Python code found in the repository. (logger.py:42)
2025-05-27 07:48:47,986 - CodeQLRunner - ERROR - Failed to build CodeQL database for zh-num2int: NoPythonCodeFoundException: No Python code found in the repository. (logger.py:42)
2025-05-27 07:55:05,884 - CodeQLRunner - ERROR - Failed to build CodeQL database for yourcalculator3287: NoPythonCodeFoundException: No Python code found in the repository. (logger.py:42)
2025-05-27 07:55:28,317 - CodeQLRunner - ERROR - Failed to build CodeQL database for tudjewujmodule: NoPythonCodeFoundException: No Python code found in the repository. (logger.py:42)
2025-05-27 08:02:31,255 - CodeQLRunner - ERROR - Failed to build CodeQL database for rebelliandefence: NoPythonCodeFoundException: No Python code found in the repository. (logger.py:42)
2025-05-27 08:07:37,689 - CodeQLRunner - ERROR - Failed to build CodeQL database for returns-service: NoPythonCodeFoundException: No Python code found in the repository. (logger.py:42)
2025-05-27 08:09:59,822 - CodeQLRunner - ERROR - Failed to build CodeQL database for ondamonitor-gui-web: NoPythonCodeFoundException: No Python code found in the repository. (logger.py:42)
2025-05-27 08:26:31,448 - CodeQLRunner - ERROR - Failed to build CodeQL database for set-dict: NoPythonCodeFoundException: No Python code found in the repository. (logger.py:42)
2025-05-27 08:34:14,528 - CodeQLRunner - ERROR - Failed to build CodeQL database for wrenches: NoPythonCodeFoundException: No Python code found in the repository. (logger.py:42)
2025-05-27 08:51:09,679 - CodeQLRunner - ERROR - Failed to build CodeQL database for talosgis: NoPythonCodeFoundException: No Python code found in the repository. (logger.py:42)
2025-05-27 08:52:06,137 - CodeQLRunner - ERROR - Failed to build CodeQL database for stainedglass-engine: NoPythonCodeFoundException: No Python code found in the repository. (logger.py:42)
2025-05-27 08:52:23,529 - CodeQLRunner - ERROR - Failed to build CodeQL database for viklib: NoPythonCodeFoundException: No Python code found in the repository. (logger.py:42)
2025-05-27 08:53:47,238 - CodeQLRunner - ERROR - Query timed out for qudo-quantipy: /home/class-pollution/Desktop/python-class-pollution/codeql-query/class-pollution-all/class-pollution.qls (logger.py:42)
2025-05-27 08:53:49,325 - CodeQLRunner - ERROR - Failed to run query: /home/class-pollution/Desktop/python-class-pollution/codeql-query/class-pollution-all/class-pollution.qls (logger.py:42)
2025-05-27 08:55:06,668 - CodeQLRunner - ERROR - Failed to build CodeQL database for pyudpboot: NoPythonCodeFoundException: No Python code found in the repository. (logger.py:42)
2025-05-27 08:58:25,582 - CodeQLRunner - ERROR - Failed to build CodeQL database for tabarmajit-py: NoPythonCodeFoundException: No Python code found in the repository. (logger.py:42)
2025-05-27 09:01:02,313 - CodeQLRunner - ERROR - Failed to build CodeQL database for nebulatrading: NoPythonCodeFoundException: No Python code found in the repository. (logger.py:42)
2025-05-27 09:05:17,546 - CodeQLRunner - ERROR - Failed to build CodeQL database for pubmedextractor: NoPythonCodeFoundException: No Python code found in the repository. (logger.py:42)
2025-05-27 09:08:15,352 - CodeQLRunner - ERROR - Failed to build CodeQL database for tal-kafka-wip-recipes: NoPythonCodeFoundException: No Python code found in the repository. (logger.py:42)
2025-05-27 09:27:29,186 - CodeQLRunner - ERROR - Failed to build CodeQL database for unceg: NoPythonCodeFoundException: No Python code found in the repository. (logger.py:42)
2025-05-27 09:32:50,541 - CodeQLRunner - ERROR - Query timed out for openapi-client-tensorleap: /home/class-pollution/Desktop/python-class-pollution/codeql-query/class-pollution-all/class-pollution.qls (logger.py:42)
2025-05-27 09:32:52,354 - CodeQLRunner - ERROR - Failed to run query: /home/class-pollution/Desktop/python-class-pollution/codeql-query/class-pollution-all/class-pollution.qls (logger.py:42)
2025-05-27 09:39:15,290 - CodeQLRunner - ERROR - Failed to build CodeQL database for tal-kafka-confluent-upgrade: NoPythonCodeFoundException: No Python code found in the repository. (logger.py:42)
2025-05-27 09:41:19,781 - CodeQLRunner - ERROR - Failed to build CodeQL database for onto-learn: NoPythonCodeFoundException: No Python code found in the repository. (logger.py:42)
2025-05-27 09:41:50,208 - CodeQLRunner - ERROR - Failed to build CodeQL database for nexttransformers: NoPythonCodeFoundException: No Python code found in the repository. (logger.py:42)
2025-05-27 09:49:37,212 - CodeQLRunner - ERROR - Failed to build CodeQL database for todopago: NoPythonCodeFoundException: No Python code found in the repository. (logger.py:42)
2025-05-27 09:51:39,350 - CodeQLRunner - ERROR - Failed to build CodeQL database for romodel: NoPythonCodeFoundException: No Python code found in the repository. (logger.py:42)
2025-05-27 10:06:29,081 - CodeQLRunner - ERROR - Failed to build CodeQL database for myyoungjun-code: NoPythonCodeFoundException: No Python code found in the repository. (logger.py:42)
2025-05-27 10:09:13,162 - CodeQLRunner - ERROR - Failed to build CodeQL database for python-source-distribution-packaging: NoPythonCodeFoundException: No Python code found in the repository. (logger.py:42)
2025-05-27 10:25:08,135 - CodeQLRunner - ERROR - Failed to build CodeQL database for llamagen: NoPythonCodeFoundException: No Python code found in the repository. (logger.py:42)
2025-05-27 10:34:43,700 - CodeQLRunner - ERROR - Failed to build CodeQL database for payment-paygate-service: NoPythonCodeFoundException: No Python code found in the repository. (logger.py:42)
2025-05-27 10:37:58,874 - CodeQLRunner - ERROR - Failed to build CodeQL database for rpcap: NoPythonCodeFoundException: No Python code found in the repository. (logger.py:42)
2025-05-27 10:38:13,079 - CodeQLRunner - ERROR - Failed to build CodeQL database for posh-telemetry: NoPythonCodeFoundException: No Python code found in the repository. (logger.py:42)
2025-05-27 10:57:04,532 - CodeQLRunner - ERROR - Failed to build CodeQL database for taus3-0: NoPythonCodeFoundException: No Python code found in the repository. (logger.py:42)
2025-05-27 11:03:32,009 - CodeQLRunner - ERROR - Failed to build CodeQL database for scraping-tree: NoPythonCodeFoundException: No Python code found in the repository. (logger.py:42)
2025-05-27 11:03:50,422 - CodeQLRunner - ERROR - Failed to build CodeQL database for trialforteicysautopytoexxerhtyoijhotyjhiotyhtyhiotjh: NoPythonCodeFoundException: No Python code found in the repository. (logger.py:42)
2025-05-27 11:14:16,196 - CodeQLRunner - ERROR - Query timed out for zato-common-holocene: /home/class-pollution/Desktop/python-class-pollution/codeql-query/class-pollution-all/class-pollution.qls (logger.py:42)
2025-05-27 11:14:17,866 - CodeQLRunner - ERROR - Failed to run query: /home/class-pollution/Desktop/python-class-pollution/codeql-query/class-pollution-all/class-pollution.qls (logger.py:42)
2025-05-27 11:14:58,124 - CodeQLRunner - ERROR - Failed to build CodeQL database for rocketbyme: NoPythonCodeFoundException: No Python code found in the repository. (logger.py:42)
2025-05-27 11:16:15,079 - CodeQLRunner - ERROR - Failed to build CodeQL database for vocara: NoPythonCodeFoundException: No Python code found in the repository. (logger.py:42)
2025-05-27 11:18:37,176 - CodeQLRunner - ERROR - Failed to build CodeQL database for pywindowapp: NoPythonCodeFoundException: No Python code found in the repository. (logger.py:42)
2025-05-27 11:21:18,887 - CodeQLRunner - ERROR - Failed to build CodeQL database for testtwine: NoPythonCodeFoundException: No Python code found in the repository. (logger.py:42)
2025-05-27 11:29:44,486 - CodeQLRunner - ERROR - Failed to build CodeQL database for my-py-pkg-1: NoPythonCodeFoundException: No Python code found in the repository. (logger.py:42)
2025-05-27 11:29:52,401 - CodeQLRunner - ERROR - Failed to build CodeQL database for zeinab-handy: NoPythonCodeFoundException: No Python code found in the repository. (logger.py:42)
2025-05-27 11:30:22,927 - CodeQLRunner - ERROR - Failed to build CodeQL database for sptvis: NoPythonCodeFoundException: No Python code found in the repository. (logger.py:42)
2025-05-27 11:33:51,079 - CodeQLRunner - ERROR - Failed to build CodeQL database for spt-data-pipeline-utils: NoPythonCodeFoundException: No Python code found in the repository. (logger.py:42)
2025-05-27 11:38:20,332 - CodeQLRunner - ERROR - Failed to build CodeQL database for two-number-calculator100-ned: NoPythonCodeFoundException: No Python code found in the repository. (logger.py:42)
2025-05-27 11:44:35,099 - CodeQLRunner - ERROR - Failed to build CodeQL database for testdroid-client: NoPythonCodeFoundException: No Python code found in the repository. (logger.py:42)
2025-05-27 11:58:26,487 - CodeQLRunner - ERROR - Failed to build CodeQL database for proteusservices3: NoPythonCodeFoundException: No Python code found in the repository. (logger.py:42)
2025-05-27 12:09:47,464 - CodeQLRunner - ERROR - Failed to build CodeQL database for tal-pyramid-bff: NoPythonCodeFoundException: No Python code found in the repository. (logger.py:42)
2025-05-27 12:16:55,026 - CodeQLRunner - ERROR - Failed to build CodeQL database for retrollama3: NoPythonCodeFoundException: No Python code found in the repository. (logger.py:42)
2025-05-27 12:31:29,822 - CodeQLRunner - ERROR - Failed to build CodeQL database for omniblack-env: NoPythonCodeFoundException: No Python code found in the repository. (logger.py:42)
2025-05-27 12:31:38,652 - CodeQLRunner - ERROR - Failed to build CodeQL database for mqttloghandler: NoPythonCodeFoundException: No Python code found in the repository. (logger.py:42)
2025-05-27 12:34:09,911 - CodeQLRunner - ERROR - Failed to build CodeQL database for publiqa-junit-reporter: NoPythonCodeFoundException: No Python code found in the repository. (logger.py:42)
2025-05-27 12:42:16,818 - CodeQLRunner - ERROR - Failed to build CodeQL database for odoo-addons-oca-l10n-venezuela: NoPythonCodeFoundException: No Python code found in the repository. (logger.py:42)
2025-05-27 12:43:02,678 - CodeQLRunner - ERROR - Failed to build CodeQL database for teamcity-logging: NoPythonCodeFoundException: No Python code found in the repository. (logger.py:42)
2025-05-27 12:43:27,477 - CodeQLRunner - ERROR - Failed to build CodeQL database for pkgsensitiveinfo: NoPythonCodeFoundException: No Python code found in the repository. (logger.py:42)
2025-05-27 12:48:26,767 - CodeQLRunner - ERROR - Failed to build CodeQL database for retrollama2: NoPythonCodeFoundException: No Python code found in the repository. (logger.py:42)
2025-05-27 12:53:18,981 - CodeQLRunner - ERROR - Failed to build CodeQL database for vpshere-cli: NoPythonCodeFoundException: No Python code found in the repository. (logger.py:42)
2025-05-27 12:55:44,441 - CodeQLRunner - ERROR - Failed to build CodeQL database for quickgen: NoPythonCodeFoundException: No Python code found in the repository. (logger.py:42)
2025-05-27 12:55:45,615 - CodeQLRunner - ERROR - Failed to build CodeQL database for odoo14-addons-oca-l10n-luxemburg: NoPythonCodeFoundException: No Python code found in the repository. (logger.py:42)
2025-05-27 12:56:57,115 - CodeQLRunner - ERROR - Failed to build CodeQL database for tings: NoPythonCodeFoundException: No Python code found in the repository. (logger.py:42)
2025-05-27 13:08:31,787 - CodeQLRunner - ERROR - Failed to build CodeQL database for printwhatitype: NoPythonCodeFoundException: No Python code found in the repository. (logger.py:42)
2025-05-27 13:21:37,973 - CodeQLRunner - ERROR - Failed to build CodeQL database for turnipy: NoPythonCodeFoundException: No Python code found in the repository. (logger.py:42)
2025-05-27 13:26:21,262 - CodeQLRunner - ERROR - Failed to build CodeQL database for services-libraries: NoPythonCodeFoundException: No Python code found in the repository. (logger.py:42)
2025-05-27 13:36:39,113 - CodeQLRunner - ERROR - Query timed out for rh-osx: /home/class-pollution/Desktop/python-class-pollution/codeql-query/class-pollution-all/class-pollution.qls (logger.py:42)
2025-05-27 13:36:41,183 - CodeQLRunner - ERROR - Failed to run query: /home/class-pollution/Desktop/python-class-pollution/codeql-query/class-pollution-all/class-pollution.qls (logger.py:42)
2025-05-27 13:38:29,066 - CodeQLRunner - ERROR - Failed to build CodeQL database for tal-webhook-caller: NoPythonCodeFoundException: No Python code found in the repository. (logger.py:42)
2025-05-27 13:41:59,376 - CodeQLRunner - ERROR - Failed to build CodeQL database for qwgc: NoPythonCodeFoundException: No Python code found in the repository. (logger.py:42)
2025-05-27 13:44:07,818 - CodeQLRunner - ERROR - Failed to build CodeQL database for radsdiv: NoPythonCodeFoundException: No Python code found in the repository. (logger.py:42)
2025-05-27 13:44:34,742 - CodeQLRunner - ERROR - Failed to build CodeQL database for pyhar: NoPythonCodeFoundException: No Python code found in the repository. (logger.py:42)
2025-05-27 13:46:56,374 - CodeQLRunner - ERROR - Failed to build CodeQL database for tal-cicd-utils: NoPythonCodeFoundException: No Python code found in the repository. (logger.py:42)
2025-05-27 13:50:31,937 - CodeQLRunner - ERROR - Failed to build CodeQL database for odoo14-addons-oca-vertical-travel: NoPythonCodeFoundException: No Python code found in the repository. (logger.py:42)
2025-05-27 13:50:33,181 - CodeQLRunner - ERROR - Failed to build CodeQL database for receipt-generator123: NoPythonCodeFoundException: No Python code found in the repository. (logger.py:42)
2025-05-27 13:51:57,700 - CodeQLRunner - ERROR - Failed to build CodeQL database for pharo-tsm: NoPythonCodeFoundException: No Python code found in the repository. (logger.py:42)
2025-05-27 14:08:14,427 - CodeQLRunner - ERROR - Failed to build CodeQL database for ztkn: NoPythonCodeFoundException: No Python code found in the repository. (logger.py:42)
2025-05-27 14:11:58,200 - CodeQLRunner - ERROR - Failed to build CodeQL database for wepwawet: NoPythonCodeFoundException: No Python code found in the repository. (logger.py:42)
2025-05-27 14:35:10,640 - CodeQLRunner - ERROR - Failed to build CodeQL database for priyanshlog: NoPythonCodeFoundException: No Python code found in the repository. (logger.py:42)
2025-05-27 14:50:34,230 - CodeQLRunner - ERROR - Failed to build CodeQL database for polyx: NoPythonCodeFoundException: No Python code found in the repository. (logger.py:42)
2025-05-27 14:59:10,819 - CodeQLRunner - ERROR - Failed to build CodeQL database for spasaribu: NoPythonCodeFoundException: No Python code found in the repository. (logger.py:42)
2025-05-27 15:05:16,952 - CodeQLRunner - ERROR - Failed to build CodeQL database for payments-initiation-update-kafka-client: NoPythonCodeFoundException: No Python code found in the repository. (logger.py:42)
2025-05-27 15:18:47,204 - CodeQLRunner - ERROR - Failed to build CodeQL database for sku-service: NoPythonCodeFoundException: No Python code found in the repository. (logger.py:42)
2025-05-27 15:19:09,188 - CodeQLRunner - ERROR - Failed to build CodeQL database for seller-shipment-client: NoPythonCodeFoundException: No Python code found in the repository. (logger.py:42)
2025-05-27 15:19:55,301 - CodeQLRunner - ERROR - Failed to build CodeQL database for pipwheelprojectpkg: NoPythonCodeFoundException: No Python code found in the repository. (logger.py:42)
2025-05-27 15:20:19,648 - CodeQLRunner - ERROR - Failed to build CodeQL database for recsys-luigi-commons: NoPythonCodeFoundException: No Python code found in the repository. (logger.py:42)
2025-05-27 15:28:25,969 - CodeQLRunner - ERROR - Query timed out for twoserializer: /home/class-pollution/Desktop/python-class-pollution/codeql-query/class-pollution-all/class-pollution.qls (logger.py:42)
2025-05-27 15:28:27,846 - CodeQLRunner - ERROR - Failed to run query: /home/class-pollution/Desktop/python-class-pollution/codeql-query/class-pollution-all/class-pollution.qls (logger.py:42)
2025-05-27 15:41:03,723 - CodeQLRunner - ERROR - Failed to build CodeQL database for seller-rules-service: NoPythonCodeFoundException: No Python code found in the repository. (logger.py:42)
2025-05-27 15:43:24,792 - CodeQLRunner - ERROR - Failed to build CodeQL database for stress-freeradius: NoPythonCodeFoundException: No Python code found in the repository. (logger.py:42)
2025-05-27 15:51:21,169 - CodeQLRunner - ERROR - Failed to build CodeQL database for nlpobservability: NoPythonCodeFoundException: No Python code found in the repository. (logger.py:42)
2025-05-27 15:53:36,623 - CodeQLRunner - ERROR - Failed to build CodeQL database for newsletter-integration-client: NoPythonCodeFoundException: No Python code found in the repository. (logger.py:42)
2025-05-27 15:58:49,623 - CodeQLRunner - ERROR - Failed to build CodeQL database for recsys-related-items: NoPythonCodeFoundException: No Python code found in the repository. (logger.py:42)
2025-05-27 16:00:17,619 - CodeQLRunner - ERROR - Failed to build CodeQL database for stablevicuna: NoPythonCodeFoundException: No Python code found in the repository. (logger.py:42)
2025-05-27 16:03:37,051 - CodeQLRunner - ERROR - Failed to build CodeQL database for pyadom: NoPythonCodeFoundException: No Python code found in the repository. (logger.py:42)
2025-05-27 16:03:51,489 - CodeQLRunner - ERROR - Failed to build CodeQL database for pytest-tmnet: NoPythonCodeFoundException: No Python code found in the repository. (logger.py:42)
2025-05-27 16:07:02,627 - CodeQLRunner - ERROR - Failed to build CodeQL database for recsys-calculator-pre: NoPythonCodeFoundException: No Python code found in the repository. (logger.py:42)
2025-05-27 16:15:16,255 - CodeQLRunner - ERROR - Failed to build CodeQL database for smhls: NoPythonCodeFoundException: No Python code found in the repository. (logger.py:42)
2025-05-27 16:26:03,181 - CodeQLRunner - ERROR - Failed to build CodeQL database for testpract0001: NoPythonCodeFoundException: No Python code found in the repository. (logger.py:42)
2025-05-27 16:43:01,735 - CodeQLRunner - ERROR - Failed to build CodeQL database for urmine: NoPythonCodeFoundException: No Python code found in the repository. (logger.py:42)
2025-05-27 16:49:30,457 - CodeQLRunner - ERROR - Failed to build CodeQL database for pyprank: NoPythonCodeFoundException: No Python code found in the repository. (logger.py:42)
2025-05-27 16:55:12,817 - CodeQLRunner - ERROR - Failed to build CodeQL database for pymellow: NoPythonCodeFoundException: No Python code found in the repository. (logger.py:42)
2025-05-27 16:56:44,477 - CodeQLRunner - ERROR - Failed to build CodeQL database for xiaojing: NoPythonCodeFoundException: No Python code found in the repository. (logger.py:42)
2025-05-27 17:02:50,227 - CodeQLRunner - ERROR - Failed to build CodeQL database for tardir: NoPythonCodeFoundException: No Python code found in the repository. (logger.py:42)
2025-05-27 17:08:17,079 - CodeQLRunner - ERROR - Failed to build CodeQL database for perspire: NoPythonCodeFoundException: No Python code found in the repository. (logger.py:42)
2025-05-27 17:09:28,814 - CodeQLRunner - ERROR - Failed to build CodeQL database for sch-locustio: NoPythonCodeFoundException: No Python code found in the repository. (logger.py:42)
2025-05-27 17:16:29,349 - CodeQLRunner - ERROR - Failed to build CodeQL database for returns-oracle-integration: NoPythonCodeFoundException: No Python code found in the repository. (logger.py:42)
2025-05-27 17:26:14,459 - CodeQLRunner - ERROR - Failed to build CodeQL database for openmoss: NoPythonCodeFoundException: No Python code found in the repository. (logger.py:42)
2025-05-27 17:27:31,037 - CodeQLRunner - ERROR - Failed to build CodeQL database for odoo-addons-oca-l10n-croatia: NoPythonCodeFoundException: No Python code found in the repository. (logger.py:42)
2025-05-27 17:34:43,455 - CodeQLRunner - ERROR - Failed to build CodeQL database for pyscripts-barcodegenupfandbongenmain: NoPythonCodeFoundException: No Python code found in the repository. (logger.py:42)
2025-05-27 17:39:43,660 - CodeQLRunner - ERROR - Failed to build CodeQL database for tal-loadtest: NoPythonCodeFoundException: No Python code found in the repository. (logger.py:42)
2025-05-27 17:50:52,103 - CodeQLRunner - ERROR - Failed to build CodeQL database for sargun: NoPythonCodeFoundException: No Python code found in the repository. (logger.py:42)
2025-05-27 17:51:00,476 - CodeQLRunner - ERROR - Failed to build CodeQL database for payments-token-revoked-update-kafka-client: NoPythonCodeFoundException: No Python code found in the repository. (logger.py:42)
2025-05-27 18:06:01,672 - CodeQLRunner - ERROR - Failed to build CodeQL database for schlearn: NoPythonCodeFoundException: No Python code found in the repository. (logger.py:42)
2025-05-27 18:09:22,141 - CodeQLRunner - ERROR - Failed to build CodeQL database for ondamonitor-gui-desktop: NoPythonCodeFoundException: No Python code found in the repository. (logger.py:42)
2025-05-27 18:11:37,820 - CodeQLRunner - ERROR - Failed to build CodeQL database for yumin1001: NoPythonCodeFoundException: No Python code found in the repository. (logger.py:42)
2025-05-27 18:15:51,333 - CodeQLRunner - ERROR - Failed to build CodeQL database for similar-products-service: NoPythonCodeFoundException: No Python code found in the repository. (logger.py:42)
2025-05-27 18:16:23,237 - CodeQLRunner - ERROR - Failed to build CodeQL database for sansio-toolbelt: NoPythonCodeFoundException: No Python code found in the repository. (logger.py:42)
2025-05-27 18:19:29,846 - CodeQLRunner - ERROR - Failed to build CodeQL database for silent-io: NoPythonCodeFoundException: No Python code found in the repository. (logger.py:42)
2025-05-27 18:21:46,284 - CodeQLRunner - ERROR - Failed to build CodeQL database for task1-semichkaa: NoPythonCodeFoundException: No Python code found in the repository. (logger.py:42)
2025-05-27 18:22:35,156 - CodeQLRunner - ERROR - Failed to build CodeQL database for promptflow-copilot: NoPythonCodeFoundException: No Python code found in the repository. (logger.py:42)
2025-05-27 18:30:29,807 - CodeQLRunner - ERROR - Failed to build CodeQL database for simplelayouttestzzh123: NoPythonCodeFoundException: No Python code found in the repository. (logger.py:42)
2025-05-27 18:37:47,463 - CodeQLRunner - ERROR - Failed to build CodeQL database for setuptools-grpcio: NoPythonCodeFoundException: No Python code found in the repository. (logger.py:42)
2025-05-27 18:47:28,424 - CodeQLRunner - ERROR - Failed to build CodeQL database for py-conf: NoPythonCodeFoundException: No Python code found in the repository. (logger.py:42)
2025-05-27 18:48:00,833 - CodeQLRunner - ERROR - Failed to build CodeQL database for payments-refund-update-kafka-client: NoPythonCodeFoundException: No Python code found in the repository. (logger.py:42)
2025-05-27 18:58:11,076 - CodeQLRunner - ERROR - Failed to build CodeQL database for payment-mobicred-service: NoPythonCodeFoundException: No Python code found in the repository. (logger.py:42)
2025-05-27 19:09:00,394 - CodeQLRunner - ERROR - Failed to build CodeQL database for odoo14-addons-oca-connector-ecommerce: NoPythonCodeFoundException: No Python code found in the repository. (logger.py:42)
2025-05-27 19:12:48,750 - CodeQLRunner - ERROR - Failed to build CodeQL database for testr-frame: NoPythonCodeFoundException: No Python code found in the repository. (logger.py:42)
2025-05-27 19:18:20,226 - CodeQLRunner - ERROR - Failed to build CodeQL database for shared-metrics: NoPythonCodeFoundException: No Python code found in the repository. (logger.py:42)
2025-05-27 19:38:46,947 - CodeQLRunner - ERROR - Failed to build CodeQL database for ubiml: NoPythonCodeFoundException: No Python code found in the repository. (logger.py:42)
2025-05-27 19:40:44,720 - CodeQLRunner - ERROR - Failed to build CodeQL database for schip-helmsman: NoPythonCodeFoundException: No Python code found in the repository. (logger.py:42)
2025-05-27 19:45:21,474 - CodeQLRunner - ERROR - Failed to build CodeQL database for order-tracking-service: NoPythonCodeFoundException: No Python code found in the repository. (logger.py:42)
2025-05-27 19:47:57,422 - CodeQLRunner - ERROR - Failed to build CodeQL database for render-web: NoPythonCodeFoundException: No Python code found in the repository. (logger.py:42)
2025-05-27 19:48:43,033 - CodeQLRunner - ERROR - Failed to build CodeQL database for s4f-dimension-processor-client: NoPythonCodeFoundException: No Python code found in the repository. (logger.py:42)
2025-05-27 19:51:01,982 - CodeQLRunner - ERROR - Failed to build CodeQL database for zaecalc: NoPythonCodeFoundException: No Python code found in the repository. (logger.py:42)
2025-05-27 19:59:05,828 - CodeQLRunner - ERROR - Failed to build CodeQL database for passpyword: NoPythonCodeFoundException: No Python code found in the repository. (logger.py:42)
2025-05-27 20:01:42,005 - CodeQLRunner - ERROR - Failed to build CodeQL database for pipeconf: NoPythonCodeFoundException: No Python code found in the repository. (logger.py:42)
2025-05-27 20:05:43,149 - CodeQLRunner - ERROR - Failed to build CodeQL database for testtest1234: NoPythonCodeFoundException: No Python code found in the repository. (logger.py:42)
2025-05-27 20:07:18,514 - CodeQLRunner - ERROR - Failed to build CodeQL database for underaid: NoPythonCodeFoundException: No Python code found in the repository. (logger.py:42)
2025-05-27 20:09:45,386 - CodeQLRunner - ERROR - Failed to build CodeQL database for schnlpy: NoPythonCodeFoundException: No Python code found in the repository. (logger.py:42)
2025-05-27 20:13:25,060 - CodeQLRunner - ERROR - Failed to build CodeQL database for random-mythological-name: NoPythonCodeFoundException: No Python code found in the repository. (logger.py:42)
2025-05-27 20:20:18,189 - CodeQLRunner - ERROR - Failed to build CodeQL database for pysandwicher: NoPythonCodeFoundException: No Python code found in the repository. (logger.py:42)
2025-05-27 20:20:50,643 - CodeQLRunner - ERROR - Failed to build CodeQL database for nurovo: NoPythonCodeFoundException: No Python code found in the repository. (logger.py:42)
2025-05-27 20:22:17,103 - CodeQLRunner - ERROR - Failed to build CodeQL database for payment-payfast-service: NoPythonCodeFoundException: No Python code found in the repository. (logger.py:42)
2025-05-27 20:27:52,826 - CodeQLRunner - ERROR - Failed to build CodeQL database for recommend-model-service: NoPythonCodeFoundException: No Python code found in the repository. (logger.py:42)
2025-05-27 20:31:38,761 - CodeQLRunner - ERROR - Failed to build CodeQL database for ravinathtestpackage: NoPythonCodeFoundException: No Python code found in the repository. (logger.py:42)
2025-05-27 20:35:58,387 - CodeQLRunner - ERROR - Failed to build CodeQL database for seller-disbursement-service: NoPythonCodeFoundException: No Python code found in the repository. (logger.py:42)
2025-05-27 20:57:59,402 - CodeQLRunner - ERROR - Failed to build CodeQL database for zklmp: NoPythonCodeFoundException: No Python code found in the repository. (logger.py:42)
2025-05-27 21:14:05,942 - CodeQLRunner - ERROR - Failed to build CodeQL database for llimcobe: NoPythonCodeFoundException: No Python code found in the repository. (logger.py:42)
2025-05-27 21:15:15,079 - CodeQLRunner - ERROR - Failed to build CodeQL database for timpy2003: NoPythonCodeFoundException: No Python code found in the repository. (logger.py:42)
2025-05-27 21:26:21,382 - CodeQLRunner - ERROR - Failed to build CodeQL database for ss-daily-tools: NoPythonCodeFoundException: No Python code found in the repository. (logger.py:42)
2025-05-27 21:32:02,942 - CodeQLRunner - ERROR - Failed to build CodeQL database for search-embedding-client: NoPythonCodeFoundException: No Python code found in the repository. (logger.py:42)
2025-05-27 21:34:45,574 - CodeQLRunner - ERROR - Failed to build CodeQL database for pyhpy: NoPythonCodeFoundException: No Python code found in the repository. (logger.py:42)
2025-05-27 21:35:15,551 - CodeQLRunner - ERROR - Failed to build CodeQL database for serenity-mal: NoPythonCodeFoundException: No Python code found in the repository. (logger.py:42)
2025-05-27 22:06:54,177 - CodeQLRunner - ERROR - Failed to build CodeQL database for pyminesweeper: NoPythonCodeFoundException: No Python code found in the repository. (logger.py:42)
2025-05-27 22:15:53,728 - CodeQLRunner - ERROR - Failed to build CodeQL database for persian-syllable: NoPythonCodeFoundException: No Python code found in the repository. (logger.py:42)
2025-05-27 22:17:21,057 - CodeQLRunner - ERROR - Failed to build CodeQL database for reweb: NoPythonCodeFoundException: No Python code found in the repository. (logger.py:42)
2025-05-27 22:19:39,875 - CodeQLRunner - ERROR - Failed to build CodeQL database for pyactions: NoPythonCodeFoundException: No Python code found in the repository. (logger.py:42)
2025-05-27 22:22:10,889 - CodeQLRunner - ERROR - Failed to build CodeQL database for odoo14-addons-oca-l10n-russia: NoPythonCodeFoundException: No Python code found in the repository. (logger.py:42)
2025-05-27 22:25:45,193 - CodeQLRunner - ERROR - Failed to build CodeQL database for shift-register: NoPythonCodeFoundException: No Python code found in the repository. (logger.py:42)
2025-05-27 22:34:29,523 - CodeQLRunner - ERROR - Failed to build CodeQL database for plot-dots: NoPythonCodeFoundException: No Python code found in the repository. (logger.py:42)
2025-05-27 22:37:28,974 - CodeQLRunner - ERROR - Failed to build CodeQL database for sanity-test: NoPythonCodeFoundException: No Python code found in the repository. (logger.py:42)
2025-05-27 22:42:29,049 - CodeQLRunner - ERROR - Failed to build CodeQL database for octoconf-cli: NoPythonCodeFoundException: No Python code found in the repository. (logger.py:42)
2025-05-27 22:52:47,920 - CodeQLRunner - ERROR - Failed to build CodeQL database for tal-webhook-receiver: NoPythonCodeFoundException: No Python code found in the repository. (logger.py:42)
2025-05-27 22:58:24,155 - CodeQLRunner - ERROR - Failed to build CodeQL database for odoo14-addons-oca-web-api-contrib: NoPythonCodeFoundException: No Python code found in the repository. (logger.py:42)
2025-05-27 23:00:01,488 - CodeQLRunner - ERROR - Failed to build CodeQL database for seller-returns-client: NoPythonCodeFoundException: No Python code found in the repository. (logger.py:42)
2025-05-27 23:02:26,004 - CodeQLRunner - ERROR - Failed to build CodeQL database for supply-chain-gateway-api: NoPythonCodeFoundException: No Python code found in the repository. (logger.py:42)
2025-05-27 23:10:40,213 - CodeQLRunner - ERROR - Failed to build CodeQL database for pytest-change-xds: NoPythonCodeFoundException: No Python code found in the repository. (logger.py:42)
2025-05-27 23:49:27,999 - CodeQLRunner - ERROR - Failed to build CodeQL database for retrogpt: NoPythonCodeFoundException: No Python code found in the repository. (logger.py:42)
2025-05-27 23:51:49,751 - CodeQLRunner - ERROR - Failed to build CodeQL database for pebble-crispr: NoPythonCodeFoundException: No Python code found in the repository. (logger.py:42)
2025-05-27 23:51:56,066 - CodeQLRunner - ERROR - Failed to build CodeQL database for prometheus-start-lib: NoPythonCodeFoundException: No Python code found in the repository. (logger.py:42)
2025-05-27 23:52:06,750 - CodeQLRunner - ERROR - Failed to build CodeQL database for soulgen: NoPythonCodeFoundException: No Python code found in the repository. (logger.py:42)
2025-05-28 00:06:47,374 - CodeQLRunner - ERROR - Failed to build CodeQL database for torchllm: NoPythonCodeFoundException: No Python code found in the repository. (logger.py:42)
2025-05-28 00:14:06,440 - CodeQLRunner - ERROR - Failed to build CodeQL database for sqlqueue: NoPythonCodeFoundException: No Python code found in the repository. (logger.py:42)
2025-05-28 00:24:01,163 - CodeQLRunner - ERROR - Failed to build CodeQL database for payments-tokenisation-client: NoPythonCodeFoundException: No Python code found in the repository. (logger.py:42)
2025-05-28 00:35:46,431 - CodeQLRunner - ERROR - Failed to build CodeQL database for outbound-feeds: NoPythonCodeFoundException: No Python code found in the repository. (logger.py:42)
2025-05-28 00:49:56,184 - CodeQLRunner - ERROR - Failed to build CodeQL database for payment-sbux-service: NoPythonCodeFoundException: No Python code found in the repository. (logger.py:42)
2025-05-28 01:01:45,622 - CodeQLRunner - ERROR - Failed to build CodeQL database for ubiml-agent: NoPythonCodeFoundException: No Python code found in the repository. (logger.py:42)
2025-05-28 01:03:42,412 - CodeQLRunner - ERROR - Failed to build CodeQL database for s4f-client-install-hooks: NoPythonCodeFoundException: No Python code found in the repository. (logger.py:42)
