2025-05-20 21:20:54,003 - Scheduler - INFO - Scheduling tasks for 575 repositories with 6 workers. (base_scheduler.py:79)
2025-05-20 21:20:54,013 - Scheduler - INFO - Starting worker for repo: https://pypi.org/project/protobuf (run_cp_analysis.py:28)
2025-05-20 21:20:54,014 - Scheduler - INFO - Starting worker for repo: https://pypi.org/project/wrapt (run_cp_analysis.py:28)
2025-05-20 21:20:54,014 - Scheduler - INFO - Starting worker for repo: https://pypi.org/project/google-api-core (run_cp_analysis.py:28)
2025-05-20 21:20:54,014 - Scheduler - INFO - Starting worker for repo: https://pypi.org/project/pytest (run_cp_analysis.py:28)
2025-05-20 21:20:54,014 - Scheduler - INFO - Starting worker for repo: https://pypi.org/project/mako (run_cp_analysis.py:28)
2025-05-20 21:20:54,014 - Scheduler - INFO - Starting worker for repo: https://pypi.org/project/azure-storage-blob (run_cp_analysis.py:28)
2025-05-20 21:21:22,476 - Scheduler - INFO - Worker completed for repo: https://pypi.org/project/wrapt (run_cp_analysis.py:37)
2025-05-20 21:21:22,493 - Scheduler - INFO - Progress: 1/575 repositories scanned. (base_scheduler.py:112)
2025-05-20 21:21:22,495 - Scheduler - INFO - Starting worker for repo: https://pypi.org/project/msrest (run_cp_analysis.py:28)
2025-05-20 21:21:25,102 - Scheduler - INFO - Worker completed for repo: https://pypi.org/project/google-api-core (run_cp_analysis.py:37)
2025-05-20 21:21:25,119 - Scheduler - INFO - Progress: 2/575 repositories scanned. (base_scheduler.py:112)
2025-05-20 21:21:25,121 - Scheduler - INFO - Starting worker for repo: https://pypi.org/project/astroid (run_cp_analysis.py:28)
2025-05-20 21:21:30,394 - Scheduler - INFO - Worker completed for repo: https://pypi.org/project/mako (run_cp_analysis.py:37)
2025-05-20 21:21:30,412 - Scheduler - INFO - Progress: 3/575 repositories scanned. (base_scheduler.py:112)
2025-05-20 21:21:30,413 - Scheduler - INFO - Starting worker for repo: https://pypi.org/project/deepdiff (run_cp_analysis.py:28)
2025-05-20 21:21:32,385 - Scheduler - INFO - Worker completed for repo: https://pypi.org/project/protobuf (run_cp_analysis.py:37)
2025-05-20 21:21:32,403 - Scheduler - INFO - Progress: 4/575 repositories scanned. (base_scheduler.py:112)
2025-05-20 21:21:32,405 - Scheduler - INFO - Starting worker for repo: https://pypi.org/project/graphql-core (run_cp_analysis.py:28)
2025-05-20 21:21:35,360 - Scheduler - INFO - Worker completed for repo: https://pypi.org/project/pytest (run_cp_analysis.py:37)
2025-05-20 21:21:35,387 - Scheduler - INFO - Progress: 5/575 repositories scanned. (base_scheduler.py:112)
2025-05-20 21:21:35,397 - Scheduler - INFO - Starting worker for repo: https://pypi.org/project/mock (run_cp_analysis.py:28)
2025-05-20 21:21:55,200 - Scheduler - INFO - Worker completed for repo: https://pypi.org/project/msrest (run_cp_analysis.py:37)
2025-05-20 21:21:55,217 - Scheduler - INFO - Progress: 6/575 repositories scanned. (base_scheduler.py:112)
2025-05-20 21:21:55,218 - Scheduler - INFO - Starting worker for repo: https://pypi.org/project/azure-storage-file-datalake (run_cp_analysis.py:28)
2025-05-20 21:21:55,386 - Scheduler - INFO - Worker completed for repo: https://pypi.org/project/azure-storage-blob (run_cp_analysis.py:37)
2025-05-20 21:21:55,402 - Scheduler - INFO - Progress: 7/575 repositories scanned. (base_scheduler.py:112)
2025-05-20 21:21:55,403 - Scheduler - INFO - Starting worker for repo: https://pypi.org/project/datasets (run_cp_analysis.py:28)
2025-05-20 21:22:06,691 - Scheduler - INFO - Worker completed for repo: https://pypi.org/project/mock (run_cp_analysis.py:37)
2025-05-20 21:22:06,707 - Scheduler - INFO - Progress: 8/575 repositories scanned. (base_scheduler.py:112)
2025-05-20 21:22:06,716 - Scheduler - INFO - Starting worker for repo: https://pypi.org/project/apache-airflow (run_cp_analysis.py:28)
2025-05-20 21:22:10,474 - Scheduler - INFO - Worker completed for repo: https://pypi.org/project/apache-airflow (run_cp_analysis.py:37)
2025-05-20 21:22:10,484 - Scheduler - INFO - Progress: 9/575 repositories scanned. (base_scheduler.py:112)
2025-05-20 21:22:10,485 - Scheduler - INFO - Starting worker for repo: https://pypi.org/project/azure-keyvault-secrets (run_cp_analysis.py:28)
2025-05-20 21:22:15,171 - Scheduler - INFO - Worker completed for repo: https://pypi.org/project/graphql-core (run_cp_analysis.py:37)
2025-05-20 21:22:15,188 - Scheduler - INFO - Progress: 10/575 repositories scanned. (base_scheduler.py:112)
2025-05-20 21:22:15,190 - Scheduler - INFO - Starting worker for repo: https://pypi.org/project/google-ads (run_cp_analysis.py:28)
2025-05-20 21:22:19,373 - Scheduler - INFO - Worker completed for repo: https://pypi.org/project/astroid (run_cp_analysis.py:37)
2025-05-20 21:22:19,421 - Scheduler - INFO - Progress: 11/575 repositories scanned. (base_scheduler.py:112)
2025-05-20 21:22:19,424 - Scheduler - INFO - Starting worker for repo: https://pypi.org/project/wandb (run_cp_analysis.py:28)
2025-05-20 21:22:20,186 - Scheduler - INFO - Worker completed for repo: https://pypi.org/project/deepdiff (run_cp_analysis.py:37)
2025-05-20 21:22:20,204 - Scheduler - INFO - Progress: 12/575 repositories scanned. (base_scheduler.py:112)
2025-05-20 21:22:20,206 - Scheduler - INFO - Starting worker for repo: https://pypi.org/project/ddtrace (run_cp_analysis.py:28)
2025-05-20 21:22:38,707 - Scheduler - INFO - Worker completed for repo: https://pypi.org/project/azure-storage-file-datalake (run_cp_analysis.py:37)
2025-05-20 21:22:38,728 - Scheduler - INFO - Progress: 13/575 repositories scanned. (base_scheduler.py:112)
2025-05-20 21:22:38,730 - Scheduler - INFO - Starting worker for repo: https://pypi.org/project/spacy (run_cp_analysis.py:28)
2025-05-20 21:22:47,126 - Scheduler - INFO - Worker completed for repo: https://pypi.org/project/azure-keyvault-secrets (run_cp_analysis.py:37)
2025-05-20 21:22:47,146 - Scheduler - INFO - Progress: 14/575 repositories scanned. (base_scheduler.py:112)
2025-05-20 21:22:47,148 - Scheduler - INFO - Starting worker for repo: https://pypi.org/project/jsonpickle (run_cp_analysis.py:28)
2025-05-20 21:23:15,951 - Scheduler - INFO - Worker completed for repo: https://pypi.org/project/jsonpickle (run_cp_analysis.py:37)
2025-05-20 21:23:15,959 - Scheduler - INFO - Progress: 15/575 repositories scanned. (base_scheduler.py:112)
2025-05-20 21:23:15,961 - Scheduler - INFO - Starting worker for repo: https://pypi.org/project/accelerate (run_cp_analysis.py:28)
2025-05-20 21:23:33,510 - Scheduler - INFO - Worker completed for repo: https://pypi.org/project/datasets (run_cp_analysis.py:37)
2025-05-20 21:23:33,529 - Scheduler - INFO - Progress: 16/575 repositories scanned. (base_scheduler.py:112)
2025-05-20 21:23:33,530 - Scheduler - INFO - Starting worker for repo: https://pypi.org/project/azure-mgmt-resource (run_cp_analysis.py:28)
2025-05-20 21:23:42,172 - Scheduler - INFO - Worker completed for repo: https://pypi.org/project/spacy (run_cp_analysis.py:37)
2025-05-20 21:23:42,185 - Scheduler - INFO - Progress: 17/575 repositories scanned. (base_scheduler.py:112)
2025-05-20 21:23:42,187 - Scheduler - INFO - Starting worker for repo: https://pypi.org/project/pytorch-lightning (run_cp_analysis.py:28)
2025-05-20 21:23:45,033 - Scheduler - INFO - Worker completed for repo: https://pypi.org/project/ddtrace (run_cp_analysis.py:37)
2025-05-20 21:23:45,055 - Scheduler - INFO - Progress: 18/575 repositories scanned. (base_scheduler.py:112)
2025-05-20 21:23:45,067 - Scheduler - INFO - Starting worker for repo: https://pypi.org/project/azure-storage-queue (run_cp_analysis.py:28)
2025-05-20 21:24:02,358 - Scheduler - INFO - Worker completed for repo: https://pypi.org/project/accelerate (run_cp_analysis.py:37)
2025-05-20 21:24:02,368 - Scheduler - INFO - Progress: 19/575 repositories scanned. (base_scheduler.py:112)
2025-05-20 21:24:02,370 - Scheduler - INFO - Starting worker for repo: https://pypi.org/project/azure-servicebus (run_cp_analysis.py:28)
2025-05-20 21:24:19,184 - Scheduler - INFO - Worker completed for repo: https://pypi.org/project/azure-storage-queue (run_cp_analysis.py:37)
2025-05-20 21:24:19,194 - Scheduler - INFO - Progress: 20/575 repositories scanned. (base_scheduler.py:112)
2025-05-20 21:24:19,195 - Scheduler - INFO - Starting worker for repo: https://pypi.org/project/passlib (run_cp_analysis.py:28)
2025-05-20 21:24:23,772 - Scheduler - INFO - Worker completed for repo: https://pypi.org/project/pytorch-lightning (run_cp_analysis.py:37)
2025-05-20 21:24:23,781 - Scheduler - INFO - Progress: 21/575 repositories scanned. (base_scheduler.py:112)
2025-05-20 21:24:23,783 - Scheduler - INFO - Starting worker for repo: https://pypi.org/project/azure-storage-file-share (run_cp_analysis.py:28)
2025-05-20 21:24:40,764 - Scheduler - INFO - Worker completed for repo: https://pypi.org/project/azure-servicebus (run_cp_analysis.py:37)
2025-05-20 21:24:40,781 - Scheduler - INFO - Progress: 22/575 repositories scanned. (base_scheduler.py:112)
2025-05-20 21:24:40,782 - Scheduler - INFO - Starting worker for repo: https://pypi.org/project/azure-mgmt-storage (run_cp_analysis.py:28)
2025-05-20 21:25:00,035 - Scheduler - INFO - Worker completed for repo: https://pypi.org/project/passlib (run_cp_analysis.py:37)
2025-05-20 21:25:00,043 - Scheduler - INFO - Progress: 23/575 repositories scanned. (base_scheduler.py:112)
2025-05-20 21:25:00,045 - Scheduler - INFO - Starting worker for repo: https://pypi.org/project/timm (run_cp_analysis.py:28)
2025-05-20 21:25:03,543 - Scheduler - INFO - Worker completed for repo: https://pypi.org/project/azure-storage-file-share (run_cp_analysis.py:37)
2025-05-20 21:25:03,558 - Scheduler - INFO - Progress: 24/575 repositories scanned. (base_scheduler.py:112)
2025-05-20 21:25:03,560 - Scheduler - INFO - Starting worker for repo: https://pypi.org/project/azure-keyvault-keys (run_cp_analysis.py:28)
2025-05-20 21:25:29,028 - Scheduler - INFO - Worker completed for repo: https://pypi.org/project/azure-mgmt-storage (run_cp_analysis.py:37)
2025-05-20 21:25:29,046 - Scheduler - INFO - Progress: 25/575 repositories scanned. (base_scheduler.py:112)
2025-05-20 21:25:29,047 - Scheduler - INFO - Starting worker for repo: https://pypi.org/project/magicattr (run_cp_analysis.py:28)
2025-05-20 21:25:30,503 - Scheduler - INFO - Worker completed for repo: https://pypi.org/project/azure-keyvault-keys (run_cp_analysis.py:37)
2025-05-20 21:25:30,510 - Scheduler - INFO - Progress: 26/575 repositories scanned. (base_scheduler.py:112)
2025-05-20 21:25:30,512 - Scheduler - INFO - Starting worker for repo: https://pypi.org/project/protobuf3-to-dict (run_cp_analysis.py:28)
2025-05-20 21:25:48,622 - Scheduler - INFO - Worker completed for repo: https://pypi.org/project/magicattr (run_cp_analysis.py:37)
2025-05-20 21:25:48,635 - Scheduler - INFO - Progress: 27/575 repositories scanned. (base_scheduler.py:112)
2025-05-20 21:25:48,637 - Scheduler - INFO - Starting worker for repo: https://pypi.org/project/azure-keyvault-certificates (run_cp_analysis.py:28)
2025-05-20 21:25:52,826 - Scheduler - INFO - Worker completed for repo: https://pypi.org/project/protobuf3-to-dict (run_cp_analysis.py:37)
2025-05-20 21:25:52,834 - Scheduler - INFO - Progress: 28/575 repositories scanned. (base_scheduler.py:112)
2025-05-20 21:25:52,835 - Scheduler - INFO - Starting worker for repo: https://pypi.org/project/azure-mgmt-datafactory (run_cp_analysis.py:28)
2025-05-20 21:25:58,884 - Scheduler - INFO - Worker completed for repo: https://pypi.org/project/wandb (run_cp_analysis.py:37)
2025-05-20 21:25:58,897 - Scheduler - INFO - Progress: 29/575 repositories scanned. (base_scheduler.py:112)
2025-05-20 21:25:58,899 - Scheduler - INFO - Starting worker for repo: https://pypi.org/project/azure-mgmt-containerregistry (run_cp_analysis.py:28)
2025-05-20 21:26:17,633 - Scheduler - INFO - Worker completed for repo: https://pypi.org/project/azure-keyvault-certificates (run_cp_analysis.py:37)
2025-05-20 21:26:17,647 - Scheduler - INFO - Progress: 30/575 repositories scanned. (base_scheduler.py:112)
2025-05-20 21:26:17,650 - Scheduler - INFO - Starting worker for repo: https://pypi.org/project/pydash (run_cp_analysis.py:28)
2025-05-20 21:26:37,451 - Scheduler - INFO - Worker completed for repo: https://pypi.org/project/timm (run_cp_analysis.py:37)
2025-05-20 21:26:37,466 - Scheduler - INFO - Progress: 31/575 repositories scanned. (base_scheduler.py:112)
2025-05-20 21:26:37,467 - Scheduler - INFO - Starting worker for repo: https://pypi.org/project/azure-mgmt-compute (run_cp_analysis.py:28)
2025-05-20 21:26:52,813 - Scheduler - INFO - Worker completed for repo: https://pypi.org/project/pydash (run_cp_analysis.py:37)
2025-05-20 21:26:52,830 - Scheduler - INFO - Progress: 32/575 repositories scanned. (base_scheduler.py:112)
2025-05-20 21:26:52,832 - Scheduler - INFO - Starting worker for repo: https://pypi.org/project/azure-mgmt-cosmosdb (run_cp_analysis.py:28)
2025-05-20 21:27:05,109 - Scheduler - INFO - Worker completed for repo: https://pypi.org/project/azure-mgmt-datafactory (run_cp_analysis.py:37)
2025-05-20 21:27:05,122 - Scheduler - INFO - Progress: 33/575 repositories scanned. (base_scheduler.py:112)
2025-05-20 21:27:05,124 - Scheduler - INFO - Starting worker for repo: https://pypi.org/project/azure-data-tables (run_cp_analysis.py:28)
2025-05-20 21:27:32,109 - Scheduler - INFO - Worker completed for repo: https://pypi.org/project/azure-data-tables (run_cp_analysis.py:37)
2025-05-20 21:27:32,120 - Scheduler - INFO - Progress: 34/575 repositories scanned. (base_scheduler.py:112)
2025-05-20 21:27:32,121 - Scheduler - INFO - Starting worker for repo: https://pypi.org/project/glom (run_cp_analysis.py:28)
2025-05-20 21:27:37,822 - Scheduler - INFO - Worker completed for repo: https://pypi.org/project/azure-mgmt-cosmosdb (run_cp_analysis.py:37)
2025-05-20 21:27:37,831 - Scheduler - INFO - Progress: 35/575 repositories scanned. (base_scheduler.py:112)
2025-05-20 21:27:37,833 - Scheduler - INFO - Starting worker for repo: https://pypi.org/project/azure-mgmt-containerinstance (run_cp_analysis.py:28)
2025-05-20 21:27:59,825 - Scheduler - INFO - Worker completed for repo: https://pypi.org/project/glom (run_cp_analysis.py:37)
2025-05-20 21:27:59,841 - Scheduler - INFO - Progress: 36/575 repositories scanned. (base_scheduler.py:112)
2025-05-20 21:27:59,843 - Scheduler - INFO - Starting worker for repo: https://pypi.org/project/azure-mgmt-keyvault (run_cp_analysis.py:28)
2025-05-20 21:28:02,315 - Scheduler - INFO - Worker completed for repo: https://pypi.org/project/azure-mgmt-containerinstance (run_cp_analysis.py:37)
2025-05-20 21:28:02,326 - Scheduler - INFO - Progress: 37/575 repositories scanned. (base_scheduler.py:112)
2025-05-20 21:28:02,328 - Scheduler - INFO - Starting worker for repo: https://pypi.org/project/azure-mgmt-authorization (run_cp_analysis.py:28)
2025-05-20 21:28:32,306 - Scheduler - INFO - Worker completed for repo: https://pypi.org/project/azure-mgmt-keyvault (run_cp_analysis.py:37)
2025-05-20 21:28:32,318 - Scheduler - INFO - Progress: 38/575 repositories scanned. (base_scheduler.py:112)
2025-05-20 21:28:32,320 - Scheduler - INFO - Starting worker for repo: https://pypi.org/project/google-generativeai (run_cp_analysis.py:28)
2025-05-20 21:28:58,262 - Scheduler - INFO - Worker completed for repo: https://pypi.org/project/google-generativeai (run_cp_analysis.py:37)
2025-05-20 21:28:58,279 - Scheduler - INFO - Progress: 39/575 repositories scanned. (base_scheduler.py:112)
2025-05-20 21:28:58,281 - Scheduler - INFO - Starting worker for repo: https://pypi.org/project/azure-mgmt-network (run_cp_analysis.py:28)
2025-05-20 21:29:07,552 - Scheduler - INFO - Worker completed for repo: https://pypi.org/project/azure-mgmt-authorization (run_cp_analysis.py:37)
2025-05-20 21:29:07,561 - Scheduler - INFO - Progress: 40/575 repositories scanned. (base_scheduler.py:112)
2025-05-20 21:29:07,564 - Scheduler - INFO - Starting worker for repo: https://pypi.org/project/azure-monitor-opentelemetry-exporter (run_cp_analysis.py:28)
2025-05-20 21:29:12,176 - Scheduler - INFO - Worker completed for repo: https://pypi.org/project/azure-mgmt-containerregistry (run_cp_analysis.py:37)
2025-05-20 21:29:12,188 - Scheduler - INFO - Progress: 41/575 repositories scanned. (base_scheduler.py:112)
2025-05-20 21:29:12,189 - Scheduler - INFO - Starting worker for repo: https://pypi.org/project/azure-mgmt-containerservice (run_cp_analysis.py:28)
2025-05-20 21:29:33,396 - Scheduler - INFO - Worker completed for repo: https://pypi.org/project/azure-monitor-opentelemetry-exporter (run_cp_analysis.py:37)
2025-05-20 21:29:33,415 - Scheduler - INFO - Progress: 42/575 repositories scanned. (base_scheduler.py:112)
2025-05-20 21:29:33,416 - Scheduler - INFO - Starting worker for repo: https://pypi.org/project/azure-mgmt-monitor (run_cp_analysis.py:28)
2025-05-20 21:30:12,471 - Scheduler - INFO - Worker completed for repo: https://pypi.org/project/azure-mgmt-containerservice (run_cp_analysis.py:37)
2025-05-20 21:30:12,479 - Scheduler - INFO - Progress: 43/575 repositories scanned. (base_scheduler.py:112)
2025-05-20 21:30:12,481 - Scheduler - INFO - Starting worker for repo: https://pypi.org/project/acryl-datahub (run_cp_analysis.py:28)
2025-05-20 21:30:45,344 - Scheduler - INFO - Worker completed for repo: https://pypi.org/project/azure-mgmt-monitor (run_cp_analysis.py:37)
2025-05-20 21:30:45,352 - Scheduler - INFO - Progress: 44/575 repositories scanned. (base_scheduler.py:112)
2025-05-20 21:30:45,354 - Scheduler - INFO - Starting worker for repo: https://pypi.org/project/azure-mgmt-web (run_cp_analysis.py:28)
2025-05-20 21:32:00,252 - Scheduler - INFO - Worker completed for repo: https://pypi.org/project/azure-mgmt-network (run_cp_analysis.py:37)
2025-05-20 21:32:00,260 - Scheduler - INFO - Progress: 45/575 repositories scanned. (base_scheduler.py:112)
2025-05-20 21:32:00,262 - Scheduler - INFO - Starting worker for repo: https://pypi.org/project/azure-mgmt-redis (run_cp_analysis.py:28)
2025-05-20 21:32:04,886 - Scheduler - INFO - Worker completed for repo: https://pypi.org/project/acryl-datahub (run_cp_analysis.py:37)
2025-05-20 21:32:04,893 - Scheduler - INFO - Progress: 46/575 repositories scanned. (base_scheduler.py:112)
2025-05-20 21:32:04,895 - Scheduler - INFO - Starting worker for repo: https://pypi.org/project/azure-appconfiguration (run_cp_analysis.py:28)
2025-05-20 21:32:26,239 - Scheduler - INFO - Worker completed for repo: https://pypi.org/project/azure-mgmt-redis (run_cp_analysis.py:37)
2025-05-20 21:32:26,250 - Scheduler - INFO - Progress: 47/575 repositories scanned. (base_scheduler.py:112)
2025-05-20 21:32:26,252 - Scheduler - INFO - Starting worker for repo: https://pypi.org/project/azure-mgmt-dns (run_cp_analysis.py:28)
2025-05-20 21:32:30,889 - Scheduler - INFO - Worker completed for repo: https://pypi.org/project/azure-appconfiguration (run_cp_analysis.py:37)
2025-05-20 21:32:30,899 - Scheduler - INFO - Progress: 48/575 repositories scanned. (base_scheduler.py:112)
2025-05-20 21:32:30,900 - Scheduler - INFO - Starting worker for repo: https://pypi.org/project/azure-mgmt-servicebus (run_cp_analysis.py:28)
2025-05-20 21:32:54,716 - Scheduler - INFO - Worker completed for repo: https://pypi.org/project/azure-mgmt-dns (run_cp_analysis.py:37)
2025-05-20 21:32:54,726 - Scheduler - INFO - Progress: 49/575 repositories scanned. (base_scheduler.py:112)
2025-05-20 21:32:54,727 - Scheduler - INFO - Starting worker for repo: https://pypi.org/project/azure-mgmt-msi (run_cp_analysis.py:28)
2025-05-20 21:33:04,669 - Scheduler - INFO - Worker completed for repo: https://pypi.org/project/azure-mgmt-servicebus (run_cp_analysis.py:37)
2025-05-20 21:33:04,684 - Scheduler - INFO - Progress: 50/575 repositories scanned. (base_scheduler.py:112)
2025-05-20 21:33:04,685 - Scheduler - INFO - Starting worker for repo: https://pypi.org/project/azure-mgmt-eventhub (run_cp_analysis.py:28)
2025-05-20 21:33:20,466 - Scheduler - INFO - Worker completed for repo: https://pypi.org/project/azure-mgmt-msi (run_cp_analysis.py:37)
2025-05-20 21:33:20,478 - Scheduler - INFO - Progress: 51/575 repositories scanned. (base_scheduler.py:112)
2025-05-20 21:33:20,479 - Scheduler - INFO - Starting worker for repo: https://pypi.org/project/azure-mgmt-cdn (run_cp_analysis.py:28)
2025-05-20 21:33:56,118 - Scheduler - INFO - Worker completed for repo: https://pypi.org/project/azure-mgmt-cdn (run_cp_analysis.py:37)
2025-05-20 21:33:56,134 - Scheduler - INFO - Progress: 52/575 repositories scanned. (base_scheduler.py:112)
2025-05-20 21:33:56,135 - Scheduler - INFO - Starting worker for repo: https://pypi.org/project/qdrant-client (run_cp_analysis.py:28)
2025-05-20 21:34:32,408 - Scheduler - INFO - Worker completed for repo: https://pypi.org/project/qdrant-client (run_cp_analysis.py:37)
2025-05-20 21:34:32,416 - Scheduler - INFO - Progress: 53/575 repositories scanned. (base_scheduler.py:112)
2025-05-20 21:34:32,417 - Scheduler - INFO - Starting worker for repo: https://pypi.org/project/azure-monitor-query (run_cp_analysis.py:28)
2025-05-20 21:34:32,547 - Scheduler - INFO - Worker completed for repo: https://pypi.org/project/azure-mgmt-eventhub (run_cp_analysis.py:37)
2025-05-20 21:34:32,562 - Scheduler - INFO - Progress: 54/575 repositories scanned. (base_scheduler.py:112)
2025-05-20 21:34:32,564 - Scheduler - INFO - Starting worker for repo: https://pypi.org/project/azure-mgmt-cognitiveservices (run_cp_analysis.py:28)
2025-05-20 21:35:01,312 - Scheduler - INFO - Worker completed for repo: https://pypi.org/project/azure-monitor-query (run_cp_analysis.py:37)
2025-05-20 21:35:01,329 - Scheduler - INFO - Progress: 55/575 repositories scanned. (base_scheduler.py:112)
2025-05-20 21:35:01,331 - Scheduler - INFO - Starting worker for repo: https://pypi.org/project/azure-mgmt-search (run_cp_analysis.py:28)
2025-05-20 21:35:03,862 - Scheduler - INFO - Worker completed for repo: https://pypi.org/project/azure-mgmt-cognitiveservices (run_cp_analysis.py:37)
2025-05-20 21:35:03,878 - Scheduler - INFO - Progress: 56/575 repositories scanned. (base_scheduler.py:112)
2025-05-20 21:35:03,880 - Scheduler - INFO - Starting worker for repo: https://pypi.org/project/azure-mgmt-batch (run_cp_analysis.py:28)
2025-05-20 21:35:28,199 - Scheduler - INFO - Worker completed for repo: https://pypi.org/project/azure-mgmt-search (run_cp_analysis.py:37)
2025-05-20 21:35:28,217 - Scheduler - INFO - Progress: 57/575 repositories scanned. (base_scheduler.py:112)
2025-05-20 21:35:28,219 - Scheduler - INFO - Starting worker for repo: https://pypi.org/project/azure-mgmt-trafficmanager (run_cp_analysis.py:28)
2025-05-20 21:35:32,075 - Scheduler - INFO - Worker completed for repo: https://pypi.org/project/azure-mgmt-batch (run_cp_analysis.py:37)
2025-05-20 21:35:32,092 - Scheduler - INFO - Progress: 58/575 repositories scanned. (base_scheduler.py:112)
2025-05-20 21:35:32,093 - Scheduler - INFO - Starting worker for repo: https://pypi.org/project/azure-mgmt-applicationinsights (run_cp_analysis.py:28)
2025-05-20 21:35:53,364 - Scheduler - INFO - Worker completed for repo: https://pypi.org/project/azure-mgmt-trafficmanager (run_cp_analysis.py:37)
2025-05-20 21:35:53,381 - Scheduler - INFO - Progress: 59/575 repositories scanned. (base_scheduler.py:112)
2025-05-20 21:35:53,384 - Scheduler - INFO - Starting worker for repo: https://pypi.org/project/azure-mgmt-iothub (run_cp_analysis.py:28)
2025-05-20 21:36:15,843 - Scheduler - INFO - Worker completed for repo: https://pypi.org/project/azure-mgmt-applicationinsights (run_cp_analysis.py:37)
2025-05-20 21:36:15,859 - Scheduler - INFO - Progress: 60/575 repositories scanned. (base_scheduler.py:112)
2025-05-20 21:36:15,861 - Scheduler - INFO - Starting worker for repo: https://pypi.org/project/azure-mgmt-recoveryservicesbackup (run_cp_analysis.py:28)
2025-05-20 21:36:30,787 - Scheduler - INFO - Worker completed for repo: https://pypi.org/project/azure-mgmt-iothub (run_cp_analysis.py:37)
2025-05-20 21:36:30,799 - Scheduler - INFO - Progress: 61/575 repositories scanned. (base_scheduler.py:112)
2025-05-20 21:36:30,800 - Scheduler - INFO - Starting worker for repo: https://pypi.org/project/azure-mgmt-recoveryservices (run_cp_analysis.py:28)
2025-05-20 21:36:56,636 - Scheduler - INFO - Worker completed for repo: https://pypi.org/project/azure-mgmt-recoveryservices (run_cp_analysis.py:37)
2025-05-20 21:36:56,649 - Scheduler - INFO - Progress: 62/575 repositories scanned. (base_scheduler.py:112)
2025-05-20 21:36:56,650 - Scheduler - INFO - Starting worker for repo: https://pypi.org/project/azure-mgmt-eventgrid (run_cp_analysis.py:28)
2025-05-20 21:36:59,607 - Scheduler - INFO - Worker completed for repo: https://pypi.org/project/azure-mgmt-recoveryservicesbackup (run_cp_analysis.py:37)
2025-05-20 21:36:59,623 - Scheduler - INFO - Progress: 63/575 repositories scanned. (base_scheduler.py:112)
2025-05-20 21:36:59,624 - Scheduler - INFO - Starting worker for repo: https://pypi.org/project/azure-mgmt-servicefabric (run_cp_analysis.py:28)
2025-05-20 21:37:24,959 - Scheduler - INFO - Worker completed for repo: https://pypi.org/project/azure-mgmt-servicefabric (run_cp_analysis.py:37)
2025-05-20 21:37:24,974 - Scheduler - INFO - Progress: 64/575 repositories scanned. (base_scheduler.py:112)
2025-05-20 21:37:24,976 - Scheduler - INFO - Starting worker for repo: https://pypi.org/project/azure-mgmt-billing (run_cp_analysis.py:28)
2025-05-20 21:37:36,219 - Scheduler - INFO - Worker completed for repo: https://pypi.org/project/azure-mgmt-eventgrid (run_cp_analysis.py:37)
2025-05-20 21:37:36,233 - Scheduler - INFO - Progress: 65/575 repositories scanned. (base_scheduler.py:112)
2025-05-20 21:37:36,234 - Scheduler - INFO - Starting worker for repo: https://pypi.org/project/azure-mgmt-media (run_cp_analysis.py:28)
2025-05-20 21:38:08,367 - Scheduler - INFO - Worker completed for repo: https://pypi.org/project/azure-mgmt-media (run_cp_analysis.py:37)
2025-05-20 21:38:08,383 - Scheduler - INFO - Progress: 66/575 repositories scanned. (base_scheduler.py:112)
2025-05-20 21:38:08,384 - Scheduler - INFO - Starting worker for repo: https://pypi.org/project/azure-mgmt-signalr (run_cp_analysis.py:28)
2025-05-20 21:38:09,124 - Scheduler - INFO - Worker completed for repo: https://pypi.org/project/azure-mgmt-billing (run_cp_analysis.py:37)
2025-05-20 21:38:09,141 - Scheduler - INFO - Progress: 67/575 repositories scanned. (base_scheduler.py:112)
2025-05-20 21:38:09,143 - Scheduler - INFO - Starting worker for repo: https://pypi.org/project/azure-mgmt-maps (run_cp_analysis.py:28)
2025-05-20 21:38:35,303 - Scheduler - INFO - Worker completed for repo: https://pypi.org/project/azure-mgmt-maps (run_cp_analysis.py:37)
2025-05-20 21:38:35,319 - Scheduler - INFO - Progress: 68/575 repositories scanned. (base_scheduler.py:112)
2025-05-20 21:38:35,321 - Scheduler - INFO - Starting worker for repo: https://pypi.org/project/azure-synapse-artifacts (run_cp_analysis.py:28)
2025-05-20 21:38:35,498 - Scheduler - INFO - Worker completed for repo: https://pypi.org/project/azure-mgmt-signalr (run_cp_analysis.py:37)
2025-05-20 21:38:35,506 - Scheduler - INFO - Progress: 69/575 repositories scanned. (base_scheduler.py:112)
2025-05-20 21:38:35,507 - Scheduler - INFO - Starting worker for repo: https://pypi.org/project/azureml-core (run_cp_analysis.py:28)
2025-05-20 21:39:39,392 - Scheduler - INFO - Worker completed for repo: https://pypi.org/project/azure-synapse-artifacts (run_cp_analysis.py:37)
2025-05-20 21:39:39,400 - Scheduler - INFO - Progress: 70/575 repositories scanned. (base_scheduler.py:112)
2025-05-20 21:39:39,402 - Scheduler - INFO - Starting worker for repo: https://pypi.org/project/pyinstrument (run_cp_analysis.py:28)
2025-05-20 21:40:01,322 - Scheduler - INFO - Worker completed for repo: https://pypi.org/project/pyinstrument (run_cp_analysis.py:37)
2025-05-20 21:40:01,338 - Scheduler - INFO - Progress: 71/575 repositories scanned. (base_scheduler.py:112)
2025-05-20 21:40:01,340 - Scheduler - INFO - Starting worker for repo: https://pypi.org/project/lightning (run_cp_analysis.py:28)
2025-05-20 21:40:36,295 - Scheduler - INFO - Worker completed for repo: https://pypi.org/project/lightning (run_cp_analysis.py:37)
2025-05-20 21:40:36,311 - Scheduler - INFO - Progress: 72/575 repositories scanned. (base_scheduler.py:112)
2025-05-20 21:40:36,313 - Scheduler - INFO - Starting worker for repo: https://pypi.org/project/azure-eventgrid (run_cp_analysis.py:28)
2025-05-20 21:40:53,129 - Scheduler - INFO - Worker completed for repo: https://pypi.org/project/azure-mgmt-compute (run_cp_analysis.py:37)
2025-05-20 21:40:53,145 - Scheduler - INFO - Progress: 73/575 repositories scanned. (base_scheduler.py:112)
2025-05-20 21:40:53,147 - Scheduler - INFO - Starting worker for repo: https://pypi.org/project/azure-search-documents (run_cp_analysis.py:28)
2025-05-20 21:41:06,064 - Scheduler - INFO - Worker completed for repo: https://pypi.org/project/azure-eventgrid (run_cp_analysis.py:37)
2025-05-20 21:41:06,072 - Scheduler - INFO - Progress: 74/575 repositories scanned. (base_scheduler.py:112)
2025-05-20 21:41:06,074 - Scheduler - INFO - Starting worker for repo: https://pypi.org/project/newrelic (run_cp_analysis.py:28)
2025-05-20 21:41:20,391 - Scheduler - INFO - Worker completed for repo: https://pypi.org/project/azure-mgmt-resource (run_cp_analysis.py:37)
2025-05-20 21:41:20,411 - Scheduler - INFO - Progress: 75/575 repositories scanned. (base_scheduler.py:112)
2025-05-20 21:41:20,412 - Scheduler - INFO - Starting worker for repo: https://pypi.org/project/fastcore (run_cp_analysis.py:28)
2025-05-20 21:41:27,899 - Scheduler - INFO - Worker completed for repo: https://pypi.org/project/azure-search-documents (run_cp_analysis.py:37)
2025-05-20 21:41:27,913 - Scheduler - INFO - Progress: 76/575 repositories scanned. (base_scheduler.py:112)
2025-05-20 21:41:27,915 - Scheduler - INFO - Starting worker for repo: https://pypi.org/project/tf-keras (run_cp_analysis.py:28)
2025-05-20 21:41:47,521 - Scheduler - INFO - Worker completed for repo: https://pypi.org/project/fastcore (run_cp_analysis.py:37)
2025-05-20 21:41:47,539 - Scheduler - INFO - Progress: 77/575 repositories scanned. (base_scheduler.py:112)
2025-05-20 21:41:47,541 - Scheduler - INFO - Starting worker for repo: https://pypi.org/project/azure-cli-core (run_cp_analysis.py:28)
2025-05-20 21:41:53,851 - Scheduler - INFO - Worker completed for repo: https://pypi.org/project/newrelic (run_cp_analysis.py:37)
2025-05-20 21:41:53,861 - Scheduler - INFO - Progress: 78/575 repositories scanned. (base_scheduler.py:112)
2025-05-20 21:41:53,863 - Scheduler - INFO - Starting worker for repo: https://pypi.org/project/etils (run_cp_analysis.py:28)
2025-05-20 21:42:16,113 - Scheduler - INFO - Worker completed for repo: https://pypi.org/project/etils (run_cp_analysis.py:37)
2025-05-20 21:42:16,125 - Scheduler - INFO - Progress: 79/575 repositories scanned. (base_scheduler.py:112)
2025-05-20 21:42:16,126 - Scheduler - INFO - Starting worker for repo: https://pypi.org/project/azure-mgmt-subscription (run_cp_analysis.py:28)
2025-05-20 21:42:21,486 - Scheduler - INFO - Worker completed for repo: https://pypi.org/project/azure-cli-core (run_cp_analysis.py:37)
2025-05-20 21:42:21,501 - Scheduler - INFO - Progress: 80/575 repositories scanned. (base_scheduler.py:112)
2025-05-20 21:42:21,503 - Scheduler - INFO - Starting worker for repo: https://pypi.org/project/conan (run_cp_analysis.py:28)
2025-05-20 21:42:40,506 - Scheduler - INFO - Worker completed for repo: https://pypi.org/project/azure-mgmt-subscription (run_cp_analysis.py:37)
2025-05-20 21:42:40,514 - Scheduler - INFO - Progress: 81/575 repositories scanned. (base_scheduler.py:112)
2025-05-20 21:42:40,515 - Scheduler - INFO - Starting worker for repo: https://pypi.org/project/azure-mgmt-reservations (run_cp_analysis.py:28)
2025-05-20 21:43:06,160 - Scheduler - INFO - Worker completed for repo: https://pypi.org/project/azure-mgmt-reservations (run_cp_analysis.py:37)
2025-05-20 21:43:06,174 - Scheduler - INFO - Progress: 82/575 repositories scanned. (base_scheduler.py:112)
2025-05-20 21:43:06,175 - Scheduler - INFO - Starting worker for repo: https://pypi.org/project/azure-mgmt-apimanagement (run_cp_analysis.py:28)
2025-05-20 21:43:14,289 - Scheduler - INFO - Worker completed for repo: https://pypi.org/project/conan (run_cp_analysis.py:37)
2025-05-20 21:43:14,308 - Scheduler - INFO - Progress: 83/575 repositories scanned. (base_scheduler.py:112)
2025-05-20 21:43:14,310 - Scheduler - INFO - Starting worker for repo: https://pypi.org/project/google-genai (run_cp_analysis.py:28)
2025-05-20 21:44:19,991 - Scheduler - INFO - Worker completed for repo: https://pypi.org/project/google-genai (run_cp_analysis.py:37)
2025-05-20 21:44:20,004 - Scheduler - INFO - Progress: 84/575 repositories scanned. (base_scheduler.py:112)
2025-05-20 21:44:20,005 - Scheduler - INFO - Starting worker for repo: https://pypi.org/project/azure-mgmt-privatedns (run_cp_analysis.py:28)
2025-05-20 21:44:43,566 - Scheduler - INFO - Worker completed for repo: https://pypi.org/project/azure-mgmt-privatedns (run_cp_analysis.py:37)
2025-05-20 21:44:43,575 - Scheduler - INFO - Progress: 85/575 repositories scanned. (base_scheduler.py:112)
2025-05-20 21:44:43,576 - Scheduler - INFO - Starting worker for repo: https://pypi.org/project/azure-cli (run_cp_analysis.py:28)
2025-05-20 21:44:47,227 - Scheduler - INFO - Worker completed for repo: https://pypi.org/project/azure-mgmt-apimanagement (run_cp_analysis.py:37)
2025-05-20 21:44:47,240 - Scheduler - INFO - Progress: 86/575 repositories scanned. (base_scheduler.py:112)
2025-05-20 21:44:47,241 - Scheduler - INFO - Starting worker for repo: https://pypi.org/project/azure-mgmt-security (run_cp_analysis.py:28)
2025-05-20 21:46:20,257 - Scheduler - INFO - Worker completed for repo: https://pypi.org/project/azure-mgmt-security (run_cp_analysis.py:37)
2025-05-20 21:46:20,273 - Scheduler - INFO - Progress: 87/575 repositories scanned. (base_scheduler.py:112)
2025-05-20 21:46:20,274 - Scheduler - INFO - Starting worker for repo: https://pypi.org/project/flax (run_cp_analysis.py:28)
2025-05-20 21:46:51,832 - Scheduler - INFO - Worker completed for repo: https://pypi.org/project/flax (run_cp_analysis.py:37)
2025-05-20 21:46:51,840 - Scheduler - INFO - Progress: 88/575 repositories scanned. (base_scheduler.py:112)
2025-05-20 21:46:51,841 - Scheduler - INFO - Starting worker for repo: https://pypi.org/project/azure-schemaregistry (run_cp_analysis.py:28)
2025-05-20 21:47:15,821 - Scheduler - INFO - Worker completed for repo: https://pypi.org/project/azure-schemaregistry (run_cp_analysis.py:37)
2025-05-20 21:47:15,836 - Scheduler - INFO - Progress: 89/575 repositories scanned. (base_scheduler.py:112)
2025-05-20 21:47:15,838 - Scheduler - INFO - Starting worker for repo: https://pypi.org/project/azure-ai-documentintelligence (run_cp_analysis.py:28)
2025-05-20 21:47:43,756 - Scheduler - INFO - Worker completed for repo: https://pypi.org/project/azure-ai-documentintelligence (run_cp_analysis.py:37)
2025-05-20 21:47:43,773 - Scheduler - INFO - Progress: 90/575 repositories scanned. (base_scheduler.py:112)
2025-05-20 21:47:43,774 - Scheduler - INFO - Starting worker for repo: https://pypi.org/project/azure-mgmt-appconfiguration (run_cp_analysis.py:28)
2025-05-20 21:48:08,217 - Scheduler - INFO - Worker completed for repo: https://pypi.org/project/azure-mgmt-appconfiguration (run_cp_analysis.py:37)
2025-05-20 21:48:08,233 - Scheduler - INFO - Progress: 91/575 repositories scanned. (base_scheduler.py:112)
2025-05-20 21:48:08,235 - Scheduler - INFO - Starting worker for repo: https://pypi.org/project/azure-mgmt-powerbiembedded (run_cp_analysis.py:28)
2025-05-20 21:48:30,617 - Scheduler - INFO - Worker completed for repo: https://pypi.org/project/azure-mgmt-powerbiembedded (run_cp_analysis.py:37)
2025-05-20 21:48:30,631 - Scheduler - INFO - Progress: 92/575 repositories scanned. (base_scheduler.py:112)
2025-05-20 21:48:30,633 - Scheduler - INFO - Starting worker for repo: https://pypi.org/project/azure-mgmt-netapp (run_cp_analysis.py:28)
2025-05-20 21:49:04,131 - Scheduler - INFO - Worker completed for repo: https://pypi.org/project/azure-mgmt-netapp (run_cp_analysis.py:37)
2025-05-20 21:49:04,146 - Scheduler - INFO - Progress: 93/575 repositories scanned. (base_scheduler.py:112)
2025-05-20 21:49:04,148 - Scheduler - INFO - Starting worker for repo: https://pypi.org/project/azure-multiapi-storage (run_cp_analysis.py:28)
2025-05-20 21:50:58,375 - Scheduler - INFO - Worker completed for repo: https://pypi.org/project/azure-cli (run_cp_analysis.py:37)
2025-05-20 21:50:58,383 - Scheduler - INFO - Progress: 94/575 repositories scanned. (base_scheduler.py:112)
2025-05-20 21:50:58,385 - Scheduler - INFO - Starting worker for repo: https://pypi.org/project/azure-mgmt-redhatopenshift (run_cp_analysis.py:28)
2025-05-20 21:51:22,209 - Scheduler - INFO - Worker completed for repo: https://pypi.org/project/azure-mgmt-redhatopenshift (run_cp_analysis.py:37)
2025-05-20 21:51:22,234 - Scheduler - INFO - Progress: 95/575 repositories scanned. (base_scheduler.py:112)
2025-05-20 21:51:22,238 - Scheduler - INFO - Starting worker for repo: https://pypi.org/project/azure-mgmt-botservice (run_cp_analysis.py:28)
2025-05-20 21:51:32,826 - Scheduler - INFO - Worker completed for repo: https://pypi.org/project/tf-keras (run_cp_analysis.py:37)
2025-05-20 21:51:32,843 - Scheduler - INFO - Progress: 96/575 repositories scanned. (base_scheduler.py:112)
2025-05-20 21:51:32,845 - Scheduler - INFO - Starting worker for repo: https://pypi.org/project/azure-mgmt-databoxedge (run_cp_analysis.py:28)
2025-05-20 21:51:47,659 - Scheduler - INFO - Worker completed for repo: https://pypi.org/project/azure-mgmt-botservice (run_cp_analysis.py:37)
2025-05-20 21:51:47,667 - Scheduler - INFO - Progress: 97/575 repositories scanned. (base_scheduler.py:112)
2025-05-20 21:51:47,668 - Scheduler - INFO - Starting worker for repo: https://pypi.org/project/azure-keyvault-administration (run_cp_analysis.py:28)
2025-05-20 21:52:09,149 - Scheduler - INFO - Worker completed for repo: https://pypi.org/project/azure-mgmt-databoxedge (run_cp_analysis.py:37)
2025-05-20 21:52:09,157 - Scheduler - INFO - Progress: 98/575 repositories scanned. (base_scheduler.py:112)
2025-05-20 21:52:09,158 - Scheduler - INFO - Starting worker for repo: https://pypi.org/project/azure-mgmt-imagebuilder (run_cp_analysis.py:28)
2025-05-20 21:52:11,207 - Scheduler - INFO - Worker completed for repo: https://pypi.org/project/azure-keyvault-administration (run_cp_analysis.py:37)
2025-05-20 21:52:11,222 - Scheduler - INFO - Progress: 99/575 repositories scanned. (base_scheduler.py:112)
2025-05-20 21:52:11,223 - Scheduler - INFO - Starting worker for repo: https://pypi.org/project/azure-mgmt-extendedlocation (run_cp_analysis.py:28)
2025-05-20 21:52:11,687 - Scheduler - INFO - Worker completed for repo: https://pypi.org/project/azure-mgmt-web (run_cp_analysis.py:37)
2025-05-20 21:52:11,704 - Scheduler - INFO - Progress: 100/575 repositories scanned. (base_scheduler.py:112)
2025-05-20 21:52:11,706 - Scheduler - INFO - Starting worker for repo: https://pypi.org/project/azure-mgmt-servicefabricmanagedclusters (run_cp_analysis.py:28)
2025-05-20 21:52:36,343 - Scheduler - INFO - Worker completed for repo: https://pypi.org/project/azure-mgmt-imagebuilder (run_cp_analysis.py:37)
2025-05-20 21:52:36,364 - Scheduler - INFO - Progress: 101/575 repositories scanned. (base_scheduler.py:112)
2025-05-20 21:52:36,366 - Scheduler - INFO - Starting worker for repo: https://pypi.org/project/azure-mgmt-appcontainers (run_cp_analysis.py:28)
2025-05-20 21:52:37,337 - Scheduler - INFO - Worker completed for repo: https://pypi.org/project/azure-mgmt-extendedlocation (run_cp_analysis.py:37)
2025-05-20 21:52:37,352 - Scheduler - INFO - Progress: 102/575 repositories scanned. (base_scheduler.py:112)
2025-05-20 21:52:37,354 - Scheduler - INFO - Starting worker for repo: https://pypi.org/project/django-import-export (run_cp_analysis.py:28)
2025-05-20 21:52:42,198 - Scheduler - INFO - Worker completed for repo: https://pypi.org/project/azure-mgmt-servicefabricmanagedclusters (run_cp_analysis.py:37)
2025-05-20 21:52:42,213 - Scheduler - INFO - Progress: 103/575 repositories scanned. (base_scheduler.py:112)
2025-05-20 21:52:42,214 - Scheduler - INFO - Starting worker for repo: https://pypi.org/project/azure-ai-ml (run_cp_analysis.py:28)
2025-05-20 21:53:06,010 - Scheduler - INFO - Worker completed for repo: https://pypi.org/project/django-import-export (run_cp_analysis.py:37)
2025-05-20 21:53:06,028 - Scheduler - INFO - Progress: 104/575 repositories scanned. (base_scheduler.py:112)
2025-05-20 21:53:06,029 - Scheduler - INFO - Starting worker for repo: https://pypi.org/project/dlt (run_cp_analysis.py:28)
2025-05-20 21:53:20,271 - Scheduler - INFO - Worker completed for repo: https://pypi.org/project/azure-mgmt-appcontainers (run_cp_analysis.py:37)
2025-05-20 21:53:20,288 - Scheduler - INFO - Progress: 105/575 repositories scanned. (base_scheduler.py:112)
2025-05-20 21:53:20,289 - Scheduler - INFO - Starting worker for repo: https://pypi.org/project/diracx-client (run_cp_analysis.py:28)
2025-05-20 21:53:47,583 - Scheduler - INFO - Worker completed for repo: https://pypi.org/project/diracx-client (run_cp_analysis.py:37)
2025-05-20 21:53:47,591 - Scheduler - INFO - Progress: 106/575 repositories scanned. (base_scheduler.py:112)
2025-05-20 21:53:47,593 - Scheduler - INFO - Starting worker for repo: https://pypi.org/project/mediapipe (run_cp_analysis.py:28)
2025-05-20 21:54:13,448 - Scheduler - INFO - Worker completed for repo: https://pypi.org/project/dlt (run_cp_analysis.py:37)
2025-05-20 21:54:13,457 - Scheduler - INFO - Progress: 107/575 repositories scanned. (base_scheduler.py:112)
2025-05-20 21:54:13,460 - Scheduler - INFO - Starting worker for repo: https://pypi.org/project/azure-mgmt-hybridcompute (run_cp_analysis.py:28)
2025-05-20 21:54:31,274 - Scheduler - INFO - Worker completed for repo: https://pypi.org/project/mediapipe (run_cp_analysis.py:37)
2025-05-20 21:54:31,283 - Scheduler - INFO - Progress: 108/575 repositories scanned. (base_scheduler.py:112)
2025-05-20 21:54:31,284 - Scheduler - INFO - Starting worker for repo: https://pypi.org/project/jsonargparse (run_cp_analysis.py:28)
2025-05-20 21:54:40,933 - Scheduler - INFO - Worker completed for repo: https://pypi.org/project/azure-mgmt-hybridcompute (run_cp_analysis.py:37)
2025-05-20 21:54:40,941 - Scheduler - INFO - Progress: 109/575 repositories scanned. (base_scheduler.py:112)
2025-05-20 21:54:40,942 - Scheduler - INFO - Starting worker for repo: https://pypi.org/project/azure-mgmt-mysqlflexibleservers (run_cp_analysis.py:28)
2025-05-20 21:55:06,867 - Scheduler - INFO - Worker completed for repo: https://pypi.org/project/azure-mgmt-mysqlflexibleservers (run_cp_analysis.py:37)
2025-05-20 21:55:06,881 - Scheduler - INFO - Progress: 110/575 repositories scanned. (base_scheduler.py:112)
2025-05-20 21:55:06,883 - Scheduler - INFO - Starting worker for repo: https://pypi.org/project/azure-mgmt-postgresqlflexibleservers (run_cp_analysis.py:28)
2025-05-20 21:55:29,098 - Scheduler - INFO - Worker completed for repo: https://pypi.org/project/jsonargparse (run_cp_analysis.py:37)
2025-05-20 21:55:29,106 - Scheduler - INFO - Progress: 111/575 repositories scanned. (base_scheduler.py:112)
2025-05-20 21:55:29,107 - Scheduler - INFO - Starting worker for repo: https://pypi.org/project/modelscope (run_cp_analysis.py:28)
2025-05-20 21:55:34,794 - Scheduler - INFO - Worker completed for repo: https://pypi.org/project/azure-mgmt-postgresqlflexibleservers (run_cp_analysis.py:37)
2025-05-20 21:55:34,812 - Scheduler - INFO - Progress: 112/575 repositories scanned. (base_scheduler.py:112)
2025-05-20 21:55:34,813 - Scheduler - INFO - Starting worker for repo: https://pypi.org/project/xsdata (run_cp_analysis.py:28)
2025-05-20 21:55:52,076 - Scheduler - INFO - Worker completed for repo: https://pypi.org/project/azureml-core (run_cp_analysis.py:37)
2025-05-20 21:55:52,092 - Scheduler - INFO - Progress: 113/575 repositories scanned. (base_scheduler.py:112)
2025-05-20 21:55:52,094 - Scheduler - INFO - Starting worker for repo: https://pypi.org/project/modal (run_cp_analysis.py:28)
2025-05-20 21:56:04,148 - Scheduler - INFO - Worker completed for repo: https://pypi.org/project/xsdata (run_cp_analysis.py:37)
2025-05-20 21:56:04,163 - Scheduler - INFO - Progress: 114/575 repositories scanned. (base_scheduler.py:112)
2025-05-20 21:56:04,165 - Scheduler - INFO - Starting worker for repo: https://pypi.org/project/fixtures (run_cp_analysis.py:28)
2025-05-20 21:56:25,554 - Scheduler - INFO - Worker completed for repo: https://pypi.org/project/fixtures (run_cp_analysis.py:37)
2025-05-20 21:56:25,568 - Scheduler - INFO - Progress: 115/575 repositories scanned. (base_scheduler.py:112)
2025-05-20 21:56:25,570 - Scheduler - INFO - Starting worker for repo: https://pypi.org/project/gluonts (run_cp_analysis.py:28)
2025-05-20 21:56:30,414 - Scheduler - INFO - Worker completed for repo: https://pypi.org/project/modal (run_cp_analysis.py:37)
2025-05-20 21:56:30,427 - Scheduler - INFO - Progress: 116/575 repositories scanned. (base_scheduler.py:112)
2025-05-20 21:56:30,428 - Scheduler - INFO - Starting worker for repo: https://pypi.org/project/panel (run_cp_analysis.py:28)
2025-05-20 21:57:36,902 - Scheduler - INFO - Worker completed for repo: https://pypi.org/project/gluonts (run_cp_analysis.py:37)
2025-05-20 21:57:36,918 - Scheduler - INFO - Progress: 117/575 repositories scanned. (base_scheduler.py:112)
2025-05-20 21:57:36,920 - Scheduler - INFO - Starting worker for repo: https://pypi.org/project/optimum (run_cp_analysis.py:28)
2025-05-20 21:58:10,805 - Scheduler - INFO - Worker completed for repo: https://pypi.org/project/optimum (run_cp_analysis.py:37)
2025-05-20 21:58:10,822 - Scheduler - INFO - Progress: 118/575 repositories scanned. (base_scheduler.py:112)
2025-05-20 21:58:10,824 - Scheduler - INFO - Starting worker for repo: https://pypi.org/project/simple-parsing (run_cp_analysis.py:28)
2025-05-20 21:58:22,408 - Scheduler - INFO - Worker completed for repo: https://pypi.org/project/panel (run_cp_analysis.py:37)
2025-05-20 21:58:22,416 - Scheduler - INFO - Progress: 119/575 repositories scanned. (base_scheduler.py:112)
2025-05-20 21:58:22,417 - Scheduler - INFO - Starting worker for repo: https://pypi.org/project/model-bakery (run_cp_analysis.py:28)
2025-05-20 21:58:36,348 - Scheduler - INFO - Worker completed for repo: https://pypi.org/project/simple-parsing (run_cp_analysis.py:37)
2025-05-20 21:58:36,364 - Scheduler - INFO - Progress: 120/575 repositories scanned. (base_scheduler.py:112)
2025-05-20 21:58:36,365 - Scheduler - INFO - Starting worker for repo: https://pypi.org/project/azure-monitor-ingestion (run_cp_analysis.py:28)
2025-05-20 21:58:42,920 - Scheduler - INFO - Worker completed for repo: https://pypi.org/project/model-bakery (run_cp_analysis.py:37)
2025-05-20 21:58:42,931 - Scheduler - INFO - Progress: 121/575 repositories scanned. (base_scheduler.py:112)
2025-05-20 21:58:42,932 - Scheduler - INFO - Starting worker for repo: https://pypi.org/project/ariadne (run_cp_analysis.py:28)
2025-05-20 21:59:00,569 - Scheduler - INFO - Worker completed for repo: https://pypi.org/project/azure-monitor-ingestion (run_cp_analysis.py:37)
2025-05-20 21:59:00,585 - Scheduler - INFO - Progress: 122/575 repositories scanned. (base_scheduler.py:112)
2025-05-20 21:59:00,587 - Scheduler - INFO - Starting worker for repo: https://pypi.org/project/torchao (run_cp_analysis.py:28)
2025-05-20 21:59:08,916 - Scheduler - INFO - Worker completed for repo: https://pypi.org/project/ariadne (run_cp_analysis.py:37)
2025-05-20 21:59:08,932 - Scheduler - INFO - Progress: 123/575 repositories scanned. (base_scheduler.py:112)
2025-05-20 21:59:08,935 - Scheduler - INFO - Starting worker for repo: https://pypi.org/project/azure-mgmt-kusto (run_cp_analysis.py:28)
2025-05-20 21:59:40,784 - Scheduler - INFO - Worker completed for repo: https://pypi.org/project/azure-mgmt-kusto (run_cp_analysis.py:37)
2025-05-20 21:59:40,799 - Scheduler - INFO - Progress: 124/575 repositories scanned. (base_scheduler.py:112)
2025-05-20 21:59:40,800 - Scheduler - INFO - Starting worker for repo: https://pypi.org/project/azure-ai-inference (run_cp_analysis.py:28)
2025-05-20 21:59:52,795 - Scheduler - INFO - Worker completed for repo: https://pypi.org/project/google-ads (run_cp_analysis.py:37)
2025-05-20 21:59:52,807 - Scheduler - INFO - Progress: 125/575 repositories scanned. (base_scheduler.py:112)
2025-05-20 21:59:52,809 - Scheduler - INFO - Starting worker for repo: https://pypi.org/project/ragas (run_cp_analysis.py:28)
2025-05-20 21:59:58,111 - Scheduler - INFO - Worker completed for repo: https://pypi.org/project/torchao (run_cp_analysis.py:37)
2025-05-20 21:59:58,119 - Scheduler - INFO - Progress: 126/575 repositories scanned. (base_scheduler.py:112)
2025-05-20 21:59:58,120 - Scheduler - INFO - Starting worker for repo: https://pypi.org/project/deepspeed (run_cp_analysis.py:28)
2025-05-20 22:00:11,106 - Scheduler - INFO - Worker completed for repo: https://pypi.org/project/azure-multiapi-storage (run_cp_analysis.py:37)
2025-05-20 22:00:11,122 - Scheduler - INFO - Progress: 127/575 repositories scanned. (base_scheduler.py:112)
2025-05-20 22:00:11,123 - Scheduler - INFO - Starting worker for repo: https://pypi.org/project/azure-communication-email (run_cp_analysis.py:28)
2025-05-20 22:00:13,790 - Scheduler - INFO - Worker completed for repo: https://pypi.org/project/azure-ai-inference (run_cp_analysis.py:37)
2025-05-20 22:00:13,805 - Scheduler - INFO - Progress: 128/575 repositories scanned. (base_scheduler.py:112)
2025-05-20 22:00:13,810 - Scheduler - INFO - Starting worker for repo: https://pypi.org/project/datarobotx (run_cp_analysis.py:28)
2025-05-20 22:00:20,022 - Scheduler - INFO - Worker completed for repo: https://pypi.org/project/ragas (run_cp_analysis.py:37)
2025-05-20 22:00:20,038 - Scheduler - INFO - Progress: 129/575 repositories scanned. (base_scheduler.py:112)
2025-05-20 22:00:20,039 - Scheduler - INFO - Starting worker for repo: https://pypi.org/project/djangorestframework-dataclasses (run_cp_analysis.py:28)
2025-05-20 22:00:37,673 - Scheduler - INFO - Worker completed for repo: https://pypi.org/project/azure-communication-email (run_cp_analysis.py:37)
2025-05-20 22:00:37,692 - Scheduler - INFO - Progress: 130/575 repositories scanned. (base_scheduler.py:112)
2025-05-20 22:00:37,694 - Scheduler - INFO - Starting worker for repo: https://pypi.org/project/azure-containerregistry (run_cp_analysis.py:28)
2025-05-20 22:00:41,961 - Scheduler - INFO - Worker completed for repo: https://pypi.org/project/datarobotx (run_cp_analysis.py:37)
2025-05-20 22:00:41,969 - Scheduler - INFO - Progress: 131/575 repositories scanned. (base_scheduler.py:112)
2025-05-20 22:00:41,971 - Scheduler - INFO - Starting worker for repo: https://pypi.org/project/ibis-framework (run_cp_analysis.py:28)
2025-05-20 22:00:43,612 - Scheduler - INFO - Worker completed for repo: https://pypi.org/project/djangorestframework-dataclasses (run_cp_analysis.py:37)
2025-05-20 22:00:43,624 - Scheduler - INFO - Progress: 132/575 repositories scanned. (base_scheduler.py:112)
2025-05-20 22:00:43,626 - Scheduler - INFO - Starting worker for repo: https://pypi.org/project/docarray (run_cp_analysis.py:28)
2025-05-20 22:01:07,258 - Scheduler - INFO - Worker completed for repo: https://pypi.org/project/azure-containerregistry (run_cp_analysis.py:37)
2025-05-20 22:01:07,268 - Scheduler - INFO - Progress: 133/575 repositories scanned. (base_scheduler.py:112)
2025-05-20 22:01:07,270 - Scheduler - INFO - Starting worker for repo: https://pypi.org/project/paddlepaddle (run_cp_analysis.py:28)
2025-05-20 22:01:14,257 - Scheduler - INFO - Worker completed for repo: https://pypi.org/project/docarray (run_cp_analysis.py:37)
2025-05-20 22:01:14,269 - Scheduler - INFO - Progress: 134/575 repositories scanned. (base_scheduler.py:112)
2025-05-20 22:01:14,271 - Scheduler - INFO - Starting worker for repo: https://pypi.org/project/tf-keras-nightly (run_cp_analysis.py:28)
2025-05-20 22:01:28,368 - Scheduler - INFO - Worker completed for repo: https://pypi.org/project/deepspeed (run_cp_analysis.py:37)
2025-05-20 22:01:28,389 - Scheduler - INFO - Progress: 135/575 repositories scanned. (base_scheduler.py:112)
2025-05-20 22:01:28,391 - Scheduler - INFO - Starting worker for repo: https://pypi.org/project/traits (run_cp_analysis.py:28)
2025-05-20 22:01:53,927 - Scheduler - INFO - Worker completed for repo: https://pypi.org/project/ibis-framework (run_cp_analysis.py:37)
2025-05-20 22:01:53,942 - Scheduler - INFO - Progress: 136/575 repositories scanned. (base_scheduler.py:112)
2025-05-20 22:01:53,943 - Scheduler - INFO - Starting worker for repo: https://pypi.org/project/azureml-train-automl-client (run_cp_analysis.py:28)
2025-05-20 22:02:06,498 - Scheduler - INFO - Worker completed for repo: https://pypi.org/project/traits (run_cp_analysis.py:37)
2025-05-20 22:02:06,514 - Scheduler - INFO - Progress: 137/575 repositories scanned. (base_scheduler.py:112)
2025-05-20 22:02:06,516 - Scheduler - INFO - Starting worker for repo: https://pypi.org/project/azure-mgmt-quota (run_cp_analysis.py:28)
2025-05-20 22:02:16,064 - Scheduler - INFO - Worker completed for repo: https://pypi.org/project/azureml-train-automl-client (run_cp_analysis.py:37)
2025-05-20 22:02:16,071 - Scheduler - INFO - Progress: 138/575 repositories scanned. (base_scheduler.py:112)
2025-05-20 22:02:16,072 - Scheduler - INFO - Starting worker for repo: https://pypi.org/project/clearml (run_cp_analysis.py:28)
2025-05-20 22:02:32,683 - Scheduler - INFO - Worker completed for repo: https://pypi.org/project/azure-mgmt-quota (run_cp_analysis.py:37)
2025-05-20 22:02:32,703 - Scheduler - INFO - Progress: 139/575 repositories scanned. (base_scheduler.py:112)
2025-05-20 22:02:32,705 - Scheduler - INFO - Starting worker for repo: https://pypi.org/project/spyne (run_cp_analysis.py:28)
2025-05-20 22:03:40,712 - Scheduler - INFO - Worker completed for repo: https://pypi.org/project/spyne (run_cp_analysis.py:37)
2025-05-20 22:03:40,720 - Scheduler - INFO - Progress: 140/575 repositories scanned. (base_scheduler.py:112)
2025-05-20 22:03:40,722 - Scheduler - INFO - Starting worker for repo: https://pypi.org/project/beanie (run_cp_analysis.py:28)
2025-05-20 22:04:03,407 - Scheduler - INFO - Worker completed for repo: https://pypi.org/project/beanie (run_cp_analysis.py:37)
2025-05-20 22:04:03,414 - Scheduler - INFO - Progress: 141/575 repositories scanned. (base_scheduler.py:112)
2025-05-20 22:04:03,415 - Scheduler - INFO - Starting worker for repo: https://pypi.org/project/tensorflow-model-optimization (run_cp_analysis.py:28)
2025-05-20 22:04:27,998 - Scheduler - INFO - Worker completed for repo: https://pypi.org/project/tensorflow-model-optimization (run_cp_analysis.py:37)
2025-05-20 22:04:28,013 - Scheduler - INFO - Progress: 142/575 repositories scanned. (base_scheduler.py:112)
2025-05-20 22:04:28,015 - Scheduler - INFO - Starting worker for repo: https://pypi.org/project/litestar (run_cp_analysis.py:28)
2025-05-20 22:04:45,566 - Scheduler - INFO - Worker completed for repo: https://pypi.org/project/clearml (run_cp_analysis.py:37)
2025-05-20 22:04:45,577 - Scheduler - INFO - Progress: 143/575 repositories scanned. (base_scheduler.py:112)
2025-05-20 22:04:45,579 - Scheduler - INFO - Starting worker for repo: https://pypi.org/project/robocorp-log (run_cp_analysis.py:28)
2025-05-20 22:05:05,721 - Scheduler - INFO - Worker completed for repo: https://pypi.org/project/litestar (run_cp_analysis.py:37)
2025-05-20 22:05:05,737 - Scheduler - INFO - Progress: 144/575 repositories scanned. (base_scheduler.py:112)
2025-05-20 22:05:05,739 - Scheduler - INFO - Starting worker for repo: https://pypi.org/project/cloudinary (run_cp_analysis.py:28)
2025-05-20 22:05:08,756 - Scheduler - INFO - Worker completed for repo: https://pypi.org/project/robocorp-log (run_cp_analysis.py:37)
2025-05-20 22:05:08,769 - Scheduler - INFO - Progress: 145/575 repositories scanned. (base_scheduler.py:112)
2025-05-20 22:05:08,771 - Scheduler - INFO - Starting worker for repo: https://pypi.org/project/pyro-ppl (run_cp_analysis.py:28)
2025-05-20 22:05:37,277 - Scheduler - INFO - Worker completed for repo: https://pypi.org/project/cloudinary (run_cp_analysis.py:37)
2025-05-20 22:05:37,292 - Scheduler - INFO - Progress: 146/575 repositories scanned. (base_scheduler.py:112)
2025-05-20 22:05:37,293 - Scheduler - INFO - Starting worker for repo: https://pypi.org/project/bigframes (run_cp_analysis.py:28)
2025-05-20 22:05:49,281 - Scheduler - INFO - Worker completed for repo: https://pypi.org/project/pyro-ppl (run_cp_analysis.py:37)
2025-05-20 22:05:49,293 - Scheduler - INFO - Progress: 147/575 repositories scanned. (base_scheduler.py:112)
2025-05-20 22:05:49,294 - Scheduler - INFO - Starting worker for repo: https://pypi.org/project/azure-eventhub-checkpointstoreblob-aio (run_cp_analysis.py:28)
2025-05-20 22:06:31,956 - Scheduler - INFO - Worker completed for repo: https://pypi.org/project/bigframes (run_cp_analysis.py:37)
2025-05-20 22:06:31,966 - Scheduler - INFO - Progress: 148/575 repositories scanned. (base_scheduler.py:112)
2025-05-20 22:06:31,967 - Scheduler - INFO - Starting worker for repo: https://pypi.org/project/azure-ai-contentsafety (run_cp_analysis.py:28)
2025-05-20 22:06:33,474 - Scheduler - INFO - Worker completed for repo: https://pypi.org/project/azure-eventhub-checkpointstoreblob-aio (run_cp_analysis.py:37)
2025-05-20 22:06:33,491 - Scheduler - INFO - Progress: 149/575 repositories scanned. (base_scheduler.py:112)
2025-05-20 22:06:33,492 - Scheduler - INFO - Starting worker for repo: https://pypi.org/project/captum (run_cp_analysis.py:28)
2025-05-20 22:06:57,614 - Scheduler - INFO - Worker completed for repo: https://pypi.org/project/azure-ai-contentsafety (run_cp_analysis.py:37)
2025-05-20 22:06:57,628 - Scheduler - INFO - Progress: 150/575 repositories scanned. (base_scheduler.py:112)
2025-05-20 22:06:57,629 - Scheduler - INFO - Starting worker for repo: https://pypi.org/project/comet-ml (run_cp_analysis.py:28)
2025-05-20 22:07:00,983 - Scheduler - INFO - Worker completed for repo: https://pypi.org/project/captum (run_cp_analysis.py:37)
2025-05-20 22:07:00,991 - Scheduler - INFO - Progress: 151/575 repositories scanned. (base_scheduler.py:112)
2025-05-20 22:07:00,992 - Scheduler - INFO - Starting worker for repo: https://pypi.org/project/nncf (run_cp_analysis.py:28)
2025-05-20 22:07:45,715 - Scheduler - INFO - Worker completed for repo: https://pypi.org/project/comet-ml (run_cp_analysis.py:37)
2025-05-20 22:07:45,724 - Scheduler - INFO - Progress: 152/575 repositories scanned. (base_scheduler.py:112)
2025-05-20 22:07:45,726 - Scheduler - INFO - Starting worker for repo: https://pypi.org/project/azure-ai-textanalytics (run_cp_analysis.py:28)
2025-05-20 22:08:05,719 - Scheduler - INFO - Worker completed for repo: https://pypi.org/project/nncf (run_cp_analysis.py:37)
2025-05-20 22:08:05,735 - Scheduler - INFO - Progress: 153/575 repositories scanned. (base_scheduler.py:112)
2025-05-20 22:08:05,737 - Scheduler - INFO - Starting worker for repo: https://pypi.org/project/onnxsim (run_cp_analysis.py:28)
2025-05-20 22:08:18,226 - Scheduler - INFO - Worker completed for repo: https://pypi.org/project/azure-ai-textanalytics (run_cp_analysis.py:37)
2025-05-20 22:08:18,243 - Scheduler - INFO - Progress: 154/575 repositories scanned. (base_scheduler.py:112)
2025-05-20 22:08:18,245 - Scheduler - INFO - Starting worker for repo: https://pypi.org/project/azure-mgmt-costmanagement (run_cp_analysis.py:28)
2025-05-20 22:08:46,299 - Scheduler - INFO - Worker completed for repo: https://pypi.org/project/azure-mgmt-costmanagement (run_cp_analysis.py:37)
2025-05-20 22:08:46,313 - Scheduler - INFO - Progress: 155/575 repositories scanned. (base_scheduler.py:112)
2025-05-20 22:08:46,316 - Scheduler - INFO - Starting worker for repo: https://pypi.org/project/netapp-ontap (run_cp_analysis.py:28)
2025-05-20 22:09:23,706 - Scheduler - INFO - Worker completed for repo: https://pypi.org/project/netapp-ontap (run_cp_analysis.py:37)
2025-05-20 22:09:23,714 - Scheduler - INFO - Progress: 156/575 repositories scanned. (base_scheduler.py:112)
2025-05-20 22:09:23,716 - Scheduler - INFO - Starting worker for repo: https://pypi.org/project/meta (run_cp_analysis.py:28)
2025-05-20 22:09:47,529 - Scheduler - INFO - Worker completed for repo: https://pypi.org/project/onnxsim (run_cp_analysis.py:37)
2025-05-20 22:09:47,545 - Scheduler - INFO - Progress: 157/575 repositories scanned. (base_scheduler.py:112)
2025-05-20 22:09:47,546 - Scheduler - INFO - Starting worker for repo: https://pypi.org/project/azure-eventhub-checkpointstoreblob (run_cp_analysis.py:28)
2025-05-20 22:09:51,094 - Scheduler - INFO - Worker completed for repo: https://pypi.org/project/meta (run_cp_analysis.py:37)
2025-05-20 22:09:51,111 - Scheduler - INFO - Progress: 158/575 repositories scanned. (base_scheduler.py:112)
2025-05-20 22:09:51,112 - Scheduler - INFO - Starting worker for repo: https://pypi.org/project/ipex-llm (run_cp_analysis.py:28)
2025-05-20 22:10:32,044 - Scheduler - INFO - Worker completed for repo: https://pypi.org/project/azure-eventhub-checkpointstoreblob (run_cp_analysis.py:37)
2025-05-20 22:10:32,052 - Scheduler - INFO - Progress: 159/575 repositories scanned. (base_scheduler.py:112)
2025-05-20 22:10:32,054 - Scheduler - INFO - Starting worker for repo: https://pypi.org/project/diastatic-malt (run_cp_analysis.py:28)
2025-05-20 22:10:49,109 - Scheduler - INFO - Worker completed for repo: https://pypi.org/project/modelscope (run_cp_analysis.py:37)
2025-05-20 22:10:49,117 - Scheduler - INFO - Progress: 160/575 repositories scanned. (base_scheduler.py:112)
2025-05-20 22:10:49,119 - Scheduler - INFO - Starting worker for repo: https://pypi.org/project/mo-dots (run_cp_analysis.py:28)
2025-05-20 22:10:57,394 - Scheduler - INFO - Worker completed for repo: https://pypi.org/project/diastatic-malt (run_cp_analysis.py:37)
2025-05-20 22:10:57,406 - Scheduler - INFO - Progress: 161/575 repositories scanned. (base_scheduler.py:112)
2025-05-20 22:10:57,413 - Scheduler - INFO - Starting worker for repo: https://pypi.org/project/azure-mgmt-databricks (run_cp_analysis.py:28)
2025-05-20 22:10:57,879 - Scheduler - INFO - Worker completed for repo: https://pypi.org/project/ipex-llm (run_cp_analysis.py:37)
2025-05-20 22:10:57,890 - Scheduler - INFO - Progress: 162/575 repositories scanned. (base_scheduler.py:112)
2025-05-20 22:10:57,892 - Scheduler - INFO - Starting worker for repo: https://pypi.org/project/azure-messaging-webpubsubservice (run_cp_analysis.py:28)
2025-05-20 22:11:14,193 - Scheduler - INFO - Worker completed for repo: https://pypi.org/project/mo-dots (run_cp_analysis.py:37)
2025-05-20 22:11:14,207 - Scheduler - INFO - Progress: 163/575 repositories scanned. (base_scheduler.py:112)
2025-05-20 22:11:14,209 - Scheduler - INFO - Starting worker for repo: https://pypi.org/project/smolagents (run_cp_analysis.py:28)
2025-05-20 22:11:26,077 - Scheduler - INFO - Worker completed for repo: https://pypi.org/project/azure-mgmt-databricks (run_cp_analysis.py:37)
2025-05-20 22:11:26,094 - Scheduler - INFO - Progress: 164/575 repositories scanned. (base_scheduler.py:112)
2025-05-20 22:11:26,096 - Scheduler - INFO - Starting worker for repo: https://pypi.org/project/azure-ai-translation-document (run_cp_analysis.py:28)
2025-05-20 22:11:26,482 - Scheduler - INFO - Worker completed for repo: https://pypi.org/project/azure-messaging-webpubsubservice (run_cp_analysis.py:37)
2025-05-20 22:11:26,491 - Scheduler - INFO - Progress: 165/575 repositories scanned. (base_scheduler.py:112)
2025-05-20 22:11:26,493 - Scheduler - INFO - Starting worker for repo: https://pypi.org/project/pytest-sftpserver (run_cp_analysis.py:28)
2025-05-20 22:11:29,318 - Scheduler - INFO - Worker completed for repo: https://pypi.org/project/tf-keras-nightly (run_cp_analysis.py:37)
2025-05-20 22:11:29,328 - Scheduler - INFO - Progress: 166/575 repositories scanned. (base_scheduler.py:112)
2025-05-20 22:11:29,330 - Scheduler - INFO - Starting worker for repo: https://pypi.org/project/azure-ai-language-questionanswering (run_cp_analysis.py:28)
2025-05-20 22:11:50,164 - Scheduler - INFO - Worker completed for repo: https://pypi.org/project/pytest-sftpserver (run_cp_analysis.py:37)
2025-05-20 22:11:50,181 - Scheduler - INFO - Progress: 167/575 repositories scanned. (base_scheduler.py:112)
2025-05-20 22:11:50,182 - Scheduler - INFO - Starting worker for repo: https://pypi.org/project/botorch (run_cp_analysis.py:28)
2025-05-20 22:11:59,522 - Scheduler - INFO - Worker completed for repo: https://pypi.org/project/azure-ai-translation-document (run_cp_analysis.py:37)
2025-05-20 22:11:59,531 - Scheduler - INFO - Progress: 168/575 repositories scanned. (base_scheduler.py:112)
2025-05-20 22:11:59,533 - Scheduler - INFO - Starting worker for repo: https://pypi.org/project/azure-ai-language-conversations (run_cp_analysis.py:28)
2025-05-20 22:11:59,976 - Scheduler - INFO - Worker completed for repo: https://pypi.org/project/azure-ai-language-questionanswering (run_cp_analysis.py:37)
2025-05-20 22:11:59,984 - Scheduler - INFO - Progress: 169/575 repositories scanned. (base_scheduler.py:112)
2025-05-20 22:11:59,986 - Scheduler - INFO - Starting worker for repo: https://pypi.org/project/vispy (run_cp_analysis.py:28)
2025-05-20 22:12:19,370 - Scheduler - INFO - Worker completed for repo: https://pypi.org/project/smolagents (run_cp_analysis.py:37)
2025-05-20 22:12:19,391 - Scheduler - INFO - Progress: 170/575 repositories scanned. (base_scheduler.py:112)
2025-05-20 22:12:19,393 - Scheduler - INFO - Starting worker for repo: https://pypi.org/project/google-gax (run_cp_analysis.py:28)
2025-05-20 22:12:28,921 - Scheduler - INFO - Worker completed for repo: https://pypi.org/project/botorch (run_cp_analysis.py:37)
2025-05-20 22:12:28,929 - Scheduler - INFO - Progress: 171/575 repositories scanned. (base_scheduler.py:112)
2025-05-20 22:12:28,931 - Scheduler - INFO - Starting worker for repo: https://pypi.org/project/serial (run_cp_analysis.py:28)
2025-05-20 22:12:30,530 - Scheduler - INFO - Worker completed for repo: https://pypi.org/project/azure-ai-language-conversations (run_cp_analysis.py:37)
2025-05-20 22:12:30,538 - Scheduler - INFO - Progress: 172/575 repositories scanned. (base_scheduler.py:112)
2025-05-20 22:12:30,540 - Scheduler - INFO - Starting worker for repo: https://pypi.org/project/hera (run_cp_analysis.py:28)
2025-05-20 22:12:44,743 - Scheduler - INFO - Worker completed for repo: https://pypi.org/project/google-gax (run_cp_analysis.py:37)
2025-05-20 22:12:44,761 - Scheduler - INFO - Progress: 173/575 repositories scanned. (base_scheduler.py:112)
2025-05-20 22:12:44,762 - Scheduler - INFO - Starting worker for repo: https://pypi.org/project/onnxoptimizer (run_cp_analysis.py:28)
2025-05-20 22:12:58,497 - Scheduler - INFO - Worker completed for repo: https://pypi.org/project/serial (run_cp_analysis.py:37)
2025-05-20 22:12:58,519 - Scheduler - INFO - Progress: 174/575 repositories scanned. (base_scheduler.py:112)
2025-05-20 22:12:58,521 - Scheduler - INFO - Starting worker for repo: https://pypi.org/project/pyworxcloud (run_cp_analysis.py:28)
2025-05-20 22:13:01,221 - Scheduler - INFO - Worker completed for repo: https://pypi.org/project/hera (run_cp_analysis.py:37)
2025-05-20 22:13:01,239 - Scheduler - INFO - Progress: 175/575 repositories scanned. (base_scheduler.py:112)
2025-05-20 22:13:01,241 - Scheduler - INFO - Starting worker for repo: https://pypi.org/project/starlette-admin (run_cp_analysis.py:28)
2025-05-20 22:13:11,060 - Scheduler - INFO - Worker completed for repo: https://pypi.org/project/vispy (run_cp_analysis.py:37)
2025-05-20 22:13:11,074 - Scheduler - INFO - Progress: 176/575 repositories scanned. (base_scheduler.py:112)
2025-05-20 22:13:11,075 - Scheduler - INFO - Starting worker for repo: https://pypi.org/project/qcodes (run_cp_analysis.py:28)
2025-05-20 22:13:27,174 - Scheduler - INFO - Worker completed for repo: https://pypi.org/project/pyworxcloud (run_cp_analysis.py:37)
2025-05-20 22:13:27,192 - Scheduler - INFO - Progress: 177/575 repositories scanned. (base_scheduler.py:112)
2025-05-20 22:13:27,194 - Scheduler - INFO - Starting worker for repo: https://pypi.org/project/stringparser (run_cp_analysis.py:28)
2025-05-20 22:13:29,169 - Scheduler - INFO - Worker completed for repo: https://pypi.org/project/starlette-admin (run_cp_analysis.py:37)
2025-05-20 22:13:29,188 - Scheduler - INFO - Progress: 178/575 repositories scanned. (base_scheduler.py:112)
2025-05-20 22:13:29,190 - Scheduler - INFO - Starting worker for repo: https://pypi.org/project/azure-ai-projects (run_cp_analysis.py:28)
2025-05-20 22:13:47,595 - Scheduler - INFO - Worker completed for repo: https://pypi.org/project/stringparser (run_cp_analysis.py:37)
2025-05-20 22:13:47,603 - Scheduler - INFO - Progress: 179/575 repositories scanned. (base_scheduler.py:112)
2025-05-20 22:13:47,604 - Scheduler - INFO - Starting worker for repo: https://pypi.org/project/deepdiff6 (run_cp_analysis.py:28)
2025-05-20 22:14:01,090 - Scheduler - INFO - Worker completed for repo: https://pypi.org/project/azure-ai-projects (run_cp_analysis.py:37)
2025-05-20 22:14:01,098 - Scheduler - INFO - Progress: 180/575 repositories scanned. (base_scheduler.py:112)
2025-05-20 22:14:01,099 - Scheduler - INFO - Starting worker for repo: https://pypi.org/project/pyodps (run_cp_analysis.py:28)
2025-05-20 22:14:08,145 - Scheduler - INFO - Worker completed for repo: https://pypi.org/project/onnxoptimizer (run_cp_analysis.py:37)
2025-05-20 22:14:08,152 - Scheduler - INFO - Progress: 181/575 repositories scanned. (base_scheduler.py:112)
2025-05-20 22:14:08,154 - Scheduler - INFO - Starting worker for repo: https://pypi.org/project/crosshair-tool (run_cp_analysis.py:28)
2025-05-20 22:14:11,528 - Scheduler - INFO - Worker completed for repo: https://pypi.org/project/paddlepaddle (run_cp_analysis.py:37)
2025-05-20 22:14:11,537 - Scheduler - INFO - Progress: 182/575 repositories scanned. (base_scheduler.py:112)
2025-05-20 22:14:11,538 - Scheduler - INFO - Starting worker for repo: https://pypi.org/project/fairseq (run_cp_analysis.py:28)
2025-05-20 22:14:17,629 - Scheduler - INFO - Worker completed for repo: https://pypi.org/project/qcodes (run_cp_analysis.py:37)
2025-05-20 22:14:17,644 - Scheduler - INFO - Progress: 183/575 repositories scanned. (base_scheduler.py:112)
2025-05-20 22:14:17,645 - Scheduler - INFO - Starting worker for repo: https://pypi.org/project/zope (run_cp_analysis.py:28)
2025-05-20 22:14:27,517 - Scheduler - INFO - Worker completed for repo: https://pypi.org/project/deepdiff6 (run_cp_analysis.py:37)
2025-05-20 22:14:27,534 - Scheduler - INFO - Progress: 184/575 repositories scanned. (base_scheduler.py:112)
2025-05-20 22:14:27,535 - Scheduler - INFO - Starting worker for repo: https://pypi.org/project/azure-ai-translation-text (run_cp_analysis.py:28)
2025-05-20 22:14:53,604 - Scheduler - INFO - Worker completed for repo: https://pypi.org/project/azure-ai-translation-text (run_cp_analysis.py:37)
2025-05-20 22:14:53,615 - Scheduler - INFO - Progress: 185/575 repositories scanned. (base_scheduler.py:112)
2025-05-20 22:14:53,617 - Scheduler - INFO - Starting worker for repo: https://pypi.org/project/weave (run_cp_analysis.py:28)
2025-05-20 22:15:10,303 - Scheduler - INFO - Worker completed for repo: https://pypi.org/project/zope (run_cp_analysis.py:37)
2025-05-20 22:15:10,311 - Scheduler - INFO - Progress: 186/575 repositories scanned. (base_scheduler.py:112)
2025-05-20 22:15:10,313 - Scheduler - INFO - Starting worker for repo: https://pypi.org/project/ai-edge-torch-nightly (run_cp_analysis.py:28)
2025-05-20 22:15:37,894 - Scheduler - INFO - Worker completed for repo: https://pypi.org/project/pyodps (run_cp_analysis.py:37)
2025-05-20 22:15:37,901 - Scheduler - INFO - Progress: 187/575 repositories scanned. (base_scheduler.py:112)
2025-05-20 22:15:37,903 - Scheduler - INFO - Starting worker for repo: https://pypi.org/project/django-auth-adfs (run_cp_analysis.py:28)
2025-05-20 22:15:40,269 - Scheduler - INFO - Worker completed for repo: https://pypi.org/project/ai-edge-torch-nightly (run_cp_analysis.py:37)
2025-05-20 22:15:40,284 - Scheduler - INFO - Progress: 188/575 repositories scanned. (base_scheduler.py:112)
2025-05-20 22:15:40,286 - Scheduler - INFO - Starting worker for repo: https://pypi.org/project/azure-mgmt-kubernetesconfiguration (run_cp_analysis.py:28)
2025-05-20 22:15:45,289 - Scheduler - INFO - Worker completed for repo: https://pypi.org/project/weave (run_cp_analysis.py:37)
2025-05-20 22:15:45,305 - Scheduler - INFO - Progress: 189/575 repositories scanned. (base_scheduler.py:112)
2025-05-20 22:15:45,307 - Scheduler - INFO - Starting worker for repo: https://pypi.org/project/testslide (run_cp_analysis.py:28)
2025-05-20 22:15:59,737 - Scheduler - INFO - Worker completed for repo: https://pypi.org/project/django-auth-adfs (run_cp_analysis.py:37)
2025-05-20 22:15:59,762 - Scheduler - INFO - Progress: 190/575 repositories scanned. (base_scheduler.py:112)
2025-05-20 22:15:59,765 - Scheduler - INFO - Starting worker for repo: https://pypi.org/project/lumigo-tracer (run_cp_analysis.py:28)
2025-05-20 22:16:10,564 - Scheduler - INFO - Worker completed for repo: https://pypi.org/project/testslide (run_cp_analysis.py:37)
2025-05-20 22:16:10,572 - Scheduler - INFO - Progress: 191/575 repositories scanned. (base_scheduler.py:112)
2025-05-20 22:16:10,573 - Scheduler - INFO - Starting worker for repo: https://pypi.org/project/river (run_cp_analysis.py:28)
2025-05-20 22:16:23,731 - Scheduler - INFO - Worker completed for repo: https://pypi.org/project/lumigo-tracer (run_cp_analysis.py:37)
2025-05-20 22:16:23,751 - Scheduler - INFO - Progress: 192/575 repositories scanned. (base_scheduler.py:112)
2025-05-20 22:16:23,752 - Scheduler - INFO - Starting worker for repo: https://pypi.org/project/opentelemetry-instrumentation-sklearn (run_cp_analysis.py:28)
2025-05-20 22:16:31,588 - Scheduler - INFO - Worker completed for repo: https://pypi.org/project/azure-mgmt-kubernetesconfiguration (run_cp_analysis.py:37)
2025-05-20 22:16:31,605 - Scheduler - INFO - Progress: 193/575 repositories scanned. (base_scheduler.py:112)
2025-05-20 22:16:31,606 - Scheduler - INFO - Starting worker for repo: https://pypi.org/project/edsnlp (run_cp_analysis.py:28)
2025-05-20 22:16:42,908 - Scheduler - INFO - Worker completed for repo: https://pypi.org/project/opentelemetry-instrumentation-sklearn (run_cp_analysis.py:37)
2025-05-20 22:16:42,918 - Scheduler - INFO - Progress: 194/575 repositories scanned. (base_scheduler.py:112)
2025-05-20 22:16:42,920 - Scheduler - INFO - Starting worker for repo: https://pypi.org/project/azure-mgmt-frontdoor (run_cp_analysis.py:28)
2025-05-20 22:16:52,497 - Scheduler - INFO - Worker completed for repo: https://pypi.org/project/river (run_cp_analysis.py:37)
2025-05-20 22:16:52,508 - Scheduler - INFO - Progress: 195/575 repositories scanned. (base_scheduler.py:112)
2025-05-20 22:16:52,509 - Scheduler - INFO - Starting worker for repo: https://pypi.org/project/mm (run_cp_analysis.py:28)
2025-05-20 22:17:11,022 - Scheduler - INFO - Worker completed for repo: https://pypi.org/project/azure-mgmt-frontdoor (run_cp_analysis.py:37)
2025-05-20 22:17:11,039 - Scheduler - INFO - Progress: 196/575 repositories scanned. (base_scheduler.py:112)
2025-05-20 22:17:11,041 - Scheduler - INFO - Starting worker for repo: https://pypi.org/project/azure-ai-evaluation (run_cp_analysis.py:28)
2025-05-20 22:17:13,642 - Scheduler - INFO - Worker completed for repo: https://pypi.org/project/edsnlp (run_cp_analysis.py:37)
2025-05-20 22:17:13,651 - Scheduler - INFO - Progress: 197/575 repositories scanned. (base_scheduler.py:112)
2025-05-20 22:17:13,652 - Scheduler - INFO - Starting worker for repo: https://pypi.org/project/paddlepaddle-gpu (run_cp_analysis.py:28)
2025-05-20 22:17:24,464 - Scheduler - INFO - Worker completed for repo: https://pypi.org/project/mm (run_cp_analysis.py:37)
2025-05-20 22:17:24,479 - Scheduler - INFO - Progress: 198/575 repositories scanned. (base_scheduler.py:112)
2025-05-20 22:17:24,481 - Scheduler - INFO - Starting worker for repo: https://pypi.org/project/azure-ai-vision-imageanalysis (run_cp_analysis.py:28)
2025-05-20 22:17:50,354 - Scheduler - INFO - Worker completed for repo: https://pypi.org/project/azure-ai-vision-imageanalysis (run_cp_analysis.py:37)
2025-05-20 22:17:50,370 - Scheduler - INFO - Progress: 199/575 repositories scanned. (base_scheduler.py:112)
2025-05-20 22:17:50,371 - Scheduler - INFO - Starting worker for repo: https://pypi.org/project/pydo (run_cp_analysis.py:28)
2025-05-20 22:17:56,416 - Scheduler - INFO - Worker completed for repo: https://pypi.org/project/azure-ai-evaluation (run_cp_analysis.py:37)
2025-05-20 22:17:56,434 - Scheduler - INFO - Progress: 200/575 repositories scanned. (base_scheduler.py:112)
2025-05-20 22:17:56,436 - Scheduler - INFO - Starting worker for repo: https://pypi.org/project/pykka (run_cp_analysis.py:28)
2025-05-20 22:17:58,478 - Scheduler - INFO - Worker completed for repo: https://pypi.org/project/fairseq (run_cp_analysis.py:37)
2025-05-20 22:17:58,495 - Scheduler - INFO - Progress: 201/575 repositories scanned. (base_scheduler.py:112)
2025-05-20 22:17:58,496 - Scheduler - INFO - Starting worker for repo: https://pypi.org/project/wandb-workspaces (run_cp_analysis.py:28)
2025-05-20 22:18:15,601 - Scheduler - INFO - Worker completed for repo: https://pypi.org/project/pykka (run_cp_analysis.py:37)
2025-05-20 22:18:15,617 - Scheduler - INFO - Progress: 202/575 repositories scanned. (base_scheduler.py:112)
2025-05-20 22:18:15,618 - Scheduler - INFO - Starting worker for repo: https://pypi.org/project/zhinst-toolkit (run_cp_analysis.py:28)
2025-05-20 22:18:22,584 - Scheduler - INFO - Worker completed for repo: https://pypi.org/project/wandb-workspaces (run_cp_analysis.py:37)
2025-05-20 22:18:22,591 - Scheduler - INFO - Progress: 203/575 repositories scanned. (base_scheduler.py:112)
2025-05-20 22:18:22,593 - Scheduler - INFO - Starting worker for repo: https://pypi.org/project/relstorage (run_cp_analysis.py:28)
2025-05-20 22:18:38,390 - Scheduler - INFO - Worker completed for repo: https://pypi.org/project/zhinst-toolkit (run_cp_analysis.py:37)
2025-05-20 22:18:38,398 - Scheduler - INFO - Progress: 204/575 repositories scanned. (base_scheduler.py:112)
2025-05-20 22:18:38,400 - Scheduler - INFO - Starting worker for repo: https://pypi.org/project/lark-oapi (run_cp_analysis.py:28)
2025-05-20 22:18:47,326 - Scheduler - INFO - Worker completed for repo: https://pypi.org/project/pydo (run_cp_analysis.py:37)
2025-05-20 22:18:47,334 - Scheduler - INFO - Progress: 205/575 repositories scanned. (base_scheduler.py:112)
2025-05-20 22:18:47,335 - Scheduler - INFO - Starting worker for repo: https://pypi.org/project/alchemyjsonschema (run_cp_analysis.py:28)
2025-05-20 22:19:01,816 - Scheduler - INFO - Worker completed for repo: https://pypi.org/project/relstorage (run_cp_analysis.py:37)
2025-05-20 22:19:01,827 - Scheduler - INFO - Progress: 206/575 repositories scanned. (base_scheduler.py:112)
2025-05-20 22:19:01,828 - Scheduler - INFO - Starting worker for repo: https://pypi.org/project/appdynamics (run_cp_analysis.py:28)
2025-05-20 22:19:08,979 - Scheduler - INFO - Worker completed for repo: https://pypi.org/project/alchemyjsonschema (run_cp_analysis.py:37)
2025-05-20 22:19:08,987 - Scheduler - INFO - Progress: 207/575 repositories scanned. (base_scheduler.py:112)
2025-05-20 22:19:08,989 - Scheduler - INFO - Starting worker for repo: https://pypi.org/project/appdynamics-bindeps-linux-x64 (run_cp_analysis.py:28)
2025-05-20 22:19:30,480 - Scheduler - INFO - Worker completed for repo: https://pypi.org/project/appdynamics (run_cp_analysis.py:37)
2025-05-20 22:19:30,491 - Scheduler - INFO - Progress: 208/575 repositories scanned. (base_scheduler.py:112)
2025-05-20 22:19:30,493 - Scheduler - INFO - Starting worker for repo: https://pypi.org/project/py3rosmsgs (run_cp_analysis.py:28)
2025-05-20 22:19:52,575 - Scheduler - INFO - Worker completed for repo: https://pypi.org/project/crosshair-tool (run_cp_analysis.py:37)
2025-05-20 22:19:52,590 - Scheduler - INFO - Progress: 209/575 repositories scanned. (base_scheduler.py:112)
2025-05-20 22:19:52,592 - Scheduler - INFO - Starting worker for repo: https://pypi.org/project/flexmock (run_cp_analysis.py:28)
2025-05-20 22:19:53,879 - Scheduler - INFO - Worker completed for repo: https://pypi.org/project/appdynamics-bindeps-linux-x64 (run_cp_analysis.py:37)
2025-05-20 22:19:53,886 - Scheduler - INFO - Progress: 210/575 repositories scanned. (base_scheduler.py:112)
2025-05-20 22:19:53,887 - Scheduler - INFO - Starting worker for repo: https://pypi.org/project/ansys-fluent-core (run_cp_analysis.py:28)
2025-05-20 22:20:21,239 - Scheduler - INFO - Worker completed for repo: https://pypi.org/project/flexmock (run_cp_analysis.py:37)
2025-05-20 22:20:21,250 - Scheduler - INFO - Progress: 211/575 repositories scanned. (base_scheduler.py:112)
2025-05-20 22:20:21,251 - Scheduler - INFO - Starting worker for repo: https://pypi.org/project/neural-compressor (run_cp_analysis.py:28)
2025-05-20 22:21:12,134 - Scheduler - INFO - Worker completed for repo: https://pypi.org/project/py3rosmsgs (run_cp_analysis.py:37)
2025-05-20 22:21:12,148 - Scheduler - INFO - Progress: 212/575 repositories scanned. (base_scheduler.py:112)
2025-05-20 22:21:12,149 - Scheduler - INFO - Starting worker for repo: https://pypi.org/project/opcua (run_cp_analysis.py:28)
2025-05-20 22:24:29,660 - Scheduler - INFO - Worker completed for repo: https://pypi.org/project/neural-compressor (run_cp_analysis.py:37)
2025-05-20 22:24:29,668 - Scheduler - INFO - Progress: 213/575 repositories scanned. (base_scheduler.py:112)
2025-05-20 22:24:29,670 - Scheduler - INFO - Starting worker for repo: https://pypi.org/project/cloudstorage (run_cp_analysis.py:28)
2025-05-20 22:24:50,383 - Scheduler - INFO - Worker completed for repo: https://pypi.org/project/cloudstorage (run_cp_analysis.py:37)
2025-05-20 22:24:50,398 - Scheduler - INFO - Progress: 214/575 repositories scanned. (base_scheduler.py:112)
2025-05-20 22:24:50,400 - Scheduler - INFO - Starting worker for repo: https://pypi.org/project/later (run_cp_analysis.py:28)
2025-05-20 22:25:12,481 - Scheduler - INFO - Worker completed for repo: https://pypi.org/project/later (run_cp_analysis.py:37)
2025-05-20 22:25:12,488 - Scheduler - INFO - Progress: 215/575 repositories scanned. (base_scheduler.py:112)
2025-05-20 22:25:12,490 - Scheduler - INFO - Starting worker for repo: https://pypi.org/project/pyatv (run_cp_analysis.py:28)
2025-05-20 22:25:40,006 - Scheduler - INFO - Worker completed for repo: https://pypi.org/project/pyatv (run_cp_analysis.py:37)
2025-05-20 22:25:40,013 - Scheduler - INFO - Progress: 216/575 repositories scanned. (base_scheduler.py:112)
2025-05-20 22:25:40,014 - Scheduler - INFO - Starting worker for repo: https://pypi.org/project/ormar (run_cp_analysis.py:28)
2025-05-20 22:25:43,023 - Scheduler - INFO - Worker completed for repo: https://pypi.org/project/paddlepaddle-gpu (run_cp_analysis.py:37)
2025-05-20 22:25:43,030 - Scheduler - INFO - Progress: 217/575 repositories scanned. (base_scheduler.py:112)
2025-05-20 22:25:43,032 - Scheduler - INFO - Starting worker for repo: https://pypi.org/project/coqpit-config (run_cp_analysis.py:28)
2025-05-20 22:26:03,694 - Scheduler - INFO - Worker completed for repo: https://pypi.org/project/coqpit-config (run_cp_analysis.py:37)
2025-05-20 22:26:03,710 - Scheduler - INFO - Progress: 218/575 repositories scanned. (base_scheduler.py:112)
2025-05-20 22:26:03,711 - Scheduler - INFO - Starting worker for repo: https://pypi.org/project/hera-workflows (run_cp_analysis.py:28)
2025-05-20 22:26:08,806 - Scheduler - INFO - Worker completed for repo: https://pypi.org/project/ormar (run_cp_analysis.py:37)
2025-05-20 22:26:08,818 - Scheduler - INFO - Progress: 219/575 repositories scanned. (base_scheduler.py:112)
2025-05-20 22:26:08,820 - Scheduler - INFO - Starting worker for repo: https://pypi.org/project/bunnet (run_cp_analysis.py:28)
2025-05-20 22:26:27,712 - Scheduler - INFO - Worker completed for repo: https://pypi.org/project/hera-workflows (run_cp_analysis.py:37)
2025-05-20 22:26:27,724 - Scheduler - INFO - Progress: 220/575 repositories scanned. (base_scheduler.py:112)
2025-05-20 22:26:27,726 - Scheduler - INFO - Starting worker for repo: https://pypi.org/project/ostorlab (run_cp_analysis.py:28)
2025-05-20 22:26:32,569 - Scheduler - INFO - Worker completed for repo: https://pypi.org/project/bunnet (run_cp_analysis.py:37)
2025-05-20 22:26:32,583 - Scheduler - INFO - Progress: 221/575 repositories scanned. (base_scheduler.py:112)
2025-05-20 22:26:32,584 - Scheduler - INFO - Starting worker for repo: https://pypi.org/project/wfuzz (run_cp_analysis.py:28)
2025-05-20 22:26:53,170 - Scheduler - INFO - Worker completed for repo: https://pypi.org/project/ostorlab (run_cp_analysis.py:37)
2025-05-20 22:26:53,185 - Scheduler - INFO - Progress: 222/575 repositories scanned. (base_scheduler.py:112)
2025-05-20 22:26:53,187 - Scheduler - INFO - Starting worker for repo: https://pypi.org/project/genie-libs-sdk (run_cp_analysis.py:28)
2025-05-20 22:27:00,913 - Scheduler - INFO - Worker completed for repo: https://pypi.org/project/wfuzz (run_cp_analysis.py:37)
2025-05-20 22:27:00,929 - Scheduler - INFO - Progress: 223/575 repositories scanned. (base_scheduler.py:112)
2025-05-20 22:27:00,930 - Scheduler - INFO - Starting worker for repo: https://pypi.org/project/docplex (run_cp_analysis.py:28)
2025-05-20 22:28:13,361 - Scheduler - INFO - Worker completed for repo: https://pypi.org/project/docplex (run_cp_analysis.py:37)
2025-05-20 22:28:13,372 - Scheduler - INFO - Progress: 224/575 repositories scanned. (base_scheduler.py:112)
2025-05-20 22:28:13,373 - Scheduler - INFO - Starting worker for repo: https://pypi.org/project/pontos (run_cp_analysis.py:28)
2025-05-20 22:28:26,838 - Scheduler - INFO - Worker completed for repo: https://pypi.org/project/genie-libs-sdk (run_cp_analysis.py:37)
2025-05-20 22:28:26,853 - Scheduler - INFO - Progress: 225/575 repositories scanned. (base_scheduler.py:112)
2025-05-20 22:28:26,855 - Scheduler - INFO - Starting worker for repo: https://pypi.org/project/opentmi-client (run_cp_analysis.py:28)
2025-05-20 22:28:37,136 - Scheduler - INFO - Worker completed for repo: https://pypi.org/project/pontos (run_cp_analysis.py:37)
2025-05-20 22:28:37,143 - Scheduler - INFO - Progress: 226/575 repositories scanned. (base_scheduler.py:112)
2025-05-20 22:28:37,145 - Scheduler - INFO - Starting worker for repo: https://pypi.org/project/aigpy (run_cp_analysis.py:28)
2025-05-20 22:28:45,747 - Scheduler - INFO - Worker completed for repo: https://pypi.org/project/opentmi-client (run_cp_analysis.py:37)
2025-05-20 22:28:45,766 - Scheduler - INFO - Progress: 227/575 repositories scanned. (base_scheduler.py:112)
2025-05-20 22:28:45,768 - Scheduler - INFO - Starting worker for repo: https://pypi.org/project/ifcopenshell (run_cp_analysis.py:28)
2025-05-20 22:28:59,051 - Scheduler - INFO - Worker completed for repo: https://pypi.org/project/aigpy (run_cp_analysis.py:37)
2025-05-20 22:28:59,064 - Scheduler - INFO - Progress: 228/575 repositories scanned. (base_scheduler.py:112)
2025-05-20 22:28:59,065 - Scheduler - INFO - Starting worker for repo: https://pypi.org/project/openmined-psi (run_cp_analysis.py:28)
2025-05-20 22:29:34,811 - Scheduler - INFO - Worker completed for repo: https://pypi.org/project/openmined-psi (run_cp_analysis.py:37)
2025-05-20 22:29:34,825 - Scheduler - INFO - Progress: 229/575 repositories scanned. (base_scheduler.py:112)
2025-05-20 22:29:34,827 - Scheduler - INFO - Starting worker for repo: https://pypi.org/project/fintech (run_cp_analysis.py:28)
2025-05-20 22:29:53,866 - Scheduler - INFO - Worker completed for repo: https://pypi.org/project/fintech (run_cp_analysis.py:37)
2025-05-20 22:29:53,873 - Scheduler - INFO - Progress: 230/575 repositories scanned. (base_scheduler.py:112)
2025-05-20 22:29:53,875 - Scheduler - INFO - Starting worker for repo: https://pypi.org/project/intel-extension-for-pytorch (run_cp_analysis.py:28)
2025-05-20 22:30:33,382 - Scheduler - INFO - Worker completed for repo: https://pypi.org/project/azure-ai-ml (run_cp_analysis.py:37)
2025-05-20 22:30:33,392 - Scheduler - INFO - Progress: 231/575 repositories scanned. (base_scheduler.py:112)
2025-05-20 22:30:33,394 - Scheduler - INFO - Starting worker for repo: https://pypi.org/project/piccolo (run_cp_analysis.py:28)
2025-05-20 22:30:38,564 - Scheduler - INFO - Worker completed for repo: https://pypi.org/project/intel-extension-for-pytorch (run_cp_analysis.py:37)
2025-05-20 22:30:38,572 - Scheduler - INFO - Progress: 232/575 repositories scanned. (base_scheduler.py:112)
2025-05-20 22:30:38,573 - Scheduler - INFO - Starting worker for repo: https://pypi.org/project/azure-mgmt-maintenance (run_cp_analysis.py:28)
2025-05-20 22:31:04,649 - Scheduler - INFO - Worker completed for repo: https://pypi.org/project/azure-mgmt-maintenance (run_cp_analysis.py:37)
2025-05-20 22:31:04,660 - Scheduler - INFO - Progress: 233/575 repositories scanned. (base_scheduler.py:112)
2025-05-20 22:31:04,662 - Scheduler - INFO - Starting worker for repo: https://pypi.org/project/torchrl-nightly (run_cp_analysis.py:28)
2025-05-20 22:31:07,659 - Scheduler - INFO - Worker completed for repo: https://pypi.org/project/piccolo (run_cp_analysis.py:37)
2025-05-20 22:31:07,699 - Scheduler - INFO - Progress: 234/575 repositories scanned. (base_scheduler.py:112)
2025-05-20 22:31:07,710 - Scheduler - INFO - Starting worker for repo: https://pypi.org/project/ms-swift (run_cp_analysis.py:28)
2025-05-20 22:31:32,297 - Scheduler - INFO - Worker completed for repo: https://pypi.org/project/lark-oapi (run_cp_analysis.py:37)
2025-05-20 22:31:32,305 - Scheduler - INFO - Progress: 235/575 repositories scanned. (base_scheduler.py:112)
2025-05-20 22:31:32,307 - Scheduler - INFO - Starting worker for repo: https://pypi.org/project/capellambse (run_cp_analysis.py:28)
2025-05-20 22:31:55,722 - Scheduler - INFO - Worker completed for repo: https://pypi.org/project/torchrl-nightly (run_cp_analysis.py:37)
2025-05-20 22:31:55,740 - Scheduler - INFO - Progress: 236/575 repositories scanned. (base_scheduler.py:112)
2025-05-20 22:31:55,741 - Scheduler - INFO - Starting worker for repo: https://pypi.org/project/azure-communication-identity (run_cp_analysis.py:28)
2025-05-20 22:32:00,432 - Scheduler - INFO - Worker completed for repo: https://pypi.org/project/capellambse (run_cp_analysis.py:37)
2025-05-20 22:32:00,447 - Scheduler - INFO - Progress: 237/575 repositories scanned. (base_scheduler.py:112)
2025-05-20 22:32:00,449 - Scheduler - INFO - Starting worker for repo: https://pypi.org/project/dektools (run_cp_analysis.py:28)
2025-05-20 22:32:19,024 - Scheduler - INFO - Worker completed for repo: https://pypi.org/project/azure-communication-identity (run_cp_analysis.py:37)
2025-05-20 22:32:19,032 - Scheduler - INFO - Progress: 238/575 repositories scanned. (base_scheduler.py:112)
2025-05-20 22:32:19,033 - Scheduler - INFO - Starting worker for repo: https://pypi.org/project/fastnlp (run_cp_analysis.py:28)
2025-05-20 22:32:20,180 - Scheduler - INFO - Worker completed for repo: https://pypi.org/project/ms-swift (run_cp_analysis.py:37)
2025-05-20 22:32:20,188 - Scheduler - INFO - Progress: 239/575 repositories scanned. (base_scheduler.py:112)
2025-05-20 22:32:20,189 - Scheduler - INFO - Starting worker for repo: https://pypi.org/project/supyr-struct (run_cp_analysis.py:28)
2025-05-20 22:32:26,758 - Scheduler - INFO - Worker completed for repo: https://pypi.org/project/dektools (run_cp_analysis.py:37)
2025-05-20 22:32:26,774 - Scheduler - INFO - Progress: 240/575 repositories scanned. (base_scheduler.py:112)
2025-05-20 22:32:26,775 - Scheduler - INFO - Starting worker for repo: https://pypi.org/project/contrast-agent (run_cp_analysis.py:28)
2025-05-20 22:32:51,506 - Scheduler - INFO - Worker completed for repo: https://pypi.org/project/supyr-struct (run_cp_analysis.py:37)
2025-05-20 22:32:51,519 - Scheduler - INFO - Progress: 241/575 repositories scanned. (base_scheduler.py:112)
2025-05-20 22:32:51,521 - Scheduler - INFO - Starting worker for repo: https://pypi.org/project/azure-mgmt-appplatform (run_cp_analysis.py:28)
2025-05-20 22:33:06,072 - Scheduler - INFO - Worker completed for repo: https://pypi.org/project/fastnlp (run_cp_analysis.py:37)
2025-05-20 22:33:06,080 - Scheduler - INFO - Progress: 242/575 repositories scanned. (base_scheduler.py:112)
2025-05-20 22:33:06,081 - Scheduler - INFO - Starting worker for repo: https://pypi.org/project/gm (run_cp_analysis.py:28)
2025-05-20 22:33:20,189 - Scheduler - INFO - Worker completed for repo: https://pypi.org/project/contrast-agent (run_cp_analysis.py:37)
2025-05-20 22:33:20,205 - Scheduler - INFO - Progress: 243/575 repositories scanned. (base_scheduler.py:112)
2025-05-20 22:33:20,206 - Scheduler - INFO - Starting worker for repo: https://pypi.org/project/javascript (run_cp_analysis.py:28)
2025-05-20 22:33:29,422 - Scheduler - INFO - Worker completed for repo: https://pypi.org/project/ifcopenshell (run_cp_analysis.py:37)
2025-05-20 22:33:29,432 - Scheduler - INFO - Progress: 244/575 repositories scanned. (base_scheduler.py:112)
2025-05-20 22:33:29,433 - Scheduler - INFO - Starting worker for repo: https://pypi.org/project/autofit (run_cp_analysis.py:28)
2025-05-20 22:33:33,681 - Scheduler - INFO - Worker completed for repo: https://pypi.org/project/azure-mgmt-appplatform (run_cp_analysis.py:37)
2025-05-20 22:33:33,699 - Scheduler - INFO - Progress: 245/575 repositories scanned. (base_scheduler.py:112)
2025-05-20 22:33:33,701 - Scheduler - INFO - Starting worker for repo: https://pypi.org/project/torchrl (run_cp_analysis.py:28)
2025-05-20 22:33:38,893 - Scheduler - INFO - Worker completed for repo: https://pypi.org/project/gm (run_cp_analysis.py:37)
2025-05-20 22:33:38,902 - Scheduler - INFO - Progress: 246/575 repositories scanned. (base_scheduler.py:112)
2025-05-20 22:33:38,904 - Scheduler - INFO - Starting worker for repo: https://pypi.org/project/brand-yml (run_cp_analysis.py:28)
2025-05-20 22:33:42,847 - Scheduler - INFO - Worker completed for repo: https://pypi.org/project/javascript (run_cp_analysis.py:37)
2025-05-20 22:33:42,863 - Scheduler - INFO - Progress: 247/575 repositories scanned. (base_scheduler.py:112)
2025-05-20 22:33:42,865 - Scheduler - INFO - Starting worker for repo: https://pypi.org/project/lamindb (run_cp_analysis.py:28)
2025-05-20 22:34:01,198 - Scheduler - INFO - Worker completed for repo: https://pypi.org/project/brand-yml (run_cp_analysis.py:37)
2025-05-20 22:34:01,210 - Scheduler - INFO - Progress: 248/575 repositories scanned. (base_scheduler.py:112)
2025-05-20 22:34:01,212 - Scheduler - INFO - Starting worker for repo: https://pypi.org/project/testrepository (run_cp_analysis.py:28)
2025-05-20 22:34:23,888 - Scheduler - INFO - Worker completed for repo: https://pypi.org/project/testrepository (run_cp_analysis.py:37)
2025-05-20 22:34:23,897 - Scheduler - INFO - Progress: 249/575 repositories scanned. (base_scheduler.py:112)
2025-05-20 22:34:23,899 - Scheduler - INFO - Starting worker for repo: https://pypi.org/project/linkml-dataops (run_cp_analysis.py:28)
2025-05-20 22:34:28,357 - Scheduler - INFO - Worker completed for repo: https://pypi.org/project/torchrl (run_cp_analysis.py:37)
2025-05-20 22:34:28,371 - Scheduler - INFO - Progress: 250/575 repositories scanned. (base_scheduler.py:112)
2025-05-20 22:34:28,373 - Scheduler - INFO - Starting worker for repo: https://pypi.org/project/steam (run_cp_analysis.py:28)
2025-05-20 22:34:33,748 - Scheduler - INFO - Worker completed for repo: https://pypi.org/project/lamindb (run_cp_analysis.py:37)
2025-05-20 22:34:33,761 - Scheduler - INFO - Progress: 251/575 repositories scanned. (base_scheduler.py:112)
2025-05-20 22:34:33,762 - Scheduler - INFO - Starting worker for repo: https://pypi.org/project/python-irodsclient (run_cp_analysis.py:28)
2025-05-20 22:34:46,130 - Scheduler - INFO - Worker completed for repo: https://pypi.org/project/linkml-dataops (run_cp_analysis.py:37)
2025-05-20 22:34:46,147 - Scheduler - INFO - Progress: 252/575 repositories scanned. (base_scheduler.py:112)
2025-05-20 22:34:46,148 - Scheduler - INFO - Starting worker for repo: https://pypi.org/project/transformer-lens (run_cp_analysis.py:28)
2025-05-20 22:35:05,941 - Scheduler - INFO - Worker completed for repo: https://pypi.org/project/python-irodsclient (run_cp_analysis.py:37)
2025-05-20 22:35:05,952 - Scheduler - INFO - Progress: 253/575 repositories scanned. (base_scheduler.py:112)
2025-05-20 22:35:05,955 - Scheduler - INFO - Starting worker for repo: https://pypi.org/project/optimum-neuron (run_cp_analysis.py:28)
2025-05-20 22:35:11,120 - Scheduler - INFO - Worker completed for repo: https://pypi.org/project/transformer-lens (run_cp_analysis.py:37)
2025-05-20 22:35:11,129 - Scheduler - INFO - Progress: 254/575 repositories scanned. (base_scheduler.py:112)
2025-05-20 22:35:11,131 - Scheduler - INFO - Starting worker for repo: https://pypi.org/project/ivy (run_cp_analysis.py:28)
2025-05-20 22:35:25,442 - Scheduler - INFO - Worker completed for repo: https://pypi.org/project/steam (run_cp_analysis.py:37)
2025-05-20 22:35:25,450 - Scheduler - INFO - Progress: 255/575 repositories scanned. (base_scheduler.py:112)
2025-05-20 22:35:25,452 - Scheduler - INFO - Starting worker for repo: https://pypi.org/project/mmpretrain (run_cp_analysis.py:28)
2025-05-20 22:35:43,885 - Scheduler - INFO - Worker completed for repo: https://pypi.org/project/optimum-neuron (run_cp_analysis.py:37)
2025-05-20 22:35:43,900 - Scheduler - INFO - Progress: 256/575 repositories scanned. (base_scheduler.py:112)
2025-05-20 22:35:43,902 - Scheduler - INFO - Starting worker for repo: https://pypi.org/project/azure-communication-phonenumbers (run_cp_analysis.py:28)
2025-05-20 22:36:04,813 - Scheduler - INFO - Worker completed for repo: https://pypi.org/project/mmpretrain (run_cp_analysis.py:37)
2025-05-20 22:36:04,830 - Scheduler - INFO - Progress: 257/575 repositories scanned. (base_scheduler.py:112)
2025-05-20 22:36:04,831 - Scheduler - INFO - Starting worker for repo: https://pypi.org/project/azure-mgmt-desktopvirtualization (run_cp_analysis.py:28)
2025-05-20 22:36:08,945 - Scheduler - INFO - Worker completed for repo: https://pypi.org/project/azure-communication-phonenumbers (run_cp_analysis.py:37)
2025-05-20 22:36:08,953 - Scheduler - INFO - Progress: 258/575 repositories scanned. (base_scheduler.py:112)
2025-05-20 22:36:08,955 - Scheduler - INFO - Starting worker for repo: https://pypi.org/project/azureml-rag (run_cp_analysis.py:28)
2025-05-20 22:36:31,928 - Scheduler - INFO - Worker completed for repo: https://pypi.org/project/azure-mgmt-desktopvirtualization (run_cp_analysis.py:37)
2025-05-20 22:36:31,936 - Scheduler - INFO - Progress: 259/575 repositories scanned. (base_scheduler.py:112)
2025-05-20 22:36:31,937 - Scheduler - INFO - Starting worker for repo: https://pypi.org/project/azure-quantum (run_cp_analysis.py:28)
2025-05-20 22:36:40,473 - Scheduler - INFO - Worker completed for repo: https://pypi.org/project/azureml-rag (run_cp_analysis.py:37)
2025-05-20 22:36:40,483 - Scheduler - INFO - Progress: 260/575 repositories scanned. (base_scheduler.py:112)
2025-05-20 22:36:40,484 - Scheduler - INFO - Starting worker for repo: https://pypi.org/project/ophyd-devices (run_cp_analysis.py:28)
2025-05-20 22:37:01,053 - Scheduler - INFO - Worker completed for repo: https://pypi.org/project/azure-quantum (run_cp_analysis.py:37)
2025-05-20 22:37:01,071 - Scheduler - INFO - Progress: 261/575 repositories scanned. (base_scheduler.py:112)
2025-05-20 22:37:01,073 - Scheduler - INFO - Starting worker for repo: https://pypi.org/project/azure-communication-chat (run_cp_analysis.py:28)
2025-05-20 22:37:23,747 - Scheduler - INFO - Worker completed for repo: https://pypi.org/project/azure-communication-chat (run_cp_analysis.py:37)
2025-05-20 22:37:23,755 - Scheduler - INFO - Progress: 262/575 repositories scanned. (base_scheduler.py:112)
2025-05-20 22:37:23,757 - Scheduler - INFO - Starting worker for repo: https://pypi.org/project/azure-maps-search (run_cp_analysis.py:28)
2025-05-20 22:37:27,772 - Scheduler - INFO - Worker completed for repo: https://pypi.org/project/ophyd-devices (run_cp_analysis.py:37)
2025-05-20 22:37:27,785 - Scheduler - INFO - Progress: 263/575 repositories scanned. (base_scheduler.py:112)
2025-05-20 22:37:27,787 - Scheduler - INFO - Starting worker for repo: https://pypi.org/project/py-lav (run_cp_analysis.py:28)
2025-05-20 22:37:46,952 - Scheduler - INFO - Worker completed for repo: https://pypi.org/project/azure-maps-search (run_cp_analysis.py:37)
2025-05-20 22:37:46,961 - Scheduler - INFO - Progress: 264/575 repositories scanned. (base_scheduler.py:112)
2025-05-20 22:37:46,963 - Scheduler - INFO - Starting worker for repo: https://pypi.org/project/python3-protobuf (run_cp_analysis.py:28)
2025-05-20 22:38:06,709 - Scheduler - INFO - Worker completed for repo: https://pypi.org/project/py-lav (run_cp_analysis.py:37)
2025-05-20 22:38:06,720 - Scheduler - INFO - Progress: 265/575 repositories scanned. (base_scheduler.py:112)
2025-05-20 22:38:06,722 - Scheduler - INFO - Starting worker for repo: https://pypi.org/project/appdynamics-bindeps-alpine-linux-x64 (run_cp_analysis.py:28)
2025-05-20 22:38:11,268 - Scheduler - INFO - Worker completed for repo: https://pypi.org/project/python3-protobuf (run_cp_analysis.py:37)
2025-05-20 22:38:11,277 - Scheduler - INFO - Progress: 266/575 repositories scanned. (base_scheduler.py:112)
2025-05-20 22:38:11,279 - Scheduler - INFO - Starting worker for repo: https://pypi.org/project/mstrio-py (run_cp_analysis.py:28)
2025-05-20 22:38:49,399 - Scheduler - INFO - Worker completed for repo: https://pypi.org/project/appdynamics-bindeps-alpine-linux-x64 (run_cp_analysis.py:37)
2025-05-20 22:38:49,414 - Scheduler - INFO - Progress: 267/575 repositories scanned. (base_scheduler.py:112)
2025-05-20 22:38:49,416 - Scheduler - INFO - Starting worker for repo: https://pypi.org/project/open-interpreter (run_cp_analysis.py:28)
2025-05-20 22:39:31,624 - Scheduler - INFO - Worker completed for repo: https://pypi.org/project/mstrio-py (run_cp_analysis.py:37)
2025-05-20 22:39:31,639 - Scheduler - INFO - Progress: 268/575 repositories scanned. (base_scheduler.py:112)
2025-05-20 22:39:31,641 - Scheduler - INFO - Starting worker for repo: https://pypi.org/project/dagshub (run_cp_analysis.py:28)
2025-05-20 22:39:55,938 - Scheduler - INFO - Worker completed for repo: https://pypi.org/project/dagshub (run_cp_analysis.py:37)
2025-05-20 22:39:55,946 - Scheduler - INFO - Progress: 269/575 repositories scanned. (base_scheduler.py:112)
2025-05-20 22:39:55,948 - Scheduler - INFO - Starting worker for repo: https://pypi.org/project/mmpose (run_cp_analysis.py:28)
2025-05-20 22:40:06,560 - Scheduler - INFO - Worker completed for repo: https://pypi.org/project/ivy (run_cp_analysis.py:37)
2025-05-20 22:40:06,568 - Scheduler - INFO - Progress: 270/575 repositories scanned. (base_scheduler.py:112)
2025-05-20 22:40:06,569 - Scheduler - INFO - Starting worker for repo: https://pypi.org/project/hyperspy (run_cp_analysis.py:28)
2025-05-20 22:40:35,399 - Scheduler - INFO - Worker completed for repo: https://pypi.org/project/mmpose (run_cp_analysis.py:37)
2025-05-20 22:40:35,415 - Scheduler - INFO - Progress: 271/575 repositories scanned. (base_scheduler.py:112)
2025-05-20 22:40:35,416 - Scheduler - INFO - Starting worker for repo: https://pypi.org/project/azure-communication-rooms (run_cp_analysis.py:28)
2025-05-20 22:40:56,686 - Scheduler - INFO - Worker completed for repo: https://pypi.org/project/azure-communication-rooms (run_cp_analysis.py:37)
2025-05-20 22:40:56,694 - Scheduler - INFO - Progress: 272/575 repositories scanned. (base_scheduler.py:112)
2025-05-20 22:40:56,696 - Scheduler - INFO - Starting worker for repo: https://pypi.org/project/f90wrap (run_cp_analysis.py:28)
2025-05-20 22:41:15,162 - Scheduler - INFO - Worker completed for repo: https://pypi.org/project/hyperspy (run_cp_analysis.py:37)
2025-05-20 22:41:15,171 - Scheduler - INFO - Progress: 273/575 repositories scanned. (base_scheduler.py:112)
2025-05-20 22:41:15,173 - Scheduler - INFO - Starting worker for repo: https://pypi.org/project/resolwe (run_cp_analysis.py:28)
2025-05-20 22:41:31,579 - Scheduler - INFO - Worker completed for repo: https://pypi.org/project/f90wrap (run_cp_analysis.py:37)
2025-05-20 22:41:31,596 - Scheduler - INFO - Progress: 274/575 repositories scanned. (base_scheduler.py:112)
2025-05-20 22:41:31,598 - Scheduler - INFO - Starting worker for repo: https://pypi.org/project/gelidum (run_cp_analysis.py:28)
2025-05-20 22:41:44,859 - Scheduler - INFO - Worker completed for repo: https://pypi.org/project/open-interpreter (run_cp_analysis.py:37)
2025-05-20 22:41:44,875 - Scheduler - INFO - Progress: 275/575 repositories scanned. (base_scheduler.py:112)
2025-05-20 22:41:44,876 - Scheduler - INFO - Starting worker for repo: https://pypi.org/project/mlx-vlm (run_cp_analysis.py:28)
2025-05-20 22:41:55,358 - Scheduler - INFO - Worker completed for repo: https://pypi.org/project/gelidum (run_cp_analysis.py:37)
2025-05-20 22:41:55,375 - Scheduler - INFO - Progress: 276/575 repositories scanned. (base_scheduler.py:112)
2025-05-20 22:41:55,376 - Scheduler - INFO - Starting worker for repo: https://pypi.org/project/mesop (run_cp_analysis.py:28)
2025-05-20 22:42:01,205 - Scheduler - INFO - Worker completed for repo: https://pypi.org/project/resolwe (run_cp_analysis.py:37)
2025-05-20 22:42:01,213 - Scheduler - INFO - Progress: 277/575 repositories scanned. (base_scheduler.py:112)
2025-05-20 22:42:01,215 - Scheduler - INFO - Starting worker for repo: https://pypi.org/project/olive-ai (run_cp_analysis.py:28)
2025-05-20 22:42:12,922 - Scheduler - INFO - Worker completed for repo: https://pypi.org/project/mlx-vlm (run_cp_analysis.py:37)
2025-05-20 22:42:12,937 - Scheduler - INFO - Progress: 278/575 repositories scanned. (base_scheduler.py:112)
2025-05-20 22:42:12,939 - Scheduler - INFO - Starting worker for repo: https://pypi.org/project/starlite (run_cp_analysis.py:28)
2025-05-20 22:42:20,904 - Scheduler - INFO - Worker completed for repo: https://pypi.org/project/mesop (run_cp_analysis.py:37)
2025-05-20 22:42:20,915 - Scheduler - INFO - Progress: 279/575 repositories scanned. (base_scheduler.py:112)
2025-05-20 22:42:20,917 - Scheduler - INFO - Starting worker for repo: https://pypi.org/project/bec-device-server (run_cp_analysis.py:28)
2025-05-20 22:42:42,089 - Scheduler - INFO - Worker completed for repo: https://pypi.org/project/bec-device-server (run_cp_analysis.py:37)
2025-05-20 22:42:42,107 - Scheduler - INFO - Progress: 280/575 repositories scanned. (base_scheduler.py:112)
2025-05-20 22:42:42,109 - Scheduler - INFO - Starting worker for repo: https://pypi.org/project/optimum-rbln (run_cp_analysis.py:28)
2025-05-20 22:42:43,338 - Scheduler - INFO - Worker completed for repo: https://pypi.org/project/starlite (run_cp_analysis.py:37)
2025-05-20 22:42:43,352 - Scheduler - INFO - Progress: 281/575 repositories scanned. (base_scheduler.py:112)
2025-05-20 22:42:43,353 - Scheduler - INFO - Starting worker for repo: https://pypi.org/project/metabase-api (run_cp_analysis.py:28)
2025-05-20 22:42:56,850 - Scheduler - INFO - Worker completed for repo: https://pypi.org/project/olive-ai (run_cp_analysis.py:37)
2025-05-20 22:42:56,863 - Scheduler - INFO - Progress: 282/575 repositories scanned. (base_scheduler.py:112)
2025-05-20 22:42:56,865 - Scheduler - INFO - Starting worker for repo: https://pypi.org/project/syft (run_cp_analysis.py:28)
2025-05-20 22:43:04,203 - Scheduler - INFO - Worker completed for repo: https://pypi.org/project/metabase-api (run_cp_analysis.py:37)
2025-05-20 22:43:04,211 - Scheduler - INFO - Progress: 283/575 repositories scanned. (base_scheduler.py:112)
2025-05-20 22:43:04,212 - Scheduler - INFO - Starting worker for repo: https://pypi.org/project/appdynamics-alpine (run_cp_analysis.py:28)
2025-05-20 22:43:11,385 - Scheduler - INFO - Worker completed for repo: https://pypi.org/project/optimum-rbln (run_cp_analysis.py:37)
2025-05-20 22:43:11,393 - Scheduler - INFO - Progress: 284/575 repositories scanned. (base_scheduler.py:112)
2025-05-20 22:43:11,394 - Scheduler - INFO - Starting worker for repo: https://pypi.org/project/quickstats (run_cp_analysis.py:28)
2025-05-20 22:43:32,479 - Scheduler - INFO - Worker completed for repo: https://pypi.org/project/appdynamics-alpine (run_cp_analysis.py:37)
2025-05-20 22:43:32,488 - Scheduler - INFO - Progress: 285/575 repositories scanned. (base_scheduler.py:112)
2025-05-20 22:43:32,490 - Scheduler - INFO - Starting worker for repo: https://pypi.org/project/tdhelper (run_cp_analysis.py:28)
2025-05-20 22:43:39,554 - Scheduler - INFO - Worker completed for repo: https://pypi.org/project/syft (run_cp_analysis.py:37)
2025-05-20 22:43:39,571 - Scheduler - INFO - Progress: 286/575 repositories scanned. (base_scheduler.py:112)
2025-05-20 22:43:39,572 - Scheduler - INFO - Starting worker for repo: https://pypi.org/project/acdcserver (run_cp_analysis.py:28)
2025-05-20 22:44:01,926 - Scheduler - INFO - Worker completed for repo: https://pypi.org/project/tdhelper (run_cp_analysis.py:37)
2025-05-20 22:44:01,942 - Scheduler - INFO - Progress: 287/575 repositories scanned. (base_scheduler.py:112)
2025-05-20 22:44:01,943 - Scheduler - INFO - Starting worker for repo: https://pypi.org/project/ecs-composex (run_cp_analysis.py:28)
2025-05-20 22:44:05,467 - Scheduler - INFO - Worker completed for repo: https://pypi.org/project/acdcserver (run_cp_analysis.py:37)
2025-05-20 22:44:05,475 - Scheduler - INFO - Progress: 288/575 repositories scanned. (base_scheduler.py:112)
2025-05-20 22:44:05,477 - Scheduler - INFO - Starting worker for repo: https://pypi.org/project/testflows-stash (run_cp_analysis.py:28)
2025-05-20 22:44:29,195 - Scheduler - INFO - Worker completed for repo: https://pypi.org/project/testflows-stash (run_cp_analysis.py:37)
2025-05-20 22:44:29,203 - Scheduler - INFO - Progress: 289/575 repositories scanned. (base_scheduler.py:112)
2025-05-20 22:44:29,204 - Scheduler - INFO - Starting worker for repo: https://pypi.org/project/azure-mgmt-resourcehealth (run_cp_analysis.py:28)
2025-05-20 22:44:38,713 - Scheduler - INFO - Worker completed for repo: https://pypi.org/project/quickstats (run_cp_analysis.py:37)
2025-05-20 22:44:38,722 - Scheduler - INFO - Progress: 290/575 repositories scanned. (base_scheduler.py:112)
2025-05-20 22:44:38,723 - Scheduler - INFO - Starting worker for repo: https://pypi.org/project/protobuf-to-dict (run_cp_analysis.py:28)
2025-05-20 22:44:41,471 - Scheduler - INFO - Worker completed for repo: https://pypi.org/project/ecs-composex (run_cp_analysis.py:37)
2025-05-20 22:44:41,487 - Scheduler - INFO - Progress: 291/575 repositories scanned. (base_scheduler.py:112)
2025-05-20 22:44:41,488 - Scheduler - INFO - Starting worker for repo: https://pypi.org/project/scim2-server (run_cp_analysis.py:28)
2025-05-20 22:44:54,490 - Scheduler - INFO - Worker completed for repo: https://pypi.org/project/azure-mgmt-resourcehealth (run_cp_analysis.py:37)
2025-05-20 22:44:54,498 - Scheduler - INFO - Progress: 292/575 repositories scanned. (base_scheduler.py:112)
2025-05-20 22:44:54,499 - Scheduler - INFO - Starting worker for repo: https://pypi.org/project/sae-lens (run_cp_analysis.py:28)
2025-05-20 22:45:00,527 - Scheduler - INFO - Worker completed for repo: https://pypi.org/project/protobuf-to-dict (run_cp_analysis.py:37)
2025-05-20 22:45:00,536 - Scheduler - INFO - Progress: 293/575 repositories scanned. (base_scheduler.py:112)
2025-05-20 22:45:00,538 - Scheduler - INFO - Starting worker for repo: https://pypi.org/project/fastapi-amis-admin (run_cp_analysis.py:28)
2025-05-20 22:45:05,080 - Scheduler - INFO - Worker completed for repo: https://pypi.org/project/scim2-server (run_cp_analysis.py:37)
2025-05-20 22:45:05,096 - Scheduler - INFO - Progress: 294/575 repositories scanned. (base_scheduler.py:112)
2025-05-20 22:45:05,097 - Scheduler - INFO - Starting worker for repo: https://pypi.org/project/django-restit (run_cp_analysis.py:28)
2025-05-20 22:45:20,868 - Scheduler - INFO - Worker completed for repo: https://pypi.org/project/sae-lens (run_cp_analysis.py:37)
2025-05-20 22:45:20,877 - Scheduler - INFO - Progress: 295/575 repositories scanned. (base_scheduler.py:112)
2025-05-20 22:45:20,879 - Scheduler - INFO - Starting worker for repo: https://pypi.org/project/py3amf (run_cp_analysis.py:28)
2025-05-20 22:45:27,998 - Scheduler - INFO - Worker completed for repo: https://pypi.org/project/fastapi-amis-admin (run_cp_analysis.py:37)
2025-05-20 22:45:28,018 - Scheduler - INFO - Progress: 296/575 repositories scanned. (base_scheduler.py:112)
2025-05-20 22:45:28,020 - Scheduler - INFO - Starting worker for repo: https://pypi.org/project/satella (run_cp_analysis.py:28)
2025-05-20 22:45:52,279 - Scheduler - INFO - Worker completed for repo: https://pypi.org/project/py3amf (run_cp_analysis.py:37)
2025-05-20 22:45:52,295 - Scheduler - INFO - Progress: 297/575 repositories scanned. (base_scheduler.py:112)
2025-05-20 22:45:52,296 - Scheduler - INFO - Starting worker for repo: https://pypi.org/project/azure-mgmt-redisenterprise (run_cp_analysis.py:28)
2025-05-20 22:45:53,906 - Scheduler - INFO - Worker completed for repo: https://pypi.org/project/satella (run_cp_analysis.py:37)
2025-05-20 22:45:53,921 - Scheduler - INFO - Progress: 298/575 repositories scanned. (base_scheduler.py:112)
2025-05-20 22:45:53,923 - Scheduler - INFO - Starting worker for repo: https://pypi.org/project/rio-ui (run_cp_analysis.py:28)
2025-05-20 22:46:17,592 - Scheduler - INFO - Worker completed for repo: https://pypi.org/project/azure-mgmt-redisenterprise (run_cp_analysis.py:37)
2025-05-20 22:46:17,610 - Scheduler - INFO - Progress: 299/575 repositories scanned. (base_scheduler.py:112)
2025-05-20 22:46:17,612 - Scheduler - INFO - Starting worker for repo: https://pypi.org/project/django-unicorn (run_cp_analysis.py:28)
2025-05-20 22:46:25,394 - Scheduler - INFO - Worker completed for repo: https://pypi.org/project/rio-ui (run_cp_analysis.py:37)
2025-05-20 22:46:25,403 - Scheduler - INFO - Progress: 300/575 repositories scanned. (base_scheduler.py:112)
2025-05-20 22:46:25,404 - Scheduler - INFO - Starting worker for repo: https://pypi.org/project/stdatamodels (run_cp_analysis.py:28)
2025-05-20 22:46:40,799 - Scheduler - INFO - Worker completed for repo: https://pypi.org/project/django-unicorn (run_cp_analysis.py:37)
2025-05-20 22:46:40,809 - Scheduler - INFO - Progress: 301/575 repositories scanned. (base_scheduler.py:112)
2025-05-20 22:46:40,811 - Scheduler - INFO - Starting worker for repo: https://pypi.org/project/azure-purview-sharing (run_cp_analysis.py:28)
2025-05-20 22:46:52,663 - Scheduler - INFO - Worker completed for repo: https://pypi.org/project/stdatamodels (run_cp_analysis.py:37)
2025-05-20 22:46:52,670 - Scheduler - INFO - Progress: 302/575 repositories scanned. (base_scheduler.py:112)
2025-05-20 22:46:52,672 - Scheduler - INFO - Starting worker for repo: https://pypi.org/project/zamp-public-workflow-sdk (run_cp_analysis.py:28)
2025-05-20 22:47:05,422 - Scheduler - INFO - Worker completed for repo: https://pypi.org/project/azure-purview-sharing (run_cp_analysis.py:37)
2025-05-20 22:47:05,431 - Scheduler - INFO - Progress: 303/575 repositories scanned. (base_scheduler.py:112)
2025-05-20 22:47:05,432 - Scheduler - INFO - Starting worker for repo: https://pypi.org/project/libpass (run_cp_analysis.py:28)
2025-05-20 22:47:12,508 - Scheduler - INFO - Worker completed for repo: https://pypi.org/project/zamp-public-workflow-sdk (run_cp_analysis.py:37)
2025-05-20 22:47:12,524 - Scheduler - INFO - Progress: 304/575 repositories scanned. (base_scheduler.py:112)
2025-05-20 22:47:12,526 - Scheduler - INFO - Starting worker for repo: https://pypi.org/project/onediff (run_cp_analysis.py:28)
2025-05-20 22:47:32,403 - Scheduler - INFO - Worker completed for repo: https://pypi.org/project/libpass (run_cp_analysis.py:37)
2025-05-20 22:47:32,413 - Scheduler - INFO - Progress: 305/575 repositories scanned. (base_scheduler.py:112)
2025-05-20 22:47:32,415 - Scheduler - INFO - Starting worker for repo: https://pypi.org/project/torchpippy (run_cp_analysis.py:28)
2025-05-20 22:47:36,087 - Scheduler - INFO - Worker completed for repo: https://pypi.org/project/onediff (run_cp_analysis.py:37)
2025-05-20 22:47:36,103 - Scheduler - INFO - Progress: 306/575 repositories scanned. (base_scheduler.py:112)
2025-05-20 22:47:36,104 - Scheduler - INFO - Starting worker for repo: https://pypi.org/project/appmap (run_cp_analysis.py:28)
2025-05-20 22:47:50,978 - Scheduler - INFO - Worker completed for repo: https://pypi.org/project/django-restit (run_cp_analysis.py:37)
2025-05-20 22:47:50,986 - Scheduler - INFO - Progress: 307/575 repositories scanned. (base_scheduler.py:112)
2025-05-20 22:47:50,988 - Scheduler - INFO - Starting worker for repo: https://pypi.org/project/agent-gpt-aws (run_cp_analysis.py:28)
2025-05-20 22:47:55,093 - Scheduler - INFO - Worker completed for repo: https://pypi.org/project/torchpippy (run_cp_analysis.py:37)
2025-05-20 22:47:55,100 - Scheduler - INFO - Progress: 308/575 repositories scanned. (base_scheduler.py:112)
2025-05-20 22:47:55,102 - Scheduler - INFO - Starting worker for repo: https://pypi.org/project/odrive (run_cp_analysis.py:28)
2025-05-20 22:47:59,233 - Scheduler - INFO - Worker completed for repo: https://pypi.org/project/appmap (run_cp_analysis.py:37)
2025-05-20 22:47:59,249 - Scheduler - INFO - Progress: 309/575 repositories scanned. (base_scheduler.py:112)
2025-05-20 22:47:59,251 - Scheduler - INFO - Starting worker for repo: https://pypi.org/project/chainer (run_cp_analysis.py:28)
2025-05-20 22:48:12,637 - Scheduler - INFO - Worker completed for repo: https://pypi.org/project/agent-gpt-aws (run_cp_analysis.py:37)
2025-05-20 22:48:12,655 - Scheduler - INFO - Progress: 310/575 repositories scanned. (base_scheduler.py:112)
2025-05-20 22:48:12,656 - Scheduler - INFO - Starting worker for repo: https://pypi.org/project/isc-py-common (run_cp_analysis.py:28)
2025-05-20 22:48:22,059 - Scheduler - INFO - Worker completed for repo: https://pypi.org/project/odrive (run_cp_analysis.py:37)
2025-05-20 22:48:22,076 - Scheduler - INFO - Progress: 311/575 repositories scanned. (base_scheduler.py:112)
2025-05-20 22:48:22,078 - Scheduler - INFO - Starting worker for repo: https://pypi.org/project/maxframe (run_cp_analysis.py:28)
2025-05-20 22:48:49,077 - Scheduler - INFO - Worker completed for repo: https://pypi.org/project/isc-py-common (run_cp_analysis.py:37)
2025-05-20 22:48:49,093 - Scheduler - INFO - Progress: 312/575 repositories scanned. (base_scheduler.py:112)
2025-05-20 22:48:49,095 - Scheduler - INFO - Starting worker for repo: https://pypi.org/project/mayavi (run_cp_analysis.py:28)
2025-05-20 22:49:22,523 - Scheduler - INFO - Worker completed for repo: https://pypi.org/project/maxframe (run_cp_analysis.py:37)
2025-05-20 22:49:22,533 - Scheduler - INFO - Progress: 313/575 repositories scanned. (base_scheduler.py:112)
2025-05-20 22:49:22,534 - Scheduler - INFO - Starting worker for repo: https://pypi.org/project/nbox (run_cp_analysis.py:28)
2025-05-20 22:49:28,124 - Scheduler - INFO - Worker completed for repo: https://pypi.org/project/chainer (run_cp_analysis.py:37)
2025-05-20 22:49:28,140 - Scheduler - INFO - Progress: 314/575 repositories scanned. (base_scheduler.py:112)
2025-05-20 22:49:28,142 - Scheduler - INFO - Starting worker for repo: https://pypi.org/project/azure-communication-callautomation (run_cp_analysis.py:28)
2025-05-20 22:49:35,228 - Scheduler - INFO - Worker completed for repo: https://pypi.org/project/mayavi (run_cp_analysis.py:37)
2025-05-20 22:49:35,239 - Scheduler - INFO - Progress: 315/575 repositories scanned. (base_scheduler.py:112)
2025-05-20 22:49:35,241 - Scheduler - INFO - Starting worker for repo: https://pypi.org/project/fintoolsap (run_cp_analysis.py:28)
2025-05-20 22:49:47,822 - Scheduler - INFO - Worker completed for repo: https://pypi.org/project/nbox (run_cp_analysis.py:37)
2025-05-20 22:49:47,837 - Scheduler - INFO - Progress: 316/575 repositories scanned. (base_scheduler.py:112)
2025-05-20 22:49:47,839 - Scheduler - INFO - Starting worker for repo: https://pypi.org/project/gftools (run_cp_analysis.py:28)
2025-05-20 22:49:56,015 - Scheduler - INFO - Worker completed for repo: https://pypi.org/project/azure-communication-callautomation (run_cp_analysis.py:37)
2025-05-20 22:49:56,036 - Scheduler - INFO - Progress: 317/575 repositories scanned. (base_scheduler.py:112)
2025-05-20 22:49:56,038 - Scheduler - INFO - Starting worker for repo: https://pypi.org/project/windmill (run_cp_analysis.py:28)
2025-05-20 22:49:59,444 - Scheduler - INFO - Worker completed for repo: https://pypi.org/project/fintoolsap (run_cp_analysis.py:37)
2025-05-20 22:49:59,451 - Scheduler - INFO - Progress: 318/575 repositories scanned. (base_scheduler.py:112)
2025-05-20 22:49:59,453 - Scheduler - INFO - Starting worker for repo: https://pypi.org/project/curia (run_cp_analysis.py:28)
2025-05-20 22:50:18,848 - Scheduler - INFO - Worker completed for repo: https://pypi.org/project/gftools (run_cp_analysis.py:37)
2025-05-20 22:50:18,865 - Scheduler - INFO - Progress: 319/575 repositories scanned. (base_scheduler.py:112)
2025-05-20 22:50:18,866 - Scheduler - INFO - Starting worker for repo: https://pypi.org/project/colossalai (run_cp_analysis.py:28)
2025-05-20 22:50:23,088 - Scheduler - INFO - Worker completed for repo: https://pypi.org/project/windmill (run_cp_analysis.py:37)
2025-05-20 22:50:23,096 - Scheduler - INFO - Progress: 320/575 repositories scanned. (base_scheduler.py:112)
2025-05-20 22:50:23,097 - Scheduler - INFO - Starting worker for repo: https://pypi.org/project/freetakserver (run_cp_analysis.py:28)
2025-05-20 22:51:20,234 - Scheduler - INFO - Worker completed for repo: https://pypi.org/project/freetakserver (run_cp_analysis.py:37)
2025-05-20 22:51:20,248 - Scheduler - INFO - Progress: 321/575 repositories scanned. (base_scheduler.py:112)
2025-05-20 22:51:20,250 - Scheduler - INFO - Starting worker for repo: https://pypi.org/project/osbot-utils (run_cp_analysis.py:28)
2025-05-20 22:51:45,195 - Scheduler - INFO - Worker completed for repo: https://pypi.org/project/colossalai (run_cp_analysis.py:37)
2025-05-20 22:51:45,203 - Scheduler - INFO - Progress: 322/575 repositories scanned. (base_scheduler.py:112)
2025-05-20 22:51:45,205 - Scheduler - INFO - Starting worker for repo: https://pypi.org/project/fsai-shared-funcs (run_cp_analysis.py:28)
2025-05-20 22:51:56,184 - Scheduler - INFO - Worker completed for repo: https://pypi.org/project/osbot-utils (run_cp_analysis.py:37)
2025-05-20 22:51:56,200 - Scheduler - INFO - Progress: 323/575 repositories scanned. (base_scheduler.py:112)
2025-05-20 22:51:56,202 - Scheduler - INFO - Starting worker for repo: https://pypi.org/project/blaster-server (run_cp_analysis.py:28)
2025-05-20 22:52:06,014 - Scheduler - INFO - Worker completed for repo: https://pypi.org/project/fsai-shared-funcs (run_cp_analysis.py:37)
2025-05-20 22:52:06,023 - Scheduler - INFO - Progress: 324/575 repositories scanned. (base_scheduler.py:112)
2025-05-20 22:52:06,025 - Scheduler - INFO - Starting worker for repo: https://pypi.org/project/container-service-extension (run_cp_analysis.py:28)
2025-05-20 22:52:26,444 - Scheduler - INFO - Worker completed for repo: https://pypi.org/project/blaster-server (run_cp_analysis.py:37)
2025-05-20 22:52:26,452 - Scheduler - INFO - Progress: 325/575 repositories scanned. (base_scheduler.py:112)
2025-05-20 22:52:26,454 - Scheduler - INFO - Starting worker for repo: https://pypi.org/project/mediapipe-nightly (run_cp_analysis.py:28)
2025-05-20 22:52:44,336 - Scheduler - INFO - Worker completed for repo: https://pypi.org/project/container-service-extension (run_cp_analysis.py:37)
2025-05-20 22:52:44,349 - Scheduler - INFO - Progress: 326/575 repositories scanned. (base_scheduler.py:112)
2025-05-20 22:52:44,350 - Scheduler - INFO - Starting worker for repo: https://pypi.org/project/azure-ai-resources (run_cp_analysis.py:28)
2025-05-20 22:53:08,731 - Scheduler - INFO - Worker completed for repo: https://pypi.org/project/mediapipe-nightly (run_cp_analysis.py:37)
2025-05-20 22:53:08,739 - Scheduler - INFO - Progress: 327/575 repositories scanned. (base_scheduler.py:112)
2025-05-20 22:53:08,740 - Scheduler - INFO - Starting worker for repo: https://pypi.org/project/distilabel (run_cp_analysis.py:28)
2025-05-20 22:53:26,169 - Scheduler - INFO - Worker completed for repo: https://pypi.org/project/curia (run_cp_analysis.py:37)
2025-05-20 22:53:26,177 - Scheduler - INFO - Progress: 328/575 repositories scanned. (base_scheduler.py:112)
2025-05-20 22:53:26,179 - Scheduler - INFO - Starting worker for repo: https://pypi.org/project/apache-bookkeeper-client (run_cp_analysis.py:28)
2025-05-20 22:53:45,764 - Scheduler - INFO - Worker completed for repo: https://pypi.org/project/distilabel (run_cp_analysis.py:37)
2025-05-20 22:53:45,775 - Scheduler - INFO - Progress: 329/575 repositories scanned. (base_scheduler.py:112)
2025-05-20 22:53:45,777 - Scheduler - INFO - Starting worker for repo: https://pypi.org/project/thds-core (run_cp_analysis.py:28)
2025-05-20 22:53:45,890 - Scheduler - INFO - Worker completed for repo: https://pypi.org/project/apache-bookkeeper-client (run_cp_analysis.py:37)
2025-05-20 22:53:45,902 - Scheduler - INFO - Progress: 330/575 repositories scanned. (base_scheduler.py:112)
2025-05-20 22:53:45,904 - Scheduler - INFO - Starting worker for repo: https://pypi.org/project/azure-iot-deviceupdate (run_cp_analysis.py:28)
2025-05-20 22:54:00,968 - Scheduler - INFO - Worker completed for repo: https://pypi.org/project/azure-ai-resources (run_cp_analysis.py:37)
2025-05-20 22:54:00,979 - Scheduler - INFO - Progress: 331/575 repositories scanned. (base_scheduler.py:112)
2025-05-20 22:54:00,981 - Scheduler - INFO - Starting worker for repo: https://pypi.org/project/lsst-pipe-base (run_cp_analysis.py:28)
2025-05-20 22:54:09,162 - Scheduler - INFO - Worker completed for repo: https://pypi.org/project/thds-core (run_cp_analysis.py:37)
2025-05-20 22:54:09,178 - Scheduler - INFO - Progress: 332/575 repositories scanned. (base_scheduler.py:112)
2025-05-20 22:54:09,180 - Scheduler - INFO - Starting worker for repo: https://pypi.org/project/plexflow (run_cp_analysis.py:28)
2025-05-20 22:54:12,369 - Scheduler - INFO - Worker completed for repo: https://pypi.org/project/azure-iot-deviceupdate (run_cp_analysis.py:37)
2025-05-20 22:54:12,386 - Scheduler - INFO - Progress: 333/575 repositories scanned. (base_scheduler.py:112)
2025-05-20 22:54:12,388 - Scheduler - INFO - Starting worker for repo: https://pypi.org/project/libhanger (run_cp_analysis.py:28)
2025-05-20 22:54:31,301 - Scheduler - INFO - Worker completed for repo: https://pypi.org/project/lsst-pipe-base (run_cp_analysis.py:37)
2025-05-20 22:54:31,310 - Scheduler - INFO - Progress: 334/575 repositories scanned. (base_scheduler.py:112)
2025-05-20 22:54:31,312 - Scheduler - INFO - Starting worker for repo: https://pypi.org/project/kmport (run_cp_analysis.py:28)
2025-05-20 22:54:34,964 - Scheduler - INFO - Worker completed for repo: https://pypi.org/project/libhanger (run_cp_analysis.py:37)
2025-05-20 22:54:34,973 - Scheduler - INFO - Progress: 335/575 repositories scanned. (base_scheduler.py:112)
2025-05-20 22:54:34,974 - Scheduler - INFO - Starting worker for repo: https://pypi.org/project/geodesic-api (run_cp_analysis.py:28)
2025-05-20 22:54:35,672 - Scheduler - INFO - Worker completed for repo: https://pypi.org/project/plexflow (run_cp_analysis.py:37)
2025-05-20 22:54:35,687 - Scheduler - INFO - Progress: 336/575 repositories scanned. (base_scheduler.py:112)
2025-05-20 22:54:35,689 - Scheduler - INFO - Starting worker for repo: https://pypi.org/project/zugbruecke (run_cp_analysis.py:28)
2025-05-20 22:54:58,140 - Scheduler - INFO - Worker completed for repo: https://pypi.org/project/zugbruecke (run_cp_analysis.py:37)
2025-05-20 22:54:58,147 - Scheduler - INFO - Progress: 337/575 repositories scanned. (base_scheduler.py:112)
2025-05-20 22:54:58,149 - Scheduler - INFO - Starting worker for repo: https://pypi.org/project/hpcflow-new2 (run_cp_analysis.py:28)
2025-05-20 22:55:04,329 - Scheduler - INFO - Worker completed for repo: https://pypi.org/project/geodesic-api (run_cp_analysis.py:37)
2025-05-20 22:55:04,337 - Scheduler - INFO - Progress: 338/575 repositories scanned. (base_scheduler.py:112)
2025-05-20 22:55:04,339 - Scheduler - INFO - Starting worker for repo: https://pypi.org/project/raygun4py (run_cp_analysis.py:28)
2025-05-20 22:55:27,358 - Scheduler - INFO - Worker completed for repo: https://pypi.org/project/raygun4py (run_cp_analysis.py:37)
2025-05-20 22:55:27,366 - Scheduler - INFO - Progress: 339/575 repositories scanned. (base_scheduler.py:112)
2025-05-20 22:55:27,368 - Scheduler - INFO - Starting worker for repo: https://pypi.org/project/python-simpleconf (run_cp_analysis.py:28)
2025-05-20 22:55:46,523 - Scheduler - INFO - Worker completed for repo: https://pypi.org/project/python-simpleconf (run_cp_analysis.py:37)
2025-05-20 22:55:46,539 - Scheduler - INFO - Progress: 340/575 repositories scanned. (base_scheduler.py:112)
2025-05-20 22:55:46,541 - Scheduler - INFO - Starting worker for repo: https://pypi.org/project/coilpy (run_cp_analysis.py:28)
2025-05-20 22:55:46,803 - Scheduler - INFO - Worker completed for repo: https://pypi.org/project/kmport (run_cp_analysis.py:37)
2025-05-20 22:55:46,812 - Scheduler - INFO - Progress: 341/575 repositories scanned. (base_scheduler.py:112)
2025-05-20 22:55:46,814 - Scheduler - INFO - Starting worker for repo: https://pypi.org/project/requre (run_cp_analysis.py:28)
2025-05-20 22:55:50,251 - Scheduler - INFO - Worker completed for repo: https://pypi.org/project/hpcflow-new2 (run_cp_analysis.py:37)
2025-05-20 22:55:50,259 - Scheduler - INFO - Progress: 342/575 repositories scanned. (base_scheduler.py:112)
2025-05-20 22:55:50,260 - Scheduler - INFO - Starting worker for repo: https://pypi.org/project/javascript-fixes (run_cp_analysis.py:28)
2025-05-20 22:56:09,818 - Scheduler - INFO - Worker completed for repo: https://pypi.org/project/requre (run_cp_analysis.py:37)
2025-05-20 22:56:09,831 - Scheduler - INFO - Progress: 343/575 repositories scanned. (base_scheduler.py:112)
2025-05-20 22:56:09,832 - Scheduler - INFO - Starting worker for repo: https://pypi.org/project/m3-ui (run_cp_analysis.py:28)
2025-05-20 22:56:11,531 - Scheduler - INFO - Worker completed for repo: https://pypi.org/project/coilpy (run_cp_analysis.py:37)
2025-05-20 22:56:11,539 - Scheduler - INFO - Progress: 344/575 repositories scanned. (base_scheduler.py:112)
2025-05-20 22:56:11,540 - Scheduler - INFO - Starting worker for repo: https://pypi.org/project/base-aux (run_cp_analysis.py:28)
2025-05-20 22:56:13,274 - Scheduler - INFO - Worker completed for repo: https://pypi.org/project/javascript-fixes (run_cp_analysis.py:37)
2025-05-20 22:56:13,282 - Scheduler - INFO - Progress: 345/575 repositories scanned. (base_scheduler.py:112)
2025-05-20 22:56:13,284 - Scheduler - INFO - Starting worker for repo: https://pypi.org/project/scoutsuite (run_cp_analysis.py:28)
2025-05-20 22:56:34,893 - Scheduler - INFO - Worker completed for repo: https://pypi.org/project/m3-ui (run_cp_analysis.py:37)
2025-05-20 22:56:34,904 - Scheduler - INFO - Progress: 346/575 repositories scanned. (base_scheduler.py:112)
2025-05-20 22:56:34,905 - Scheduler - INFO - Starting worker for repo: https://pypi.org/project/confme (run_cp_analysis.py:28)
2025-05-20 22:56:45,828 - Scheduler - INFO - Worker completed for repo: https://pypi.org/project/base-aux (run_cp_analysis.py:37)
2025-05-20 22:56:45,836 - Scheduler - INFO - Progress: 347/575 repositories scanned. (base_scheduler.py:112)
2025-05-20 22:56:45,838 - Scheduler - INFO - Starting worker for repo: https://pypi.org/project/libbs (run_cp_analysis.py:28)
2025-05-20 22:56:54,533 - Scheduler - INFO - Worker completed for repo: https://pypi.org/project/confme (run_cp_analysis.py:37)
2025-05-20 22:56:54,542 - Scheduler - INFO - Progress: 348/575 repositories scanned. (base_scheduler.py:112)
2025-05-20 22:56:54,543 - Scheduler - INFO - Starting worker for repo: https://pypi.org/project/azure-maps-route (run_cp_analysis.py:28)
2025-05-20 22:57:12,503 - Scheduler - INFO - Worker completed for repo: https://pypi.org/project/libbs (run_cp_analysis.py:37)
2025-05-20 22:57:12,513 - Scheduler - INFO - Progress: 349/575 repositories scanned. (base_scheduler.py:112)
2025-05-20 22:57:12,514 - Scheduler - INFO - Starting worker for repo: https://pypi.org/project/xj-enroll (run_cp_analysis.py:28)
2025-05-20 22:57:19,844 - Scheduler - INFO - Worker completed for repo: https://pypi.org/project/azure-maps-route (run_cp_analysis.py:37)
2025-05-20 22:57:19,855 - Scheduler - INFO - Progress: 350/575 repositories scanned. (base_scheduler.py:112)
2025-05-20 22:57:19,856 - Scheduler - INFO - Starting worker for repo: https://pypi.org/project/arches (run_cp_analysis.py:28)
2025-05-20 22:57:22,381 - Scheduler - INFO - Worker completed for repo: https://pypi.org/project/ansys-fluent-core (run_cp_analysis.py:37)
2025-05-20 22:57:22,398 - Scheduler - INFO - Progress: 351/575 repositories scanned. (base_scheduler.py:112)
2025-05-20 22:57:22,400 - Scheduler - INFO - Starting worker for repo: https://pypi.org/project/xtrack (run_cp_analysis.py:28)
2025-05-20 22:58:36,404 - Scheduler - INFO - Worker completed for repo: https://pypi.org/project/xj-enroll (run_cp_analysis.py:37)
2025-05-20 22:58:36,418 - Scheduler - INFO - Progress: 352/575 repositories scanned. (base_scheduler.py:112)
2025-05-20 22:58:36,420 - Scheduler - INFO - Starting worker for repo: https://pypi.org/project/cpppo (run_cp_analysis.py:28)
2025-05-20 22:58:41,438 - Scheduler - INFO - Worker completed for repo: https://pypi.org/project/opcua (run_cp_analysis.py:37)
2025-05-20 22:58:41,455 - Scheduler - INFO - Progress: 353/575 repositories scanned. (base_scheduler.py:112)
2025-05-20 22:58:41,457 - Scheduler - INFO - Starting worker for repo: https://pypi.org/project/global-workqueue (run_cp_analysis.py:28)
2025-05-20 22:59:19,720 - Scheduler - INFO - Worker completed for repo: https://pypi.org/project/cpppo (run_cp_analysis.py:37)
2025-05-20 22:59:19,729 - Scheduler - INFO - Progress: 354/575 repositories scanned. (base_scheduler.py:112)
2025-05-20 22:59:19,731 - Scheduler - INFO - Starting worker for repo: https://pypi.org/project/dnastack-client-library (run_cp_analysis.py:28)
2025-05-20 22:59:35,188 - Scheduler - INFO - Worker completed for repo: https://pypi.org/project/global-workqueue (run_cp_analysis.py:37)
2025-05-20 22:59:35,197 - Scheduler - INFO - Progress: 355/575 repositories scanned. (base_scheduler.py:112)
2025-05-20 22:59:35,199 - Scheduler - INFO - Starting worker for repo: https://pypi.org/project/openstates (run_cp_analysis.py:28)
2025-05-20 22:59:47,375 - Scheduler - INFO - Worker completed for repo: https://pypi.org/project/dnastack-client-library (run_cp_analysis.py:37)
2025-05-20 22:59:47,387 - Scheduler - INFO - Progress: 356/575 repositories scanned. (base_scheduler.py:112)
2025-05-20 22:59:47,394 - Scheduler - INFO - Starting worker for repo: https://pypi.org/project/buildz (run_cp_analysis.py:28)
2025-05-20 23:00:01,901 - Scheduler - INFO - Worker completed for repo: https://pypi.org/project/scoutsuite (run_cp_analysis.py:37)
2025-05-20 23:00:01,917 - Scheduler - INFO - Progress: 357/575 repositories scanned. (base_scheduler.py:112)
2025-05-20 23:00:01,919 - Scheduler - INFO - Starting worker for repo: https://pypi.org/project/cdp-backend (run_cp_analysis.py:28)
2025-05-20 23:00:09,163 - Scheduler - INFO - Worker completed for repo: https://pypi.org/project/openstates (run_cp_analysis.py:37)
2025-05-20 23:00:09,171 - Scheduler - INFO - Progress: 358/575 repositories scanned. (base_scheduler.py:112)
2025-05-20 23:00:09,172 - Scheduler - INFO - Starting worker for repo: https://pypi.org/project/sleuth-mock (run_cp_analysis.py:28)
2025-05-20 23:00:21,855 - Scheduler - INFO - Worker completed for repo: https://pypi.org/project/xtrack (run_cp_analysis.py:37)
2025-05-20 23:00:21,877 - Scheduler - INFO - Progress: 359/575 repositories scanned. (base_scheduler.py:112)
2025-05-20 23:00:21,879 - Scheduler - INFO - Starting worker for repo: https://pypi.org/project/xorbits (run_cp_analysis.py:28)
2025-05-20 23:00:24,557 - Scheduler - INFO - Worker completed for repo: https://pypi.org/project/arches (run_cp_analysis.py:37)
2025-05-20 23:00:24,571 - Scheduler - INFO - Progress: 360/575 repositories scanned. (base_scheduler.py:112)
2025-05-20 23:00:24,572 - Scheduler - INFO - Starting worker for repo: https://pypi.org/project/ellar (run_cp_analysis.py:28)
2025-05-20 23:00:24,885 - Scheduler - INFO - Worker completed for repo: https://pypi.org/project/cdp-backend (run_cp_analysis.py:37)
2025-05-20 23:00:24,903 - Scheduler - INFO - Progress: 361/575 repositories scanned. (base_scheduler.py:112)
2025-05-20 23:00:24,905 - Scheduler - INFO - Starting worker for repo: https://pypi.org/project/azure-ai-anomalydetector (run_cp_analysis.py:28)
2025-05-20 23:00:30,358 - Scheduler - INFO - Worker completed for repo: https://pypi.org/project/sleuth-mock (run_cp_analysis.py:37)
2025-05-20 23:00:30,367 - Scheduler - INFO - Progress: 362/575 repositories scanned. (base_scheduler.py:112)
2025-05-20 23:00:30,369 - Scheduler - INFO - Starting worker for repo: https://pypi.org/project/mcdreforged (run_cp_analysis.py:28)
2025-05-20 23:00:54,848 - Scheduler - INFO - Worker completed for repo: https://pypi.org/project/azure-ai-anomalydetector (run_cp_analysis.py:37)
2025-05-20 23:00:54,863 - Scheduler - INFO - Progress: 363/575 repositories scanned. (base_scheduler.py:112)
2025-05-20 23:00:54,864 - Scheduler - INFO - Starting worker for repo: https://pypi.org/project/mcap-ros1-support (run_cp_analysis.py:28)
2025-05-20 23:00:56,974 - Scheduler - INFO - Worker completed for repo: https://pypi.org/project/ellar (run_cp_analysis.py:37)
2025-05-20 23:00:56,995 - Scheduler - INFO - Progress: 364/575 repositories scanned. (base_scheduler.py:112)
2025-05-20 23:00:56,997 - Scheduler - INFO - Starting worker for repo: https://pypi.org/project/normalize (run_cp_analysis.py:28)
2025-05-20 23:01:04,702 - Scheduler - INFO - Worker completed for repo: https://pypi.org/project/mcdreforged (run_cp_analysis.py:37)
2025-05-20 23:01:04,721 - Scheduler - INFO - Progress: 365/575 repositories scanned. (base_scheduler.py:112)
2025-05-20 23:01:04,722 - Scheduler - INFO - Starting worker for repo: https://pypi.org/project/hcs-core (run_cp_analysis.py:28)
2025-05-20 23:01:15,213 - Scheduler - INFO - Worker completed for repo: https://pypi.org/project/buildz (run_cp_analysis.py:37)
2025-05-20 23:01:15,227 - Scheduler - INFO - Progress: 366/575 repositories scanned. (base_scheduler.py:112)
2025-05-20 23:01:15,229 - Scheduler - INFO - Starting worker for repo: https://pypi.org/project/kalib (run_cp_analysis.py:28)
2025-05-20 23:01:17,657 - Scheduler - INFO - Worker completed for repo: https://pypi.org/project/kalib (run_cp_analysis.py:37)
2025-05-20 23:01:17,674 - Scheduler - INFO - Progress: 367/575 repositories scanned. (base_scheduler.py:112)
2025-05-20 23:01:17,676 - Scheduler - INFO - Starting worker for repo: https://pypi.org/project/steam-sdk (run_cp_analysis.py:28)
2025-05-20 23:01:20,845 - Scheduler - INFO - Worker completed for repo: https://pypi.org/project/mcap-ros1-support (run_cp_analysis.py:37)
2025-05-20 23:01:20,857 - Scheduler - INFO - Progress: 368/575 repositories scanned. (base_scheduler.py:112)
2025-05-20 23:01:20,858 - Scheduler - INFO - Starting worker for repo: https://pypi.org/project/dero (run_cp_analysis.py:28)
2025-05-20 23:01:32,184 - Scheduler - INFO - Worker completed for repo: https://pypi.org/project/normalize (run_cp_analysis.py:37)
2025-05-20 23:01:32,194 - Scheduler - INFO - Progress: 369/575 repositories scanned. (base_scheduler.py:112)
2025-05-20 23:01:32,196 - Scheduler - INFO - Starting worker for repo: https://pypi.org/project/azure-mgmt-graphservices (run_cp_analysis.py:28)
2025-05-20 23:01:36,231 - Scheduler - INFO - Worker completed for repo: https://pypi.org/project/hcs-core (run_cp_analysis.py:37)
2025-05-20 23:01:36,247 - Scheduler - INFO - Progress: 370/575 repositories scanned. (base_scheduler.py:112)
2025-05-20 23:01:36,248 - Scheduler - INFO - Starting worker for repo: https://pypi.org/project/httptesting (run_cp_analysis.py:28)
2025-05-20 23:01:57,324 - Scheduler - INFO - Worker completed for repo: https://pypi.org/project/azure-mgmt-graphservices (run_cp_analysis.py:37)
2025-05-20 23:01:57,333 - Scheduler - INFO - Progress: 371/575 repositories scanned. (base_scheduler.py:112)
2025-05-20 23:01:57,335 - Scheduler - INFO - Starting worker for repo: https://pypi.org/project/hordelib (run_cp_analysis.py:28)
2025-05-20 23:01:59,021 - Scheduler - INFO - Worker completed for repo: https://pypi.org/project/httptesting (run_cp_analysis.py:37)
2025-05-20 23:01:59,030 - Scheduler - INFO - Progress: 372/575 repositories scanned. (base_scheduler.py:112)
2025-05-20 23:01:59,031 - Scheduler - INFO - Starting worker for repo: https://pypi.org/project/opensafely (run_cp_analysis.py:28)
2025-05-20 23:02:07,942 - Scheduler - INFO - Worker completed for repo: https://pypi.org/project/dero (run_cp_analysis.py:37)
2025-05-20 23:02:07,954 - Scheduler - INFO - Progress: 373/575 repositories scanned. (base_scheduler.py:112)
2025-05-20 23:02:07,955 - Scheduler - INFO - Starting worker for repo: https://pypi.org/project/azure-mgmt-healthcareapis (run_cp_analysis.py:28)
2025-05-20 23:02:34,561 - Scheduler - INFO - Worker completed for repo: https://pypi.org/project/steam-sdk (run_cp_analysis.py:37)
2025-05-20 23:02:34,569 - Scheduler - INFO - Progress: 374/575 repositories scanned. (base_scheduler.py:112)
2025-05-20 23:02:34,571 - Scheduler - INFO - Starting worker for repo: https://pypi.org/project/onediffx (run_cp_analysis.py:28)
2025-05-20 23:02:36,711 - Scheduler - INFO - Worker completed for repo: https://pypi.org/project/azure-mgmt-healthcareapis (run_cp_analysis.py:37)
2025-05-20 23:02:36,732 - Scheduler - INFO - Progress: 375/575 repositories scanned. (base_scheduler.py:112)
2025-05-20 23:02:36,734 - Scheduler - INFO - Starting worker for repo: https://pypi.org/project/wmagent (run_cp_analysis.py:28)
2025-05-20 23:03:02,476 - Scheduler - INFO - Worker completed for repo: https://pypi.org/project/onediffx (run_cp_analysis.py:37)
2025-05-20 23:03:02,485 - Scheduler - INFO - Progress: 376/575 repositories scanned. (base_scheduler.py:112)
2025-05-20 23:03:02,487 - Scheduler - INFO - Starting worker for repo: https://pypi.org/project/fa-common (run_cp_analysis.py:28)
2025-05-20 23:03:08,393 - Scheduler - INFO - Worker completed for repo: https://pypi.org/project/opensafely (run_cp_analysis.py:37)
2025-05-20 23:03:08,402 - Scheduler - INFO - Progress: 377/575 repositories scanned. (base_scheduler.py:112)
2025-05-20 23:03:08,403 - Scheduler - INFO - Starting worker for repo: https://pypi.org/project/getdist (run_cp_analysis.py:28)
2025-05-20 23:03:18,808 - Scheduler - INFO - Worker completed for repo: https://pypi.org/project/hordelib (run_cp_analysis.py:37)
2025-05-20 23:03:18,818 - Scheduler - INFO - Progress: 378/575 repositories scanned. (base_scheduler.py:112)
2025-05-20 23:03:18,820 - Scheduler - INFO - Starting worker for repo: https://pypi.org/project/colony (run_cp_analysis.py:28)
2025-05-20 23:03:27,219 - Scheduler - INFO - Worker completed for repo: https://pypi.org/project/fa-common (run_cp_analysis.py:37)
2025-05-20 23:03:27,227 - Scheduler - INFO - Progress: 379/575 repositories scanned. (base_scheduler.py:112)
2025-05-20 23:03:27,229 - Scheduler - INFO - Starting worker for repo: https://pypi.org/project/pipegraphpy (run_cp_analysis.py:28)
2025-05-20 23:03:47,525 - Scheduler - INFO - Worker completed for repo: https://pypi.org/project/xorbits (run_cp_analysis.py:37)
2025-05-20 23:03:47,547 - Scheduler - INFO - Progress: 380/575 repositories scanned. (base_scheduler.py:112)
2025-05-20 23:03:47,550 - Scheduler - INFO - Starting worker for repo: https://pypi.org/project/iommi (run_cp_analysis.py:28)
2025-05-20 23:03:51,172 - Scheduler - INFO - Worker completed for repo: https://pypi.org/project/pipegraphpy (run_cp_analysis.py:37)
2025-05-20 23:03:51,183 - Scheduler - INFO - Progress: 381/575 repositories scanned. (base_scheduler.py:112)
2025-05-20 23:03:51,185 - Scheduler - INFO - Starting worker for repo: https://pypi.org/project/selectorcolor (run_cp_analysis.py:28)
2025-05-20 23:03:53,466 - Scheduler - INFO - Worker completed for repo: https://pypi.org/project/colony (run_cp_analysis.py:37)
2025-05-20 23:03:53,475 - Scheduler - INFO - Progress: 382/575 repositories scanned. (base_scheduler.py:112)
2025-05-20 23:03:53,477 - Scheduler - INFO - Starting worker for repo: https://pypi.org/project/pyleco (run_cp_analysis.py:28)
2025-05-20 23:04:00,406 - Scheduler - INFO - Worker completed for repo: https://pypi.org/project/getdist (run_cp_analysis.py:37)
2025-05-20 23:04:00,425 - Scheduler - INFO - Progress: 383/575 repositories scanned. (base_scheduler.py:112)
2025-05-20 23:04:00,427 - Scheduler - INFO - Starting worker for repo: https://pypi.org/project/brevitas (run_cp_analysis.py:28)
2025-05-20 23:04:16,668 - Scheduler - INFO - Worker completed for repo: https://pypi.org/project/selectorcolor (run_cp_analysis.py:37)
2025-05-20 23:04:16,688 - Scheduler - INFO - Progress: 384/575 repositories scanned. (base_scheduler.py:112)
2025-05-20 23:04:16,690 - Scheduler - INFO - Starting worker for repo: https://pypi.org/project/roman-datamodels (run_cp_analysis.py:28)
2025-05-20 23:04:20,753 - Scheduler - INFO - Worker completed for repo: https://pypi.org/project/pyleco (run_cp_analysis.py:37)
2025-05-20 23:04:20,767 - Scheduler - INFO - Progress: 385/575 repositories scanned. (base_scheduler.py:112)
2025-05-20 23:04:20,769 - Scheduler - INFO - Starting worker for repo: https://pypi.org/project/deepdoctection (run_cp_analysis.py:28)
2025-05-20 23:04:27,760 - Scheduler - INFO - Worker completed for repo: https://pypi.org/project/iommi (run_cp_analysis.py:37)
2025-05-20 23:04:27,769 - Scheduler - INFO - Progress: 386/575 repositories scanned. (base_scheduler.py:112)
2025-05-20 23:04:27,771 - Scheduler - INFO - Starting worker for repo: https://pypi.org/project/wmagent-devtools (run_cp_analysis.py:28)
2025-05-20 23:04:46,019 - Scheduler - INFO - Worker completed for repo: https://pypi.org/project/roman-datamodels (run_cp_analysis.py:37)
2025-05-20 23:04:46,028 - Scheduler - INFO - Progress: 387/575 repositories scanned. (base_scheduler.py:112)
2025-05-20 23:04:46,030 - Scheduler - INFO - Starting worker for repo: https://pypi.org/project/paramparse (run_cp_analysis.py:28)
2025-05-20 23:04:54,904 - Scheduler - INFO - Worker completed for repo: https://pypi.org/project/brevitas (run_cp_analysis.py:37)
2025-05-20 23:04:54,916 - Scheduler - INFO - Progress: 388/575 repositories scanned. (base_scheduler.py:112)
2025-05-20 23:04:54,917 - Scheduler - INFO - Starting worker for repo: https://pypi.org/project/edgy (run_cp_analysis.py:28)
2025-05-20 23:05:00,499 - Scheduler - INFO - Worker completed for repo: https://pypi.org/project/deepdoctection (run_cp_analysis.py:37)
2025-05-20 23:05:00,516 - Scheduler - INFO - Progress: 389/575 repositories scanned. (base_scheduler.py:112)
2025-05-20 23:05:00,518 - Scheduler - INFO - Starting worker for repo: https://pypi.org/project/wmcore (run_cp_analysis.py:28)
2025-05-20 23:05:18,739 - Scheduler - INFO - Worker completed for repo: https://pypi.org/project/paramparse (run_cp_analysis.py:37)
2025-05-20 23:05:18,747 - Scheduler - INFO - Progress: 390/575 repositories scanned. (base_scheduler.py:112)
2025-05-20 23:05:18,748 - Scheduler - INFO - Starting worker for repo: https://pypi.org/project/graphql-core-next (run_cp_analysis.py:28)
2025-05-20 23:05:25,444 - Scheduler - INFO - Worker completed for repo: https://pypi.org/project/wmagent (run_cp_analysis.py:37)
2025-05-20 23:05:25,455 - Scheduler - INFO - Progress: 391/575 repositories scanned. (base_scheduler.py:112)
2025-05-20 23:05:25,456 - Scheduler - INFO - Starting worker for repo: https://pypi.org/project/finesse (run_cp_analysis.py:28)
2025-05-20 23:05:26,732 - Scheduler - INFO - Worker completed for repo: https://pypi.org/project/edgy (run_cp_analysis.py:37)
2025-05-20 23:05:26,752 - Scheduler - INFO - Progress: 392/575 repositories scanned. (base_scheduler.py:112)
2025-05-20 23:05:26,754 - Scheduler - INFO - Starting worker for repo: https://pypi.org/project/shuup (run_cp_analysis.py:28)
2025-05-20 23:05:50,081 - Scheduler - INFO - Worker completed for repo: https://pypi.org/project/graphql-core-next (run_cp_analysis.py:37)
2025-05-20 23:05:50,094 - Scheduler - INFO - Progress: 393/575 repositories scanned. (base_scheduler.py:112)
2025-05-20 23:05:50,096 - Scheduler - INFO - Starting worker for repo: https://pypi.org/project/zipline-reloaded (run_cp_analysis.py:28)
2025-05-20 23:06:19,069 - Scheduler - INFO - Worker completed for repo: https://pypi.org/project/finesse (run_cp_analysis.py:37)
2025-05-20 23:06:19,078 - Scheduler - INFO - Progress: 394/575 repositories scanned. (base_scheduler.py:112)
2025-05-20 23:06:19,080 - Scheduler - INFO - Starting worker for repo: https://pypi.org/project/mikeio (run_cp_analysis.py:28)
2025-05-20 23:06:23,713 - Scheduler - INFO - Worker completed for repo: https://pypi.org/project/zipline-reloaded (run_cp_analysis.py:37)
2025-05-20 23:06:23,721 - Scheduler - INFO - Progress: 395/575 repositories scanned. (base_scheduler.py:112)
2025-05-20 23:06:23,723 - Scheduler - INFO - Starting worker for repo: https://pypi.org/project/minimock (run_cp_analysis.py:28)
2025-05-20 23:06:26,542 - Scheduler - INFO - Worker completed for repo: https://pypi.org/project/shuup (run_cp_analysis.py:37)
2025-05-20 23:06:26,558 - Scheduler - INFO - Progress: 396/575 repositories scanned. (base_scheduler.py:112)
2025-05-20 23:06:26,560 - Scheduler - INFO - Starting worker for repo: https://pypi.org/project/loutilities (run_cp_analysis.py:28)
2025-05-20 23:06:44,256 - Scheduler - INFO - Worker completed for repo: https://pypi.org/project/minimock (run_cp_analysis.py:37)
2025-05-20 23:06:44,268 - Scheduler - INFO - Progress: 397/575 repositories scanned. (base_scheduler.py:112)
2025-05-20 23:06:44,270 - Scheduler - INFO - Starting worker for repo: https://pypi.org/project/ignos-internal-api-client (run_cp_analysis.py:28)
2025-05-20 23:06:49,333 - Scheduler - INFO - Worker completed for repo: https://pypi.org/project/mikeio (run_cp_analysis.py:37)
2025-05-20 23:06:49,353 - Scheduler - INFO - Progress: 398/575 repositories scanned. (base_scheduler.py:112)
2025-05-20 23:06:49,355 - Scheduler - INFO - Starting worker for repo: https://pypi.org/project/blazeutils (run_cp_analysis.py:28)
2025-05-20 23:06:54,268 - Scheduler - INFO - Worker completed for repo: https://pypi.org/project/loutilities (run_cp_analysis.py:37)
2025-05-20 23:06:54,282 - Scheduler - INFO - Progress: 399/575 repositories scanned. (base_scheduler.py:112)
2025-05-20 23:06:54,284 - Scheduler - INFO - Starting worker for repo: https://pypi.org/project/sqreen (run_cp_analysis.py:28)
2025-05-20 23:07:11,029 - Scheduler - INFO - Worker completed for repo: https://pypi.org/project/ignos-internal-api-client (run_cp_analysis.py:37)
2025-05-20 23:07:11,041 - Scheduler - INFO - Progress: 400/575 repositories scanned. (base_scheduler.py:112)
2025-05-20 23:07:11,045 - Scheduler - INFO - Starting worker for repo: https://pypi.org/project/sparsezoo (run_cp_analysis.py:28)
2025-05-20 23:07:12,557 - Scheduler - INFO - Worker completed for repo: https://pypi.org/project/blazeutils (run_cp_analysis.py:37)
2025-05-20 23:07:12,564 - Scheduler - INFO - Progress: 401/575 repositories scanned. (base_scheduler.py:112)
2025-05-20 23:07:12,566 - Scheduler - INFO - Starting worker for repo: https://pypi.org/project/sciris (run_cp_analysis.py:28)
2025-05-20 23:07:41,938 - Scheduler - INFO - Worker completed for repo: https://pypi.org/project/sparsezoo (run_cp_analysis.py:37)
2025-05-20 23:07:41,956 - Scheduler - INFO - Progress: 402/575 repositories scanned. (base_scheduler.py:112)
2025-05-20 23:07:41,958 - Scheduler - INFO - Starting worker for repo: https://pypi.org/project/easydel (run_cp_analysis.py:28)
2025-05-20 23:07:46,816 - Scheduler - INFO - Worker completed for repo: https://pypi.org/project/sciris (run_cp_analysis.py:37)
2025-05-20 23:07:46,827 - Scheduler - INFO - Progress: 403/575 repositories scanned. (base_scheduler.py:112)
2025-05-20 23:07:46,832 - Scheduler - INFO - Starting worker for repo: https://pypi.org/project/dendro (run_cp_analysis.py:28)
2025-05-20 23:07:48,739 - Scheduler - INFO - Worker completed for repo: https://pypi.org/project/sqreen (run_cp_analysis.py:37)
2025-05-20 23:07:48,749 - Scheduler - INFO - Progress: 404/575 repositories scanned. (base_scheduler.py:112)
2025-05-20 23:07:48,751 - Scheduler - INFO - Starting worker for repo: https://pypi.org/project/pyodmongo (run_cp_analysis.py:28)
2025-05-20 23:08:09,875 - Scheduler - INFO - Worker completed for repo: https://pypi.org/project/dendro (run_cp_analysis.py:37)
2025-05-20 23:08:09,886 - Scheduler - INFO - Progress: 405/575 repositories scanned. (base_scheduler.py:112)
2025-05-20 23:08:09,887 - Scheduler - INFO - Starting worker for repo: https://pypi.org/project/beniutils (run_cp_analysis.py:28)
2025-05-20 23:08:10,401 - Scheduler - INFO - Worker completed for repo: https://pypi.org/project/pyodmongo (run_cp_analysis.py:37)
2025-05-20 23:08:10,412 - Scheduler - INFO - Progress: 406/575 repositories scanned. (base_scheduler.py:112)
2025-05-20 23:08:10,414 - Scheduler - INFO - Starting worker for repo: https://pypi.org/project/argx (run_cp_analysis.py:28)
2025-05-20 23:08:17,473 - Scheduler - INFO - Worker completed for repo: https://pypi.org/project/wmcore (run_cp_analysis.py:37)
2025-05-20 23:08:17,491 - Scheduler - INFO - Progress: 407/575 repositories scanned. (base_scheduler.py:112)
2025-05-20 23:08:17,492 - Scheduler - INFO - Starting worker for repo: https://pypi.org/project/nexfort (run_cp_analysis.py:28)
2025-05-20 23:08:31,796 - Scheduler - INFO - Worker completed for repo: https://pypi.org/project/argx (run_cp_analysis.py:37)
2025-05-20 23:08:31,808 - Scheduler - INFO - Progress: 408/575 repositories scanned. (base_scheduler.py:112)
2025-05-20 23:08:31,809 - Scheduler - INFO - Starting worker for repo: https://pypi.org/project/djenga (run_cp_analysis.py:28)
2025-05-20 23:08:31,998 - Scheduler - INFO - Worker completed for repo: https://pypi.org/project/beniutils (run_cp_analysis.py:37)
2025-05-20 23:08:32,014 - Scheduler - INFO - Progress: 409/575 repositories scanned. (base_scheduler.py:112)
2025-05-20 23:08:32,015 - Scheduler - INFO - Starting worker for repo: https://pypi.org/project/otx (run_cp_analysis.py:28)
2025-05-20 23:08:49,816 - Scheduler - INFO - Worker completed for repo: https://pypi.org/project/nexfort (run_cp_analysis.py:37)
2025-05-20 23:08:49,831 - Scheduler - INFO - Progress: 410/575 repositories scanned. (base_scheduler.py:112)
2025-05-20 23:08:49,833 - Scheduler - INFO - Starting worker for repo: https://pypi.org/project/azure-maps-render (run_cp_analysis.py:28)
2025-05-20 23:08:56,238 - Scheduler - INFO - Worker completed for repo: https://pypi.org/project/djenga (run_cp_analysis.py:37)
2025-05-20 23:08:56,245 - Scheduler - INFO - Progress: 411/575 repositories scanned. (base_scheduler.py:112)
2025-05-20 23:08:56,247 - Scheduler - INFO - Starting worker for repo: https://pypi.org/project/qsmolagents (run_cp_analysis.py:28)
2025-05-20 23:08:58,548 - Scheduler - INFO - Worker completed for repo: https://pypi.org/project/easydel (run_cp_analysis.py:37)
2025-05-20 23:08:58,571 - Scheduler - INFO - Progress: 412/575 repositories scanned. (base_scheduler.py:112)
2025-05-20 23:08:58,573 - Scheduler - INFO - Starting worker for repo: https://pypi.org/project/pyrocko (run_cp_analysis.py:28)
2025-05-20 23:09:16,649 - Scheduler - INFO - Worker completed for repo: https://pypi.org/project/azure-maps-render (run_cp_analysis.py:37)
2025-05-20 23:09:16,665 - Scheduler - INFO - Progress: 413/575 repositories scanned. (base_scheduler.py:112)
2025-05-20 23:09:16,666 - Scheduler - INFO - Starting worker for repo: https://pypi.org/project/dekdjtools (run_cp_analysis.py:28)
2025-05-20 23:09:24,294 - Scheduler - INFO - Worker completed for repo: https://pypi.org/project/otx (run_cp_analysis.py:37)
2025-05-20 23:09:24,304 - Scheduler - INFO - Progress: 414/575 repositories scanned. (base_scheduler.py:112)
2025-05-20 23:09:24,305 - Scheduler - INFO - Starting worker for repo: https://pypi.org/project/boto3-assist (run_cp_analysis.py:28)
2025-05-20 23:09:38,740 - Scheduler - INFO - Worker completed for repo: https://pypi.org/project/dekdjtools (run_cp_analysis.py:37)
2025-05-20 23:09:38,749 - Scheduler - INFO - Progress: 415/575 repositories scanned. (base_scheduler.py:112)
2025-05-20 23:09:38,750 - Scheduler - INFO - Starting worker for repo: https://pypi.org/project/appy (run_cp_analysis.py:28)
2025-05-20 23:09:49,019 - Scheduler - INFO - Worker completed for repo: https://pypi.org/project/boto3-assist (run_cp_analysis.py:37)
2025-05-20 23:09:49,032 - Scheduler - INFO - Progress: 416/575 repositories scanned. (base_scheduler.py:112)
2025-05-20 23:09:49,034 - Scheduler - INFO - Starting worker for repo: https://pypi.org/project/varlink (run_cp_analysis.py:28)
2025-05-20 23:10:00,229 - Scheduler - INFO - Worker completed for repo: https://pypi.org/project/qsmolagents (run_cp_analysis.py:37)
2025-05-20 23:10:00,237 - Scheduler - INFO - Progress: 417/575 repositories scanned. (base_scheduler.py:112)
2025-05-20 23:10:00,239 - Scheduler - INFO - Starting worker for repo: https://pypi.org/project/ccp-performance (run_cp_analysis.py:28)
2025-05-20 23:10:11,304 - Scheduler - INFO - Worker completed for repo: https://pypi.org/project/varlink (run_cp_analysis.py:37)
2025-05-20 23:10:11,313 - Scheduler - INFO - Progress: 418/575 repositories scanned. (base_scheduler.py:112)
2025-05-20 23:10:11,314 - Scheduler - INFO - Starting worker for repo: https://pypi.org/project/azure-mgmt-communication (run_cp_analysis.py:28)
2025-05-20 23:10:19,634 - Scheduler - INFO - Worker completed for repo: https://pypi.org/project/autofit (run_cp_analysis.py:37)
2025-05-20 23:10:19,651 - Scheduler - INFO - Progress: 419/575 repositories scanned. (base_scheduler.py:112)
2025-05-20 23:10:19,652 - Scheduler - INFO - Starting worker for repo: https://pypi.org/project/emzed (run_cp_analysis.py:28)
2025-05-20 23:10:27,278 - Scheduler - INFO - Worker completed for repo: https://pypi.org/project/pyrocko (run_cp_analysis.py:37)
2025-05-20 23:10:27,296 - Scheduler - INFO - Progress: 420/575 repositories scanned. (base_scheduler.py:112)
2025-05-20 23:10:27,298 - Scheduler - INFO - Starting worker for repo: https://pypi.org/project/snakeoil (run_cp_analysis.py:28)
2025-05-20 23:10:39,323 - Scheduler - INFO - Worker completed for repo: https://pypi.org/project/azure-mgmt-communication (run_cp_analysis.py:37)
2025-05-20 23:10:39,338 - Scheduler - INFO - Progress: 421/575 repositories scanned. (base_scheduler.py:112)
2025-05-20 23:10:39,340 - Scheduler - INFO - Starting worker for repo: https://pypi.org/project/pyros-genpy (run_cp_analysis.py:28)
2025-05-20 23:10:39,872 - Scheduler - INFO - Worker completed for repo: https://pypi.org/project/ccp-performance (run_cp_analysis.py:37)
2025-05-20 23:10:39,882 - Scheduler - INFO - Progress: 422/575 repositories scanned. (base_scheduler.py:112)
2025-05-20 23:10:39,884 - Scheduler - INFO - Starting worker for repo: https://pypi.org/project/masthay-helpers (run_cp_analysis.py:28)
2025-05-20 23:10:55,881 - Scheduler - INFO - Worker completed for repo: https://pypi.org/project/emzed (run_cp_analysis.py:37)
2025-05-20 23:10:55,896 - Scheduler - INFO - Progress: 423/575 repositories scanned. (base_scheduler.py:112)
2025-05-20 23:10:55,898 - Scheduler - INFO - Starting worker for repo: https://pypi.org/project/pyamf (run_cp_analysis.py:28)
2025-05-20 23:10:56,008 - Scheduler - INFO - Worker completed for repo: https://pypi.org/project/snakeoil (run_cp_analysis.py:37)
2025-05-20 23:10:56,016 - Scheduler - INFO - Progress: 424/575 repositories scanned. (base_scheduler.py:112)
2025-05-20 23:10:56,018 - Scheduler - INFO - Starting worker for repo: https://pypi.org/project/reqmgr2ms-monitor (run_cp_analysis.py:28)
2025-05-20 23:11:03,727 - Scheduler - INFO - Worker completed for repo: https://pypi.org/project/pyros-genpy (run_cp_analysis.py:37)
2025-05-20 23:11:03,737 - Scheduler - INFO - Progress: 425/575 repositories scanned. (base_scheduler.py:112)
2025-05-20 23:11:03,739 - Scheduler - INFO - Starting worker for repo: https://pypi.org/project/brevettiai (run_cp_analysis.py:28)
2025-05-20 23:11:05,050 - Scheduler - INFO - Worker completed for repo: https://pypi.org/project/masthay-helpers (run_cp_analysis.py:37)
2025-05-20 23:11:05,067 - Scheduler - INFO - Progress: 426/575 repositories scanned. (base_scheduler.py:112)
2025-05-20 23:11:05,068 - Scheduler - INFO - Starting worker for repo: https://pypi.org/project/agentlab (run_cp_analysis.py:28)
2025-05-20 23:11:32,736 - Scheduler - INFO - Worker completed for repo: https://pypi.org/project/agentlab (run_cp_analysis.py:37)
2025-05-20 23:11:32,753 - Scheduler - INFO - Progress: 427/575 repositories scanned. (base_scheduler.py:112)
2025-05-20 23:11:32,755 - Scheduler - INFO - Starting worker for repo: https://pypi.org/project/nebari (run_cp_analysis.py:28)
2025-05-20 23:11:35,638 - Scheduler - INFO - Worker completed for repo: https://pypi.org/project/pyamf (run_cp_analysis.py:37)
2025-05-20 23:11:35,645 - Scheduler - INFO - Progress: 428/575 repositories scanned. (base_scheduler.py:112)
2025-05-20 23:11:35,647 - Scheduler - INFO - Starting worker for repo: https://pypi.org/project/pyxrd (run_cp_analysis.py:28)
2025-05-20 23:11:36,493 - Scheduler - INFO - Worker completed for repo: https://pypi.org/project/brevettiai (run_cp_analysis.py:37)
2025-05-20 23:11:36,507 - Scheduler - INFO - Progress: 429/575 repositories scanned. (base_scheduler.py:112)
2025-05-20 23:11:36,509 - Scheduler - INFO - Starting worker for repo: https://pypi.org/project/apminsight (run_cp_analysis.py:28)
2025-05-20 23:11:42,386 - Scheduler - INFO - Worker completed for repo: https://pypi.org/project/reqmgr2ms-monitor (run_cp_analysis.py:37)
2025-05-20 23:11:42,394 - Scheduler - INFO - Progress: 430/575 repositories scanned. (base_scheduler.py:112)
2025-05-20 23:11:42,396 - Scheduler - INFO - Starting worker for repo: https://pypi.org/project/good-common (run_cp_analysis.py:28)
2025-05-20 23:12:02,715 - Scheduler - INFO - Worker completed for repo: https://pypi.org/project/nebari (run_cp_analysis.py:37)
2025-05-20 23:12:02,723 - Scheduler - INFO - Progress: 431/575 repositories scanned. (base_scheduler.py:112)
2025-05-20 23:12:02,725 - Scheduler - INFO - Starting worker for repo: https://pypi.org/project/pure-interface (run_cp_analysis.py:28)
2025-05-20 23:12:05,125 - Scheduler - INFO - Worker completed for repo: https://pypi.org/project/apminsight (run_cp_analysis.py:37)
2025-05-20 23:12:05,142 - Scheduler - INFO - Progress: 432/575 repositories scanned. (base_scheduler.py:112)
2025-05-20 23:12:05,145 - Scheduler - INFO - Starting worker for repo: https://pypi.org/project/colossalai-nightly (run_cp_analysis.py:28)
2025-05-20 23:12:07,982 - Scheduler - INFO - Worker completed for repo: https://pypi.org/project/good-common (run_cp_analysis.py:37)
2025-05-20 23:12:07,990 - Scheduler - INFO - Progress: 433/575 repositories scanned. (base_scheduler.py:112)
2025-05-20 23:12:07,992 - Scheduler - INFO - Starting worker for repo: https://pypi.org/project/reqmgr2ms-output (run_cp_analysis.py:28)
2025-05-20 23:12:27,756 - Scheduler - INFO - Worker completed for repo: https://pypi.org/project/pure-interface (run_cp_analysis.py:37)
2025-05-20 23:12:27,771 - Scheduler - INFO - Progress: 434/575 repositories scanned. (base_scheduler.py:112)
2025-05-20 23:12:27,773 - Scheduler - INFO - Starting worker for repo: https://pypi.org/project/openprompt (run_cp_analysis.py:28)
2025-05-20 23:12:29,812 - Scheduler - INFO - Worker completed for repo: https://pypi.org/project/pyxrd (run_cp_analysis.py:37)
2025-05-20 23:12:29,823 - Scheduler - INFO - Progress: 435/575 repositories scanned. (base_scheduler.py:112)
2025-05-20 23:12:29,825 - Scheduler - INFO - Starting worker for repo: https://pypi.org/project/analysis (run_cp_analysis.py:28)
2025-05-20 23:12:52,715 - Scheduler - INFO - Worker completed for repo: https://pypi.org/project/openprompt (run_cp_analysis.py:37)
2025-05-20 23:12:52,723 - Scheduler - INFO - Progress: 436/575 repositories scanned. (base_scheduler.py:112)
2025-05-20 23:12:52,724 - Scheduler - INFO - Starting worker for repo: https://pypi.org/project/hyperon-das (run_cp_analysis.py:28)
2025-05-20 23:12:54,017 - Scheduler - INFO - Worker completed for repo: https://pypi.org/project/analysis (run_cp_analysis.py:37)
2025-05-20 23:12:54,029 - Scheduler - INFO - Progress: 437/575 repositories scanned. (base_scheduler.py:112)
2025-05-20 23:12:54,030 - Scheduler - INFO - Starting worker for repo: https://pypi.org/project/dingodb (run_cp_analysis.py:28)
2025-05-20 23:12:54,183 - Scheduler - INFO - Worker completed for repo: https://pypi.org/project/reqmgr2ms-output (run_cp_analysis.py:37)
2025-05-20 23:12:54,199 - Scheduler - INFO - Progress: 438/575 repositories scanned. (base_scheduler.py:112)
2025-05-20 23:12:54,201 - Scheduler - INFO - Starting worker for repo: https://pypi.org/project/pydatalog (run_cp_analysis.py:28)
2025-05-20 23:13:20,667 - Scheduler - INFO - Worker completed for repo: https://pypi.org/project/dingodb (run_cp_analysis.py:37)
2025-05-20 23:13:20,683 - Scheduler - INFO - Progress: 439/575 repositories scanned. (base_scheduler.py:112)
2025-05-20 23:13:20,684 - Scheduler - INFO - Starting worker for repo: https://pypi.org/project/reqmgr2 (run_cp_analysis.py:28)
2025-05-20 23:13:25,606 - Scheduler - INFO - Worker completed for repo: https://pypi.org/project/pydatalog (run_cp_analysis.py:37)
2025-05-20 23:13:25,622 - Scheduler - INFO - Progress: 440/575 repositories scanned. (base_scheduler.py:112)
2025-05-20 23:13:25,624 - Scheduler - INFO - Starting worker for repo: https://pypi.org/project/taipy-gui (run_cp_analysis.py:28)
2025-05-20 23:13:31,896 - Scheduler - INFO - Worker completed for repo: https://pypi.org/project/appy (run_cp_analysis.py:37)
2025-05-20 23:13:31,909 - Scheduler - INFO - Progress: 441/575 repositories scanned. (base_scheduler.py:112)
2025-05-20 23:13:31,911 - Scheduler - INFO - Starting worker for repo: https://pypi.org/project/reqmgr2ms-unmerged (run_cp_analysis.py:28)
2025-05-20 23:13:50,522 - Scheduler - INFO - Worker completed for repo: https://pypi.org/project/colossalai-nightly (run_cp_analysis.py:37)
2025-05-20 23:13:50,539 - Scheduler - INFO - Progress: 442/575 repositories scanned. (base_scheduler.py:112)
2025-05-20 23:13:50,541 - Scheduler - INFO - Starting worker for repo: https://pypi.org/project/reqmon (run_cp_analysis.py:28)
2025-05-20 23:13:58,139 - Scheduler - INFO - Worker completed for repo: https://pypi.org/project/taipy-gui (run_cp_analysis.py:37)
2025-05-20 23:13:58,154 - Scheduler - INFO - Progress: 443/575 repositories scanned. (base_scheduler.py:112)
2025-05-20 23:13:58,155 - Scheduler - INFO - Starting worker for repo: https://pypi.org/project/xraylarch (run_cp_analysis.py:28)
2025-05-20 23:14:16,695 - Scheduler - INFO - Worker completed for repo: https://pypi.org/project/reqmgr2ms-unmerged (run_cp_analysis.py:37)
2025-05-20 23:14:16,703 - Scheduler - INFO - Progress: 444/575 repositories scanned. (base_scheduler.py:112)
2025-05-20 23:14:16,705 - Scheduler - INFO - Starting worker for repo: https://pypi.org/project/cli-base-utilities (run_cp_analysis.py:28)
2025-05-20 23:14:25,334 - Scheduler - INFO - Worker completed for repo: https://pypi.org/project/reqmgr2 (run_cp_analysis.py:37)
2025-05-20 23:14:25,351 - Scheduler - INFO - Progress: 445/575 repositories scanned. (base_scheduler.py:112)
2025-05-20 23:14:25,352 - Scheduler - INFO - Starting worker for repo: https://pypi.org/project/paddlex (run_cp_analysis.py:28)
2025-05-20 23:14:28,130 - Scheduler - INFO - Worker completed for repo: https://pypi.org/project/reqmon (run_cp_analysis.py:37)
2025-05-20 23:14:28,141 - Scheduler - INFO - Progress: 446/575 repositories scanned. (base_scheduler.py:112)
2025-05-20 23:14:28,142 - Scheduler - INFO - Starting worker for repo: https://pypi.org/project/calysto-scheme (run_cp_analysis.py:28)
2025-05-20 23:14:41,855 - Scheduler - INFO - Worker completed for repo: https://pypi.org/project/cli-base-utilities (run_cp_analysis.py:37)
2025-05-20 23:14:41,865 - Scheduler - INFO - Progress: 447/575 repositories scanned. (base_scheduler.py:112)
2025-05-20 23:14:41,867 - Scheduler - INFO - Starting worker for repo: https://pypi.org/project/azure-maps-geolocation (run_cp_analysis.py:28)
2025-05-20 23:15:05,980 - Scheduler - INFO - Worker completed for repo: https://pypi.org/project/azure-maps-geolocation (run_cp_analysis.py:37)
2025-05-20 23:15:05,996 - Scheduler - INFO - Progress: 448/575 repositories scanned. (base_scheduler.py:112)
2025-05-20 23:15:05,998 - Scheduler - INFO - Starting worker for repo: https://pypi.org/project/reqmgr2ms-transferor (run_cp_analysis.py:28)
2025-05-20 23:15:13,755 - Scheduler - INFO - Worker completed for repo: https://pypi.org/project/calysto-scheme (run_cp_analysis.py:37)
2025-05-20 23:15:13,770 - Scheduler - INFO - Progress: 449/575 repositories scanned. (base_scheduler.py:112)
2025-05-20 23:15:13,772 - Scheduler - INFO - Starting worker for repo: https://pypi.org/project/dynatrace-opentelemetry-core (run_cp_analysis.py:28)
2025-05-20 23:15:41,424 - Scheduler - INFO - Worker completed for repo: https://pypi.org/project/dynatrace-opentelemetry-core (run_cp_analysis.py:37)
2025-05-20 23:15:41,440 - Scheduler - INFO - Progress: 450/575 repositories scanned. (base_scheduler.py:112)
2025-05-20 23:15:41,442 - Scheduler - INFO - Starting worker for repo: https://pypi.org/project/reqmgr2ms-rulecleaner (run_cp_analysis.py:28)
2025-05-20 23:15:48,396 - Scheduler - INFO - Worker completed for repo: https://pypi.org/project/reqmgr2ms-transferor (run_cp_analysis.py:37)
2025-05-20 23:15:48,415 - Scheduler - INFO - Progress: 451/575 repositories scanned. (base_scheduler.py:112)
2025-05-20 23:15:48,416 - Scheduler - INFO - Starting worker for repo: https://pypi.org/project/delu (run_cp_analysis.py:28)
2025-05-20 23:16:07,413 - Scheduler - INFO - Worker completed for repo: https://pypi.org/project/paddlex (run_cp_analysis.py:37)
2025-05-20 23:16:07,422 - Scheduler - INFO - Progress: 452/575 repositories scanned. (base_scheduler.py:112)
2025-05-20 23:16:07,423 - Scheduler - INFO - Starting worker for repo: https://pypi.org/project/dataclass-persistence (run_cp_analysis.py:28)
2025-05-20 23:16:11,524 - Scheduler - INFO - Worker completed for repo: https://pypi.org/project/delu (run_cp_analysis.py:37)
2025-05-20 23:16:11,531 - Scheduler - INFO - Progress: 453/575 repositories scanned. (base_scheduler.py:112)
2025-05-20 23:16:11,533 - Scheduler - INFO - Starting worker for repo: https://pypi.org/project/dj-angles (run_cp_analysis.py:28)
2025-05-20 23:16:26,560 - Scheduler - INFO - Worker completed for repo: https://pypi.org/project/reqmgr2ms-rulecleaner (run_cp_analysis.py:37)
2025-05-20 23:16:26,579 - Scheduler - INFO - Progress: 454/575 repositories scanned. (base_scheduler.py:112)
2025-05-20 23:16:26,582 - Scheduler - INFO - Starting worker for repo: https://pypi.org/project/reqmgr2ms-pileup (run_cp_analysis.py:28)
2025-05-20 23:16:31,353 - Scheduler - INFO - Worker completed for repo: https://pypi.org/project/dataclass-persistence (run_cp_analysis.py:37)
2025-05-20 23:16:31,370 - Scheduler - INFO - Progress: 455/575 repositories scanned. (base_scheduler.py:112)
2025-05-20 23:16:31,372 - Scheduler - INFO - Starting worker for repo: https://pypi.org/project/potluck-eval (run_cp_analysis.py:28)
2025-05-20 23:16:36,044 - Scheduler - INFO - Worker completed for repo: https://pypi.org/project/dj-angles (run_cp_analysis.py:37)
2025-05-20 23:16:36,052 - Scheduler - INFO - Progress: 456/575 repositories scanned. (base_scheduler.py:112)
2025-05-20 23:16:36,054 - Scheduler - INFO - Starting worker for repo: https://pypi.org/project/cobaya (run_cp_analysis.py:28)
2025-05-20 23:16:59,931 - Scheduler - INFO - Worker completed for repo: https://pypi.org/project/hyperon-das (run_cp_analysis.py:37)
2025-05-20 23:16:59,945 - Scheduler - INFO - Progress: 457/575 repositories scanned. (base_scheduler.py:112)
2025-05-20 23:16:59,947 - Scheduler - INFO - Starting worker for repo: https://pypi.org/project/cf-api (run_cp_analysis.py:28)
2025-05-20 23:17:10,688 - Scheduler - INFO - Worker completed for repo: https://pypi.org/project/xraylarch (run_cp_analysis.py:37)
2025-05-20 23:17:10,709 - Scheduler - INFO - Progress: 458/575 repositories scanned. (base_scheduler.py:112)
2025-05-20 23:17:10,711 - Scheduler - INFO - Starting worker for repo: https://pypi.org/project/izihawa-utils (run_cp_analysis.py:28)
2025-05-20 23:17:12,086 - Scheduler - INFO - Worker completed for repo: https://pypi.org/project/reqmgr2ms-pileup (run_cp_analysis.py:37)
2025-05-20 23:17:12,102 - Scheduler - INFO - Progress: 459/575 repositories scanned. (base_scheduler.py:112)
2025-05-20 23:17:12,103 - Scheduler - INFO - Starting worker for repo: https://pypi.org/project/cloudshell-cp-vcenter (run_cp_analysis.py:28)
2025-05-20 23:17:18,160 - Scheduler - INFO - Worker completed for repo: https://pypi.org/project/potluck-eval (run_cp_analysis.py:37)
2025-05-20 23:17:18,178 - Scheduler - INFO - Progress: 460/575 repositories scanned. (base_scheduler.py:112)
2025-05-20 23:17:18,179 - Scheduler - INFO - Starting worker for repo: https://pypi.org/project/andisdk (run_cp_analysis.py:28)
2025-05-20 23:17:26,835 - Scheduler - INFO - Worker completed for repo: https://pypi.org/project/cf-api (run_cp_analysis.py:37)
2025-05-20 23:17:26,848 - Scheduler - INFO - Progress: 461/575 repositories scanned. (base_scheduler.py:112)
2025-05-20 23:17:26,849 - Scheduler - INFO - Starting worker for repo: https://pypi.org/project/ignos-api-client (run_cp_analysis.py:28)
2025-05-20 23:17:35,314 - Scheduler - INFO - Worker completed for repo: https://pypi.org/project/izihawa-utils (run_cp_analysis.py:37)
2025-05-20 23:17:35,329 - Scheduler - INFO - Progress: 462/575 repositories scanned. (base_scheduler.py:112)
2025-05-20 23:17:35,331 - Scheduler - INFO - Starting worker for repo: https://pypi.org/project/nshconfig (run_cp_analysis.py:28)
2025-05-20 23:17:38,355 - Scheduler - INFO - Worker completed for repo: https://pypi.org/project/cloudshell-cp-vcenter (run_cp_analysis.py:37)
2025-05-20 23:17:38,373 - Scheduler - INFO - Progress: 463/575 repositories scanned. (base_scheduler.py:112)
2025-05-20 23:17:38,374 - Scheduler - INFO - Starting worker for repo: https://pypi.org/project/tf-model-optimization-nightly (run_cp_analysis.py:28)
2025-05-20 23:18:00,401 - Scheduler - INFO - Worker completed for repo: https://pypi.org/project/nshconfig (run_cp_analysis.py:37)
2025-05-20 23:18:00,413 - Scheduler - INFO - Progress: 464/575 repositories scanned. (base_scheduler.py:112)
2025-05-20 23:18:00,414 - Scheduler - INFO - Starting worker for repo: https://pypi.org/project/rotools (run_cp_analysis.py:28)
2025-05-20 23:18:06,717 - Scheduler - INFO - Worker completed for repo: https://pypi.org/project/tf-model-optimization-nightly (run_cp_analysis.py:37)
2025-05-20 23:18:06,723 - Scheduler - INFO - Progress: 465/575 repositories scanned. (base_scheduler.py:112)
2025-05-20 23:18:06,725 - Scheduler - INFO - Starting worker for repo: https://pypi.org/project/blrec (run_cp_analysis.py:28)
2025-05-20 23:18:21,691 - Scheduler - INFO - Worker completed for repo: https://pypi.org/project/rotools (run_cp_analysis.py:37)
2025-05-20 23:18:21,700 - Scheduler - INFO - Progress: 466/575 repositories scanned. (base_scheduler.py:112)
2025-05-20 23:18:21,701 - Scheduler - INFO - Starting worker for repo: https://pypi.org/project/continual-inference (run_cp_analysis.py:28)
2025-05-20 23:18:32,909 - Scheduler - INFO - Worker completed for repo: https://pypi.org/project/blrec (run_cp_analysis.py:37)
2025-05-20 23:18:32,927 - Scheduler - INFO - Progress: 467/575 repositories scanned. (base_scheduler.py:112)
2025-05-20 23:18:32,928 - Scheduler - INFO - Starting worker for repo: https://pypi.org/project/forthon (run_cp_analysis.py:28)
2025-05-20 23:18:34,937 - Scheduler - INFO - Worker completed for repo: https://pypi.org/project/ignos-api-client (run_cp_analysis.py:37)
2025-05-20 23:18:34,955 - Scheduler - INFO - Progress: 468/575 repositories scanned. (base_scheduler.py:112)
2025-05-20 23:18:34,956 - Scheduler - INFO - Starting worker for repo: https://pypi.org/project/educommon (run_cp_analysis.py:28)
2025-05-20 23:18:45,813 - Scheduler - INFO - Worker completed for repo: https://pypi.org/project/continual-inference (run_cp_analysis.py:37)
2025-05-20 23:18:45,824 - Scheduler - INFO - Progress: 469/575 repositories scanned. (base_scheduler.py:112)
2025-05-20 23:18:45,826 - Scheduler - INFO - Starting worker for repo: https://pypi.org/project/conan-server (run_cp_analysis.py:28)
2025-05-20 23:18:50,528 - Scheduler - INFO - Worker completed for repo: https://pypi.org/project/cobaya (run_cp_analysis.py:37)
2025-05-20 23:18:50,545 - Scheduler - INFO - Progress: 470/575 repositories scanned. (base_scheduler.py:112)
2025-05-20 23:18:50,547 - Scheduler - INFO - Starting worker for repo: https://pypi.org/project/qtoggleserver (run_cp_analysis.py:28)
2025-05-20 23:19:03,979 - Scheduler - INFO - Worker completed for repo: https://pypi.org/project/forthon (run_cp_analysis.py:37)
2025-05-20 23:19:03,989 - Scheduler - INFO - Progress: 471/575 repositories scanned. (base_scheduler.py:112)
2025-05-20 23:19:03,991 - Scheduler - INFO - Starting worker for repo: https://pypi.org/project/schemasheets (run_cp_analysis.py:28)
2025-05-20 23:19:06,276 - Scheduler - INFO - Worker completed for repo: https://pypi.org/project/educommon (run_cp_analysis.py:37)
2025-05-20 23:19:06,296 - Scheduler - INFO - Progress: 472/575 repositories scanned. (base_scheduler.py:112)
2025-05-20 23:19:06,298 - Scheduler - INFO - Starting worker for repo: https://pypi.org/project/zenutils (run_cp_analysis.py:28)
2025-05-20 23:19:26,773 - Scheduler - INFO - Worker completed for repo: https://pypi.org/project/qtoggleserver (run_cp_analysis.py:37)
2025-05-20 23:19:26,790 - Scheduler - INFO - Progress: 473/575 repositories scanned. (base_scheduler.py:112)
2025-05-20 23:19:26,792 - Scheduler - INFO - Starting worker for repo: https://pypi.org/project/ganga (run_cp_analysis.py:28)
2025-05-20 23:19:29,422 - Scheduler - INFO - Worker completed for repo: https://pypi.org/project/schemasheets (run_cp_analysis.py:37)
2025-05-20 23:19:29,430 - Scheduler - INFO - Progress: 474/575 repositories scanned. (base_scheduler.py:112)
2025-05-20 23:19:29,432 - Scheduler - INFO - Starting worker for repo: https://pypi.org/project/wedeliver-core-plus (run_cp_analysis.py:28)
2025-05-20 23:19:32,181 - Scheduler - INFO - Worker completed for repo: https://pypi.org/project/zenutils (run_cp_analysis.py:37)
2025-05-20 23:19:32,192 - Scheduler - INFO - Progress: 475/575 repositories scanned. (base_scheduler.py:112)
2025-05-20 23:19:32,194 - Scheduler - INFO - Starting worker for repo: https://pypi.org/project/labbench (run_cp_analysis.py:28)
2025-05-20 23:19:54,592 - Scheduler - INFO - Worker completed for repo: https://pypi.org/project/wedeliver-core-plus (run_cp_analysis.py:37)
2025-05-20 23:19:54,604 - Scheduler - INFO - Progress: 476/575 repositories scanned. (base_scheduler.py:112)
2025-05-20 23:19:54,605 - Scheduler - INFO - Starting worker for repo: https://pypi.org/project/vlcp (run_cp_analysis.py:28)
2025-05-20 23:20:00,045 - Scheduler - INFO - Worker completed for repo: https://pypi.org/project/labbench (run_cp_analysis.py:37)
2025-05-20 23:20:00,055 - Scheduler - INFO - Progress: 477/575 repositories scanned. (base_scheduler.py:112)
2025-05-20 23:20:00,056 - Scheduler - INFO - Starting worker for repo: https://pypi.org/project/auto-round (run_cp_analysis.py:28)
2025-05-20 23:20:18,952 - Scheduler - INFO - Worker completed for repo: https://pypi.org/project/ganga (run_cp_analysis.py:37)
2025-05-20 23:20:18,960 - Scheduler - INFO - Progress: 478/575 repositories scanned. (base_scheduler.py:112)
2025-05-20 23:20:18,962 - Scheduler - INFO - Starting worker for repo: https://pypi.org/project/ansys-aedt-toolkits-common (run_cp_analysis.py:28)
2025-05-20 23:20:38,905 - Scheduler - INFO - Worker completed for repo: https://pypi.org/project/auto-round (run_cp_analysis.py:37)
2025-05-20 23:20:38,921 - Scheduler - INFO - Progress: 479/575 repositories scanned. (base_scheduler.py:112)
2025-05-20 23:20:38,922 - Scheduler - INFO - Starting worker for repo: https://pypi.org/project/hyperdrive (run_cp_analysis.py:28)
2025-05-20 23:20:41,241 - Scheduler - INFO - Worker completed for repo: https://pypi.org/project/ansys-aedt-toolkits-common (run_cp_analysis.py:37)
2025-05-20 23:20:41,249 - Scheduler - INFO - Progress: 480/575 repositories scanned. (base_scheduler.py:112)
2025-05-20 23:20:41,251 - Scheduler - INFO - Starting worker for repo: https://pypi.org/project/pymonnto (run_cp_analysis.py:28)
2025-05-20 23:20:58,848 - Scheduler - INFO - Worker completed for repo: https://pypi.org/project/vlcp (run_cp_analysis.py:37)
2025-05-20 23:20:58,855 - Scheduler - INFO - Progress: 481/575 repositories scanned. (base_scheduler.py:112)
2025-05-20 23:20:58,857 - Scheduler - INFO - Starting worker for repo: https://pypi.org/project/pyiface (run_cp_analysis.py:28)
2025-05-20 23:21:00,424 - Scheduler - INFO - Worker completed for repo: https://pypi.org/project/hyperdrive (run_cp_analysis.py:37)
2025-05-20 23:21:00,438 - Scheduler - INFO - Progress: 482/575 repositories scanned. (base_scheduler.py:112)
2025-05-20 23:21:00,440 - Scheduler - INFO - Starting worker for repo: https://pypi.org/project/pyfoam (run_cp_analysis.py:28)
2025-05-20 23:21:10,451 - Scheduler - INFO - Worker completed for repo: https://pypi.org/project/pymonnto (run_cp_analysis.py:37)
2025-05-20 23:21:10,467 - Scheduler - INFO - Progress: 483/575 repositories scanned. (base_scheduler.py:112)
2025-05-20 23:21:10,469 - Scheduler - INFO - Starting worker for repo: https://pypi.org/project/check50 (run_cp_analysis.py:28)
2025-05-20 23:21:20,020 - Scheduler - INFO - Worker completed for repo: https://pypi.org/project/pyiface (run_cp_analysis.py:37)
2025-05-20 23:21:20,031 - Scheduler - INFO - Progress: 484/575 repositories scanned. (base_scheduler.py:112)
2025-05-20 23:21:20,032 - Scheduler - INFO - Starting worker for repo: https://pypi.org/project/cadet-process (run_cp_analysis.py:28)
2025-05-20 23:21:32,096 - Scheduler - INFO - Worker completed for repo: https://pypi.org/project/check50 (run_cp_analysis.py:37)
2025-05-20 23:21:32,104 - Scheduler - INFO - Progress: 485/575 repositories scanned. (base_scheduler.py:112)
2025-05-20 23:21:32,106 - Scheduler - INFO - Starting worker for repo: https://pypi.org/project/sample-factory (run_cp_analysis.py:28)
2025-05-20 23:21:55,261 - Scheduler - INFO - Worker completed for repo: https://pypi.org/project/cadet-process (run_cp_analysis.py:37)
2025-05-20 23:21:55,268 - Scheduler - INFO - Progress: 486/575 repositories scanned. (base_scheduler.py:112)
2025-05-20 23:21:55,270 - Scheduler - INFO - Starting worker for repo: https://pypi.org/project/pydala2 (run_cp_analysis.py:28)
2025-05-20 23:21:57,846 - Scheduler - INFO - Worker completed for repo: https://pypi.org/project/sample-factory (run_cp_analysis.py:37)
2025-05-20 23:21:57,864 - Scheduler - INFO - Progress: 487/575 repositories scanned. (base_scheduler.py:112)
2025-05-20 23:21:57,866 - Scheduler - INFO - Starting worker for repo: https://pypi.org/project/mlinsights (run_cp_analysis.py:28)
2025-05-20 23:22:19,152 - Scheduler - INFO - Worker completed for repo: https://pypi.org/project/pydala2 (run_cp_analysis.py:37)
2025-05-20 23:22:19,169 - Scheduler - INFO - Progress: 488/575 repositories scanned. (base_scheduler.py:112)
2025-05-20 23:22:19,170 - Scheduler - INFO - Starting worker for repo: https://pypi.org/project/cygrpc (run_cp_analysis.py:28)
2025-05-20 23:22:22,854 - Scheduler - INFO - Worker completed for repo: https://pypi.org/project/andisdk (run_cp_analysis.py:37)
2025-05-20 23:22:22,863 - Scheduler - INFO - Progress: 489/575 repositories scanned. (base_scheduler.py:112)
2025-05-20 23:22:22,865 - Scheduler - INFO - Starting worker for repo: https://pypi.org/project/dkpro-cassis (run_cp_analysis.py:28)
2025-05-20 23:22:26,060 - Scheduler - INFO - Worker completed for repo: https://pypi.org/project/mlinsights (run_cp_analysis.py:37)
2025-05-20 23:22:26,076 - Scheduler - INFO - Progress: 490/575 repositories scanned. (base_scheduler.py:112)
2025-05-20 23:22:26,078 - Scheduler - INFO - Starting worker for repo: https://pypi.org/project/pydantic-resolve (run_cp_analysis.py:28)
2025-05-20 23:22:43,895 - Scheduler - INFO - Worker completed for repo: https://pypi.org/project/cygrpc (run_cp_analysis.py:37)
2025-05-20 23:22:43,911 - Scheduler - INFO - Progress: 491/575 repositories scanned. (base_scheduler.py:112)
2025-05-20 23:22:43,912 - Scheduler - INFO - Starting worker for repo: https://pypi.org/project/django-hvad (run_cp_analysis.py:28)
2025-05-20 23:22:45,827 - Scheduler - INFO - Worker completed for repo: https://pypi.org/project/pyfoam (run_cp_analysis.py:37)
2025-05-20 23:22:45,844 - Scheduler - INFO - Progress: 492/575 repositories scanned. (base_scheduler.py:112)
2025-05-20 23:22:45,845 - Scheduler - INFO - Starting worker for repo: https://pypi.org/project/azure-mgmt-webpubsub (run_cp_analysis.py:28)
2025-05-20 23:22:48,753 - Scheduler - INFO - Worker completed for repo: https://pypi.org/project/dkpro-cassis (run_cp_analysis.py:37)
2025-05-20 23:22:48,767 - Scheduler - INFO - Progress: 493/575 repositories scanned. (base_scheduler.py:112)
2025-05-20 23:22:48,771 - Scheduler - INFO - Starting worker for repo: https://pypi.org/project/docconvert (run_cp_analysis.py:28)
2025-05-20 23:22:52,186 - Scheduler - INFO - Worker completed for repo: https://pypi.org/project/pydantic-resolve (run_cp_analysis.py:37)
2025-05-20 23:22:52,203 - Scheduler - INFO - Progress: 494/575 repositories scanned. (base_scheduler.py:112)
2025-05-20 23:22:52,204 - Scheduler - INFO - Starting worker for repo: https://pypi.org/project/dessia-common (run_cp_analysis.py:28)
2025-05-20 23:23:10,940 - Scheduler - INFO - Worker completed for repo: https://pypi.org/project/django-hvad (run_cp_analysis.py:37)
2025-05-20 23:23:10,955 - Scheduler - INFO - Progress: 495/575 repositories scanned. (base_scheduler.py:112)
2025-05-20 23:23:10,956 - Scheduler - INFO - Starting worker for repo: https://pypi.org/project/spectrochempy (run_cp_analysis.py:28)
2025-05-20 23:23:14,434 - Scheduler - INFO - Worker completed for repo: https://pypi.org/project/docconvert (run_cp_analysis.py:37)
2025-05-20 23:23:14,445 - Scheduler - INFO - Progress: 496/575 repositories scanned. (base_scheduler.py:112)
2025-05-20 23:23:14,446 - Scheduler - INFO - Starting worker for repo: https://pypi.org/project/horde-engine (run_cp_analysis.py:28)
2025-05-20 23:23:17,879 - Scheduler - INFO - Worker completed for repo: https://pypi.org/project/azure-mgmt-webpubsub (run_cp_analysis.py:37)
2025-05-20 23:23:17,893 - Scheduler - INFO - Progress: 497/575 repositories scanned. (base_scheduler.py:112)
2025-05-20 23:23:17,894 - Scheduler - INFO - Starting worker for repo: https://pypi.org/project/aithree (run_cp_analysis.py:28)
2025-05-20 23:23:40,182 - Scheduler - INFO - Worker completed for repo: https://pypi.org/project/aithree (run_cp_analysis.py:37)
2025-05-20 23:23:40,193 - Scheduler - INFO - Progress: 498/575 repositories scanned. (base_scheduler.py:112)
2025-05-20 23:23:40,195 - Scheduler - INFO - Starting worker for repo: https://pypi.org/project/kfp-tekton (run_cp_analysis.py:28)
2025-05-20 23:24:07,351 - Scheduler - INFO - Worker completed for repo: https://pypi.org/project/spectrochempy (run_cp_analysis.py:37)
2025-05-20 23:24:07,359 - Scheduler - INFO - Progress: 499/575 repositories scanned. (base_scheduler.py:112)
2025-05-20 23:24:07,361 - Scheduler - INFO - Starting worker for repo: https://pypi.org/project/roboverse-py (run_cp_analysis.py:28)
2025-05-20 23:24:45,607 - Scheduler - INFO - Worker completed for repo: https://pypi.org/project/dessia-common (run_cp_analysis.py:37)
2025-05-20 23:24:45,617 - Scheduler - INFO - Progress: 500/575 repositories scanned. (base_scheduler.py:112)
2025-05-20 23:24:45,618 - Scheduler - INFO - Starting worker for repo: https://pypi.org/project/pigweed (run_cp_analysis.py:28)
2025-05-20 23:24:53,484 - Scheduler - INFO - Worker completed for repo: https://pypi.org/project/horde-engine (run_cp_analysis.py:37)
2025-05-20 23:24:53,501 - Scheduler - INFO - Progress: 501/575 repositories scanned. (base_scheduler.py:112)
2025-05-20 23:24:53,502 - Scheduler - INFO - Starting worker for repo: https://pypi.org/project/json-cpp (run_cp_analysis.py:28)
2025-05-20 23:25:05,687 - Scheduler - INFO - Worker completed for repo: https://pypi.org/project/roboverse-py (run_cp_analysis.py:37)
2025-05-20 23:25:05,706 - Scheduler - INFO - Progress: 502/575 repositories scanned. (base_scheduler.py:112)
2025-05-20 23:25:05,708 - Scheduler - INFO - Starting worker for repo: https://pypi.org/project/cloudify-common (run_cp_analysis.py:28)
2025-05-20 23:25:17,850 - Scheduler - INFO - Worker completed for repo: https://pypi.org/project/json-cpp (run_cp_analysis.py:37)
2025-05-20 23:25:17,865 - Scheduler - INFO - Progress: 503/575 repositories scanned. (base_scheduler.py:112)
2025-05-20 23:25:17,867 - Scheduler - INFO - Starting worker for repo: https://pypi.org/project/azure-mgmt-scvmm (run_cp_analysis.py:28)
2025-05-20 23:25:36,352 - Scheduler - INFO - Worker completed for repo: https://pypi.org/project/kfp-tekton (run_cp_analysis.py:37)
2025-05-20 23:25:36,369 - Scheduler - INFO - Progress: 504/575 repositories scanned. (base_scheduler.py:112)
2025-05-20 23:25:36,371 - Scheduler - INFO - Starting worker for repo: https://pypi.org/project/azure-mgmt-dashboard (run_cp_analysis.py:28)
2025-05-20 23:25:37,412 - Scheduler - INFO - Worker completed for repo: https://pypi.org/project/pigweed (run_cp_analysis.py:37)
2025-05-20 23:25:37,429 - Scheduler - INFO - Progress: 505/575 repositories scanned. (base_scheduler.py:112)
2025-05-20 23:25:37,430 - Scheduler - INFO - Starting worker for repo: https://pypi.org/project/azure-mgmt-dataprotection (run_cp_analysis.py:28)
2025-05-20 23:25:48,974 - Scheduler - INFO - Worker completed for repo: https://pypi.org/project/azure-mgmt-scvmm (run_cp_analysis.py:37)
2025-05-20 23:25:48,993 - Scheduler - INFO - Progress: 506/575 repositories scanned. (base_scheduler.py:112)
2025-05-20 23:25:48,995 - Scheduler - INFO - Starting worker for repo: https://pypi.org/project/d-geolib (run_cp_analysis.py:28)
2025-05-20 23:26:05,820 - Scheduler - INFO - Worker completed for repo: https://pypi.org/project/azure-mgmt-dashboard (run_cp_analysis.py:37)
2025-05-20 23:26:05,830 - Scheduler - INFO - Progress: 507/575 repositories scanned. (base_scheduler.py:112)
2025-05-20 23:26:05,832 - Scheduler - INFO - Starting worker for repo: https://pypi.org/project/dstk-x250 (run_cp_analysis.py:28)
2025-05-20 23:26:11,581 - Scheduler - INFO - Worker completed for repo: https://pypi.org/project/cloudify-common (run_cp_analysis.py:37)
2025-05-20 23:26:11,597 - Scheduler - INFO - Progress: 508/575 repositories scanned. (base_scheduler.py:112)
2025-05-20 23:26:11,599 - Scheduler - INFO - Starting worker for repo: https://pypi.org/project/datalabs (run_cp_analysis.py:28)
2025-05-20 23:26:13,316 - Scheduler - INFO - Worker completed for repo: https://pypi.org/project/azure-mgmt-dataprotection (run_cp_analysis.py:37)
2025-05-20 23:26:13,333 - Scheduler - INFO - Progress: 509/575 repositories scanned. (base_scheduler.py:112)
2025-05-20 23:26:13,335 - Scheduler - INFO - Starting worker for repo: https://pypi.org/project/rqalpha (run_cp_analysis.py:28)
2025-05-20 23:26:20,477 - Scheduler - INFO - Worker completed for repo: https://pypi.org/project/d-geolib (run_cp_analysis.py:37)
2025-05-20 23:26:20,485 - Scheduler - INFO - Progress: 510/575 repositories scanned. (base_scheduler.py:112)
2025-05-20 23:26:20,487 - Scheduler - INFO - Starting worker for repo: https://pypi.org/project/galaxy-ng (run_cp_analysis.py:28)
2025-05-20 23:26:35,433 - Scheduler - INFO - Worker completed for repo: https://pypi.org/project/dstk-x250 (run_cp_analysis.py:37)
2025-05-20 23:26:35,452 - Scheduler - INFO - Progress: 511/575 repositories scanned. (base_scheduler.py:112)
2025-05-20 23:26:35,454 - Scheduler - INFO - Starting worker for repo: https://pypi.org/project/alphadetector (run_cp_analysis.py:28)
2025-05-20 23:26:52,997 - Scheduler - INFO - Worker completed for repo: https://pypi.org/project/rqalpha (run_cp_analysis.py:37)
2025-05-20 23:26:53,007 - Scheduler - INFO - Progress: 512/575 repositories scanned. (base_scheduler.py:112)
2025-05-20 23:26:53,008 - Scheduler - INFO - Starting worker for repo: https://pypi.org/project/fastkafka (run_cp_analysis.py:28)
2025-05-20 23:27:04,843 - Scheduler - INFO - Worker completed for repo: https://pypi.org/project/datalabs (run_cp_analysis.py:37)
2025-05-20 23:27:04,861 - Scheduler - INFO - Progress: 513/575 repositories scanned. (base_scheduler.py:112)
2025-05-20 23:27:04,863 - Scheduler - INFO - Starting worker for repo: https://pypi.org/project/gramex (run_cp_analysis.py:28)
2025-05-20 23:27:07,777 - Scheduler - INFO - Worker completed for repo: https://pypi.org/project/galaxy-ng (run_cp_analysis.py:37)
2025-05-20 23:27:07,786 - Scheduler - INFO - Progress: 514/575 repositories scanned. (base_scheduler.py:112)
2025-05-20 23:27:07,788 - Scheduler - INFO - Starting worker for repo: https://pypi.org/project/ai-edge-torch (run_cp_analysis.py:28)
2025-05-20 23:27:20,474 - Scheduler - INFO - Worker completed for repo: https://pypi.org/project/fastkafka (run_cp_analysis.py:37)
2025-05-20 23:27:20,496 - Scheduler - INFO - Progress: 515/575 repositories scanned. (base_scheduler.py:112)
2025-05-20 23:27:20,498 - Scheduler - INFO - Starting worker for repo: https://pypi.org/project/trains (run_cp_analysis.py:28)
2025-05-20 23:27:43,549 - Scheduler - INFO - Worker completed for repo: https://pypi.org/project/ai-edge-torch (run_cp_analysis.py:37)
2025-05-20 23:27:43,565 - Scheduler - INFO - Progress: 516/575 repositories scanned. (base_scheduler.py:112)
2025-05-20 23:27:43,567 - Scheduler - INFO - Starting worker for repo: https://pypi.org/project/vkmusix (run_cp_analysis.py:28)
2025-05-20 23:28:14,750 - Scheduler - INFO - Worker completed for repo: https://pypi.org/project/gramex (run_cp_analysis.py:37)
2025-05-20 23:28:14,764 - Scheduler - INFO - Progress: 517/575 repositories scanned. (base_scheduler.py:112)
2025-05-20 23:28:14,765 - Scheduler - INFO - Starting worker for repo: https://pypi.org/project/hydrogenlib-next (run_cp_analysis.py:28)
2025-05-20 23:28:15,465 - Scheduler - INFO - Worker completed for repo: https://pypi.org/project/vkmusix (run_cp_analysis.py:37)
2025-05-20 23:28:15,476 - Scheduler - INFO - Progress: 518/575 repositories scanned. (base_scheduler.py:112)
2025-05-20 23:28:15,478 - Scheduler - INFO - Starting worker for repo: https://pypi.org/project/tensorflow-object-detection-api (run_cp_analysis.py:28)
2025-05-20 23:28:28,326 - Scheduler - INFO - Worker completed for repo: https://pypi.org/project/alphadetector (run_cp_analysis.py:37)
2025-05-20 23:28:28,334 - Scheduler - INFO - Progress: 519/575 repositories scanned. (base_scheduler.py:112)
2025-05-20 23:28:28,336 - Scheduler - INFO - Starting worker for repo: https://pypi.org/project/object-detection (run_cp_analysis.py:28)
2025-05-20 23:28:43,464 - Scheduler - INFO - Worker completed for repo: https://pypi.org/project/hydrogenlib-next (run_cp_analysis.py:37)
2025-05-20 23:28:43,474 - Scheduler - INFO - Progress: 520/575 repositories scanned. (base_scheduler.py:112)
2025-05-20 23:28:43,476 - Scheduler - INFO - Starting worker for repo: https://pypi.org/project/onnx-array-api (run_cp_analysis.py:28)
2025-05-20 23:29:05,613 - Scheduler - INFO - Worker completed for repo: https://pypi.org/project/tensorflow-object-detection-api (run_cp_analysis.py:37)
2025-05-20 23:29:05,622 - Scheduler - INFO - Progress: 521/575 repositories scanned. (base_scheduler.py:112)
2025-05-20 23:29:05,624 - Scheduler - INFO - Starting worker for repo: https://pypi.org/project/mt-metadata (run_cp_analysis.py:28)
2025-05-20 23:29:13,669 - Scheduler - INFO - Worker completed for repo: https://pypi.org/project/onnx-array-api (run_cp_analysis.py:37)
2025-05-20 23:29:13,686 - Scheduler - INFO - Progress: 522/575 repositories scanned. (base_scheduler.py:112)
2025-05-20 23:29:13,687 - Scheduler - INFO - Starting worker for repo: https://pypi.org/project/context-python (run_cp_analysis.py:28)
2025-05-20 23:29:16,604 - Scheduler - INFO - Worker completed for repo: https://pypi.org/project/trains (run_cp_analysis.py:37)
2025-05-20 23:29:16,621 - Scheduler - INFO - Progress: 523/575 repositories scanned. (base_scheduler.py:112)
2025-05-20 23:29:16,622 - Scheduler - INFO - Starting worker for repo: https://pypi.org/project/chartify (run_cp_analysis.py:28)
2025-05-20 23:29:39,573 - Scheduler - INFO - Worker completed for repo: https://pypi.org/project/mt-metadata (run_cp_analysis.py:37)
2025-05-20 23:29:39,591 - Scheduler - INFO - Progress: 524/575 repositories scanned. (base_scheduler.py:112)
2025-05-20 23:29:39,592 - Scheduler - INFO - Starting worker for repo: https://pypi.org/project/pyxel-sim (run_cp_analysis.py:28)
2025-05-20 23:29:39,867 - Scheduler - INFO - Worker completed for repo: https://pypi.org/project/context-python (run_cp_analysis.py:37)
2025-05-20 23:29:39,878 - Scheduler - INFO - Progress: 525/575 repositories scanned. (base_scheduler.py:112)
2025-05-20 23:29:39,879 - Scheduler - INFO - Starting worker for repo: https://pypi.org/project/vana (run_cp_analysis.py:28)
2025-05-20 23:29:40,499 - Scheduler - INFO - Worker completed for repo: https://pypi.org/project/object-detection (run_cp_analysis.py:37)
2025-05-20 23:29:40,509 - Scheduler - INFO - Progress: 526/575 repositories scanned. (base_scheduler.py:112)
2025-05-20 23:29:40,511 - Scheduler - INFO - Starting worker for repo: https://pypi.org/project/azure-mgmt-dnsresolver (run_cp_analysis.py:28)
2025-05-20 23:29:43,152 - Scheduler - INFO - Worker completed for repo: https://pypi.org/project/chartify (run_cp_analysis.py:37)
2025-05-20 23:29:43,170 - Scheduler - INFO - Progress: 527/575 repositories scanned. (base_scheduler.py:112)
2025-05-20 23:29:43,172 - Scheduler - INFO - Starting worker for repo: https://pypi.org/project/spyne-custom (run_cp_analysis.py:28)
2025-05-20 23:30:07,992 - Scheduler - INFO - Worker completed for repo: https://pypi.org/project/vana (run_cp_analysis.py:37)
2025-05-20 23:30:08,000 - Scheduler - INFO - Progress: 528/575 repositories scanned. (base_scheduler.py:112)
2025-05-20 23:30:08,002 - Scheduler - INFO - Starting worker for repo: https://pypi.org/project/htt (run_cp_analysis.py:28)
2025-05-20 23:30:12,490 - Scheduler - INFO - Worker completed for repo: https://pypi.org/project/azure-mgmt-dnsresolver (run_cp_analysis.py:37)
2025-05-20 23:30:12,505 - Scheduler - INFO - Progress: 529/575 repositories scanned. (base_scheduler.py:112)
2025-05-20 23:30:12,507 - Scheduler - INFO - Starting worker for repo: https://pypi.org/project/txdpy (run_cp_analysis.py:28)
2025-05-20 23:30:14,206 - Scheduler - INFO - Worker completed for repo: https://pypi.org/project/pyxel-sim (run_cp_analysis.py:37)
2025-05-20 23:30:14,223 - Scheduler - INFO - Progress: 530/575 repositories scanned. (base_scheduler.py:112)
2025-05-20 23:30:14,225 - Scheduler - INFO - Starting worker for repo: https://pypi.org/project/geoformat (run_cp_analysis.py:28)
2025-05-20 23:30:28,925 - Scheduler - INFO - Worker completed for repo: https://pypi.org/project/htt (run_cp_analysis.py:37)
2025-05-20 23:30:28,933 - Scheduler - INFO - Progress: 531/575 repositories scanned. (base_scheduler.py:112)
2025-05-20 23:30:28,935 - Scheduler - INFO - Starting worker for repo: https://pypi.org/project/koalafolio (run_cp_analysis.py:28)
2025-05-20 23:30:37,577 - Scheduler - INFO - Worker completed for repo: https://pypi.org/project/txdpy (run_cp_analysis.py:37)
2025-05-20 23:30:37,586 - Scheduler - INFO - Progress: 532/575 repositories scanned. (base_scheduler.py:112)
2025-05-20 23:30:37,587 - Scheduler - INFO - Starting worker for repo: https://pypi.org/project/comet-llm (run_cp_analysis.py:28)
2025-05-20 23:30:53,130 - Scheduler - INFO - Worker completed for repo: https://pypi.org/project/spyne-custom (run_cp_analysis.py:37)
2025-05-20 23:30:53,146 - Scheduler - INFO - Progress: 533/575 repositories scanned. (base_scheduler.py:112)
2025-05-20 23:30:53,148 - Scheduler - INFO - Starting worker for repo: https://pypi.org/project/htsql (run_cp_analysis.py:28)
2025-05-20 23:30:58,718 - Scheduler - INFO - Worker completed for repo: https://pypi.org/project/comet-llm (run_cp_analysis.py:37)
2025-05-20 23:30:58,733 - Scheduler - INFO - Progress: 534/575 repositories scanned. (base_scheduler.py:112)
2025-05-20 23:30:58,735 - Scheduler - INFO - Starting worker for repo: https://pypi.org/project/torchopt (run_cp_analysis.py:28)
2025-05-20 23:31:05,896 - Scheduler - INFO - Worker completed for repo: https://pypi.org/project/koalafolio (run_cp_analysis.py:37)
2025-05-20 23:31:05,916 - Scheduler - INFO - Progress: 535/575 repositories scanned. (base_scheduler.py:112)
2025-05-20 23:31:05,918 - Scheduler - INFO - Starting worker for repo: https://pypi.org/project/m3-core (run_cp_analysis.py:28)
2025-05-20 23:31:21,406 - Scheduler - INFO - Worker completed for repo: https://pypi.org/project/torchopt (run_cp_analysis.py:37)
2025-05-20 23:31:21,415 - Scheduler - INFO - Progress: 536/575 repositories scanned. (base_scheduler.py:112)
2025-05-20 23:31:21,416 - Scheduler - INFO - Starting worker for repo: https://pypi.org/project/sparsezoo-nightly (run_cp_analysis.py:28)
2025-05-20 23:31:31,046 - Scheduler - INFO - Worker completed for repo: https://pypi.org/project/m3-core (run_cp_analysis.py:37)
2025-05-20 23:31:31,062 - Scheduler - INFO - Progress: 537/575 repositories scanned. (base_scheduler.py:112)
2025-05-20 23:31:31,063 - Scheduler - INFO - Starting worker for repo: https://pypi.org/project/pydra-config (run_cp_analysis.py:28)
2025-05-20 23:31:35,003 - Scheduler - INFO - Worker completed for repo: https://pypi.org/project/htsql (run_cp_analysis.py:37)
2025-05-20 23:31:35,017 - Scheduler - INFO - Progress: 538/575 repositories scanned. (base_scheduler.py:112)
2025-05-20 23:31:35,019 - Scheduler - INFO - Starting worker for repo: https://pypi.org/project/digitalpy (run_cp_analysis.py:28)
2025-05-20 23:31:52,522 - Scheduler - INFO - Worker completed for repo: https://pypi.org/project/sparsezoo-nightly (run_cp_analysis.py:37)
2025-05-20 23:31:52,539 - Scheduler - INFO - Progress: 539/575 repositories scanned. (base_scheduler.py:112)
2025-05-20 23:31:52,541 - Scheduler - INFO - Starting worker for repo: https://pypi.org/project/azure-mgmt-elasticsan (run_cp_analysis.py:28)
2025-05-20 23:31:52,749 - Scheduler - INFO - Worker completed for repo: https://pypi.org/project/pydra-config (run_cp_analysis.py:37)
2025-05-20 23:31:52,767 - Scheduler - INFO - Progress: 540/575 repositories scanned. (base_scheduler.py:112)
2025-05-20 23:31:52,769 - Scheduler - INFO - Starting worker for repo: https://pypi.org/project/pylavcogs-shared (run_cp_analysis.py:28)
2025-05-20 23:32:07,089 - Scheduler - INFO - Worker completed for repo: https://pypi.org/project/digitalpy (run_cp_analysis.py:37)
2025-05-20 23:32:07,105 - Scheduler - INFO - Progress: 541/575 repositories scanned. (base_scheduler.py:112)
2025-05-20 23:32:07,107 - Scheduler - INFO - Starting worker for repo: https://pypi.org/project/pycollimator (run_cp_analysis.py:28)
2025-05-20 23:32:17,363 - Scheduler - INFO - Worker completed for repo: https://pypi.org/project/pylavcogs-shared (run_cp_analysis.py:37)
2025-05-20 23:32:17,372 - Scheduler - INFO - Progress: 542/575 repositories scanned. (base_scheduler.py:112)
2025-05-20 23:32:17,373 - Scheduler - INFO - Starting worker for repo: https://pypi.org/project/django-automated-logging (run_cp_analysis.py:28)
2025-05-20 23:32:20,545 - Scheduler - INFO - Worker completed for repo: https://pypi.org/project/azure-mgmt-elasticsan (run_cp_analysis.py:37)
2025-05-20 23:32:20,553 - Scheduler - INFO - Progress: 543/575 repositories scanned. (base_scheduler.py:112)
2025-05-20 23:32:20,555 - Scheduler - INFO - Starting worker for repo: https://pypi.org/project/dictop (run_cp_analysis.py:28)
2025-05-20 23:32:39,666 - Scheduler - INFO - Worker completed for repo: https://pypi.org/project/django-automated-logging (run_cp_analysis.py:37)
2025-05-20 23:32:39,674 - Scheduler - INFO - Progress: 544/575 repositories scanned. (base_scheduler.py:112)
2025-05-20 23:32:39,675 - Scheduler - INFO - Starting worker for repo: https://pypi.org/project/pysys (run_cp_analysis.py:28)
2025-05-20 23:32:39,905 - Scheduler - INFO - Worker completed for repo: https://pypi.org/project/dictop (run_cp_analysis.py:37)
2025-05-20 23:32:39,920 - Scheduler - INFO - Progress: 545/575 repositories scanned. (base_scheduler.py:112)
2025-05-20 23:32:39,922 - Scheduler - INFO - Starting worker for repo: https://pypi.org/project/iambic-core (run_cp_analysis.py:28)
2025-05-20 23:32:53,535 - Scheduler - INFO - Worker completed for repo: https://pypi.org/project/pycollimator (run_cp_analysis.py:37)
2025-05-20 23:32:53,546 - Scheduler - INFO - Progress: 546/575 repositories scanned. (base_scheduler.py:112)
2025-05-20 23:32:53,547 - Scheduler - INFO - Starting worker for repo: https://pypi.org/project/azure-mgmt-support (run_cp_analysis.py:28)
2025-05-20 23:33:11,809 - Scheduler - INFO - Worker completed for repo: https://pypi.org/project/pysys (run_cp_analysis.py:37)
2025-05-20 23:33:11,826 - Scheduler - INFO - Progress: 547/575 repositories scanned. (base_scheduler.py:112)
2025-05-20 23:33:11,827 - Scheduler - INFO - Starting worker for repo: https://pypi.org/project/netpyne (run_cp_analysis.py:28)
2025-05-20 23:33:17,958 - Scheduler - INFO - Worker completed for repo: https://pypi.org/project/iambic-core (run_cp_analysis.py:37)
2025-05-20 23:33:17,968 - Scheduler - INFO - Progress: 548/575 repositories scanned. (base_scheduler.py:112)
2025-05-20 23:33:17,969 - Scheduler - INFO - Starting worker for repo: https://pypi.org/project/melobot (run_cp_analysis.py:28)
2025-05-20 23:33:18,966 - Scheduler - INFO - Worker completed for repo: https://pypi.org/project/azure-mgmt-support (run_cp_analysis.py:37)
2025-05-20 23:33:18,977 - Scheduler - INFO - Progress: 549/575 repositories scanned. (base_scheduler.py:112)
2025-05-20 23:33:18,979 - Scheduler - INFO - Starting worker for repo: https://pypi.org/project/csmhp (run_cp_analysis.py:28)
2025-05-20 23:33:40,505 - Scheduler - INFO - Worker completed for repo: https://pypi.org/project/csmhp (run_cp_analysis.py:37)
2025-05-20 23:33:40,514 - Scheduler - INFO - Progress: 550/575 repositories scanned. (base_scheduler.py:112)
2025-05-20 23:33:40,516 - Scheduler - INFO - Starting worker for repo: https://pypi.org/project/choco (run_cp_analysis.py:28)
2025-05-20 23:33:45,873 - Scheduler - INFO - Worker completed for repo: https://pypi.org/project/melobot (run_cp_analysis.py:37)
2025-05-20 23:33:45,887 - Scheduler - INFO - Progress: 551/575 repositories scanned. (base_scheduler.py:112)
2025-05-20 23:33:45,889 - Scheduler - INFO - Starting worker for repo: https://pypi.org/project/git-viewer (run_cp_analysis.py:28)
2025-05-20 23:34:10,696 - Scheduler - INFO - Worker completed for repo: https://pypi.org/project/choco (run_cp_analysis.py:37)
2025-05-20 23:34:10,712 - Scheduler - INFO - Progress: 552/575 repositories scanned. (base_scheduler.py:112)
2025-05-20 23:34:10,714 - Scheduler - INFO - Starting worker for repo: https://pypi.org/project/kamzik3 (run_cp_analysis.py:28)
2025-05-20 23:34:16,604 - Scheduler - INFO - Worker completed for repo: https://pypi.org/project/git-viewer (run_cp_analysis.py:37)
2025-05-20 23:34:16,613 - Scheduler - INFO - Progress: 553/575 repositories scanned. (base_scheduler.py:112)
2025-05-20 23:34:16,614 - Scheduler - INFO - Starting worker for repo: https://pypi.org/project/grpc-robot (run_cp_analysis.py:28)
2025-05-20 23:34:26,402 - Scheduler - INFO - Worker completed for repo: https://pypi.org/project/netpyne (run_cp_analysis.py:37)
2025-05-20 23:34:26,412 - Scheduler - INFO - Progress: 554/575 repositories scanned. (base_scheduler.py:112)
2025-05-20 23:34:26,413 - Scheduler - INFO - Starting worker for repo: https://pypi.org/project/pyfileconf (run_cp_analysis.py:28)
2025-05-20 23:34:39,274 - Scheduler - INFO - Worker completed for repo: https://pypi.org/project/grpc-robot (run_cp_analysis.py:37)
2025-05-20 23:34:39,291 - Scheduler - INFO - Progress: 555/575 repositories scanned. (base_scheduler.py:112)
2025-05-20 23:34:39,293 - Scheduler - INFO - Starting worker for repo: https://pypi.org/project/xorq (run_cp_analysis.py:28)
2025-05-20 23:34:52,269 - Scheduler - INFO - Worker completed for repo: https://pypi.org/project/pyfileconf (run_cp_analysis.py:37)
2025-05-20 23:34:52,277 - Scheduler - INFO - Progress: 556/575 repositories scanned. (base_scheduler.py:112)
2025-05-20 23:34:52,279 - Scheduler - INFO - Starting worker for repo: https://pypi.org/project/pxapi (run_cp_analysis.py:28)
2025-05-20 23:34:53,935 - Scheduler - INFO - Worker completed for repo: https://pypi.org/project/kamzik3 (run_cp_analysis.py:37)
2025-05-20 23:34:53,946 - Scheduler - INFO - Progress: 557/575 repositories scanned. (base_scheduler.py:112)
2025-05-20 23:34:53,948 - Scheduler - INFO - Starting worker for repo: https://pypi.org/project/sparseml (run_cp_analysis.py:28)
2025-05-20 23:35:20,111 - Scheduler - INFO - Worker completed for repo: https://pypi.org/project/pxapi (run_cp_analysis.py:37)
2025-05-20 23:35:20,127 - Scheduler - INFO - Progress: 558/575 repositories scanned. (base_scheduler.py:112)
2025-05-20 23:35:20,128 - Scheduler - INFO - Starting worker for repo: https://pypi.org/project/pytest-quickcheck (run_cp_analysis.py:28)
2025-05-20 23:35:33,309 - Scheduler - INFO - Worker completed for repo: https://pypi.org/project/xorq (run_cp_analysis.py:37)
2025-05-20 23:35:33,322 - Scheduler - INFO - Progress: 559/575 repositories scanned. (base_scheduler.py:112)
2025-05-20 23:35:33,324 - Scheduler - INFO - Starting worker for repo: https://pypi.org/project/pysource-codegen (run_cp_analysis.py:28)
2025-05-20 23:35:39,834 - Scheduler - INFO - Worker completed for repo: https://pypi.org/project/pytest-quickcheck (run_cp_analysis.py:37)
2025-05-20 23:35:39,850 - Scheduler - INFO - Progress: 560/575 repositories scanned. (base_scheduler.py:112)
2025-05-20 23:35:39,852 - Scheduler - INFO - Starting worker for repo: https://pypi.org/project/detection-tools (run_cp_analysis.py:28)
2025-05-20 23:35:42,448 - Scheduler - INFO - Worker completed for repo: https://pypi.org/project/sparseml (run_cp_analysis.py:37)
2025-05-20 23:35:42,487 - Scheduler - INFO - Progress: 561/575 repositories scanned. (base_scheduler.py:112)
2025-05-20 23:35:42,488 - Scheduler - INFO - Starting worker for repo: https://pypi.org/project/kompass-core (run_cp_analysis.py:28)
2025-05-20 23:35:59,123 - Scheduler - INFO - Worker completed for repo: https://pypi.org/project/pysource-codegen (run_cp_analysis.py:37)
2025-05-20 23:35:59,134 - Scheduler - INFO - Progress: 562/575 repositories scanned. (base_scheduler.py:112)
2025-05-20 23:35:59,136 - Scheduler - INFO - Starting worker for repo: https://pypi.org/project/pydent (run_cp_analysis.py:28)
2025-05-20 23:36:06,558 - Scheduler - INFO - Worker completed for repo: https://pypi.org/project/kompass-core (run_cp_analysis.py:37)
2025-05-20 23:36:06,570 - Scheduler - INFO - Progress: 563/575 repositories scanned. (base_scheduler.py:112)
2025-05-20 23:36:06,573 - Scheduler - INFO - Starting worker for repo: https://pypi.org/project/taker (run_cp_analysis.py:28)
2025-05-20 23:36:19,142 - Scheduler - INFO - Worker completed for repo: https://pypi.org/project/detection-tools (run_cp_analysis.py:37)
2025-05-20 23:36:19,151 - Scheduler - INFO - Progress: 564/575 repositories scanned. (base_scheduler.py:112)
2025-05-20 23:36:19,153 - Scheduler - INFO - Starting worker for repo: https://pypi.org/project/fms-acceleration-peft (run_cp_analysis.py:28)
2025-05-20 23:36:31,706 - Scheduler - INFO - Worker completed for repo: https://pypi.org/project/pydent (run_cp_analysis.py:37)
2025-05-20 23:36:31,713 - Scheduler - INFO - Progress: 565/575 repositories scanned. (base_scheduler.py:112)
2025-05-20 23:36:31,715 - Scheduler - INFO - Starting worker for repo: https://pypi.org/project/pytypes (run_cp_analysis.py:28)
2025-05-20 23:36:33,252 - Scheduler - INFO - Worker completed for repo: https://pypi.org/project/taker (run_cp_analysis.py:37)
2025-05-20 23:36:33,267 - Scheduler - INFO - Progress: 566/575 repositories scanned. (base_scheduler.py:112)
2025-05-20 23:36:33,269 - Scheduler - INFO - Starting worker for repo: https://pypi.org/project/evennia (run_cp_analysis.py:28)
2025-05-20 23:36:44,098 - Scheduler - INFO - Worker completed for repo: https://pypi.org/project/fms-acceleration-peft (run_cp_analysis.py:37)
2025-05-20 23:36:44,110 - Scheduler - INFO - Progress: 567/575 repositories scanned. (base_scheduler.py:112)
2025-05-20 23:36:44,112 - Scheduler - INFO - Starting worker for repo: https://pypi.org/project/instrumentkit (run_cp_analysis.py:28)
2025-05-20 23:37:14,079 - Scheduler - INFO - Worker completed for repo: https://pypi.org/project/instrumentkit (run_cp_analysis.py:37)
2025-05-20 23:37:14,088 - Scheduler - INFO - Progress: 568/575 repositories scanned. (base_scheduler.py:112)
2025-05-20 23:37:14,090 - Scheduler - INFO - Starting worker for repo: https://pypi.org/project/data-helpers (run_cp_analysis.py:28)
2025-05-20 23:37:36,813 - Scheduler - INFO - Worker completed for repo: https://pypi.org/project/data-helpers (run_cp_analysis.py:37)
2025-05-20 23:37:36,827 - Scheduler - INFO - Progress: 569/575 repositories scanned. (base_scheduler.py:112)
2025-05-20 23:37:36,828 - Scheduler - INFO - Starting worker for repo: https://pypi.org/project/guniflask (run_cp_analysis.py:28)
2025-05-20 23:38:01,440 - Scheduler - INFO - Worker completed for repo: https://pypi.org/project/guniflask (run_cp_analysis.py:37)
2025-05-20 23:38:01,452 - Scheduler - INFO - Progress: 570/575 repositories scanned. (base_scheduler.py:112)
2025-05-20 23:38:41,971 - Scheduler - INFO - Worker completed for repo: https://pypi.org/project/evennia (run_cp_analysis.py:37)
2025-05-20 23:38:41,985 - Scheduler - INFO - Progress: 571/575 repositories scanned. (base_scheduler.py:112)
2025-05-20 23:39:16,817 - Scheduler - INFO - Worker completed for repo: https://pypi.org/project/pytypes (run_cp_analysis.py:37)
2025-05-20 23:39:16,824 - Scheduler - INFO - Progress: 572/575 repositories scanned. (base_scheduler.py:112)
2025-05-20 23:41:40,226 - Scheduler - INFO - Worker completed for repo: https://pypi.org/project/wmagent-devtools (run_cp_analysis.py:37)
2025-05-20 23:41:40,234 - Scheduler - INFO - Progress: 573/575 repositories scanned. (base_scheduler.py:112)
2025-05-20 23:49:22,955 - Scheduler - INFO - Worker completed for repo: https://pypi.org/project/geoformat (run_cp_analysis.py:37)
2025-05-20 23:49:22,962 - Scheduler - INFO - Progress: 574/575 repositories scanned. (base_scheduler.py:112)
