2025-01-07 20:15:10,783 - SCHEDULER - INFO - Scheduling tasks for 5778 repositories with 2 workers. (scheduler.py:107)
2025-01-07 20:15:10,783 - SCHEDULER - INFO - Starting worker for repo: https://github.com/ExaTrack/Kdrill.git (scheduler.py:64)
2025-01-07 20:15:10,783 - SCHEDULER - INFO - Starting worker for repo: https://github.com/Exahilosys/survey.git (scheduler.py:64)
2025-01-07 20:15:20,938 - SCHEDULER - INFO - Worker completed successfully for repo: https://github.com/Exahilosys/survey.git (scheduler.py:75)
2025-01-07 20:15:20,938 - SCHEDULER - INFO - Progress: 1/5778 repositories scanned. (scheduler.py:96)
2025-01-07 20:15:20,938 - SCHEDULER - INFO - Starting worker for repo: https://github.com/ExamenesViejos-FAMAF-Computacion/ExamenesViejos-FAMAF-Computacion.git (scheduler.py:64)
2025-01-07 20:15:22,304 - SCHEDULER - INFO - Worker completed successfully for repo: https://github.com/ExamenesViejos-FAMAF-Computacion/ExamenesViejos-FAMAF-Computacion.git (scheduler.py:75)
2025-01-07 20:15:22,304 - SCHEDULER - INFO - Progress: 2/5778 repositories scanned. (scheduler.py:96)
2025-01-07 20:15:22,304 - SCHEDULER - INFO - Starting worker for repo: https://github.com/Executedone/Chinese-FastSpeech2.git (scheduler.py:64)
2025-01-07 20:15:32,994 - SCHEDULER - INFO - Worker completed successfully for repo: https://github.com/Executedone/Chinese-FastSpeech2.git (scheduler.py:75)
2025-01-07 20:15:32,994 - SCHEDULER - INFO - Progress: 3/5778 repositories scanned. (scheduler.py:96)
2025-01-07 20:15:32,994 - SCHEDULER - INFO - Starting worker for repo: https://github.com/Exodus-Privacy/exodus.git (scheduler.py:64)
2025-01-07 20:15:35,318 - SCHEDULER - INFO - Worker completed successfully for repo: https://github.com/ExaTrack/Kdrill.git (scheduler.py:75)
2025-01-07 20:15:35,319 - SCHEDULER - INFO - Progress: 4/5778 repositories scanned. (scheduler.py:96)
2025-01-07 20:15:35,319 - SCHEDULER - INFO - Starting worker for repo: https://github.com/ExpLangcn/FuYao.git (scheduler.py:64)
2025-01-07 20:15:45,182 - SCHEDULER - INFO - Worker completed successfully for repo: https://github.com/Exodus-Privacy/exodus.git (scheduler.py:75)
2025-01-07 20:15:45,182 - SCHEDULER - INFO - Progress: 5/5778 repositories scanned. (scheduler.py:96)
2025-01-07 20:15:45,182 - SCHEDULER - INFO - Starting worker for repo: https://github.com/ExpLangcn/WanLi.git (scheduler.py:64)
2025-01-07 20:15:46,106 - SCHEDULER - INFO - Worker completed successfully for repo: https://github.com/ExpLangcn/FuYao.git (scheduler.py:75)
2025-01-07 20:15:46,106 - SCHEDULER - INFO - Progress: 6/5778 repositories scanned. (scheduler.py:96)
2025-01-07 20:15:46,106 - SCHEDULER - INFO - Starting worker for repo: https://github.com/ExpectationMax/simple_gpu_scheduler.git (scheduler.py:64)
2025-01-07 20:15:54,892 - SCHEDULER - INFO - Worker completed successfully for repo: https://github.com/ExpectationMax/simple_gpu_scheduler.git (scheduler.py:75)
2025-01-07 20:15:54,893 - SCHEDULER - INFO - Progress: 7/5778 repositories scanned. (scheduler.py:96)
2025-01-07 20:15:54,893 - SCHEDULER - INFO - Starting worker for repo: https://github.com/ExplainableML/ReNO.git (scheduler.py:64)
2025-01-07 20:15:58,172 - SCHEDULER - INFO - Worker completed successfully for repo: https://github.com/ExpLangcn/WanLi.git (scheduler.py:75)
2025-01-07 20:15:58,172 - SCHEDULER - INFO - Progress: 8/5778 repositories scanned. (scheduler.py:96)
2025-01-07 20:15:58,172 - SCHEDULER - INFO - Starting worker for repo: https://github.com/ExplainableML/czsl.git (scheduler.py:64)
2025-01-07 20:16:05,179 - SCHEDULER - INFO - Worker completed successfully for repo: https://github.com/ExplainableML/ReNO.git (scheduler.py:75)
2025-01-07 20:16:05,179 - SCHEDULER - INFO - Progress: 9/5778 repositories scanned. (scheduler.py:96)
2025-01-07 20:16:05,179 - SCHEDULER - INFO - Starting worker for repo: https://github.com/Exploited7/outlook-account-creator.git (scheduler.py:64)
2025-01-07 20:16:10,262 - SCHEDULER - INFO - Worker completed successfully for repo: https://github.com/ExplainableML/czsl.git (scheduler.py:75)
2025-01-07 20:16:10,262 - SCHEDULER - INFO - Progress: 10/5778 repositories scanned. (scheduler.py:96)
2025-01-07 20:16:10,262 - SCHEDULER - INFO - Starting worker for repo: https://github.com/ExplorerFreda/Structured-Self-Attentive-Sentence-Embedding.git (scheduler.py:64)
2025-01-07 20:16:14,563 - SCHEDULER - INFO - Worker completed successfully for repo: https://github.com/Exploited7/outlook-account-creator.git (scheduler.py:75)
2025-01-07 20:16:14,563 - SCHEDULER - INFO - Progress: 11/5778 repositories scanned. (scheduler.py:96)
2025-01-07 20:16:14,563 - SCHEDULER - INFO - Starting worker for repo: https://github.com/ExponentialML/AnimateDiff-MotionDirector.git (scheduler.py:64)
2025-01-07 20:16:19,698 - SCHEDULER - INFO - Worker completed successfully for repo: https://github.com/ExplorerFreda/Structured-Self-Attentive-Sentence-Embedding.git (scheduler.py:75)
2025-01-07 20:16:19,698 - SCHEDULER - INFO - Progress: 12/5778 repositories scanned. (scheduler.py:96)
2025-01-07 20:16:19,698 - SCHEDULER - INFO - Starting worker for repo: https://github.com/ExponentialML/ComfyUI_ELLA.git (scheduler.py:64)
2025-01-07 20:16:28,583 - SCHEDULER - INFO - Worker completed successfully for repo: https://github.com/ExponentialML/ComfyUI_ELLA.git (scheduler.py:75)
2025-01-07 20:16:28,583 - SCHEDULER - INFO - Progress: 13/5778 repositories scanned. (scheduler.py:96)
2025-01-07 20:16:28,583 - SCHEDULER - INFO - Starting worker for repo: https://github.com/ExponentialML/ComfyUI_Native_DynamiCrafter.git (scheduler.py:64)
2025-01-07 20:16:29,255 - SCHEDULER - INFO - Worker completed successfully for repo: https://github.com/ExponentialML/AnimateDiff-MotionDirector.git (scheduler.py:75)
2025-01-07 20:16:29,255 - SCHEDULER - INFO - Progress: 14/5778 repositories scanned. (scheduler.py:96)
2025-01-07 20:16:29,255 - SCHEDULER - INFO - Starting worker for repo: https://github.com/ExponentialML/ComfyUI_VisualStylePrompting.git (scheduler.py:64)
2025-01-07 20:16:38,689 - SCHEDULER - INFO - Worker completed successfully for repo: https://github.com/ExponentialML/ComfyUI_VisualStylePrompting.git (scheduler.py:75)
2025-01-07 20:16:38,689 - SCHEDULER - INFO - Progress: 15/5778 repositories scanned. (scheduler.py:96)
2025-01-07 20:16:38,689 - SCHEDULER - INFO - Starting worker for repo: https://github.com/ExponentialML/Text-To-Video-Finetuning.git (scheduler.py:64)
2025-01-07 20:16:39,369 - SCHEDULER - INFO - Worker completed successfully for repo: https://github.com/ExponentialML/ComfyUI_Native_DynamiCrafter.git (scheduler.py:75)
2025-01-07 20:16:39,369 - SCHEDULER - INFO - Progress: 16/5778 repositories scanned. (scheduler.py:96)
2025-01-07 20:16:39,369 - SCHEDULER - INFO - Starting worker for repo: https://github.com/ExponentialML/Video-BLIP2-Preprocessor.git (scheduler.py:64)
2025-01-07 20:16:48,251 - SCHEDULER - INFO - Worker completed successfully for repo: https://github.com/ExponentialML/Video-BLIP2-Preprocessor.git (scheduler.py:75)
2025-01-07 20:16:48,251 - SCHEDULER - INFO - Progress: 17/5778 repositories scanned. (scheduler.py:96)
2025-01-07 20:16:48,251 - SCHEDULER - INFO - Starting worker for repo: https://github.com/ExpressAI/DataLab.git (scheduler.py:64)
2025-01-07 20:16:49,976 - SCHEDULER - INFO - Worker completed successfully for repo: https://github.com/ExponentialML/Text-To-Video-Finetuning.git (scheduler.py:75)
2025-01-07 20:16:49,976 - SCHEDULER - INFO - Progress: 18/5778 repositories scanned. (scheduler.py:96)
2025-01-07 20:16:49,976 - SCHEDULER - INFO - Starting worker for repo: https://github.com/Exrick/Machine-Learning.git (scheduler.py:64)
2025-01-07 20:16:58,608 - SCHEDULER - INFO - Worker completed successfully for repo: https://github.com/Exrick/Machine-Learning.git (scheduler.py:75)
2025-01-07 20:16:58,608 - SCHEDULER - INFO - Progress: 19/5778 repositories scanned. (scheduler.py:96)
2025-01-07 20:16:58,609 - SCHEDULER - INFO - Starting worker for repo: https://github.com/ExtractTable/ExtractTable-py.git (scheduler.py:64)
2025-01-07 20:17:07,440 - SCHEDULER - INFO - Worker completed successfully for repo: https://github.com/ExtractTable/ExtractTable-py.git (scheduler.py:75)
2025-01-07 20:17:07,440 - SCHEDULER - INFO - Progress: 20/5778 repositories scanned. (scheduler.py:96)
2025-01-07 20:17:07,440 - SCHEDULER - INFO - Starting worker for repo: https://github.com/Extraltodeus/ComfyUI-AutomaticCFG.git (scheduler.py:64)
2025-01-07 20:17:13,419 - SCHEDULER - INFO - Worker completed successfully for repo: https://github.com/ExpressAI/DataLab.git (scheduler.py:75)
2025-01-07 20:17:13,419 - SCHEDULER - INFO - Progress: 21/5778 repositories scanned. (scheduler.py:96)
2025-01-07 20:17:13,419 - SCHEDULER - INFO - Starting worker for repo: https://github.com/Extraltodeus/Skimmed_CFG.git (scheduler.py:64)
2025-01-07 20:17:17,725 - SCHEDULER - INFO - Worker completed successfully for repo: https://github.com/Extraltodeus/ComfyUI-AutomaticCFG.git (scheduler.py:75)
2025-01-07 20:17:17,725 - SCHEDULER - INFO - Progress: 22/5778 repositories scanned. (scheduler.py:96)
2025-01-07 20:17:17,725 - SCHEDULER - INFO - Starting worker for repo: https://github.com/Extraltodeus/Vector_Sculptor_ComfyUI.git (scheduler.py:64)
2025-01-07 20:17:21,500 - SCHEDULER - INFO - Worker completed successfully for repo: https://github.com/Extraltodeus/Skimmed_CFG.git (scheduler.py:75)
2025-01-07 20:17:21,500 - SCHEDULER - INFO - Progress: 23/5778 repositories scanned. (scheduler.py:96)
2025-01-07 20:17:21,500 - SCHEDULER - INFO - Starting worker for repo: https://github.com/Extraltodeus/depthmap2mask.git (scheduler.py:64)
2025-01-07 20:17:27,156 - SCHEDULER - INFO - Worker completed successfully for repo: https://github.com/Extraltodeus/Vector_Sculptor_ComfyUI.git (scheduler.py:75)
2025-01-07 20:17:27,156 - SCHEDULER - INFO - Progress: 24/5778 repositories scanned. (scheduler.py:96)
2025-01-07 20:17:27,156 - SCHEDULER - INFO - Starting worker for repo: https://github.com/Extraltodeus/multi-subject-render.git (scheduler.py:64)
2025-01-07 20:17:30,934 - SCHEDULER - INFO - Worker completed successfully for repo: https://github.com/Extraltodeus/depthmap2mask.git (scheduler.py:75)
2025-01-07 20:17:30,934 - SCHEDULER - INFO - Progress: 25/5778 repositories scanned. (scheduler.py:96)
2025-01-07 20:17:30,934 - SCHEDULER - INFO - Starting worker for repo: https://github.com/Extraltodeus/test_my_prompt.git (scheduler.py:64)
2025-01-07 20:17:37,095 - SCHEDULER - INFO - Worker completed successfully for repo: https://github.com/Extraltodeus/multi-subject-render.git (scheduler.py:75)
2025-01-07 20:17:37,095 - SCHEDULER - INFO - Progress: 26/5778 repositories scanned. (scheduler.py:96)
2025-01-07 20:17:37,095 - SCHEDULER - INFO - Starting worker for repo: https://github.com/EyeOdin/Pigment.O.git (scheduler.py:64)
2025-01-07 20:17:39,620 - SCHEDULER - INFO - Worker completed successfully for repo: https://github.com/Extraltodeus/test_my_prompt.git (scheduler.py:75)
2025-01-07 20:17:39,620 - SCHEDULER - INFO - Progress: 27/5778 repositories scanned. (scheduler.py:96)
2025-01-07 20:17:39,620 - SCHEDULER - INFO - Starting worker for repo: https://github.com/EyeTrackVR/EyeTrackVR.git (scheduler.py:64)
2025-01-07 20:17:51,155 - SCHEDULER - INFO - Worker completed successfully for repo: https://github.com/EyeTrackVR/EyeTrackVR.git (scheduler.py:75)
2025-01-07 20:17:51,155 - SCHEDULER - INFO - Progress: 28/5778 repositories scanned. (scheduler.py:96)
2025-01-07 20:17:51,155 - SCHEDULER - INFO - Starting worker for repo: https://github.com/Eyepea/API-Hour.git (scheduler.py:64)
2025-01-07 20:17:58,702 - SCHEDULER - INFO - Worker completed successfully for repo: https://github.com/EyeOdin/Pigment.O.git (scheduler.py:75)
2025-01-07 20:17:58,702 - SCHEDULER - INFO - Progress: 29/5778 repositories scanned. (scheduler.py:96)
2025-01-07 20:17:58,702 - SCHEDULER - INFO - Starting worker for repo: https://github.com/Eyevinn/toolbox.git (scheduler.py:64)
2025-01-07 20:18:00,089 - SCHEDULER - INFO - Worker completed successfully for repo: https://github.com/Eyepea/API-Hour.git (scheduler.py:75)
2025-01-07 20:18:00,089 - SCHEDULER - INFO - Progress: 30/5778 repositories scanned. (scheduler.py:96)
2025-01-07 20:18:00,089 - SCHEDULER - INFO - Starting worker for repo: https://github.com/EyreFree/EFPodsAnalyzer.git (scheduler.py:64)
2025-01-07 20:18:07,332 - SCHEDULER - INFO - Worker completed successfully for repo: https://github.com/Eyevinn/toolbox.git (scheduler.py:75)
2025-01-07 20:18:07,332 - SCHEDULER - INFO - Progress: 31/5778 repositories scanned. (scheduler.py:96)
2025-01-07 20:18:07,332 - SCHEDULER - INFO - Starting worker for repo: https://github.com/EzXxY/CF-IP.git (scheduler.py:64)
2025-01-07 20:18:09,071 - SCHEDULER - INFO - Worker completed successfully for repo: https://github.com/EyreFree/EFPodsAnalyzer.git (scheduler.py:75)
2025-01-07 20:18:09,071 - SCHEDULER - INFO - Progress: 32/5778 repositories scanned. (scheduler.py:96)
2025-01-07 20:18:09,071 - SCHEDULER - INFO - Starting worker for repo: https://github.com/Ezekial711/MonsterHunterWorldModding.git (scheduler.py:64)
2025-01-07 20:18:15,211 - SCHEDULER - INFO - Worker completed successfully for repo: https://github.com/EzXxY/CF-IP.git (scheduler.py:75)
2025-01-07 20:18:15,211 - SCHEDULER - INFO - Progress: 33/5778 repositories scanned. (scheduler.py:96)
2025-01-07 20:18:15,211 - SCHEDULER - INFO - Starting worker for repo: https://github.com/F-Society-Freaks/TikTok-Shares-Botter.git (scheduler.py:64)
2025-01-07 20:18:19,758 - SCHEDULER - INFO - Worker completed successfully for repo: https://github.com/Ezekial711/MonsterHunterWorldModding.git (scheduler.py:75)
2025-01-07 20:18:19,758 - SCHEDULER - INFO - Progress: 34/5778 repositories scanned. (scheduler.py:96)
2025-01-07 20:18:19,758 - SCHEDULER - INFO - Starting worker for repo: https://github.com/F-debug/Medical-named-entity-recognition.git (scheduler.py:64)
2025-01-07 20:18:23,245 - SCHEDULER - INFO - Worker completed successfully for repo: https://github.com/F-Society-Freaks/TikTok-Shares-Botter.git (scheduler.py:75)
2025-01-07 20:18:23,245 - SCHEDULER - INFO - Progress: 35/5778 repositories scanned. (scheduler.py:96)
2025-01-07 20:18:23,245 - SCHEDULER - INFO - Starting worker for repo: https://github.com/F0RE1GNERS/eoj3.git (scheduler.py:64)
2025-01-07 20:18:28,942 - SCHEDULER - INFO - Worker completed successfully for repo: https://github.com/F-debug/Medical-named-entity-recognition.git (scheduler.py:75)
2025-01-07 20:18:28,942 - SCHEDULER - INFO - Progress: 36/5778 repositories scanned. (scheduler.py:96)
2025-01-07 20:18:28,942 - SCHEDULER - INFO - Starting worker for repo: https://github.com/F0RE1GNERS/template.git (scheduler.py:64)
2025-01-07 20:18:37,172 - SCHEDULER - INFO - Worker completed successfully for repo: https://github.com/F0RE1GNERS/template.git (scheduler.py:75)
2025-01-07 20:18:37,173 - SCHEDULER - INFO - Progress: 37/5778 repositories scanned. (scheduler.py:96)
2025-01-07 20:18:37,173 - SCHEDULER - INFO - Starting worker for repo: https://github.com/F2Wang/ObjectDatasetTools.git (scheduler.py:64)
2025-01-07 20:18:37,839 - SCHEDULER - INFO - Worker completed successfully for repo: https://github.com/F0RE1GNERS/eoj3.git (scheduler.py:75)
2025-01-07 20:18:37,839 - SCHEDULER - INFO - Progress: 38/5778 repositories scanned. (scheduler.py:96)
2025-01-07 20:18:37,839 - SCHEDULER - INFO - Starting worker for repo: https://github.com/F33RNI/GPT-Telegramus.git (scheduler.py:64)
2025-01-07 20:18:47,058 - SCHEDULER - INFO - Worker completed successfully for repo: https://github.com/F2Wang/ObjectDatasetTools.git (scheduler.py:75)
2025-01-07 20:18:47,058 - SCHEDULER - INFO - Progress: 39/5778 repositories scanned. (scheduler.py:96)
2025-01-07 20:18:47,058 - SCHEDULER - INFO - Starting worker for repo: https://github.com/F4HTB/Universal_HamRadio_Remote_HTML5.git (scheduler.py:64)
2025-01-07 20:18:49,276 - SCHEDULER - INFO - Worker completed successfully for repo: https://github.com/F33RNI/GPT-Telegramus.git (scheduler.py:75)
2025-01-07 20:18:49,276 - SCHEDULER - INFO - Progress: 40/5778 repositories scanned. (scheduler.py:96)
2025-01-07 20:18:49,276 - SCHEDULER - INFO - Starting worker for repo: https://github.com/F5-Labs/cryptonice.git (scheduler.py:64)
2025-01-07 20:18:56,691 - SCHEDULER - INFO - Worker completed successfully for repo: https://github.com/F4HTB/Universal_HamRadio_Remote_HTML5.git (scheduler.py:75)
2025-01-07 20:18:56,691 - SCHEDULER - INFO - Progress: 41/5778 repositories scanned. (scheduler.py:96)
2025-01-07 20:18:56,691 - SCHEDULER - INFO - Starting worker for repo: https://github.com/F5Networks/f5-ansible.git (scheduler.py:64)
2025-01-07 20:19:02,219 - SCHEDULER - INFO - Worker completed successfully for repo: https://github.com/F5-Labs/cryptonice.git (scheduler.py:75)
2025-01-07 20:19:02,219 - SCHEDULER - INFO - Progress: 42/5778 repositories scanned. (scheduler.py:96)
2025-01-07 20:19:02,219 - SCHEDULER - INFO - Starting worker for repo: https://github.com/F5Networks/f5-common-python.git (scheduler.py:64)
2025-01-07 20:19:25,086 - SCHEDULER - INFO - Worker completed successfully for repo: https://github.com/F5Networks/f5-common-python.git (scheduler.py:75)
2025-01-07 20:19:25,087 - SCHEDULER - INFO - Progress: 43/5778 repositories scanned. (scheduler.py:96)
2025-01-07 20:19:25,087 - SCHEDULER - INFO - Starting worker for repo: https://github.com/F6JO/CmsVulScan.git (scheduler.py:64)
2025-01-07 20:19:33,819 - SCHEDULER - INFO - Worker completed successfully for repo: https://github.com/F6JO/CmsVulScan.git (scheduler.py:75)
2025-01-07 20:19:33,819 - SCHEDULER - INFO - Progress: 44/5778 repositories scanned. (scheduler.py:96)
2025-01-07 20:19:33,819 - SCHEDULER - INFO - Starting worker for repo: https://github.com/F6JO/Suture_Box.git (scheduler.py:64)
2025-01-07 20:19:37,497 - SCHEDULER - INFO - Worker completed successfully for repo: https://github.com/F5Networks/f5-ansible.git (scheduler.py:75)
2025-01-07 20:19:37,497 - SCHEDULER - INFO - Progress: 45/5778 repositories scanned. (scheduler.py:96)
2025-01-07 20:19:37,497 - SCHEDULER - INFO - Starting worker for repo: https://github.com/F8LEFT/DecLLVM.git (scheduler.py:64)
2025-01-07 20:19:43,906 - SCHEDULER - INFO - Worker completed successfully for repo: https://github.com/F6JO/Suture_Box.git (scheduler.py:75)
2025-01-07 20:19:43,906 - SCHEDULER - INFO - Progress: 46/5778 repositories scanned. (scheduler.py:96)
2025-01-07 20:19:43,906 - SCHEDULER - INFO - Starting worker for repo: https://github.com/FAIR-Chem/fairchem.git (scheduler.py:64)
2025-01-07 20:20:09,424 - SCHEDULER - INFO - Worker completed successfully for repo: https://github.com/FAIR-Chem/fairchem.git (scheduler.py:75)
2025-01-07 20:20:09,424 - SCHEDULER - INFO - Progress: 47/5778 repositories scanned. (scheduler.py:96)
2025-01-07 20:20:09,424 - SCHEDULER - INFO - Starting worker for repo: https://github.com/FAKEBOB-adversarial-attack/FAKEBOB.git (scheduler.py:64)
2025-01-07 20:20:18,454 - SCHEDULER - INFO - Worker completed successfully for repo: https://github.com/FAKEBOB-adversarial-attack/FAKEBOB.git (scheduler.py:75)
2025-01-07 20:20:18,454 - SCHEDULER - INFO - Progress: 48/5778 repositories scanned. (scheduler.py:96)
2025-01-07 20:20:18,454 - SCHEDULER - INFO - Starting worker for repo: https://github.com/FANG-MING/occupancy-for-nuscenes.git (scheduler.py:64)
2025-01-07 20:20:28,992 - SCHEDULER - INFO - Worker completed successfully for repo: https://github.com/FANG-MING/occupancy-for-nuscenes.git (scheduler.py:75)
2025-01-07 20:20:28,993 - SCHEDULER - INFO - Progress: 49/5778 repositories scanned. (scheduler.py:96)
2025-01-07 20:20:28,993 - SCHEDULER - INFO - Starting worker for repo: https://github.com/FC-Li/CloudSimPy.git (scheduler.py:64)
2025-01-07 20:20:37,625 - SCHEDULER - INFO - Worker completed successfully for repo: https://github.com/FC-Li/CloudSimPy.git (scheduler.py:75)
2025-01-07 20:20:37,625 - SCHEDULER - INFO - Progress: 50/5778 repositories scanned. (scheduler.py:96)
2025-01-07 20:20:37,626 - SCHEDULER - INFO - Starting worker for repo: https://github.com/FDUCSLG/pafd-automated.git (scheduler.py:64)
2025-01-07 20:20:45,606 - SCHEDULER - INFO - Worker completed successfully for repo: https://github.com/FDUCSLG/pafd-automated.git (scheduler.py:75)
2025-01-07 20:20:45,606 - SCHEDULER - INFO - Progress: 51/5778 repositories scanned. (scheduler.py:96)
2025-01-07 20:20:45,606 - SCHEDULER - INFO - Starting worker for repo: https://github.com/FDX100/Auto_Tor_IP_changer.git (scheduler.py:64)
2025-01-07 20:20:46,317 - SCHEDULER - INFO - Worker completed successfully for repo: https://github.com/F8LEFT/DecLLVM.git (scheduler.py:75)
2025-01-07 20:20:46,317 - SCHEDULER - INFO - Progress: 52/5778 repositories scanned. (scheduler.py:96)
2025-01-07 20:20:46,317 - SCHEDULER - INFO - Starting worker for repo: https://github.com/FDX100/GOD-KILLER.git (scheduler.py:64)
2025-01-07 20:20:54,085 - SCHEDULER - INFO - Worker completed successfully for repo: https://github.com/FDX100/Auto_Tor_IP_changer.git (scheduler.py:75)
2025-01-07 20:20:54,085 - SCHEDULER - INFO - Progress: 53/5778 repositories scanned. (scheduler.py:96)
2025-01-07 20:20:54,085 - SCHEDULER - INFO - Starting worker for repo: https://github.com/FENGGENYU/CVPR2019_PartNet.git (scheduler.py:64)
2025-01-07 20:20:54,746 - SCHEDULER - INFO - Worker completed successfully for repo: https://github.com/FDX100/GOD-KILLER.git (scheduler.py:75)
2025-01-07 20:20:54,746 - SCHEDULER - INFO - Progress: 54/5778 repositories scanned. (scheduler.py:96)
2025-01-07 20:20:54,746 - SCHEDULER - INFO - Starting worker for repo: https://github.com/FENGShuanglang/Pytorch_Medical_Segmention_Template.git (scheduler.py:64)
2025-01-07 20:21:04,119 - SCHEDULER - INFO - Worker completed successfully for repo: https://github.com/FENGGENYU/CVPR2019_PartNet.git (scheduler.py:75)
2025-01-07 20:21:04,119 - SCHEDULER - INFO - Progress: 55/5778 repositories scanned. (scheduler.py:96)
2025-01-07 20:21:04,119 - SCHEDULER - INFO - Starting worker for repo: https://github.com/FENRlR/MB-iSTFT-VITS2.git (scheduler.py:64)
2025-01-07 20:21:04,784 - SCHEDULER - INFO - Worker completed successfully for repo: https://github.com/FENGShuanglang/Pytorch_Medical_Segmention_Template.git (scheduler.py:75)
2025-01-07 20:21:04,784 - SCHEDULER - INFO - Progress: 56/5778 repositories scanned. (scheduler.py:96)
2025-01-07 20:21:04,784 - SCHEDULER - INFO - Starting worker for repo: https://github.com/FEniCS/ffcx.git (scheduler.py:64)
2025-01-07 20:21:15,509 - SCHEDULER - INFO - Worker completed successfully for repo: https://github.com/FENRlR/MB-iSTFT-VITS2.git (scheduler.py:75)
2025-01-07 20:21:15,509 - SCHEDULER - INFO - Progress: 57/5778 repositories scanned. (scheduler.py:96)
2025-01-07 20:21:15,509 - SCHEDULER - INFO - Starting worker for repo: https://github.com/FFRI/ProjectChampollion.git (scheduler.py:64)
2025-01-07 20:21:18,226 - SCHEDULER - INFO - Worker completed successfully for repo: https://github.com/FEniCS/ffcx.git (scheduler.py:75)
2025-01-07 20:21:18,226 - SCHEDULER - INFO - Progress: 58/5778 repositories scanned. (scheduler.py:96)
2025-01-07 20:21:18,226 - SCHEDULER - INFO - Starting worker for repo: https://github.com/FFrankyy/FINDER.git (scheduler.py:64)
2025-01-07 20:21:24,440 - SCHEDULER - INFO - Worker completed successfully for repo: https://github.com/FFRI/ProjectChampollion.git (scheduler.py:75)
2025-01-07 20:21:24,440 - SCHEDULER - INFO - Progress: 59/5778 repositories scanned. (scheduler.py:96)
2025-01-07 20:21:24,440 - SCHEDULER - INFO - Starting worker for repo: https://github.com/FGiuliari/Trajectory-Transformer.git (scheduler.py:64)
2025-01-07 20:21:26,957 - SCHEDULER - INFO - Worker completed successfully for repo: https://github.com/FFrankyy/FINDER.git (scheduler.py:75)
2025-01-07 20:21:26,957 - SCHEDULER - INFO - Progress: 60/5778 repositories scanned. (scheduler.py:96)
2025-01-07 20:21:26,957 - SCHEDULER - INFO - Starting worker for repo: https://github.com/FIGLAB/ubicoustics.git (scheduler.py:64)
2025-01-07 20:21:34,023 - SCHEDULER - INFO - Worker completed successfully for repo: https://github.com/FGiuliari/Trajectory-Transformer.git (scheduler.py:75)
2025-01-07 20:21:34,023 - SCHEDULER - INFO - Progress: 61/5778 repositories scanned. (scheduler.py:96)
2025-01-07 20:21:34,023 - SCHEDULER - INFO - Starting worker for repo: https://github.com/FISCO-BCOS/FISCO-BCOS-DOC.git (scheduler.py:64)
2025-01-07 20:21:36,239 - SCHEDULER - INFO - Worker completed successfully for repo: https://github.com/FIGLAB/ubicoustics.git (scheduler.py:75)
2025-01-07 20:21:36,239 - SCHEDULER - INFO - Progress: 62/5778 repositories scanned. (scheduler.py:96)
2025-01-07 20:21:36,239 - SCHEDULER - INFO - Starting worker for repo: https://github.com/FKLC/AnyAPI.git (scheduler.py:64)
2025-01-07 20:21:43,867 - SCHEDULER - INFO - Worker completed successfully for repo: https://github.com/FKLC/AnyAPI.git (scheduler.py:75)
2025-01-07 20:21:43,867 - SCHEDULER - INFO - Progress: 63/5778 repositories scanned. (scheduler.py:96)
2025-01-07 20:21:43,867 - SCHEDULER - INFO - Starting worker for repo: https://github.com/FL550/dwd_weather.git (scheduler.py:64)
2025-01-07 20:21:49,716 - SCHEDULER - INFO - Worker completed successfully for repo: https://github.com/FISCO-BCOS/FISCO-BCOS-DOC.git (scheduler.py:75)
2025-01-07 20:21:49,716 - SCHEDULER - INFO - Progress: 64/5778 repositories scanned. (scheduler.py:96)
2025-01-07 20:21:49,716 - SCHEDULER - INFO - Starting worker for repo: https://github.com/FLAIROx/JaxMARL.git (scheduler.py:64)
2025-01-07 20:21:53,851 - SCHEDULER - INFO - Worker completed successfully for repo: https://github.com/FL550/dwd_weather.git (scheduler.py:75)
2025-01-07 20:21:53,851 - SCHEDULER - INFO - Progress: 65/5778 repositories scanned. (scheduler.py:96)
2025-01-07 20:21:53,851 - SCHEDULER - INFO - Starting worker for repo: https://github.com/FLC777/GLAT.git (scheduler.py:64)
2025-01-07 20:22:09,428 - SCHEDULER - INFO - Worker completed successfully for repo: https://github.com/FLAIROx/JaxMARL.git (scheduler.py:75)
2025-01-07 20:22:09,428 - SCHEDULER - INFO - Progress: 66/5778 repositories scanned. (scheduler.py:96)
2025-01-07 20:22:09,428 - SCHEDULER - INFO - Starting worker for repo: https://github.com/FLOCK4H/Freeway.git (scheduler.py:64)
2025-01-07 20:22:19,462 - SCHEDULER - INFO - Worker completed successfully for repo: https://github.com/FLOCK4H/Freeway.git (scheduler.py:75)
2025-01-07 20:22:19,462 - SCHEDULER - INFO - Progress: 67/5778 repositories scanned. (scheduler.py:96)
2025-01-07 20:22:19,462 - SCHEDULER - INFO - Starting worker for repo: https://github.com/FLZ101/dl_coursera.git (scheduler.py:64)
2025-01-07 20:22:28,441 - SCHEDULER - INFO - Worker completed successfully for repo: https://github.com/FLZ101/dl_coursera.git (scheduler.py:75)
2025-01-07 20:22:28,441 - SCHEDULER - INFO - Progress: 68/5778 repositories scanned. (scheduler.py:96)
2025-01-07 20:22:28,441 - SCHEDULER - INFO - Starting worker for repo: https://github.com/FLming/CRNN.tf2.git (scheduler.py:64)
2025-01-07 20:22:36,472 - SCHEDULER - INFO - Worker completed successfully for repo: https://github.com/FLming/CRNN.tf2.git (scheduler.py:75)
2025-01-07 20:22:36,472 - SCHEDULER - INFO - Progress: 69/5778 repositories scanned. (scheduler.py:96)
2025-01-07 20:22:36,472 - SCHEDULER - INFO - Starting worker for repo: https://github.com/FLyingLSJ/PyTorch-YOLOv3-master.git (scheduler.py:64)
2025-01-07 20:22:45,054 - SCHEDULER - INFO - Worker completed successfully for repo: https://github.com/FLyingLSJ/PyTorch-YOLOv3-master.git (scheduler.py:75)
2025-01-07 20:22:45,054 - SCHEDULER - INFO - Progress: 70/5778 repositories scanned. (scheduler.py:96)
2025-01-07 20:22:45,054 - SCHEDULER - INFO - Starting worker for repo: https://github.com/FMInference/DejaVu.git (scheduler.py:64)
2025-01-07 20:23:05,373 - SCHEDULER - INFO - Worker completed successfully for repo: https://github.com/FMInference/DejaVu.git (scheduler.py:75)
2025-01-07 20:23:05,373 - SCHEDULER - INFO - Progress: 71/5778 repositories scanned. (scheduler.py:96)
2025-01-07 20:23:05,373 - SCHEDULER - INFO - Starting worker for repo: https://github.com/FMInference/H2O.git (scheduler.py:64)
2025-01-07 20:24:08,073 - SCHEDULER - INFO - Worker completed successfully for repo: https://github.com/FLC777/GLAT.git (scheduler.py:75)
2025-01-07 20:24:08,073 - SCHEDULER - INFO - Progress: 72/5778 repositories scanned. (scheduler.py:96)
2025-01-07 20:24:08,073 - SCHEDULER - INFO - Starting worker for repo: https://github.com/FNNDSC/med2image.git (scheduler.py:64)
2025-01-07 20:24:16,506 - SCHEDULER - INFO - Worker completed successfully for repo: https://github.com/FNNDSC/med2image.git (scheduler.py:75)
2025-01-07 20:24:16,506 - SCHEDULER - INFO - Progress: 73/5778 repositories scanned. (scheduler.py:96)
2025-01-07 20:24:16,506 - SCHEDULER - INFO - Starting worker for repo: https://github.com/FOLLGAD/godmode.git (scheduler.py:64)
2025-01-07 20:24:27,296 - SCHEDULER - INFO - Worker completed successfully for repo: https://github.com/FOLLGAD/godmode.git (scheduler.py:75)
2025-01-07 20:24:27,296 - SCHEDULER - INFO - Progress: 74/5778 repositories scanned. (scheduler.py:96)
2025-01-07 20:24:27,296 - SCHEDULER - INFO - Starting worker for repo: https://github.com/FORTH-ICS-INSPIRE/artemis.git (scheduler.py:64)
2025-01-07 20:24:41,449 - SCHEDULER - INFO - Worker completed successfully for repo: https://github.com/FORTH-ICS-INSPIRE/artemis.git (scheduler.py:75)
2025-01-07 20:24:41,449 - SCHEDULER - INFO - Progress: 75/5778 repositories scanned. (scheduler.py:96)
2025-01-07 20:24:41,449 - SCHEDULER - INFO - Starting worker for repo: https://github.com/FORTH-ModelBasedTracker/HandTracker.git (scheduler.py:64)
2025-01-07 20:24:48,976 - SCHEDULER - INFO - Worker completed successfully for repo: https://github.com/FORTH-ModelBasedTracker/HandTracker.git (scheduler.py:75)
2025-01-07 20:24:48,976 - SCHEDULER - INFO - Progress: 76/5778 repositories scanned. (scheduler.py:96)
2025-01-07 20:24:48,976 - SCHEDULER - INFO - Starting worker for repo: https://github.com/FORTH-ModelBasedTracker/MonocularRGB_3D_Handpose_WACV18.git (scheduler.py:64)
2025-01-07 20:24:57,911 - SCHEDULER - INFO - Worker completed successfully for repo: https://github.com/FORTH-ModelBasedTracker/MonocularRGB_3D_Handpose_WACV18.git (scheduler.py:75)
2025-01-07 20:24:57,912 - SCHEDULER - INFO - Progress: 77/5778 repositories scanned. (scheduler.py:96)
2025-01-07 20:24:57,912 - SCHEDULER - INFO - Starting worker for repo: https://github.com/FOULAB/Project-COGSWORTH.git (scheduler.py:64)
2025-01-07 20:25:05,793 - SCHEDULER - INFO - Worker completed successfully for repo: https://github.com/FOULAB/Project-COGSWORTH.git (scheduler.py:75)
2025-01-07 20:25:05,793 - SCHEDULER - INFO - Progress: 78/5778 repositories scanned. (scheduler.py:96)
2025-01-07 20:25:05,793 - SCHEDULER - INFO - Starting worker for repo: https://github.com/FPGA-Research/FABulous.git (scheduler.py:64)
2025-01-07 20:25:21,441 - SCHEDULER - INFO - Worker completed successfully for repo: https://github.com/FPGA-Research/FABulous.git (scheduler.py:75)
2025-01-07 20:25:21,441 - SCHEDULER - INFO - Progress: 79/5778 repositories scanned. (scheduler.py:96)
2025-01-07 20:25:21,441 - SCHEDULER - INFO - Starting worker for repo: https://github.com/FPSG-UIUC/hertzbleed.git (scheduler.py:64)
2025-01-07 20:25:29,929 - SCHEDULER - INFO - Worker completed successfully for repo: https://github.com/FPSG-UIUC/hertzbleed.git (scheduler.py:75)
2025-01-07 20:25:29,929 - SCHEDULER - INFO - Progress: 80/5778 repositories scanned. (scheduler.py:96)
2025-01-07 20:25:29,929 - SCHEDULER - INFO - Starting worker for repo: https://github.com/FR13ND8/BruteFb.git (scheduler.py:64)
2025-01-07 20:25:37,062 - SCHEDULER - INFO - Worker completed successfully for repo: https://github.com/FR13ND8/BruteFb.git (scheduler.py:75)
2025-01-07 20:25:37,062 - SCHEDULER - INFO - Progress: 81/5778 repositories scanned. (scheduler.py:96)
2025-01-07 20:25:37,062 - SCHEDULER - INFO - Starting worker for repo: https://github.com/FSecureLABS/wePWNise.git (scheduler.py:64)
2025-01-07 20:25:44,595 - SCHEDULER - INFO - Worker completed successfully for repo: https://github.com/FSecureLABS/wePWNise.git (scheduler.py:75)
2025-01-07 20:25:44,595 - SCHEDULER - INFO - Progress: 82/5778 repositories scanned. (scheduler.py:96)
2025-01-07 20:25:44,595 - SCHEDULER - INFO - Starting worker for repo: https://github.com/FSecureLABS/win_driver_plugin.git (scheduler.py:64)
2025-01-07 20:25:52,630 - SCHEDULER - INFO - Worker completed successfully for repo: https://github.com/FSecureLABS/win_driver_plugin.git (scheduler.py:75)
2025-01-07 20:25:52,630 - SCHEDULER - INFO - Progress: 83/5778 repositories scanned. (scheduler.py:96)
2025-01-07 20:25:52,630 - SCHEDULER - INFO - Starting worker for repo: https://github.com/FSecureLABS/z3_and_angr_binary_analysis_workshop.git (scheduler.py:64)
2025-01-07 20:26:01,067 - SCHEDULER - INFO - Worker completed successfully for repo: https://github.com/FSecureLABS/z3_and_angr_binary_analysis_workshop.git (scheduler.py:75)
2025-01-07 20:26:01,067 - SCHEDULER - INFO - Progress: 84/5778 repositories scanned. (scheduler.py:96)
2025-01-07 20:26:01,067 - SCHEDULER - INFO - Starting worker for repo: https://github.com/FSoft-AI4Code/AgileCoder.git (scheduler.py:64)
2025-01-07 20:26:13,959 - SCHEDULER - INFO - Worker completed successfully for repo: https://github.com/FSoft-AI4Code/AgileCoder.git (scheduler.py:75)
2025-01-07 20:26:13,959 - SCHEDULER - INFO - Progress: 85/5778 repositories scanned. (scheduler.py:96)
2025-01-07 20:26:13,959 - SCHEDULER - INFO - Starting worker for repo: https://github.com/FSoft-AI4Code/CodeCapybara.git (scheduler.py:64)
2025-01-07 20:26:22,643 - SCHEDULER - INFO - Worker completed successfully for repo: https://github.com/FSoft-AI4Code/CodeCapybara.git (scheduler.py:75)
2025-01-07 20:26:22,644 - SCHEDULER - INFO - Progress: 86/5778 repositories scanned. (scheduler.py:96)
2025-01-07 20:26:22,644 - SCHEDULER - INFO - Starting worker for repo: https://github.com/FSoft-AI4Code/HyperAgent.git (scheduler.py:64)
2025-01-07 20:26:34,483 - SCHEDULER - INFO - Worker completed successfully for repo: https://github.com/FSoft-AI4Code/HyperAgent.git (scheduler.py:75)
2025-01-07 20:26:34,483 - SCHEDULER - INFO - Progress: 87/5778 repositories scanned. (scheduler.py:96)
2025-01-07 20:26:34,483 - SCHEDULER - INFO - Starting worker for repo: https://github.com/FSystem88/spymer.git (scheduler.py:64)
2025-01-07 20:26:43,468 - SCHEDULER - INFO - Worker completed successfully for repo: https://github.com/FSystem88/spymer.git (scheduler.py:75)
2025-01-07 20:26:43,468 - SCHEDULER - INFO - Progress: 88/5778 repositories scanned. (scheduler.py:96)
2025-01-07 20:26:43,468 - SCHEDULER - INFO - Starting worker for repo: https://github.com/FTM-Labs/Aptos-NFT-Mint.git (scheduler.py:64)
2025-01-07 20:26:51,650 - SCHEDULER - INFO - Worker completed successfully for repo: https://github.com/FTM-Labs/Aptos-NFT-Mint.git (scheduler.py:75)
2025-01-07 20:26:51,650 - SCHEDULER - INFO - Progress: 89/5778 repositories scanned. (scheduler.py:96)
2025-01-07 20:26:51,650 - SCHEDULER - INFO - Starting worker for repo: https://github.com/FULLSHADE/OSCE.git (scheduler.py:64)
2025-01-07 20:26:59,580 - SCHEDULER - INFO - Worker completed successfully for repo: https://github.com/FULLSHADE/OSCE.git (scheduler.py:75)
2025-01-07 20:26:59,581 - SCHEDULER - INFO - Progress: 90/5778 repositories scanned. (scheduler.py:96)
2025-01-07 20:26:59,581 - SCHEDULER - INFO - Starting worker for repo: https://github.com/FVPLab/Argus-3D.git (scheduler.py:64)
2025-01-07 20:27:11,770 - SCHEDULER - INFO - Worker completed successfully for repo: https://github.com/FVPLab/Argus-3D.git (scheduler.py:75)
2025-01-07 20:27:11,770 - SCHEDULER - INFO - Progress: 91/5778 repositories scanned. (scheduler.py:96)
2025-01-07 20:27:11,770 - SCHEDULER - INFO - Starting worker for repo: https://github.com/FW27623/qqwry.git (scheduler.py:64)
2025-01-07 20:27:25,867 - SCHEDULER - INFO - Worker completed successfully for repo: https://github.com/FW27623/qqwry.git (scheduler.py:75)
2025-01-07 20:27:25,867 - SCHEDULER - INFO - Progress: 92/5778 repositories scanned. (scheduler.py:96)
2025-01-07 20:27:25,867 - SCHEDULER - INFO - Starting worker for repo: https://github.com/FXTD-ODYSSEY/renderdoc2fbx.git (scheduler.py:64)
2025-01-07 20:27:33,647 - SCHEDULER - INFO - Worker completed successfully for repo: https://github.com/FXTD-ODYSSEY/renderdoc2fbx.git (scheduler.py:75)
2025-01-07 20:27:33,647 - SCHEDULER - INFO - Progress: 93/5778 repositories scanned. (scheduler.py:96)
2025-01-07 20:27:33,647 - SCHEDULER - INFO - Starting worker for repo: https://github.com/FZGbzuw412/Python-RAT.git (scheduler.py:64)
2025-01-07 20:27:42,932 - SCHEDULER - INFO - Worker completed successfully for repo: https://github.com/FZGbzuw412/Python-RAT.git (scheduler.py:75)
2025-01-07 20:27:42,932 - SCHEDULER - INFO - Progress: 94/5778 repositories scanned. (scheduler.py:96)
2025-01-07 20:27:42,933 - SCHEDULER - INFO - Starting worker for repo: https://github.com/FZJ-IEK3-VSA/tsam.git (scheduler.py:64)
2025-01-07 20:27:52,768 - SCHEDULER - INFO - Worker completed successfully for repo: https://github.com/FZJ-IEK3-VSA/tsam.git (scheduler.py:75)
2025-01-07 20:27:52,768 - SCHEDULER - INFO - Progress: 95/5778 repositories scanned. (scheduler.py:96)
2025-01-07 20:27:52,768 - SCHEDULER - INFO - Starting worker for repo: https://github.com/FZJ-INM1-BDA/celldetection.git (scheduler.py:64)
2025-01-07 20:28:05,460 - SCHEDULER - INFO - Worker completed successfully for repo: https://github.com/FZJ-INM1-BDA/celldetection.git (scheduler.py:75)
2025-01-07 20:28:05,460 - SCHEDULER - INFO - Progress: 96/5778 repositories scanned. (scheduler.py:96)
2025-01-07 20:28:05,460 - SCHEDULER - INFO - Starting worker for repo: https://github.com/Fabian-Sc85/non-invasive-bp-estimation-using-deep-learning.git (scheduler.py:64)
2025-01-07 20:28:15,143 - SCHEDULER - INFO - Worker completed successfully for repo: https://github.com/Fabian-Sc85/non-invasive-bp-estimation-using-deep-learning.git (scheduler.py:75)
2025-01-07 20:28:15,143 - SCHEDULER - INFO - Progress: 97/5778 repositories scanned. (scheduler.py:96)
2025-01-07 20:28:15,143 - SCHEDULER - INFO - Starting worker for repo: https://github.com/FabianFuchsML/se3-transformer-public.git (scheduler.py:64)
2025-01-07 20:28:24,778 - SCHEDULER - INFO - Worker completed successfully for repo: https://github.com/FabianFuchsML/se3-transformer-public.git (scheduler.py:75)
2025-01-07 20:28:24,778 - SCHEDULER - INFO - Progress: 98/5778 repositories scanned. (scheduler.py:96)
2025-01-07 20:28:24,778 - SCHEDULER - INFO - Starting worker for repo: https://github.com/Fabric-Development/fabric.git (scheduler.py:64)
2025-01-07 20:28:35,114 - SCHEDULER - INFO - Worker completed successfully for repo: https://github.com/Fabric-Development/fabric.git (scheduler.py:75)
2025-01-07 20:28:35,114 - SCHEDULER - INFO - Progress: 99/5778 repositories scanned. (scheduler.py:96)
2025-01-07 20:28:35,114 - SCHEDULER - INFO - Starting worker for repo: https://github.com/FabriceCastel/gvcci.git (scheduler.py:64)
2025-01-07 20:28:44,098 - SCHEDULER - INFO - Worker completed successfully for repo: https://github.com/FabriceCastel/gvcci.git (scheduler.py:75)
2025-01-07 20:28:44,098 - SCHEDULER - INFO - Progress: 100/5778 repositories scanned. (scheduler.py:96)
2025-01-07 20:28:44,099 - SCHEDULER - INFO - Starting worker for repo: https://github.com/Fabulously-Optimized/fabulously-optimized.git (scheduler.py:64)
2025-01-07 20:28:52,432 - SCHEDULER - INFO - Worker completed successfully for repo: https://github.com/Fabulously-Optimized/fabulously-optimized.git (scheduler.py:75)
2025-01-07 20:28:52,432 - SCHEDULER - INFO - Progress: 101/5778 repositories scanned. (scheduler.py:96)
2025-01-07 20:28:52,432 - SCHEDULER - INFO - Starting worker for repo: https://github.com/FaceAdapter/Face-Adapter.git (scheduler.py:64)
2025-01-07 20:29:01,964 - SCHEDULER - INFO - Worker completed successfully for repo: https://github.com/FaceAdapter/Face-Adapter.git (scheduler.py:75)
2025-01-07 20:29:01,964 - SCHEDULER - INFO - Progress: 102/5778 repositories scanned. (scheduler.py:96)
2025-01-07 20:29:01,965 - SCHEDULER - INFO - Starting worker for repo: https://github.com/FaceDetect/jointCascade_py.git (scheduler.py:64)
2025-01-07 20:29:10,096 - SCHEDULER - INFO - Worker completed successfully for repo: https://github.com/FaceDetect/jointCascade_py.git (scheduler.py:75)
2025-01-07 20:29:10,096 - SCHEDULER - INFO - Progress: 103/5778 repositories scanned. (scheduler.py:96)
2025-01-07 20:29:10,096 - SCHEDULER - INFO - Starting worker for repo: https://github.com/FacePerceiver/FaRL.git (scheduler.py:64)
2025-01-07 20:29:19,078 - SCHEDULER - INFO - Worker completed successfully for repo: https://github.com/FacePerceiver/FaRL.git (scheduler.py:75)
2025-01-07 20:29:19,078 - SCHEDULER - INFO - Progress: 104/5778 repositories scanned. (scheduler.py:96)
2025-01-07 20:29:19,078 - SCHEDULER - INFO - Starting worker for repo: https://github.com/FacePerceiver/LAION-Face.git (scheduler.py:64)
2025-01-07 20:29:26,205 - SCHEDULER - INFO - Worker completed successfully for repo: https://github.com/FacePerceiver/LAION-Face.git (scheduler.py:75)
2025-01-07 20:29:26,205 - SCHEDULER - INFO - Progress: 105/5778 repositories scanned. (scheduler.py:96)
2025-01-07 20:29:26,205 - SCHEDULER - INFO - Starting worker for repo: https://github.com/FacePerceiver/facer.git (scheduler.py:64)
2025-01-07 20:29:35,088 - SCHEDULER - INFO - Worker completed successfully for repo: https://github.com/FacePerceiver/facer.git (scheduler.py:75)
2025-01-07 20:29:35,088 - SCHEDULER - INFO - Progress: 106/5778 repositories scanned. (scheduler.py:96)
2025-01-07 20:29:35,088 - SCHEDULER - INFO - Starting worker for repo: https://github.com/Fadi002/de4py.git (scheduler.py:64)
2025-01-07 20:29:53,243 - SCHEDULER - INFO - Worker completed successfully for repo: https://github.com/Fadi002/de4py.git (scheduler.py:75)
2025-01-07 20:29:53,243 - SCHEDULER - INFO - Progress: 107/5778 repositories scanned. (scheduler.py:96)
2025-01-07 20:29:53,243 - SCHEDULER - INFO - Starting worker for repo: https://github.com/Fafa-DL/Image-Augmentation.git (scheduler.py:64)
2025-01-07 20:30:11,346 - SCHEDULER - INFO - Worker completed successfully for repo: https://github.com/Fafa-DL/Image-Augmentation.git (scheduler.py:75)
2025-01-07 20:30:11,346 - SCHEDULER - INFO - Progress: 108/5778 repositories scanned. (scheduler.py:96)
2025-01-07 20:30:11,346 - SCHEDULER - INFO - Starting worker for repo: https://github.com/Fafa-DL/Opencv-project.git (scheduler.py:64)
2025-01-07 20:30:23,590 - SCHEDULER - INFO - Worker completed successfully for repo: https://github.com/Fafa-DL/Opencv-project.git (scheduler.py:75)
2025-01-07 20:30:23,590 - SCHEDULER - INFO - Progress: 109/5778 repositories scanned. (scheduler.py:96)
2025-01-07 20:30:23,590 - SCHEDULER - INFO - Starting worker for repo: https://github.com/FahimF/sd-gui.git (scheduler.py:64)
2025-01-07 20:30:32,921 - SCHEDULER - INFO - Worker completed successfully for repo: https://github.com/FahimF/sd-gui.git (scheduler.py:75)
2025-01-07 20:30:32,921 - SCHEDULER - INFO - Progress: 110/5778 repositories scanned. (scheduler.py:96)
2025-01-07 20:30:32,922 - SCHEDULER - INFO - Starting worker for repo: https://github.com/FailSpy/abliterator.git (scheduler.py:64)
2025-01-07 20:30:41,153 - SCHEDULER - INFO - Worker completed successfully for repo: https://github.com/FailSpy/abliterator.git (scheduler.py:75)
2025-01-07 20:30:41,153 - SCHEDULER - INFO - Progress: 111/5778 repositories scanned. (scheduler.py:96)
2025-01-07 20:30:41,153 - SCHEDULER - INFO - Starting worker for repo: https://github.com/FailSpy/humble-steam-key-redeemer.git (scheduler.py:64)
2025-01-07 20:30:50,040 - SCHEDULER - INFO - Worker completed successfully for repo: https://github.com/FailSpy/humble-steam-key-redeemer.git (scheduler.py:75)
2025-01-07 20:30:50,040 - SCHEDULER - INFO - Progress: 112/5778 repositories scanned. (scheduler.py:96)
2025-01-07 20:30:50,040 - SCHEDULER - INFO - Starting worker for repo: https://github.com/Failton/LayerZeroStats.git (scheduler.py:64)
2025-01-07 20:30:58,221 - SCHEDULER - INFO - Worker completed successfully for repo: https://github.com/Failton/LayerZeroStats.git (scheduler.py:75)
2025-01-07 20:30:58,221 - SCHEDULER - INFO - Progress: 113/5778 repositories scanned. (scheduler.py:96)
2025-01-07 20:30:58,221 - SCHEDULER - INFO - Starting worker for repo: https://github.com/FairwindsOps/pentagon.git (scheduler.py:64)
2025-01-07 20:31:09,212 - SCHEDULER - INFO - Worker completed successfully for repo: https://github.com/FairwindsOps/pentagon.git (scheduler.py:75)
2025-01-07 20:31:09,213 - SCHEDULER - INFO - Progress: 114/5778 repositories scanned. (scheduler.py:96)
2025-01-07 20:31:09,213 - SCHEDULER - INFO - Starting worker for repo: https://github.com/Fajar-RahmadJaya/KeyTik.git (scheduler.py:64)
2025-01-07 20:31:19,451 - SCHEDULER - INFO - Worker completed successfully for repo: https://github.com/Fajar-RahmadJaya/KeyTik.git (scheduler.py:75)
2025-01-07 20:31:19,451 - SCHEDULER - INFO - Progress: 115/5778 repositories scanned. (scheduler.py:96)
2025-01-07 20:31:19,451 - SCHEDULER - INFO - Starting worker for repo: https://github.com/FakeNewsChallenge/fnc-1-baseline.git (scheduler.py:64)
2025-01-07 20:31:27,633 - SCHEDULER - INFO - Worker completed successfully for repo: https://github.com/FakeNewsChallenge/fnc-1-baseline.git (scheduler.py:75)
2025-01-07 20:31:27,633 - SCHEDULER - INFO - Progress: 116/5778 repositories scanned. (scheduler.py:96)
2025-01-07 20:31:27,633 - SCHEDULER - INFO - Starting worker for repo: https://github.com/FakeNewsChallenge/fnc-1.git (scheduler.py:64)
2025-01-07 20:31:35,366 - SCHEDULER - INFO - Worker completed successfully for repo: https://github.com/FakeNewsChallenge/fnc-1.git (scheduler.py:75)
2025-01-07 20:31:35,367 - SCHEDULER - INFO - Progress: 117/5778 repositories scanned. (scheduler.py:96)
2025-01-07 20:31:35,367 - SCHEDULER - INFO - Starting worker for repo: https://github.com/FakeNewsDetection/FakeBuster.git (scheduler.py:64)
2025-01-07 20:31:44,602 - SCHEDULER - INFO - Worker completed successfully for repo: https://github.com/FakeNewsDetection/FakeBuster.git (scheduler.py:75)
2025-01-07 20:31:44,602 - SCHEDULER - INFO - Progress: 118/5778 repositories scanned. (scheduler.py:96)
2025-01-07 20:31:44,602 - SCHEDULER - INFO - Starting worker for repo: https://github.com/FakeOAI/core.git (scheduler.py:64)
2025-01-07 20:31:46,068 - SCHEDULER - INFO - Worker completed successfully for repo: https://github.com/FakeOAI/core.git (scheduler.py:75)
2025-01-07 20:31:46,068 - SCHEDULER - INFO - Progress: 119/5778 repositories scanned. (scheduler.py:96)
2025-01-07 20:31:46,068 - SCHEDULER - INFO - Starting worker for repo: https://github.com/Faker-lz/Topic_and_user_profile_analysis_system.git (scheduler.py:64)
2025-01-07 20:32:01,930 - SCHEDULER - INFO - Worker completed successfully for repo: https://github.com/Faker-lz/Topic_and_user_profile_analysis_system.git (scheduler.py:75)
2025-01-07 20:32:01,930 - SCHEDULER - INFO - Progress: 120/5778 repositories scanned. (scheduler.py:96)
2025-01-07 20:32:01,930 - SCHEDULER - INFO - Starting worker for repo: https://github.com/FakerYFX/Bert-Pytorch-Chinese-TextClassification.git (scheduler.py:64)
2025-01-07 20:32:10,763 - SCHEDULER - INFO - Worker completed successfully for repo: https://github.com/FakerYFX/Bert-Pytorch-Chinese-TextClassification.git (scheduler.py:75)
2025-01-07 20:32:10,763 - SCHEDULER - INFO - Progress: 121/5778 repositories scanned. (scheduler.py:96)
2025-01-07 20:32:10,763 - SCHEDULER - INFO - Starting worker for repo: https://github.com/FakerYFX/InceptText-Tensorflow.git (scheduler.py:64)
2025-01-07 20:32:23,063 - SCHEDULER - INFO - Worker completed successfully for repo: https://github.com/FakerYFX/InceptText-Tensorflow.git (scheduler.py:75)
2025-01-07 20:32:23,063 - SCHEDULER - INFO - Progress: 122/5778 repositories scanned. (scheduler.py:96)
2025-01-07 20:32:23,063 - SCHEDULER - INFO - Starting worker for repo: https://github.com/Falano/kritaSpritesheetManager.git (scheduler.py:64)
2025-01-07 20:32:31,399 - SCHEDULER - INFO - Worker completed successfully for repo: https://github.com/Falano/kritaSpritesheetManager.git (scheduler.py:75)
2025-01-07 20:32:31,399 - SCHEDULER - INFO - Progress: 123/5778 repositories scanned. (scheduler.py:96)
2025-01-07 20:32:31,399 - SCHEDULER - INFO - Starting worker for repo: https://github.com/FalconForceTeam/SysWhispers2BOF.git (scheduler.py:64)
2025-01-07 20:32:38,883 - SCHEDULER - INFO - Worker completed successfully for repo: https://github.com/FalconForceTeam/SysWhispers2BOF.git (scheduler.py:75)
2025-01-07 20:32:38,883 - SCHEDULER - INFO - Progress: 124/5778 repositories scanned. (scheduler.py:96)
2025-01-07 20:32:38,883 - SCHEDULER - INFO - Starting worker for repo: https://github.com/FalkonML/falkon.git (scheduler.py:64)
2025-01-07 20:32:52,732 - SCHEDULER - INFO - Worker completed successfully for repo: https://github.com/FalkonML/falkon.git (scheduler.py:75)
2025-01-07 20:32:52,732 - SCHEDULER - INFO - Progress: 125/5778 repositories scanned. (scheduler.py:96)
2025-01-07 20:32:52,732 - SCHEDULER - INFO - Starting worker for repo: https://github.com/FalkorDB/GraphRAG-SDK.git (scheduler.py:64)
2025-01-07 20:33:02,820 - SCHEDULER - INFO - Worker completed successfully for repo: https://github.com/FalkorDB/GraphRAG-SDK.git (scheduler.py:75)
2025-01-07 20:33:02,820 - SCHEDULER - INFO - Progress: 126/5778 repositories scanned. (scheduler.py:96)
2025-01-07 20:33:02,820 - SCHEDULER - INFO - Starting worker for repo: https://github.com/Fallen-Breath/PCRC.git (scheduler.py:64)
2025-01-07 20:33:12,053 - SCHEDULER - INFO - Worker completed successfully for repo: https://github.com/Fallen-Breath/PCRC.git (scheduler.py:75)
2025-01-07 20:33:12,053 - SCHEDULER - INFO - Progress: 127/5778 repositories scanned. (scheduler.py:96)
2025-01-07 20:33:12,053 - SCHEDULER - INFO - Starting worker for repo: https://github.com/FallenAstaroth/stink.git (scheduler.py:64)
2025-01-07 20:33:21,237 - SCHEDULER - INFO - Worker completed successfully for repo: https://github.com/FallenAstaroth/stink.git (scheduler.py:75)
2025-01-07 20:33:21,237 - SCHEDULER - INFO - Progress: 128/5778 repositories scanned. (scheduler.py:96)
2025-01-07 20:33:21,237 - SCHEDULER - INFO - Starting worker for repo: https://github.com/FallingLights/Teachable-dl.git (scheduler.py:64)
2025-01-07 20:33:29,820 - SCHEDULER - INFO - Worker completed successfully for repo: https://github.com/FallingLights/Teachable-dl.git (scheduler.py:75)
2025-01-07 20:33:29,820 - SCHEDULER - INFO - Progress: 129/5778 repositories scanned. (scheduler.py:96)
2025-01-07 20:33:29,820 - SCHEDULER - INFO - Starting worker for repo: https://github.com/FamilySearch/GEDCOM.git (scheduler.py:64)
2025-01-07 20:33:38,706 - SCHEDULER - INFO - Worker completed successfully for repo: https://github.com/FamilySearch/GEDCOM.git (scheduler.py:75)
2025-01-07 20:33:38,707 - SCHEDULER - INFO - Progress: 130/5778 repositories scanned. (scheduler.py:96)
2025-01-07 20:33:38,707 - SCHEDULER - INFO - Starting worker for repo: https://github.com/FanChiMao/SUNet.git (scheduler.py:64)
2025-01-07 20:33:47,238 - SCHEDULER - INFO - Worker completed successfully for repo: https://github.com/FanChiMao/SUNet.git (scheduler.py:75)
2025-01-07 20:33:47,238 - SCHEDULER - INFO - Progress: 131/5778 repositories scanned. (scheduler.py:96)
2025-01-07 20:33:47,238 - SCHEDULER - INFO - Starting worker for repo: https://github.com/FanaHOVA/smol-podcaster.git (scheduler.py:64)
2025-01-07 20:33:50,139 - SCHEDULER - INFO - Worker completed successfully for repo: https://github.com/FMInference/H2O.git (scheduler.py:75)
2025-01-07 20:33:50,139 - SCHEDULER - INFO - Progress: 132/5778 repositories scanned. (scheduler.py:96)
2025-01-07 20:33:50,139 - SCHEDULER - INFO - Starting worker for repo: https://github.com/FangjinhuaWang/IterMVS.git (scheduler.py:64)
2025-01-07 20:33:55,521 - SCHEDULER - INFO - Worker completed successfully for repo: https://github.com/FanaHOVA/smol-podcaster.git (scheduler.py:75)
2025-01-07 20:33:55,521 - SCHEDULER - INFO - Progress: 133/5778 repositories scanned. (scheduler.py:96)
2025-01-07 20:33:55,522 - SCHEDULER - INFO - Starting worker for repo: https://github.com/FangjinhuaWang/PatchmatchNet.git (scheduler.py:64)
2025-01-07 20:34:00,522 - SCHEDULER - INFO - Worker completed successfully for repo: https://github.com/FangjinhuaWang/IterMVS.git (scheduler.py:75)
2025-01-07 20:34:00,522 - SCHEDULER - INFO - Progress: 134/5778 repositories scanned. (scheduler.py:96)
2025-01-07 20:34:00,522 - SCHEDULER - INFO - Starting worker for repo: https://github.com/Fangkang515/CE3D.git (scheduler.py:64)
2025-01-07 20:34:10,324 - SCHEDULER - INFO - Worker completed successfully for repo: https://github.com/FangjinhuaWang/PatchmatchNet.git (scheduler.py:75)
2025-01-07 20:34:10,324 - SCHEDULER - INFO - Progress: 135/5778 repositories scanned. (scheduler.py:96)
2025-01-07 20:34:10,324 - SCHEDULER - INFO - Starting worker for repo: https://github.com/FanglinBao/HADAR.git (scheduler.py:64)
2025-01-07 20:34:17,080 - SCHEDULER - INFO - Worker completed successfully for repo: https://github.com/Fangkang515/CE3D.git (scheduler.py:75)
2025-01-07 20:34:17,080 - SCHEDULER - INFO - Progress: 136/5778 repositories scanned. (scheduler.py:96)
2025-01-07 20:34:17,080 - SCHEDULER - INFO - Starting worker for repo: https://github.com/Fangyh09/pytorch-receptive-field.git (scheduler.py:64)
2025-01-07 20:34:19,510 - SCHEDULER - INFO - Worker completed successfully for repo: https://github.com/FanglinBao/HADAR.git (scheduler.py:75)
2025-01-07 20:34:19,510 - SCHEDULER - INFO - Progress: 137/5778 repositories scanned. (scheduler.py:96)
2025-01-07 20:34:19,510 - SCHEDULER - INFO - Starting worker for repo: https://github.com/FangyunWei/SLRT.git (scheduler.py:64)
2025-01-07 20:34:26,966 - SCHEDULER - INFO - Worker completed successfully for repo: https://github.com/Fangyh09/pytorch-receptive-field.git (scheduler.py:75)
2025-01-07 20:34:26,966 - SCHEDULER - INFO - Progress: 138/5778 repositories scanned. (scheduler.py:96)
2025-01-07 20:34:26,966 - SCHEDULER - INFO - Starting worker for repo: https://github.com/FanhuaandLuomu/BiLstm_CNN_CRF_CWS.git (scheduler.py:64)
2025-01-07 20:34:36,352 - SCHEDULER - INFO - Worker completed successfully for repo: https://github.com/FanhuaandLuomu/BiLstm_CNN_CRF_CWS.git (scheduler.py:75)
2025-01-07 20:34:36,352 - SCHEDULER - INFO - Progress: 139/5778 repositories scanned. (scheduler.py:96)
2025-01-07 20:34:36,352 - SCHEDULER - INFO - Starting worker for repo: https://github.com/FanhuaandLuomu/ParseLawDocuments.git (scheduler.py:64)
2025-01-07 20:34:46,336 - SCHEDULER - INFO - Worker completed successfully for repo: https://github.com/FanhuaandLuomu/ParseLawDocuments.git (scheduler.py:75)
2025-01-07 20:34:46,336 - SCHEDULER - INFO - Progress: 140/5778 repositories scanned. (scheduler.py:96)
2025-01-07 20:34:46,336 - SCHEDULER - INFO - Starting worker for repo: https://github.com/FanhuaandLuomu/geetest_break.git (scheduler.py:64)
2025-01-07 20:34:54,316 - SCHEDULER - INFO - Worker completed successfully for repo: https://github.com/FanhuaandLuomu/geetest_break.git (scheduler.py:75)
2025-01-07 20:34:54,316 - SCHEDULER - INFO - Progress: 141/5778 repositories scanned. (scheduler.py:96)
2025-01-07 20:34:54,316 - SCHEDULER - INFO - Starting worker for repo: https://github.com/FanhuaandLuomu/pkulaw_spider.git (scheduler.py:64)
2025-01-07 20:35:01,949 - SCHEDULER - INFO - Worker completed successfully for repo: https://github.com/FanhuaandLuomu/pkulaw_spider.git (scheduler.py:75)
2025-01-07 20:35:01,949 - SCHEDULER - INFO - Progress: 142/5778 repositories scanned. (scheduler.py:96)
2025-01-07 20:35:01,949 - SCHEDULER - INFO - Starting worker for repo: https://github.com/Fannovel16/ComfyUI-Frame-Interpolation.git (scheduler.py:64)
2025-01-07 20:35:17,457 - SCHEDULER - INFO - Worker completed successfully for repo: https://github.com/Fannovel16/ComfyUI-Frame-Interpolation.git (scheduler.py:75)
2025-01-07 20:35:17,457 - SCHEDULER - INFO - Progress: 143/5778 repositories scanned. (scheduler.py:96)
2025-01-07 20:35:17,457 - SCHEDULER - INFO - Starting worker for repo: https://github.com/Fannovel16/ComfyUI-MotionDiff.git (scheduler.py:64)
2025-01-07 20:35:29,686 - SCHEDULER - INFO - Worker completed successfully for repo: https://github.com/FangyunWei/SLRT.git (scheduler.py:75)
2025-01-07 20:35:29,686 - SCHEDULER - INFO - Progress: 144/5778 repositories scanned. (scheduler.py:96)
2025-01-07 20:35:29,686 - SCHEDULER - INFO - Starting worker for repo: https://github.com/Fannovel16/ComfyUI-Video-Matting.git (scheduler.py:64)
2025-01-07 20:35:38,266 - SCHEDULER - INFO - Worker completed successfully for repo: https://github.com/Fannovel16/ComfyUI-Video-Matting.git (scheduler.py:75)
2025-01-07 20:35:38,266 - SCHEDULER - INFO - Progress: 145/5778 repositories scanned. (scheduler.py:96)
2025-01-07 20:35:38,266 - SCHEDULER - INFO - Starting worker for repo: https://github.com/Fanziapril/mvfnet.git (scheduler.py:64)
2025-01-07 20:35:43,726 - SCHEDULER - INFO - Worker completed successfully for repo: https://github.com/Fannovel16/ComfyUI-MotionDiff.git (scheduler.py:75)
2025-01-07 20:35:43,726 - SCHEDULER - INFO - Progress: 146/5778 repositories scanned. (scheduler.py:96)
2025-01-07 20:35:43,726 - SCHEDULER - INFO - Starting worker for repo: https://github.com/Far0n/kaggletils.git (scheduler.py:64)
2025-01-07 20:35:46,244 - SCHEDULER - INFO - Worker completed successfully for repo: https://github.com/Fanziapril/mvfnet.git (scheduler.py:75)
2025-01-07 20:35:46,244 - SCHEDULER - INFO - Progress: 147/5778 repositories scanned. (scheduler.py:96)
2025-01-07 20:35:46,244 - SCHEDULER - INFO - Starting worker for repo: https://github.com/Farama-Foundation/D4RL-Evaluations.git (scheduler.py:64)
2025-01-07 20:35:53,160 - SCHEDULER - INFO - Worker completed successfully for repo: https://github.com/Far0n/kaggletils.git (scheduler.py:75)
2025-01-07 20:35:53,160 - SCHEDULER - INFO - Progress: 148/5778 repositories scanned. (scheduler.py:96)
2025-01-07 20:35:53,160 - SCHEDULER - INFO - Starting worker for repo: https://github.com/Farama-Foundation/Gymnasium-Robotics.git (scheduler.py:64)
2025-01-07 20:36:00,589 - SCHEDULER - INFO - Worker completed successfully for repo: https://github.com/Farama-Foundation/D4RL-Evaluations.git (scheduler.py:75)
2025-01-07 20:36:00,589 - SCHEDULER - INFO - Progress: 149/5778 repositories scanned. (scheduler.py:96)
2025-01-07 20:36:00,589 - SCHEDULER - INFO - Starting worker for repo: https://github.com/Farama-Foundation/MO-Gymnasium.git (scheduler.py:64)
2025-01-07 20:36:10,158 - SCHEDULER - INFO - Worker completed successfully for repo: https://github.com/Farama-Foundation/Gymnasium-Robotics.git (scheduler.py:75)
2025-01-07 20:36:10,158 - SCHEDULER - INFO - Progress: 150/5778 repositories scanned. (scheduler.py:96)
2025-01-07 20:36:10,158 - SCHEDULER - INFO - Starting worker for repo: https://github.com/Farama-Foundation/MicroRTS-Py.git (scheduler.py:64)
2025-01-07 20:36:13,630 - SCHEDULER - INFO - Worker completed successfully for repo: https://github.com/Farama-Foundation/MO-Gymnasium.git (scheduler.py:75)
2025-01-07 20:36:13,630 - SCHEDULER - INFO - Progress: 151/5778 repositories scanned. (scheduler.py:96)
2025-01-07 20:36:13,630 - SCHEDULER - INFO - Starting worker for repo: https://github.com/Farama-Foundation/Minari.git (scheduler.py:64)
2025-01-07 20:36:20,192 - SCHEDULER - INFO - Worker completed successfully for repo: https://github.com/Farama-Foundation/MicroRTS-Py.git (scheduler.py:75)
2025-01-07 20:36:20,192 - SCHEDULER - INFO - Progress: 152/5778 repositories scanned. (scheduler.py:96)
2025-01-07 20:36:20,192 - SCHEDULER - INFO - Starting worker for repo: https://github.com/Farama-Foundation/Miniworld.git (scheduler.py:64)
2025-01-07 20:36:42,503 - SCHEDULER - INFO - Worker completed successfully for repo: https://github.com/Farama-Foundation/Miniworld.git (scheduler.py:75)
2025-01-07 20:36:42,503 - SCHEDULER - INFO - Progress: 153/5778 repositories scanned. (scheduler.py:96)
2025-01-07 20:36:42,503 - SCHEDULER - INFO - Starting worker for repo: https://github.com/Farama-Foundation/Shimmy.git (scheduler.py:64)
2025-01-07 20:36:46,010 - SCHEDULER - INFO - Worker completed successfully for repo: https://github.com/Farama-Foundation/Minari.git (scheduler.py:75)
2025-01-07 20:36:46,010 - SCHEDULER - INFO - Progress: 154/5778 repositories scanned. (scheduler.py:96)
2025-01-07 20:36:46,011 - SCHEDULER - INFO - Starting worker for repo: https://github.com/Farama-Foundation/SuperSuit.git (scheduler.py:64)
2025-01-07 20:36:54,342 - SCHEDULER - INFO - Worker completed successfully for repo: https://github.com/Farama-Foundation/Shimmy.git (scheduler.py:75)
2025-01-07 20:36:54,342 - SCHEDULER - INFO - Progress: 155/5778 repositories scanned. (scheduler.py:96)
2025-01-07 20:36:54,342 - SCHEDULER - INFO - Starting worker for repo: https://github.com/FarisHijazi/localCopilot.git (scheduler.py:64)
2025-01-07 20:36:58,598 - SCHEDULER - INFO - Worker completed successfully for repo: https://github.com/Farama-Foundation/SuperSuit.git (scheduler.py:75)
2025-01-07 20:36:58,598 - SCHEDULER - INFO - Progress: 156/5778 repositories scanned. (scheduler.py:96)
2025-01-07 20:36:58,598 - SCHEDULER - INFO - Starting worker for repo: https://github.com/FarjaalAhmad/django_bgRemoverML.git (scheduler.py:64)
2025-01-07 20:37:03,024 - SCHEDULER - INFO - Worker completed successfully for repo: https://github.com/FarisHijazi/localCopilot.git (scheduler.py:75)
2025-01-07 20:37:03,024 - SCHEDULER - INFO - Progress: 157/5778 repositories scanned. (scheduler.py:96)
2025-01-07 20:37:03,024 - SCHEDULER - INFO - Starting worker for repo: https://github.com/FartyPants/Playground.git (scheduler.py:64)
2025-01-07 20:37:08,631 - SCHEDULER - INFO - Worker completed successfully for repo: https://github.com/FarjaalAhmad/django_bgRemoverML.git (scheduler.py:75)
2025-01-07 20:37:08,631 - SCHEDULER - INFO - Progress: 158/5778 repositories scanned. (scheduler.py:96)
2025-01-07 20:37:08,631 - SCHEDULER - INFO - Starting worker for repo: https://github.com/Fast-64/fast64.git (scheduler.py:64)
2025-01-07 20:37:13,511 - SCHEDULER - INFO - Worker completed successfully for repo: https://github.com/FartyPants/Playground.git (scheduler.py:75)
2025-01-07 20:37:13,511 - SCHEDULER - INFO - Progress: 159/5778 repositories scanned. (scheduler.py:96)
2025-01-07 20:37:13,511 - SCHEDULER - INFO - Starting worker for repo: https://github.com/FastEval/FastEval.git (scheduler.py:64)
2025-01-07 20:37:29,317 - SCHEDULER - INFO - Worker completed successfully for repo: https://github.com/FastEval/FastEval.git (scheduler.py:75)
2025-01-07 20:37:29,317 - SCHEDULER - INFO - Progress: 160/5778 repositories scanned. (scheduler.py:96)
2025-01-07 20:37:29,317 - SCHEDULER - INFO - Starting worker for repo: https://github.com/FasterDecoding/SnapKV.git (scheduler.py:64)
2025-01-07 20:37:37,799 - SCHEDULER - INFO - Worker completed successfully for repo: https://github.com/FasterDecoding/SnapKV.git (scheduler.py:75)
2025-01-07 20:37:37,799 - SCHEDULER - INFO - Progress: 161/5778 repositories scanned. (scheduler.py:96)
2025-01-07 20:37:37,799 - SCHEDULER - INFO - Starting worker for repo: https://github.com/FasterDecoding/TEAL.git (scheduler.py:64)
2025-01-07 20:37:47,488 - SCHEDULER - INFO - Worker completed successfully for repo: https://github.com/Fast-64/fast64.git (scheduler.py:75)
2025-01-07 20:37:47,489 - SCHEDULER - INFO - Progress: 162/5778 repositories scanned. (scheduler.py:96)
2025-01-07 20:37:47,489 - SCHEDULER - INFO - Starting worker for repo: https://github.com/Fatal1ty/aioapns.git (scheduler.py:64)
2025-01-07 20:37:48,741 - SCHEDULER - INFO - Worker completed successfully for repo: https://github.com/FasterDecoding/TEAL.git (scheduler.py:75)
2025-01-07 20:37:48,741 - SCHEDULER - INFO - Progress: 163/5778 repositories scanned. (scheduler.py:96)
2025-01-07 20:37:48,741 - SCHEDULER - INFO - Starting worker for repo: https://github.com/Fatal1ty/mashumaro.git (scheduler.py:64)
2025-01-07 20:37:56,221 - SCHEDULER - INFO - Worker completed successfully for repo: https://github.com/Fatal1ty/aioapns.git (scheduler.py:75)
2025-01-07 20:37:56,221 - SCHEDULER - INFO - Progress: 164/5778 repositories scanned. (scheduler.py:96)
2025-01-07 20:37:56,221 - SCHEDULER - INFO - Starting worker for repo: https://github.com/FateScript/CenterNet-better.git (scheduler.py:64)
2025-01-07 20:38:03,990 - SCHEDULER - INFO - Worker completed successfully for repo: https://github.com/Fatal1ty/mashumaro.git (scheduler.py:75)
2025-01-07 20:38:03,990 - SCHEDULER - INFO - Progress: 165/5778 repositories scanned. (scheduler.py:96)
2025-01-07 20:38:03,990 - SCHEDULER - INFO - Starting worker for repo: https://github.com/Faugus/faugus-launcher.git (scheduler.py:64)
2025-01-07 20:38:07,858 - SCHEDULER - INFO - Worker completed successfully for repo: https://github.com/FateScript/CenterNet-better.git (scheduler.py:75)
2025-01-07 20:38:07,858 - SCHEDULER - INFO - Progress: 166/5778 repositories scanned. (scheduler.py:96)
2025-01-07 20:38:07,858 - SCHEDULER - INFO - Starting worker for repo: https://github.com/FaxWeb7/main-telegram-autoclickers.git (scheduler.py:64)
2025-01-07 20:38:16,026 - SCHEDULER - INFO - Worker completed successfully for repo: https://github.com/Faugus/faugus-launcher.git (scheduler.py:75)
2025-01-07 20:38:16,027 - SCHEDULER - INFO - Progress: 167/5778 repositories scanned. (scheduler.py:96)
2025-01-07 20:38:16,027 - SCHEDULER - INFO - Starting worker for repo: https://github.com/FazalMahmood/ghost.git (scheduler.py:64)
2025-01-07 20:38:17,744 - SCHEDULER - INFO - Worker completed successfully for repo: https://github.com/FaxWeb7/main-telegram-autoclickers.git (scheduler.py:75)
2025-01-07 20:38:17,744 - SCHEDULER - INFO - Progress: 168/5778 repositories scanned. (scheduler.py:96)
2025-01-07 20:38:17,744 - SCHEDULER - INFO - Starting worker for repo: https://github.com/FearlessPeople/xianyu_spider.git (scheduler.py:64)
2025-01-07 20:38:25,610 - SCHEDULER - INFO - Worker completed successfully for repo: https://github.com/FazalMahmood/ghost.git (scheduler.py:75)
2025-01-07 20:38:25,610 - SCHEDULER - INFO - Progress: 169/5778 repositories scanned. (scheduler.py:96)
2025-01-07 20:38:25,611 - SCHEDULER - INFO - Starting worker for repo: https://github.com/FeatureBaseDB/DoctorGPT.git (scheduler.py:64)
2025-01-07 20:38:26,526 - SCHEDULER - INFO - Worker completed successfully for repo: https://github.com/FearlessPeople/xianyu_spider.git (scheduler.py:75)
2025-01-07 20:38:26,526 - SCHEDULER - INFO - Progress: 170/5778 repositories scanned. (scheduler.py:96)
2025-01-07 20:38:26,526 - SCHEDULER - INFO - Starting worker for repo: https://github.com/Feaxure-fresh/TL-Fault-Diagnosis-Library.git (scheduler.py:64)
2025-01-07 20:38:34,893 - SCHEDULER - INFO - Worker completed successfully for repo: https://github.com/FeatureBaseDB/DoctorGPT.git (scheduler.py:75)
2025-01-07 20:38:34,893 - SCHEDULER - INFO - Progress: 171/5778 repositories scanned. (scheduler.py:96)
2025-01-07 20:38:34,893 - SCHEDULER - INFO - Starting worker for repo: https://github.com/Febase/FeBase.git (scheduler.py:64)
2025-01-07 20:38:36,311 - SCHEDULER - INFO - Worker completed successfully for repo: https://github.com/Feaxure-fresh/TL-Fault-Diagnosis-Library.git (scheduler.py:75)
2025-01-07 20:38:36,312 - SCHEDULER - INFO - Progress: 172/5778 repositories scanned. (scheduler.py:96)
2025-01-07 20:38:36,312 - SCHEDULER - INFO - Starting worker for repo: https://github.com/FedStoa/moa.git (scheduler.py:64)
2025-01-07 20:38:44,276 - SCHEDULER - INFO - Worker completed successfully for repo: https://github.com/Febase/FeBase.git (scheduler.py:75)
2025-01-07 20:38:44,276 - SCHEDULER - INFO - Progress: 173/5778 repositories scanned. (scheduler.py:96)
2025-01-07 20:38:44,276 - SCHEDULER - INFO - Starting worker for repo: https://github.com/FedeClaudi/pyinspect.git (scheduler.py:64)
2025-01-07 20:38:46,748 - SCHEDULER - INFO - Worker completed successfully for repo: https://github.com/FedStoa/moa.git (scheduler.py:75)
2025-01-07 20:38:46,748 - SCHEDULER - INFO - Progress: 174/5778 repositories scanned. (scheduler.py:96)
2025-01-07 20:38:46,748 - SCHEDULER - INFO - Starting worker for repo: https://github.com/FederatedAI/DOC-CHN.git (scheduler.py:64)
2025-01-07 20:38:55,129 - SCHEDULER - INFO - Worker completed successfully for repo: https://github.com/FederatedAI/DOC-CHN.git (scheduler.py:75)
2025-01-07 20:38:55,129 - SCHEDULER - INFO - Progress: 175/5778 repositories scanned. (scheduler.py:96)
2025-01-07 20:38:55,130 - SCHEDULER - INFO - Starting worker for repo: https://github.com/FederatedAI/FATE-LLM.git (scheduler.py:64)
2025-01-07 20:38:55,762 - SCHEDULER - INFO - Worker completed successfully for repo: https://github.com/FedeClaudi/pyinspect.git (scheduler.py:75)
2025-01-07 20:38:55,762 - SCHEDULER - INFO - Progress: 176/5778 repositories scanned. (scheduler.py:96)
2025-01-07 20:38:55,762 - SCHEDULER - INFO - Starting worker for repo: https://github.com/FederatedAI/FedVision.git (scheduler.py:64)
2025-01-07 20:39:07,002 - SCHEDULER - INFO - Worker completed successfully for repo: https://github.com/FederatedAI/FedVision.git (scheduler.py:75)
2025-01-07 20:39:07,002 - SCHEDULER - INFO - Progress: 177/5778 repositories scanned. (scheduler.py:96)
2025-01-07 20:39:07,002 - SCHEDULER - INFO - Starting worker for repo: https://github.com/FederatedAI/Practicing-Federated-Learning.git (scheduler.py:64)
2025-01-07 20:39:07,622 - SCHEDULER - INFO - Worker completed successfully for repo: https://github.com/FederatedAI/FATE-LLM.git (scheduler.py:75)
2025-01-07 20:39:07,622 - SCHEDULER - INFO - Progress: 178/5778 repositories scanned. (scheduler.py:96)
2025-01-07 20:39:07,622 - SCHEDULER - INFO - Starting worker for repo: https://github.com/FederatedAI/research.git (scheduler.py:64)
2025-01-07 20:39:18,300 - SCHEDULER - INFO - Worker completed successfully for repo: https://github.com/FederatedAI/Practicing-Federated-Learning.git (scheduler.py:75)
2025-01-07 20:39:18,300 - SCHEDULER - INFO - Progress: 179/5778 repositories scanned. (scheduler.py:96)
2025-01-07 20:39:18,300 - SCHEDULER - INFO - Starting worker for repo: https://github.com/FedericoCeratto/dashing.git (scheduler.py:64)
2025-01-07 20:39:21,765 - SCHEDULER - INFO - Worker completed successfully for repo: https://github.com/FederatedAI/research.git (scheduler.py:75)
2025-01-07 20:39:21,765 - SCHEDULER - INFO - Progress: 180/5778 repositories scanned. (scheduler.py:96)
2025-01-07 20:39:21,766 - SCHEDULER - INFO - Starting worker for repo: https://github.com/Fediory/HVI-CIDNet.git (scheduler.py:64)
2025-01-07 20:39:26,831 - SCHEDULER - INFO - Worker completed successfully for repo: https://github.com/FedericoCeratto/dashing.git (scheduler.py:75)
2025-01-07 20:39:26,831 - SCHEDULER - INFO - Progress: 181/5778 repositories scanned. (scheduler.py:96)
2025-01-07 20:39:26,831 - SCHEDULER - INFO - Starting worker for repo: https://github.com/FeeiCN/EXIF.git (scheduler.py:64)
2025-01-07 20:39:31,749 - SCHEDULER - INFO - Worker completed successfully for repo: https://github.com/Fediory/HVI-CIDNet.git (scheduler.py:75)
2025-01-07 20:39:31,749 - SCHEDULER - INFO - Progress: 182/5778 repositories scanned. (scheduler.py:96)
2025-01-07 20:39:31,749 - SCHEDULER - INFO - Starting worker for repo: https://github.com/FeeiCN/dict.git (scheduler.py:64)
2025-01-07 20:39:35,412 - SCHEDULER - INFO - Worker completed successfully for repo: https://github.com/FeeiCN/EXIF.git (scheduler.py:75)
2025-01-07 20:39:35,412 - SCHEDULER - INFO - Progress: 183/5778 repositories scanned. (scheduler.py:96)
2025-01-07 20:39:35,412 - SCHEDULER - INFO - Starting worker for repo: https://github.com/Fei-Long121/DeepBDC.git (scheduler.py:64)
2025-01-07 20:39:40,483 - SCHEDULER - INFO - Worker completed successfully for repo: https://github.com/FeeiCN/dict.git (scheduler.py:75)
2025-01-07 20:39:40,484 - SCHEDULER - INFO - Progress: 184/5778 repositories scanned. (scheduler.py:96)
2025-01-07 20:39:40,484 - SCHEDULER - INFO - Starting worker for repo: https://github.com/Fei-Wang/insightface.git (scheduler.py:64)
2025-01-07 20:39:44,842 - SCHEDULER - INFO - Worker completed successfully for repo: https://github.com/Fei-Long121/DeepBDC.git (scheduler.py:75)
2025-01-07 20:39:44,842 - SCHEDULER - INFO - Progress: 185/5778 repositories scanned. (scheduler.py:96)
2025-01-07 20:39:44,842 - SCHEDULER - INFO - Starting worker for repo: https://github.com/FeiElysia/ViECap.git (scheduler.py:64)
2025-01-07 20:39:50,165 - SCHEDULER - INFO - Worker completed successfully for repo: https://github.com/Fei-Wang/insightface.git (scheduler.py:75)
2025-01-07 20:39:50,166 - SCHEDULER - INFO - Progress: 186/5778 repositories scanned. (scheduler.py:96)
2025-01-07 20:39:50,166 - SCHEDULER - INFO - Starting worker for repo: https://github.com/FeiLiu36/EoH.git (scheduler.py:64)
2025-01-07 20:39:55,730 - SCHEDULER - INFO - Worker completed successfully for repo: https://github.com/FeiElysia/ViECap.git (scheduler.py:75)
2025-01-07 20:39:55,730 - SCHEDULER - INFO - Progress: 187/5778 repositories scanned. (scheduler.py:96)
2025-01-07 20:39:55,730 - SCHEDULER - INFO - Starting worker for repo: https://github.com/FeiSun/BERT4Rec.git (scheduler.py:64)
2025-01-07 20:40:06,566 - SCHEDULER - INFO - Worker completed successfully for repo: https://github.com/FeiSun/BERT4Rec.git (scheduler.py:75)
2025-01-07 20:40:06,566 - SCHEDULER - INFO - Progress: 188/5778 repositories scanned. (scheduler.py:96)
2025-01-07 20:40:06,566 - SCHEDULER - INFO - Starting worker for repo: https://github.com/FeiiYin/SPI.git (scheduler.py:64)
2025-01-07 20:40:07,267 - SCHEDULER - INFO - Worker completed successfully for repo: https://github.com/FeiLiu36/EoH.git (scheduler.py:75)
2025-01-07 20:40:07,267 - SCHEDULER - INFO - Progress: 189/5778 repositories scanned. (scheduler.py:96)
2025-01-07 20:40:07,267 - SCHEDULER - INFO - Starting worker for repo: https://github.com/Feiox/useless-websites.git (scheduler.py:64)
2025-01-07 20:40:15,898 - SCHEDULER - INFO - Worker completed successfully for repo: https://github.com/Feiox/useless-websites.git (scheduler.py:75)
2025-01-07 20:40:15,898 - SCHEDULER - INFO - Progress: 190/5778 repositories scanned. (scheduler.py:96)
2025-01-07 20:40:15,898 - SCHEDULER - INFO - Starting worker for repo: https://github.com/Feiyuyu0503/free-dall-e-proxy.git (scheduler.py:64)
2025-01-07 20:40:22,813 - SCHEDULER - INFO - Worker completed successfully for repo: https://github.com/FeiiYin/SPI.git (scheduler.py:75)
2025-01-07 20:40:22,813 - SCHEDULER - INFO - Progress: 191/5778 repositories scanned. (scheduler.py:96)
2025-01-07 20:40:22,813 - SCHEDULER - INFO - Starting worker for repo: https://github.com/Felflare/rpunct.git (scheduler.py:64)
2025-01-07 20:40:24,480 - SCHEDULER - INFO - Worker completed successfully for repo: https://github.com/Feiyuyu0503/free-dall-e-proxy.git (scheduler.py:75)
2025-01-07 20:40:24,480 - SCHEDULER - INFO - Progress: 192/5778 repositories scanned. (scheduler.py:96)
2025-01-07 20:40:24,480 - SCHEDULER - INFO - Starting worker for repo: https://github.com/Felix-Petersen/algovision.git (scheduler.py:64)
2025-01-07 20:40:31,644 - SCHEDULER - INFO - Worker completed successfully for repo: https://github.com/Felflare/rpunct.git (scheduler.py:75)
2025-01-07 20:40:31,644 - SCHEDULER - INFO - Progress: 193/5778 repositories scanned. (scheduler.py:96)
2025-01-07 20:40:31,644 - SCHEDULER - INFO - Starting worker for repo: https://github.com/Felix-Petersen/difflogic.git (scheduler.py:64)
2025-01-07 20:40:33,964 - SCHEDULER - INFO - Worker completed successfully for repo: https://github.com/Felix-Petersen/algovision.git (scheduler.py:75)
2025-01-07 20:40:33,964 - SCHEDULER - INFO - Progress: 194/5778 repositories scanned. (scheduler.py:96)
2025-01-07 20:40:33,964 - SCHEDULER - INFO - Starting worker for repo: https://github.com/Felix-Petersen/diffsort.git (scheduler.py:64)
2025-01-07 20:40:41,130 - SCHEDULER - INFO - Worker completed successfully for repo: https://github.com/Felix-Petersen/difflogic.git (scheduler.py:75)
2025-01-07 20:40:41,130 - SCHEDULER - INFO - Progress: 195/5778 repositories scanned. (scheduler.py:96)
2025-01-07 20:40:41,130 - SCHEDULER - INFO - Starting worker for repo: https://github.com/FelixBer/FindFunc.git (scheduler.py:64)
2025-01-07 20:40:42,795 - SCHEDULER - INFO - Worker completed successfully for repo: https://github.com/Felix-Petersen/diffsort.git (scheduler.py:75)
2025-01-07 20:40:42,795 - SCHEDULER - INFO - Progress: 196/5778 repositories scanned. (scheduler.py:96)
2025-01-07 20:40:42,795 - SCHEDULER - INFO - Starting worker for repo: https://github.com/FelixFrog/pdfgrabber.git (scheduler.py:64)
2025-01-07 20:40:50,964 - SCHEDULER - INFO - Worker completed successfully for repo: https://github.com/FelixBer/FindFunc.git (scheduler.py:75)
2025-01-07 20:40:50,964 - SCHEDULER - INFO - Progress: 197/5778 repositories scanned. (scheduler.py:96)
2025-01-07 20:40:50,964 - SCHEDULER - INFO - Starting worker for repo: https://github.com/FelixOpolka/STGCN-PyTorch.git (scheduler.py:64)
2025-01-07 20:40:53,533 - SCHEDULER - INFO - Worker completed successfully for repo: https://github.com/FelixFrog/pdfgrabber.git (scheduler.py:75)
2025-01-07 20:40:53,534 - SCHEDULER - INFO - Progress: 198/5778 repositories scanned. (scheduler.py:96)
2025-01-07 20:40:53,534 - SCHEDULER - INFO - Starting worker for repo: https://github.com/FelixTheC/strongtyping.git (scheduler.py:64)
2025-01-07 20:40:59,296 - SCHEDULER - INFO - Worker completed successfully for repo: https://github.com/FelixOpolka/STGCN-PyTorch.git (scheduler.py:75)
2025-01-07 20:40:59,296 - SCHEDULER - INFO - Progress: 199/5778 repositories scanned. (scheduler.py:96)
2025-01-07 20:40:59,296 - SCHEDULER - INFO - Starting worker for repo: https://github.com/FengHZ/KD3A.git (scheduler.py:64)
2025-01-07 20:41:05,021 - SCHEDULER - INFO - Worker completed successfully for repo: https://github.com/FelixTheC/strongtyping.git (scheduler.py:75)
2025-01-07 20:41:05,021 - SCHEDULER - INFO - Progress: 200/5778 repositories scanned. (scheduler.py:96)
2025-01-07 20:41:05,022 - SCHEDULER - INFO - Starting worker for repo: https://github.com/FengLiuFeseliud/pycqBot.git (scheduler.py:64)
2025-01-07 20:41:08,531 - SCHEDULER - INFO - Worker completed successfully for repo: https://github.com/FengHZ/KD3A.git (scheduler.py:75)
2025-01-07 20:41:08,531 - SCHEDULER - INFO - Progress: 201/5778 repositories scanned. (scheduler.py:96)
2025-01-07 20:41:08,531 - SCHEDULER - INFO - Starting worker for repo: https://github.com/Fengrui-Liu/StreamAD.git (scheduler.py:64)
2025-01-07 20:41:15,308 - SCHEDULER - INFO - Worker completed successfully for repo: https://github.com/FengLiuFeseliud/pycqBot.git (scheduler.py:75)
2025-01-07 20:41:15,308 - SCHEDULER - INFO - Progress: 202/5778 repositories scanned. (scheduler.py:96)
2025-01-07 20:41:15,308 - SCHEDULER - INFO - Starting worker for repo: https://github.com/Feramance/qBitrr.git (scheduler.py:64)
2025-01-07 20:41:20,518 - SCHEDULER - INFO - Worker completed successfully for repo: https://github.com/Fengrui-Liu/StreamAD.git (scheduler.py:75)
2025-01-07 20:41:20,519 - SCHEDULER - INFO - Progress: 203/5778 repositories scanned. (scheduler.py:96)
2025-01-07 20:41:20,519 - SCHEDULER - INFO - Starting worker for repo: https://github.com/FerranMarin/axie-scholar-utilities.git (scheduler.py:64)
2025-01-07 20:41:29,553 - SCHEDULER - INFO - Worker completed successfully for repo: https://github.com/Feramance/qBitrr.git (scheduler.py:75)
2025-01-07 20:41:29,554 - SCHEDULER - INFO - Progress: 204/5778 repositories scanned. (scheduler.py:96)
2025-01-07 20:41:29,554 - SCHEDULER - INFO - Starting worker for repo: https://github.com/FerreroJeremy/ln2sql.git (scheduler.py:64)
2025-01-07 20:41:32,159 - SCHEDULER - INFO - Worker completed successfully for repo: https://github.com/FerranMarin/axie-scholar-utilities.git (scheduler.py:75)
2025-01-07 20:41:32,159 - SCHEDULER - INFO - Progress: 205/5778 repositories scanned. (scheduler.py:96)
2025-01-07 20:41:32,159 - SCHEDULER - INFO - Starting worker for repo: https://github.com/FerryYoungFan/FanselineVisualizer.git (scheduler.py:64)
2025-01-07 20:41:39,436 - SCHEDULER - INFO - Worker completed successfully for repo: https://github.com/FerreroJeremy/ln2sql.git (scheduler.py:75)
2025-01-07 20:41:39,436 - SCHEDULER - INFO - Progress: 206/5778 repositories scanned. (scheduler.py:96)
2025-01-07 20:41:39,436 - SCHEDULER - INFO - Starting worker for repo: https://github.com/FesonX/cn-text-classifier.git (scheduler.py:64)
2025-01-07 20:41:44,649 - SCHEDULER - INFO - Worker completed successfully for repo: https://github.com/FerryYoungFan/FanselineVisualizer.git (scheduler.py:75)
2025-01-07 20:41:44,649 - SCHEDULER - INFO - Progress: 207/5778 repositories scanned. (scheduler.py:96)
2025-01-07 20:41:44,650 - SCHEDULER - INFO - Starting worker for repo: https://github.com/Feynman27/pytorch-detect-to-track.git (scheduler.py:64)
2025-01-07 20:41:48,670 - SCHEDULER - INFO - Worker completed successfully for repo: https://github.com/FesonX/cn-text-classifier.git (scheduler.py:75)
2025-01-07 20:41:48,670 - SCHEDULER - INFO - Progress: 208/5778 repositories scanned. (scheduler.py:96)
2025-01-07 20:41:48,670 - SCHEDULER - INFO - Starting worker for repo: https://github.com/Fhernd/PythonEjercicios.git (scheduler.py:64)
2025-01-07 20:41:56,489 - SCHEDULER - INFO - Worker completed successfully for repo: https://github.com/Feynman27/pytorch-detect-to-track.git (scheduler.py:75)
2025-01-07 20:41:56,489 - SCHEDULER - INFO - Progress: 209/5778 repositories scanned. (scheduler.py:96)
2025-01-07 20:41:56,489 - SCHEDULER - INFO - Starting worker for repo: https://github.com/Fictionarry/DNGaussian.git (scheduler.py:64)
2025-01-07 20:42:01,558 - SCHEDULER - INFO - Worker completed successfully for repo: https://github.com/Fhernd/PythonEjercicios.git (scheduler.py:75)
2025-01-07 20:42:01,558 - SCHEDULER - INFO - Progress: 210/5778 repositories scanned. (scheduler.py:96)
2025-01-07 20:42:01,558 - SCHEDULER - INFO - Starting worker for repo: https://github.com/Fictionarry/TalkingGaussian.git (scheduler.py:64)
2025-01-07 20:42:07,627 - SCHEDULER - INFO - Worker completed successfully for repo: https://github.com/Fictionarry/DNGaussian.git (scheduler.py:75)
2025-01-07 20:42:07,627 - SCHEDULER - INFO - Progress: 211/5778 repositories scanned. (scheduler.py:96)
2025-01-07 20:42:07,627 - SCHEDULER - INFO - Starting worker for repo: https://github.com/FilipGrebowski/company-email-scraper.git (scheduler.py:64)
2025-01-07 20:42:15,957 - SCHEDULER - INFO - Worker completed successfully for repo: https://github.com/FilipGrebowski/company-email-scraper.git (scheduler.py:75)
2025-01-07 20:42:15,958 - SCHEDULER - INFO - Progress: 212/5778 repositories scanned. (scheduler.py:96)
2025-01-07 20:42:15,958 - SCHEDULER - INFO - Starting worker for repo: https://github.com/FilippoAiraldi/mpc-reinforcement-learning.git (scheduler.py:64)
2025-01-07 20:42:17,405 - SCHEDULER - INFO - Worker completed successfully for repo: https://github.com/Fictionarry/TalkingGaussian.git (scheduler.py:75)
2025-01-07 20:42:17,405 - SCHEDULER - INFO - Progress: 213/5778 repositories scanned. (scheduler.py:96)
2025-01-07 20:42:17,406 - SCHEDULER - INFO - Starting worker for repo: https://github.com/FilippoMB/Spectral-Clustering-with-Graph-Neural-Networks-for-Graph-Pooling.git (scheduler.py:64)
2025-01-07 20:42:26,888 - SCHEDULER - INFO - Worker completed successfully for repo: https://github.com/FilippoMB/Spectral-Clustering-with-Graph-Neural-Networks-for-Graph-Pooling.git (scheduler.py:75)
2025-01-07 20:42:26,888 - SCHEDULER - INFO - Progress: 214/5778 repositories scanned. (scheduler.py:96)
2025-01-07 20:42:26,888 - SCHEDULER - INFO - Starting worker for repo: https://github.com/FilippoMB/Time-series-classification-and-clustering-with-Reservoir-Computing.git (scheduler.py:64)
2025-01-07 20:42:27,546 - SCHEDULER - INFO - Worker completed successfully for repo: https://github.com/FilippoAiraldi/mpc-reinforcement-learning.git (scheduler.py:75)
2025-01-07 20:42:27,546 - SCHEDULER - INFO - Progress: 215/5778 repositories scanned. (scheduler.py:96)
2025-01-07 20:42:27,546 - SCHEDULER - INFO - Starting worker for repo: https://github.com/Fillll/reddit2telegram.git (scheduler.py:64)
2025-01-07 20:42:37,021 - SCHEDULER - INFO - Worker completed successfully for repo: https://github.com/FilippoMB/Time-series-classification-and-clustering-with-Reservoir-Computing.git (scheduler.py:75)
2025-01-07 20:42:37,022 - SCHEDULER - INFO - Progress: 216/5778 repositories scanned. (scheduler.py:96)
2025-01-07 20:42:37,022 - SCHEDULER - INFO - Starting worker for repo: https://github.com/FinHackCN/finhack.git (scheduler.py:64)
2025-01-07 20:42:40,184 - SCHEDULER - INFO - Worker completed successfully for repo: https://github.com/Fillll/reddit2telegram.git (scheduler.py:75)
2025-01-07 20:42:40,184 - SCHEDULER - INFO - Progress: 217/5778 repositories scanned. (scheduler.py:96)
2025-01-07 20:42:40,184 - SCHEDULER - INFO - Starting worker for repo: https://github.com/FinOps-Open-Cost-and-Usage-Spec/FOCUS_Spec.git (scheduler.py:64)
2025-01-07 20:42:49,563 - SCHEDULER - INFO - Worker completed successfully for repo: https://github.com/FinOps-Open-Cost-and-Usage-Spec/FOCUS_Spec.git (scheduler.py:75)
2025-01-07 20:42:49,564 - SCHEDULER - INFO - Progress: 218/5778 repositories scanned. (scheduler.py:96)
2025-01-07 20:42:49,564 - SCHEDULER - INFO - Starting worker for repo: https://github.com/FinalTheory/wireless-network-reproduction.git (scheduler.py:64)
2025-01-07 20:42:52,217 - SCHEDULER - INFO - Worker completed successfully for repo: https://github.com/FinHackCN/finhack.git (scheduler.py:75)
2025-01-07 20:42:52,217 - SCHEDULER - INFO - Progress: 219/5778 repositories scanned. (scheduler.py:96)
2025-01-07 20:42:52,217 - SCHEDULER - INFO - Starting worker for repo: https://github.com/Finance-Hub/FinanceHub.git (scheduler.py:64)
2025-01-07 20:42:59,248 - SCHEDULER - INFO - Worker completed successfully for repo: https://github.com/FinalTheory/wireless-network-reproduction.git (scheduler.py:75)
2025-01-07 20:42:59,248 - SCHEDULER - INFO - Progress: 220/5778 repositories scanned. (scheduler.py:96)
2025-01-07 20:42:59,248 - SCHEDULER - INFO - Starting worker for repo: https://github.com/FinanceData/OpenDartReader.git (scheduler.py:64)
2025-01-07 20:43:06,913 - SCHEDULER - INFO - Worker completed successfully for repo: https://github.com/Finance-Hub/FinanceHub.git (scheduler.py:75)
2025-01-07 20:43:06,914 - SCHEDULER - INFO - Progress: 221/5778 repositories scanned. (scheduler.py:96)
2025-01-07 20:43:06,914 - SCHEDULER - INFO - Starting worker for repo: https://github.com/FinanceData/marcap.git (scheduler.py:64)
2025-01-07 20:43:08,081 - SCHEDULER - INFO - Worker completed successfully for repo: https://github.com/FinanceData/OpenDartReader.git (scheduler.py:75)
2025-01-07 20:43:08,081 - SCHEDULER - INFO - Progress: 222/5778 repositories scanned. (scheduler.py:96)
2025-01-07 20:43:08,081 - SCHEDULER - INFO - Starting worker for repo: https://github.com/FinancialComputingUCL/LOBFrame.git (scheduler.py:64)
2025-01-07 20:43:17,614 - SCHEDULER - INFO - Worker completed successfully for repo: https://github.com/FinancialComputingUCL/LOBFrame.git (scheduler.py:75)
2025-01-07 20:43:17,614 - SCHEDULER - INFO - Progress: 223/5778 repositories scanned. (scheduler.py:96)
2025-01-07 20:43:17,614 - SCHEDULER - INFO - Starting worker for repo: https://github.com/Findus23/pyLanguagetool.git (scheduler.py:64)
2025-01-07 20:43:25,946 - SCHEDULER - INFO - Worker completed successfully for repo: https://github.com/Findus23/pyLanguagetool.git (scheduler.py:75)
2025-01-07 20:43:25,946 - SCHEDULER - INFO - Progress: 224/5778 repositories scanned. (scheduler.py:96)
2025-01-07 20:43:25,946 - SCHEDULER - INFO - Starting worker for repo: https://github.com/FingerRec/BE.git (scheduler.py:64)
2025-01-07 20:43:37,440 - SCHEDULER - INFO - Worker completed successfully for repo: https://github.com/FingerRec/BE.git (scheduler.py:75)
2025-01-07 20:43:37,440 - SCHEDULER - INFO - Progress: 225/5778 repositories scanned. (scheduler.py:96)
2025-01-07 20:43:37,440 - SCHEDULER - INFO - Starting worker for repo: https://github.com/FingerRec/DSM-decoupling-scene-motion.git (scheduler.py:64)
2025-01-07 20:43:47,271 - SCHEDULER - INFO - Worker completed successfully for repo: https://github.com/FingerRec/DSM-decoupling-scene-motion.git (scheduler.py:75)
2025-01-07 20:43:47,271 - SCHEDULER - INFO - Progress: 226/5778 repositories scanned. (scheduler.py:96)
2025-01-07 20:43:47,271 - SCHEDULER - INFO - Starting worker for repo: https://github.com/FingerlessGlov3s/OPNsensePIAWireguard.git (scheduler.py:64)
2025-01-07 20:43:56,056 - SCHEDULER - INFO - Worker completed successfully for repo: https://github.com/FingerlessGlov3s/OPNsensePIAWireguard.git (scheduler.py:75)
2025-01-07 20:43:56,056 - SCHEDULER - INFO - Progress: 227/5778 repositories scanned. (scheduler.py:96)
2025-01-07 20:43:56,056 - SCHEDULER - INFO - Starting worker for repo: https://github.com/Finity-Alpha/OpenVoiceChat.git (scheduler.py:64)
2025-01-07 20:44:05,142 - SCHEDULER - INFO - Worker completed successfully for repo: https://github.com/Finity-Alpha/OpenVoiceChat.git (scheduler.py:75)
2025-01-07 20:44:05,143 - SCHEDULER - INFO - Progress: 228/5778 repositories scanned. (scheduler.py:96)
2025-01-07 20:44:05,143 - SCHEDULER - INFO - Starting worker for repo: https://github.com/Finn2708/CounterboreBridging.git (scheduler.py:64)
2025-01-07 20:44:10,174 - SCHEDULER - INFO - Worker completed successfully for repo: https://github.com/FinanceData/marcap.git (scheduler.py:75)
2025-01-07 20:44:10,174 - SCHEDULER - INFO - Progress: 229/5778 repositories scanned. (scheduler.py:96)
2025-01-07 20:44:10,175 - SCHEDULER - INFO - Starting worker for repo: https://github.com/Finnhub-Stock-API/finnhub-python.git (scheduler.py:64)
2025-01-07 20:44:14,024 - SCHEDULER - INFO - Worker completed successfully for repo: https://github.com/Finn2708/CounterboreBridging.git (scheduler.py:75)
2025-01-07 20:44:14,024 - SCHEDULER - INFO - Progress: 230/5778 repositories scanned. (scheduler.py:96)
2025-01-07 20:44:14,024 - SCHEDULER - INFO - Starting worker for repo: https://github.com/Finspire13/CMCS-Temporal-Action-Localization.git (scheduler.py:64)
2025-01-07 20:44:19,206 - SCHEDULER - INFO - Worker completed successfully for repo: https://github.com/Finnhub-Stock-API/finnhub-python.git (scheduler.py:75)
2025-01-07 20:44:19,206 - SCHEDULER - INFO - Progress: 231/5778 repositories scanned. (scheduler.py:96)
2025-01-07 20:44:19,206 - SCHEDULER - INFO - Starting worker for repo: https://github.com/Fire30/PS4-3.55-Code-Execution-PoC.git (scheduler.py:64)
2025-01-07 20:44:24,208 - SCHEDULER - INFO - Worker completed successfully for repo: https://github.com/Finspire13/CMCS-Temporal-Action-Localization.git (scheduler.py:75)
2025-01-07 20:44:24,208 - SCHEDULER - INFO - Progress: 232/5778 repositories scanned. (scheduler.py:96)
2025-01-07 20:44:24,208 - SCHEDULER - INFO - Starting worker for repo: https://github.com/FireRedTeam/FireRedTTS.git (scheduler.py:64)
2025-01-07 20:44:27,485 - SCHEDULER - INFO - Worker completed successfully for repo: https://github.com/Fire30/PS4-3.55-Code-Execution-PoC.git (scheduler.py:75)
2025-01-07 20:44:27,485 - SCHEDULER - INFO - Progress: 233/5778 repositories scanned. (scheduler.py:96)
2025-01-07 20:44:27,485 - SCHEDULER - INFO - Starting worker for repo: https://github.com/FirmWire/FirmWire.git (scheduler.py:64)
2025-01-07 20:44:35,093 - SCHEDULER - INFO - Worker completed successfully for repo: https://github.com/FireRedTeam/FireRedTTS.git (scheduler.py:75)
2025-01-07 20:44:35,093 - SCHEDULER - INFO - Progress: 234/5778 repositories scanned. (scheduler.py:96)
2025-01-07 20:44:35,093 - SCHEDULER - INFO - Starting worker for repo: https://github.com/FishAndWasabi/YOLO-MS.git (scheduler.py:64)
2025-01-07 20:44:40,529 - SCHEDULER - INFO - Worker completed successfully for repo: https://github.com/FirmWire/FirmWire.git (scheduler.py:75)
2025-01-07 20:44:40,529 - SCHEDULER - INFO - Progress: 235/5778 repositories scanned. (scheduler.py:96)
2025-01-07 20:44:40,529 - SCHEDULER - INFO - Starting worker for repo: https://github.com/FishYuLi/BalancedGroupSoftmax.git (scheduler.py:64)
2025-01-07 20:44:46,884 - SCHEDULER - INFO - Worker completed successfully for repo: https://github.com/FishAndWasabi/YOLO-MS.git (scheduler.py:75)
2025-01-07 20:44:46,884 - SCHEDULER - INFO - Progress: 236/5778 repositories scanned. (scheduler.py:96)
2025-01-07 20:44:46,884 - SCHEDULER - INFO - Starting worker for repo: https://github.com/Fishwaldo/sophgo-sg200x-debian.git (scheduler.py:64)
2025-01-07 20:44:55,717 - SCHEDULER - INFO - Worker completed successfully for repo: https://github.com/Fishwaldo/sophgo-sg200x-debian.git (scheduler.py:75)
2025-01-07 20:44:55,717 - SCHEDULER - INFO - Progress: 237/5778 repositories scanned. (scheduler.py:96)
2025-01-07 20:44:55,717 - SCHEDULER - INFO - Starting worker for repo: https://github.com/FitMachineLearning/FitML.git (scheduler.py:64)
2025-01-07 20:44:56,635 - SCHEDULER - INFO - Worker completed successfully for repo: https://github.com/FishYuLi/BalancedGroupSoftmax.git (scheduler.py:75)
2025-01-07 20:44:56,635 - SCHEDULER - INFO - Progress: 238/5778 repositories scanned. (scheduler.py:96)
2025-01-07 20:44:56,635 - SCHEDULER - INFO - Starting worker for repo: https://github.com/FitSNAP/FitSNAP.git (scheduler.py:64)
2025-01-07 20:45:17,042 - SCHEDULER - INFO - Worker completed successfully for repo: https://github.com/FitMachineLearning/FitML.git (scheduler.py:75)
2025-01-07 20:45:17,042 - SCHEDULER - INFO - Progress: 239/5778 repositories scanned. (scheduler.py:96)
2025-01-07 20:45:17,042 - SCHEDULER - INFO - Starting worker for repo: https://github.com/Fitblip/wsstat.git (scheduler.py:64)
2025-01-07 20:45:21,725 - SCHEDULER - INFO - Worker completed successfully for repo: https://github.com/FitSNAP/FitSNAP.git (scheduler.py:75)
2025-01-07 20:45:21,725 - SCHEDULER - INFO - Progress: 240/5778 repositories scanned. (scheduler.py:96)
2025-01-07 20:45:21,725 - SCHEDULER - INFO - Starting worker for repo: https://github.com/FizzleDorf/ComfyUI_FizzNodes.git (scheduler.py:64)
2025-01-07 20:45:25,573 - SCHEDULER - INFO - Worker completed successfully for repo: https://github.com/Fitblip/wsstat.git (scheduler.py:75)
2025-01-07 20:45:25,573 - SCHEDULER - INFO - Progress: 241/5778 repositories scanned. (scheduler.py:96)
2025-01-07 20:45:25,573 - SCHEDULER - INFO - Starting worker for repo: https://github.com/FlUxIuS/V2GInjector.git (scheduler.py:64)
2025-01-07 20:45:31,311 - SCHEDULER - INFO - Worker completed successfully for repo: https://github.com/FizzleDorf/ComfyUI_FizzNodes.git (scheduler.py:75)
2025-01-07 20:45:31,311 - SCHEDULER - INFO - Progress: 242/5778 repositories scanned. (scheduler.py:96)
2025-01-07 20:45:31,311 - SCHEDULER - INFO - Starting worker for repo: https://github.com/FlagAI-Open/Aquila2.git (scheduler.py:64)
2025-01-07 20:45:34,055 - SCHEDULER - INFO - Worker completed successfully for repo: https://github.com/FlUxIuS/V2GInjector.git (scheduler.py:75)
2025-01-07 20:45:34,055 - SCHEDULER - INFO - Progress: 243/5778 repositories scanned. (scheduler.py:96)
2025-01-07 20:45:34,055 - SCHEDULER - INFO - Starting worker for repo: https://github.com/FlagBrew/Sharkive.git (scheduler.py:64)
2025-01-07 20:45:41,644 - SCHEDULER - INFO - Worker completed successfully for repo: https://github.com/FlagAI-Open/Aquila2.git (scheduler.py:75)
2025-01-07 20:45:41,644 - SCHEDULER - INFO - Progress: 244/5778 repositories scanned. (scheduler.py:96)
2025-01-07 20:45:41,644 - SCHEDULER - INFO - Starting worker for repo: https://github.com/FlagOpen/FlagAttention.git (scheduler.py:64)
2025-01-07 20:45:43,291 - SCHEDULER - INFO - Worker completed successfully for repo: https://github.com/FlagBrew/Sharkive.git (scheduler.py:75)
2025-01-07 20:45:43,291 - SCHEDULER - INFO - Progress: 245/5778 repositories scanned. (scheduler.py:96)
2025-01-07 20:45:43,291 - SCHEDULER - INFO - Starting worker for repo: https://github.com/FlagOpen/FlagData.git (scheduler.py:64)
2025-01-07 20:45:52,282 - SCHEDULER - INFO - Worker completed successfully for repo: https://github.com/FlagOpen/FlagAttention.git (scheduler.py:75)
2025-01-07 20:45:52,282 - SCHEDULER - INFO - Progress: 246/5778 repositories scanned. (scheduler.py:96)
2025-01-07 20:45:52,282 - SCHEDULER - INFO - Starting worker for repo: https://github.com/FlagOpen/FlagGems.git (scheduler.py:64)
2025-01-07 20:45:56,585 - SCHEDULER - INFO - Worker completed successfully for repo: https://github.com/FlagOpen/FlagData.git (scheduler.py:75)
2025-01-07 20:45:56,585 - SCHEDULER - INFO - Progress: 247/5778 repositories scanned. (scheduler.py:96)
2025-01-07 20:45:56,585 - SCHEDULER - INFO - Starting worker for repo: https://github.com/FlagOpen/FlagPerf.git (scheduler.py:64)
2025-01-07 20:46:09,382 - SCHEDULER - INFO - Worker completed successfully for repo: https://github.com/FlagOpen/FlagGems.git (scheduler.py:75)
2025-01-07 20:46:09,382 - SCHEDULER - INFO - Progress: 248/5778 repositories scanned. (scheduler.py:96)
2025-01-07 20:46:09,382 - SCHEDULER - INFO - Starting worker for repo: https://github.com/FlagOpen/FlagScale.git (scheduler.py:64)
2025-01-07 20:46:35,890 - SCHEDULER - INFO - Worker completed successfully for repo: https://github.com/FlagOpen/FlagPerf.git (scheduler.py:75)
2025-01-07 20:46:35,890 - SCHEDULER - INFO - Progress: 249/5778 repositories scanned. (scheduler.py:96)
2025-01-07 20:46:35,890 - SCHEDULER - INFO - Starting worker for repo: https://github.com/FlagOpen/TACO.git (scheduler.py:64)
2025-01-07 20:46:44,821 - SCHEDULER - INFO - Worker completed successfully for repo: https://github.com/FlagOpen/TACO.git (scheduler.py:75)
2025-01-07 20:46:44,821 - SCHEDULER - INFO - Progress: 250/5778 repositories scanned. (scheduler.py:96)
2025-01-07 20:46:44,821 - SCHEDULER - INFO - Starting worker for repo: https://github.com/FlagX/ha-ledvance-tuya-resync-localkey.git (scheduler.py:64)
2025-01-07 20:46:52,956 - SCHEDULER - INFO - Worker completed successfully for repo: https://github.com/FlagX/ha-ledvance-tuya-resync-localkey.git (scheduler.py:75)
2025-01-07 20:46:52,956 - SCHEDULER - INFO - Progress: 251/5778 repositories scanned. (scheduler.py:96)
2025-01-07 20:46:52,956 - SCHEDULER - INFO - Starting worker for repo: https://github.com/Flaiers/fastapi-clean-architecture.git (scheduler.py:64)
2025-01-07 20:47:00,789 - SCHEDULER - INFO - Worker completed successfully for repo: https://github.com/Flaiers/fastapi-clean-architecture.git (scheduler.py:75)
2025-01-07 20:47:00,789 - SCHEDULER - INFO - Progress: 252/5778 repositories scanned. (scheduler.py:96)
2025-01-07 20:47:00,789 - SCHEDULER - INFO - Starting worker for repo: https://github.com/FlailingFog/KK-Blender-Porter-Pack.git (scheduler.py:64)
2025-01-07 20:47:21,154 - SCHEDULER - INFO - Worker completed successfully for repo: https://github.com/FlailingFog/KK-Blender-Porter-Pack.git (scheduler.py:75)
2025-01-07 20:47:21,154 - SCHEDULER - INFO - Progress: 253/5778 repositories scanned. (scheduler.py:96)
2025-01-07 20:47:21,154 - SCHEDULER - INFO - Starting worker for repo: https://github.com/FlamieZhu/Balanced-Contrastive-Learning.git (scheduler.py:64)
2025-01-07 20:47:30,538 - SCHEDULER - INFO - Worker completed successfully for repo: https://github.com/FlamieZhu/Balanced-Contrastive-Learning.git (scheduler.py:75)
2025-01-07 20:47:30,538 - SCHEDULER - INFO - Progress: 254/5778 repositories scanned. (scheduler.py:96)
2025-01-07 20:47:30,538 - SCHEDULER - INFO - Starting worker for repo: https://github.com/Flangvik/Bobber.git (scheduler.py:64)
2025-01-07 20:47:32,225 - SCHEDULER - INFO - Worker completed successfully for repo: https://github.com/FlagOpen/FlagScale.git (scheduler.py:75)
2025-01-07 20:47:32,225 - SCHEDULER - INFO - Progress: 255/5778 repositories scanned. (scheduler.py:96)
2025-01-07 20:47:32,225 - SCHEDULER - INFO - Starting worker for repo: https://github.com/Flangvik/QRucible.git (scheduler.py:64)
2025-01-07 20:47:39,519 - SCHEDULER - INFO - Worker completed successfully for repo: https://github.com/Flangvik/Bobber.git (scheduler.py:75)
2025-01-07 20:47:39,519 - SCHEDULER - INFO - Progress: 256/5778 repositories scanned. (scheduler.py:96)
2025-01-07 20:47:39,519 - SCHEDULER - INFO - Starting worker for repo: https://github.com/FlappyPig/CTF_SPECIAL_TRAINING_CAMP.git (scheduler.py:64)
2025-01-07 20:47:40,808 - SCHEDULER - INFO - Worker completed successfully for repo: https://github.com/Flangvik/QRucible.git (scheduler.py:75)
2025-01-07 20:47:40,808 - SCHEDULER - INFO - Progress: 257/5778 repositories scanned. (scheduler.py:96)
2025-01-07 20:47:40,808 - SCHEDULER - INFO - Starting worker for repo: https://github.com/Flax-Network/flax-blockchain.git (scheduler.py:64)
2025-01-07 20:47:50,259 - SCHEDULER - INFO - Worker completed successfully for repo: https://github.com/FlappyPig/CTF_SPECIAL_TRAINING_CAMP.git (scheduler.py:75)
2025-01-07 20:47:50,259 - SCHEDULER - INFO - Progress: 258/5778 repositories scanned. (scheduler.py:96)
2025-01-07 20:47:50,259 - SCHEDULER - INFO - Starting worker for repo: https://github.com/Flemmarr/Flemmarr.git (scheduler.py:64)
2025-01-07 20:47:58,789 - SCHEDULER - INFO - Worker completed successfully for repo: https://github.com/Flemmarr/Flemmarr.git (scheduler.py:75)
2025-01-07 20:47:58,789 - SCHEDULER - INFO - Progress: 259/5778 repositories scanned. (scheduler.py:96)
2025-01-07 20:47:58,789 - SCHEDULER - INFO - Starting worker for repo: https://github.com/FlexMeasures/flexmeasures.git (scheduler.py:64)
2025-01-07 20:48:15,447 - SCHEDULER - INFO - Worker completed successfully for repo: https://github.com/FlexMeasures/flexmeasures.git (scheduler.py:75)
2025-01-07 20:48:15,447 - SCHEDULER - INFO - Progress: 260/5778 repositories scanned. (scheduler.py:96)
2025-01-07 20:48:15,447 - SCHEDULER - INFO - Starting worker for repo: https://github.com/FlipperPA/wagtailcodeblock.git (scheduler.py:64)
2025-01-07 20:48:23,029 - SCHEDULER - INFO - Worker completed successfully for repo: https://github.com/FlipperPA/wagtailcodeblock.git (scheduler.py:75)
2025-01-07 20:48:23,029 - SCHEDULER - INFO - Progress: 261/5778 repositories scanned. (scheduler.py:96)
2025-01-07 20:48:23,029 - SCHEDULER - INFO - Starting worker for repo: https://github.com/Floobits/floobits-neovim.git (scheduler.py:64)
2025-01-07 20:48:30,235 - SCHEDULER - INFO - Worker completed successfully for repo: https://github.com/Flax-Network/flax-blockchain.git (scheduler.py:75)
2025-01-07 20:48:30,236 - SCHEDULER - INFO - Progress: 262/5778 repositories scanned. (scheduler.py:96)
2025-01-07 20:48:30,236 - SCHEDULER - INFO - Starting worker for repo: https://github.com/FlorentF9/DeepTemporalClustering.git (scheduler.py:64)
2025-01-07 20:48:35,267 - SCHEDULER - INFO - Worker completed successfully for repo: https://github.com/Floobits/floobits-neovim.git (scheduler.py:75)
2025-01-07 20:48:35,268 - SCHEDULER - INFO - Progress: 263/5778 repositories scanned. (scheduler.py:96)
2025-01-07 20:48:35,268 - SCHEDULER - INFO - Starting worker for repo: https://github.com/Florents-Tselai/WarcDB.git (scheduler.py:64)
2025-01-07 20:48:38,868 - SCHEDULER - INFO - Worker completed successfully for repo: https://github.com/FlorentF9/DeepTemporalClustering.git (scheduler.py:75)
2025-01-07 20:48:38,868 - SCHEDULER - INFO - Progress: 264/5778 repositories scanned. (scheduler.py:96)
2025-01-07 20:48:38,868 - SCHEDULER - INFO - Starting worker for repo: https://github.com/FlorianDietz/comgra.git (scheduler.py:64)
2025-01-07 20:48:43,997 - SCHEDULER - INFO - Worker completed successfully for repo: https://github.com/Florents-Tselai/WarcDB.git (scheduler.py:75)
2025-01-07 20:48:43,997 - SCHEDULER - INFO - Progress: 265/5778 repositories scanned. (scheduler.py:96)
2025-01-07 20:48:43,997 - SCHEDULER - INFO - Starting worker for repo: https://github.com/FlorianEagox/WeeaBlind.git (scheduler.py:64)
2025-01-07 20:48:49,654 - SCHEDULER - INFO - Worker completed successfully for repo: https://github.com/FlorianDietz/comgra.git (scheduler.py:75)
2025-01-07 20:48:49,654 - SCHEDULER - INFO - Progress: 266/5778 repositories scanned. (scheduler.py:96)
2025-01-07 20:48:49,655 - SCHEDULER - INFO - Starting worker for repo: https://github.com/FlorianPicca/JWT-Key-Recovery.git (scheduler.py:64)
2025-01-07 20:48:53,236 - SCHEDULER - INFO - Worker completed successfully for repo: https://github.com/FlorianEagox/WeeaBlind.git (scheduler.py:75)
2025-01-07 20:48:53,236 - SCHEDULER - INFO - Progress: 267/5778 repositories scanned. (scheduler.py:96)
2025-01-07 20:48:53,236 - SCHEDULER - INFO - Starting worker for repo: https://github.com/FlorianPommerening/FingerJoints.git (scheduler.py:64)
2025-01-07 20:48:57,633 - SCHEDULER - INFO - Worker completed successfully for repo: https://github.com/FlorianPicca/JWT-Key-Recovery.git (scheduler.py:75)
2025-01-07 20:48:57,633 - SCHEDULER - INFO - Progress: 268/5778 repositories scanned. (scheduler.py:96)
2025-01-07 20:48:57,633 - SCHEDULER - INFO - Starting worker for repo: https://github.com/FlorianREGAZ/Python-Tls-Client.git (scheduler.py:64)
2025-01-07 20:49:01,968 - SCHEDULER - INFO - Worker completed successfully for repo: https://github.com/FlorianPommerening/FingerJoints.git (scheduler.py:75)
2025-01-07 20:49:01,968 - SCHEDULER - INFO - Progress: 269/5778 repositories scanned. (scheduler.py:96)
2025-01-07 20:49:01,968 - SCHEDULER - INFO - Starting worker for repo: https://github.com/FloridSleeves/LLMDebugger.git (scheduler.py:64)
2025-01-07 20:49:11,501 - SCHEDULER - INFO - Worker completed successfully for repo: https://github.com/FloridSleeves/LLMDebugger.git (scheduler.py:75)
2025-01-07 20:49:11,501 - SCHEDULER - INFO - Progress: 270/5778 repositories scanned. (scheduler.py:96)
2025-01-07 20:49:11,501 - SCHEDULER - INFO - Starting worker for repo: https://github.com/FlowModelingControl/flowtorch.git (scheduler.py:64)
2025-01-07 20:49:23,441 - SCHEDULER - INFO - Worker completed successfully for repo: https://github.com/FlowModelingControl/flowtorch.git (scheduler.py:75)
2025-01-07 20:49:23,441 - SCHEDULER - INFO - Progress: 271/5778 repositories scanned. (scheduler.py:96)
2025-01-07 20:49:23,441 - SCHEDULER - INFO - Starting worker for repo: https://github.com/Flowingsun007/littleSpiders.git (scheduler.py:64)
2025-01-07 20:49:31,576 - SCHEDULER - INFO - Worker completed successfully for repo: https://github.com/FlorianREGAZ/Python-Tls-Client.git (scheduler.py:75)
2025-01-07 20:49:31,576 - SCHEDULER - INFO - Progress: 272/5778 repositories scanned. (scheduler.py:96)
2025-01-07 20:49:31,576 - SCHEDULER - INFO - Starting worker for repo: https://github.com/Fluepke/konnektor-patch.git (scheduler.py:64)
2025-01-07 20:49:32,422 - SCHEDULER - INFO - Worker completed successfully for repo: https://github.com/Flowingsun007/littleSpiders.git (scheduler.py:75)
2025-01-07 20:49:32,422 - SCHEDULER - INFO - Progress: 273/5778 repositories scanned. (scheduler.py:96)
2025-01-07 20:49:32,422 - SCHEDULER - INFO - Starting worker for repo: https://github.com/FluffyMaguro/AoE4_Overlay.git (scheduler.py:64)
2025-01-07 20:49:42,863 - SCHEDULER - INFO - Worker completed successfully for repo: https://github.com/Fluepke/konnektor-patch.git (scheduler.py:75)
2025-01-07 20:49:42,863 - SCHEDULER - INFO - Progress: 274/5778 repositories scanned. (scheduler.py:96)
2025-01-07 20:49:42,863 - SCHEDULER - INFO - Starting worker for repo: https://github.com/FlxPeters/netbox-plugin-prometheus-sd.git (scheduler.py:64)
2025-01-07 20:49:43,559 - SCHEDULER - INFO - Worker completed successfully for repo: https://github.com/FluffyMaguro/AoE4_Overlay.git (scheduler.py:75)
2025-01-07 20:49:43,560 - SCHEDULER - INFO - Progress: 275/5778 repositories scanned. (scheduler.py:96)
2025-01-07 20:49:43,560 - SCHEDULER - INFO - Starting worker for repo: https://github.com/FlyAndNotDown/ChatRoom.git (scheduler.py:64)
2025-01-07 20:49:52,692 - SCHEDULER - INFO - Worker completed successfully for repo: https://github.com/FlyAndNotDown/ChatRoom.git (scheduler.py:75)
2025-01-07 20:49:52,692 - SCHEDULER - INFO - Progress: 276/5778 repositories scanned. (scheduler.py:96)
2025-01-07 20:49:52,692 - SCHEDULER - INFO - Starting worker for repo: https://github.com/FlyEgle/CMT-pytorch.git (scheduler.py:64)
2025-01-07 20:49:53,344 - SCHEDULER - INFO - Worker completed successfully for repo: https://github.com/FlxPeters/netbox-plugin-prometheus-sd.git (scheduler.py:75)
2025-01-07 20:49:53,344 - SCHEDULER - INFO - Progress: 277/5778 repositories scanned. (scheduler.py:96)
2025-01-07 20:49:53,344 - SCHEDULER - INFO - Starting worker for repo: https://github.com/FlyEgle/MAE-pytorch.git (scheduler.py:64)
2025-01-07 20:50:02,327 - SCHEDULER - INFO - Worker completed successfully for repo: https://github.com/FlyEgle/CMT-pytorch.git (scheduler.py:75)
2025-01-07 20:50:02,327 - SCHEDULER - INFO - Progress: 278/5778 repositories scanned. (scheduler.py:96)
2025-01-07 20:50:02,327 - SCHEDULER - INFO - Starting worker for repo: https://github.com/FlyingGiraffe/vnn.git (scheduler.py:64)
2025-01-07 20:50:03,929 - SCHEDULER - INFO - Worker completed successfully for repo: https://github.com/FlyEgle/MAE-pytorch.git (scheduler.py:75)
2025-01-07 20:50:03,929 - SCHEDULER - INFO - Progress: 279/5778 repositories scanned. (scheduler.py:96)
2025-01-07 20:50:03,929 - SCHEDULER - INFO - Starting worker for repo: https://github.com/FlyingRoastDuck/ACT_AAAI20.git (scheduler.py:64)
2025-01-07 20:50:12,813 - SCHEDULER - INFO - Worker completed successfully for repo: https://github.com/FlyingGiraffe/vnn.git (scheduler.py:75)
2025-01-07 20:50:12,813 - SCHEDULER - INFO - Progress: 280/5778 repositories scanned. (scheduler.py:96)
2025-01-07 20:50:12,814 - SCHEDULER - INFO - Starting worker for repo: https://github.com/FlymeOS/manifest.git (scheduler.py:64)
2025-01-07 20:50:14,617 - SCHEDULER - INFO - Worker completed successfully for repo: https://github.com/FlyingRoastDuck/ACT_AAAI20.git (scheduler.py:75)
2025-01-07 20:50:14,617 - SCHEDULER - INFO - Progress: 281/5778 repositories scanned. (scheduler.py:96)
2025-01-07 20:50:14,617 - SCHEDULER - INFO - Starting worker for repo: https://github.com/Fmk0/scripts.git (scheduler.py:64)
2025-01-07 20:50:21,644 - SCHEDULER - INFO - Worker completed successfully for repo: https://github.com/FlymeOS/manifest.git (scheduler.py:75)
2025-01-07 20:50:21,644 - SCHEDULER - INFO - Progress: 282/5778 repositories scanned. (scheduler.py:96)
2025-01-07 20:50:21,644 - SCHEDULER - INFO - Starting worker for repo: https://github.com/Foair/course-crawler.git (scheduler.py:64)
2025-01-07 20:50:23,750 - SCHEDULER - INFO - Worker completed successfully for repo: https://github.com/Fmk0/scripts.git (scheduler.py:75)
2025-01-07 20:50:23,750 - SCHEDULER - INFO - Progress: 283/5778 repositories scanned. (scheduler.py:96)
2025-01-07 20:50:23,750 - SCHEDULER - INFO - Starting worker for repo: https://github.com/FoglyOgly/Meowth.git (scheduler.py:64)
2025-01-07 20:50:29,876 - SCHEDULER - INFO - Worker completed successfully for repo: https://github.com/Foair/course-crawler.git (scheduler.py:75)
2025-01-07 20:50:29,876 - SCHEDULER - INFO - Progress: 284/5778 repositories scanned. (scheduler.py:96)
2025-01-07 20:50:29,876 - SCHEDULER - INFO - Starting worker for repo: https://github.com/Foldex/AdwSteamGtk.git (scheduler.py:64)
2025-01-07 20:50:36,454 - SCHEDULER - INFO - Worker completed successfully for repo: https://github.com/Foldex/AdwSteamGtk.git (scheduler.py:75)
2025-01-07 20:50:36,454 - SCHEDULER - INFO - Progress: 285/5778 repositories scanned. (scheduler.py:96)
2025-01-07 20:50:36,454 - SCHEDULER - INFO - Starting worker for repo: https://github.com/FoodOntology/foodon.git (scheduler.py:64)
2025-01-07 20:50:42,353 - SCHEDULER - INFO - Worker completed successfully for repo: https://github.com/FoglyOgly/Meowth.git (scheduler.py:75)
2025-01-07 20:50:42,353 - SCHEDULER - INFO - Progress: 286/5778 repositories scanned. (scheduler.py:96)
2025-01-07 20:50:42,353 - SCHEDULER - INFO - Starting worker for repo: https://github.com/FootballAnalysis/footballanalysis.git (scheduler.py:64)
2025-01-07 20:50:57,955 - SCHEDULER - INFO - Worker completed successfully for repo: https://github.com/FootballAnalysis/footballanalysis.git (scheduler.py:75)
2025-01-07 20:50:57,955 - SCHEDULER - INFO - Progress: 287/5778 repositories scanned. (scheduler.py:96)
2025-01-07 20:50:57,955 - SCHEDULER - INFO - Starting worker for repo: https://github.com/ForAllSecure/bncov.git (scheduler.py:64)
2025-01-07 20:51:06,842 - SCHEDULER - INFO - Worker completed successfully for repo: https://github.com/ForAllSecure/bncov.git (scheduler.py:75)
2025-01-07 20:51:06,842 - SCHEDULER - INFO - Progress: 288/5778 repositories scanned. (scheduler.py:96)
2025-01-07 20:51:06,842 - SCHEDULER - INFO - Starting worker for repo: https://github.com/ForMyCat/SparseGS.git (scheduler.py:64)
2025-01-07 20:51:19,236 - SCHEDULER - INFO - Worker completed successfully for repo: https://github.com/ForMyCat/SparseGS.git (scheduler.py:75)
2025-01-07 20:51:19,236 - SCHEDULER - INFO - Progress: 289/5778 repositories scanned. (scheduler.py:96)
2025-01-07 20:51:19,237 - SCHEDULER - INFO - Starting worker for repo: https://github.com/ForceBru/PyVM.git (scheduler.py:64)
2025-01-07 20:51:29,324 - SCHEDULER - INFO - Worker completed successfully for repo: https://github.com/ForceBru/PyVM.git (scheduler.py:75)
2025-01-07 20:51:29,324 - SCHEDULER - INFO - Progress: 290/5778 repositories scanned. (scheduler.py:96)
2025-01-07 20:51:29,324 - SCHEDULER - INFO - Starting worker for repo: https://github.com/ForceFledgling/proxyhub.git (scheduler.py:64)
2025-01-07 20:51:36,215 - SCHEDULER - INFO - Worker completed successfully for repo: https://github.com/FoodOntology/foodon.git (scheduler.py:75)
2025-01-07 20:51:36,215 - SCHEDULER - INFO - Progress: 291/5778 repositories scanned. (scheduler.py:96)
2025-01-07 20:51:36,215 - SCHEDULER - INFO - Starting worker for repo: https://github.com/ForceGT/Tata-Sky-IPTV.git (scheduler.py:64)
2025-01-07 20:51:39,510 - SCHEDULER - INFO - Worker completed successfully for repo: https://github.com/ForceFledgling/proxyhub.git (scheduler.py:75)
2025-01-07 20:51:39,510 - SCHEDULER - INFO - Progress: 292/5778 repositories scanned. (scheduler.py:96)
2025-01-07 20:51:39,510 - SCHEDULER - INFO - Starting worker for repo: https://github.com/Forden/aiogram-bot-template.git (scheduler.py:64)
2025-01-07 20:51:48,304 - SCHEDULER - INFO - Worker completed successfully for repo: https://github.com/ForceGT/Tata-Sky-IPTV.git (scheduler.py:75)
2025-01-07 20:51:48,304 - SCHEDULER - INFO - Progress: 293/5778 repositories scanned. (scheduler.py:96)
2025-01-07 20:51:48,305 - SCHEDULER - INFO - Starting worker for repo: https://github.com/ForecastOS/investos.git (scheduler.py:64)
2025-01-07 20:51:49,243 - SCHEDULER - INFO - Worker completed successfully for repo: https://github.com/Forden/aiogram-bot-template.git (scheduler.py:75)
2025-01-07 20:51:49,243 - SCHEDULER - INFO - Progress: 294/5778 repositories scanned. (scheduler.py:96)
2025-01-07 20:51:49,243 - SCHEDULER - INFO - Starting worker for repo: https://github.com/ForeignGods/ComfyUI-Mana-Nodes.git (scheduler.py:64)
2025-01-07 20:51:59,279 - SCHEDULER - INFO - Worker completed successfully for repo: https://github.com/ForeignGods/ComfyUI-Mana-Nodes.git (scheduler.py:75)
2025-01-07 20:51:59,279 - SCHEDULER - INFO - Progress: 295/5778 repositories scanned. (scheduler.py:96)
2025-01-07 20:51:59,279 - SCHEDULER - INFO - Starting worker for repo: https://github.com/ForeignGods/Sorting-Algorithms-Blender.git (scheduler.py:64)
2025-01-07 20:51:59,941 - SCHEDULER - INFO - Worker completed successfully for repo: https://github.com/ForecastOS/investos.git (scheduler.py:75)
2025-01-07 20:51:59,941 - SCHEDULER - INFO - Progress: 296/5778 repositories scanned. (scheduler.py:96)
2025-01-07 20:51:59,941 - SCHEDULER - INFO - Starting worker for repo: https://github.com/Forescout/project-memoria-detector.git (scheduler.py:64)
2025-01-07 20:52:09,664 - SCHEDULER - INFO - Worker completed successfully for repo: https://github.com/ForeignGods/Sorting-Algorithms-Blender.git (scheduler.py:75)
2025-01-07 20:52:09,664 - SCHEDULER - INFO - Progress: 297/5778 repositories scanned. (scheduler.py:96)
2025-01-07 20:52:09,664 - SCHEDULER - INFO - Starting worker for repo: https://github.com/ForestAdmin/django-forestadmin.git (scheduler.py:64)
2025-01-07 20:52:10,376 - SCHEDULER - INFO - Worker completed successfully for repo: https://github.com/Forescout/project-memoria-detector.git (scheduler.py:75)
2025-01-07 20:52:10,376 - SCHEDULER - INFO - Progress: 298/5778 repositories scanned. (scheduler.py:96)
2025-01-07 20:52:10,376 - SCHEDULER - INFO - Starting worker for repo: https://github.com/ForestLinSen/finance.git (scheduler.py:64)
2025-01-07 20:52:19,506 - SCHEDULER - INFO - Worker completed successfully for repo: https://github.com/ForestLinSen/finance.git (scheduler.py:75)
2025-01-07 20:52:19,506 - SCHEDULER - INFO - Progress: 299/5778 repositories scanned. (scheduler.py:96)
2025-01-07 20:52:19,506 - SCHEDULER - INFO - Starting worker for repo: https://github.com/ForeverPs/OPPO_6G_Data_Generation.git (scheduler.py:64)
2025-01-07 20:52:25,514 - SCHEDULER - INFO - Worker completed successfully for repo: https://github.com/ForestAdmin/django-forestadmin.git (scheduler.py:75)
2025-01-07 20:52:25,514 - SCHEDULER - INFO - Progress: 300/5778 repositories scanned. (scheduler.py:96)
2025-01-07 20:52:25,514 - SCHEDULER - INFO - Starting worker for repo: https://github.com/ForgeRock/forgeops.git (scheduler.py:64)
2025-01-07 20:52:30,293 - SCHEDULER - INFO - Worker completed successfully for repo: https://github.com/ForeverPs/OPPO_6G_Data_Generation.git (scheduler.py:75)
2025-01-07 20:52:30,294 - SCHEDULER - INFO - Progress: 301/5778 repositories scanned. (scheduler.py:96)
2025-01-07 20:52:30,294 - SCHEDULER - INFO - Starting worker for repo: https://github.com/ForgeXYZ/Arnold-For-Blender.git (scheduler.py:64)
2025-01-07 20:52:39,105 - SCHEDULER - INFO - Worker completed successfully for repo: https://github.com/ForgeRock/forgeops.git (scheduler.py:75)
2025-01-07 20:52:39,105 - SCHEDULER - INFO - Progress: 302/5778 repositories scanned. (scheduler.py:96)
2025-01-07 20:52:39,105 - SCHEDULER - INFO - Starting worker for repo: https://github.com/Forichok/TelegramOnlineSpy.git (scheduler.py:64)
2025-01-07 20:52:42,035 - SCHEDULER - INFO - Worker completed successfully for repo: https://github.com/ForgeXYZ/Arnold-For-Blender.git (scheduler.py:75)
2025-01-07 20:52:42,035 - SCHEDULER - INFO - Progress: 303/5778 repositories scanned. (scheduler.py:96)
2025-01-07 20:52:42,035 - SCHEDULER - INFO - Starting worker for repo: https://github.com/FormerLurker/Octolapse.git (scheduler.py:64)
2025-01-07 20:52:47,486 - SCHEDULER - INFO - Worker completed successfully for repo: https://github.com/Forichok/TelegramOnlineSpy.git (scheduler.py:75)
2025-01-07 20:52:47,486 - SCHEDULER - INFO - Progress: 304/5778 repositories scanned. (scheduler.py:96)
2025-01-07 20:52:47,486 - SCHEDULER - INFO - Starting worker for repo: https://github.com/FormulaMonks/python-obfuscation.git (scheduler.py:64)
2025-01-07 20:52:56,770 - SCHEDULER - INFO - Worker completed successfully for repo: https://github.com/FormulaMonks/python-obfuscation.git (scheduler.py:75)
2025-01-07 20:52:56,771 - SCHEDULER - INFO - Progress: 305/5778 repositories scanned. (scheduler.py:96)
2025-01-07 20:52:56,771 - SCHEDULER - INFO - Starting worker for repo: https://github.com/Fornoth/spotify-connect-web.git (scheduler.py:64)
2025-01-07 20:53:01,038 - SCHEDULER - INFO - Worker completed successfully for repo: https://github.com/FormerLurker/Octolapse.git (scheduler.py:75)
2025-01-07 20:53:01,038 - SCHEDULER - INFO - Progress: 306/5778 repositories scanned. (scheduler.py:96)
2025-01-07 20:53:01,038 - SCHEDULER - INFO - Starting worker for repo: https://github.com/ForrestKnight/SudokuSolver.git (scheduler.py:64)
2025-01-07 20:53:05,405 - SCHEDULER - INFO - Worker completed successfully for repo: https://github.com/Fornoth/spotify-connect-web.git (scheduler.py:75)
2025-01-07 20:53:05,405 - SCHEDULER - INFO - Progress: 307/5778 repositories scanned. (scheduler.py:96)
2025-01-07 20:53:05,405 - SCHEDULER - INFO - Starting worker for repo: https://github.com/ForrestKnight/yt-dislikes.git (scheduler.py:64)
2025-01-07 20:53:09,270 - SCHEDULER - INFO - Worker completed successfully for repo: https://github.com/ForrestKnight/SudokuSolver.git (scheduler.py:75)
2025-01-07 20:53:09,270 - SCHEDULER - INFO - Progress: 308/5778 repositories scanned. (scheduler.py:96)
2025-01-07 20:53:09,270 - SCHEDULER - INFO - Starting worker for repo: https://github.com/ForserX/StableDiffusionUI.git (scheduler.py:64)
2025-01-07 20:53:13,333 - SCHEDULER - INFO - Worker completed successfully for repo: https://github.com/ForrestKnight/yt-dislikes.git (scheduler.py:75)
2025-01-07 20:53:13,334 - SCHEDULER - INFO - Progress: 309/5778 repositories scanned. (scheduler.py:96)
2025-01-07 20:53:13,334 - SCHEDULER - INFO - Starting worker for repo: https://github.com/Fortran-FOSS-Programmers/ford.git (scheduler.py:64)
2025-01-07 20:53:23,464 - SCHEDULER - INFO - Worker completed successfully for repo: https://github.com/ForserX/StableDiffusionUI.git (scheduler.py:75)
2025-01-07 20:53:23,464 - SCHEDULER - INFO - Progress: 310/5778 repositories scanned. (scheduler.py:96)
2025-01-07 20:53:23,464 - SCHEDULER - INFO - Starting worker for repo: https://github.com/FortuneC00kie/bug-monitor.git (scheduler.py:64)
2025-01-07 20:53:26,727 - SCHEDULER - INFO - Worker completed successfully for repo: https://github.com/Fortran-FOSS-Programmers/ford.git (scheduler.py:75)
2025-01-07 20:53:26,727 - SCHEDULER - INFO - Progress: 311/5778 repositories scanned. (scheduler.py:96)
2025-01-07 20:53:26,727 - SCHEDULER - INFO - Starting worker for repo: https://github.com/FortuneDayssss/BilibiliUploader.git (scheduler.py:64)
2025-01-07 20:53:31,492 - SCHEDULER - INFO - Worker completed successfully for repo: https://github.com/FortuneC00kie/bug-monitor.git (scheduler.py:75)
2025-01-07 20:53:31,492 - SCHEDULER - INFO - Progress: 312/5778 repositories scanned. (scheduler.py:96)
2025-01-07 20:53:31,492 - SCHEDULER - INFO - Starting worker for repo: https://github.com/ForzaETH/race_stack.git (scheduler.py:64)
2025-01-07 20:53:35,563 - SCHEDULER - INFO - Worker completed successfully for repo: https://github.com/FortuneDayssss/BilibiliUploader.git (scheduler.py:75)
2025-01-07 20:53:35,563 - SCHEDULER - INFO - Progress: 313/5778 repositories scanned. (scheduler.py:96)
2025-01-07 20:53:35,563 - SCHEDULER - INFO - Starting worker for repo: https://github.com/FoundationVision/GenerateU.git (scheduler.py:64)
2025-01-07 20:53:46,038 - SCHEDULER - INFO - Worker completed successfully for repo: https://github.com/ForzaETH/race_stack.git (scheduler.py:75)
2025-01-07 20:53:46,038 - SCHEDULER - INFO - Progress: 314/5778 repositories scanned. (scheduler.py:96)
2025-01-07 20:53:46,038 - SCHEDULER - INFO - Starting worker for repo: https://github.com/FoundationVision/Groma.git (scheduler.py:64)
2025-01-07 20:53:56,198 - SCHEDULER - INFO - Worker completed successfully for repo: https://github.com/FoundationVision/GenerateU.git (scheduler.py:75)
2025-01-07 20:53:56,198 - SCHEDULER - INFO - Progress: 315/5778 repositories scanned. (scheduler.py:96)
2025-01-07 20:53:56,198 - SCHEDULER - INFO - Starting worker for repo: https://github.com/FoundationVision/OmniTokenizer.git (scheduler.py:64)
2025-01-07 20:54:12,397 - SCHEDULER - INFO - Worker completed successfully for repo: https://github.com/FoundationVision/OmniTokenizer.git (scheduler.py:75)
2025-01-07 20:54:12,397 - SCHEDULER - INFO - Progress: 316/5778 repositories scanned. (scheduler.py:96)
2025-01-07 20:54:12,397 - SCHEDULER - INFO - Starting worker for repo: https://github.com/FoundationVision/UniRef.git (scheduler.py:64)
2025-01-07 20:54:19,979 - SCHEDULER - INFO - Worker completed successfully for repo: https://github.com/FoundationVision/Groma.git (scheduler.py:75)
2025-01-07 20:54:19,979 - SCHEDULER - INFO - Progress: 317/5778 repositories scanned. (scheduler.py:96)
2025-01-07 20:54:19,979 - SCHEDULER - INFO - Starting worker for repo: https://github.com/FourThievesVinegar/solderless-microlab.git (scheduler.py:64)
2025-01-07 20:54:33,270 - SCHEDULER - INFO - Worker completed successfully for repo: https://github.com/FourThievesVinegar/solderless-microlab.git (scheduler.py:75)
2025-01-07 20:54:33,270 - SCHEDULER - INFO - Progress: 318/5778 repositories scanned. (scheduler.py:96)
2025-01-07 20:54:33,270 - SCHEDULER - INFO - Starting worker for repo: https://github.com/FourthBrain/FastAPI-for-Machine-Learning-Live-Demo.git (scheduler.py:64)
2025-01-07 20:54:37,520 - SCHEDULER - INFO - Worker completed successfully for repo: https://github.com/FoundationVision/UniRef.git (scheduler.py:75)
2025-01-07 20:54:37,520 - SCHEDULER - INFO - Progress: 319/5778 repositories scanned. (scheduler.py:96)
2025-01-07 20:54:37,520 - SCHEDULER - INFO - Starting worker for repo: https://github.com/Foveluy/Fz-node.git (scheduler.py:64)
2025-01-07 20:54:40,899 - SCHEDULER - INFO - Worker completed successfully for repo: https://github.com/FourthBrain/FastAPI-for-Machine-Learning-Live-Demo.git (scheduler.py:75)
2025-01-07 20:54:40,899 - SCHEDULER - INFO - Progress: 320/5778 repositories scanned. (scheduler.py:96)
2025-01-07 20:54:40,899 - SCHEDULER - INFO - Starting worker for repo: https://github.com/Foxel05/freqtrade-stuff.git (scheduler.py:64)
2025-01-07 20:54:46,255 - SCHEDULER - INFO - Worker completed successfully for repo: https://github.com/Foveluy/Fz-node.git (scheduler.py:75)
2025-01-07 20:54:46,255 - SCHEDULER - INFO - Progress: 321/5778 repositories scanned. (scheduler.py:96)
2025-01-07 20:54:46,255 - SCHEDULER - INFO - Starting worker for repo: https://github.com/FozerG/WinYandexMusicRPC.git (scheduler.py:64)
2025-01-07 20:54:56,392 - SCHEDULER - INFO - Worker completed successfully for repo: https://github.com/Foxel05/freqtrade-stuff.git (scheduler.py:75)
2025-01-07 20:54:56,392 - SCHEDULER - INFO - Progress: 322/5778 repositories scanned. (scheduler.py:96)
2025-01-07 20:54:56,392 - SCHEDULER - INFO - Starting worker for repo: https://github.com/Fplyth0ner-Combie/Bug-Project-Framework.git (scheduler.py:64)
2025-01-07 20:54:57,093 - SCHEDULER - INFO - Worker completed successfully for repo: https://github.com/FozerG/WinYandexMusicRPC.git (scheduler.py:75)
2025-01-07 20:54:57,093 - SCHEDULER - INFO - Progress: 323/5778 repositories scanned. (scheduler.py:96)
2025-01-07 20:54:57,093 - SCHEDULER - INFO - Starting worker for repo: https://github.com/FraBle/python-duckling.git (scheduler.py:64)
2025-01-07 20:55:06,528 - SCHEDULER - INFO - Worker completed successfully for repo: https://github.com/FraBle/python-duckling.git (scheduler.py:75)
2025-01-07 20:55:06,528 - SCHEDULER - INFO - Progress: 324/5778 repositories scanned. (scheduler.py:96)
2025-01-07 20:55:06,528 - SCHEDULER - INFO - Starting worker for repo: https://github.com/FraBle/python-sutime.git (scheduler.py:64)
2025-01-07 20:55:08,430 - SCHEDULER - INFO - Worker completed successfully for repo: https://github.com/Fplyth0ner-Combie/Bug-Project-Framework.git (scheduler.py:75)
2025-01-07 20:55:08,431 - SCHEDULER - INFO - Progress: 325/5778 repositories scanned. (scheduler.py:96)
2025-01-07 20:55:08,431 - SCHEDULER - INFO - Starting worker for repo: https://github.com/FrancescoCeruti/linux-show-player.git (scheduler.py:64)
2025-01-07 20:55:15,360 - SCHEDULER - INFO - Worker completed successfully for repo: https://github.com/FraBle/python-sutime.git (scheduler.py:75)
2025-01-07 20:55:15,360 - SCHEDULER - INFO - Progress: 326/5778 repositories scanned. (scheduler.py:96)
2025-01-07 20:55:15,360 - SCHEDULER - INFO - Starting worker for repo: https://github.com/Francis-Rings/MotionEditor.git (scheduler.py:64)
2025-01-07 20:55:22,680 - SCHEDULER - INFO - Worker completed successfully for repo: https://github.com/FrancescoCeruti/linux-show-player.git (scheduler.py:75)
2025-01-07 20:55:22,680 - SCHEDULER - INFO - Progress: 327/5778 repositories scanned. (scheduler.py:96)
2025-01-07 20:55:22,680 - SCHEDULER - INFO - Starting worker for repo: https://github.com/Francis-Rings/MotionFollower.git (scheduler.py:64)
2025-01-07 20:55:30,003 - SCHEDULER - INFO - Worker completed successfully for repo: https://github.com/Francis-Rings/MotionEditor.git (scheduler.py:75)
2025-01-07 20:55:30,003 - SCHEDULER - INFO - Progress: 328/5778 repositories scanned. (scheduler.py:96)
2025-01-07 20:55:30,003 - SCHEDULER - INFO - Starting worker for repo: https://github.com/Francis0625/Omni-SR.git (scheduler.py:64)
2025-01-07 20:55:33,769 - SCHEDULER - INFO - Worker completed successfully for repo: https://github.com/Francis-Rings/MotionFollower.git (scheduler.py:75)
2025-01-07 20:55:33,769 - SCHEDULER - INFO - Progress: 329/5778 repositories scanned. (scheduler.py:96)
2025-01-07 20:55:33,769 - SCHEDULER - INFO - Starting worker for repo: https://github.com/FrancoisGrondin/BIRD.git (scheduler.py:64)
2025-01-07 20:55:39,685 - SCHEDULER - INFO - Worker completed successfully for repo: https://github.com/Francis0625/Omni-SR.git (scheduler.py:75)
2025-01-07 20:55:39,685 - SCHEDULER - INFO - Progress: 330/5778 repositories scanned. (scheduler.py:96)
2025-01-07 20:55:39,685 - SCHEDULER - INFO - Starting worker for repo: https://github.com/Frank-qlu/recruit.git (scheduler.py:64)
2025-01-07 20:55:42,650 - SCHEDULER - INFO - Worker completed successfully for repo: https://github.com/FrancoisGrondin/BIRD.git (scheduler.py:75)
2025-01-07 20:55:42,650 - SCHEDULER - INFO - Progress: 331/5778 repositories scanned. (scheduler.py:96)
2025-01-07 20:55:42,650 - SCHEDULER - INFO - Starting worker for repo: https://github.com/FrankC01/pysui.git (scheduler.py:64)
2025-01-07 20:55:49,872 - SCHEDULER - INFO - Worker completed successfully for repo: https://github.com/Frank-qlu/recruit.git (scheduler.py:75)
2025-01-07 20:55:49,872 - SCHEDULER - INFO - Progress: 332/5778 repositories scanned. (scheduler.py:96)
2025-01-07 20:55:49,872 - SCHEDULER - INFO - Starting worker for repo: https://github.com/FrankWork/fudan_mtl_reviews.git (scheduler.py:64)
2025-01-07 20:55:57,593 - SCHEDULER - INFO - Worker completed successfully for repo: https://github.com/FrankC01/pysui.git (scheduler.py:75)
2025-01-07 20:55:57,593 - SCHEDULER - INFO - Progress: 333/5778 repositories scanned. (scheduler.py:96)
2025-01-07 20:55:57,593 - SCHEDULER - INFO - Starting worker for repo: https://github.com/Frankenmint/PKGenerator_Checker.git (scheduler.py:64)
2025-01-07 20:55:59,055 - SCHEDULER - INFO - Worker completed successfully for repo: https://github.com/FrankWork/fudan_mtl_reviews.git (scheduler.py:75)
2025-01-07 20:55:59,055 - SCHEDULER - INFO - Progress: 334/5778 repositories scanned. (scheduler.py:96)
2025-01-07 20:55:59,055 - SCHEDULER - INFO - Starting worker for repo: https://github.com/Franklin-Zhang0/Yolo-v8-Apex-Aim-assist.git (scheduler.py:64)
2025-01-07 20:56:05,174 - SCHEDULER - INFO - Worker completed successfully for repo: https://github.com/Frankenmint/PKGenerator_Checker.git (scheduler.py:75)
2025-01-07 20:56:05,175 - SCHEDULER - INFO - Progress: 335/5778 repositories scanned. (scheduler.py:96)
2025-01-07 20:56:05,175 - SCHEDULER - INFO - Starting worker for repo: https://github.com/Frankluox/LightningFSL.git (scheduler.py:64)
2025-01-07 20:56:10,640 - SCHEDULER - INFO - Worker completed successfully for repo: https://github.com/Franklin-Zhang0/Yolo-v8-Apex-Aim-assist.git (scheduler.py:75)
2025-01-07 20:56:10,640 - SCHEDULER - INFO - Progress: 336/5778 repositories scanned. (scheduler.py:96)
2025-01-07 20:56:10,640 - SCHEDULER - INFO - Starting worker for repo: https://github.com/FranxYao/Long-Context-Data-Engineering.git (scheduler.py:64)
2025-01-07 20:56:15,059 - SCHEDULER - INFO - Worker completed successfully for repo: https://github.com/Frankluox/LightningFSL.git (scheduler.py:75)
2025-01-07 20:56:15,060 - SCHEDULER - INFO - Progress: 337/5778 repositories scanned. (scheduler.py:96)
2025-01-07 20:56:15,060 - SCHEDULER - INFO - Starting worker for repo: https://github.com/FranxYao/dgm_latent_bow.git (scheduler.py:64)
2025-01-07 20:56:20,078 - SCHEDULER - INFO - Worker completed successfully for repo: https://github.com/FranxYao/Long-Context-Data-Engineering.git (scheduler.py:75)
2025-01-07 20:56:20,078 - SCHEDULER - INFO - Progress: 338/5778 repositories scanned. (scheduler.py:96)
2025-01-07 20:56:20,078 - SCHEDULER - INFO - Starting worker for repo: https://github.com/Fraser-Greenlee/transformer-vae.git (scheduler.py:64)
2025-01-07 20:56:26,046 - SCHEDULER - INFO - Worker completed successfully for repo: https://github.com/FranxYao/dgm_latent_bow.git (scheduler.py:75)
2025-01-07 20:56:26,046 - SCHEDULER - INFO - Progress: 339/5778 repositories scanned. (scheduler.py:96)
2025-01-07 20:56:26,047 - SCHEDULER - INFO - Starting worker for repo: https://github.com/Fraunhofer-AISEC/gallia.git (scheduler.py:64)
2025-01-07 20:56:29,717 - SCHEDULER - INFO - Worker completed successfully for repo: https://github.com/Fraser-Greenlee/transformer-vae.git (scheduler.py:75)
2025-01-07 20:56:29,717 - SCHEDULER - INFO - Progress: 340/5778 repositories scanned. (scheduler.py:96)
2025-01-07 20:56:29,717 - SCHEDULER - INFO - Starting worker for repo: https://github.com/FreddieWitherden/ta.git (scheduler.py:64)
2025-01-07 20:56:38,398 - SCHEDULER - INFO - Worker completed successfully for repo: https://github.com/FreddieWitherden/ta.git (scheduler.py:75)
2025-01-07 20:56:38,398 - SCHEDULER - INFO - Progress: 341/5778 repositories scanned. (scheduler.py:96)
2025-01-07 20:56:38,398 - SCHEDULER - INFO - Starting worker for repo: https://github.com/FredericGodin/DynamicCNN.git (scheduler.py:64)
2025-01-07 20:56:40,694 - SCHEDULER - INFO - Worker completed successfully for repo: https://github.com/Fraunhofer-AISEC/gallia.git (scheduler.py:75)
2025-01-07 20:56:40,694 - SCHEDULER - INFO - Progress: 342/5778 repositories scanned. (scheduler.py:96)
2025-01-07 20:56:40,694 - SCHEDULER - INFO - Starting worker for repo: https://github.com/FrederikSchorr/sign-language.git (scheduler.py:64)
2025-01-07 20:56:48,181 - SCHEDULER - INFO - Worker completed successfully for repo: https://github.com/FredericGodin/DynamicCNN.git (scheduler.py:75)
2025-01-07 20:56:48,181 - SCHEDULER - INFO - Progress: 343/5778 repositories scanned. (scheduler.py:96)
2025-01-07 20:56:48,181 - SCHEDULER - INFO - Starting worker for repo: https://github.com/FreeCAD/FreeCAD-Bundle.git (scheduler.py:64)
2025-01-07 20:56:50,378 - SCHEDULER - INFO - Worker completed successfully for repo: https://github.com/FrederikSchorr/sign-language.git (scheduler.py:75)
2025-01-07 20:56:50,378 - SCHEDULER - INFO - Progress: 344/5778 repositories scanned. (scheduler.py:96)
2025-01-07 20:56:50,378 - SCHEDULER - INFO - Starting worker for repo: https://github.com/FreeCAD/FreeCAD-macros.git (scheduler.py:64)
2025-01-07 20:56:57,512 - SCHEDULER - INFO - Worker completed successfully for repo: https://github.com/FreeCAD/FreeCAD-Bundle.git (scheduler.py:75)
2025-01-07 20:56:57,513 - SCHEDULER - INFO - Progress: 345/5778 repositories scanned. (scheduler.py:96)
2025-01-07 20:56:57,513 - SCHEDULER - INFO - Starting worker for repo: https://github.com/FreeCAD/FreeCAD-render.git (scheduler.py:64)
2025-01-07 20:57:00,963 - SCHEDULER - INFO - Worker completed successfully for repo: https://github.com/FreeCAD/FreeCAD-macros.git (scheduler.py:75)
2025-01-07 20:57:00,964 - SCHEDULER - INFO - Progress: 346/5778 repositories scanned. (scheduler.py:96)
2025-01-07 20:57:00,964 - SCHEDULER - INFO - Starting worker for repo: https://github.com/FreeLanguageTools/vocabsieve.git (scheduler.py:64)
2025-01-07 20:57:11,760 - SCHEDULER - INFO - Worker completed successfully for repo: https://github.com/FreeCAD/FreeCAD-render.git (scheduler.py:75)
2025-01-07 20:57:11,760 - SCHEDULER - INFO - Progress: 347/5778 repositories scanned. (scheduler.py:96)
2025-01-07 20:57:11,760 - SCHEDULER - INFO - Starting worker for repo: https://github.com/FreeOpcUa/opcua-client-gui.git (scheduler.py:64)
2025-01-07 20:57:12,854 - SCHEDULER - INFO - Worker completed successfully for repo: https://github.com/FreeLanguageTools/vocabsieve.git (scheduler.py:75)
2025-01-07 20:57:12,854 - SCHEDULER - INFO - Progress: 348/5778 repositories scanned. (scheduler.py:96)
2025-01-07 20:57:12,854 - SCHEDULER - INFO - Starting worker for repo: https://github.com/FreeOpcUa/opcua-modeler.git (scheduler.py:64)
2025-01-07 20:57:21,340 - SCHEDULER - INFO - Worker completed successfully for repo: https://github.com/FreeOpcUa/opcua-client-gui.git (scheduler.py:75)
2025-01-07 20:57:21,340 - SCHEDULER - INFO - Progress: 349/5778 repositories scanned. (scheduler.py:96)
2025-01-07 20:57:21,341 - SCHEDULER - INFO - Starting worker for repo: https://github.com/FreeStyleFreeLunch/FreeStyle.git (scheduler.py:64)
2025-01-07 20:57:22,339 - SCHEDULER - INFO - Worker completed successfully for repo: https://github.com/FreeOpcUa/opcua-modeler.git (scheduler.py:75)
2025-01-07 20:57:22,339 - SCHEDULER - INFO - Progress: 350/5778 repositories scanned. (scheduler.py:96)
2025-01-07 20:57:22,339 - SCHEDULER - INFO - Starting worker for repo: https://github.com/FreeTAKTeam/FreeTakServer.git (scheduler.py:64)
2025-01-07 20:57:44,559 - SCHEDULER - INFO - Worker completed successfully for repo: https://github.com/FreeTAKTeam/FreeTakServer.git (scheduler.py:75)
2025-01-07 20:57:44,559 - SCHEDULER - INFO - Progress: 351/5778 repositories scanned. (scheduler.py:96)
2025-01-07 20:57:44,559 - SCHEDULER - INFO - Starting worker for repo: https://github.com/Freedium-cfd/web.git (scheduler.py:64)
2025-01-07 20:57:58,099 - SCHEDULER - INFO - Worker completed successfully for repo: https://github.com/Freedium-cfd/web.git (scheduler.py:75)
2025-01-07 20:57:58,100 - SCHEDULER - INFO - Progress: 352/5778 repositories scanned. (scheduler.py:96)
2025-01-07 20:57:58,100 - SCHEDULER - INFO - Starting worker for repo: https://github.com/FreedomGu/DiffPortrait3D.git (scheduler.py:64)
2025-01-07 20:58:11,597 - SCHEDULER - INFO - Worker completed successfully for repo: https://github.com/FreedomGu/DiffPortrait3D.git (scheduler.py:75)
2025-01-07 20:58:11,597 - SCHEDULER - INFO - Progress: 353/5778 repositories scanned. (scheduler.py:96)
2025-01-07 20:58:11,597 - SCHEDULER - INFO - Starting worker for repo: https://github.com/FreedomIntelligence/ALLaVA.git (scheduler.py:64)
2025-01-07 20:58:14,387 - SCHEDULER - INFO - Worker completed successfully for repo: https://github.com/FreeStyleFreeLunch/FreeStyle.git (scheduler.py:75)
2025-01-07 20:58:14,387 - SCHEDULER - INFO - Progress: 354/5778 repositories scanned. (scheduler.py:96)
2025-01-07 20:58:14,387 - SCHEDULER - INFO - Starting worker for repo: https://github.com/FreedomIntelligence/AceGPT.git (scheduler.py:64)
2025-01-07 20:58:21,086 - SCHEDULER - INFO - Worker completed successfully for repo: https://github.com/FreedomIntelligence/ALLaVA.git (scheduler.py:75)
2025-01-07 20:58:21,087 - SCHEDULER - INFO - Progress: 355/5778 repositories scanned. (scheduler.py:96)
2025-01-07 20:58:21,087 - SCHEDULER - INFO - Starting worker for repo: https://github.com/FreedomIntelligence/Apollo.git (scheduler.py:64)
2025-01-07 20:58:24,971 - SCHEDULER - INFO - Worker completed successfully for repo: https://github.com/FreedomIntelligence/AceGPT.git (scheduler.py:75)
2025-01-07 20:58:24,972 - SCHEDULER - INFO - Progress: 356/5778 repositories scanned. (scheduler.py:96)
2025-01-07 20:58:24,972 - SCHEDULER - INFO - Starting worker for repo: https://github.com/FreedomIntelligence/CMB.git (scheduler.py:64)
2025-01-07 20:58:32,180 - SCHEDULER - INFO - Worker completed successfully for repo: https://github.com/FreedomIntelligence/Apollo.git (scheduler.py:75)
2025-01-07 20:58:32,180 - SCHEDULER - INFO - Progress: 357/5778 repositories scanned. (scheduler.py:96)
2025-01-07 20:58:32,180 - SCHEDULER - INFO - Starting worker for repo: https://github.com/FreedomIntelligence/Chain-of-Diagnosis.git (scheduler.py:64)
2025-01-07 20:58:37,710 - SCHEDULER - INFO - Worker completed successfully for repo: https://github.com/FreedomIntelligence/CMB.git (scheduler.py:75)
2025-01-07 20:58:37,710 - SCHEDULER - INFO - Progress: 358/5778 repositories scanned. (scheduler.py:96)
2025-01-07 20:58:37,710 - SCHEDULER - INFO - Starting worker for repo: https://github.com/FreedomIntelligence/Evaluation-of-ChatGPT-on-Information-Extraction.git (scheduler.py:64)
2025-01-07 20:58:41,917 - SCHEDULER - INFO - Worker completed successfully for repo: https://github.com/FreedomIntelligence/Chain-of-Diagnosis.git (scheduler.py:75)
2025-01-07 20:58:41,917 - SCHEDULER - INFO - Progress: 359/5778 repositories scanned. (scheduler.py:96)
2025-01-07 20:58:41,917 - SCHEDULER - INFO - Starting worker for repo: https://github.com/FreedomIntelligence/GrammarGPT.git (scheduler.py:64)
2025-01-07 20:58:50,350 - SCHEDULER - INFO - Worker completed successfully for repo: https://github.com/FreedomIntelligence/Evaluation-of-ChatGPT-on-Information-Extraction.git (scheduler.py:75)
2025-01-07 20:58:50,350 - SCHEDULER - INFO - Progress: 360/5778 repositories scanned. (scheduler.py:96)
2025-01-07 20:58:50,351 - SCHEDULER - INFO - Starting worker for repo: https://github.com/FreedomIntelligence/HuatuoGPT-II.git (scheduler.py:64)
2025-01-07 20:58:51,049 - SCHEDULER - INFO - Worker completed successfully for repo: https://github.com/FreedomIntelligence/GrammarGPT.git (scheduler.py:75)
2025-01-07 20:58:51,049 - SCHEDULER - INFO - Progress: 361/5778 repositories scanned. (scheduler.py:96)
2025-01-07 20:58:51,049 - SCHEDULER - INFO - Starting worker for repo: https://github.com/FreedomIntelligence/HuatuoGPT-Vision.git (scheduler.py:64)
2025-01-07 20:59:00,280 - SCHEDULER - INFO - Worker completed successfully for repo: https://github.com/FreedomIntelligence/HuatuoGPT-Vision.git (scheduler.py:75)
2025-01-07 20:59:00,280 - SCHEDULER - INFO - Progress: 362/5778 repositories scanned. (scheduler.py:96)
2025-01-07 20:59:00,280 - SCHEDULER - INFO - Starting worker for repo: https://github.com/FreedomIntelligence/LongLLaVA.git (scheduler.py:64)
2025-01-07 20:59:00,984 - SCHEDULER - INFO - Worker completed successfully for repo: https://github.com/FreedomIntelligence/HuatuoGPT-II.git (scheduler.py:75)
2025-01-07 20:59:00,984 - SCHEDULER - INFO - Progress: 363/5778 repositories scanned. (scheduler.py:96)
2025-01-07 20:59:00,984 - SCHEDULER - INFO - Starting worker for repo: https://github.com/FreedomIntelligence/TextClassificationBenchmark.git (scheduler.py:64)
2025-01-07 20:59:11,970 - SCHEDULER - INFO - Worker completed successfully for repo: https://github.com/FreedomIntelligence/TextClassificationBenchmark.git (scheduler.py:75)
2025-01-07 20:59:11,970 - SCHEDULER - INFO - Progress: 364/5778 repositories scanned. (scheduler.py:96)
2025-01-07 20:59:11,971 - SCHEDULER - INFO - Starting worker for repo: https://github.com/FreedomIntelligence/crosstalk-generation.git (scheduler.py:64)
2025-01-07 20:59:13,521 - SCHEDULER - INFO - Worker completed successfully for repo: https://github.com/FreedomIntelligence/LongLLaVA.git (scheduler.py:75)
2025-01-07 20:59:13,521 - SCHEDULER - INFO - Progress: 365/5778 repositories scanned. (scheduler.py:96)
2025-01-07 20:59:13,521 - SCHEDULER - INFO - Starting worker for repo: https://github.com/FreedomIntelligence/qnn.git (scheduler.py:64)
2025-01-07 20:59:23,559 - SCHEDULER - INFO - Worker completed successfully for repo: https://github.com/FreedomIntelligence/crosstalk-generation.git (scheduler.py:75)
2025-01-07 20:59:23,559 - SCHEDULER - INFO - Progress: 366/5778 repositories scanned. (scheduler.py:96)
2025-01-07 20:59:23,559 - SCHEDULER - INFO - Starting worker for repo: https://github.com/FreeformRobotics/Divide-and-Co-training.git (scheduler.py:64)
2025-01-07 20:59:27,664 - SCHEDULER - INFO - Worker completed successfully for repo: https://github.com/FreedomIntelligence/qnn.git (scheduler.py:75)
2025-01-07 20:59:27,664 - SCHEDULER - INFO - Progress: 367/5778 repositories scanned. (scheduler.py:96)
2025-01-07 20:59:27,664 - SCHEDULER - INFO - Starting worker for repo: https://github.com/Freemanzxp/GBDT_Simple_Tutorial.git (scheduler.py:64)
2025-01-07 20:59:36,647 - SCHEDULER - INFO - Worker completed successfully for repo: https://github.com/Freemanzxp/GBDT_Simple_Tutorial.git (scheduler.py:75)
2025-01-07 20:59:36,647 - SCHEDULER - INFO - Progress: 368/5778 repositories scanned. (scheduler.py:96)
2025-01-07 20:59:36,647 - SCHEDULER - INFO - Starting worker for repo: https://github.com/Freenove/Freenove_Big_Hexapod_Robot_Kit_for_Raspberry_Pi.git (scheduler.py:64)
2025-01-07 20:59:37,353 - SCHEDULER - INFO - Worker completed successfully for repo: https://github.com/FreeformRobotics/Divide-and-Co-training.git (scheduler.py:75)
2025-01-07 20:59:37,353 - SCHEDULER - INFO - Progress: 369/5778 repositories scanned. (scheduler.py:96)
2025-01-07 20:59:37,354 - SCHEDULER - INFO - Starting worker for repo: https://github.com/Freenove/Freenove_ESP32_S3_WROOM_Board.git (scheduler.py:64)
2025-01-07 20:59:58,065 - SCHEDULER - INFO - Worker completed successfully for repo: https://github.com/Freenove/Freenove_ESP32_S3_WROOM_Board.git (scheduler.py:75)
2025-01-07 20:59:58,065 - SCHEDULER - INFO - Progress: 370/5778 repositories scanned. (scheduler.py:96)
2025-01-07 20:59:58,065 - SCHEDULER - INFO - Starting worker for repo: https://github.com/FrenchCisco/RATel.git (scheduler.py:64)
2025-01-07 21:00:06,648 - SCHEDULER - INFO - Worker completed successfully for repo: https://github.com/FrenchCisco/RATel.git (scheduler.py:75)
2025-01-07 21:00:06,649 - SCHEDULER - INFO - Progress: 371/5778 repositories scanned. (scheduler.py:96)
2025-01-07 21:00:06,649 - SCHEDULER - INFO - Starting worker for repo: https://github.com/FrenkT/LaneTracking.git (scheduler.py:64)
2025-01-07 21:00:14,179 - SCHEDULER - INFO - Worker completed successfully for repo: https://github.com/FrenkT/LaneTracking.git (scheduler.py:75)
2025-01-07 21:00:14,179 - SCHEDULER - INFO - Progress: 372/5778 repositories scanned. (scheduler.py:96)
2025-01-07 21:00:14,179 - SCHEDULER - INFO - Starting worker for repo: https://github.com/FreshAirTonight/af2complex.git (scheduler.py:64)
2025-01-07 21:00:27,480 - SCHEDULER - INFO - Worker completed successfully for repo: https://github.com/FreshAirTonight/af2complex.git (scheduler.py:75)
2025-01-07 21:00:27,480 - SCHEDULER - INFO - Progress: 373/5778 repositories scanned. (scheduler.py:96)
2025-01-07 21:00:27,480 - SCHEDULER - INFO - Starting worker for repo: https://github.com/Fribb/MyAnimeList.bundle.git (scheduler.py:64)
2025-01-07 21:00:35,358 - SCHEDULER - INFO - Worker completed successfully for repo: https://github.com/Fribb/MyAnimeList.bundle.git (scheduler.py:75)
2025-01-07 21:00:35,358 - SCHEDULER - INFO - Progress: 374/5778 repositories scanned. (scheduler.py:96)
2025-01-07 21:00:35,358 - SCHEDULER - INFO - Starting worker for repo: https://github.com/Frica01/WeChat-mass-msg.git (scheduler.py:64)
2025-01-07 21:00:45,544 - SCHEDULER - INFO - Worker completed successfully for repo: https://github.com/Frica01/WeChat-mass-msg.git (scheduler.py:75)
2025-01-07 21:00:45,544 - SCHEDULER - INFO - Progress: 375/5778 repositories scanned. (scheduler.py:96)
2025-01-07 21:00:45,544 - SCHEDULER - INFO - Starting worker for repo: https://github.com/Frica01/WeChatMassTool.git (scheduler.py:64)
2025-01-07 21:00:54,728 - SCHEDULER - INFO - Worker completed successfully for repo: https://github.com/Frica01/WeChatMassTool.git (scheduler.py:75)
2025-01-07 21:00:54,728 - SCHEDULER - INFO - Progress: 376/5778 repositories scanned. (scheduler.py:96)
2025-01-07 21:00:54,728 - SCHEDULER - INFO - Starting worker for repo: https://github.com/Fried-Rice-Lab/FriedRiceLab.git (scheduler.py:64)
2025-01-07 21:01:07,379 - SCHEDULER - INFO - Worker completed successfully for repo: https://github.com/Fried-Rice-Lab/FriedRiceLab.git (scheduler.py:75)
2025-01-07 21:01:07,379 - SCHEDULER - INFO - Progress: 377/5778 repositories scanned. (scheduler.py:96)
2025-01-07 21:01:07,379 - SCHEDULER - INFO - Starting worker for repo: https://github.com/FriedAppleTeam/FRAPL.git (scheduler.py:64)
2025-01-07 21:01:16,315 - SCHEDULER - INFO - Worker completed successfully for repo: https://github.com/FriedAppleTeam/FRAPL.git (scheduler.py:75)
2025-01-07 21:01:16,315 - SCHEDULER - INFO - Progress: 378/5778 repositories scanned. (scheduler.py:96)
2025-01-07 21:01:16,315 - SCHEDULER - INFO - Starting worker for repo: https://github.com/FriedRonaldo/SinGAN.git (scheduler.py:64)
2025-01-07 21:01:25,148 - SCHEDULER - INFO - Worker completed successfully for repo: https://github.com/FriedRonaldo/SinGAN.git (scheduler.py:75)
2025-01-07 21:01:25,148 - SCHEDULER - INFO - Progress: 379/5778 repositories scanned. (scheduler.py:96)
2025-01-07 21:01:25,148 - SCHEDULER - INFO - Starting worker for repo: https://github.com/Friedrich-M/Wheeled-robot-path-planning-algorithm.git (scheduler.py:64)
2025-01-07 21:01:33,480 - SCHEDULER - INFO - Worker completed successfully for repo: https://github.com/Friedrich-M/Wheeled-robot-path-planning-algorithm.git (scheduler.py:75)
2025-01-07 21:01:33,480 - SCHEDULER - INFO - Progress: 380/5778 repositories scanned. (scheduler.py:96)
2025-01-07 21:01:33,480 - SCHEDULER - INFO - Starting worker for repo: https://github.com/Friends-of-Tracking-Data-FoTD/LaurieOnTracking.git (scheduler.py:64)
2025-01-07 21:01:41,563 - SCHEDULER - INFO - Worker completed successfully for repo: https://github.com/Friends-of-Tracking-Data-FoTD/LaurieOnTracking.git (scheduler.py:75)
2025-01-07 21:01:41,563 - SCHEDULER - INFO - Progress: 381/5778 repositories scanned. (scheduler.py:96)
2025-01-07 21:01:41,563 - SCHEDULER - INFO - Starting worker for repo: https://github.com/Friends-of-Tracking-Data-FoTD/SoccermaticsForPython.git (scheduler.py:64)
2025-01-07 21:01:49,846 - SCHEDULER - INFO - Worker completed successfully for repo: https://github.com/Friends-of-Tracking-Data-FoTD/SoccermaticsForPython.git (scheduler.py:75)
2025-01-07 21:01:49,846 - SCHEDULER - INFO - Progress: 382/5778 repositories scanned. (scheduler.py:96)
2025-01-07 21:01:49,846 - SCHEDULER - INFO - Starting worker for repo: https://github.com/Friends-of-Tracking-Data-FoTD/passing-networks-in-python.git (scheduler.py:64)
2025-01-07 21:01:58,678 - SCHEDULER - INFO - Worker completed successfully for repo: https://github.com/Friends-of-Tracking-Data-FoTD/passing-networks-in-python.git (scheduler.py:75)
2025-01-07 21:01:58,678 - SCHEDULER - INFO - Progress: 383/5778 repositories scanned. (scheduler.py:96)
2025-01-07 21:01:58,678 - SCHEDULER - INFO - Starting worker for repo: https://github.com/Frikallo/MISST.git (scheduler.py:64)
2025-01-07 21:02:13,631 - SCHEDULER - INFO - Worker completed successfully for repo: https://github.com/Frikallo/MISST.git (scheduler.py:75)
2025-01-07 21:02:13,631 - SCHEDULER - INFO - Progress: 384/5778 repositories scanned. (scheduler.py:96)
2025-01-07 21:02:13,631 - SCHEDULER - INFO - Starting worker for repo: https://github.com/Frissi0n/GTFONow.git (scheduler.py:64)
2025-01-07 21:02:22,209 - SCHEDULER - INFO - Worker completed successfully for repo: https://github.com/Frissi0n/GTFONow.git (scheduler.py:75)
2025-01-07 21:02:22,209 - SCHEDULER - INFO - Progress: 385/5778 repositories scanned. (scheduler.py:96)
2025-01-07 21:02:22,209 - SCHEDULER - INFO - Starting worker for repo: https://github.com/Frix-x/klippain-shaketune.git (scheduler.py:64)
2025-01-07 21:02:32,395 - SCHEDULER - INFO - Worker completed successfully for repo: https://github.com/Frix-x/klippain-shaketune.git (scheduler.py:75)
2025-01-07 21:02:32,395 - SCHEDULER - INFO - Progress: 386/5778 repositories scanned. (scheduler.py:96)
2025-01-07 21:02:32,395 - SCHEDULER - INFO - Starting worker for repo: https://github.com/Frojd/Wagtail-Pipit.git (scheduler.py:64)
2025-01-07 21:02:42,130 - SCHEDULER - INFO - Worker completed successfully for repo: https://github.com/Frojd/Wagtail-Pipit.git (scheduler.py:75)
2025-01-07 21:02:42,130 - SCHEDULER - INFO - Progress: 387/5778 repositories scanned. (scheduler.py:96)
2025-01-07 21:02:42,130 - SCHEDULER - INFO - Starting worker for repo: https://github.com/Frojd/django-react-templatetags.git (scheduler.py:64)
2025-01-07 21:02:50,264 - SCHEDULER - INFO - Worker completed successfully for repo: https://github.com/Frojd/django-react-templatetags.git (scheduler.py:75)
2025-01-07 21:02:50,264 - SCHEDULER - INFO - Progress: 388/5778 repositories scanned. (scheduler.py:96)
2025-01-07 21:02:50,264 - SCHEDULER - INFO - Starting worker for repo: https://github.com/Frojd/wagtail-geo-widget.git (scheduler.py:64)
2025-01-07 21:02:58,144 - SCHEDULER - INFO - Worker completed successfully for repo: https://github.com/Frojd/wagtail-geo-widget.git (scheduler.py:75)
2025-01-07 21:02:58,144 - SCHEDULER - INFO - Progress: 389/5778 repositories scanned. (scheduler.py:96)
2025-01-07 21:02:58,144 - SCHEDULER - INFO - Starting worker for repo: https://github.com/FrostMiKu/ChatGLM-LangChain.git (scheduler.py:64)
2025-01-07 21:03:05,426 - SCHEDULER - INFO - Worker completed successfully for repo: https://github.com/FrostMiKu/ChatGLM-LangChain.git (scheduler.py:75)
2025-01-07 21:03:05,426 - SCHEDULER - INFO - Progress: 390/5778 repositories scanned. (scheduler.py:96)
2025-01-07 21:03:05,426 - SCHEDULER - INFO - Starting worker for repo: https://github.com/FrozenBurning/PrimDiffusion.git (scheduler.py:64)
2025-01-07 21:03:14,715 - SCHEDULER - INFO - Worker completed successfully for repo: https://github.com/FrozenBurning/PrimDiffusion.git (scheduler.py:75)
2025-01-07 21:03:14,715 - SCHEDULER - INFO - Progress: 391/5778 repositories scanned. (scheduler.py:96)
2025-01-07 21:03:14,715 - SCHEDULER - INFO - Starting worker for repo: https://github.com/FrozenBurning/Relighting4D.git (scheduler.py:64)
2025-01-07 21:03:26,409 - SCHEDULER - INFO - Worker completed successfully for repo: https://github.com/FrozenBurning/Relighting4D.git (scheduler.py:75)
2025-01-07 21:03:26,409 - SCHEDULER - INFO - Progress: 392/5778 repositories scanned. (scheduler.py:96)
2025-01-07 21:03:26,409 - SCHEDULER - INFO - Starting worker for repo: https://github.com/FrozenBurning/SceneDreamer.git (scheduler.py:64)
2025-01-07 21:03:39,756 - SCHEDULER - INFO - Worker completed successfully for repo: https://github.com/FrozenBurning/SceneDreamer.git (scheduler.py:75)
2025-01-07 21:03:39,756 - SCHEDULER - INFO - Progress: 393/5778 repositories scanned. (scheduler.py:96)
2025-01-07 21:03:39,756 - SCHEDULER - INFO - Starting worker for repo: https://github.com/Fsoft-AIC/Grasp-Anything.git (scheduler.py:64)
2025-01-07 21:03:50,700 - SCHEDULER - INFO - Worker completed successfully for repo: https://github.com/Fsoft-AIC/Grasp-Anything.git (scheduler.py:75)
2025-01-07 21:03:50,700 - SCHEDULER - INFO - Progress: 394/5778 repositories scanned. (scheduler.py:96)
2025-01-07 21:03:50,700 - SCHEDULER - INFO - Starting worker for repo: https://github.com/FuNz-0/PromptAD.git (scheduler.py:64)
2025-01-07 21:03:59,990 - SCHEDULER - INFO - Worker completed successfully for repo: https://github.com/FuNz-0/PromptAD.git (scheduler.py:75)
2025-01-07 21:03:59,990 - SCHEDULER - INFO - Progress: 395/5778 repositories scanned. (scheduler.py:96)
2025-01-07 21:03:59,990 - SCHEDULER - INFO - Starting worker for repo: https://github.com/FuSiry/OpenSA.git (scheduler.py:64)
2025-01-07 21:04:08,927 - SCHEDULER - INFO - Worker completed successfully for repo: https://github.com/FuSiry/OpenSA.git (scheduler.py:75)
2025-01-07 21:04:08,927 - SCHEDULER - INFO - Progress: 396/5778 repositories scanned. (scheduler.py:96)
2025-01-07 21:04:08,927 - SCHEDULER - INFO - Starting worker for repo: https://github.com/FuYanzhe2/Name-Entity-Recognition.git (scheduler.py:64)
2025-01-07 21:04:20,322 - SCHEDULER - INFO - Worker completed successfully for repo: https://github.com/FuYanzhe2/Name-Entity-Recognition.git (scheduler.py:75)
2025-01-07 21:04:20,322 - SCHEDULER - INFO - Progress: 397/5778 repositories scanned. (scheduler.py:96)
2025-01-07 21:04:20,322 - SCHEDULER - INFO - Starting worker for repo: https://github.com/FuZer/StudyTensorFlow.git (scheduler.py:64)
2025-01-07 21:04:27,753 - SCHEDULER - INFO - Worker completed successfully for repo: https://github.com/FuZer/StudyTensorFlow.git (scheduler.py:75)
2025-01-07 21:04:27,753 - SCHEDULER - INFO - Progress: 398/5778 repositories scanned. (scheduler.py:96)
2025-01-07 21:04:27,753 - SCHEDULER - INFO - Starting worker for repo: https://github.com/FudanDISC/DISC-FinLLM.git (scheduler.py:64)
2025-01-07 21:04:36,490 - SCHEDULER - INFO - Worker completed successfully for repo: https://github.com/FudanDISC/DISC-FinLLM.git (scheduler.py:75)
2025-01-07 21:04:36,490 - SCHEDULER - INFO - Progress: 399/5778 repositories scanned. (scheduler.py:96)
2025-01-07 21:04:36,490 - SCHEDULER - INFO - Starting worker for repo: https://github.com/FudanDISC/DISC-LawLLM.git (scheduler.py:64)
2025-01-07 21:04:46,329 - SCHEDULER - INFO - Worker completed successfully for repo: https://github.com/FudanDISC/DISC-LawLLM.git (scheduler.py:75)
2025-01-07 21:04:46,329 - SCHEDULER - INFO - Progress: 400/5778 repositories scanned. (scheduler.py:96)
2025-01-07 21:04:46,329 - SCHEDULER - INFO - Starting worker for repo: https://github.com/FudanDISC/DISC-MedLLM.git (scheduler.py:64)
2025-01-07 21:04:54,009 - SCHEDULER - INFO - Worker completed successfully for repo: https://github.com/FudanDISC/DISC-MedLLM.git (scheduler.py:75)
2025-01-07 21:04:54,009 - SCHEDULER - INFO - Progress: 401/5778 repositories scanned. (scheduler.py:96)
2025-01-07 21:04:54,009 - SCHEDULER - INFO - Starting worker for repo: https://github.com/FudanDNN-NLP/RAG.git (scheduler.py:64)
2025-01-07 21:07:56,232 - SCHEDULER - INFO - Worker completed successfully for repo: https://github.com/FudanDNN-NLP/RAG.git (scheduler.py:75)
2025-01-07 21:07:56,232 - SCHEDULER - INFO - Progress: 402/5778 repositories scanned. (scheduler.py:96)
2025-01-07 21:07:56,232 - SCHEDULER - INFO - Starting worker for repo: https://github.com/FudanNLP/adversarial-multi-criteria-learning-for-CWS.git (scheduler.py:64)
2025-01-07 21:08:04,766 - SCHEDULER - INFO - Worker completed successfully for repo: https://github.com/FudanNLP/adversarial-multi-criteria-learning-for-CWS.git (scheduler.py:75)
2025-01-07 21:08:04,766 - SCHEDULER - INFO - Progress: 403/5778 repositories scanned. (scheduler.py:96)
2025-01-07 21:08:04,766 - SCHEDULER - INFO - Starting worker for repo: https://github.com/FudanNLP/nlpcc2017_news_headline_categorization.git (scheduler.py:64)
2025-01-07 21:08:13,349 - SCHEDULER - INFO - Worker completed successfully for repo: https://github.com/FudanNLP/nlpcc2017_news_headline_categorization.git (scheduler.py:75)
2025-01-07 21:08:13,349 - SCHEDULER - INFO - Progress: 404/5778 repositories scanned. (scheduler.py:96)
2025-01-07 21:08:13,349 - SCHEDULER - INFO - Starting worker for repo: https://github.com/FudanNLPLAB/CBook-150K.git (scheduler.py:64)
2025-01-07 21:08:20,827 - SCHEDULER - INFO - Worker completed successfully for repo: https://github.com/FudanNLPLAB/CBook-150K.git (scheduler.py:75)
2025-01-07 21:08:20,827 - SCHEDULER - INFO - Progress: 405/5778 repositories scanned. (scheduler.py:96)
2025-01-07 21:08:20,827 - SCHEDULER - INFO - Starting worker for repo: https://github.com/FudanSELab/ClassEval.git (scheduler.py:64)
2025-01-07 21:08:44,498 - SCHEDULER - INFO - Worker completed successfully for repo: https://github.com/FudanSELab/ClassEval.git (scheduler.py:75)
2025-01-07 21:08:44,498 - SCHEDULER - INFO - Progress: 406/5778 repositories scanned. (scheduler.py:96)
2025-01-07 21:08:44,498 - SCHEDULER - INFO - Starting worker for repo: https://github.com/FudanVI/FudanOCR.git (scheduler.py:64)
2025-01-07 21:09:04,008 - SCHEDULER - INFO - Worker completed successfully for repo: https://github.com/FudanVI/FudanOCR.git (scheduler.py:75)
2025-01-07 21:09:04,008 - SCHEDULER - INFO - Progress: 407/5778 repositories scanned. (scheduler.py:96)
2025-01-07 21:09:04,008 - SCHEDULER - INFO - Starting worker for repo: https://github.com/FudanVI/benchmarking-chinese-text-recognition.git (scheduler.py:64)
2025-01-07 21:09:17,854 - SCHEDULER - INFO - Worker completed successfully for repo: https://github.com/FudanVI/benchmarking-chinese-text-recognition.git (scheduler.py:75)
2025-01-07 21:09:17,854 - SCHEDULER - INFO - Progress: 408/5778 repositories scanned. (scheduler.py:96)
2025-01-07 21:09:17,854 - SCHEDULER - INFO - Starting worker for repo: https://github.com/Fugaku-LLM/DeepSpeedFugaku.git (scheduler.py:64)
2025-01-07 21:09:32,810 - SCHEDULER - INFO - Worker completed successfully for repo: https://github.com/Fugaku-LLM/DeepSpeedFugaku.git (scheduler.py:75)
2025-01-07 21:09:32,810 - SCHEDULER - INFO - Progress: 409/5778 repositories scanned. (scheduler.py:96)
2025-01-07 21:09:32,810 - SCHEDULER - INFO - Starting worker for repo: https://github.com/FullControlXYZ/fullcontrol.git (scheduler.py:64)
2025-01-07 21:09:43,842 - SCHEDULER - INFO - Worker completed successfully for repo: https://github.com/Freenove/Freenove_Big_Hexapod_Robot_Kit_for_Raspberry_Pi.git (scheduler.py:75)
2025-01-07 21:09:43,842 - SCHEDULER - INFO - Progress: 410/5778 repositories scanned. (scheduler.py:96)
2025-01-07 21:09:43,842 - SCHEDULER - INFO - Starting worker for repo: https://github.com/FullerHua/gooseeker.git (scheduler.py:64)
2025-01-07 21:09:45,352 - SCHEDULER - INFO - Worker completed successfully for repo: https://github.com/FullControlXYZ/fullcontrol.git (scheduler.py:75)
2025-01-07 21:09:45,352 - SCHEDULER - INFO - Progress: 411/5778 repositories scanned. (scheduler.py:96)
2025-01-07 21:09:45,352 - SCHEDULER - INFO - Starting worker for repo: https://github.com/FunAudioLLM/FunAudioLLM-APP.git (scheduler.py:64)
2025-01-07 21:09:51,976 - SCHEDULER - INFO - Worker completed successfully for repo: https://github.com/FullerHua/gooseeker.git (scheduler.py:75)
2025-01-07 21:09:51,976 - SCHEDULER - INFO - Progress: 412/5778 repositories scanned. (scheduler.py:96)
2025-01-07 21:09:51,976 - SCHEDULER - INFO - Starting worker for repo: https://github.com/FunctionClub/uPing.git (scheduler.py:64)
2025-01-07 21:09:53,980 - SCHEDULER - INFO - Worker completed successfully for repo: https://github.com/FunAudioLLM/FunAudioLLM-APP.git (scheduler.py:75)
2025-01-07 21:09:53,980 - SCHEDULER - INFO - Progress: 413/5778 repositories scanned. (scheduler.py:96)
2025-01-07 21:09:53,980 - SCHEDULER - INFO - Starting worker for repo: https://github.com/FunctionLab/ExPecto.git (scheduler.py:64)
2025-01-07 21:10:00,308 - SCHEDULER - INFO - Worker completed successfully for repo: https://github.com/FunctionClub/uPing.git (scheduler.py:75)
2025-01-07 21:10:00,309 - SCHEDULER - INFO - Progress: 414/5778 repositories scanned. (scheduler.py:96)
2025-01-07 21:10:00,309 - SCHEDULER - INFO - Starting worker for repo: https://github.com/Fundacio-i2CAT/InfoHound.git (scheduler.py:64)
2025-01-07 21:10:04,067 - SCHEDULER - INFO - Worker completed successfully for repo: https://github.com/FunctionLab/ExPecto.git (scheduler.py:75)
2025-01-07 21:10:04,067 - SCHEDULER - INFO - Progress: 415/5778 repositories scanned. (scheduler.py:96)
2025-01-07 21:10:04,067 - SCHEDULER - INFO - Starting worker for repo: https://github.com/Fung-Lab/MatDeepLearn.git (scheduler.py:64)
2025-01-07 21:10:10,043 - SCHEDULER - INFO - Worker completed successfully for repo: https://github.com/Fundacio-i2CAT/InfoHound.git (scheduler.py:75)
2025-01-07 21:10:10,043 - SCHEDULER - INFO - Progress: 416/5778 repositories scanned. (scheduler.py:96)
2025-01-07 21:10:10,043 - SCHEDULER - INFO - Starting worker for repo: https://github.com/Funsiooo/chunsou.git (scheduler.py:64)
2025-01-07 21:10:14,754 - SCHEDULER - INFO - Worker completed successfully for repo: https://github.com/Fung-Lab/MatDeepLearn.git (scheduler.py:75)
2025-01-07 21:10:14,754 - SCHEDULER - INFO - Progress: 417/5778 repositories scanned. (scheduler.py:96)
2025-01-07 21:10:14,755 - SCHEDULER - INFO - Starting worker for repo: https://github.com/FuocomanSap/P4wnp1-ALOA-Menu-Reworked.git (scheduler.py:64)
2025-01-07 21:10:22,981 - SCHEDULER - INFO - Worker completed successfully for repo: https://github.com/Funsiooo/chunsou.git (scheduler.py:75)
2025-01-07 21:10:22,982 - SCHEDULER - INFO - Progress: 418/5778 repositories scanned. (scheduler.py:96)
2025-01-07 21:10:22,982 - SCHEDULER - INFO - Starting worker for repo: https://github.com/FurryGamesIndex/games.git (scheduler.py:64)
2025-01-07 21:10:24,986 - SCHEDULER - INFO - Worker completed successfully for repo: https://github.com/FuocomanSap/P4wnp1-ALOA-Menu-Reworked.git (scheduler.py:75)
2025-01-07 21:10:24,986 - SCHEDULER - INFO - Progress: 419/5778 repositories scanned. (scheduler.py:96)
2025-01-07 21:10:24,987 - SCHEDULER - INFO - Starting worker for repo: https://github.com/FuseFairy/DiscordBot-EdgeGPT.git (scheduler.py:64)
2025-01-07 21:10:35,169 - SCHEDULER - INFO - Worker completed successfully for repo: https://github.com/FuseFairy/DiscordBot-EdgeGPT.git (scheduler.py:75)
2025-01-07 21:10:35,169 - SCHEDULER - INFO - Progress: 420/5778 repositories scanned. (scheduler.py:96)
2025-01-07 21:10:35,169 - SCHEDULER - INFO - Starting worker for repo: https://github.com/FutaGuard/LowTechFilter.git (scheduler.py:64)
2025-01-07 21:10:35,871 - SCHEDULER - INFO - Worker completed successfully for repo: https://github.com/FurryGamesIndex/games.git (scheduler.py:75)
2025-01-07 21:10:35,871 - SCHEDULER - INFO - Progress: 421/5778 repositories scanned. (scheduler.py:96)
2025-01-07 21:10:35,871 - SCHEDULER - INFO - Starting worker for repo: https://github.com/Futrell/ziplm.git (scheduler.py:64)
2025-01-07 21:10:44,352 - SCHEDULER - INFO - Worker completed successfully for repo: https://github.com/FutaGuard/LowTechFilter.git (scheduler.py:75)
2025-01-07 21:10:44,352 - SCHEDULER - INFO - Progress: 422/5778 repositories scanned. (scheduler.py:96)
2025-01-07 21:10:44,352 - SCHEDULER - INFO - Starting worker for repo: https://github.com/Future-Power-Networks/MAPDN.git (scheduler.py:64)
2025-01-07 21:10:45,003 - SCHEDULER - INFO - Worker completed successfully for repo: https://github.com/Futrell/ziplm.git (scheduler.py:75)
2025-01-07 21:10:45,003 - SCHEDULER - INFO - Progress: 423/5778 repositories scanned. (scheduler.py:96)
2025-01-07 21:10:45,003 - SCHEDULER - INFO - Starting worker for repo: https://github.com/FutureMind/drf-friendly-errors.git (scheduler.py:64)
2025-01-07 21:10:54,435 - SCHEDULER - INFO - Worker completed successfully for repo: https://github.com/FutureMind/drf-friendly-errors.git (scheduler.py:75)
2025-01-07 21:10:54,435 - SCHEDULER - INFO - Progress: 424/5778 repositories scanned. (scheduler.py:96)
2025-01-07 21:10:54,435 - SCHEDULER - INFO - Starting worker for repo: https://github.com/FutureSharks/financial-data.git (scheduler.py:64)
2025-01-07 21:10:55,138 - SCHEDULER - INFO - Worker completed successfully for repo: https://github.com/Future-Power-Networks/MAPDN.git (scheduler.py:75)
2025-01-07 21:10:55,138 - SCHEDULER - INFO - Progress: 425/5778 repositories scanned. (scheduler.py:96)
2025-01-07 21:10:55,138 - SCHEDULER - INFO - Starting worker for repo: https://github.com/FutureSharks/invokust.git (scheduler.py:64)
2025-01-07 21:11:03,817 - SCHEDULER - INFO - Worker completed successfully for repo: https://github.com/FutureSharks/invokust.git (scheduler.py:75)
2025-01-07 21:11:03,817 - SCHEDULER - INFO - Progress: 426/5778 repositories scanned. (scheduler.py:96)
2025-01-07 21:11:03,817 - SCHEDULER - INFO - Starting worker for repo: https://github.com/FutureSharks/rpi-security.git (scheduler.py:64)
2025-01-07 21:11:12,147 - SCHEDULER - INFO - Worker completed successfully for repo: https://github.com/FutureSharks/rpi-security.git (scheduler.py:75)
2025-01-07 21:11:12,147 - SCHEDULER - INFO - Progress: 427/5778 repositories scanned. (scheduler.py:96)
2025-01-07 21:11:12,147 - SCHEDULER - INFO - Starting worker for repo: https://github.com/FutureTense/keymaster.git (scheduler.py:64)
2025-01-07 21:11:21,031 - SCHEDULER - INFO - Worker completed successfully for repo: https://github.com/FutureTense/keymaster.git (scheduler.py:75)
2025-01-07 21:11:21,031 - SCHEDULER - INFO - Progress: 428/5778 repositories scanned. (scheduler.py:96)
2025-01-07 21:11:21,032 - SCHEDULER - INFO - Starting worker for repo: https://github.com/FutureUniant/Tailor.git (scheduler.py:64)
2025-01-07 21:11:31,623 - SCHEDULER - INFO - Worker completed successfully for repo: https://github.com/FutureSharks/financial-data.git (scheduler.py:75)
2025-01-07 21:11:31,623 - SCHEDULER - INFO - Progress: 429/5778 repositories scanned. (scheduler.py:96)
2025-01-07 21:11:31,623 - SCHEDULER - INFO - Starting worker for repo: https://github.com/FutureXiang/ddae.git (scheduler.py:64)
2025-01-07 21:11:39,539 - SCHEDULER - INFO - Worker completed successfully for repo: https://github.com/FutureUniant/Tailor.git (scheduler.py:75)
2025-01-07 21:11:39,540 - SCHEDULER - INFO - Progress: 430/5778 repositories scanned. (scheduler.py:96)
2025-01-07 21:11:39,540 - SCHEDULER - INFO - Starting worker for repo: https://github.com/FuxiCV/3D-Face-GCNs.git (scheduler.py:64)
2025-01-07 21:11:41,657 - SCHEDULER - INFO - Worker completed successfully for repo: https://github.com/FutureXiang/ddae.git (scheduler.py:75)
2025-01-07 21:11:41,657 - SCHEDULER - INFO - Progress: 431/5778 repositories scanned. (scheduler.py:96)
2025-01-07 21:11:41,657 - SCHEDULER - INFO - Starting worker for repo: https://github.com/FuxiCV/MeInGame.git (scheduler.py:64)
2025-01-07 21:11:50,777 - SCHEDULER - INFO - Worker completed successfully for repo: https://github.com/FuxiCV/3D-Face-GCNs.git (scheduler.py:75)
2025-01-07 21:11:50,777 - SCHEDULER - INFO - Progress: 432/5778 repositories scanned. (scheduler.py:96)
2025-01-07 21:11:50,777 - SCHEDULER - INFO - Starting worker for repo: https://github.com/FuxiVirtualHuman/AAAI22-one-shot-talking-face.git (scheduler.py:64)
2025-01-07 21:11:52,491 - SCHEDULER - INFO - Worker completed successfully for repo: https://github.com/FuxiCV/MeInGame.git (scheduler.py:75)
2025-01-07 21:11:52,491 - SCHEDULER - INFO - Progress: 433/5778 repositories scanned. (scheduler.py:96)
2025-01-07 21:11:52,491 - SCHEDULER - INFO - Starting worker for repo: https://github.com/FuxiVirtualHuman/styletalk.git (scheduler.py:64)
2025-01-07 21:12:00,711 - SCHEDULER - INFO - Worker completed successfully for repo: https://github.com/FuxiVirtualHuman/AAAI22-one-shot-talking-face.git (scheduler.py:75)
2025-01-07 21:12:00,711 - SCHEDULER - INFO - Progress: 434/5778 repositories scanned. (scheduler.py:96)
2025-01-07 21:12:00,711 - SCHEDULER - INFO - Starting worker for repo: https://github.com/FuxiaoLiu/LRV-Instruction.git (scheduler.py:64)
2025-01-07 21:12:02,423 - SCHEDULER - INFO - Worker completed successfully for repo: https://github.com/FuxiVirtualHuman/styletalk.git (scheduler.py:75)
2025-01-07 21:12:02,423 - SCHEDULER - INFO - Progress: 435/5778 repositories scanned. (scheduler.py:96)
2025-01-07 21:12:02,423 - SCHEDULER - INFO - Starting worker for repo: https://github.com/Fuyukai/Kyoukai.git (scheduler.py:64)
2025-01-07 21:12:12,401 - SCHEDULER - INFO - Worker completed successfully for repo: https://github.com/FuxiaoLiu/LRV-Instruction.git (scheduler.py:75)
2025-01-07 21:12:12,401 - SCHEDULER - INFO - Progress: 436/5778 repositories scanned. (scheduler.py:96)
2025-01-07 21:12:12,402 - SCHEDULER - INFO - Starting worker for repo: https://github.com/Fuyukai/OWAPI.git (scheduler.py:64)
2025-01-07 21:12:13,057 - SCHEDULER - INFO - Worker completed successfully for repo: https://github.com/Fuyukai/Kyoukai.git (scheduler.py:75)
2025-01-07 21:12:13,057 - SCHEDULER - INFO - Progress: 437/5778 repositories scanned. (scheduler.py:96)
2025-01-07 21:12:13,057 - SCHEDULER - INFO - Starting worker for repo: https://github.com/FuzzingLabs/octopus.git (scheduler.py:64)
2025-01-07 21:12:22,437 - SCHEDULER - INFO - Worker completed successfully for repo: https://github.com/Fuyukai/OWAPI.git (scheduler.py:75)
2025-01-07 21:12:22,437 - SCHEDULER - INFO - Progress: 438/5778 repositories scanned. (scheduler.py:96)
2025-01-07 21:12:22,437 - SCHEDULER - INFO - Starting worker for repo: https://github.com/FuzzingLabs/thoth.git (scheduler.py:64)
2025-01-07 21:12:24,992 - SCHEDULER - INFO - Worker completed successfully for repo: https://github.com/FuzzingLabs/octopus.git (scheduler.py:75)
2025-01-07 21:12:24,993 - SCHEDULER - INFO - Progress: 439/5778 repositories scanned. (scheduler.py:96)
2025-01-07 21:12:24,993 - SCHEDULER - INFO - Starting worker for repo: https://github.com/Fuzzy-Search/realtime-bakllava.git (scheduler.py:64)
2025-01-07 21:12:34,322 - SCHEDULER - INFO - Worker completed successfully for repo: https://github.com/Fuzzy-Search/realtime-bakllava.git (scheduler.py:75)
2025-01-07 21:12:34,322 - SCHEDULER - INFO - Progress: 440/5778 repositories scanned. (scheduler.py:96)
2025-01-07 21:12:34,322 - SCHEDULER - INFO - Starting worker for repo: https://github.com/FuzzyGrim/Yamtrack.git (scheduler.py:64)
2025-01-07 21:12:34,575 - SCHEDULER - INFO - Worker completed successfully for repo: https://github.com/FuzzingLabs/thoth.git (scheduler.py:75)
2025-01-07 21:12:34,575 - SCHEDULER - INFO - Progress: 441/5778 repositories scanned. (scheduler.py:96)
2025-01-07 21:12:34,575 - SCHEDULER - INFO - Starting worker for repo: https://github.com/FuzzyMistborn/python-eufy-security.git (scheduler.py:64)
2025-01-07 21:12:44,214 - SCHEDULER - INFO - Worker completed successfully for repo: https://github.com/FuzzyMistborn/python-eufy-security.git (scheduler.py:75)
2025-01-07 21:12:44,214 - SCHEDULER - INFO - Progress: 442/5778 repositories scanned. (scheduler.py:96)
2025-01-07 21:12:44,214 - SCHEDULER - INFO - Starting worker for repo: https://github.com/FyorDev/PureRef-format.git (scheduler.py:64)
2025-01-07 21:12:46,863 - SCHEDULER - INFO - Worker completed successfully for repo: https://github.com/FuzzyGrim/Yamtrack.git (scheduler.py:75)
2025-01-07 21:12:46,863 - SCHEDULER - INFO - Progress: 443/5778 repositories scanned. (scheduler.py:96)
2025-01-07 21:12:46,863 - SCHEDULER - INFO - Starting worker for repo: https://github.com/Fytex/H43.git (scheduler.py:64)
2025-01-07 21:12:52,643 - SCHEDULER - INFO - Worker completed successfully for repo: https://github.com/FyorDev/PureRef-format.git (scheduler.py:75)
2025-01-07 21:12:52,643 - SCHEDULER - INFO - Progress: 444/5778 repositories scanned. (scheduler.py:96)
2025-01-07 21:12:52,643 - SCHEDULER - INFO - Starting worker for repo: https://github.com/Fytex/Instagram-Giveaways-Winner.git (scheduler.py:64)
2025-01-07 21:12:55,994 - SCHEDULER - INFO - Worker completed successfully for repo: https://github.com/Fytex/H43.git (scheduler.py:75)
2025-01-07 21:12:55,994 - SCHEDULER - INFO - Progress: 445/5778 repositories scanned. (scheduler.py:96)
2025-01-07 21:12:55,994 - SCHEDULER - INFO - Starting worker for repo: https://github.com/G-Levine/rhea_description.git (scheduler.py:64)
2025-01-07 21:13:01,326 - SCHEDULER - INFO - Worker completed successfully for repo: https://github.com/Fytex/Instagram-Giveaways-Winner.git (scheduler.py:75)
2025-01-07 21:13:01,326 - SCHEDULER - INFO - Progress: 446/5778 repositories scanned. (scheduler.py:96)
2025-01-07 21:13:01,326 - SCHEDULER - INFO - Starting worker for repo: https://github.com/G-Research/ahocorasick_rs.git (scheduler.py:64)
2025-01-07 21:13:06,227 - SCHEDULER - INFO - Worker completed successfully for repo: https://github.com/G-Levine/rhea_description.git (scheduler.py:75)
2025-01-07 21:13:06,227 - SCHEDULER - INFO - Progress: 447/5778 repositories scanned. (scheduler.py:96)
2025-01-07 21:13:06,227 - SCHEDULER - INFO - Starting worker for repo: https://github.com/G-Security-Team/GSLibrary.git (scheduler.py:64)
2025-01-07 21:13:09,757 - SCHEDULER - INFO - Worker completed successfully for repo: https://github.com/G-Research/ahocorasick_rs.git (scheduler.py:75)
2025-01-07 21:13:09,757 - SCHEDULER - INFO - Progress: 448/5778 repositories scanned. (scheduler.py:96)
2025-01-07 21:13:09,757 - SCHEDULER - INFO - Starting worker for repo: https://github.com/G-Security-Team/JS-Forward.git (scheduler.py:64)
2025-01-07 21:13:16,110 - SCHEDULER - INFO - Worker completed successfully for repo: https://github.com/G-Security-Team/GSLibrary.git (scheduler.py:75)
2025-01-07 21:13:16,110 - SCHEDULER - INFO - Progress: 449/5778 repositories scanned. (scheduler.py:96)
2025-01-07 21:13:16,110 - SCHEDULER - INFO - Starting worker for repo: https://github.com/G-U-N/AnimateLCM.git (scheduler.py:64)
2025-01-07 21:13:18,036 - SCHEDULER - INFO - Worker completed successfully for repo: https://github.com/G-Security-Team/JS-Forward.git (scheduler.py:75)
2025-01-07 21:13:18,036 - SCHEDULER - INFO - Progress: 450/5778 repositories scanned. (scheduler.py:96)
2025-01-07 21:13:18,037 - SCHEDULER - INFO - Starting worker for repo: https://github.com/G-U-N/Be-Your-Outpainter.git (scheduler.py:64)
2025-01-07 21:13:28,953 - SCHEDULER - INFO - Worker completed successfully for repo: https://github.com/G-U-N/AnimateLCM.git (scheduler.py:75)
2025-01-07 21:13:28,953 - SCHEDULER - INFO - Progress: 451/5778 repositories scanned. (scheduler.py:96)
2025-01-07 21:13:28,953 - SCHEDULER - INFO - Starting worker for repo: https://github.com/G-U-N/Motion-I2V.git (scheduler.py:64)
2025-01-07 21:13:29,977 - SCHEDULER - INFO - Worker completed successfully for repo: https://github.com/G-U-N/Be-Your-Outpainter.git (scheduler.py:75)
2025-01-07 21:13:29,977 - SCHEDULER - INFO - Progress: 452/5778 repositories scanned. (scheduler.py:96)
2025-01-07 21:13:29,977 - SCHEDULER - INFO - Starting worker for repo: https://github.com/G-U-N/Phased-Consistency-Model.git (scheduler.py:64)
2025-01-07 21:13:44,323 - SCHEDULER - INFO - Worker completed successfully for repo: https://github.com/G-U-N/Phased-Consistency-Model.git (scheduler.py:75)
2025-01-07 21:13:44,323 - SCHEDULER - INFO - Progress: 453/5778 repositories scanned. (scheduler.py:96)
2025-01-07 21:13:44,323 - SCHEDULER - INFO - Starting worker for repo: https://github.com/G-U-N/PyCIL.git (scheduler.py:64)
2025-01-07 21:13:49,312 - SCHEDULER - INFO - Worker completed successfully for repo: https://github.com/G-U-N/Motion-I2V.git (scheduler.py:75)
2025-01-07 21:13:49,312 - SCHEDULER - INFO - Progress: 454/5778 repositories scanned. (scheduler.py:96)
2025-01-07 21:13:49,312 - SCHEDULER - INFO - Starting worker for repo: https://github.com/G-Wang/WaveRNN-Pytorch.git (scheduler.py:64)
2025-01-07 21:13:56,363 - SCHEDULER - INFO - Worker completed successfully for repo: https://github.com/G-U-N/PyCIL.git (scheduler.py:75)
2025-01-07 21:13:56,363 - SCHEDULER - INFO - Progress: 455/5778 repositories scanned. (scheduler.py:96)
2025-01-07 21:13:56,363 - SCHEDULER - INFO - Starting worker for repo: https://github.com/G123N1NJ4/c2hack.git (scheduler.py:64)
2025-01-07 21:13:58,395 - SCHEDULER - INFO - Worker completed successfully for repo: https://github.com/G-Wang/WaveRNN-Pytorch.git (scheduler.py:75)
2025-01-07 21:13:58,395 - SCHEDULER - INFO - Progress: 456/5778 repositories scanned. (scheduler.py:96)
2025-01-07 21:13:58,396 - SCHEDULER - INFO - Starting worker for repo: https://github.com/G2Bent/Vantpy.git (scheduler.py:64)
2025-01-07 21:14:04,593 - SCHEDULER - INFO - Worker completed successfully for repo: https://github.com/G123N1NJ4/c2hack.git (scheduler.py:75)
2025-01-07 21:14:04,593 - SCHEDULER - INFO - Progress: 457/5778 repositories scanned. (scheduler.py:96)
2025-01-07 21:14:04,594 - SCHEDULER - INFO - Starting worker for repo: https://github.com/G3VV/Yank.git (scheduler.py:64)
2025-01-07 21:14:07,926 - SCHEDULER - INFO - Worker completed successfully for repo: https://github.com/G2Bent/Vantpy.git (scheduler.py:75)
2025-01-07 21:14:07,927 - SCHEDULER - INFO - Progress: 458/5778 repositories scanned. (scheduler.py:96)
2025-01-07 21:14:07,927 - SCHEDULER - INFO - Starting worker for repo: https://github.com/G3et/Search_Viewer.git (scheduler.py:64)
2025-01-07 21:14:12,675 - SCHEDULER - INFO - Worker completed successfully for repo: https://github.com/G3VV/Yank.git (scheduler.py:75)
2025-01-07 21:14:12,675 - SCHEDULER - INFO - Progress: 459/5778 repositories scanned. (scheduler.py:96)
2025-01-07 21:14:12,675 - SCHEDULER - INFO - Starting worker for repo: https://github.com/G4lile0/Heimdall-WiFi-Radar.git (scheduler.py:64)
2025-01-07 21:14:18,064 - SCHEDULER - INFO - Worker completed successfully for repo: https://github.com/G3et/Search_Viewer.git (scheduler.py:75)
2025-01-07 21:14:18,064 - SCHEDULER - INFO - Progress: 460/5778 repositories scanned. (scheduler.py:96)
2025-01-07 21:14:18,064 - SCHEDULER - INFO - Starting worker for repo: https://github.com/GAA-UAM/scikit-fda.git (scheduler.py:64)
2025-01-07 21:14:22,510 - SCHEDULER - INFO - Worker completed successfully for repo: https://github.com/G4lile0/Heimdall-WiFi-Radar.git (scheduler.py:75)
2025-01-07 21:14:22,510 - SCHEDULER - INFO - Progress: 461/5778 repositories scanned. (scheduler.py:96)
2025-01-07 21:14:22,510 - SCHEDULER - INFO - Starting worker for repo: https://github.com/GACWR/OpenUBA.git (scheduler.py:64)
2025-01-07 21:14:33,200 - SCHEDULER - INFO - Worker completed successfully for repo: https://github.com/GACWR/OpenUBA.git (scheduler.py:75)
2025-01-07 21:14:33,200 - SCHEDULER - INFO - Progress: 462/5778 repositories scanned. (scheduler.py:96)
2025-01-07 21:14:33,200 - SCHEDULER - INFO - Starting worker for repo: https://github.com/GAIA-vision/GAIA-det.git (scheduler.py:64)
2025-01-07 21:14:33,912 - SCHEDULER - INFO - Worker completed successfully for repo: https://github.com/GAA-UAM/scikit-fda.git (scheduler.py:75)
2025-01-07 21:14:33,912 - SCHEDULER - INFO - Progress: 463/5778 repositories scanned. (scheduler.py:96)
2025-01-07 21:14:33,912 - SCHEDULER - INFO - Starting worker for repo: https://github.com/GAIR-NLP/MathPile.git (scheduler.py:64)
2025-01-07 21:14:44,188 - SCHEDULER - INFO - Worker completed successfully for repo: https://github.com/GAIA-vision/GAIA-det.git (scheduler.py:75)
2025-01-07 21:14:44,188 - SCHEDULER - INFO - Progress: 464/5778 repositories scanned. (scheduler.py:96)
2025-01-07 21:14:44,188 - SCHEDULER - INFO - Starting worker for repo: https://github.com/GAIR-NLP/ProX.git (scheduler.py:64)
2025-01-07 21:14:45,402 - SCHEDULER - INFO - Worker completed successfully for repo: https://github.com/GAIR-NLP/MathPile.git (scheduler.py:75)
2025-01-07 21:14:45,402 - SCHEDULER - INFO - Progress: 465/5778 repositories scanned. (scheduler.py:96)
2025-01-07 21:14:45,402 - SCHEDULER - INFO - Starting worker for repo: https://github.com/GAIR-NLP/abel.git (scheduler.py:64)
2025-01-07 21:14:55,082 - SCHEDULER - INFO - Worker completed successfully for repo: https://github.com/GAIR-NLP/abel.git (scheduler.py:75)
2025-01-07 21:14:55,082 - SCHEDULER - INFO - Progress: 466/5778 repositories scanned. (scheduler.py:96)
2025-01-07 21:14:55,082 - SCHEDULER - INFO - Starting worker for repo: https://github.com/GAIR-NLP/anole.git (scheduler.py:64)
2025-01-07 21:14:55,779 - SCHEDULER - INFO - Worker completed successfully for repo: https://github.com/GAIR-NLP/ProX.git (scheduler.py:75)
2025-01-07 21:14:55,779 - SCHEDULER - INFO - Progress: 467/5778 repositories scanned. (scheduler.py:96)
2025-01-07 21:14:55,779 - SCHEDULER - INFO - Starting worker for repo: https://github.com/GAIR-NLP/auto-j.git (scheduler.py:64)
2025-01-07 21:15:09,275 - SCHEDULER - INFO - Worker completed successfully for repo: https://github.com/GAIR-NLP/auto-j.git (scheduler.py:75)
2025-01-07 21:15:09,275 - SCHEDULER - INFO - Progress: 468/5778 repositories scanned. (scheduler.py:96)
2025-01-07 21:15:09,275 - SCHEDULER - INFO - Starting worker for repo: https://github.com/GAIR-NLP/factool.git (scheduler.py:64)
2025-01-07 21:15:23,164 - SCHEDULER - INFO - Worker completed successfully for repo: https://github.com/GAIR-NLP/factool.git (scheduler.py:75)
2025-01-07 21:15:23,164 - SCHEDULER - INFO - Progress: 469/5778 repositories scanned. (scheduler.py:96)
2025-01-07 21:15:23,164 - SCHEDULER - INFO - Starting worker for repo: https://github.com/GAMES-105/GAMES-105.git (scheduler.py:64)
2025-01-07 21:15:34,251 - SCHEDULER - INFO - Worker completed successfully for repo: https://github.com/GAMES-105/GAMES-105.git (scheduler.py:75)
2025-01-07 21:15:34,251 - SCHEDULER - INFO - Progress: 470/5778 repositories scanned. (scheduler.py:96)
2025-01-07 21:15:34,251 - SCHEDULER - INFO - Starting worker for repo: https://github.com/GAMES-UChile/mogptk.git (scheduler.py:64)
2025-01-07 21:15:50,252 - SCHEDULER - INFO - Worker completed successfully for repo: https://github.com/GAMES-UChile/mogptk.git (scheduler.py:75)
2025-01-07 21:15:50,252 - SCHEDULER - INFO - Progress: 471/5778 repositories scanned. (scheduler.py:96)
2025-01-07 21:15:50,252 - SCHEDULER - INFO - Starting worker for repo: https://github.com/GANWANSHUI/GaussianOcc.git (scheduler.py:64)
2025-01-07 21:16:02,795 - SCHEDULER - INFO - Worker completed successfully for repo: https://github.com/GANWANSHUI/GaussianOcc.git (scheduler.py:75)
2025-01-07 21:16:02,795 - SCHEDULER - INFO - Progress: 472/5778 repositories scanned. (scheduler.py:96)
2025-01-07 21:16:02,795 - SCHEDULER - INFO - Starting worker for repo: https://github.com/GANWANSHUI/SimpleOccupancy.git (scheduler.py:64)
2025-01-07 21:16:16,485 - SCHEDULER - INFO - Worker completed successfully for repo: https://github.com/GANWANSHUI/SimpleOccupancy.git (scheduler.py:75)
2025-01-07 21:16:16,485 - SCHEDULER - INFO - Progress: 473/5778 repositories scanned. (scheduler.py:96)
2025-01-07 21:16:16,485 - SCHEDULER - INFO - Starting worker for repo: https://github.com/GANtastic3/MaskCycleGAN-VC.git (scheduler.py:64)
2025-01-07 21:16:25,819 - SCHEDULER - INFO - Worker completed successfully for repo: https://github.com/GANtastic3/MaskCycleGAN-VC.git (scheduler.py:75)
2025-01-07 21:16:25,820 - SCHEDULER - INFO - Progress: 474/5778 repositories scanned. (scheduler.py:96)
2025-01-07 21:16:25,820 - SCHEDULER - INFO - Starting worker for repo: https://github.com/GAOYANGAU/DRLPytorch.git (scheduler.py:64)
2025-01-07 21:16:34,854 - SCHEDULER - INFO - Worker completed successfully for repo: https://github.com/GAOYANGAU/DRLPytorch.git (scheduler.py:75)
2025-01-07 21:16:34,854 - SCHEDULER - INFO - Progress: 475/5778 repositories scanned. (scheduler.py:96)
2025-01-07 21:16:34,854 - SCHEDULER - INFO - Starting worker for repo: https://github.com/GAP-LAB-CUHK-SZ/HairStep.git (scheduler.py:64)
2025-01-07 21:16:44,088 - SCHEDULER - INFO - Worker completed successfully for repo: https://github.com/GAP-LAB-CUHK-SZ/HairStep.git (scheduler.py:75)
2025-01-07 21:16:44,088 - SCHEDULER - INFO - Progress: 476/5778 repositories scanned. (scheduler.py:96)
2025-01-07 21:16:44,088 - SCHEDULER - INFO - Starting worker for repo: https://github.com/GAP-LAB-CUHK-SZ/MVHumanNet.git (scheduler.py:64)
2025-01-07 21:16:54,677 - SCHEDULER - INFO - Worker completed successfully for repo: https://github.com/GAP-LAB-CUHK-SZ/MVHumanNet.git (scheduler.py:75)
2025-01-07 21:16:54,677 - SCHEDULER - INFO - Progress: 477/5778 repositories scanned. (scheduler.py:96)
2025-01-07 21:16:54,678 - SCHEDULER - INFO - Starting worker for repo: https://github.com/GAP-LAB-CUHK-SZ/MVImgNet.git (scheduler.py:64)
2025-01-07 21:17:02,811 - SCHEDULER - INFO - Worker completed successfully for repo: https://github.com/GAP-LAB-CUHK-SZ/MVImgNet.git (scheduler.py:75)
2025-01-07 21:17:02,811 - SCHEDULER - INFO - Progress: 478/5778 repositories scanned. (scheduler.py:96)
2025-01-07 21:17:02,811 - SCHEDULER - INFO - Starting worker for repo: https://github.com/GAP-LAB-CUHK-SZ/REC-MV.git (scheduler.py:64)
2025-01-07 21:17:16,564 - SCHEDULER - INFO - Worker completed successfully for repo: https://github.com/GAP-LAB-CUHK-SZ/REC-MV.git (scheduler.py:75)
2025-01-07 21:17:16,564 - SCHEDULER - INFO - Progress: 479/5778 repositories scanned. (scheduler.py:96)
2025-01-07 21:17:16,564 - SCHEDULER - INFO - Starting worker for repo: https://github.com/GAP-LAB-CUHK-SZ/RfDNet.git (scheduler.py:64)
2025-01-07 21:17:28,660 - SCHEDULER - INFO - Worker completed successfully for repo: https://github.com/GAP-LAB-CUHK-SZ/RfDNet.git (scheduler.py:75)
2025-01-07 21:17:28,661 - SCHEDULER - INFO - Progress: 480/5778 repositories scanned. (scheduler.py:96)
2025-01-07 21:17:28,661 - SCHEDULER - INFO - Starting worker for repo: https://github.com/GAP-LAB-CUHK-SZ/SAMPro3D.git (scheduler.py:64)
2025-01-07 21:17:37,694 - SCHEDULER - INFO - Worker completed successfully for repo: https://github.com/GAP-LAB-CUHK-SZ/SAMPro3D.git (scheduler.py:75)
2025-01-07 21:17:37,695 - SCHEDULER - INFO - Progress: 481/5778 repositories scanned. (scheduler.py:96)
2025-01-07 21:17:37,695 - SCHEDULER - INFO - Starting worker for repo: https://github.com/GAP-LAB-CUHK-SZ/Total3DUnderstanding.git (scheduler.py:64)
2025-01-07 21:17:48,233 - SCHEDULER - INFO - Worker completed successfully for repo: https://github.com/GAP-LAB-CUHK-SZ/Total3DUnderstanding.git (scheduler.py:75)
2025-01-07 21:17:48,233 - SCHEDULER - INFO - Progress: 482/5778 repositories scanned. (scheduler.py:96)
2025-01-07 21:17:48,233 - SCHEDULER - INFO - Starting worker for repo: https://github.com/GAR-Project/project.git (scheduler.py:64)
2025-01-07 21:17:56,367 - SCHEDULER - INFO - Worker completed successfully for repo: https://github.com/GAR-Project/project.git (scheduler.py:75)
2025-01-07 21:17:56,367 - SCHEDULER - INFO - Progress: 483/5778 repositories scanned. (scheduler.py:96)
2025-01-07 21:17:56,368 - SCHEDULER - INFO - Starting worker for repo: https://github.com/GATECH-EIC/Early-Bird-Tickets.git (scheduler.py:64)
2025-01-07 21:18:06,606 - SCHEDULER - INFO - Worker completed successfully for repo: https://github.com/GATECH-EIC/Early-Bird-Tickets.git (scheduler.py:75)
2025-01-07 21:18:06,606 - SCHEDULER - INFO - Progress: 484/5778 repositories scanned. (scheduler.py:96)
2025-01-07 21:18:06,607 - SCHEDULER - INFO - Starting worker for repo: https://github.com/GATECH-EIC/HW-NAS-Bench.git (scheduler.py:64)
2025-01-07 21:18:20,159 - SCHEDULER - INFO - Worker completed successfully for repo: https://github.com/GATECH-EIC/HW-NAS-Bench.git (scheduler.py:75)
2025-01-07 21:18:20,159 - SCHEDULER - INFO - Progress: 485/5778 repositories scanned. (scheduler.py:96)
2025-01-07 21:18:20,159 - SCHEDULER - INFO - Starting worker for repo: https://github.com/GATECH-EIC/ViTCoD.git (scheduler.py:64)
2025-01-07 21:18:31,448 - SCHEDULER - INFO - Worker completed successfully for repo: https://github.com/GATECH-EIC/ViTCoD.git (scheduler.py:75)
2025-01-07 21:18:31,448 - SCHEDULER - INFO - Progress: 486/5778 repositories scanned. (scheduler.py:96)
2025-01-07 21:18:31,448 - SCHEDULER - INFO - Starting worker for repo: https://github.com/GArmane/python-fastapi-hex-todo.git (scheduler.py:64)
2025-01-07 21:18:39,729 - SCHEDULER - INFO - Worker completed successfully for repo: https://github.com/GArmane/python-fastapi-hex-todo.git (scheduler.py:75)
2025-01-07 21:18:39,729 - SCHEDULER - INFO - Progress: 487/5778 repositories scanned. (scheduler.py:96)
2025-01-07 21:18:39,729 - SCHEDULER - INFO - Starting worker for repo: https://github.com/GBLin5566/toward-controlled-generation-of-text-pytorch.git (scheduler.py:64)
2025-01-07 21:18:47,511 - SCHEDULER - INFO - Worker completed successfully for repo: https://github.com/GBLin5566/toward-controlled-generation-of-text-pytorch.git (scheduler.py:75)
2025-01-07 21:18:47,511 - SCHEDULER - INFO - Progress: 488/5778 repositories scanned. (scheduler.py:96)
2025-01-07 21:18:47,511 - SCHEDULER - INFO - Starting worker for repo: https://github.com/GCC15/bilibili-captcha.git (scheduler.py:64)
2025-01-07 21:18:56,345 - SCHEDULER - INFO - Worker completed successfully for repo: https://github.com/GCC15/bilibili-captcha.git (scheduler.py:75)
2025-01-07 21:18:56,345 - SCHEDULER - INFO - Progress: 489/5778 repositories scanned. (scheduler.py:96)
2025-01-07 21:18:56,345 - SCHEDULER - INFO - Starting worker for repo: https://github.com/GCYZSL/MoLA.git (scheduler.py:64)
2025-01-07 21:19:07,781 - SCHEDULER - INFO - Worker completed successfully for repo: https://github.com/GCYZSL/MoLA.git (scheduler.py:75)
2025-01-07 21:19:07,781 - SCHEDULER - INFO - Progress: 490/5778 repositories scanned. (scheduler.py:96)
2025-01-07 21:19:07,781 - SCHEDULER - INFO - Starting worker for repo: https://github.com/GDAOSU/LOD2BuildingModel.git (scheduler.py:64)
2025-01-07 21:19:21,524 - SCHEDULER - INFO - Worker completed successfully for repo: https://github.com/GDAOSU/LOD2BuildingModel.git (scheduler.py:75)
2025-01-07 21:19:21,524 - SCHEDULER - INFO - Progress: 491/5778 repositories scanned. (scheduler.py:96)
2025-01-07 21:19:21,524 - SCHEDULER - INFO - Starting worker for repo: https://github.com/GDGVIT/HandWriter.git (scheduler.py:64)
2025-01-07 21:19:31,859 - SCHEDULER - INFO - Worker completed successfully for repo: https://github.com/GDGVIT/HandWriter.git (scheduler.py:75)
2025-01-07 21:19:31,859 - SCHEDULER - INFO - Progress: 492/5778 repositories scanned. (scheduler.py:96)
2025-01-07 21:19:31,859 - SCHEDULER - INFO - Starting worker for repo: https://github.com/GDQuest/blender-power-sequencer.git (scheduler.py:64)
2025-01-07 21:19:41,341 - SCHEDULER - INFO - Worker completed successfully for repo: https://github.com/GDQuest/blender-power-sequencer.git (scheduler.py:75)
2025-01-07 21:19:41,341 - SCHEDULER - INFO - Progress: 493/5778 repositories scanned. (scheduler.py:96)
2025-01-07 21:19:41,341 - SCHEDULER - INFO - Starting worker for repo: https://github.com/GDQuest/gdscript-docs-maker.git (scheduler.py:64)
2025-01-07 21:19:49,673 - SCHEDULER - INFO - Worker completed successfully for repo: https://github.com/GDQuest/gdscript-docs-maker.git (scheduler.py:75)
2025-01-07 21:19:49,673 - SCHEDULER - INFO - Progress: 494/5778 repositories scanned. (scheduler.py:96)
2025-01-07 21:19:49,673 - SCHEDULER - INFO - Starting worker for repo: https://github.com/GDQuest/krita-batch-exporter.git (scheduler.py:64)
2025-01-07 21:19:58,156 - SCHEDULER - INFO - Worker completed successfully for repo: https://github.com/GDQuest/krita-batch-exporter.git (scheduler.py:75)
2025-01-07 21:19:58,156 - SCHEDULER - INFO - Progress: 495/5778 repositories scanned. (scheduler.py:96)
2025-01-07 21:19:58,156 - SCHEDULER - INFO - Starting worker for repo: https://github.com/GDSSecurity/Jetleak-Testing-Script.git (scheduler.py:64)
2025-01-07 21:20:05,438 - SCHEDULER - INFO - Worker completed successfully for repo: https://github.com/GDSSecurity/Jetleak-Testing-Script.git (scheduler.py:75)
2025-01-07 21:20:05,438 - SCHEDULER - INFO - Progress: 496/5778 repositories scanned. (scheduler.py:96)
2025-01-07 21:20:05,438 - SCHEDULER - INFO - Starting worker for repo: https://github.com/GEM-benchmark/NL-Augmenter.git (scheduler.py:64)
2025-01-07 21:20:22,185 - SCHEDULER - INFO - Worker completed successfully for repo: https://github.com/GEM-benchmark/NL-Augmenter.git (scheduler.py:75)
2025-01-07 21:20:22,185 - SCHEDULER - INFO - Progress: 497/5778 repositories scanned. (scheduler.py:96)
2025-01-07 21:20:22,185 - SCHEDULER - INFO - Starting worker for repo: https://github.com/GFNOrg/gflownet.git (scheduler.py:64)
2025-01-07 21:20:32,723 - SCHEDULER - INFO - Worker completed successfully for repo: https://github.com/GFNOrg/gflownet.git (scheduler.py:75)
2025-01-07 21:20:32,723 - SCHEDULER - INFO - Progress: 498/5778 repositories scanned. (scheduler.py:96)
2025-01-07 21:20:32,723 - SCHEDULER - INFO - Starting worker for repo: https://github.com/GFW-knocker/gfw_resist_HTTPS_proxy.git (scheduler.py:64)
2025-01-07 21:20:41,158 - SCHEDULER - INFO - Worker completed successfully for repo: https://github.com/GFW-knocker/gfw_resist_HTTPS_proxy.git (scheduler.py:75)
2025-01-07 21:20:41,158 - SCHEDULER - INFO - Progress: 499/5778 repositories scanned. (scheduler.py:96)
2025-01-07 21:20:41,158 - SCHEDULER - INFO - Starting worker for repo: https://github.com/GFZ/arosics.git (scheduler.py:64)
2025-01-07 21:20:52,047 - SCHEDULER - INFO - Worker completed successfully for repo: https://github.com/GFZ/arosics.git (scheduler.py:75)
2025-01-07 21:20:52,047 - SCHEDULER - INFO - Progress: 500/5778 repositories scanned. (scheduler.py:96)
2025-01-07 21:20:52,047 - SCHEDULER - INFO - Starting worker for repo: https://github.com/GGGHSL/GraphDreamer.git (scheduler.py:64)
2025-01-07 21:21:03,492 - SCHEDULER - INFO - Worker completed successfully for repo: https://github.com/GGGHSL/GraphDreamer.git (scheduler.py:75)
2025-01-07 21:21:03,492 - SCHEDULER - INFO - Progress: 501/5778 repositories scanned. (scheduler.py:96)
2025-01-07 21:21:03,492 - SCHEDULER - INFO - Starting worker for repo: https://github.com/GGL12/TextMining.git (scheduler.py:64)
2025-01-07 21:21:11,775 - SCHEDULER - INFO - Worker completed successfully for repo: https://github.com/GGL12/TextMining.git (scheduler.py:75)
2025-01-07 21:21:11,775 - SCHEDULER - INFO - Progress: 502/5778 repositories scanned. (scheduler.py:96)
2025-01-07 21:21:11,775 - SCHEDULER - INFO - Starting worker for repo: https://github.com/GGyao/CVE-2020-14882_ALL.git (scheduler.py:64)
2025-01-07 21:21:19,555 - SCHEDULER - INFO - Worker completed successfully for repo: https://github.com/GGyao/CVE-2020-14882_ALL.git (scheduler.py:75)
2025-01-07 21:21:19,555 - SCHEDULER - INFO - Progress: 503/5778 repositories scanned. (scheduler.py:96)
2025-01-07 21:21:19,555 - SCHEDULER - INFO - Starting worker for repo: https://github.com/GH05T-HUNTER5/ins-bruter.git (scheduler.py:64)
2025-01-07 21:21:27,085 - SCHEDULER - INFO - Worker completed successfully for repo: https://github.com/GH05T-HUNTER5/ins-bruter.git (scheduler.py:75)
2025-01-07 21:21:27,085 - SCHEDULER - INFO - Progress: 504/5778 repositories scanned. (scheduler.py:96)
2025-01-07 21:21:27,086 - SCHEDULER - INFO - Starting worker for repo: https://github.com/GH05T-HUNTER5/selfkiller.git (scheduler.py:64)
2025-01-07 21:21:34,365 - SCHEDULER - INFO - Worker completed successfully for repo: https://github.com/GH05T-HUNTER5/selfkiller.git (scheduler.py:75)
2025-01-07 21:21:34,365 - SCHEDULER - INFO - Progress: 505/5778 repositories scanned. (scheduler.py:96)
2025-01-07 21:21:34,365 - SCHEDULER - INFO - Starting worker for repo: https://github.com/GHeinzelmann/BAT.py.git (scheduler.py:64)
2025-01-07 21:21:46,320 - SCHEDULER - INFO - Worker completed successfully for repo: https://github.com/GAIR-NLP/anole.git (scheduler.py:75)
2025-01-07 21:21:46,320 - SCHEDULER - INFO - Progress: 506/5778 repositories scanned. (scheduler.py:96)
2025-01-07 21:21:46,320 - SCHEDULER - INFO - Starting worker for repo: https://github.com/GHigher12/Pyqt5_yolov5_unet_centernet.git (scheduler.py:64)
2025-01-07 21:22:00,872 - SCHEDULER - INFO - Worker completed successfully for repo: https://github.com/GHigher12/Pyqt5_yolov5_unet_centernet.git (scheduler.py:75)
2025-01-07 21:22:00,872 - SCHEDULER - INFO - Progress: 507/5778 repositories scanned. (scheduler.py:96)
2025-01-07 21:22:00,872 - SCHEDULER - INFO - Starting worker for repo: https://github.com/GINK03/kawaii-term.git (scheduler.py:64)
2025-01-07 21:22:06,254 - SCHEDULER - INFO - Worker completed successfully for repo: https://github.com/GHeinzelmann/BAT.py.git (scheduler.py:75)
2025-01-07 21:22:06,254 - SCHEDULER - INFO - Progress: 508/5778 repositories scanned. (scheduler.py:96)
2025-01-07 21:22:06,254 - SCHEDULER - INFO - Starting worker for repo: https://github.com/GIS4WRF/gis4wrf.git (scheduler.py:64)
2025-01-07 21:22:09,055 - SCHEDULER - INFO - Worker completed successfully for repo: https://github.com/GINK03/kawaii-term.git (scheduler.py:75)
2025-01-07 21:22:09,055 - SCHEDULER - INFO - Progress: 509/5778 repositories scanned. (scheduler.py:96)
2025-01-07 21:22:09,055 - SCHEDULER - INFO - Starting worker for repo: https://github.com/GIScience/openpoiservice.git (scheduler.py:64)
2025-01-07 21:22:19,098 - SCHEDULER - INFO - Worker completed successfully for repo: https://github.com/GIS4WRF/gis4wrf.git (scheduler.py:75)
2025-01-07 21:22:19,098 - SCHEDULER - INFO - Progress: 510/5778 repositories scanned. (scheduler.py:96)
2025-01-07 21:22:19,098 - SCHEDULER - INFO - Starting worker for repo: https://github.com/GIScience/openrouteservice-py.git (scheduler.py:64)
2025-01-07 21:22:19,745 - SCHEDULER - INFO - Worker completed successfully for repo: https://github.com/GIScience/openpoiservice.git (scheduler.py:75)
2025-01-07 21:22:19,746 - SCHEDULER - INFO - Progress: 511/5778 repositories scanned. (scheduler.py:96)
2025-01-07 21:22:19,746 - SCHEDULER - INFO - Starting worker for repo: https://github.com/GIScience/orstools-qgis-plugin.git (scheduler.py:64)
2025-01-07 21:22:28,832 - SCHEDULER - INFO - Worker completed successfully for repo: https://github.com/GIScience/openrouteservice-py.git (scheduler.py:75)
2025-01-07 21:22:28,832 - SCHEDULER - INFO - Progress: 512/5778 repositories scanned. (scheduler.py:96)
2025-01-07 21:22:28,832 - SCHEDULER - INFO - Starting worker for repo: https://github.com/GISerWang/Spatio-temporal-Clustering.git (scheduler.py:64)
2025-01-07 21:22:30,882 - SCHEDULER - INFO - Worker completed successfully for repo: https://github.com/GIScience/orstools-qgis-plugin.git (scheduler.py:75)
2025-01-07 21:22:30,882 - SCHEDULER - INFO - Progress: 513/5778 repositories scanned. (scheduler.py:96)
2025-01-07 21:22:30,882 - SCHEDULER - INFO - Starting worker for repo: https://github.com/GKalliatakis/Keras-VGG16-places365.git (scheduler.py:64)
2025-01-07 21:22:38,113 - SCHEDULER - INFO - Worker completed successfully for repo: https://github.com/GISerWang/Spatio-temporal-Clustering.git (scheduler.py:75)
2025-01-07 21:22:38,113 - SCHEDULER - INFO - Progress: 514/5778 repositories scanned. (scheduler.py:96)
2025-01-07 21:22:38,113 - SCHEDULER - INFO - Starting worker for repo: https://github.com/GLambard/AdamW_Keras.git (scheduler.py:64)
2025-01-07 21:22:39,565 - SCHEDULER - INFO - Worker completed successfully for repo: https://github.com/GKalliatakis/Keras-VGG16-places365.git (scheduler.py:75)
2025-01-07 21:22:39,565 - SCHEDULER - INFO - Progress: 515/5778 repositories scanned. (scheduler.py:96)
2025-01-07 21:22:39,565 - SCHEDULER - INFO - Starting worker for repo: https://github.com/GManOfficial/Termux_HackingLab_Setup.git (scheduler.py:64)
2025-01-07 21:22:46,843 - SCHEDULER - INFO - Worker completed successfully for repo: https://github.com/GLambard/AdamW_Keras.git (scheduler.py:75)
2025-01-07 21:22:46,843 - SCHEDULER - INFO - Progress: 516/5778 repositories scanned. (scheduler.py:96)
2025-01-07 21:22:46,843 - SCHEDULER - INFO - Starting worker for repo: https://github.com/GMvandeVen/brain-inspired-replay.git (scheduler.py:64)
2025-01-07 21:22:48,753 - SCHEDULER - INFO - Worker completed successfully for repo: https://github.com/GManOfficial/Termux_HackingLab_Setup.git (scheduler.py:75)
2025-01-07 21:22:48,753 - SCHEDULER - INFO - Progress: 517/5778 repositories scanned. (scheduler.py:96)
2025-01-07 21:22:48,753 - SCHEDULER - INFO - Starting worker for repo: https://github.com/GNAYUOHZ/ReID-MGN.git (scheduler.py:64)
2025-01-07 21:22:57,783 - SCHEDULER - INFO - Worker completed successfully for repo: https://github.com/GNAYUOHZ/ReID-MGN.git (scheduler.py:75)
2025-01-07 21:22:57,783 - SCHEDULER - INFO - Progress: 518/5778 repositories scanned. (scheduler.py:96)
2025-01-07 21:22:57,783 - SCHEDULER - INFO - Starting worker for repo: https://github.com/GNSSpy-Project/gnsspy.git (scheduler.py:64)
2025-01-07 21:23:00,535 - SCHEDULER - INFO - Worker completed successfully for repo: https://github.com/GMvandeVen/brain-inspired-replay.git (scheduler.py:75)
2025-01-07 21:23:00,536 - SCHEDULER - INFO - Progress: 519/5778 repositories scanned. (scheduler.py:96)
2025-01-07 21:23:00,536 - SCHEDULER - INFO - Starting worker for repo: https://github.com/GOATS2K/overpass.git (scheduler.py:64)
2025-01-07 21:23:08,265 - SCHEDULER - INFO - Worker completed successfully for repo: https://github.com/GNSSpy-Project/gnsspy.git (scheduler.py:75)
2025-01-07 21:23:08,265 - SCHEDULER - INFO - Progress: 520/5778 repositories scanned. (scheduler.py:96)
2025-01-07 21:23:08,265 - SCHEDULER - INFO - Starting worker for repo: https://github.com/GONGJIA0208/Diffpose.git (scheduler.py:64)
2025-01-07 21:23:09,317 - SCHEDULER - INFO - Worker completed successfully for repo: https://github.com/GOATS2K/overpass.git (scheduler.py:75)
2025-01-07 21:23:09,317 - SCHEDULER - INFO - Progress: 521/5778 repositories scanned. (scheduler.py:96)
2025-01-07 21:23:09,317 - SCHEDULER - INFO - Starting worker for repo: https://github.com/GONZOsint/geowifi.git (scheduler.py:64)
2025-01-07 21:23:18,650 - SCHEDULER - INFO - Worker completed successfully for repo: https://github.com/GONGJIA0208/Diffpose.git (scheduler.py:75)
2025-01-07 21:23:18,650 - SCHEDULER - INFO - Progress: 522/5778 repositories scanned. (scheduler.py:96)
2025-01-07 21:23:18,650 - SCHEDULER - INFO - Starting worker for repo: https://github.com/GONZOsint/gitrecon.git (scheduler.py:64)
2025-01-07 21:23:19,301 - SCHEDULER - INFO - Worker completed successfully for repo: https://github.com/GONZOsint/geowifi.git (scheduler.py:75)
2025-01-07 21:23:19,301 - SCHEDULER - INFO - Progress: 523/5778 repositories scanned. (scheduler.py:96)
2025-01-07 21:23:19,301 - SCHEDULER - INFO - Starting worker for repo: https://github.com/GONZOsint/gvision.git (scheduler.py:64)
2025-01-07 21:23:27,583 - SCHEDULER - INFO - Worker completed successfully for repo: https://github.com/GONZOsint/gitrecon.git (scheduler.py:75)
2025-01-07 21:23:27,583 - SCHEDULER - INFO - Progress: 524/5778 repositories scanned. (scheduler.py:96)
2025-01-07 21:23:27,583 - SCHEDULER - INFO - Starting worker for repo: https://github.com/GPT-Fathom/GPT-Fathom.git (scheduler.py:64)
2025-01-07 21:23:28,235 - SCHEDULER - INFO - Worker completed successfully for repo: https://github.com/GONZOsint/gvision.git (scheduler.py:75)
2025-01-07 21:23:28,235 - SCHEDULER - INFO - Progress: 525/5778 repositories scanned. (scheduler.py:96)
2025-01-07 21:23:28,235 - SCHEDULER - INFO - Starting worker for repo: https://github.com/GPUOpen-LibrariesAndSDKs/BlenderUSDHydraAddon.git (scheduler.py:64)
2025-01-07 21:23:38,571 - SCHEDULER - INFO - Worker completed successfully for repo: https://github.com/GPUOpen-LibrariesAndSDKs/BlenderUSDHydraAddon.git (scheduler.py:75)
2025-01-07 21:23:38,571 - SCHEDULER - INFO - Progress: 526/5778 repositories scanned. (scheduler.py:96)
2025-01-07 21:23:38,571 - SCHEDULER - INFO - Starting worker for repo: https://github.com/GPUOpen-LibrariesAndSDKs/RadeonProRenderBlenderAddon.git (scheduler.py:64)
2025-01-07 21:23:42,131 - SCHEDULER - INFO - Worker completed successfully for repo: https://github.com/GPT-Fathom/GPT-Fathom.git (scheduler.py:75)
2025-01-07 21:23:42,131 - SCHEDULER - INFO - Progress: 527/5778 repositories scanned. (scheduler.py:96)
2025-01-07 21:23:42,131 - SCHEDULER - INFO - Starting worker for repo: https://github.com/GPflow/GPflowOpt.git (scheduler.py:64)
2025-01-07 21:23:52,715 - SCHEDULER - INFO - Worker completed successfully for repo: https://github.com/GPflow/GPflowOpt.git (scheduler.py:75)
2025-01-07 21:23:52,715 - SCHEDULER - INFO - Progress: 528/5778 repositories scanned. (scheduler.py:96)
2025-01-07 21:23:52,715 - SCHEDULER - INFO - Starting worker for repo: https://github.com/GRAAL-Research/deepparse.git (scheduler.py:64)
2025-01-07 21:23:54,220 - SCHEDULER - INFO - Worker completed successfully for repo: https://github.com/GPUOpen-LibrariesAndSDKs/RadeonProRenderBlenderAddon.git (scheduler.py:75)
2025-01-07 21:23:54,220 - SCHEDULER - INFO - Progress: 529/5778 repositories scanned. (scheduler.py:96)
2025-01-07 21:23:54,220 - SCHEDULER - INFO - Starting worker for repo: https://github.com/GRAAL-Research/domain_adversarial_neural_network.git (scheduler.py:64)
2025-01-07 21:24:03,154 - SCHEDULER - INFO - Worker completed successfully for repo: https://github.com/GRAAL-Research/domain_adversarial_neural_network.git (scheduler.py:75)
2025-01-07 21:24:03,154 - SCHEDULER - INFO - Progress: 530/5778 repositories scanned. (scheduler.py:96)
2025-01-07 21:24:03,154 - SCHEDULER - INFO - Starting worker for repo: https://github.com/GRAAL-Research/poutyne.git (scheduler.py:64)
2025-01-07 21:24:05,862 - SCHEDULER - INFO - Worker completed successfully for repo: https://github.com/GRAAL-Research/deepparse.git (scheduler.py:75)
2025-01-07 21:24:05,862 - SCHEDULER - INFO - Progress: 531/5778 repositories scanned. (scheduler.py:96)
2025-01-07 21:24:05,862 - SCHEDULER - INFO - Starting worker for repo: https://github.com/GREAT-WHU/DBA-Fusion.git (scheduler.py:64)
2025-01-07 21:24:17,251 - SCHEDULER - INFO - Worker completed successfully for repo: https://github.com/GRAAL-Research/poutyne.git (scheduler.py:75)
2025-01-07 21:24:17,251 - SCHEDULER - INFO - Progress: 532/5778 repositories scanned. (scheduler.py:96)
2025-01-07 21:24:17,251 - SCHEDULER - INFO - Starting worker for repo: https://github.com/GREsau/localstack-persist.git (scheduler.py:64)
2025-01-07 21:24:17,953 - SCHEDULER - INFO - Worker completed successfully for repo: https://github.com/GREAT-WHU/DBA-Fusion.git (scheduler.py:75)
2025-01-07 21:24:17,953 - SCHEDULER - INFO - Progress: 533/5778 repositories scanned. (scheduler.py:96)
2025-01-07 21:24:17,953 - SCHEDULER - INFO - Starting worker for repo: https://github.com/GSA/https.git (scheduler.py:64)
2025-01-07 21:24:27,183 - SCHEDULER - INFO - Worker completed successfully for repo: https://github.com/GREsau/localstack-persist.git (scheduler.py:75)
2025-01-07 21:24:27,183 - SCHEDULER - INFO - Progress: 534/5778 repositories scanned. (scheduler.py:96)
2025-01-07 21:24:27,184 - SCHEDULER - INFO - Starting worker for repo: https://github.com/GSByeon/multi-speaker-tacotron-tensorflow.git (scheduler.py:64)
2025-01-07 21:24:28,236 - SCHEDULER - INFO - Worker completed successfully for repo: https://github.com/GSA/https.git (scheduler.py:75)
2025-01-07 21:24:28,236 - SCHEDULER - INFO - Progress: 535/5778 repositories scanned. (scheduler.py:96)
2025-01-07 21:24:28,237 - SCHEDULER - INFO - Starting worker for repo: https://github.com/GSL-Benchmark/GSLB.git (scheduler.py:64)
2025-01-07 21:24:38,475 - SCHEDULER - INFO - Worker completed successfully for repo: https://github.com/GSByeon/multi-speaker-tacotron-tensorflow.git (scheduler.py:75)
2025-01-07 21:24:38,475 - SCHEDULER - INFO - Progress: 536/5778 repositories scanned. (scheduler.py:96)
2025-01-07 21:24:38,475 - SCHEDULER - INFO - Starting worker for repo: https://github.com/GSNCodes/ArUCo-Markers-Pose-Estimation-Generation-Python.git (scheduler.py:64)
2025-01-07 21:24:40,980 - SCHEDULER - INFO - Worker completed successfully for repo: https://github.com/GSL-Benchmark/GSLB.git (scheduler.py:75)
2025-01-07 21:24:40,981 - SCHEDULER - INFO - Progress: 537/5778 repositories scanned. (scheduler.py:96)
2025-01-07 21:24:40,981 - SCHEDULER - INFO - Starting worker for repo: https://github.com/GSeanCDAT/GIMM-VFI.git (scheduler.py:64)
2025-01-07 21:24:47,359 - SCHEDULER - INFO - Worker completed successfully for repo: https://github.com/GSNCodes/ArUCo-Markers-Pose-Estimation-Generation-Python.git (scheduler.py:75)
2025-01-07 21:24:47,359 - SCHEDULER - INFO - Progress: 538/5778 repositories scanned. (scheduler.py:96)
2025-01-07 21:24:47,359 - SCHEDULER - INFO - Starting worker for repo: https://github.com/GStreamer/gst-python.git (scheduler.py:64)
2025-01-07 21:24:54,528 - SCHEDULER - INFO - Worker completed successfully for repo: https://github.com/GSeanCDAT/GIMM-VFI.git (scheduler.py:75)
2025-01-07 21:24:54,528 - SCHEDULER - INFO - Progress: 539/5778 repositories scanned. (scheduler.py:96)
2025-01-07 21:24:54,528 - SCHEDULER - INFO - Starting worker for repo: https://github.com/GT-RIPL/CODA-Prompt.git (scheduler.py:64)
2025-01-07 21:24:58,396 - SCHEDULER - INFO - Worker completed successfully for repo: https://github.com/GStreamer/gst-python.git (scheduler.py:75)
2025-01-07 21:24:58,396 - SCHEDULER - INFO - Progress: 540/5778 repositories scanned. (scheduler.py:96)
2025-01-07 21:24:58,396 - SCHEDULER - INFO - Starting worker for repo: https://github.com/GT-RIPL/Continual-Learning-Benchmark.git (scheduler.py:64)
2025-01-07 21:25:05,464 - SCHEDULER - INFO - Worker completed successfully for repo: https://github.com/GT-RIPL/CODA-Prompt.git (scheduler.py:75)
2025-01-07 21:25:05,464 - SCHEDULER - INFO - Progress: 541/5778 repositories scanned. (scheduler.py:96)
2025-01-07 21:25:05,464 - SCHEDULER - INFO - Starting worker for repo: https://github.com/GT-RIPL/L2C.git (scheduler.py:64)
2025-01-07 21:25:07,878 - SCHEDULER - INFO - Worker completed successfully for repo: https://github.com/GT-RIPL/Continual-Learning-Benchmark.git (scheduler.py:75)
2025-01-07 21:25:07,878 - SCHEDULER - INFO - Progress: 542/5778 repositories scanned. (scheduler.py:96)
2025-01-07 21:25:07,878 - SCHEDULER - INFO - Starting worker for repo: https://github.com/GT-Vision-Lab/VQA.git (scheduler.py:64)
2025-01-07 21:25:15,049 - SCHEDULER - INFO - Worker completed successfully for repo: https://github.com/GT-RIPL/L2C.git (scheduler.py:75)
2025-01-07 21:25:15,049 - SCHEDULER - INFO - Progress: 543/5778 repositories scanned. (scheduler.py:96)
2025-01-07 21:25:15,049 - SCHEDULER - INFO - Starting worker for repo: https://github.com/GTSinger/GTSinger.git (scheduler.py:64)
2025-01-07 21:25:17,312 - SCHEDULER - INFO - Worker completed successfully for repo: https://github.com/GT-Vision-Lab/VQA.git (scheduler.py:75)
2025-01-07 21:25:17,312 - SCHEDULER - INFO - Progress: 544/5778 repositories scanned. (scheduler.py:96)
2025-01-07 21:25:17,312 - SCHEDULER - INFO - Starting worker for repo: https://github.com/GTmac/HARP.git (scheduler.py:64)
2025-01-07 21:25:27,246 - SCHEDULER - INFO - Worker completed successfully for repo: https://github.com/GTmac/HARP.git (scheduler.py:75)
2025-01-07 21:25:27,246 - SCHEDULER - INFO - Progress: 545/5778 repositories scanned. (scheduler.py:96)
2025-01-07 21:25:27,246 - SCHEDULER - INFO - Starting worker for repo: https://github.com/GUNDAM-Labet/GUNDAM.git (scheduler.py:64)
2025-01-07 21:25:36,279 - SCHEDULER - INFO - Worker completed successfully for repo: https://github.com/GUNDAM-Labet/GUNDAM.git (scheduler.py:75)
2025-01-07 21:25:36,279 - SCHEDULER - INFO - Progress: 546/5778 repositories scanned. (scheduler.py:96)
2025-01-07 21:25:36,279 - SCHEDULER - INFO - Starting worker for repo: https://github.com/GUR9000/Deep_MRI_brain_extraction.git (scheduler.py:64)
2025-01-07 21:25:46,564 - SCHEDULER - INFO - Worker completed successfully for repo: https://github.com/GUR9000/Deep_MRI_brain_extraction.git (scheduler.py:75)
2025-01-07 21:25:46,564 - SCHEDULER - INFO - Progress: 547/5778 repositories scanned. (scheduler.py:96)
2025-01-07 21:25:46,564 - SCHEDULER - INFO - Starting worker for repo: https://github.com/GWUvision/Hotels-50K.git (scheduler.py:64)
2025-01-07 21:25:48,440 - SCHEDULER - INFO - Worker completed successfully for repo: https://github.com/GTSinger/GTSinger.git (scheduler.py:75)
2025-01-07 21:25:48,440 - SCHEDULER - INFO - Progress: 548/5778 repositories scanned. (scheduler.py:96)
2025-01-07 21:25:48,440 - SCHEDULER - INFO - Starting worker for repo: https://github.com/GWYOG/GWYOG-Hoshino-plugins.git (scheduler.py:64)
2025-01-07 21:25:57,902 - SCHEDULER - INFO - Worker completed successfully for repo: https://github.com/GWUvision/Hotels-50K.git (scheduler.py:75)
2025-01-07 21:25:57,903 - SCHEDULER - INFO - Progress: 549/5778 repositories scanned. (scheduler.py:96)
2025-01-07 21:25:57,903 - SCHEDULER - INFO - Starting worker for repo: https://github.com/GXNU-ZhongLab/ODTrack.git (scheduler.py:64)
2025-01-07 21:25:58,774 - SCHEDULER - INFO - Worker completed successfully for repo: https://github.com/GWYOG/GWYOG-Hoshino-plugins.git (scheduler.py:75)
2025-01-07 21:25:58,774 - SCHEDULER - INFO - Progress: 550/5778 repositories scanned. (scheduler.py:96)
2025-01-07 21:25:58,774 - SCHEDULER - INFO - Starting worker for repo: https://github.com/GXYM/TextBPN-Plus-Plus.git (scheduler.py:64)
2025-01-07 21:26:11,769 - SCHEDULER - INFO - Worker completed successfully for repo: https://github.com/GXYM/TextBPN-Plus-Plus.git (scheduler.py:75)
2025-01-07 21:26:11,769 - SCHEDULER - INFO - Progress: 551/5778 repositories scanned. (scheduler.py:96)
2025-01-07 21:26:11,769 - SCHEDULER - INFO - Starting worker for repo: https://github.com/GXYM/TextBPN.git (scheduler.py:64)
2025-01-07 21:26:12,447 - SCHEDULER - INFO - Worker completed successfully for repo: https://github.com/GXNU-ZhongLab/ODTrack.git (scheduler.py:75)
2025-01-07 21:26:12,447 - SCHEDULER - INFO - Progress: 552/5778 repositories scanned. (scheduler.py:96)
2025-01-07 21:26:12,447 - SCHEDULER - INFO - Starting worker for repo: https://github.com/Ga-ryo/IDAFuzzy.git (scheduler.py:64)
2025-01-07 21:26:21,382 - SCHEDULER - INFO - Worker completed successfully for repo: https://github.com/Ga-ryo/IDAFuzzy.git (scheduler.py:75)
2025-01-07 21:26:21,382 - SCHEDULER - INFO - Progress: 553/5778 repositories scanned. (scheduler.py:96)
2025-01-07 21:26:21,382 - SCHEDULER - INFO - Starting worker for repo: https://github.com/Ga68/benign-key-logger.git (scheduler.py:64)
2025-01-07 21:26:24,158 - SCHEDULER - INFO - Worker completed successfully for repo: https://github.com/GXYM/TextBPN.git (scheduler.py:75)
2025-01-07 21:26:24,158 - SCHEDULER - INFO - Progress: 554/5778 repositories scanned. (scheduler.py:96)
2025-01-07 21:26:24,158 - SCHEDULER - INFO - Starting worker for repo: https://github.com/GaParmar/clean-fid.git (scheduler.py:64)
2025-01-07 21:26:29,311 - SCHEDULER - INFO - Worker completed successfully for repo: https://github.com/Ga68/benign-key-logger.git (scheduler.py:75)
2025-01-07 21:26:29,311 - SCHEDULER - INFO - Progress: 555/5778 repositories scanned. (scheduler.py:96)
2025-01-07 21:26:29,311 - SCHEDULER - INFO - Starting worker for repo: https://github.com/Gab0/japonicus.git (scheduler.py:64)
2025-01-07 21:26:33,342 - SCHEDULER - INFO - Worker completed successfully for repo: https://github.com/GaParmar/clean-fid.git (scheduler.py:75)
2025-01-07 21:26:33,342 - SCHEDULER - INFO - Progress: 556/5778 repositories scanned. (scheduler.py:96)
2025-01-07 21:26:33,342 - SCHEDULER - INFO - Starting worker for repo: https://github.com/GabMus/HydraPaper.git (scheduler.py:64)
2025-01-07 21:26:39,695 - SCHEDULER - INFO - Worker completed successfully for repo: https://github.com/Gab0/japonicus.git (scheduler.py:75)
2025-01-07 21:26:39,695 - SCHEDULER - INFO - Progress: 557/5778 repositories scanned. (scheduler.py:96)
2025-01-07 21:26:39,695 - SCHEDULER - INFO - Starting worker for repo: https://github.com/GabMus/razerCommander.git (scheduler.py:64)
2025-01-07 21:26:42,274 - SCHEDULER - INFO - Worker completed successfully for repo: https://github.com/GabMus/HydraPaper.git (scheduler.py:75)
2025-01-07 21:26:42,274 - SCHEDULER - INFO - Progress: 558/5778 repositories scanned. (scheduler.py:96)
2025-01-07 21:26:42,274 - SCHEDULER - INFO - Starting worker for repo: https://github.com/GabePoel/KvLibadwaita.git (scheduler.py:64)
2025-01-07 21:26:49,729 - SCHEDULER - INFO - Worker completed successfully for repo: https://github.com/GabMus/razerCommander.git (scheduler.py:75)
2025-01-07 21:26:49,729 - SCHEDULER - INFO - Progress: 559/5778 repositories scanned. (scheduler.py:96)
2025-01-07 21:26:49,729 - SCHEDULER - INFO - Starting worker for repo: https://github.com/GabrielBianconi/pytorch-rbm.git (scheduler.py:64)
2025-01-07 21:26:50,654 - SCHEDULER - INFO - Worker completed successfully for repo: https://github.com/GabePoel/KvLibadwaita.git (scheduler.py:75)
2025-01-07 21:26:50,654 - SCHEDULER - INFO - Progress: 560/5778 repositories scanned. (scheduler.py:96)
2025-01-07 21:26:50,654 - SCHEDULER - INFO - Starting worker for repo: https://github.com/GabrielRF/RastreioBot.git (scheduler.py:64)
2025-01-07 21:26:58,210 - SCHEDULER - INFO - Worker completed successfully for repo: https://github.com/GabrielBianconi/pytorch-rbm.git (scheduler.py:75)
2025-01-07 21:26:58,210 - SCHEDULER - INFO - Progress: 561/5778 repositories scanned. (scheduler.py:96)
2025-01-07 21:26:58,210 - SCHEDULER - INFO - Starting worker for repo: https://github.com/GabrielRF/Send2KindleBot.git (scheduler.py:64)
2025-01-07 21:27:00,488 - SCHEDULER - INFO - Worker completed successfully for repo: https://github.com/GabrielRF/RastreioBot.git (scheduler.py:75)
2025-01-07 21:27:00,488 - SCHEDULER - INFO - Progress: 562/5778 repositories scanned. (scheduler.py:96)
2025-01-07 21:27:00,488 - SCHEDULER - INFO - Starting worker for repo: https://github.com/GabySol/OmesTutorials2020.git (scheduler.py:64)
2025-01-07 21:27:06,694 - SCHEDULER - INFO - Worker completed successfully for repo: https://github.com/GabrielRF/Send2KindleBot.git (scheduler.py:75)
2025-01-07 21:27:06,694 - SCHEDULER - INFO - Progress: 563/5778 repositories scanned. (scheduler.py:96)
2025-01-07 21:27:06,694 - SCHEDULER - INFO - Starting worker for repo: https://github.com/GadgetReactor/pyHS100.git (scheduler.py:64)
2025-01-07 21:27:15,482 - SCHEDULER - INFO - Worker completed successfully for repo: https://github.com/GadgetReactor/pyHS100.git (scheduler.py:75)
2025-01-07 21:27:15,482 - SCHEDULER - INFO - Progress: 564/5778 repositories scanned. (scheduler.py:96)
2025-01-07 21:27:15,482 - SCHEDULER - INFO - Starting worker for repo: https://github.com/Gadzhovski/TRACE-Forensic-Toolkit.git (scheduler.py:64)
2025-01-07 21:27:24,103 - SCHEDULER - INFO - Worker completed successfully for repo: https://github.com/GabySol/OmesTutorials2020.git (scheduler.py:75)
2025-01-07 21:27:24,103 - SCHEDULER - INFO - Progress: 565/5778 repositories scanned. (scheduler.py:96)
2025-01-07 21:27:24,103 - SCHEDULER - INFO - Starting worker for repo: https://github.com/GaelicThunder/Experience-Plugin-Pwnagotchi.git (scheduler.py:64)
2025-01-07 21:27:27,067 - SCHEDULER - INFO - Worker completed successfully for repo: https://github.com/Gadzhovski/TRACE-Forensic-Toolkit.git (scheduler.py:75)
2025-01-07 21:27:27,067 - SCHEDULER - INFO - Progress: 566/5778 repositories scanned. (scheduler.py:96)
2025-01-07 21:27:27,067 - SCHEDULER - INFO - Starting worker for repo: https://github.com/GainSec/GoldenNuggets-1.git (scheduler.py:64)
2025-01-07 21:27:32,133 - SCHEDULER - INFO - Worker completed successfully for repo: https://github.com/GaelicThunder/Experience-Plugin-Pwnagotchi.git (scheduler.py:75)
2025-01-07 21:27:32,133 - SCHEDULER - INFO - Progress: 567/5778 repositories scanned. (scheduler.py:96)
2025-01-07 21:27:32,133 - SCHEDULER - INFO - Starting worker for repo: https://github.com/Gait3D/Gait3D-Benchmark.git (scheduler.py:64)
2025-01-07 21:27:35,600 - SCHEDULER - INFO - Worker completed successfully for repo: https://github.com/GainSec/GoldenNuggets-1.git (scheduler.py:75)
2025-01-07 21:27:35,600 - SCHEDULER - INFO - Progress: 568/5778 repositories scanned. (scheduler.py:96)
2025-01-07 21:27:35,600 - SCHEDULER - INFO - Starting worker for repo: https://github.com/GajuuzZ/Human-Falling-Detect-Tracks.git (scheduler.py:64)
2025-01-07 21:27:43,021 - SCHEDULER - INFO - Worker completed successfully for repo: https://github.com/Gait3D/Gait3D-Benchmark.git (scheduler.py:75)
2025-01-07 21:27:43,021 - SCHEDULER - INFO - Progress: 569/5778 repositories scanned. (scheduler.py:96)
2025-01-07 21:27:43,021 - SCHEDULER - INFO - Starting worker for repo: https://github.com/Gal4way/TPD.git (scheduler.py:64)
2025-01-07 21:27:47,843 - SCHEDULER - INFO - Worker completed successfully for repo: https://github.com/GajuuzZ/Human-Falling-Detect-Tracks.git (scheduler.py:75)
2025-01-07 21:27:47,843 - SCHEDULER - INFO - Progress: 570/5778 repositories scanned. (scheduler.py:96)
2025-01-07 21:27:47,843 - SCHEDULER - INFO - Starting worker for repo: https://github.com/GalAvineri/ISIC-Archive-Downloader.git (scheduler.py:64)
2025-01-07 21:27:54,457 - SCHEDULER - INFO - Worker completed successfully for repo: https://github.com/Gal4way/TPD.git (scheduler.py:75)
2025-01-07 21:27:54,457 - SCHEDULER - INFO - Progress: 571/5778 repositories scanned. (scheduler.py:96)
2025-01-07 21:27:54,457 - SCHEDULER - INFO - Starting worker for repo: https://github.com/GalaxyCong/HPMDubbing.git (scheduler.py:64)
2025-01-07 21:27:56,475 - SCHEDULER - INFO - Worker completed successfully for repo: https://github.com/GalAvineri/ISIC-Archive-Downloader.git (scheduler.py:75)
2025-01-07 21:27:56,475 - SCHEDULER - INFO - Progress: 572/5778 repositories scanned. (scheduler.py:96)
2025-01-07 21:27:56,475 - SCHEDULER - INFO - Starting worker for repo: https://github.com/GalaxyLearning/GFL.git (scheduler.py:64)
2025-01-07 21:28:06,057 - SCHEDULER - INFO - Worker completed successfully for repo: https://github.com/GalaxyLearning/GFL.git (scheduler.py:75)
2025-01-07 21:28:06,057 - SCHEDULER - INFO - Progress: 573/5778 repositories scanned. (scheduler.py:96)
2025-01-07 21:28:06,058 - SCHEDULER - INFO - Starting worker for repo: https://github.com/Galileo-Galilei/kedro-mlflow.git (scheduler.py:64)
2025-01-07 21:28:06,747 - SCHEDULER - INFO - Worker completed successfully for repo: https://github.com/GalaxyCong/HPMDubbing.git (scheduler.py:75)
2025-01-07 21:28:06,747 - SCHEDULER - INFO - Progress: 574/5778 repositories scanned. (scheduler.py:96)
2025-01-07 21:28:06,747 - SCHEDULER - INFO - Starting worker for repo: https://github.com/Gality369/CS-Loader.git (scheduler.py:64)
2025-01-07 21:28:15,727 - SCHEDULER - INFO - Worker completed successfully for repo: https://github.com/Gality369/CS-Loader.git (scheduler.py:75)
2025-01-07 21:28:15,727 - SCHEDULER - INFO - Progress: 575/5778 repositories scanned. (scheduler.py:96)
2025-01-07 21:28:15,727 - SCHEDULER - INFO - Starting worker for repo: https://github.com/GallenQiu/FinanceReportAnalysis.git (scheduler.py:64)
2025-01-07 21:28:16,642 - SCHEDULER - INFO - Worker completed successfully for repo: https://github.com/Galileo-Galilei/kedro-mlflow.git (scheduler.py:75)
2025-01-07 21:28:16,642 - SCHEDULER - INFO - Progress: 576/5778 repositories scanned. (scheduler.py:96)
2025-01-07 21:28:16,642 - SCHEDULER - INFO - Starting worker for repo: https://github.com/Gallicchio-Lab/AToM-OpenMM.git (scheduler.py:64)
2025-01-07 21:28:26,765 - SCHEDULER - INFO - Worker completed successfully for repo: https://github.com/GallenQiu/FinanceReportAnalysis.git (scheduler.py:75)
2025-01-07 21:28:26,765 - SCHEDULER - INFO - Progress: 577/5778 repositories scanned. (scheduler.py:96)
2025-01-07 21:28:26,765 - SCHEDULER - INFO - Starting worker for repo: https://github.com/GaloisInc/MATE.git (scheduler.py:64)
2025-01-07 21:28:28,128 - SCHEDULER - INFO - Worker completed successfully for repo: https://github.com/Gallicchio-Lab/AToM-OpenMM.git (scheduler.py:75)
2025-01-07 21:28:28,128 - SCHEDULER - INFO - Progress: 578/5778 repositories scanned. (scheduler.py:96)
2025-01-07 21:28:28,128 - SCHEDULER - INFO - Starting worker for repo: https://github.com/GamehunterKaan/AutoPWN-Suite.git (scheduler.py:64)
2025-01-07 21:28:39,115 - SCHEDULER - INFO - Worker completed successfully for repo: https://github.com/GamehunterKaan/AutoPWN-Suite.git (scheduler.py:75)
2025-01-07 21:28:39,115 - SCHEDULER - INFO - Progress: 579/5778 repositories scanned. (scheduler.py:96)
2025-01-07 21:28:39,115 - SCHEDULER - INFO - Starting worker for repo: https://github.com/GamerNoTitle/Valine-Magic.git (scheduler.py:64)
2025-01-07 21:28:46,994 - SCHEDULER - INFO - Worker completed successfully for repo: https://github.com/GamerNoTitle/Valine-Magic.git (scheduler.py:75)
2025-01-07 21:28:46,994 - SCHEDULER - INFO - Progress: 580/5778 repositories scanned. (scheduler.py:96)
2025-01-07 21:28:46,994 - SCHEDULER - INFO - Starting worker for repo: https://github.com/Gamerium/Dindo-Bot.git (scheduler.py:64)
2025-01-07 21:28:47,722 - SCHEDULER - INFO - Worker completed successfully for repo: https://github.com/GaloisInc/MATE.git (scheduler.py:75)
2025-01-07 21:28:47,722 - SCHEDULER - INFO - Progress: 581/5778 repositories scanned. (scheduler.py:96)
2025-01-07 21:28:47,722 - SCHEDULER - INFO - Starting worker for repo: https://github.com/Games-and-Simulations/sc-docker.git (scheduler.py:64)
2025-01-07 21:28:58,358 - SCHEDULER - INFO - Worker completed successfully for repo: https://github.com/Games-and-Simulations/sc-docker.git (scheduler.py:75)
2025-01-07 21:28:58,358 - SCHEDULER - INFO - Progress: 582/5778 repositories scanned. (scheduler.py:96)
2025-01-07 21:28:58,358 - SCHEDULER - INFO - Starting worker for repo: https://github.com/Gameye98/santet-online.git (scheduler.py:64)
2025-01-07 21:28:59,285 - SCHEDULER - INFO - Worker completed successfully for repo: https://github.com/Gamerium/Dindo-Bot.git (scheduler.py:75)
2025-01-07 21:28:59,286 - SCHEDULER - INFO - Progress: 583/5778 repositories scanned. (scheduler.py:96)
2025-01-07 21:28:59,286 - SCHEDULER - INFO - Starting worker for repo: https://github.com/Gameye98/vbug.git (scheduler.py:64)
2025-01-07 21:29:07,640 - SCHEDULER - INFO - Worker completed successfully for repo: https://github.com/Gameye98/santet-online.git (scheduler.py:75)
2025-01-07 21:29:07,640 - SCHEDULER - INFO - Progress: 584/5778 repositories scanned. (scheduler.py:96)
2025-01-07 21:29:07,640 - SCHEDULER - INFO - Starting worker for repo: https://github.com/GammaTauAI/leetcode-hard-gym.git (scheduler.py:64)
2025-01-07 21:29:08,317 - SCHEDULER - INFO - Worker completed successfully for repo: https://github.com/Gameye98/vbug.git (scheduler.py:75)
2025-01-07 21:29:08,317 - SCHEDULER - INFO - Progress: 585/5778 repositories scanned. (scheduler.py:96)
2025-01-07 21:29:08,317 - SCHEDULER - INFO - Starting worker for repo: https://github.com/Ganapati/Simple-Game-Server.git (scheduler.py:64)
2025-01-07 21:29:16,949 - SCHEDULER - INFO - Worker completed successfully for repo: https://github.com/Ganapati/Simple-Game-Server.git (scheduler.py:75)
2025-01-07 21:29:16,949 - SCHEDULER - INFO - Progress: 586/5778 repositories scanned. (scheduler.py:96)
2025-01-07 21:29:16,949 - SCHEDULER - INFO - Starting worker for repo: https://github.com/GanerCodes/videoEditBot.git (scheduler.py:64)
2025-01-07 21:29:17,625 - SCHEDULER - INFO - Worker completed successfully for repo: https://github.com/GammaTauAI/leetcode-hard-gym.git (scheduler.py:75)
2025-01-07 21:29:17,625 - SCHEDULER - INFO - Progress: 587/5778 repositories scanned. (scheduler.py:96)
2025-01-07 21:29:17,625 - SCHEDULER - INFO - Starting worker for repo: https://github.com/GangCaoLab/CoolBox.git (scheduler.py:64)
2025-01-07 21:29:28,241 - SCHEDULER - INFO - Worker completed successfully for repo: https://github.com/GanerCodes/videoEditBot.git (scheduler.py:75)
2025-01-07 21:29:28,241 - SCHEDULER - INFO - Progress: 588/5778 repositories scanned. (scheduler.py:96)
2025-01-07 21:29:28,241 - SCHEDULER - INFO - Starting worker for repo: https://github.com/GanjinZero/ChineseEHRBert.git (scheduler.py:64)
2025-01-07 21:29:34,824 - SCHEDULER - INFO - Worker completed successfully for repo: https://github.com/GangCaoLab/CoolBox.git (scheduler.py:75)
2025-01-07 21:29:34,824 - SCHEDULER - INFO - Progress: 589/5778 repositories scanned. (scheduler.py:96)
2025-01-07 21:29:34,824 - SCHEDULER - INFO - Starting worker for repo: https://github.com/GanjinZero/RRHF.git (scheduler.py:64)
2025-01-07 21:29:38,827 - SCHEDULER - INFO - Worker completed successfully for repo: https://github.com/GanjinZero/ChineseEHRBert.git (scheduler.py:75)
2025-01-07 21:29:38,828 - SCHEDULER - INFO - Progress: 590/5778 repositories scanned. (scheduler.py:96)
2025-01-07 21:29:38,828 - SCHEDULER - INFO - Starting worker for repo: https://github.com/GaoPeng97/transformer-xl-chinese.git (scheduler.py:64)
2025-01-07 21:29:44,004 - SCHEDULER - INFO - Worker completed successfully for repo: https://github.com/GanjinZero/RRHF.git (scheduler.py:75)
2025-01-07 21:29:44,004 - SCHEDULER - INFO - Progress: 591/5778 repositories scanned. (scheduler.py:96)
2025-01-07 21:29:44,004 - SCHEDULER - INFO - Starting worker for repo: https://github.com/GaoQ1/ner-slot_filling.git (scheduler.py:64)
2025-01-07 21:29:50,513 - SCHEDULER - INFO - Worker completed successfully for repo: https://github.com/GaoPeng97/transformer-xl-chinese.git (scheduler.py:75)
2025-01-07 21:29:50,514 - SCHEDULER - INFO - Progress: 592/5778 repositories scanned. (scheduler.py:96)
2025-01-07 21:29:50,514 - SCHEDULER - INFO - Starting worker for repo: https://github.com/GaoQ1/rasa_chatbot_cn.git (scheduler.py:64)
2025-01-07 21:29:53,734 - SCHEDULER - INFO - Worker completed successfully for repo: https://github.com/GaoQ1/ner-slot_filling.git (scheduler.py:75)
2025-01-07 21:29:53,734 - SCHEDULER - INFO - Progress: 593/5778 repositories scanned. (scheduler.py:96)
2025-01-07 21:29:53,734 - SCHEDULER - INFO - Starting worker for repo: https://github.com/GaoQ1/rasa_nlu_gq.git (scheduler.py:64)
2025-01-07 21:29:59,494 - SCHEDULER - INFO - Worker completed successfully for repo: https://github.com/GaoQ1/rasa_chatbot_cn.git (scheduler.py:75)
2025-01-07 21:29:59,495 - SCHEDULER - INFO - Progress: 594/5778 repositories scanned. (scheduler.py:96)
2025-01-07 21:29:59,495 - SCHEDULER - INFO - Starting worker for repo: https://github.com/Gaoyiminggithub/Graphonomy.git (scheduler.py:64)
2025-01-07 21:30:03,768 - SCHEDULER - INFO - Worker completed successfully for repo: https://github.com/GaoQ1/rasa_nlu_gq.git (scheduler.py:75)
2025-01-07 21:30:03,768 - SCHEDULER - INFO - Progress: 595/5778 repositories scanned. (scheduler.py:96)
2025-01-07 21:30:03,768 - SCHEDULER - INFO - Starting worker for repo: https://github.com/Gaoyongxian666/CountBoard.git (scheduler.py:64)
2025-01-07 21:30:10,080 - SCHEDULER - INFO - Worker completed successfully for repo: https://github.com/Gaoyiminggithub/Graphonomy.git (scheduler.py:75)
2025-01-07 21:30:10,080 - SCHEDULER - INFO - Progress: 596/5778 repositories scanned. (scheduler.py:96)
2025-01-07 21:30:10,080 - SCHEDULER - INFO - Starting worker for repo: https://github.com/Gaoyongxian666/OpenSearcher.git (scheduler.py:64)
2025-01-07 21:30:14,914 - SCHEDULER - INFO - Worker completed successfully for repo: https://github.com/Gaoyongxian666/CountBoard.git (scheduler.py:75)
2025-01-07 21:30:14,914 - SCHEDULER - INFO - Progress: 597/5778 repositories scanned. (scheduler.py:96)
2025-01-07 21:30:14,914 - SCHEDULER - INFO - Starting worker for repo: https://github.com/Gardener-gg/email-verifier.git (scheduler.py:64)
2025-01-07 21:30:22,569 - SCHEDULER - INFO - Worker completed successfully for repo: https://github.com/Gaoyongxian666/OpenSearcher.git (scheduler.py:75)
2025-01-07 21:30:22,569 - SCHEDULER - INFO - Progress: 598/5778 repositories scanned. (scheduler.py:96)
2025-01-07 21:30:22,569 - SCHEDULER - INFO - Starting worker for repo: https://github.com/GaretJax/django-click.git (scheduler.py:64)
2025-01-07 21:30:23,244 - SCHEDULER - INFO - Worker completed successfully for repo: https://github.com/Gardener-gg/email-verifier.git (scheduler.py:75)
2025-01-07 21:30:23,244 - SCHEDULER - INFO - Progress: 599/5778 repositories scanned. (scheduler.py:96)
2025-01-07 21:30:23,244 - SCHEDULER - INFO - Starting worker for repo: https://github.com/Garfield-kh/PoseTriplet.git (scheduler.py:64)
2025-01-07 21:30:32,005 - SCHEDULER - INFO - Worker completed successfully for repo: https://github.com/GaretJax/django-click.git (scheduler.py:75)
2025-01-07 21:30:32,005 - SCHEDULER - INFO - Progress: 600/5778 repositories scanned. (scheduler.py:96)
2025-01-07 21:30:32,005 - SCHEDULER - INFO - Starting worker for repo: https://github.com/Garmelon/PFERD.git (scheduler.py:64)
2025-01-07 21:30:42,544 - SCHEDULER - INFO - Worker completed successfully for repo: https://github.com/Garmelon/PFERD.git (scheduler.py:75)
2025-01-07 21:30:42,544 - SCHEDULER - INFO - Progress: 601/5778 repositories scanned. (scheduler.py:96)
2025-01-07 21:30:42,544 - SCHEDULER - INFO - Starting worker for repo: https://github.com/Gary-Hertel/StockQuant.git (scheduler.py:64)
2025-01-07 21:30:43,902 - SCHEDULER - INFO - Worker completed successfully for repo: https://github.com/Garfield-kh/PoseTriplet.git (scheduler.py:75)
2025-01-07 21:30:43,903 - SCHEDULER - INFO - Progress: 602/5778 repositories scanned. (scheduler.py:96)
2025-01-07 21:30:43,903 - SCHEDULER - INFO - Starting worker for repo: https://github.com/Gary3410/TaPA.git (scheduler.py:64)
2025-01-07 21:30:51,529 - SCHEDULER - INFO - Worker completed successfully for repo: https://github.com/Gary-Hertel/StockQuant.git (scheduler.py:75)
2025-01-07 21:30:51,529 - SCHEDULER - INFO - Progress: 603/5778 repositories scanned. (scheduler.py:96)
2025-01-07 21:30:51,529 - SCHEDULER - INFO - Starting worker for repo: https://github.com/GaryOderNichts/StadiaController.git (scheduler.py:64)
2025-01-07 21:30:55,942 - SCHEDULER - INFO - Worker completed successfully for repo: https://github.com/Gary3410/TaPA.git (scheduler.py:75)
2025-01-07 21:30:55,942 - SCHEDULER - INFO - Progress: 604/5778 repositories scanned. (scheduler.py:96)
2025-01-07 21:30:55,943 - SCHEDULER - INFO - Starting worker for repo: https://github.com/Gasman2014/KiCad-Diff.git (scheduler.py:64)
2025-01-07 21:30:59,861 - SCHEDULER - INFO - Worker completed successfully for repo: https://github.com/GaryOderNichts/StadiaController.git (scheduler.py:75)
2025-01-07 21:30:59,861 - SCHEDULER - INFO - Progress: 605/5778 repositories scanned. (scheduler.py:96)
2025-01-07 21:30:59,861 - SCHEDULER - INFO - Starting worker for repo: https://github.com/GasolSun36/ToG.git (scheduler.py:64)
2025-01-07 21:31:05,277 - SCHEDULER - INFO - Worker completed successfully for repo: https://github.com/Gasman2014/KiCad-Diff.git (scheduler.py:75)
2025-01-07 21:31:05,277 - SCHEDULER - INFO - Progress: 606/5778 repositories scanned. (scheduler.py:96)
2025-01-07 21:31:05,277 - SCHEDULER - INFO - Starting worker for repo: https://github.com/GaspardCulis/elevenlabs-unleashed.git (scheduler.py:64)
2025-01-07 21:31:10,899 - SCHEDULER - INFO - Worker completed successfully for repo: https://github.com/GasolSun36/ToG.git (scheduler.py:75)
2025-01-07 21:31:10,899 - SCHEDULER - INFO - Progress: 607/5778 repositories scanned. (scheduler.py:96)
2025-01-07 21:31:10,899 - SCHEDULER - INFO - Starting worker for repo: https://github.com/GateNLP/ultimate-sitemap-parser.git (scheduler.py:64)
2025-01-07 21:31:14,617 - SCHEDULER - INFO - Worker completed successfully for repo: https://github.com/GaspardCulis/elevenlabs-unleashed.git (scheduler.py:75)
2025-01-07 21:31:14,617 - SCHEDULER - INFO - Progress: 608/5778 repositories scanned. (scheduler.py:96)
2025-01-07 21:31:14,617 - SCHEDULER - INFO - Starting worker for repo: https://github.com/Gateway11/tensorflow-examples.git (scheduler.py:64)
2025-01-07 21:31:21,035 - SCHEDULER - INFO - Worker completed successfully for repo: https://github.com/GateNLP/ultimate-sitemap-parser.git (scheduler.py:75)
2025-01-07 21:31:21,035 - SCHEDULER - INFO - Progress: 609/5778 repositories scanned. (scheduler.py:96)
2025-01-07 21:31:21,035 - SCHEDULER - INFO - Starting worker for repo: https://github.com/Gaurav-chatterjee/Harry-potter-Invisible-Cloak.git (scheduler.py:64)
2025-01-07 21:31:24,451 - SCHEDULER - INFO - Worker completed successfully for repo: https://github.com/Gateway11/tensorflow-examples.git (scheduler.py:75)
2025-01-07 21:31:24,451 - SCHEDULER - INFO - Progress: 610/5778 repositories scanned. (scheduler.py:96)
2025-01-07 21:31:24,451 - SCHEDULER - INFO - Starting worker for repo: https://github.com/GauravBh1010tt/DL-Seq2Seq.git (scheduler.py:64)
2025-01-07 21:31:28,463 - SCHEDULER - INFO - Worker completed successfully for repo: https://github.com/Gaurav-chatterjee/Harry-potter-Invisible-Cloak.git (scheduler.py:75)
2025-01-07 21:31:28,463 - SCHEDULER - INFO - Progress: 611/5778 repositories scanned. (scheduler.py:96)
2025-01-07 21:31:28,463 - SCHEDULER - INFO - Starting worker for repo: https://github.com/GauravBh1010tt/DL-text.git (scheduler.py:64)
2025-01-07 21:31:37,893 - SCHEDULER - INFO - Worker completed successfully for repo: https://github.com/GauravBh1010tt/DL-text.git (scheduler.py:75)
2025-01-07 21:31:37,893 - SCHEDULER - INFO - Progress: 612/5778 repositories scanned. (scheduler.py:96)
2025-01-07 21:31:37,893 - SCHEDULER - INFO - Starting worker for repo: https://github.com/GauravSingh9356/J.A.R.V.I.S.git (scheduler.py:64)
2025-01-07 21:31:39,046 - SCHEDULER - INFO - Worker completed successfully for repo: https://github.com/GauravBh1010tt/DL-Seq2Seq.git (scheduler.py:75)
2025-01-07 21:31:39,046 - SCHEDULER - INFO - Progress: 613/5778 repositories scanned. (scheduler.py:96)
2025-01-07 21:31:39,046 - SCHEDULER - INFO - Starting worker for repo: https://github.com/GauriSP10/streamlit_login_auth_ui.git (scheduler.py:64)
2025-01-07 21:31:47,927 - SCHEDULER - INFO - Worker completed successfully for repo: https://github.com/GauravSingh9356/J.A.R.V.I.S.git (scheduler.py:75)
2025-01-07 21:31:47,927 - SCHEDULER - INFO - Progress: 614/5778 repositories scanned. (scheduler.py:96)
2025-01-07 21:31:47,927 - SCHEDULER - INFO - Starting worker for repo: https://github.com/GaussianCube/GaussianCube.git (scheduler.py:64)
2025-01-07 21:31:48,628 - SCHEDULER - INFO - Worker completed successfully for repo: https://github.com/GauriSP10/streamlit_login_auth_ui.git (scheduler.py:75)
2025-01-07 21:31:48,628 - SCHEDULER - INFO - Progress: 615/5778 repositories scanned. (scheduler.py:96)
2025-01-07 21:31:48,628 - SCHEDULER - INFO - Starting worker for repo: https://github.com/Gautam-J/Machine-Learning.git (scheduler.py:64)
2025-01-07 21:31:58,963 - SCHEDULER - INFO - Worker completed successfully for repo: https://github.com/Gautam-J/Machine-Learning.git (scheduler.py:75)
2025-01-07 21:31:58,963 - SCHEDULER - INFO - Progress: 616/5778 repositories scanned. (scheduler.py:96)
2025-01-07 21:31:58,963 - SCHEDULER - INFO - Starting worker for repo: https://github.com/Gautam-J/Self-Driving-Car.git (scheduler.py:64)
2025-01-07 21:31:59,714 - SCHEDULER - INFO - Worker completed successfully for repo: https://github.com/GaussianCube/GaussianCube.git (scheduler.py:75)
2025-01-07 21:31:59,714 - SCHEDULER - INFO - Progress: 617/5778 repositories scanned. (scheduler.py:96)
2025-01-07 21:31:59,714 - SCHEDULER - INFO - Starting worker for repo: https://github.com/GavinPHR/Multi-Agent-Path-Finding.git (scheduler.py:64)
2025-01-07 21:32:08,594 - SCHEDULER - INFO - Worker completed successfully for repo: https://github.com/Gautam-J/Self-Driving-Car.git (scheduler.py:75)
2025-01-07 21:32:08,595 - SCHEDULER - INFO - Progress: 618/5778 repositories scanned. (scheduler.py:96)
2025-01-07 21:32:08,595 - SCHEDULER - INFO - Starting worker for repo: https://github.com/GavinPHR/Space-Time-AStar.git (scheduler.py:64)
2025-01-07 21:32:09,247 - SCHEDULER - INFO - Worker completed successfully for repo: https://github.com/GavinPHR/Multi-Agent-Path-Finding.git (scheduler.py:75)
2025-01-07 21:32:09,247 - SCHEDULER - INFO - Progress: 619/5778 repositories scanned. (scheduler.py:96)
2025-01-07 21:32:09,247 - SCHEDULER - INFO - Starting worker for repo: https://github.com/GazzolaLab/PyElastica.git (scheduler.py:64)
2025-01-07 21:32:17,028 - SCHEDULER - INFO - Worker completed successfully for repo: https://github.com/GavinPHR/Space-Time-AStar.git (scheduler.py:75)
2025-01-07 21:32:17,028 - SCHEDULER - INFO - Progress: 620/5778 repositories scanned. (scheduler.py:96)
2025-01-07 21:32:17,028 - SCHEDULER - INFO - Starting worker for repo: https://github.com/Gbox4/tstock.git (scheduler.py:64)
2025-01-07 21:32:25,999 - SCHEDULER - INFO - Worker completed successfully for repo: https://github.com/GazzolaLab/PyElastica.git (scheduler.py:75)
2025-01-07 21:32:25,999 - SCHEDULER - INFO - Progress: 621/5778 repositories scanned. (scheduler.py:96)
2025-01-07 21:32:25,999 - SCHEDULER - INFO - Starting worker for repo: https://github.com/GcsSloop/MacDeveloper.git (scheduler.py:64)
2025-01-07 21:32:26,663 - SCHEDULER - INFO - Worker completed successfully for repo: https://github.com/Gbox4/tstock.git (scheduler.py:75)
2025-01-07 21:32:26,663 - SCHEDULER - INFO - Progress: 622/5778 repositories scanned. (scheduler.py:96)
2025-01-07 21:32:26,663 - SCHEDULER - INFO - Starting worker for repo: https://github.com/GcsSloop/TinyPng.git (scheduler.py:64)
2025-01-07 21:32:34,733 - SCHEDULER - INFO - Worker completed successfully for repo: https://github.com/GcsSloop/MacDeveloper.git (scheduler.py:75)
2025-01-07 21:32:34,733 - SCHEDULER - INFO - Progress: 623/5778 repositories scanned. (scheduler.py:96)
2025-01-07 21:32:34,733 - SCHEDULER - INFO - Starting worker for repo: https://github.com/GeWu-Lab/OGM-GE_CVPR2022.git (scheduler.py:64)
2025-01-07 21:32:35,443 - SCHEDULER - INFO - Worker completed successfully for repo: https://github.com/GcsSloop/TinyPng.git (scheduler.py:75)
2025-01-07 21:32:35,443 - SCHEDULER - INFO - Progress: 624/5778 repositories scanned. (scheduler.py:96)
2025-01-07 21:32:35,443 - SCHEDULER - INFO - Starting worker for repo: https://github.com/GedRap/xs-vm.git (scheduler.py:64)
2025-01-07 21:32:44,626 - SCHEDULER - INFO - Worker completed successfully for repo: https://github.com/GedRap/xs-vm.git (scheduler.py:75)
2025-01-07 21:32:44,626 - SCHEDULER - INFO - Progress: 625/5778 repositories scanned. (scheduler.py:96)
2025-01-07 21:32:44,626 - SCHEDULER - INFO - Starting worker for repo: https://github.com/GeeWee/django-auto-prefetching.git (scheduler.py:64)
2025-01-07 21:32:47,175 - SCHEDULER - INFO - Worker completed successfully for repo: https://github.com/GeWu-Lab/OGM-GE_CVPR2022.git (scheduler.py:75)
2025-01-07 21:32:47,175 - SCHEDULER - INFO - Progress: 626/5778 repositories scanned. (scheduler.py:96)
2025-01-07 21:32:47,175 - SCHEDULER - INFO - Starting worker for repo: https://github.com/GeekFunkLabs/fluidpatcher.git (scheduler.py:64)
2025-01-07 21:32:53,306 - SCHEDULER - INFO - Worker completed successfully for repo: https://github.com/GeeWee/django-auto-prefetching.git (scheduler.py:75)
2025-01-07 21:32:53,306 - SCHEDULER - INFO - Progress: 627/5778 repositories scanned. (scheduler.py:96)
2025-01-07 21:32:53,306 - SCHEDULER - INFO - Starting worker for repo: https://github.com/GeekLiB/caffe-model.git (scheduler.py:64)
2025-01-07 21:32:57,412 - SCHEDULER - INFO - Worker completed successfully for repo: https://github.com/GeekFunkLabs/fluidpatcher.git (scheduler.py:75)
2025-01-07 21:32:57,412 - SCHEDULER - INFO - Progress: 628/5778 repositories scanned. (scheduler.py:96)
2025-01-07 21:32:57,412 - SCHEDULER - INFO - Starting worker for repo: https://github.com/GeekMasher/advanced-security-compliance.git (scheduler.py:64)
2025-01-07 21:33:04,241 - SCHEDULER - INFO - Worker completed successfully for repo: https://github.com/GeekLiB/caffe-model.git (scheduler.py:75)
2025-01-07 21:33:04,241 - SCHEDULER - INFO - Progress: 629/5778 repositories scanned. (scheduler.py:96)
2025-01-07 21:33:04,242 - SCHEDULER - INFO - Starting worker for repo: https://github.com/Geeoon/DNS-Tunnel-Keylogger.git (scheduler.py:64)
2025-01-07 21:33:06,797 - SCHEDULER - INFO - Worker completed successfully for repo: https://github.com/GeekMasher/advanced-security-compliance.git (scheduler.py:75)
2025-01-07 21:33:06,797 - SCHEDULER - INFO - Progress: 630/5778 repositories scanned. (scheduler.py:96)
2025-01-07 21:33:06,797 - SCHEDULER - INFO - Starting worker for repo: https://github.com/GehenHe/TRACTA.git (scheduler.py:64)
2025-01-07 21:33:12,724 - SCHEDULER - INFO - Worker completed successfully for repo: https://github.com/Geeoon/DNS-Tunnel-Keylogger.git (scheduler.py:75)
2025-01-07 21:33:12,724 - SCHEDULER - INFO - Progress: 631/5778 repositories scanned. (scheduler.py:96)
2025-01-07 21:33:12,724 - SCHEDULER - INFO - Starting worker for repo: https://github.com/Gelbpunkt/IdleRPG.git (scheduler.py:64)
2025-01-07 21:33:19,290 - SCHEDULER - INFO - Worker completed successfully for repo: https://github.com/GehenHe/TRACTA.git (scheduler.py:75)
2025-01-07 21:33:19,290 - SCHEDULER - INFO - Progress: 632/5778 repositories scanned. (scheduler.py:96)
2025-01-07 21:33:19,290 - SCHEDULER - INFO - Starting worker for repo: https://github.com/GeminiLight/virne.git (scheduler.py:64)
2025-01-07 21:33:33,486 - SCHEDULER - INFO - Worker completed successfully for repo: https://github.com/Gelbpunkt/IdleRPG.git (scheduler.py:75)
2025-01-07 21:33:33,486 - SCHEDULER - INFO - Progress: 633/5778 repositories scanned. (scheduler.py:96)
2025-01-07 21:33:33,486 - SCHEDULER - INFO - Starting worker for repo: https://github.com/GemsLab/H2GCN.git (scheduler.py:64)
2025-01-07 21:33:34,142 - SCHEDULER - INFO - Worker completed successfully for repo: https://github.com/GeminiLight/virne.git (scheduler.py:75)
2025-01-07 21:33:34,142 - SCHEDULER - INFO - Progress: 634/5778 repositories scanned. (scheduler.py:96)
2025-01-07 21:33:34,142 - SCHEDULER - INFO - Starting worker for repo: https://github.com/GenTang/intro_ds.git (scheduler.py:64)
2025-01-07 21:33:45,128 - SCHEDULER - INFO - Worker completed successfully for repo: https://github.com/GemsLab/H2GCN.git (scheduler.py:75)
2025-01-07 21:33:45,128 - SCHEDULER - INFO - Progress: 635/5778 repositories scanned. (scheduler.py:96)
2025-01-07 21:33:45,128 - SCHEDULER - INFO - Starting worker for repo: https://github.com/GeneZC/ASGCN.git (scheduler.py:64)
2025-01-07 21:33:50,188 - SCHEDULER - INFO - Worker completed successfully for repo: https://github.com/GenTang/intro_ds.git (scheduler.py:75)
2025-01-07 21:33:50,188 - SCHEDULER - INFO - Progress: 636/5778 repositories scanned. (scheduler.py:96)
2025-01-07 21:33:50,188 - SCHEDULER - INFO - Starting worker for repo: https://github.com/Genentech/equifold.git (scheduler.py:64)
2025-01-07 21:33:55,013 - SCHEDULER - INFO - Worker completed successfully for repo: https://github.com/GeneZC/ASGCN.git (scheduler.py:75)
2025-01-07 21:33:55,013 - SCHEDULER - INFO - Progress: 637/5778 repositories scanned. (scheduler.py:96)
2025-01-07 21:33:55,013 - SCHEDULER - INFO - Starting worker for repo: https://github.com/Genentech/gReLU.git (scheduler.py:64)
2025-01-07 21:34:00,225 - SCHEDULER - INFO - Worker completed successfully for repo: https://github.com/Genentech/equifold.git (scheduler.py:75)
2025-01-07 21:34:00,225 - SCHEDULER - INFO - Progress: 638/5778 repositories scanned. (scheduler.py:96)
2025-01-07 21:34:00,225 - SCHEDULER - INFO - Starting worker for repo: https://github.com/Genentech/scimilarity.git (scheduler.py:64)
2025-01-07 21:34:10,159 - SCHEDULER - INFO - Worker completed successfully for repo: https://github.com/Genentech/gReLU.git (scheduler.py:75)
2025-01-07 21:34:10,159 - SCHEDULER - INFO - Progress: 639/5778 repositories scanned. (scheduler.py:96)
2025-01-07 21:34:10,159 - SCHEDULER - INFO - Starting worker for repo: https://github.com/General-101/Halo-Asset-Blender-Development-Toolset.git (scheduler.py:64)
2025-01-07 21:34:11,212 - SCHEDULER - INFO - Worker completed successfully for repo: https://github.com/Genentech/scimilarity.git (scheduler.py:75)
2025-01-07 21:34:11,212 - SCHEDULER - INFO - Progress: 640/5778 repositories scanned. (scheduler.py:96)
2025-01-07 21:34:11,212 - SCHEDULER - INFO - Starting worker for repo: https://github.com/GeneralLi95/deepglobe_land_cover_classification_with_deeplabv3plus.git (scheduler.py:64)
2025-01-07 21:34:21,406 - SCHEDULER - INFO - Worker completed successfully for repo: https://github.com/GeneralLi95/deepglobe_land_cover_classification_with_deeplabv3plus.git (scheduler.py:75)
2025-01-07 21:34:21,406 - SCHEDULER - INFO - Progress: 641/5778 repositories scanned. (scheduler.py:96)
2025-01-07 21:34:21,406 - SCHEDULER - INFO - Starting worker for repo: https://github.com/GenericMappingTools/pygmt.git (scheduler.py:64)
2025-01-07 21:34:39,121 - SCHEDULER - INFO - Worker completed successfully for repo: https://github.com/GenericMappingTools/pygmt.git (scheduler.py:75)
2025-01-07 21:34:39,121 - SCHEDULER - INFO - Progress: 642/5778 repositories scanned. (scheduler.py:96)
2025-01-07 21:34:39,121 - SCHEDULER - INFO - Starting worker for repo: https://github.com/Genesis-Embodied-AI/DiffTactile.git (scheduler.py:64)
2025-01-07 21:34:50,558 - SCHEDULER - INFO - Worker completed successfully for repo: https://github.com/Genesis-Embodied-AI/DiffTactile.git (scheduler.py:75)
2025-01-07 21:34:50,558 - SCHEDULER - INFO - Progress: 643/5778 repositories scanned. (scheduler.py:96)
2025-01-07 21:34:50,558 - SCHEDULER - INFO - Starting worker for repo: https://github.com/Genesis-Embodied-AI/RoboGen.git (scheduler.py:64)
2025-01-07 21:34:59,588 - SCHEDULER - INFO - Worker completed successfully for repo: https://github.com/General-101/Halo-Asset-Blender-Development-Toolset.git (scheduler.py:75)
2025-01-07 21:34:59,588 - SCHEDULER - INFO - Progress: 644/5778 repositories scanned. (scheduler.py:96)
2025-01-07 21:34:59,588 - SCHEDULER - INFO - Starting worker for repo: https://github.com/Genetic-Malware/Ebowla.git (scheduler.py:64)
2025-01-07 21:35:06,000 - SCHEDULER - INFO - Worker completed successfully for repo: https://github.com/Genesis-Embodied-AI/RoboGen.git (scheduler.py:75)
2025-01-07 21:35:06,000 - SCHEDULER - INFO - Progress: 645/5778 repositories scanned. (scheduler.py:96)
2025-01-07 21:35:06,000 - SCHEDULER - INFO - Starting worker for repo: https://github.com/GengDavid/pytorch-cpn.git (scheduler.py:64)
2025-01-07 21:35:09,671 - SCHEDULER - INFO - Worker completed successfully for repo: https://github.com/Genetic-Malware/Ebowla.git (scheduler.py:75)
2025-01-07 21:35:09,671 - SCHEDULER - INFO - Progress: 646/5778 repositories scanned. (scheduler.py:96)
2025-01-07 21:35:09,671 - SCHEDULER - INFO - Starting worker for repo: https://github.com/GengzeZhou/NavGPT.git (scheduler.py:64)
2025-01-07 21:35:14,930 - SCHEDULER - INFO - Worker completed successfully for repo: https://github.com/GengDavid/pytorch-cpn.git (scheduler.py:75)
2025-01-07 21:35:14,930 - SCHEDULER - INFO - Progress: 647/5778 repositories scanned. (scheduler.py:96)
2025-01-07 21:35:14,930 - SCHEDULER - INFO - Starting worker for repo: https://github.com/Gengzigang/PCT.git (scheduler.py:64)
2025-01-07 21:35:19,306 - SCHEDULER - INFO - Worker completed successfully for repo: https://github.com/GengzeZhou/NavGPT.git (scheduler.py:75)
2025-01-07 21:35:19,306 - SCHEDULER - INFO - Progress: 648/5778 repositories scanned. (scheduler.py:96)
2025-01-07 21:35:19,306 - SCHEDULER - INFO - Starting worker for repo: https://github.com/GenomeRIK/tama.git (scheduler.py:64)
2025-01-07 21:35:24,763 - SCHEDULER - INFO - Worker completed successfully for repo: https://github.com/Gengzigang/PCT.git (scheduler.py:75)
2025-01-07 21:35:24,763 - SCHEDULER - INFO - Progress: 649/5778 repositories scanned. (scheduler.py:96)
2025-01-07 21:35:24,763 - SCHEDULER - INFO - Starting worker for repo: https://github.com/Genshin-bots/gsuid_core.git (scheduler.py:64)
2025-01-07 21:35:37,964 - SCHEDULER - INFO - Worker completed successfully for repo: https://github.com/GenomeRIK/tama.git (scheduler.py:75)
2025-01-07 21:35:37,964 - SCHEDULER - INFO - Progress: 650/5778 repositories scanned. (scheduler.py:96)
2025-01-07 21:35:37,964 - SCHEDULER - INFO - Starting worker for repo: https://github.com/GentleCP/UCAS-Helper.git (scheduler.py:64)
2025-01-07 21:35:38,660 - SCHEDULER - INFO - Worker completed successfully for repo: https://github.com/Genshin-bots/gsuid_core.git (scheduler.py:75)
2025-01-07 21:35:38,660 - SCHEDULER - INFO - Progress: 651/5778 repositories scanned. (scheduler.py:96)
2025-01-07 21:35:38,660 - SCHEDULER - INFO - Starting worker for repo: https://github.com/GentleCP/corpwechatbot.git (scheduler.py:64)
2025-01-07 21:35:46,945 - SCHEDULER - INFO - Worker completed successfully for repo: https://github.com/GentleCP/UCAS-Helper.git (scheduler.py:75)
2025-01-07 21:35:46,945 - SCHEDULER - INFO - Progress: 652/5778 repositories scanned. (scheduler.py:96)
2025-01-07 21:35:46,945 - SCHEDULER - INFO - Starting worker for repo: https://github.com/Gentopia-AI/Gentopia.git (scheduler.py:64)
2025-01-07 21:35:47,643 - SCHEDULER - INFO - Worker completed successfully for repo: https://github.com/GentleCP/corpwechatbot.git (scheduler.py:75)
2025-01-07 21:35:47,643 - SCHEDULER - INFO - Progress: 653/5778 repositories scanned. (scheduler.py:96)
2025-01-07 21:35:47,644 - SCHEDULER - INFO - Starting worker for repo: https://github.com/GeoPyTool/GeoPyTool.git (scheduler.py:64)
2025-01-07 21:35:57,479 - SCHEDULER - INFO - Worker completed successfully for repo: https://github.com/Gentopia-AI/Gentopia.git (scheduler.py:75)
2025-01-07 21:35:57,479 - SCHEDULER - INFO - Progress: 654/5778 repositories scanned. (scheduler.py:96)
2025-01-07 21:35:57,479 - SCHEDULER - INFO - Starting worker for repo: https://github.com/GeoStat-Framework/GSTools.git (scheduler.py:64)
2025-01-07 21:36:10,067 - SCHEDULER - INFO - Worker completed successfully for repo: https://github.com/GeoStat-Framework/GSTools.git (scheduler.py:75)
2025-01-07 21:36:10,067 - SCHEDULER - INFO - Progress: 655/5778 repositories scanned. (scheduler.py:96)
2025-01-07 21:36:10,067 - SCHEDULER - INFO - Starting worker for repo: https://github.com/GeoStat-Framework/PyKrige.git (scheduler.py:64)
2025-01-07 21:36:14,973 - SCHEDULER - INFO - Worker completed successfully for repo: https://github.com/GeoPyTool/GeoPyTool.git (scheduler.py:75)
2025-01-07 21:36:14,973 - SCHEDULER - INFO - Progress: 656/5778 repositories scanned. (scheduler.py:96)
2025-01-07 21:36:14,973 - SCHEDULER - INFO - Starting worker for repo: https://github.com/GeoVectorMatrix/Dif-Fusion.git (scheduler.py:64)
2025-01-07 21:36:23,005 - SCHEDULER - INFO - Worker completed successfully for repo: https://github.com/GeoStat-Framework/PyKrige.git (scheduler.py:75)
2025-01-07 21:36:23,005 - SCHEDULER - INFO - Progress: 657/5778 repositories scanned. (scheduler.py:96)
2025-01-07 21:36:23,005 - SCHEDULER - INFO - Starting worker for repo: https://github.com/GeoZcx/A-deeply-supervised-image-fusion-network-for-change-detection-in-remote-sensing-images.git (scheduler.py:64)
2025-01-07 21:36:24,859 - SCHEDULER - INFO - Worker completed successfully for repo: https://github.com/GeoVectorMatrix/Dif-Fusion.git (scheduler.py:75)
2025-01-07 21:36:24,859 - SCHEDULER - INFO - Progress: 658/5778 repositories scanned. (scheduler.py:96)
2025-01-07 21:36:24,859 - SCHEDULER - INFO - Starting worker for repo: https://github.com/Geonhee-LEE/ur-reaching-reinforcement-learning.git (scheduler.py:64)
2025-01-07 21:36:31,992 - SCHEDULER - INFO - Worker completed successfully for repo: https://github.com/GeoZcx/A-deeply-supervised-image-fusion-network-for-change-detection-in-remote-sensing-images.git (scheduler.py:75)
2025-01-07 21:36:31,993 - SCHEDULER - INFO - Progress: 659/5778 repositories scanned. (scheduler.py:96)
2025-01-07 21:36:31,993 - SCHEDULER - INFO - Starting worker for repo: https://github.com/Georce/lepus.git (scheduler.py:64)
2025-01-07 21:36:41,363 - SCHEDULER - INFO - Worker completed successfully for repo: https://github.com/Geonhee-LEE/ur-reaching-reinforcement-learning.git (scheduler.py:75)
2025-01-07 21:36:41,363 - SCHEDULER - INFO - Progress: 660/5778 repositories scanned. (scheduler.py:96)
2025-01-07 21:36:41,363 - SCHEDULER - INFO - Starting worker for repo: https://github.com/GeorgLegato/Txt2Vectorgraphics.git (scheduler.py:64)
2025-01-07 21:36:49,044 - SCHEDULER - INFO - Worker completed successfully for repo: https://github.com/GeorgLegato/Txt2Vectorgraphics.git (scheduler.py:75)
2025-01-07 21:36:49,044 - SCHEDULER - INFO - Progress: 661/5778 repositories scanned. (scheduler.py:96)
2025-01-07 21:36:49,044 - SCHEDULER - INFO - Starting worker for repo: https://github.com/George-iam/Midjourney_api.git (scheduler.py:64)
2025-01-07 21:36:51,097 - SCHEDULER - INFO - Worker completed successfully for repo: https://github.com/Georce/lepus.git (scheduler.py:75)
2025-01-07 21:36:51,097 - SCHEDULER - INFO - Progress: 662/5778 repositories scanned. (scheduler.py:96)
2025-01-07 21:36:51,097 - SCHEDULER - INFO - Starting worker for repo: https://github.com/GeorgeCazenavette/glad.git (scheduler.py:64)
2025-01-07 21:36:57,828 - SCHEDULER - INFO - Worker completed successfully for repo: https://github.com/George-iam/Midjourney_api.git (scheduler.py:75)
2025-01-07 21:36:57,828 - SCHEDULER - INFO - Progress: 663/5778 repositories scanned. (scheduler.py:96)
2025-01-07 21:36:57,828 - SCHEDULER - INFO - Starting worker for repo: https://github.com/GeorgeCazenavette/mtt-distillation.git (scheduler.py:64)
2025-01-07 21:37:06,645 - SCHEDULER - INFO - Worker completed successfully for repo: https://github.com/GeorgeCazenavette/glad.git (scheduler.py:75)
2025-01-07 21:37:06,645 - SCHEDULER - INFO - Progress: 664/5778 repositories scanned. (scheduler.py:96)
2025-01-07 21:37:06,645 - SCHEDULER - INFO - Starting worker for repo: https://github.com/GeorgeFilipkin/pulsemixer.git (scheduler.py:64)
2025-01-07 21:37:08,566 - SCHEDULER - INFO - Worker completed successfully for repo: https://github.com/GeorgeCazenavette/mtt-distillation.git (scheduler.py:75)
2025-01-07 21:37:08,566 - SCHEDULER - INFO - Progress: 665/5778 repositories scanned. (scheduler.py:96)
2025-01-07 21:37:08,566 - SCHEDULER - INFO - Starting worker for repo: https://github.com/GeorgeMurAlkh/freqtrade-stuff.git (scheduler.py:64)
2025-01-07 21:37:17,647 - SCHEDULER - INFO - Worker completed successfully for repo: https://github.com/GeorgeMurAlkh/freqtrade-stuff.git (scheduler.py:75)
2025-01-07 21:37:17,647 - SCHEDULER - INFO - Progress: 666/5778 repositories scanned. (scheduler.py:96)
2025-01-07 21:37:17,647 - SCHEDULER - INFO - Starting worker for repo: https://github.com/GeorgePatsias/ScareCrow-CobaltStrike.git (scheduler.py:64)
2025-01-07 21:37:18,282 - SCHEDULER - INFO - Worker completed successfully for repo: https://github.com/GeorgeFilipkin/pulsemixer.git (scheduler.py:75)
2025-01-07 21:37:18,282 - SCHEDULER - INFO - Progress: 667/5778 repositories scanned. (scheduler.py:96)
2025-01-07 21:37:18,282 - SCHEDULER - INFO - Starting worker for repo: https://github.com/GeorgeSeif/Transfer-Learning-Suite.git (scheduler.py:64)
2025-01-07 21:37:26,178 - SCHEDULER - INFO - Worker completed successfully for repo: https://github.com/GeorgePatsias/ScareCrow-CobaltStrike.git (scheduler.py:75)
2025-01-07 21:37:26,178 - SCHEDULER - INFO - Progress: 668/5778 repositories scanned. (scheduler.py:96)
2025-01-07 21:37:26,178 - SCHEDULER - INFO - Starting worker for repo: https://github.com/Georgetown-IR-Lab/OpenNIR.git (scheduler.py:64)
2025-01-07 21:37:27,214 - SCHEDULER - INFO - Worker completed successfully for repo: https://github.com/GeorgeSeif/Transfer-Learning-Suite.git (scheduler.py:75)
2025-01-07 21:37:27,214 - SCHEDULER - INFO - Progress: 669/5778 repositories scanned. (scheduler.py:96)
2025-01-07 21:37:27,214 - SCHEDULER - INFO - Starting worker for repo: https://github.com/Georgetown-IR-Lab/QuickUMLS.git (scheduler.py:64)
2025-01-07 21:37:36,947 - SCHEDULER - INFO - Worker completed successfully for repo: https://github.com/Georgetown-IR-Lab/QuickUMLS.git (scheduler.py:75)
2025-01-07 21:37:36,947 - SCHEDULER - INFO - Progress: 670/5778 repositories scanned. (scheduler.py:96)
2025-01-07 21:37:36,947 - SCHEDULER - INFO - Starting worker for repo: https://github.com/Georgetown-IR-Lab/cedr.git (scheduler.py:64)
2025-01-07 21:37:41,484 - SCHEDULER - INFO - Worker completed successfully for repo: https://github.com/Georgetown-IR-Lab/OpenNIR.git (scheduler.py:75)
2025-01-07 21:37:41,484 - SCHEDULER - INFO - Progress: 671/5778 repositories scanned. (scheduler.py:96)
2025-01-07 21:37:41,484 - SCHEDULER - INFO - Starting worker for repo: https://github.com/GeorgiKeranov/facebook-marketplace-bot.git (scheduler.py:64)
2025-01-07 21:37:46,130 - SCHEDULER - INFO - Worker completed successfully for repo: https://github.com/Georgetown-IR-Lab/cedr.git (scheduler.py:75)
2025-01-07 21:37:46,130 - SCHEDULER - INFO - Progress: 672/5778 repositories scanned. (scheduler.py:96)
2025-01-07 21:37:46,130 - SCHEDULER - INFO - Starting worker for repo: https://github.com/GeoscienceAustralia/PyRate.git (scheduler.py:64)
2025-01-07 21:37:49,864 - SCHEDULER - INFO - Worker completed successfully for repo: https://github.com/GeorgiKeranov/facebook-marketplace-bot.git (scheduler.py:75)
2025-01-07 21:37:49,864 - SCHEDULER - INFO - Progress: 673/5778 repositories scanned. (scheduler.py:96)
2025-01-07 21:37:49,864 - SCHEDULER - INFO - Starting worker for repo: https://github.com/GeoscienceAustralia/anuga_core.git (scheduler.py:64)
2025-01-07 21:38:01,940 - SCHEDULER - INFO - Worker completed successfully for repo: https://github.com/GeoscienceAustralia/PyRate.git (scheduler.py:75)
2025-01-07 21:38:01,940 - SCHEDULER - INFO - Progress: 674/5778 repositories scanned. (scheduler.py:96)
2025-01-07 21:38:01,940 - SCHEDULER - INFO - Starting worker for repo: https://github.com/Geovation/tiler.git (scheduler.py:64)
2025-01-07 21:38:10,521 - SCHEDULER - INFO - Worker completed successfully for repo: https://github.com/Geovation/tiler.git (scheduler.py:75)
2025-01-07 21:38:10,522 - SCHEDULER - INFO - Progress: 675/5778 repositories scanned. (scheduler.py:96)
2025-01-07 21:38:10,522 - SCHEDULER - INFO - Starting worker for repo: https://github.com/Geovation/wifispy.git (scheduler.py:64)
2025-01-07 21:38:17,900 - SCHEDULER - INFO - Worker completed successfully for repo: https://github.com/Geovation/wifispy.git (scheduler.py:75)
2025-01-07 21:38:17,900 - SCHEDULER - INFO - Progress: 676/5778 repositories scanned. (scheduler.py:96)
2025-01-07 21:38:17,900 - SCHEDULER - INFO - Starting worker for repo: https://github.com/Gepetto/example-robot-data.git (scheduler.py:64)
2025-01-07 21:38:33,993 - SCHEDULER - INFO - Worker completed successfully for repo: https://github.com/Gepetto/example-robot-data.git (scheduler.py:75)
2025-01-07 21:38:33,993 - SCHEDULER - INFO - Progress: 677/5778 repositories scanned. (scheduler.py:96)
2025-01-07 21:38:33,993 - SCHEDULER - INFO - Starting worker for repo: https://github.com/GerHobbelt/google-diff-match-patch.git (scheduler.py:64)
2025-01-07 21:38:44,482 - SCHEDULER - INFO - Worker completed successfully for repo: https://github.com/GerHobbelt/google-diff-match-patch.git (scheduler.py:75)
2025-01-07 21:38:44,482 - SCHEDULER - INFO - Progress: 678/5778 repositories scanned. (scheduler.py:96)
2025-01-07 21:38:44,482 - SCHEDULER - INFO - Starting worker for repo: https://github.com/Gerapy/GerapyAutoExtractor.git (scheduler.py:64)
2025-01-07 21:38:52,864 - SCHEDULER - INFO - Worker completed successfully for repo: https://github.com/Gerapy/GerapyAutoExtractor.git (scheduler.py:75)
2025-01-07 21:38:52,864 - SCHEDULER - INFO - Progress: 679/5778 repositories scanned. (scheduler.py:96)
2025-01-07 21:38:52,864 - SCHEDULER - INFO - Starting worker for repo: https://github.com/Gerapy/GerapyPlaywright.git (scheduler.py:64)
2025-01-07 21:39:00,694 - SCHEDULER - INFO - Worker completed successfully for repo: https://github.com/Gerapy/GerapyPlaywright.git (scheduler.py:75)
2025-01-07 21:39:00,695 - SCHEDULER - INFO - Progress: 680/5778 repositories scanned. (scheduler.py:96)
2025-01-07 21:39:00,695 - SCHEDULER - INFO - Starting worker for repo: https://github.com/Gerapy/GerapyPyppeteer.git (scheduler.py:64)
2025-01-07 21:39:08,577 - SCHEDULER - INFO - Worker completed successfully for repo: https://github.com/Gerapy/GerapyPyppeteer.git (scheduler.py:75)
2025-01-07 21:39:08,577 - SCHEDULER - INFO - Progress: 681/5778 repositories scanned. (scheduler.py:96)
2025-01-07 21:39:08,577 - SCHEDULER - INFO - Starting worker for repo: https://github.com/GerardMaggiolino/Deep-OC-SORT.git (scheduler.py:64)
2025-01-07 21:39:33,407 - SCHEDULER - INFO - Worker completed successfully for repo: https://github.com/GerardMaggiolino/Deep-OC-SORT.git (scheduler.py:75)
2025-01-07 21:39:33,407 - SCHEDULER - INFO - Progress: 682/5778 repositories scanned. (scheduler.py:96)
2025-01-07 21:39:33,407 - SCHEDULER - INFO - Starting worker for repo: https://github.com/Germey/ADSLProxyPool.git (scheduler.py:64)
2025-01-07 21:39:40,888 - SCHEDULER - INFO - Worker completed successfully for repo: https://github.com/Germey/ADSLProxyPool.git (scheduler.py:75)
2025-01-07 21:39:40,888 - SCHEDULER - INFO - Progress: 683/5778 repositories scanned. (scheduler.py:96)
2025-01-07 21:39:40,888 - SCHEDULER - INFO - Starting worker for repo: https://github.com/Germey/CookiesPool.git (scheduler.py:64)
2025-01-07 21:39:49,018 - SCHEDULER - INFO - Worker completed successfully for repo: https://github.com/Germey/CookiesPool.git (scheduler.py:75)
2025-01-07 21:39:49,018 - SCHEDULER - INFO - Progress: 684/5778 repositories scanned. (scheduler.py:96)
2025-01-07 21:39:49,018 - SCHEDULER - INFO - Starting worker for repo: https://github.com/Germey/ProxyPool.git (scheduler.py:64)
2025-01-07 21:39:56,799 - SCHEDULER - INFO - Worker completed successfully for repo: https://github.com/Germey/ProxyPool.git (scheduler.py:75)
2025-01-07 21:39:56,799 - SCHEDULER - INFO - Progress: 685/5778 repositories scanned. (scheduler.py:96)
2025-01-07 21:39:56,799 - SCHEDULER - INFO - Starting worker for repo: https://github.com/Germey/TaobaoMM.git (scheduler.py:64)
2025-01-07 21:40:03,977 - SCHEDULER - INFO - Worker completed successfully for repo: https://github.com/Germey/TaobaoMM.git (scheduler.py:75)
2025-01-07 21:40:03,977 - SCHEDULER - INFO - Progress: 686/5778 repositories scanned. (scheduler.py:96)
2025-01-07 21:40:03,977 - SCHEDULER - INFO - Starting worker for repo: https://github.com/Germey/TouTiao.git (scheduler.py:64)
2025-01-07 21:40:11,258 - SCHEDULER - INFO - Worker completed successfully for repo: https://github.com/Germey/TouTiao.git (scheduler.py:75)
2025-01-07 21:40:11,258 - SCHEDULER - INFO - Progress: 687/5778 repositories scanned. (scheduler.py:96)
2025-01-07 21:40:11,258 - SCHEDULER - INFO - Starting worker for repo: https://github.com/Germey/Zhihu.git (scheduler.py:64)
2025-01-07 21:40:18,490 - SCHEDULER - INFO - Worker completed successfully for repo: https://github.com/Germey/Zhihu.git (scheduler.py:75)
2025-01-07 21:40:18,490 - SCHEDULER - INFO - Progress: 688/5778 repositories scanned. (scheduler.py:96)
2025-01-07 21:40:18,490 - SCHEDULER - INFO - Starting worker for repo: https://github.com/Gernby/raspberry-pilot.git (scheduler.py:64)
2025-01-07 21:40:34,347 - SCHEDULER - INFO - Worker completed successfully for repo: https://github.com/Gernby/raspberry-pilot.git (scheduler.py:75)
2025-01-07 21:40:34,347 - SCHEDULER - INFO - Progress: 689/5778 repositories scanned. (scheduler.py:96)
2025-01-07 21:40:34,347 - SCHEDULER - INFO - Starting worker for repo: https://github.com/GerritCodeReview/git-repo.git (scheduler.py:64)
2025-01-07 21:40:49,145 - SCHEDULER - INFO - Worker completed successfully for repo: https://github.com/GerritCodeReview/git-repo.git (scheduler.py:75)
2025-01-07 21:40:49,145 - SCHEDULER - INFO - Progress: 690/5778 repositories scanned. (scheduler.py:96)
2025-01-07 21:40:49,145 - SCHEDULER - INFO - Starting worker for repo: https://github.com/GerryDazoo/Slinger.git (scheduler.py:64)
2025-01-07 21:41:00,334 - SCHEDULER - INFO - Worker completed successfully for repo: https://github.com/GerryDazoo/Slinger.git (scheduler.py:75)
2025-01-07 21:41:00,334 - SCHEDULER - INFO - Progress: 691/5778 repositories scanned. (scheduler.py:96)
2025-01-07 21:41:00,334 - SCHEDULER - INFO - Starting worker for repo: https://github.com/Gerschel/sd_web_ui_preset_utils.git (scheduler.py:64)
2025-01-07 21:41:08,016 - SCHEDULER - INFO - Worker completed successfully for repo: https://github.com/Gerschel/sd_web_ui_preset_utils.git (scheduler.py:75)
2025-01-07 21:41:08,016 - SCHEDULER - INFO - Progress: 692/5778 repositories scanned. (scheduler.py:96)
2025-01-07 21:41:08,016 - SCHEDULER - INFO - Starting worker for repo: https://github.com/GestaltCogTeam/BasicTS.git (scheduler.py:64)
2025-01-07 21:41:24,874 - SCHEDULER - INFO - Worker completed successfully for repo: https://github.com/GestaltCogTeam/BasicTS.git (scheduler.py:75)
2025-01-07 21:41:24,874 - SCHEDULER - INFO - Progress: 693/5778 repositories scanned. (scheduler.py:96)
2025-01-07 21:41:24,874 - SCHEDULER - INFO - Starting worker for repo: https://github.com/GestaltCogTeam/D2STGNN.git (scheduler.py:64)
2025-01-07 21:41:33,553 - SCHEDULER - INFO - Worker completed successfully for repo: https://github.com/GestaltCogTeam/D2STGNN.git (scheduler.py:75)
2025-01-07 21:41:33,553 - SCHEDULER - INFO - Progress: 694/5778 repositories scanned. (scheduler.py:96)
2025-01-07 21:41:33,553 - SCHEDULER - INFO - Starting worker for repo: https://github.com/GestaltCogTeam/STEP.git (scheduler.py:64)
2025-01-07 21:41:44,691 - SCHEDULER - INFO - Worker completed successfully for repo: https://github.com/GestaltCogTeam/STEP.git (scheduler.py:75)
2025-01-07 21:41:44,691 - SCHEDULER - INFO - Progress: 695/5778 repositories scanned. (scheduler.py:96)
2025-01-07 21:41:44,691 - SCHEDULER - INFO - Starting worker for repo: https://github.com/GestaltCogTeam/STID.git (scheduler.py:64)
2025-01-07 21:41:53,425 - SCHEDULER - INFO - Worker completed successfully for repo: https://github.com/GestaltCogTeam/STID.git (scheduler.py:75)
2025-01-07 21:41:53,425 - SCHEDULER - INFO - Progress: 696/5778 repositories scanned. (scheduler.py:96)
2025-01-07 21:41:53,425 - SCHEDULER - INFO - Starting worker for repo: https://github.com/GestureGeneration/Speech_driven_gesture_generation_with_autoencoder.git (scheduler.py:64)
2025-01-07 21:42:02,760 - SCHEDULER - INFO - Worker completed successfully for repo: https://github.com/GestureGeneration/Speech_driven_gesture_generation_with_autoencoder.git (scheduler.py:75)
2025-01-07 21:42:02,761 - SCHEDULER - INFO - Progress: 697/5778 repositories scanned. (scheduler.py:96)
2025-01-07 21:42:02,761 - SCHEDULER - INFO - Starting worker for repo: https://github.com/GetRD/academic-file-converter.git (scheduler.py:64)
2025-01-07 21:42:11,044 - SCHEDULER - INFO - Worker completed successfully for repo: https://github.com/GetRD/academic-file-converter.git (scheduler.py:75)
2025-01-07 21:42:11,044 - SCHEDULER - INFO - Progress: 698/5778 repositories scanned. (scheduler.py:96)
2025-01-07 21:42:11,044 - SCHEDULER - INFO - Starting worker for repo: https://github.com/GetStream/django_twitter.git (scheduler.py:64)
2025-01-07 21:42:18,774 - SCHEDULER - INFO - Worker completed successfully for repo: https://github.com/GetStream/django_twitter.git (scheduler.py:75)
2025-01-07 21:42:18,774 - SCHEDULER - INFO - Progress: 699/5778 repositories scanned. (scheduler.py:96)
2025-01-07 21:42:18,774 - SCHEDULER - INFO - Starting worker for repo: https://github.com/GetStream/stream-django.git (scheduler.py:64)
2025-01-07 21:42:26,707 - SCHEDULER - INFO - Worker completed successfully for repo: https://github.com/GetStream/stream-django.git (scheduler.py:75)
2025-01-07 21:42:26,707 - SCHEDULER - INFO - Progress: 700/5778 repositories scanned. (scheduler.py:96)
2025-01-07 21:42:26,707 - SCHEDULER - INFO - Starting worker for repo: https://github.com/GetTogetherComm/GetTogether.git (scheduler.py:64)
2025-01-07 21:42:37,544 - SCHEDULER - INFO - Worker completed successfully for repo: https://github.com/GetTogetherComm/GetTogether.git (scheduler.py:75)
2025-01-07 21:42:37,544 - SCHEDULER - INFO - Progress: 701/5778 repositories scanned. (scheduler.py:96)
2025-01-07 21:42:37,544 - SCHEDULER - INFO - Starting worker for repo: https://github.com/GetWVKeys/getwvkeys.git (scheduler.py:64)
2025-01-07 21:42:46,527 - SCHEDULER - INFO - Worker completed successfully for repo: https://github.com/GetWVKeys/getwvkeys.git (scheduler.py:75)
2025-01-07 21:42:46,528 - SCHEDULER - INFO - Progress: 702/5778 repositories scanned. (scheduler.py:96)
2025-01-07 21:42:46,528 - SCHEDULER - INFO - Starting worker for repo: https://github.com/Getmrahul/Flask-Graphene-SQLAlchemy.git (scheduler.py:64)
2025-01-07 21:42:53,608 - SCHEDULER - INFO - Worker completed successfully for repo: https://github.com/Getmrahul/Flask-Graphene-SQLAlchemy.git (scheduler.py:75)
2025-01-07 21:42:53,609 - SCHEDULER - INFO - Progress: 703/5778 repositories scanned. (scheduler.py:96)
2025-01-07 21:42:53,609 - SCHEDULER - INFO - Starting worker for repo: https://github.com/GewelsJI/DGNet.git (scheduler.py:64)
2025-01-07 21:43:03,749 - SCHEDULER - INFO - Worker completed successfully for repo: https://github.com/GewelsJI/DGNet.git (scheduler.py:75)
2025-01-07 21:43:03,750 - SCHEDULER - INFO - Progress: 704/5778 repositories scanned. (scheduler.py:96)
2025-01-07 21:43:03,750 - SCHEDULER - INFO - Starting worker for repo: https://github.com/GewelsJI/PNS-Net.git (scheduler.py:64)
2025-01-07 21:43:11,979 - SCHEDULER - INFO - Worker completed successfully for repo: https://github.com/GewelsJI/PNS-Net.git (scheduler.py:75)
2025-01-07 21:43:11,979 - SCHEDULER - INFO - Progress: 705/5778 repositories scanned. (scheduler.py:96)
2025-01-07 21:43:11,979 - SCHEDULER - INFO - Starting worker for repo: https://github.com/GewelsJI/SINet-V2.git (scheduler.py:64)
2025-01-07 21:43:20,462 - SCHEDULER - INFO - Worker completed successfully for repo: https://github.com/GewelsJI/SINet-V2.git (scheduler.py:75)
2025-01-07 21:43:20,462 - SCHEDULER - INFO - Progress: 706/5778 repositories scanned. (scheduler.py:96)
2025-01-07 21:43:20,462 - SCHEDULER - INFO - Starting worker for repo: https://github.com/GewelsJI/VPS.git (scheduler.py:64)
2025-01-07 21:43:31,553 - SCHEDULER - INFO - Worker completed successfully for repo: https://github.com/GewelsJI/VPS.git (scheduler.py:75)
2025-01-07 21:43:31,553 - SCHEDULER - INFO - Progress: 707/5778 repositories scanned. (scheduler.py:96)
2025-01-07 21:43:31,553 - SCHEDULER - INFO - Starting worker for repo: https://github.com/Gh05ter/Bank.git (scheduler.py:64)
2025-01-07 21:43:45,350 - SCHEDULER - INFO - Worker completed successfully for repo: https://github.com/Gh05ter/Bank.git (scheduler.py:75)
2025-01-07 21:43:45,350 - SCHEDULER - INFO - Progress: 708/5778 repositories scanned. (scheduler.py:96)
2025-01-07 21:43:45,350 - SCHEDULER - INFO - Starting worker for repo: https://github.com/Ghadjeres/DeepBach.git (scheduler.py:64)
2025-01-07 21:43:55,985 - SCHEDULER - INFO - Worker completed successfully for repo: https://github.com/Ghadjeres/DeepBach.git (scheduler.py:75)
2025-01-07 21:43:55,985 - SCHEDULER - INFO - Progress: 709/5778 repositories scanned. (scheduler.py:96)
2025-01-07 21:43:55,985 - SCHEDULER - INFO - Starting worker for repo: https://github.com/Ghauster/BilibiliCommentScraper.git (scheduler.py:64)
2025-01-07 21:44:03,716 - SCHEDULER - INFO - Worker completed successfully for repo: https://github.com/Ghauster/BilibiliCommentScraper.git (scheduler.py:75)
2025-01-07 21:44:03,716 - SCHEDULER - INFO - Progress: 710/5778 repositories scanned. (scheduler.py:96)
2025-01-07 21:44:03,716 - SCHEDULER - INFO - Starting worker for repo: https://github.com/GhiXu/Geo-Neus.git (scheduler.py:64)
2025-01-07 21:44:13,452 - SCHEDULER - INFO - Worker completed successfully for repo: https://github.com/GhiXu/Geo-Neus.git (scheduler.py:75)
2025-01-07 21:44:13,452 - SCHEDULER - INFO - Progress: 711/5778 repositories scanned. (scheduler.py:96)
2025-01-07 21:44:13,452 - SCHEDULER - INFO - Starting worker for repo: https://github.com/GhostFrankWu/SAEG.git (scheduler.py:64)
2025-01-07 21:44:22,687 - SCHEDULER - INFO - Worker completed successfully for repo: https://github.com/GhostFrankWu/SAEG.git (scheduler.py:75)
2025-01-07 21:44:22,687 - SCHEDULER - INFO - Progress: 712/5778 repositories scanned. (scheduler.py:96)
2025-01-07 21:44:22,687 - SCHEDULER - INFO - Starting worker for repo: https://github.com/GhostFrankWu/SUSTech_Tools.git (scheduler.py:64)
2025-01-07 21:44:30,217 - SCHEDULER - INFO - Worker completed successfully for repo: https://github.com/GhostFrankWu/SUSTech_Tools.git (scheduler.py:75)
2025-01-07 21:44:30,218 - SCHEDULER - INFO - Progress: 713/5778 repositories scanned. (scheduler.py:96)
2025-01-07 21:44:30,218 - SCHEDULER - INFO - Starting worker for repo: https://github.com/GhostManager/DomainCheck.git (scheduler.py:64)
2025-01-07 21:44:38,498 - SCHEDULER - INFO - Worker completed successfully for repo: https://github.com/GhostManager/DomainCheck.git (scheduler.py:75)
2025-01-07 21:44:38,498 - SCHEDULER - INFO - Progress: 714/5778 repositories scanned. (scheduler.py:96)
2025-01-07 21:44:38,499 - SCHEDULER - INFO - Starting worker for repo: https://github.com/GhostManager/Shepherd.git (scheduler.py:64)
2025-01-07 21:44:46,832 - SCHEDULER - INFO - Worker completed successfully for repo: https://github.com/GhostManager/Shepherd.git (scheduler.py:75)
2025-01-07 21:44:46,832 - SCHEDULER - INFO - Progress: 715/5778 repositories scanned. (scheduler.py:96)
2025-01-07 21:44:46,832 - SCHEDULER - INFO - Starting worker for repo: https://github.com/Ghostish/Open3DSOT.git (scheduler.py:64)
2025-01-07 21:44:58,275 - SCHEDULER - INFO - Worker completed successfully for repo: https://github.com/Ghostish/Open3DSOT.git (scheduler.py:75)
2025-01-07 21:44:58,275 - SCHEDULER - INFO - Progress: 716/5778 repositories scanned. (scheduler.py:96)
2025-01-07 21:44:58,275 - SCHEDULER - INFO - Starting worker for repo: https://github.com/Ghostkeeper/Blender3mfFormat.git (scheduler.py:64)
2025-01-07 21:45:07,262 - SCHEDULER - INFO - Worker completed successfully for repo: https://github.com/Ghostkeeper/Blender3mfFormat.git (scheduler.py:75)
2025-01-07 21:45:07,262 - SCHEDULER - INFO - Progress: 717/5778 repositories scanned. (scheduler.py:96)
2025-01-07 21:45:07,262 - SCHEDULER - INFO - Starting worker for repo: https://github.com/Gi-z/CSIKit.git (scheduler.py:64)
2025-01-07 21:45:18,351 - SCHEDULER - INFO - Worker completed successfully for repo: https://github.com/Gi-z/CSIKit.git (scheduler.py:75)
2025-01-07 21:45:18,351 - SCHEDULER - INFO - Progress: 718/5778 repositories scanned. (scheduler.py:96)
2025-01-07 21:45:18,351 - SCHEDULER - INFO - Starting worker for repo: https://github.com/GiacomoPope/kyber-py.git (scheduler.py:64)
2025-01-07 21:45:27,086 - SCHEDULER - INFO - Worker completed successfully for repo: https://github.com/GiacomoPope/kyber-py.git (scheduler.py:75)
2025-01-07 21:45:27,086 - SCHEDULER - INFO - Progress: 719/5778 repositories scanned. (scheduler.py:96)
2025-01-07 21:45:27,086 - SCHEDULER - INFO - Starting worker for repo: https://github.com/GianisTsol/python-p2p.git (scheduler.py:64)
2025-01-07 21:45:35,466 - SCHEDULER - INFO - Worker completed successfully for repo: https://github.com/GianisTsol/python-p2p.git (scheduler.py:75)
2025-01-07 21:45:35,466 - SCHEDULER - INFO - Progress: 720/5778 repositories scanned. (scheduler.py:96)
2025-01-07 21:45:35,466 - SCHEDULER - INFO - Starting worker for repo: https://github.com/GibbsConsulting/django-plotly-dash.git (scheduler.py:64)
2025-01-07 21:45:44,349 - SCHEDULER - INFO - Worker completed successfully for repo: https://github.com/GibbsConsulting/django-plotly-dash.git (scheduler.py:75)
2025-01-07 21:45:44,349 - SCHEDULER - INFO - Progress: 721/5778 repositories scanned. (scheduler.py:96)
2025-01-07 21:45:44,349 - SCHEDULER - INFO - Starting worker for repo: https://github.com/GideonWolfe/Chameleon.git (scheduler.py:64)
2025-01-07 21:45:51,977 - SCHEDULER - INFO - Worker completed successfully for repo: https://github.com/GideonWolfe/Chameleon.git (scheduler.py:75)
2025-01-07 21:45:51,977 - SCHEDULER - INFO - Progress: 722/5778 repositories scanned. (scheduler.py:96)
2025-01-07 21:45:51,977 - SCHEDULER - INFO - Starting worker for repo: https://github.com/GigaxGames/gigax.git (scheduler.py:64)
2025-01-07 21:45:59,556 - SCHEDULER - INFO - Worker completed successfully for repo: https://github.com/GigaxGames/gigax.git (scheduler.py:75)
2025-01-07 21:45:59,556 - SCHEDULER - INFO - Progress: 723/5778 repositories scanned. (scheduler.py:96)
2025-01-07 21:45:59,556 - SCHEDULER - INFO - Starting worker for repo: https://github.com/Gikiman/Autoxhs.git (scheduler.py:64)
2025-01-07 21:46:07,537 - SCHEDULER - INFO - Worker completed successfully for repo: https://github.com/Gikiman/Autoxhs.git (scheduler.py:75)
2025-01-07 21:46:07,537 - SCHEDULER - INFO - Progress: 724/5778 repositories scanned. (scheduler.py:96)
2025-01-07 21:46:07,537 - SCHEDULER - INFO - Starting worker for repo: https://github.com/GimelStudio/GimelStudio.git (scheduler.py:64)
2025-01-07 21:46:17,373 - SCHEDULER - INFO - Worker completed successfully for repo: https://github.com/GimelStudio/GimelStudio.git (scheduler.py:75)
2025-01-07 21:46:17,374 - SCHEDULER - INFO - Progress: 725/5778 repositories scanned. (scheduler.py:96)
2025-01-07 21:46:17,374 - SCHEDULER - INFO - Starting worker for repo: https://github.com/GimpelZhang/GaussianRPG.git (scheduler.py:64)
2025-01-07 21:46:34,221 - SCHEDULER - INFO - Worker completed successfully for repo: https://github.com/GimpelZhang/GaussianRPG.git (scheduler.py:75)
2025-01-07 21:46:34,221 - SCHEDULER - INFO - Progress: 726/5778 repositories scanned. (scheduler.py:96)
2025-01-07 21:46:34,221 - SCHEDULER - INFO - Starting worker for repo: https://github.com/GiorgosXou/TUIFIManager.git (scheduler.py:64)
2025-01-07 21:46:43,658 - SCHEDULER - INFO - Worker completed successfully for repo: https://github.com/GiorgosXou/TUIFIManager.git (scheduler.py:75)
2025-01-07 21:46:43,658 - SCHEDULER - INFO - Progress: 727/5778 repositories scanned. (scheduler.py:96)
2025-01-07 21:46:43,658 - SCHEDULER - INFO - Starting worker for repo: https://github.com/Giphy/celeb-detection-oss.git (scheduler.py:64)
2025-01-07 21:46:52,843 - SCHEDULER - INFO - Worker completed successfully for repo: https://github.com/Giphy/celeb-detection-oss.git (scheduler.py:75)
2025-01-07 21:46:52,843 - SCHEDULER - INFO - Progress: 728/5778 repositories scanned. (scheduler.py:96)
2025-01-07 21:46:52,843 - SCHEDULER - INFO - Starting worker for repo: https://github.com/GistNoesis/BrickRegistration.git (scheduler.py:64)
2025-01-07 21:47:00,674 - SCHEDULER - INFO - Worker completed successfully for repo: https://github.com/GistNoesis/BrickRegistration.git (scheduler.py:75)
2025-01-07 21:47:00,674 - SCHEDULER - INFO - Progress: 729/5778 repositories scanned. (scheduler.py:96)
2025-01-07 21:47:00,674 - SCHEDULER - INFO - Starting worker for repo: https://github.com/GistNoesis/FourierKAN.git (scheduler.py:64)
2025-01-07 21:47:07,805 - SCHEDULER - INFO - Worker completed successfully for repo: https://github.com/GistNoesis/FourierKAN.git (scheduler.py:75)
2025-01-07 21:47:07,805 - SCHEDULER - INFO - Progress: 730/5778 repositories scanned. (scheduler.py:96)
2025-01-07 21:47:07,805 - SCHEDULER - INFO - Starting worker for repo: https://github.com/Git-123-Hub/maddpg-pettingzoo-pytorch.git (scheduler.py:64)
2025-01-07 21:47:15,684 - SCHEDULER - INFO - Worker completed successfully for repo: https://github.com/Git-123-Hub/maddpg-pettingzoo-pytorch.git (scheduler.py:75)
2025-01-07 21:47:15,684 - SCHEDULER - INFO - Progress: 731/5778 repositories scanned. (scheduler.py:96)
2025-01-07 21:47:15,684 - SCHEDULER - INFO - Starting worker for repo: https://github.com/GitBoSun/ARAPReg.git (scheduler.py:64)
2025-01-07 21:47:24,219 - SCHEDULER - INFO - Worker completed successfully for repo: https://github.com/GitBoSun/ARAPReg.git (scheduler.py:75)
2025-01-07 21:47:24,219 - SCHEDULER - INFO - Progress: 732/5778 repositories scanned. (scheduler.py:96)
2025-01-07 21:47:24,219 - SCHEDULER - INFO - Starting worker for repo: https://github.com/GitBoSun/roomnet.git (scheduler.py:64)
2025-01-07 21:47:32,353 - SCHEDULER - INFO - Worker completed successfully for repo: https://github.com/GitBoSun/roomnet.git (scheduler.py:75)
2025-01-07 21:47:32,353 - SCHEDULER - INFO - Progress: 733/5778 repositories scanned. (scheduler.py:96)
2025-01-07 21:47:32,353 - SCHEDULER - INFO - Starting worker for repo: https://github.com/GitGuardian/ggcanary.git (scheduler.py:64)
2025-01-07 21:47:39,932 - SCHEDULER - INFO - Worker completed successfully for repo: https://github.com/GitGuardian/ggcanary.git (scheduler.py:75)
2025-01-07 21:47:39,932 - SCHEDULER - INFO - Progress: 734/5778 repositories scanned. (scheduler.py:96)
2025-01-07 21:47:39,932 - SCHEDULER - INFO - Starting worker for repo: https://github.com/GitGyun/visual_token_matching.git (scheduler.py:64)
2025-01-07 21:47:49,315 - SCHEDULER - INFO - Worker completed successfully for repo: https://github.com/GitGyun/visual_token_matching.git (scheduler.py:75)
2025-01-07 21:47:49,315 - SCHEDULER - INFO - Progress: 735/5778 repositories scanned. (scheduler.py:96)
2025-01-07 21:47:49,315 - SCHEDULER - INFO - Starting worker for repo: https://github.com/GitHub-HongweiZhang/prediction-flow.git (scheduler.py:64)
2025-01-07 21:47:52,122 - SCHEDULER - INFO - Worker completed successfully for repo: https://github.com/GeoscienceAustralia/anuga_core.git (scheduler.py:75)
2025-01-07 21:47:52,122 - SCHEDULER - INFO - Progress: 736/5778 repositories scanned. (scheduler.py:96)
2025-01-07 21:47:52,122 - SCHEDULER - INFO - Starting worker for repo: https://github.com/GitHub30/win11toast.git (scheduler.py:64)
2025-01-07 21:47:58,397 - SCHEDULER - INFO - Worker completed successfully for repo: https://github.com/GitHub-HongweiZhang/prediction-flow.git (scheduler.py:75)
2025-01-07 21:47:58,397 - SCHEDULER - INFO - Progress: 737/5778 repositories scanned. (scheduler.py:96)
2025-01-07 21:47:58,397 - SCHEDULER - INFO - Starting worker for repo: https://github.com/GitHubSecurityLab/actions-permissions.git (scheduler.py:64)
2025-01-07 21:48:01,153 - SCHEDULER - INFO - Worker completed successfully for repo: https://github.com/GitHub30/win11toast.git (scheduler.py:75)
2025-01-07 21:48:01,154 - SCHEDULER - INFO - Progress: 738/5778 repositories scanned. (scheduler.py:96)
2025-01-07 21:48:01,154 - SCHEDULER - INFO - Starting worker for repo: https://github.com/GitYCC/NTU_HYLee_MachineLearning_Homework.git (scheduler.py:64)
2025-01-07 21:48:07,930 - SCHEDULER - INFO - Worker completed successfully for repo: https://github.com/GitHubSecurityLab/actions-permissions.git (scheduler.py:75)
2025-01-07 21:48:07,930 - SCHEDULER - INFO - Progress: 739/5778 repositories scanned. (scheduler.py:96)
2025-01-07 21:48:07,930 - SCHEDULER - INFO - Starting worker for repo: https://github.com/GitYCC/crnn-pytorch.git (scheduler.py:64)
2025-01-07 21:48:13,942 - SCHEDULER - INFO - Worker completed successfully for repo: https://github.com/GitYCC/NTU_HYLee_MachineLearning_Homework.git (scheduler.py:75)
2025-01-07 21:48:13,943 - SCHEDULER - INFO - Progress: 740/5778 repositories scanned. (scheduler.py:96)
2025-01-07 21:48:13,943 - SCHEDULER - INFO - Starting worker for repo: https://github.com/GitYCC/g2pW.git (scheduler.py:64)
2025-01-07 21:48:17,113 - SCHEDULER - INFO - Worker completed successfully for repo: https://github.com/GitYCC/crnn-pytorch.git (scheduler.py:75)
2025-01-07 21:48:17,113 - SCHEDULER - INFO - Progress: 741/5778 repositories scanned. (scheduler.py:96)
2025-01-07 21:48:17,113 - SCHEDULER - INFO - Starting worker for repo: https://github.com/GiulioRossetti/cdlib.git (scheduler.py:64)
2025-01-07 21:48:23,430 - SCHEDULER - INFO - Worker completed successfully for repo: https://github.com/GitYCC/g2pW.git (scheduler.py:75)
2025-01-07 21:48:23,430 - SCHEDULER - INFO - Progress: 742/5778 repositories scanned. (scheduler.py:96)
2025-01-07 21:48:23,430 - SCHEDULER - INFO - Starting worker for repo: https://github.com/GiulioRossetti/dynetx.git (scheduler.py:64)
2025-01-07 21:48:33,012 - SCHEDULER - INFO - Worker completed successfully for repo: https://github.com/GiulioRossetti/cdlib.git (scheduler.py:75)
2025-01-07 21:48:33,012 - SCHEDULER - INFO - Progress: 743/5778 repositories scanned. (scheduler.py:96)
2025-01-07 21:48:33,012 - SCHEDULER - INFO - Starting worker for repo: https://github.com/GiulioRossetti/ndlib.git (scheduler.py:64)
2025-01-07 21:48:34,014 - SCHEDULER - INFO - Worker completed successfully for repo: https://github.com/GiulioRossetti/dynetx.git (scheduler.py:75)
2025-01-07 21:48:34,015 - SCHEDULER - INFO - Progress: 744/5778 repositories scanned. (scheduler.py:96)
2025-01-07 21:48:34,015 - SCHEDULER - INFO - Starting worker for repo: https://github.com/GiusTex/EdgeGPT.git (scheduler.py:64)
2025-01-07 21:48:42,848 - SCHEDULER - INFO - Worker completed successfully for repo: https://github.com/GiusTex/EdgeGPT.git (scheduler.py:75)
2025-01-07 21:48:42,848 - SCHEDULER - INFO - Progress: 745/5778 repositories scanned. (scheduler.py:96)
2025-01-07 21:48:42,848 - SCHEDULER - INFO - Starting worker for repo: https://github.com/Giyn/DoubanMovieRecommendationSystem.git (scheduler.py:64)
2025-01-07 21:48:46,056 - SCHEDULER - INFO - Worker completed successfully for repo: https://github.com/GiulioRossetti/ndlib.git (scheduler.py:75)
2025-01-07 21:48:46,056 - SCHEDULER - INFO - Progress: 746/5778 repositories scanned. (scheduler.py:96)
2025-01-07 21:48:46,056 - SCHEDULER - INFO - Starting worker for repo: https://github.com/GjjvdBurg/HugoPhotoSwipe.git (scheduler.py:64)
2025-01-07 21:48:54,686 - SCHEDULER - INFO - Worker completed successfully for repo: https://github.com/Giyn/DoubanMovieRecommendationSystem.git (scheduler.py:75)
2025-01-07 21:48:54,686 - SCHEDULER - INFO - Progress: 747/5778 repositories scanned. (scheduler.py:96)
2025-01-07 21:48:54,686 - SCHEDULER - INFO - Starting worker for repo: https://github.com/GjjvdBurg/paper2remarkable.git (scheduler.py:64)
2025-01-07 21:48:56,389 - SCHEDULER - INFO - Worker completed successfully for repo: https://github.com/GjjvdBurg/HugoPhotoSwipe.git (scheduler.py:75)
2025-01-07 21:48:56,389 - SCHEDULER - INFO - Progress: 748/5778 repositories scanned. (scheduler.py:96)
2025-01-07 21:48:56,389 - SCHEDULER - INFO - Starting worker for repo: https://github.com/GjjvdBurg/signal2html.git (scheduler.py:64)
2025-01-07 21:49:05,270 - SCHEDULER - INFO - Worker completed successfully for repo: https://github.com/GjjvdBurg/paper2remarkable.git (scheduler.py:75)
2025-01-07 21:49:05,270 - SCHEDULER - INFO - Progress: 749/5778 repositories scanned. (scheduler.py:96)
2025-01-07 21:49:05,270 - SCHEDULER - INFO - Starting worker for repo: https://github.com/GlacierProtocol/GlacierProtocol.git (scheduler.py:64)
2025-01-07 21:49:06,222 - SCHEDULER - INFO - Worker completed successfully for repo: https://github.com/GjjvdBurg/signal2html.git (scheduler.py:75)
2025-01-07 21:49:06,222 - SCHEDULER - INFO - Progress: 750/5778 repositories scanned. (scheduler.py:96)
2025-01-07 21:49:06,222 - SCHEDULER - INFO - Starting worker for repo: https://github.com/GlacioHack/xdem.git (scheduler.py:64)
2025-01-07 21:49:14,155 - SCHEDULER - INFO - Worker completed successfully for repo: https://github.com/GlacierProtocol/GlacierProtocol.git (scheduler.py:75)
2025-01-07 21:49:14,155 - SCHEDULER - INFO - Progress: 751/5778 repositories scanned. (scheduler.py:96)
2025-01-07 21:49:14,155 - SCHEDULER - INFO - Starting worker for repo: https://github.com/Glaciohound/LM-Infinite.git (scheduler.py:64)
2025-01-07 21:49:22,822 - SCHEDULER - INFO - Worker completed successfully for repo: https://github.com/GlacioHack/xdem.git (scheduler.py:75)
2025-01-07 21:49:22,822 - SCHEDULER - INFO - Progress: 752/5778 repositories scanned. (scheduler.py:96)
2025-01-07 21:49:22,822 - SCHEDULER - INFO - Starting worker for repo: https://github.com/Gladiator07/JARVIS.git (scheduler.py:64)
2025-01-07 21:49:23,488 - SCHEDULER - INFO - Worker completed successfully for repo: https://github.com/Glaciohound/LM-Infinite.git (scheduler.py:75)
2025-01-07 21:49:23,488 - SCHEDULER - INFO - Progress: 753/5778 repositories scanned. (scheduler.py:96)
2025-01-07 21:49:23,488 - SCHEDULER - INFO - Starting worker for repo: https://github.com/GlassyWing/bi-lstm-crf.git (scheduler.py:64)
2025-01-07 21:49:32,957 - SCHEDULER - INFO - Worker completed successfully for repo: https://github.com/Gladiator07/JARVIS.git (scheduler.py:75)
2025-01-07 21:49:32,957 - SCHEDULER - INFO - Progress: 754/5778 repositories scanned. (scheduler.py:96)
2025-01-07 21:49:32,957 - SCHEDULER - INFO - Starting worker for repo: https://github.com/GlassyWing/nvae.git (scheduler.py:64)
2025-01-07 21:49:33,623 - SCHEDULER - INFO - Worker completed successfully for repo: https://github.com/GlassyWing/bi-lstm-crf.git (scheduler.py:75)
2025-01-07 21:49:33,623 - SCHEDULER - INFO - Progress: 755/5778 repositories scanned. (scheduler.py:96)
2025-01-07 21:49:33,623 - SCHEDULER - INFO - Starting worker for repo: https://github.com/GlassyWing/text-detection-ocr.git (scheduler.py:64)
2025-01-07 21:49:41,336 - SCHEDULER - INFO - Worker completed successfully for repo: https://github.com/GlassyWing/nvae.git (scheduler.py:75)
2025-01-07 21:49:41,336 - SCHEDULER - INFO - Progress: 756/5778 repositories scanned. (scheduler.py:96)
2025-01-07 21:49:41,336 - SCHEDULER - INFO - Starting worker for repo: https://github.com/GlassyWing/transformer-word-segmenter.git (scheduler.py:64)
2025-01-07 21:49:45,459 - SCHEDULER - INFO - Worker completed successfully for repo: https://github.com/GlassyWing/text-detection-ocr.git (scheduler.py:75)
2025-01-07 21:49:45,459 - SCHEDULER - INFO - Progress: 757/5778 repositories scanned. (scheduler.py:96)
2025-01-07 21:49:45,459 - SCHEDULER - INFO - Starting worker for repo: https://github.com/GlassyWu/AECR-Net.git (scheduler.py:64)
2025-01-07 21:49:50,521 - SCHEDULER - INFO - Worker completed successfully for repo: https://github.com/GlassyWing/transformer-word-segmenter.git (scheduler.py:75)
2025-01-07 21:49:50,521 - SCHEDULER - INFO - Progress: 758/5778 repositories scanned. (scheduler.py:96)
2025-01-07 21:49:50,521 - SCHEDULER - INFO - Starting worker for repo: https://github.com/Globe-Engineer/agents.git (scheduler.py:64)
2025-01-07 21:49:54,842 - SCHEDULER - INFO - Worker completed successfully for repo: https://github.com/GlassyWu/AECR-Net.git (scheduler.py:75)
2025-01-07 21:49:54,842 - SCHEDULER - INFO - Progress: 759/5778 repositories scanned. (scheduler.py:96)
2025-01-07 21:49:54,842 - SCHEDULER - INFO - Starting worker for repo: https://github.com/GloriousEggroll/ULWGL.git (scheduler.py:64)
2025-01-07 21:49:58,699 - SCHEDULER - INFO - Worker completed successfully for repo: https://github.com/Globe-Engineer/agents.git (scheduler.py:75)
2025-01-07 21:49:58,699 - SCHEDULER - INFO - Progress: 760/5778 repositories scanned. (scheduler.py:96)
2025-01-07 21:49:58,699 - SCHEDULER - INFO - Starting worker for repo: https://github.com/Glyphack/pytse-client.git (scheduler.py:64)
2025-01-07 21:50:10,085 - SCHEDULER - INFO - Worker completed successfully for repo: https://github.com/Glyphack/pytse-client.git (scheduler.py:75)
2025-01-07 21:50:10,085 - SCHEDULER - INFO - Progress: 761/5778 repositories scanned. (scheduler.py:96)
2025-01-07 21:50:10,085 - SCHEDULER - INFO - Starting worker for repo: https://github.com/Glyphack/spotify_telegram_bot.git (scheduler.py:64)
2025-01-07 21:50:18,614 - SCHEDULER - INFO - Worker completed successfully for repo: https://github.com/Glyphack/spotify_telegram_bot.git (scheduler.py:75)
2025-01-07 21:50:18,614 - SCHEDULER - INFO - Progress: 762/5778 repositories scanned. (scheduler.py:96)
2025-01-07 21:50:18,614 - SCHEDULER - INFO - Starting worker for repo: https://github.com/Gmgge/TrOCR-Seal-Recognition.git (scheduler.py:64)
2025-01-07 21:50:26,796 - SCHEDULER - INFO - Worker completed successfully for repo: https://github.com/Gmgge/TrOCR-Seal-Recognition.git (scheduler.py:75)
2025-01-07 21:50:26,796 - SCHEDULER - INFO - Progress: 763/5778 repositories scanned. (scheduler.py:96)
2025-01-07 21:50:26,796 - SCHEDULER - INFO - Starting worker for repo: https://github.com/Go0p/emmmm.git (scheduler.py:64)
2025-01-07 21:50:37,132 - SCHEDULER - INFO - Worker completed successfully for repo: https://github.com/Go0p/emmmm.git (scheduler.py:75)
2025-01-07 21:50:37,132 - SCHEDULER - INFO - Progress: 764/5778 repositories scanned. (scheduler.py:96)
2025-01-07 21:50:37,132 - SCHEDULER - INFO - Starting worker for repo: https://github.com/GoAlers/Bigdata-Movie.git (scheduler.py:64)
2025-01-07 21:50:45,313 - SCHEDULER - INFO - Worker completed successfully for repo: https://github.com/GoAlers/Bigdata-Movie.git (scheduler.py:75)
2025-01-07 21:50:45,314 - SCHEDULER - INFO - Progress: 765/5778 repositories scanned. (scheduler.py:96)
2025-01-07 21:50:45,314 - SCHEDULER - INFO - Starting worker for repo: https://github.com/GoSecure/php7-opcache-override.git (scheduler.py:64)
2025-01-07 21:50:53,396 - SCHEDULER - INFO - Worker completed successfully for repo: https://github.com/GoSecure/php7-opcache-override.git (scheduler.py:75)
2025-01-07 21:50:53,396 - SCHEDULER - INFO - Progress: 766/5778 repositories scanned. (scheduler.py:96)
2025-01-07 21:50:53,396 - SCHEDULER - INFO - Starting worker for repo: https://github.com/GoSecure/pywsus.git (scheduler.py:64)
2025-01-07 21:51:01,527 - SCHEDULER - INFO - Worker completed successfully for repo: https://github.com/GoSecure/pywsus.git (scheduler.py:75)
2025-01-07 21:51:01,528 - SCHEDULER - INFO - Progress: 767/5778 repositories scanned. (scheduler.py:96)
2025-01-07 21:51:01,528 - SCHEDULER - INFO - Starting worker for repo: https://github.com/Gobot1234/steam.py.git (scheduler.py:64)
2025-01-07 21:51:20,189 - SCHEDULER - INFO - Worker completed successfully for repo: https://github.com/Gobot1234/steam.py.git (scheduler.py:75)
2025-01-07 21:51:20,189 - SCHEDULER - INFO - Progress: 768/5778 repositories scanned. (scheduler.py:96)
2025-01-07 21:51:20,189 - SCHEDULER - INFO - Starting worker for repo: https://github.com/Godlander/objmc.git (scheduler.py:64)
2025-01-07 21:51:22,998 - SCHEDULER - INFO - Worker completed successfully for repo: https://github.com/GloriousEggroll/ULWGL.git (scheduler.py:75)
2025-01-07 21:51:22,998 - SCHEDULER - INFO - Progress: 769/5778 repositories scanned. (scheduler.py:96)
2025-01-07 21:51:22,998 - SCHEDULER - INFO - Starting worker for repo: https://github.com/Godofcong-1/erArk.git (scheduler.py:64)
2025-01-07 21:51:30,124 - SCHEDULER - INFO - Worker completed successfully for repo: https://github.com/Godlander/objmc.git (scheduler.py:75)
2025-01-07 21:51:30,124 - SCHEDULER - INFO - Progress: 770/5778 repositories scanned. (scheduler.py:96)
2025-01-07 21:51:30,124 - SCHEDULER - INFO - Starting worker for repo: https://github.com/GodsScion/Auto_job_applier_linkedIn.git (scheduler.py:64)
2025-01-07 21:51:40,364 - SCHEDULER - INFO - Worker completed successfully for repo: https://github.com/GodsScion/Auto_job_applier_linkedIn.git (scheduler.py:75)
2025-01-07 21:51:40,364 - SCHEDULER - INFO - Progress: 771/5778 repositories scanned. (scheduler.py:96)
2025-01-07 21:51:40,364 - SCHEDULER - INFO - Starting worker for repo: https://github.com/GoekeLab/bioinformatics-workflows.git (scheduler.py:64)
2025-01-07 21:51:47,844 - SCHEDULER - INFO - Worker completed successfully for repo: https://github.com/GoekeLab/bioinformatics-workflows.git (scheduler.py:75)
2025-01-07 21:51:47,845 - SCHEDULER - INFO - Progress: 772/5778 repositories scanned. (scheduler.py:96)
2025-01-07 21:51:47,845 - SCHEDULER - INFO - Starting worker for repo: https://github.com/GoekeLab/m6anet.git (scheduler.py:64)
2025-01-07 21:51:56,781 - SCHEDULER - INFO - Worker completed successfully for repo: https://github.com/GoekeLab/m6anet.git (scheduler.py:75)
2025-01-07 21:51:56,781 - SCHEDULER - INFO - Progress: 773/5778 repositories scanned. (scheduler.py:96)
2025-01-07 21:51:56,781 - SCHEDULER - INFO - Starting worker for repo: https://github.com/GoekeLab/xpore.git (scheduler.py:64)
2025-01-07 21:52:06,116 - SCHEDULER - INFO - Worker completed successfully for repo: https://github.com/GoekeLab/xpore.git (scheduler.py:75)
2025-01-07 21:52:06,116 - SCHEDULER - INFO - Progress: 774/5778 repositories scanned. (scheduler.py:96)
2025-01-07 21:52:06,116 - SCHEDULER - INFO - Starting worker for repo: https://github.com/Gogul09/flower-recognition.git (scheduler.py:64)
2025-01-07 21:52:13,998 - SCHEDULER - INFO - Worker completed successfully for repo: https://github.com/Gogul09/flower-recognition.git (scheduler.py:75)
2025-01-07 21:52:13,998 - SCHEDULER - INFO - Progress: 775/5778 repositories scanned. (scheduler.py:96)
2025-01-07 21:52:13,998 - SCHEDULER - INFO - Starting worker for repo: https://github.com/Gogul09/gesture-recognition.git (scheduler.py:64)
2025-01-07 21:52:21,528 - SCHEDULER - INFO - Worker completed successfully for repo: https://github.com/Gogul09/gesture-recognition.git (scheduler.py:75)
2025-01-07 21:52:21,528 - SCHEDULER - INFO - Progress: 776/5778 repositories scanned. (scheduler.py:96)
2025-01-07 21:52:21,528 - SCHEDULER - INFO - Starting worker for repo: https://github.com/Goingqs/PyramidBox.git (scheduler.py:64)
2025-01-07 21:52:29,863 - SCHEDULER - INFO - Worker completed successfully for repo: https://github.com/Goingqs/PyramidBox.git (scheduler.py:75)
2025-01-07 21:52:29,863 - SCHEDULER - INFO - Progress: 777/5778 repositories scanned. (scheduler.py:96)
2025-01-07 21:52:29,863 - SCHEDULER - INFO - Starting worker for repo: https://github.com/GokuMohandas/fast-weights.git (scheduler.py:64)
2025-01-07 21:52:37,492 - SCHEDULER - INFO - Worker completed successfully for repo: https://github.com/GokuMohandas/fast-weights.git (scheduler.py:75)
2025-01-07 21:52:37,492 - SCHEDULER - INFO - Progress: 778/5778 repositories scanned. (scheduler.py:96)
2025-01-07 21:52:37,492 - SCHEDULER - INFO - Starting worker for repo: https://github.com/GonVas/tickerrain.git (scheduler.py:64)
2025-01-07 21:52:45,975 - SCHEDULER - INFO - Worker completed successfully for repo: https://github.com/GonVas/tickerrain.git (scheduler.py:75)
2025-01-07 21:52:45,975 - SCHEDULER - INFO - Progress: 779/5778 repositories scanned. (scheduler.py:96)
2025-01-07 21:52:45,975 - SCHEDULER - INFO - Starting worker for repo: https://github.com/GongyeLiu/StyleCrafter.git (scheduler.py:64)
2025-01-07 21:52:55,811 - SCHEDULER - INFO - Worker completed successfully for repo: https://github.com/GongyeLiu/StyleCrafter.git (scheduler.py:75)
2025-01-07 21:52:55,811 - SCHEDULER - INFO - Progress: 780/5778 repositories scanned. (scheduler.py:96)
2025-01-07 21:52:55,811 - SCHEDULER - INFO - Starting worker for repo: https://github.com/Good4lien/TextBot.git (scheduler.py:64)
2025-01-07 21:53:03,290 - SCHEDULER - INFO - Worker completed successfully for repo: https://github.com/Good4lien/TextBot.git (scheduler.py:75)
2025-01-07 21:53:03,290 - SCHEDULER - INFO - Progress: 781/5778 repositories scanned. (scheduler.py:96)
2025-01-07 21:53:03,290 - SCHEDULER - INFO - Starting worker for repo: https://github.com/Good4lien/instagram-bot.git (scheduler.py:64)
2025-01-07 21:53:10,821 - SCHEDULER - INFO - Worker completed successfully for repo: https://github.com/Good4lien/instagram-bot.git (scheduler.py:75)
2025-01-07 21:53:10,821 - SCHEDULER - INFO - Progress: 782/5778 repositories scanned. (scheduler.py:96)
2025-01-07 21:53:10,821 - SCHEDULER - INFO - Starting worker for repo: https://github.com/GoodAI/charlie-mnemonic.git (scheduler.py:64)
2025-01-07 21:53:22,961 - SCHEDULER - INFO - Worker completed successfully for repo: https://github.com/GoodAI/charlie-mnemonic.git (scheduler.py:75)
2025-01-07 21:53:22,961 - SCHEDULER - INFO - Progress: 783/5778 repositories scanned. (scheduler.py:96)
2025-01-07 21:53:22,961 - SCHEDULER - INFO - Starting worker for repo: https://github.com/GoodiesHQ/noknow-python.git (scheduler.py:64)
2025-01-07 21:53:30,542 - SCHEDULER - INFO - Worker completed successfully for repo: https://github.com/GoodiesHQ/noknow-python.git (scheduler.py:75)
2025-01-07 21:53:30,542 - SCHEDULER - INFO - Progress: 784/5778 repositories scanned. (scheduler.py:96)
2025-01-07 21:53:30,542 - SCHEDULER - INFO - Starting worker for repo: https://github.com/Goodman-lab/DP5.git (scheduler.py:64)
2025-01-07 21:53:42,786 - SCHEDULER - INFO - Worker completed successfully for repo: https://github.com/Goodman-lab/DP5.git (scheduler.py:75)
2025-01-07 21:53:42,787 - SCHEDULER - INFO - Progress: 785/5778 repositories scanned. (scheduler.py:96)
2025-01-07 21:53:42,787 - SCHEDULER - INFO - Starting worker for repo: https://github.com/GooeyPancake/victor.git (scheduler.py:64)
2025-01-07 21:53:54,725 - SCHEDULER - INFO - Worker completed successfully for repo: https://github.com/GooeyPancake/victor.git (scheduler.py:75)
2025-01-07 21:53:54,725 - SCHEDULER - INFO - Progress: 786/5778 repositories scanned. (scheduler.py:96)
2025-01-07 21:53:54,726 - SCHEDULER - INFO - Starting worker for repo: https://github.com/Google-Health/records-research.git (scheduler.py:64)
2025-01-07 21:54:05,921 - SCHEDULER - INFO - Worker completed successfully for repo: https://github.com/Google-Health/records-research.git (scheduler.py:75)
2025-01-07 21:54:05,921 - SCHEDULER - INFO - Progress: 787/5778 repositories scanned. (scheduler.py:96)
2025-01-07 21:54:05,921 - SCHEDULER - INFO - Starting worker for repo: https://github.com/Google1234/Information_retrieva_Projectl-.git (scheduler.py:64)
2025-01-07 21:54:15,309 - SCHEDULER - INFO - Worker completed successfully for repo: https://github.com/Google1234/Information_retrieva_Projectl-.git (scheduler.py:75)
2025-01-07 21:54:15,309 - SCHEDULER - INFO - Progress: 788/5778 repositories scanned. (scheduler.py:96)
2025-01-07 21:54:15,309 - SCHEDULER - INFO - Starting worker for repo: https://github.com/GoogleChrome/related-website-sets.git (scheduler.py:64)
2025-01-07 21:54:23,696 - SCHEDULER - INFO - Worker completed successfully for repo: https://github.com/GoogleChrome/related-website-sets.git (scheduler.py:75)
2025-01-07 21:54:23,696 - SCHEDULER - INFO - Progress: 789/5778 repositories scanned. (scheduler.py:96)
2025-01-07 21:54:23,696 - SCHEDULER - INFO - Starting worker for repo: https://github.com/GoogleChromeLabs/extension-manifest-converter.git (scheduler.py:64)
2025-01-07 21:54:31,377 - SCHEDULER - INFO - Worker completed successfully for repo: https://github.com/GoogleChromeLabs/extension-manifest-converter.git (scheduler.py:75)
2025-01-07 21:54:31,377 - SCHEDULER - INFO - Progress: 790/5778 repositories scanned. (scheduler.py:96)
2025-01-07 21:54:31,377 - SCHEDULER - INFO - Starting worker for repo: https://github.com/GoogleCloudPlatform/automlops.git (scheduler.py:64)
2025-01-07 21:54:40,912 - SCHEDULER - INFO - Worker completed successfully for repo: https://github.com/GoogleCloudPlatform/automlops.git (scheduler.py:75)
2025-01-07 21:54:40,912 - SCHEDULER - INFO - Progress: 791/5778 repositories scanned. (scheduler.py:96)
2025-01-07 21:54:40,913 - SCHEDULER - INFO - Starting worker for repo: https://github.com/GoogleCloudPlatform/bigquery-ml-templates.git (scheduler.py:64)
2025-01-07 21:54:48,142 - SCHEDULER - INFO - Worker completed successfully for repo: https://github.com/GoogleCloudPlatform/bigquery-ml-templates.git (scheduler.py:75)
2025-01-07 21:54:48,142 - SCHEDULER - INFO - Progress: 792/5778 repositories scanned. (scheduler.py:96)
2025-01-07 21:54:48,142 - SCHEDULER - INFO - Starting worker for repo: https://github.com/GoogleCloudPlatform/click-to-deploy.git (scheduler.py:64)
2025-01-07 21:58:49,159 - SCHEDULER - INFO - Worker completed successfully for repo: https://github.com/GoogleCloudPlatform/click-to-deploy.git (scheduler.py:75)
2025-01-07 21:58:49,159 - SCHEDULER - INFO - Progress: 793/5778 repositories scanned. (scheduler.py:96)
2025-01-07 21:58:49,159 - SCHEDULER - INFO - Starting worker for repo: https://github.com/GoogleCloudPlatform/cloud-data-quality.git (scheduler.py:64)
2025-01-07 21:59:00,496 - SCHEDULER - INFO - Worker completed successfully for repo: https://github.com/GoogleCloudPlatform/cloud-data-quality.git (scheduler.py:75)
2025-01-07 21:59:00,496 - SCHEDULER - INFO - Progress: 794/5778 repositories scanned. (scheduler.py:96)
2025-01-07 21:59:00,496 - SCHEDULER - INFO - Starting worker for repo: https://github.com/GoogleCloudPlatform/cloud-shell-tutorials.git (scheduler.py:64)
2025-01-07 21:59:07,774 - SCHEDULER - INFO - Worker completed successfully for repo: https://github.com/GoogleCloudPlatform/cloud-shell-tutorials.git (scheduler.py:75)
2025-01-07 21:59:07,774 - SCHEDULER - INFO - Progress: 795/5778 repositories scanned. (scheduler.py:96)
2025-01-07 21:59:07,774 - SCHEDULER - INFO - Starting worker for repo: https://github.com/GoogleCloudPlatform/cloud-sql-python-connector.git (scheduler.py:64)
2025-01-07 21:59:16,154 - SCHEDULER - INFO - Worker completed successfully for repo: https://github.com/GoogleCloudPlatform/cloud-sql-python-connector.git (scheduler.py:75)
2025-01-07 21:59:16,154 - SCHEDULER - INFO - Progress: 796/5778 repositories scanned. (scheduler.py:96)
2025-01-07 21:59:16,155 - SCHEDULER - INFO - Starting worker for repo: https://github.com/GoogleCloudPlatform/cortex-data-foundation.git (scheduler.py:64)
2025-01-07 21:59:36,319 - SCHEDULER - INFO - Worker completed successfully for repo: https://github.com/GoogleCloudPlatform/cortex-data-foundation.git (scheduler.py:75)
2025-01-07 21:59:36,319 - SCHEDULER - INFO - Progress: 797/5778 repositories scanned. (scheduler.py:96)
2025-01-07 21:59:36,319 - SCHEDULER - INFO - Starting worker for repo: https://github.com/GoogleCloudPlatform/covid-19-open-data.git (scheduler.py:64)
2025-01-07 21:59:49,010 - SCHEDULER - INFO - Worker completed successfully for repo: https://github.com/GoogleCloudPlatform/covid-19-open-data.git (scheduler.py:75)
2025-01-07 21:59:49,010 - SCHEDULER - INFO - Progress: 798/5778 repositories scanned. (scheduler.py:96)
2025-01-07 21:59:49,010 - SCHEDULER - INFO - Starting worker for repo: https://github.com/GoogleCloudPlatform/dataproc-templates.git (scheduler.py:64)
2025-01-07 21:59:59,054 - SCHEDULER - INFO - Worker completed successfully for repo: https://github.com/GoogleCloudPlatform/dataproc-templates.git (scheduler.py:75)
2025-01-07 21:59:59,054 - SCHEDULER - INFO - Progress: 799/5778 repositories scanned. (scheduler.py:96)
2025-01-07 21:59:59,054 - SCHEDULER - INFO - Starting worker for repo: https://github.com/GoogleCloudPlatform/datastore-ndb-python.git (scheduler.py:64)
2025-01-07 22:00:12,554 - SCHEDULER - INFO - Worker completed successfully for repo: https://github.com/GoogleCloudPlatform/datastore-ndb-python.git (scheduler.py:75)
2025-01-07 22:00:12,554 - SCHEDULER - INFO - Progress: 800/5778 repositories scanned. (scheduler.py:96)
2025-01-07 22:00:12,554 - SCHEDULER - INFO - Starting worker for repo: https://github.com/GoogleCloudPlatform/dfcx-scrapi.git (scheduler.py:64)
2025-01-07 22:00:25,143 - SCHEDULER - INFO - Worker completed successfully for repo: https://github.com/GoogleCloudPlatform/dfcx-scrapi.git (scheduler.py:75)
2025-01-07 22:00:25,143 - SCHEDULER - INFO - Progress: 801/5778 repositories scanned. (scheduler.py:96)
2025-01-07 22:00:25,143 - SCHEDULER - INFO - Starting worker for repo: https://github.com/GoogleCloudPlatform/emblem.git (scheduler.py:64)
2025-01-07 22:00:36,137 - SCHEDULER - INFO - Worker completed successfully for repo: https://github.com/GoogleCloudPlatform/emblem.git (scheduler.py:75)
2025-01-07 22:00:36,137 - SCHEDULER - INFO - Progress: 802/5778 repositories scanned. (scheduler.py:96)
2025-01-07 22:00:36,137 - SCHEDULER - INFO - Starting worker for repo: https://github.com/GoogleCloudPlatform/flask-talisman.git (scheduler.py:64)
2025-01-07 22:00:44,018 - SCHEDULER - INFO - Worker completed successfully for repo: https://github.com/GoogleCloudPlatform/flask-talisman.git (scheduler.py:75)
2025-01-07 22:00:44,018 - SCHEDULER - INFO - Progress: 803/5778 repositories scanned. (scheduler.py:96)
2025-01-07 22:00:44,018 - SCHEDULER - INFO - Starting worker for repo: https://github.com/GoogleCloudPlatform/functions-framework-python.git (scheduler.py:64)
2025-01-07 22:00:53,252 - SCHEDULER - INFO - Worker completed successfully for repo: https://github.com/GoogleCloudPlatform/functions-framework-python.git (scheduler.py:75)
2025-01-07 22:00:53,252 - SCHEDULER - INFO - Progress: 804/5778 repositories scanned. (scheduler.py:96)
2025-01-07 22:00:53,252 - SCHEDULER - INFO - Starting worker for repo: https://github.com/GoogleCloudPlatform/gcpdiag.git (scheduler.py:64)
2025-01-07 22:01:22,448 - SCHEDULER - INFO - Worker completed successfully for repo: https://github.com/GoogleCloudPlatform/gcpdiag.git (scheduler.py:75)
2025-01-07 22:01:22,448 - SCHEDULER - INFO - Progress: 805/5778 repositories scanned. (scheduler.py:96)
2025-01-07 22:01:22,449 - SCHEDULER - INFO - Starting worker for repo: https://github.com/GoogleCloudPlatform/genai-databases-retrieval-app.git (scheduler.py:64)
2025-01-07 22:01:31,249 - SCHEDULER - INFO - Worker completed successfully for repo: https://github.com/Godofcong-1/erArk.git (scheduler.py:75)
2025-01-07 22:01:31,249 - SCHEDULER - INFO - Progress: 806/5778 repositories scanned. (scheduler.py:96)
2025-01-07 22:01:31,249 - SCHEDULER - INFO - Starting worker for repo: https://github.com/GoogleCloudPlatform/getting-started-python.git (scheduler.py:64)
2025-01-07 22:01:33,490 - SCHEDULER - INFO - Worker completed successfully for repo: https://github.com/GoogleCloudPlatform/genai-databases-retrieval-app.git (scheduler.py:75)
2025-01-07 22:01:33,491 - SCHEDULER - INFO - Progress: 807/5778 repositories scanned. (scheduler.py:96)
2025-01-07 22:01:33,491 - SCHEDULER - INFO - Starting worker for repo: https://github.com/GoogleCloudPlatform/gke-gitops-tutorial-cloudbuild.git (scheduler.py:64)
2025-01-07 22:01:40,834 - SCHEDULER - INFO - Worker completed successfully for repo: https://github.com/GoogleCloudPlatform/getting-started-python.git (scheduler.py:75)
2025-01-07 22:01:40,834 - SCHEDULER - INFO - Progress: 808/5778 repositories scanned. (scheduler.py:96)
2025-01-07 22:01:40,834 - SCHEDULER - INFO - Starting worker for repo: https://github.com/GoogleCloudPlatform/healthcare.git (scheduler.py:64)
2025-01-07 22:01:41,820 - SCHEDULER - INFO - Worker completed successfully for repo: https://github.com/GoogleCloudPlatform/gke-gitops-tutorial-cloudbuild.git (scheduler.py:75)
2025-01-07 22:01:41,820 - SCHEDULER - INFO - Progress: 809/5778 repositories scanned. (scheduler.py:96)
2025-01-07 22:01:41,820 - SCHEDULER - INFO - Starting worker for repo: https://github.com/GoogleCloudPlatform/kubernetes-bigquery-python.git (scheduler.py:64)
2025-01-07 22:01:51,706 - SCHEDULER - INFO - Worker completed successfully for repo: https://github.com/GoogleCloudPlatform/kubernetes-bigquery-python.git (scheduler.py:75)
2025-01-07 22:01:51,706 - SCHEDULER - INFO - Progress: 810/5778 repositories scanned. (scheduler.py:96)
2025-01-07 22:01:51,706 - SCHEDULER - INFO - Starting worker for repo: https://github.com/GoogleCloudPlatform/llm-pipeline-examples.git (scheduler.py:64)
2025-01-07 22:01:53,471 - SCHEDULER - INFO - Worker completed successfully for repo: https://github.com/GoogleCloudPlatform/healthcare.git (scheduler.py:75)
2025-01-07 22:01:53,472 - SCHEDULER - INFO - Progress: 811/5778 repositories scanned. (scheduler.py:96)
2025-01-07 22:01:53,472 - SCHEDULER - INFO - Starting worker for repo: https://github.com/GoogleCloudPlatform/ml-on-gcp.git (scheduler.py:64)
2025-01-07 22:02:01,290 - SCHEDULER - INFO - Worker completed successfully for repo: https://github.com/GoogleCloudPlatform/llm-pipeline-examples.git (scheduler.py:75)
2025-01-07 22:02:01,290 - SCHEDULER - INFO - Progress: 812/5778 repositories scanned. (scheduler.py:96)
2025-01-07 22:02:01,290 - SCHEDULER - INFO - Starting worker for repo: https://github.com/GoogleCloudPlatform/professional-services-data-validator.git (scheduler.py:64)
2025-01-07 22:02:07,067 - SCHEDULER - INFO - Worker completed successfully for repo: https://github.com/GoogleCloudPlatform/ml-on-gcp.git (scheduler.py:75)
2025-01-07 22:02:07,067 - SCHEDULER - INFO - Progress: 813/5778 repositories scanned. (scheduler.py:96)
2025-01-07 22:02:07,067 - SCHEDULER - INFO - Starting worker for repo: https://github.com/GoogleCloudPlatform/psq.git (scheduler.py:64)
2025-01-07 22:02:15,286 - SCHEDULER - INFO - Worker completed successfully for repo: https://github.com/GoogleCloudPlatform/professional-services-data-validator.git (scheduler.py:75)
2025-01-07 22:02:15,286 - SCHEDULER - INFO - Progress: 814/5778 repositories scanned. (scheduler.py:96)
2025-01-07 22:02:15,286 - SCHEDULER - INFO - Starting worker for repo: https://github.com/GoogleCloudPlatform/public-datasets-pipelines.git (scheduler.py:64)
2025-01-07 22:02:16,950 - SCHEDULER - INFO - Worker completed successfully for repo: https://github.com/GoogleCloudPlatform/psq.git (scheduler.py:75)
2025-01-07 22:02:16,950 - SCHEDULER - INFO - Progress: 815/5778 repositories scanned. (scheduler.py:96)
2025-01-07 22:02:16,950 - SCHEDULER - INFO - Starting worker for repo: https://github.com/GoogleCloudPlatform/realtime-embeddings-matching.git (scheduler.py:64)
2025-01-07 22:02:25,930 - SCHEDULER - INFO - Worker completed successfully for repo: https://github.com/GoogleCloudPlatform/realtime-embeddings-matching.git (scheduler.py:75)
2025-01-07 22:02:25,930 - SCHEDULER - INFO - Progress: 816/5778 repositories scanned. (scheduler.py:96)
2025-01-07 22:02:25,930 - SCHEDULER - INFO - Starting worker for repo: https://github.com/GoogleCloudPlatform/reliable-task-scheduling-compute-engine-sample.git (scheduler.py:64)
2025-01-07 22:02:34,110 - SCHEDULER - INFO - Worker completed successfully for repo: https://github.com/GoogleCloudPlatform/reliable-task-scheduling-compute-engine-sample.git (scheduler.py:75)
2025-01-07 22:02:34,110 - SCHEDULER - INFO - Progress: 817/5778 repositories scanned. (scheduler.py:96)
2025-01-07 22:02:34,110 - SCHEDULER - INFO - Starting worker for repo: https://github.com/GoogleCloudPlatform/security-analytics.git (scheduler.py:64)
2025-01-07 22:02:34,991 - SCHEDULER - INFO - Worker completed successfully for repo: https://github.com/GoogleCloudPlatform/public-datasets-pipelines.git (scheduler.py:75)
2025-01-07 22:02:34,991 - SCHEDULER - INFO - Progress: 818/5778 repositories scanned. (scheduler.py:96)
2025-01-07 22:02:34,991 - SCHEDULER - INFO - Starting worker for repo: https://github.com/GoogleCloudPlatform/serverless-expeditions.git (scheduler.py:64)
2025-01-07 22:02:43,496 - SCHEDULER - INFO - Worker completed successfully for repo: https://github.com/GoogleCloudPlatform/security-analytics.git (scheduler.py:75)
2025-01-07 22:02:43,496 - SCHEDULER - INFO - Progress: 819/5778 repositories scanned. (scheduler.py:96)
2025-01-07 22:02:43,496 - SCHEDULER - INFO - Starting worker for repo: https://github.com/GoogleCloudPlatform/serverless-store-demo.git (scheduler.py:64)
2025-01-07 22:02:45,175 - SCHEDULER - INFO - Worker completed successfully for repo: https://github.com/GoogleCloudPlatform/serverless-expeditions.git (scheduler.py:75)
2025-01-07 22:02:45,175 - SCHEDULER - INFO - Progress: 820/5778 repositories scanned. (scheduler.py:96)
2025-01-07 22:02:45,175 - SCHEDULER - INFO - Starting worker for repo: https://github.com/GoogleCloudPlatform/snapshot-debugger.git (scheduler.py:64)
2025-01-07 22:02:52,982 - SCHEDULER - INFO - Worker completed successfully for repo: https://github.com/GoogleCloudPlatform/serverless-store-demo.git (scheduler.py:75)
2025-01-07 22:02:52,982 - SCHEDULER - INFO - Progress: 821/5778 repositories scanned. (scheduler.py:96)
2025-01-07 22:02:52,982 - SCHEDULER - INFO - Starting worker for repo: https://github.com/GoogleCloudPlatform/spark-recommendation-engine.git (scheduler.py:64)
2025-01-07 22:02:56,264 - SCHEDULER - INFO - Worker completed successfully for repo: https://github.com/GoogleCloudPlatform/snapshot-debugger.git (scheduler.py:75)
2025-01-07 22:02:56,264 - SCHEDULER - INFO - Progress: 822/5778 repositories scanned. (scheduler.py:96)
2025-01-07 22:02:56,264 - SCHEDULER - INFO - Starting worker for repo: https://github.com/GoogleCloudPlatform/tensorflow-object-detection-example.git (scheduler.py:64)
2025-01-07 22:03:01,765 - SCHEDULER - INFO - Worker completed successfully for repo: https://github.com/GoogleCloudPlatform/spark-recommendation-engine.git (scheduler.py:75)
2025-01-07 22:03:01,765 - SCHEDULER - INFO - Progress: 823/5778 repositories scanned. (scheduler.py:96)
2025-01-07 22:03:01,765 - SCHEDULER - INFO - Starting worker for repo: https://github.com/GoogleCloudPlatform/tensorflow-recommendation-wals.git (scheduler.py:64)
2025-01-07 22:03:04,795 - SCHEDULER - INFO - Worker completed successfully for repo: https://github.com/GoogleCloudPlatform/tensorflow-object-detection-example.git (scheduler.py:75)
2025-01-07 22:03:04,795 - SCHEDULER - INFO - Progress: 824/5778 repositories scanned. (scheduler.py:96)
2025-01-07 22:03:04,795 - SCHEDULER - INFO - Starting worker for repo: https://github.com/GoogleCloudPlatform/terraform-python-testing-helper.git (scheduler.py:64)
2025-01-07 22:03:11,200 - SCHEDULER - INFO - Worker completed successfully for repo: https://github.com/GoogleCloudPlatform/tensorflow-recommendation-wals.git (scheduler.py:75)
2025-01-07 22:03:11,200 - SCHEDULER - INFO - Progress: 825/5778 repositories scanned. (scheduler.py:96)
2025-01-07 22:03:11,200 - SCHEDULER - INFO - Starting worker for repo: https://github.com/GoogleCloudPlatform/vertex-pipelines-end-to-end-samples.git (scheduler.py:64)
2025-01-07 22:03:14,528 - SCHEDULER - INFO - Worker completed successfully for repo: https://github.com/GoogleCloudPlatform/terraform-python-testing-helper.git (scheduler.py:75)
2025-01-07 22:03:14,529 - SCHEDULER - INFO - Progress: 826/5778 repositories scanned. (scheduler.py:96)
2025-01-07 22:03:14,529 - SCHEDULER - INFO - Starting worker for repo: https://github.com/GoogleCloudPlatform/webapp2.git (scheduler.py:64)
2025-01-07 22:03:20,384 - SCHEDULER - INFO - Worker completed successfully for repo: https://github.com/GoogleCloudPlatform/vertex-pipelines-end-to-end-samples.git (scheduler.py:75)
2025-01-07 22:03:20,384 - SCHEDULER - INFO - Progress: 827/5778 repositories scanned. (scheduler.py:96)
2025-01-07 22:03:20,384 - SCHEDULER - INFO - Starting worker for repo: https://github.com/GoogleCloudPlatform/workflows-demos.git (scheduler.py:64)
2025-01-07 22:03:26,065 - SCHEDULER - INFO - Worker completed successfully for repo: https://github.com/GoogleCloudPlatform/webapp2.git (scheduler.py:75)
2025-01-07 22:03:26,065 - SCHEDULER - INFO - Progress: 828/5778 repositories scanned. (scheduler.py:96)
2025-01-07 22:03:26,065 - SCHEDULER - INFO - Starting worker for repo: https://github.com/Googolxx/STF.git (scheduler.py:64)
2025-01-07 22:03:29,465 - SCHEDULER - INFO - Worker completed successfully for repo: https://github.com/GoogleCloudPlatform/workflows-demos.git (scheduler.py:75)
2025-01-07 22:03:29,465 - SCHEDULER - INFO - Progress: 829/5778 repositories scanned. (scheduler.py:96)
2025-01-07 22:03:29,465 - SCHEDULER - INFO - Starting worker for repo: https://github.com/Googulator/TeslaCrack.git (scheduler.py:64)
2025-01-07 22:03:36,448 - SCHEDULER - INFO - Worker completed successfully for repo: https://github.com/Googolxx/STF.git (scheduler.py:75)
2025-01-07 22:03:36,448 - SCHEDULER - INFO - Progress: 830/5778 repositories scanned. (scheduler.py:96)
2025-01-07 22:03:36,448 - SCHEDULER - INFO - Starting worker for repo: https://github.com/Goojoe/LTSC-ADD-Microsoft-Store.git (scheduler.py:64)
2025-01-07 22:03:38,800 - SCHEDULER - INFO - Worker completed successfully for repo: https://github.com/Googulator/TeslaCrack.git (scheduler.py:75)
2025-01-07 22:03:38,800 - SCHEDULER - INFO - Progress: 831/5778 repositories scanned. (scheduler.py:96)
2025-01-07 22:03:38,800 - SCHEDULER - INFO - Starting worker for repo: https://github.com/Gooodgis/dont-touch-my-presents.git (scheduler.py:64)
2025-01-07 22:03:45,077 - SCHEDULER - INFO - Worker completed successfully for repo: https://github.com/Goojoe/LTSC-ADD-Microsoft-Store.git (scheduler.py:75)
2025-01-07 22:03:45,077 - SCHEDULER - INFO - Progress: 832/5778 repositories scanned. (scheduler.py:96)
2025-01-07 22:03:45,078 - SCHEDULER - INFO - Starting worker for repo: https://github.com/GopalSaraf/TorrentLeechBot.git (scheduler.py:64)
2025-01-07 22:03:47,531 - SCHEDULER - INFO - Worker completed successfully for repo: https://github.com/Gooodgis/dont-touch-my-presents.git (scheduler.py:75)
2025-01-07 22:03:47,531 - SCHEDULER - INFO - Progress: 833/5778 repositories scanned. (scheduler.py:96)
2025-01-07 22:03:47,531 - SCHEDULER - INFO - Starting worker for repo: https://github.com/Gor-Ren/gym-jsbsim.git (scheduler.py:64)
2025-01-07 22:03:55,862 - SCHEDULER - INFO - Worker completed successfully for repo: https://github.com/GopalSaraf/TorrentLeechBot.git (scheduler.py:75)
2025-01-07 22:03:55,862 - SCHEDULER - INFO - Progress: 834/5778 repositories scanned. (scheduler.py:96)
2025-01-07 22:03:55,862 - SCHEDULER - INFO - Starting worker for repo: https://github.com/GordonRen/pose2pose.git (scheduler.py:64)
2025-01-07 22:03:57,065 - SCHEDULER - INFO - Worker completed successfully for repo: https://github.com/Gor-Ren/gym-jsbsim.git (scheduler.py:75)
2025-01-07 22:03:57,065 - SCHEDULER - INFO - Progress: 835/5778 repositories scanned. (scheduler.py:96)
2025-01-07 22:03:57,065 - SCHEDULER - INFO - Starting worker for repo: https://github.com/Gorgious56/asset_browser_utilities.git (scheduler.py:64)
2025-01-07 22:04:05,245 - SCHEDULER - INFO - Worker completed successfully for repo: https://github.com/GordonRen/pose2pose.git (scheduler.py:75)
2025-01-07 22:04:05,245 - SCHEDULER - INFO - Progress: 836/5778 repositories scanned. (scheduler.py:96)
2025-01-07 22:04:05,245 - SCHEDULER - INFO - Starting worker for repo: https://github.com/Gorilla-Lab-SCUT/DADA-AAAI2020.git (scheduler.py:64)
2025-01-07 22:04:07,600 - SCHEDULER - INFO - Worker completed successfully for repo: https://github.com/Gorgious56/asset_browser_utilities.git (scheduler.py:75)
2025-01-07 22:04:07,600 - SCHEDULER - INFO - Progress: 837/5778 repositories scanned. (scheduler.py:96)
2025-01-07 22:04:07,600 - SCHEDULER - INFO - Starting worker for repo: https://github.com/Gorilla-Lab-SCUT/Fantasia3D.git (scheduler.py:64)
2025-01-07 22:04:18,736 - SCHEDULER - INFO - Worker completed successfully for repo: https://github.com/Gorilla-Lab-SCUT/DADA-AAAI2020.git (scheduler.py:75)
2025-01-07 22:04:18,737 - SCHEDULER - INFO - Progress: 838/5778 repositories scanned. (scheduler.py:96)
2025-01-07 22:04:18,737 - SCHEDULER - INFO - Starting worker for repo: https://github.com/Gorilla-Lab-SCUT/SSTNet.git (scheduler.py:64)
2025-01-07 22:04:23,346 - SCHEDULER - INFO - Worker completed successfully for repo: https://github.com/Gorilla-Lab-SCUT/Fantasia3D.git (scheduler.py:75)
2025-01-07 22:04:23,347 - SCHEDULER - INFO - Progress: 839/5778 repositories scanned. (scheduler.py:96)
2025-01-07 22:04:23,347 - SCHEDULER - INFO - Starting worker for repo: https://github.com/Gorilla-Lab-SCUT/VISTA.git (scheduler.py:64)
2025-01-07 22:04:29,423 - SCHEDULER - INFO - Worker completed successfully for repo: https://github.com/Gorilla-Lab-SCUT/SSTNet.git (scheduler.py:75)
2025-01-07 22:04:29,423 - SCHEDULER - INFO - Progress: 840/5778 repositories scanned. (scheduler.py:96)
2025-01-07 22:04:29,424 - SCHEDULER - INFO - Starting worker for repo: https://github.com/Gorilla-Lab-SCUT/frustum-convnet.git (scheduler.py:64)
2025-01-07 22:04:38,544 - SCHEDULER - INFO - Worker completed successfully for repo: https://github.com/Gorilla-Lab-SCUT/VISTA.git (scheduler.py:75)
2025-01-07 22:04:38,544 - SCHEDULER - INFO - Progress: 841/5778 repositories scanned. (scheduler.py:96)
2025-01-07 22:04:38,545 - SCHEDULER - INFO - Starting worker for repo: https://github.com/Gorilla-Lab-SCUT/tango.git (scheduler.py:64)
2025-01-07 22:04:41,263 - SCHEDULER - INFO - Worker completed successfully for repo: https://github.com/Gorilla-Lab-SCUT/frustum-convnet.git (scheduler.py:75)
2025-01-07 22:04:41,263 - SCHEDULER - INFO - Progress: 842/5778 repositories scanned. (scheduler.py:96)
2025-01-07 22:04:41,263 - SCHEDULER - INFO - Starting worker for repo: https://github.com/Gorov/DiverseFewShot_Amazon.git (scheduler.py:64)
2025-01-07 22:04:48,379 - SCHEDULER - INFO - Worker completed successfully for repo: https://github.com/Gorilla-Lab-SCUT/tango.git (scheduler.py:75)
2025-01-07 22:04:48,379 - SCHEDULER - INFO - Progress: 843/5778 repositories scanned. (scheduler.py:96)
2025-01-07 22:04:48,379 - SCHEDULER - INFO - Starting worker for repo: https://github.com/Goshin/Remove-PDF-Watermark.git (scheduler.py:64)
2025-01-07 22:04:51,245 - SCHEDULER - INFO - Worker completed successfully for repo: https://github.com/Gorov/DiverseFewShot_Amazon.git (scheduler.py:75)
2025-01-07 22:04:51,246 - SCHEDULER - INFO - Progress: 844/5778 repositories scanned. (scheduler.py:96)
2025-01-07 22:04:51,246 - SCHEDULER - INFO - Starting worker for repo: https://github.com/GothicAi/Instaboost.git (scheduler.py:64)
2025-01-07 22:04:56,661 - SCHEDULER - INFO - Worker completed successfully for repo: https://github.com/Goshin/Remove-PDF-Watermark.git (scheduler.py:75)
2025-01-07 22:04:56,661 - SCHEDULER - INFO - Progress: 845/5778 repositories scanned. (scheduler.py:96)
2025-01-07 22:04:56,661 - SCHEDULER - INFO - Starting worker for repo: https://github.com/Gourieff/sd-webui-reactor-force.git (scheduler.py:64)
2025-01-07 22:05:06,342 - SCHEDULER - INFO - Worker completed successfully for repo: https://github.com/Gourieff/sd-webui-reactor-force.git (scheduler.py:75)
2025-01-07 22:05:06,342 - SCHEDULER - INFO - Progress: 846/5778 repositories scanned. (scheduler.py:96)
2025-01-07 22:05:06,342 - SCHEDULER - INFO - Starting worker for repo: https://github.com/GovReady/govready-q.git (scheduler.py:64)
2025-01-07 22:05:10,902 - SCHEDULER - INFO - Worker completed successfully for repo: https://github.com/GothicAi/Instaboost.git (scheduler.py:75)
2025-01-07 22:05:10,902 - SCHEDULER - INFO - Progress: 847/5778 repositories scanned. (scheduler.py:96)
2025-01-07 22:05:10,902 - SCHEDULER - INFO - Starting worker for repo: https://github.com/Gowtham0625/Miss-Rose-Bot.git (scheduler.py:64)
2025-01-07 22:05:22,843 - SCHEDULER - INFO - Worker completed successfully for repo: https://github.com/Gowtham0625/Miss-Rose-Bot.git (scheduler.py:75)
2025-01-07 22:05:22,843 - SCHEDULER - INFO - Progress: 848/5778 repositories scanned. (scheduler.py:96)
2025-01-07 22:05:22,844 - SCHEDULER - INFO - Starting worker for repo: https://github.com/Gozargah/Marzban-node.git (scheduler.py:64)
2025-01-07 22:05:31,273 - SCHEDULER - INFO - Worker completed successfully for repo: https://github.com/Gozargah/Marzban-node.git (scheduler.py:75)
2025-01-07 22:05:31,274 - SCHEDULER - INFO - Progress: 849/5778 repositories scanned. (scheduler.py:96)
2025-01-07 22:05:31,274 - SCHEDULER - INFO - Starting worker for repo: https://github.com/Grace9994/CoMoSVC.git (scheduler.py:64)
2025-01-07 22:05:31,962 - SCHEDULER - INFO - Worker completed successfully for repo: https://github.com/GovReady/govready-q.git (scheduler.py:75)
2025-01-07 22:05:31,962 - SCHEDULER - INFO - Progress: 850/5778 repositories scanned. (scheduler.py:96)
2025-01-07 22:05:31,963 - SCHEDULER - INFO - Starting worker for repo: https://github.com/Gradiant/pyodi.git (scheduler.py:64)
2025-01-07 22:05:42,012 - SCHEDULER - INFO - Worker completed successfully for repo: https://github.com/Grace9994/CoMoSVC.git (scheduler.py:75)
2025-01-07 22:05:42,012 - SCHEDULER - INFO - Progress: 851/5778 repositories scanned. (scheduler.py:96)
2025-01-07 22:05:42,012 - SCHEDULER - INFO - Starting worker for repo: https://github.com/GradientSpaces/LoopSplat.git (scheduler.py:64)
2025-01-07 22:05:42,700 - SCHEDULER - INFO - Worker completed successfully for repo: https://github.com/Gradiant/pyodi.git (scheduler.py:75)
2025-01-07 22:05:42,700 - SCHEDULER - INFO - Progress: 852/5778 repositories scanned. (scheduler.py:96)
2025-01-07 22:05:42,700 - SCHEDULER - INFO - Starting worker for repo: https://github.com/GradiusX/HEVD-Python-Solutions.git (scheduler.py:64)
2025-01-07 22:05:51,731 - SCHEDULER - INFO - Worker completed successfully for repo: https://github.com/GradiusX/HEVD-Python-Solutions.git (scheduler.py:75)
2025-01-07 22:05:51,731 - SCHEDULER - INFO - Progress: 853/5778 repositories scanned. (scheduler.py:96)
2025-01-07 22:05:51,731 - SCHEDULER - INFO - Starting worker for repo: https://github.com/GraiaProject/Application.git (scheduler.py:64)
2025-01-07 22:05:54,901 - SCHEDULER - INFO - Worker completed successfully for repo: https://github.com/GradientSpaces/LoopSplat.git (scheduler.py:75)
2025-01-07 22:05:54,901 - SCHEDULER - INFO - Progress: 854/5778 repositories scanned. (scheduler.py:96)
2025-01-07 22:05:54,901 - SCHEDULER - INFO - Starting worker for repo: https://github.com/GraiaProject/Ariadne.git (scheduler.py:64)
2025-01-07 22:06:01,768 - SCHEDULER - INFO - Worker completed successfully for repo: https://github.com/GraiaProject/Application.git (scheduler.py:75)
2025-01-07 22:06:01,768 - SCHEDULER - INFO - Progress: 855/5778 repositories scanned. (scheduler.py:96)
2025-01-07 22:06:01,768 - SCHEDULER - INFO - Starting worker for repo: https://github.com/GraiaProject/Avilla.git (scheduler.py:64)
2025-01-07 22:06:07,494 - SCHEDULER - INFO - Worker completed successfully for repo: https://github.com/GraiaProject/Ariadne.git (scheduler.py:75)
2025-01-07 22:06:07,494 - SCHEDULER - INFO - Progress: 856/5778 repositories scanned. (scheduler.py:96)
2025-01-07 22:06:07,494 - SCHEDULER - INFO - Starting worker for repo: https://github.com/Granitosaurus/macos-compose.git (scheduler.py:64)
2025-01-07 22:06:16,525 - SCHEDULER - INFO - Worker completed successfully for repo: https://github.com/Granitosaurus/macos-compose.git (scheduler.py:75)
2025-01-07 22:06:16,525 - SCHEDULER - INFO - Progress: 857/5778 repositories scanned. (scheduler.py:96)
2025-01-07 22:06:16,525 - SCHEDULER - INFO - Starting worker for repo: https://github.com/Granulate/gprofiler.git (scheduler.py:64)
2025-01-07 22:06:17,263 - SCHEDULER - INFO - Worker completed successfully for repo: https://github.com/GraiaProject/Avilla.git (scheduler.py:75)
2025-01-07 22:06:17,263 - SCHEDULER - INFO - Progress: 858/5778 repositories scanned. (scheduler.py:96)
2025-01-07 22:06:17,263 - SCHEDULER - INFO - Starting worker for repo: https://github.com/Graph-Machine-Learning-Group/grin.git (scheduler.py:64)
2025-01-07 22:06:28,202 - SCHEDULER - INFO - Worker completed successfully for repo: https://github.com/Graph-Machine-Learning-Group/grin.git (scheduler.py:75)
2025-01-07 22:06:28,202 - SCHEDULER - INFO - Progress: 859/5778 repositories scanned. (scheduler.py:96)
2025-01-07 22:06:28,202 - SCHEDULER - INFO - Starting worker for repo: https://github.com/Graph-X/davscan.git (scheduler.py:64)
2025-01-07 22:06:29,118 - SCHEDULER - INFO - Worker completed successfully for repo: https://github.com/Granulate/gprofiler.git (scheduler.py:75)
2025-01-07 22:06:29,118 - SCHEDULER - INFO - Progress: 860/5778 repositories scanned. (scheduler.py:96)
2025-01-07 22:06:29,119 - SCHEDULER - INFO - Starting worker for repo: https://github.com/GraphNAS/GraphNAS.git (scheduler.py:64)
2025-01-07 22:06:37,884 - SCHEDULER - INFO - Worker completed successfully for repo: https://github.com/Graph-X/davscan.git (scheduler.py:75)
2025-01-07 22:06:37,884 - SCHEDULER - INFO - Progress: 861/5778 repositories scanned. (scheduler.py:96)
2025-01-07 22:06:37,884 - SCHEDULER - INFO - Starting worker for repo: https://github.com/GraphSAINT/GraphSAINT.git (scheduler.py:64)
2025-01-07 22:06:39,656 - SCHEDULER - INFO - Worker completed successfully for repo: https://github.com/GraphNAS/GraphNAS.git (scheduler.py:75)
2025-01-07 22:06:39,656 - SCHEDULER - INFO - Progress: 862/5778 repositories scanned. (scheduler.py:96)
2025-01-07 22:06:39,656 - SCHEDULER - INFO - Starting worker for repo: https://github.com/Graphegon/pygraphblas.git (scheduler.py:64)
2025-01-07 22:06:48,319 - SCHEDULER - INFO - Worker completed successfully for repo: https://github.com/GraphSAINT/GraphSAINT.git (scheduler.py:75)
2025-01-07 22:06:48,319 - SCHEDULER - INFO - Progress: 863/5778 repositories scanned. (scheduler.py:96)
2025-01-07 22:06:48,319 - SCHEDULER - INFO - Starting worker for repo: https://github.com/Grapycal/Grapycal.git (scheduler.py:64)
2025-01-07 22:06:53,551 - SCHEDULER - INFO - Worker completed successfully for repo: https://github.com/Graphegon/pygraphblas.git (scheduler.py:75)
2025-01-07 22:06:53,551 - SCHEDULER - INFO - Progress: 864/5778 repositories scanned. (scheduler.py:96)
2025-01-07 22:06:53,551 - SCHEDULER - INFO - Starting worker for repo: https://github.com/GravelFire/MajorBot.git (scheduler.py:64)
2025-01-07 22:07:00,260 - SCHEDULER - INFO - Worker completed successfully for repo: https://github.com/Grapycal/Grapycal.git (scheduler.py:75)
2025-01-07 22:07:00,260 - SCHEDULER - INFO - Progress: 865/5778 repositories scanned. (scheduler.py:96)
2025-01-07 22:07:00,260 - SCHEDULER - INFO - Starting worker for repo: https://github.com/GraySwanAI/nanoGCG.git (scheduler.py:64)
2025-01-07 22:07:03,032 - SCHEDULER - INFO - Worker completed successfully for repo: https://github.com/GravelFire/MajorBot.git (scheduler.py:75)
2025-01-07 22:07:03,032 - SCHEDULER - INFO - Progress: 866/5778 repositories scanned. (scheduler.py:96)
2025-01-07 22:07:03,032 - SCHEDULER - INFO - Starting worker for repo: https://github.com/Graylab/IgFold.git (scheduler.py:64)
2025-01-07 22:07:09,093 - SCHEDULER - INFO - Worker completed successfully for repo: https://github.com/GraySwanAI/nanoGCG.git (scheduler.py:75)
2025-01-07 22:07:09,093 - SCHEDULER - INFO - Progress: 867/5778 repositories scanned. (scheduler.py:96)
2025-01-07 22:07:09,093 - SCHEDULER - INFO - Starting worker for repo: https://github.com/Graylab/IgLM.git (scheduler.py:64)
2025-01-07 22:07:12,513 - SCHEDULER - INFO - Worker completed successfully for repo: https://github.com/Graylab/IgFold.git (scheduler.py:75)
2025-01-07 22:07:12,514 - SCHEDULER - INFO - Progress: 868/5778 repositories scanned. (scheduler.py:96)
2025-01-07 22:07:12,514 - SCHEDULER - INFO - Starting worker for repo: https://github.com/Graylog2/documentation.git (scheduler.py:64)
2025-01-07 22:07:21,732 - SCHEDULER - INFO - Worker completed successfully for repo: https://github.com/Graylab/IgLM.git (scheduler.py:75)
2025-01-07 22:07:21,732 - SCHEDULER - INFO - Progress: 869/5778 repositories scanned. (scheduler.py:96)
2025-01-07 22:07:21,732 - SCHEDULER - INFO - Starting worker for repo: https://github.com/GreatV/CloudMusic-Crawler.git (scheduler.py:64)
2025-01-07 22:07:22,448 - SCHEDULER - INFO - Worker completed successfully for repo: https://github.com/Graylog2/documentation.git (scheduler.py:75)
2025-01-07 22:07:22,448 - SCHEDULER - INFO - Progress: 870/5778 repositories scanned. (scheduler.py:96)
2025-01-07 22:07:22,448 - SCHEDULER - INFO - Starting worker for repo: https://github.com/Greegko/google-metadata-matcher.git (scheduler.py:64)
2025-01-07 22:07:30,113 - SCHEDULER - INFO - Worker completed successfully for repo: https://github.com/GreatV/CloudMusic-Crawler.git (scheduler.py:75)
2025-01-07 22:07:30,113 - SCHEDULER - INFO - Progress: 871/5778 repositories scanned. (scheduler.py:96)
2025-01-07 22:07:30,113 - SCHEDULER - INFO - Starting worker for repo: https://github.com/Green-Wood/BTTR.git (scheduler.py:64)
2025-01-07 22:07:31,327 - SCHEDULER - INFO - Worker completed successfully for repo: https://github.com/Greegko/google-metadata-matcher.git (scheduler.py:75)
2025-01-07 22:07:31,328 - SCHEDULER - INFO - Progress: 872/5778 repositories scanned. (scheduler.py:96)
2025-01-07 22:07:31,328 - SCHEDULER - INFO - Starting worker for repo: https://github.com/Green-Wood/CoMER.git (scheduler.py:64)
2025-01-07 22:07:39,550 - SCHEDULER - INFO - Worker completed successfully for repo: https://github.com/Green-Wood/BTTR.git (scheduler.py:75)
2025-01-07 22:07:39,550 - SCHEDULER - INFO - Progress: 873/5778 repositories scanned. (scheduler.py:96)
2025-01-07 22:07:39,550 - SCHEDULER - INFO - Starting worker for repo: https://github.com/GreenBitAI/low_bit_llama.git (scheduler.py:64)
2025-01-07 22:07:46,372 - SCHEDULER - INFO - Worker completed successfully for repo: https://github.com/Green-Wood/CoMER.git (scheduler.py:75)
2025-01-07 22:07:46,372 - SCHEDULER - INFO - Progress: 874/5778 repositories scanned. (scheduler.py:96)
2025-01-07 22:07:46,372 - SCHEDULER - INFO - Starting worker for repo: https://github.com/GreenBuildingRegistry/usaddress-scourgify.git (scheduler.py:64)
2025-01-07 22:07:48,280 - SCHEDULER - INFO - Worker completed successfully for repo: https://github.com/GreenBitAI/low_bit_llama.git (scheduler.py:75)
2025-01-07 22:07:48,280 - SCHEDULER - INFO - Progress: 875/5778 repositories scanned. (scheduler.py:96)
2025-01-07 22:07:48,280 - SCHEDULER - INFO - Starting worker for repo: https://github.com/GreenLandisaLie/AuraSR-ComfyUI.git (scheduler.py:64)
2025-01-07 22:07:56,406 - SCHEDULER - INFO - Worker completed successfully for repo: https://github.com/GreenBuildingRegistry/usaddress-scourgify.git (scheduler.py:75)
2025-01-07 22:07:56,406 - SCHEDULER - INFO - Progress: 876/5778 repositories scanned. (scheduler.py:96)
2025-01-07 22:07:56,406 - SCHEDULER - INFO - Starting worker for repo: https://github.com/GreenleafLab/NucleoATAC.git (scheduler.py:64)
2025-01-07 22:07:57,864 - SCHEDULER - INFO - Worker completed successfully for repo: https://github.com/GreenLandisaLie/AuraSR-ComfyUI.git (scheduler.py:75)
2025-01-07 22:07:57,864 - SCHEDULER - INFO - Progress: 877/5778 repositories scanned. (scheduler.py:96)
2025-01-07 22:07:57,864 - SCHEDULER - INFO - Starting worker for repo: https://github.com/Greenwolf/social_attacker.git (scheduler.py:64)
2025-01-07 22:08:07,742 - SCHEDULER - INFO - Worker completed successfully for repo: https://github.com/GreenleafLab/NucleoATAC.git (scheduler.py:75)
2025-01-07 22:08:07,743 - SCHEDULER - INFO - Progress: 878/5778 repositories scanned. (scheduler.py:96)
2025-01-07 22:08:07,743 - SCHEDULER - INFO - Starting worker for repo: https://github.com/GregDMeyer/IT8951.git (scheduler.py:64)
2025-01-07 22:08:08,950 - SCHEDULER - INFO - Worker completed successfully for repo: https://github.com/Greenwolf/social_attacker.git (scheduler.py:75)
2025-01-07 22:08:08,950 - SCHEDULER - INFO - Progress: 879/5778 repositories scanned. (scheduler.py:96)
2025-01-07 22:08:08,950 - SCHEDULER - INFO - Starting worker for repo: https://github.com/GregTJ/stable-fluids.git (scheduler.py:64)
2025-01-07 22:08:16,525 - SCHEDULER - INFO - Worker completed successfully for repo: https://github.com/GregDMeyer/IT8951.git (scheduler.py:75)
2025-01-07 22:08:16,525 - SCHEDULER - INFO - Progress: 880/5778 repositories scanned. (scheduler.py:96)
2025-01-07 22:08:16,525 - SCHEDULER - INFO - Starting worker for repo: https://github.com/GregaVrbancic/fastapi-celery.git (scheduler.py:64)
2025-01-07 22:08:17,432 - SCHEDULER - INFO - Worker completed successfully for repo: https://github.com/GregTJ/stable-fluids.git (scheduler.py:75)
2025-01-07 22:08:17,432 - SCHEDULER - INFO - Progress: 881/5778 repositories scanned. (scheduler.py:96)
2025-01-07 22:08:17,432 - SCHEDULER - INFO - Starting worker for repo: https://github.com/GregoryAM-SP/The-Minecraft-Overviewer.git (scheduler.py:64)
2025-01-07 22:08:24,457 - SCHEDULER - INFO - Worker completed successfully for repo: https://github.com/GregaVrbancic/fastapi-celery.git (scheduler.py:75)
2025-01-07 22:08:24,457 - SCHEDULER - INFO - Progress: 882/5778 repositories scanned. (scheduler.py:96)
2025-01-07 22:08:24,457 - SCHEDULER - INFO - Starting worker for repo: https://github.com/GregoryMorse/trendln.git (scheduler.py:64)
2025-01-07 22:08:34,692 - SCHEDULER - INFO - Worker completed successfully for repo: https://github.com/GregoryMorse/trendln.git (scheduler.py:75)
2025-01-07 22:08:34,692 - SCHEDULER - INFO - Progress: 883/5778 repositories scanned. (scheduler.py:96)
2025-01-07 22:08:34,692 - SCHEDULER - INFO - Starting worker for repo: https://github.com/GreyMatters-Tech/url-auto-delete-shortener-bot.git (scheduler.py:64)
2025-01-07 22:08:35,582 - SCHEDULER - INFO - Worker completed successfully for repo: https://github.com/GregoryAM-SP/The-Minecraft-Overviewer.git (scheduler.py:75)
2025-01-07 22:08:35,582 - SCHEDULER - INFO - Progress: 884/5778 repositories scanned. (scheduler.py:96)
2025-01-07 22:08:35,582 - SCHEDULER - INFO - Starting worker for repo: https://github.com/GreyNoise-Intelligence/pygreynoise.git (scheduler.py:64)
2025-01-07 22:08:45,125 - SCHEDULER - INFO - Worker completed successfully for repo: https://github.com/GreyMatters-Tech/url-auto-delete-shortener-bot.git (scheduler.py:75)
2025-01-07 22:08:45,125 - SCHEDULER - INFO - Progress: 885/5778 repositories scanned. (scheduler.py:96)
2025-01-07 22:08:45,125 - SCHEDULER - INFO - Starting worker for repo: https://github.com/GreyZmeem/python-logging-loki.git (scheduler.py:64)
2025-01-07 22:08:46,168 - SCHEDULER - INFO - Worker completed successfully for repo: https://github.com/GreyNoise-Intelligence/pygreynoise.git (scheduler.py:75)
2025-01-07 22:08:46,168 - SCHEDULER - INFO - Progress: 886/5778 repositories scanned. (scheduler.py:96)
2025-01-07 22:08:46,168 - SCHEDULER - INFO - Starting worker for repo: https://github.com/Greyh4t/m3u8-Downloader.git (scheduler.py:64)
2025-01-07 22:08:54,161 - SCHEDULER - INFO - Worker completed successfully for repo: https://github.com/GreyZmeem/python-logging-loki.git (scheduler.py:75)
2025-01-07 22:08:54,161 - SCHEDULER - INFO - Progress: 887/5778 repositories scanned. (scheduler.py:96)
2025-01-07 22:08:54,161 - SCHEDULER - INFO - Starting worker for repo: https://github.com/Greyjedix/Profil3r.git (scheduler.py:64)
2025-01-07 22:08:54,851 - SCHEDULER - INFO - Worker completed successfully for repo: https://github.com/Greyh4t/m3u8-Downloader.git (scheduler.py:75)
2025-01-07 22:08:54,851 - SCHEDULER - INFO - Progress: 888/5778 repositories scanned. (scheduler.py:96)
2025-01-07 22:08:54,851 - SCHEDULER - INFO - Starting worker for repo: https://github.com/Grid2op/grid2op.git (scheduler.py:64)
2025-01-07 22:09:03,094 - SCHEDULER - INFO - Worker completed successfully for repo: https://github.com/Greyjedix/Profil3r.git (scheduler.py:75)
2025-01-07 22:09:03,094 - SCHEDULER - INFO - Progress: 889/5778 repositories scanned. (scheduler.py:96)
2025-01-07 22:09:03,094 - SCHEDULER - INFO - Starting worker for repo: https://github.com/GridTools/gt4py.git (scheduler.py:64)
2025-01-07 22:09:34,275 - SCHEDULER - INFO - Worker completed successfully for repo: https://github.com/GridTools/gt4py.git (scheduler.py:75)
2025-01-07 22:09:34,275 - SCHEDULER - INFO - Progress: 890/5778 repositories scanned. (scheduler.py:96)
2025-01-07 22:09:34,275 - SCHEDULER - INFO - Starting worker for repo: https://github.com/GriffinAustin/pynance.git (scheduler.py:64)
2025-01-07 22:09:35,472 - SCHEDULER - INFO - Worker completed successfully for repo: https://github.com/Grid2op/grid2op.git (scheduler.py:75)
2025-01-07 22:09:35,472 - SCHEDULER - INFO - Progress: 891/5778 repositories scanned. (scheduler.py:96)
2025-01-07 22:09:35,472 - SCHEDULER - INFO - Starting worker for repo: https://github.com/GriffinLiang/vrd-dsr.git (scheduler.py:64)
2025-01-07 22:09:43,855 - SCHEDULER - INFO - Worker completed successfully for repo: https://github.com/GriffinAustin/pynance.git (scheduler.py:75)
2025-01-07 22:09:43,855 - SCHEDULER - INFO - Progress: 892/5778 repositories scanned. (scheduler.py:96)
2025-01-07 22:09:43,855 - SCHEDULER - INFO - Starting worker for repo: https://github.com/Grigorij-Dudnik/Clean-Coder-AI.git (scheduler.py:64)
2025-01-07 22:09:45,356 - SCHEDULER - INFO - Worker completed successfully for repo: https://github.com/GriffinLiang/vrd-dsr.git (scheduler.py:75)
2025-01-07 22:09:45,356 - SCHEDULER - INFO - Progress: 893/5778 repositories scanned. (scheduler.py:96)
2025-01-07 22:09:45,356 - SCHEDULER - INFO - Starting worker for repo: https://github.com/Grim-es/material-combiner-addon.git (scheduler.py:64)
2025-01-07 22:09:57,145 - SCHEDULER - INFO - Worker completed successfully for repo: https://github.com/Grigorij-Dudnik/Clean-Coder-AI.git (scheduler.py:75)
2025-01-07 22:09:57,145 - SCHEDULER - INFO - Progress: 894/5778 repositories scanned. (scheduler.py:96)
2025-01-07 22:09:57,145 - SCHEDULER - INFO - Starting worker for repo: https://github.com/Grimmys/rpg_tactical_fantasy_game.git (scheduler.py:64)
2025-01-07 22:09:57,846 - SCHEDULER - INFO - Worker completed successfully for repo: https://github.com/Grim-es/material-combiner-addon.git (scheduler.py:75)
2025-01-07 22:09:57,846 - SCHEDULER - INFO - Progress: 895/5778 repositories scanned. (scheduler.py:96)
2025-01-07 22:09:57,846 - SCHEDULER - INFO - Starting worker for repo: https://github.com/Grimrukh/soulstruct-blender.git (scheduler.py:64)
2025-01-07 22:10:11,641 - SCHEDULER - INFO - Worker completed successfully for repo: https://github.com/Grimmys/rpg_tactical_fantasy_game.git (scheduler.py:75)
2025-01-07 22:10:11,641 - SCHEDULER - INFO - Progress: 896/5778 repositories scanned. (scheduler.py:96)
2025-01-07 22:10:11,641 - SCHEDULER - INFO - Starting worker for repo: https://github.com/Grimrukh/soulstruct.git (scheduler.py:64)
2025-01-07 22:10:14,850 - SCHEDULER - INFO - Worker completed successfully for repo: https://github.com/Grimrukh/soulstruct-blender.git (scheduler.py:75)
2025-01-07 22:10:14,850 - SCHEDULER - INFO - Progress: 897/5778 repositories scanned. (scheduler.py:96)
2025-01-07 22:10:14,850 - SCHEDULER - INFO - Starting worker for repo: https://github.com/GrinningHermit/Cozmo-Explorer-Tool.git (scheduler.py:64)
2025-01-07 22:10:27,187 - SCHEDULER - INFO - Worker completed successfully for repo: https://github.com/GrinningHermit/Cozmo-Explorer-Tool.git (scheduler.py:75)
2025-01-07 22:10:27,187 - SCHEDULER - INFO - Progress: 898/5778 repositories scanned. (scheduler.py:96)
2025-01-07 22:10:27,187 - SCHEDULER - INFO - Starting worker for repo: https://github.com/Griperis/BlenderDataVis.git (scheduler.py:64)
2025-01-07 22:10:38,075 - SCHEDULER - INFO - Worker completed successfully for repo: https://github.com/Griperis/BlenderDataVis.git (scheduler.py:75)
2025-01-07 22:10:38,075 - SCHEDULER - INFO - Progress: 899/5778 repositories scanned. (scheduler.py:96)
2025-01-07 22:10:38,075 - SCHEDULER - INFO - Starting worker for repo: https://github.com/Ground-A-Video/Ground-A-Video.git (scheduler.py:64)
2025-01-07 22:10:52,270 - SCHEDULER - INFO - Worker completed successfully for repo: https://github.com/Ground-A-Video/Ground-A-Video.git (scheduler.py:75)
2025-01-07 22:10:52,270 - SCHEDULER - INFO - Progress: 900/5778 repositories scanned. (scheduler.py:96)
2025-01-07 22:10:52,270 - SCHEDULER - INFO - Starting worker for repo: https://github.com/Ground-Zerro/DomainMapper.git (scheduler.py:64)
2025-01-07 22:11:01,255 - SCHEDULER - INFO - Worker completed successfully for repo: https://github.com/Ground-Zerro/DomainMapper.git (scheduler.py:75)
2025-01-07 22:11:01,255 - SCHEDULER - INFO - Progress: 901/5778 repositories scanned. (scheduler.py:96)
2025-01-07 22:11:01,255 - SCHEDULER - INFO - Starting worker for repo: https://github.com/Groverkss/IIIT-Courses-Resources.git (scheduler.py:64)
2025-01-07 22:11:08,535 - SCHEDULER - INFO - Worker completed successfully for repo: https://github.com/Groverkss/IIIT-Courses-Resources.git (scheduler.py:75)
2025-01-07 22:11:08,535 - SCHEDULER - INFO - Progress: 902/5778 repositories scanned. (scheduler.py:96)
2025-01-07 22:11:08,535 - SCHEDULER - INFO - Starting worker for repo: https://github.com/GrumpyZhou/patch2pix.git (scheduler.py:64)
2025-01-07 22:11:18,770 - SCHEDULER - INFO - Worker completed successfully for repo: https://github.com/GrumpyZhou/patch2pix.git (scheduler.py:75)
2025-01-07 22:11:18,770 - SCHEDULER - INFO - Progress: 903/5778 repositories scanned. (scheduler.py:96)
2025-01-07 22:11:18,770 - SCHEDULER - INFO - Starting worker for repo: https://github.com/Grunny/zap-cli.git (scheduler.py:64)
2025-01-07 22:11:27,504 - SCHEDULER - INFO - Worker completed successfully for repo: https://github.com/Grunny/zap-cli.git (scheduler.py:75)
2025-01-07 22:11:27,504 - SCHEDULER - INFO - Progress: 904/5778 repositories scanned. (scheduler.py:96)
2025-01-07 22:11:27,504 - SCHEDULER - INFO - Starting worker for repo: https://github.com/Gryphe/BlockMerge_Gradient.git (scheduler.py:64)
2025-01-07 22:11:35,485 - SCHEDULER - INFO - Worker completed successfully for repo: https://github.com/Gryphe/BlockMerge_Gradient.git (scheduler.py:75)
2025-01-07 22:11:35,485 - SCHEDULER - INFO - Progress: 905/5778 repositories scanned. (scheduler.py:96)
2025-01-07 22:11:35,485 - SCHEDULER - INFO - Starting worker for repo: https://github.com/Gryphe/MergeMonster.git (scheduler.py:64)
2025-01-07 22:11:44,718 - SCHEDULER - INFO - Worker completed successfully for repo: https://github.com/Gryphe/MergeMonster.git (scheduler.py:75)
2025-01-07 22:11:44,719 - SCHEDULER - INFO - Progress: 906/5778 repositories scanned. (scheduler.py:96)
2025-01-07 22:11:44,719 - SCHEDULER - INFO - Starting worker for repo: https://github.com/Grzego/handwriting-generation.git (scheduler.py:64)
2025-01-07 22:11:45,459 - SCHEDULER - INFO - Worker completed successfully for repo: https://github.com/Grimrukh/soulstruct.git (scheduler.py:75)
2025-01-07 22:11:45,459 - SCHEDULER - INFO - Progress: 907/5778 repositories scanned. (scheduler.py:96)
2025-01-07 22:11:45,459 - SCHEDULER - INFO - Starting worker for repo: https://github.com/Gsunshine/Enjoy-Hamburger.git (scheduler.py:64)
2025-01-07 22:11:54,907 - SCHEDULER - INFO - Worker completed successfully for repo: https://github.com/Grzego/handwriting-generation.git (scheduler.py:75)
2025-01-07 22:11:54,907 - SCHEDULER - INFO - Progress: 908/5778 repositories scanned. (scheduler.py:96)
2025-01-07 22:11:54,907 - SCHEDULER - INFO - Starting worker for repo: https://github.com/GuHongyang/VaDE-pytorch.git (scheduler.py:64)
2025-01-07 22:12:03,238 - SCHEDULER - INFO - Worker completed successfully for repo: https://github.com/GuHongyang/VaDE-pytorch.git (scheduler.py:75)
2025-01-07 22:12:03,238 - SCHEDULER - INFO - Progress: 909/5778 repositories scanned. (scheduler.py:96)
2025-01-07 22:12:03,238 - SCHEDULER - INFO - Starting worker for repo: https://github.com/GuHuangAI/DiffusionEdge.git (scheduler.py:64)
2025-01-07 22:12:06,769 - SCHEDULER - INFO - Worker completed successfully for repo: https://github.com/Gsunshine/Enjoy-Hamburger.git (scheduler.py:75)
2025-01-07 22:12:06,769 - SCHEDULER - INFO - Progress: 910/5778 repositories scanned. (scheduler.py:96)
2025-01-07 22:12:06,769 - SCHEDULER - INFO - Starting worker for repo: https://github.com/GuYuc/WS-DAN.PyTorch.git (scheduler.py:64)
2025-01-07 22:12:16,403 - SCHEDULER - INFO - Worker completed successfully for repo: https://github.com/GuYuc/WS-DAN.PyTorch.git (scheduler.py:75)
2025-01-07 22:12:16,403 - SCHEDULER - INFO - Progress: 911/5778 repositories scanned. (scheduler.py:96)
2025-01-07 22:12:16,403 - SCHEDULER - INFO - Starting worker for repo: https://github.com/GuanRunwei/Achelous.git (scheduler.py:64)
2025-01-07 22:12:18,893 - SCHEDULER - INFO - Worker completed successfully for repo: https://github.com/GuHuangAI/DiffusionEdge.git (scheduler.py:75)
2025-01-07 22:12:18,893 - SCHEDULER - INFO - Progress: 912/5778 repositories scanned. (scheduler.py:96)
2025-01-07 22:12:18,893 - SCHEDULER - INFO - Starting worker for repo: https://github.com/GuanYixuan/pyJianYingDraft.git (scheduler.py:64)
2025-01-07 22:12:29,699 - SCHEDULER - INFO - Worker completed successfully for repo: https://github.com/GuanRunwei/Achelous.git (scheduler.py:75)
2025-01-07 22:12:29,699 - SCHEDULER - INFO - Progress: 913/5778 repositories scanned. (scheduler.py:96)
2025-01-07 22:12:29,699 - SCHEDULER - INFO - Starting worker for repo: https://github.com/Guanghan/ROLO.git (scheduler.py:64)
2025-01-07 22:12:31,682 - SCHEDULER - INFO - Worker completed successfully for repo: https://github.com/GuanYixuan/pyJianYingDraft.git (scheduler.py:75)
2025-01-07 22:12:31,682 - SCHEDULER - INFO - Progress: 914/5778 repositories scanned. (scheduler.py:96)
2025-01-07 22:12:31,682 - SCHEDULER - INFO - Starting worker for repo: https://github.com/Guanghan/lighttrack.git (scheduler.py:64)
2025-01-07 22:12:41,838 - SCHEDULER - INFO - Worker completed successfully for repo: https://github.com/Guanghan/ROLO.git (scheduler.py:75)
2025-01-07 22:12:41,838 - SCHEDULER - INFO - Progress: 915/5778 repositories scanned. (scheduler.py:96)
2025-01-07 22:12:41,838 - SCHEDULER - INFO - Starting worker for repo: https://github.com/GuangmingZhu/AttentionConvLSTM.git (scheduler.py:64)
2025-01-07 22:12:45,671 - SCHEDULER - INFO - Worker completed successfully for repo: https://github.com/Guanghan/lighttrack.git (scheduler.py:75)
2025-01-07 22:12:45,671 - SCHEDULER - INFO - Progress: 916/5778 repositories scanned. (scheduler.py:96)
2025-01-07 22:12:45,671 - SCHEDULER - INFO - Starting worker for repo: https://github.com/Guangxuan-Xiao/torch-int.git (scheduler.py:64)
2025-01-07 22:12:53,575 - SCHEDULER - INFO - Worker completed successfully for repo: https://github.com/GuangmingZhu/AttentionConvLSTM.git (scheduler.py:75)
2025-01-07 22:12:53,575 - SCHEDULER - INFO - Progress: 917/5778 repositories scanned. (scheduler.py:96)
2025-01-07 22:12:53,575 - SCHEDULER - INFO - Starting worker for repo: https://github.com/GuansongPang/deviation-network.git (scheduler.py:64)
2025-01-07 22:12:55,356 - SCHEDULER - INFO - Worker completed successfully for repo: https://github.com/Guangxuan-Xiao/torch-int.git (scheduler.py:75)
2025-01-07 22:12:55,356 - SCHEDULER - INFO - Progress: 918/5778 repositories scanned. (scheduler.py:96)
2025-01-07 22:12:55,356 - SCHEDULER - INFO - Starting worker for repo: https://github.com/GuanxingLu/ManiGaussian.git (scheduler.py:64)
2025-01-07 22:13:07,524 - SCHEDULER - INFO - Worker completed successfully for repo: https://github.com/GuansongPang/deviation-network.git (scheduler.py:75)
2025-01-07 22:13:07,524 - SCHEDULER - INFO - Progress: 919/5778 repositories scanned. (scheduler.py:96)
2025-01-07 22:13:07,524 - SCHEDULER - INFO - Starting worker for repo: https://github.com/GuardKenzie/miniplayer.git (scheduler.py:64)
2025-01-07 22:13:17,358 - SCHEDULER - INFO - Worker completed successfully for repo: https://github.com/GuardKenzie/miniplayer.git (scheduler.py:75)
2025-01-07 22:13:17,358 - SCHEDULER - INFO - Progress: 920/5778 repositories scanned. (scheduler.py:96)
2025-01-07 22:13:17,358 - SCHEDULER - INFO - Starting worker for repo: https://github.com/Guardsquare/flutter-re-demo.git (scheduler.py:64)
2025-01-07 22:13:25,336 - SCHEDULER - INFO - Worker completed successfully for repo: https://github.com/GuanxingLu/ManiGaussian.git (scheduler.py:75)
2025-01-07 22:13:25,336 - SCHEDULER - INFO - Progress: 921/5778 repositories scanned. (scheduler.py:96)
2025-01-07 22:13:25,336 - SCHEDULER - INFO - Starting worker for repo: https://github.com/GuiPimenta-Dev/lambda-forge.git (scheduler.py:64)
2025-01-07 22:13:27,040 - SCHEDULER - INFO - Worker completed successfully for repo: https://github.com/Guardsquare/flutter-re-demo.git (scheduler.py:75)
2025-01-07 22:13:27,040 - SCHEDULER - INFO - Progress: 922/5778 repositories scanned. (scheduler.py:96)
2025-01-07 22:13:27,040 - SCHEDULER - INFO - Starting worker for repo: https://github.com/GuiWonder/Shanggu.git (scheduler.py:64)
2025-01-07 22:13:37,429 - SCHEDULER - INFO - Worker completed successfully for repo: https://github.com/GuiPimenta-Dev/lambda-forge.git (scheduler.py:75)
2025-01-07 22:13:37,429 - SCHEDULER - INFO - Progress: 923/5778 repositories scanned. (scheduler.py:96)
2025-01-07 22:13:37,429 - SCHEDULER - INFO - Starting worker for repo: https://github.com/GuiWonder/TCFontCreator.git (scheduler.py:64)
2025-01-07 22:13:41,639 - SCHEDULER - INFO - Worker completed successfully for repo: https://github.com/GuiWonder/Shanggu.git (scheduler.py:75)
2025-01-07 22:13:41,639 - SCHEDULER - INFO - Progress: 924/5778 repositories scanned. (scheduler.py:96)
2025-01-07 22:13:41,639 - SCHEDULER - INFO - Starting worker for repo: https://github.com/GuidoPaul/CAIL2019.git (scheduler.py:64)
2025-01-07 22:13:48,166 - SCHEDULER - INFO - Worker completed successfully for repo: https://github.com/GuiWonder/TCFontCreator.git (scheduler.py:75)
2025-01-07 22:13:48,167 - SCHEDULER - INFO - Progress: 925/5778 repositories scanned. (scheduler.py:96)
2025-01-07 22:13:48,167 - SCHEDULER - INFO - Starting worker for repo: https://github.com/GuidodiPasquo/AeroVECTOR.git (scheduler.py:64)
2025-01-07 22:13:50,973 - SCHEDULER - INFO - Worker completed successfully for repo: https://github.com/GuidoPaul/CAIL2019.git (scheduler.py:75)
2025-01-07 22:13:50,973 - SCHEDULER - INFO - Progress: 926/5778 repositories scanned. (scheduler.py:96)
2025-01-07 22:13:50,973 - SCHEDULER - INFO - Starting worker for repo: https://github.com/Guiflayrom/yolnp.git (scheduler.py:64)
2025-01-07 22:14:02,509 - SCHEDULER - INFO - Worker completed successfully for repo: https://github.com/GuidodiPasquo/AeroVECTOR.git (scheduler.py:75)
2025-01-07 22:14:02,510 - SCHEDULER - INFO - Progress: 927/5778 repositories scanned. (scheduler.py:96)
2025-01-07 22:14:02,510 - SCHEDULER - INFO - Starting worker for repo: https://github.com/GuijiAI/ReHiFace-S.git (scheduler.py:64)
2025-01-07 22:14:04,265 - SCHEDULER - INFO - Worker completed successfully for repo: https://github.com/Guiflayrom/yolnp.git (scheduler.py:75)
2025-01-07 22:14:04,265 - SCHEDULER - INFO - Progress: 928/5778 repositories scanned. (scheduler.py:96)
2025-01-07 22:14:04,265 - SCHEDULER - INFO - Starting worker for repo: https://github.com/GuillaumeFalourd/poc-github-actions.git (scheduler.py:64)
2025-01-07 22:14:13,900 - SCHEDULER - INFO - Worker completed successfully for repo: https://github.com/GuillaumeFalourd/poc-github-actions.git (scheduler.py:75)
2025-01-07 22:14:13,901 - SCHEDULER - INFO - Progress: 929/5778 repositories scanned. (scheduler.py:96)
2025-01-07 22:14:13,901 - SCHEDULER - INFO - Starting worker for repo: https://github.com/Guillemdb/FractalAI.git (scheduler.py:64)
2025-01-07 22:14:14,599 - SCHEDULER - INFO - Worker completed successfully for repo: https://github.com/GuijiAI/ReHiFace-S.git (scheduler.py:75)
2025-01-07 22:14:14,599 - SCHEDULER - INFO - Progress: 930/5778 repositories scanned. (scheduler.py:96)
2025-01-07 22:14:14,599 - SCHEDULER - INFO - Starting worker for repo: https://github.com/GuiltyNeuron/ANPR.git (scheduler.py:64)
2025-01-07 22:14:24,887 - SCHEDULER - INFO - Worker completed successfully for repo: https://github.com/Guillemdb/FractalAI.git (scheduler.py:75)
2025-01-07 22:14:24,887 - SCHEDULER - INFO - Progress: 931/5778 repositories scanned. (scheduler.py:96)
2025-01-07 22:14:24,887 - SCHEDULER - INFO - Starting worker for repo: https://github.com/GuitarML/GuitarLSTM.git (scheduler.py:64)
2025-01-07 22:14:26,735 - SCHEDULER - INFO - Worker completed successfully for repo: https://github.com/GuiltyNeuron/ANPR.git (scheduler.py:75)
2025-01-07 22:14:26,735 - SCHEDULER - INFO - Progress: 932/5778 repositories scanned. (scheduler.py:96)
2025-01-07 22:14:26,735 - SCHEDULER - INFO - Starting worker for repo: https://github.com/GuitarML/PedalNetRT.git (scheduler.py:64)
2025-01-07 22:14:33,666 - SCHEDULER - INFO - Worker completed successfully for repo: https://github.com/GuitarML/GuitarLSTM.git (scheduler.py:75)
2025-01-07 22:14:33,666 - SCHEDULER - INFO - Progress: 933/5778 repositories scanned. (scheduler.py:96)
2025-01-07 22:14:33,666 - SCHEDULER - INFO - Starting worker for repo: https://github.com/Guitarman9119/Raspberry-Pi-Pico-.git (scheduler.py:64)
2025-01-07 22:14:37,321 - SCHEDULER - INFO - Worker completed successfully for repo: https://github.com/GuitarML/PedalNetRT.git (scheduler.py:75)
2025-01-07 22:14:37,322 - SCHEDULER - INFO - Progress: 934/5778 repositories scanned. (scheduler.py:96)
2025-01-07 22:14:37,322 - SCHEDULER - INFO - Starting worker for repo: https://github.com/Gujal00/ResolveURL.git (scheduler.py:64)
2025-01-07 22:14:45,855 - SCHEDULER - INFO - Worker completed successfully for repo: https://github.com/Guitarman9119/Raspberry-Pi-Pico-.git (scheduler.py:75)
2025-01-07 22:14:45,855 - SCHEDULER - INFO - Progress: 935/5778 repositories scanned. (scheduler.py:96)
2025-01-07 22:14:45,855 - SCHEDULER - INFO - Starting worker for repo: https://github.com/Gumpest/YOLOv5-Multibackbone-Compression.git (scheduler.py:64)
2025-01-07 22:14:53,826 - SCHEDULER - INFO - Worker completed successfully for repo: https://github.com/Gujal00/ResolveURL.git (scheduler.py:75)
2025-01-07 22:14:53,826 - SCHEDULER - INFO - Progress: 936/5778 repositories scanned. (scheduler.py:96)
2025-01-07 22:14:53,826 - SCHEDULER - INFO - Starting worker for repo: https://github.com/GunhoChoi/FusionNet-Pytorch.git (scheduler.py:64)
2025-01-07 22:15:00,249 - SCHEDULER - INFO - Worker completed successfully for repo: https://github.com/Gumpest/YOLOv5-Multibackbone-Compression.git (scheduler.py:75)
2025-01-07 22:15:00,249 - SCHEDULER - INFO - Progress: 937/5778 repositories scanned. (scheduler.py:96)
2025-01-07 22:15:00,249 - SCHEDULER - INFO - Starting worker for repo: https://github.com/Gunnstein/fatpack.git (scheduler.py:64)
2025-01-07 22:15:01,907 - SCHEDULER - INFO - Worker completed successfully for repo: https://github.com/GunhoChoi/FusionNet-Pytorch.git (scheduler.py:75)
2025-01-07 22:15:01,907 - SCHEDULER - INFO - Progress: 938/5778 repositories scanned. (scheduler.py:96)
2025-01-07 22:15:01,907 - SCHEDULER - INFO - Starting worker for repo: https://github.com/GunshipPenguin/spreadsheetfs.git (scheduler.py:64)
2025-01-07 22:15:10,084 - SCHEDULER - INFO - Worker completed successfully for repo: https://github.com/Gunnstein/fatpack.git (scheduler.py:75)
2025-01-07 22:15:10,084 - SCHEDULER - INFO - Progress: 939/5778 repositories scanned. (scheduler.py:96)
2025-01-07 22:15:10,084 - SCHEDULER - INFO - Starting worker for repo: https://github.com/GunwooHan/EasyVtuber.git (scheduler.py:64)
2025-01-07 22:15:10,788 - SCHEDULER - INFO - Worker completed successfully for repo: https://github.com/GunshipPenguin/spreadsheetfs.git (scheduler.py:75)
2025-01-07 22:15:10,789 - SCHEDULER - INFO - Progress: 940/5778 repositories scanned. (scheduler.py:96)
2025-01-07 22:15:10,789 - SCHEDULER - INFO - Starting worker for repo: https://github.com/GuoCoder/ai-app.git (scheduler.py:64)
2025-01-07 22:15:21,822 - SCHEDULER - INFO - Worker completed successfully for repo: https://github.com/GunwooHan/EasyVtuber.git (scheduler.py:75)
2025-01-07 22:15:21,822 - SCHEDULER - INFO - Progress: 941/5778 repositories scanned. (scheduler.py:96)
2025-01-07 22:15:21,822 - SCHEDULER - INFO - Starting worker for repo: https://github.com/GuoKerS/Charset_encoding-Burp.git (scheduler.py:64)
2025-01-07 22:15:25,179 - SCHEDULER - INFO - Worker completed successfully for repo: https://github.com/GuoCoder/ai-app.git (scheduler.py:75)
2025-01-07 22:15:25,179 - SCHEDULER - INFO - Progress: 942/5778 repositories scanned. (scheduler.py:96)
2025-01-07 22:15:25,179 - SCHEDULER - INFO - Starting worker for repo: https://github.com/GuoLanqing/ShadowDiffusion.git (scheduler.py:64)
2025-01-07 22:15:30,254 - SCHEDULER - INFO - Worker completed successfully for repo: https://github.com/GuoKerS/Charset_encoding-Burp.git (scheduler.py:75)
2025-01-07 22:15:30,255 - SCHEDULER - INFO - Progress: 943/5778 repositories scanned. (scheduler.py:96)
2025-01-07 22:15:30,255 - SCHEDULER - INFO - Starting worker for repo: https://github.com/GuoLanqing/ShadowFormer.git (scheduler.py:64)
2025-01-07 22:15:37,168 - SCHEDULER - INFO - Worker completed successfully for repo: https://github.com/GuoLanqing/ShadowDiffusion.git (scheduler.py:75)
2025-01-07 22:15:37,168 - SCHEDULER - INFO - Progress: 944/5778 repositories scanned. (scheduler.py:96)
2025-01-07 22:15:37,168 - SCHEDULER - INFO - Starting worker for repo: https://github.com/GuoLusjtu/DVC.git (scheduler.py:64)
2025-01-07 22:15:39,788 - SCHEDULER - INFO - Worker completed successfully for repo: https://github.com/GuoLanqing/ShadowFormer.git (scheduler.py:75)
2025-01-07 22:15:39,788 - SCHEDULER - INFO - Progress: 945/5778 repositories scanned. (scheduler.py:96)
2025-01-07 22:15:39,788 - SCHEDULER - INFO - Starting worker for repo: https://github.com/GuoShi28/CBDNet.git (scheduler.py:64)
2025-01-07 22:15:47,252 - SCHEDULER - INFO - Worker completed successfully for repo: https://github.com/GuoLusjtu/DVC.git (scheduler.py:75)
2025-01-07 22:15:47,252 - SCHEDULER - INFO - Progress: 946/5778 repositories scanned. (scheduler.py:96)
2025-01-07 22:15:47,252 - SCHEDULER - INFO - Starting worker for repo: https://github.com/GuocaiL/nlp_corpus.git (scheduler.py:64)
2025-01-07 22:15:50,574 - SCHEDULER - INFO - Worker completed successfully for repo: https://github.com/GuoShi28/CBDNet.git (scheduler.py:75)
2025-01-07 22:15:50,575 - SCHEDULER - INFO - Progress: 947/5778 repositories scanned. (scheduler.py:96)
2025-01-07 22:15:50,575 - SCHEDULER - INFO - Starting worker for repo: https://github.com/GuoleiSun/CountSeg.git (scheduler.py:64)
2025-01-07 22:15:56,836 - SCHEDULER - INFO - Worker completed successfully for repo: https://github.com/GuocaiL/nlp_corpus.git (scheduler.py:75)
2025-01-07 22:15:56,836 - SCHEDULER - INFO - Progress: 948/5778 repositories scanned. (scheduler.py:96)
2025-01-07 22:15:56,836 - SCHEDULER - INFO - Starting worker for repo: https://github.com/Gurobi/gurobi-logtools.git (scheduler.py:64)
2025-01-07 22:16:02,866 - SCHEDULER - INFO - Worker completed successfully for repo: https://github.com/GuoleiSun/CountSeg.git (scheduler.py:75)
2025-01-07 22:16:02,866 - SCHEDULER - INFO - Progress: 949/5778 repositories scanned. (scheduler.py:96)
2025-01-07 22:16:02,866 - SCHEDULER - INFO - Starting worker for repo: https://github.com/Gurobi/gurobi-machinelearning.git (scheduler.py:64)
2025-01-07 22:16:06,474 - SCHEDULER - INFO - Worker completed successfully for repo: https://github.com/Gurobi/gurobi-logtools.git (scheduler.py:75)
2025-01-07 22:16:06,475 - SCHEDULER - INFO - Progress: 950/5778 repositories scanned. (scheduler.py:96)
2025-01-07 22:16:06,475 - SCHEDULER - INFO - Starting worker for repo: https://github.com/Gurobi/gurobi-optimods.git (scheduler.py:64)
2025-01-07 22:16:14,555 - SCHEDULER - INFO - Worker completed successfully for repo: https://github.com/Gurobi/gurobi-machinelearning.git (scheduler.py:75)
2025-01-07 22:16:14,555 - SCHEDULER - INFO - Progress: 951/5778 repositories scanned. (scheduler.py:96)
2025-01-07 22:16:14,555 - SCHEDULER - INFO - Starting worker for repo: https://github.com/Gurpreet06/Wifi-Crack.git (scheduler.py:64)
2025-01-07 22:16:19,114 - SCHEDULER - INFO - Worker completed successfully for repo: https://github.com/Gurobi/gurobi-optimods.git (scheduler.py:75)
2025-01-07 22:16:19,114 - SCHEDULER - INFO - Progress: 952/5778 repositories scanned. (scheduler.py:96)
2025-01-07 22:16:19,114 - SCHEDULER - INFO - Starting worker for repo: https://github.com/GurpreetKang/BitwardenDecrypt.git (scheduler.py:64)
2025-01-07 22:16:23,036 - SCHEDULER - INFO - Worker completed successfully for repo: https://github.com/Gurpreet06/Wifi-Crack.git (scheduler.py:75)
2025-01-07 22:16:23,036 - SCHEDULER - INFO - Progress: 953/5778 repositories scanned. (scheduler.py:96)
2025-01-07 22:16:23,037 - SCHEDULER - INFO - Starting worker for repo: https://github.com/Gus-Guo/AugFPN.git (scheduler.py:64)
2025-01-07 22:16:28,548 - SCHEDULER - INFO - Worker completed successfully for repo: https://github.com/GurpreetKang/BitwardenDecrypt.git (scheduler.py:75)
2025-01-07 22:16:28,548 - SCHEDULER - INFO - Progress: 954/5778 repositories scanned. (scheduler.py:96)
2025-01-07 22:16:28,548 - SCHEDULER - INFO - Starting worker for repo: https://github.com/Gusb3ll/Tsuki.git (scheduler.py:64)
2025-01-07 22:16:35,423 - SCHEDULER - INFO - Worker completed successfully for repo: https://github.com/Gus-Guo/AugFPN.git (scheduler.py:75)
2025-01-07 22:16:35,424 - SCHEDULER - INFO - Progress: 955/5778 repositories scanned. (scheduler.py:96)
2025-01-07 22:16:35,424 - SCHEDULER - INFO - Starting worker for repo: https://github.com/GustavoPeredo/Font-Downloader.git (scheduler.py:64)
2025-01-07 22:16:40,184 - SCHEDULER - INFO - Worker completed successfully for repo: https://github.com/Gusb3ll/Tsuki.git (scheduler.py:75)
2025-01-07 22:16:40,184 - SCHEDULER - INFO - Progress: 956/5778 repositories scanned. (scheduler.py:96)
2025-01-07 22:16:40,184 - SCHEDULER - INFO - Starting worker for repo: https://github.com/Gutianpei/MID.git (scheduler.py:64)
2025-01-07 22:16:45,209 - SCHEDULER - INFO - Worker completed successfully for repo: https://github.com/GustavoPeredo/Font-Downloader.git (scheduler.py:75)
2025-01-07 22:16:45,209 - SCHEDULER - INFO - Progress: 957/5778 repositories scanned. (scheduler.py:96)
2025-01-07 22:16:45,210 - SCHEDULER - INFO - Starting worker for repo: https://github.com/GuyAllard/markov_clustering.git (scheduler.py:64)
2025-01-07 22:16:52,474 - SCHEDULER - INFO - Worker completed successfully for repo: https://github.com/Gutianpei/MID.git (scheduler.py:75)
2025-01-07 22:16:52,474 - SCHEDULER - INFO - Progress: 958/5778 repositories scanned. (scheduler.py:96)
2025-01-07 22:16:52,474 - SCHEDULER - INFO - Starting worker for repo: https://github.com/GuyCarver/MicroPython.git (scheduler.py:64)
2025-01-07 22:16:54,246 - SCHEDULER - INFO - Worker completed successfully for repo: https://github.com/GuyAllard/markov_clustering.git (scheduler.py:75)
2025-01-07 22:16:54,246 - SCHEDULER - INFO - Progress: 959/5778 repositories scanned. (scheduler.py:96)
2025-01-07 22:16:54,246 - SCHEDULER - INFO - Starting worker for repo: https://github.com/GuyHacohen/curriculum_learning.git (scheduler.py:64)
2025-01-07 22:17:02,965 - SCHEDULER - INFO - Worker completed successfully for repo: https://github.com/GuyCarver/MicroPython.git (scheduler.py:75)
2025-01-07 22:17:02,965 - SCHEDULER - INFO - Progress: 960/5778 repositories scanned. (scheduler.py:96)
2025-01-07 22:17:02,965 - SCHEDULER - INFO - Starting worker for repo: https://github.com/GuyKh/iec-custom-component.git (scheduler.py:64)
2025-01-07 22:17:04,579 - SCHEDULER - INFO - Worker completed successfully for repo: https://github.com/GuyHacohen/curriculum_learning.git (scheduler.py:75)
2025-01-07 22:17:04,579 - SCHEDULER - INFO - Progress: 961/5778 repositories scanned. (scheduler.py:96)
2025-01-07 22:17:04,579 - SCHEDULER - INFO - Starting worker for repo: https://github.com/GuyTeichman/RNAlysis.git (scheduler.py:64)
2025-01-07 22:17:12,346 - SCHEDULER - INFO - Worker completed successfully for repo: https://github.com/GuyKh/iec-custom-component.git (scheduler.py:75)
2025-01-07 22:17:12,346 - SCHEDULER - INFO - Progress: 962/5778 repositories scanned. (scheduler.py:96)
2025-01-07 22:17:12,346 - SCHEDULER - INFO - Starting worker for repo: https://github.com/GuyTevet/CLoSD.git (scheduler.py:64)
2025-01-07 22:17:32,458 - SCHEDULER - INFO - Worker completed successfully for repo: https://github.com/GuyTevet/CLoSD.git (scheduler.py:75)
2025-01-07 22:17:32,458 - SCHEDULER - INFO - Progress: 963/5778 repositories scanned. (scheduler.py:96)
2025-01-07 22:17:32,458 - SCHEDULER - INFO - Starting worker for repo: https://github.com/GuyTevet/MotionCLIP.git (scheduler.py:64)
2025-01-07 22:17:41,825 - SCHEDULER - INFO - Worker completed successfully for repo: https://github.com/GuyTeichman/RNAlysis.git (scheduler.py:75)
2025-01-07 22:17:41,825 - SCHEDULER - INFO - Progress: 964/5778 repositories scanned. (scheduler.py:96)
2025-01-07 22:17:41,825 - SCHEDULER - INFO - Starting worker for repo: https://github.com/GuyZhangZhang/falcon-ngx_metric.git (scheduler.py:64)
2025-01-07 22:17:42,543 - SCHEDULER - INFO - Worker completed successfully for repo: https://github.com/GuyTevet/MotionCLIP.git (scheduler.py:75)
2025-01-07 22:17:42,544 - SCHEDULER - INFO - Progress: 965/5778 repositories scanned. (scheduler.py:96)
2025-01-07 22:17:42,544 - SCHEDULER - INFO - Starting worker for repo: https://github.com/Guzaiwang/CE-Net.git (scheduler.py:64)
2025-01-07 22:17:50,556 - SCHEDULER - INFO - Worker completed successfully for repo: https://github.com/GuyZhangZhang/falcon-ngx_metric.git (scheduler.py:75)
2025-01-07 22:17:50,557 - SCHEDULER - INFO - Progress: 966/5778 repositories scanned. (scheduler.py:96)
2025-01-07 22:17:50,557 - SCHEDULER - INFO - Starting worker for repo: https://github.com/Guzpenha/transformer_rankers.git (scheduler.py:64)
2025-01-07 22:17:52,580 - SCHEDULER - INFO - Worker completed successfully for repo: https://github.com/Guzaiwang/CE-Net.git (scheduler.py:75)
2025-01-07 22:17:52,580 - SCHEDULER - INFO - Progress: 967/5778 repositories scanned. (scheduler.py:96)
2025-01-07 22:17:52,580 - SCHEDULER - INFO - Starting worker for repo: https://github.com/Gvgeo/Pivot-Painter-for-Blender.git (scheduler.py:64)
2025-01-07 22:18:01,693 - SCHEDULER - INFO - Worker completed successfully for repo: https://github.com/Guzpenha/transformer_rankers.git (scheduler.py:75)
2025-01-07 22:18:01,693 - SCHEDULER - INFO - Progress: 968/5778 repositories scanned. (scheduler.py:96)
2025-01-07 22:18:01,693 - SCHEDULER - INFO - Starting worker for repo: https://github.com/H-K-Y/Genshin_Impact_bot.git (scheduler.py:64)
2025-01-07 22:18:02,664 - SCHEDULER - INFO - Worker completed successfully for repo: https://github.com/Gvgeo/Pivot-Painter-for-Blender.git (scheduler.py:75)
2025-01-07 22:18:02,664 - SCHEDULER - INFO - Progress: 969/5778 repositories scanned. (scheduler.py:96)
2025-01-07 22:18:02,664 - SCHEDULER - INFO - Starting worker for repo: https://github.com/H-Limbus/NoMoney.git (scheduler.py:64)
2025-01-07 22:18:12,045 - SCHEDULER - INFO - Worker completed successfully for repo: https://github.com/H-Limbus/NoMoney.git (scheduler.py:75)
2025-01-07 22:18:12,045 - SCHEDULER - INFO - Progress: 970/5778 repositories scanned. (scheduler.py:96)
2025-01-07 22:18:12,045 - SCHEDULER - INFO - Starting worker for repo: https://github.com/H-Liu1997/Pytorch-Networks.git (scheduler.py:64)
2025-01-07 22:18:13,030 - SCHEDULER - INFO - Worker completed successfully for repo: https://github.com/H-K-Y/Genshin_Impact_bot.git (scheduler.py:75)
2025-01-07 22:18:13,030 - SCHEDULER - INFO - Progress: 971/5778 repositories scanned. (scheduler.py:96)
2025-01-07 22:18:13,030 - SCHEDULER - INFO - Starting worker for repo: https://github.com/H-T-H/Gemini-Telegram-Bot.git (scheduler.py:64)
2025-01-07 22:18:21,410 - SCHEDULER - INFO - Worker completed successfully for repo: https://github.com/H-T-H/Gemini-Telegram-Bot.git (scheduler.py:75)
2025-01-07 22:18:21,410 - SCHEDULER - INFO - Progress: 972/5778 repositories scanned. (scheduler.py:96)
2025-01-07 22:18:21,410 - SCHEDULER - INFO - Starting worker for repo: https://github.com/H2Cyber/VolDiff.git (scheduler.py:64)
2025-01-07 22:18:27,388 - SCHEDULER - INFO - Worker completed successfully for repo: https://github.com/H-Liu1997/Pytorch-Networks.git (scheduler.py:75)
2025-01-07 22:18:27,388 - SCHEDULER - INFO - Progress: 973/5778 repositories scanned. (scheduler.py:96)
2025-01-07 22:18:27,388 - SCHEDULER - INFO - Starting worker for repo: https://github.com/H3cJP/AntiScam.git (scheduler.py:64)
2025-01-07 22:18:32,896 - SCHEDULER - INFO - Worker completed successfully for repo: https://github.com/H2Cyber/VolDiff.git (scheduler.py:75)
2025-01-07 22:18:32,897 - SCHEDULER - INFO - Progress: 974/5778 repositories scanned. (scheduler.py:96)
2025-01-07 22:18:32,897 - SCHEDULER - INFO - Starting worker for repo: https://github.com/H3inAK/fbhacker.git (scheduler.py:64)
2025-01-07 22:18:35,569 - SCHEDULER - INFO - Worker completed successfully for repo: https://github.com/H3cJP/AntiScam.git (scheduler.py:75)
2025-01-07 22:18:35,569 - SCHEDULER - INFO - Progress: 975/5778 repositories scanned. (scheduler.py:96)
2025-01-07 22:18:35,569 - SCHEDULER - INFO - Starting worker for repo: https://github.com/H3rmesk1t/Security-Learning.git (scheduler.py:64)
2025-01-07 22:18:40,429 - SCHEDULER - INFO - Worker completed successfully for repo: https://github.com/H3inAK/fbhacker.git (scheduler.py:75)
2025-01-07 22:18:40,429 - SCHEDULER - INFO - Progress: 976/5778 repositories scanned. (scheduler.py:96)
2025-01-07 22:18:40,429 - SCHEDULER - INFO - Starting worker for repo: https://github.com/H4CK3RT3CH/RedTeaming_CheatSheet.git (scheduler.py:64)
2025-01-07 22:18:48,008 - SCHEDULER - INFO - Worker completed successfully for repo: https://github.com/H4CK3RT3CH/RedTeaming_CheatSheet.git (scheduler.py:75)
2025-01-07 22:18:48,008 - SCHEDULER - INFO - Progress: 977/5778 repositories scanned. (scheduler.py:96)
2025-01-07 22:18:48,008 - SCHEDULER - INFO - Starting worker for repo: https://github.com/H4cK3dR4Du/Discord-Member-Booster.git (scheduler.py:64)
2025-01-07 22:18:48,172 - SCHEDULER - INFO - Worker completed successfully for repo: https://github.com/H4cK3dR4Du/Discord-Member-Booster.git (scheduler.py:75)
2025-01-07 22:18:48,172 - SCHEDULER - INFO - Progress: 978/5778 repositories scanned. (scheduler.py:96)
2025-01-07 22:18:48,172 - SCHEDULER - INFO - Starting worker for repo: https://github.com/H4cK3dR4Du/Spotify-Account-Generator.git (scheduler.py:64)
2025-01-07 22:18:48,336 - SCHEDULER - INFO - Worker completed successfully for repo: https://github.com/H4cK3dR4Du/Spotify-Account-Generator.git (scheduler.py:75)
2025-01-07 22:18:48,336 - SCHEDULER - INFO - Progress: 979/5778 repositories scanned. (scheduler.py:96)
2025-01-07 22:18:48,336 - SCHEDULER - INFO - Starting worker for repo: https://github.com/H4cK3dR4Du/Tiktok-Account-Massreport.git (scheduler.py:64)
2025-01-07 22:18:48,500 - SCHEDULER - INFO - Worker completed successfully for repo: https://github.com/H4cK3dR4Du/Tiktok-Account-Massreport.git (scheduler.py:75)
2025-01-07 22:18:48,500 - SCHEDULER - INFO - Progress: 980/5778 repositories scanned. (scheduler.py:96)
2025-01-07 22:18:48,500 - SCHEDULER - INFO - Starting worker for repo: https://github.com/HA-Bots/Auto-Filter-Bot.git (scheduler.py:64)
2025-01-07 22:18:56,524 - SCHEDULER - INFO - Worker completed successfully for repo: https://github.com/H3rmesk1t/Security-Learning.git (scheduler.py:75)
2025-01-07 22:18:56,524 - SCHEDULER - INFO - Progress: 981/5778 repositories scanned. (scheduler.py:96)
2025-01-07 22:18:56,524 - SCHEDULER - INFO - Starting worker for repo: https://github.com/HA6Bots/Automatic-Youtube-Reddit-Text-To-Speech-Video-Generator-and-Uploader.git (scheduler.py:64)
2025-01-07 22:18:59,584 - SCHEDULER - INFO - Worker completed successfully for repo: https://github.com/HA-Bots/Auto-Filter-Bot.git (scheduler.py:75)
2025-01-07 22:18:59,584 - SCHEDULER - INFO - Progress: 982/5778 repositories scanned. (scheduler.py:96)
2025-01-07 22:18:59,584 - SCHEDULER - INFO - Starting worker for repo: https://github.com/HA6Bots/TikTok-Compilation-Video-Generator.git (scheduler.py:64)
2025-01-07 22:19:07,360 - SCHEDULER - INFO - Worker completed successfully for repo: https://github.com/HA6Bots/Automatic-Youtube-Reddit-Text-To-Speech-Video-Generator-and-Uploader.git (scheduler.py:75)
2025-01-07 22:19:07,360 - SCHEDULER - INFO - Progress: 983/5778 repositories scanned. (scheduler.py:96)
2025-01-07 22:19:07,360 - SCHEDULER - INFO - Starting worker for repo: https://github.com/HA6Bots/Twitch-Clips-Compilation-Generator-TCCG-.git (scheduler.py:64)
2025-01-07 22:19:09,766 - SCHEDULER - INFO - Worker completed successfully for repo: https://github.com/HA6Bots/TikTok-Compilation-Video-Generator.git (scheduler.py:75)
2025-01-07 22:19:09,767 - SCHEDULER - INFO - Progress: 984/5778 repositories scanned. (scheduler.py:96)
2025-01-07 22:19:09,767 - SCHEDULER - INFO - Starting worker for repo: https://github.com/HACKE-RC/webdork.git (scheduler.py:64)
2025-01-07 22:19:17,544 - SCHEDULER - INFO - Worker completed successfully for repo: https://github.com/HA6Bots/Twitch-Clips-Compilation-Generator-TCCG-.git (scheduler.py:75)
2025-01-07 22:19:17,544 - SCHEDULER - INFO - Progress: 985/5778 repositories scanned. (scheduler.py:96)
2025-01-07 22:19:17,544 - SCHEDULER - INFO - Starting worker for repo: https://github.com/HACKER097/wisdom-tree.git (scheduler.py:64)
2025-01-07 22:19:18,245 - SCHEDULER - INFO - Worker completed successfully for repo: https://github.com/HACKE-RC/webdork.git (scheduler.py:75)
2025-01-07 22:19:18,245 - SCHEDULER - INFO - Progress: 986/5778 repositories scanned. (scheduler.py:96)
2025-01-07 22:19:18,245 - SCHEDULER - INFO - Starting worker for repo: https://github.com/HAHA-DL/MLDG.git (scheduler.py:64)
2025-01-07 22:19:27,176 - SCHEDULER - INFO - Worker completed successfully for repo: https://github.com/HACKER097/wisdom-tree.git (scheduler.py:75)
2025-01-07 22:19:27,177 - SCHEDULER - INFO - Progress: 987/5778 repositories scanned. (scheduler.py:96)
2025-01-07 22:19:27,177 - SCHEDULER - INFO - Starting worker for repo: https://github.com/HAKSOAT/EpubToPdf.git (scheduler.py:64)
2025-01-07 22:19:27,927 - SCHEDULER - INFO - Worker completed successfully for repo: https://github.com/HAHA-DL/MLDG.git (scheduler.py:75)
2025-01-07 22:19:27,928 - SCHEDULER - INFO - Progress: 988/5778 repositories scanned. (scheduler.py:96)
2025-01-07 22:19:27,928 - SCHEDULER - INFO - Starting worker for repo: https://github.com/HAL-42/AlchemyCat.git (scheduler.py:64)
2025-01-07 22:19:35,757 - SCHEDULER - INFO - Worker completed successfully for repo: https://github.com/HAKSOAT/EpubToPdf.git (scheduler.py:75)
2025-01-07 22:19:35,757 - SCHEDULER - INFO - Progress: 989/5778 repositories scanned. (scheduler.py:96)
2025-01-07 22:19:35,757 - SCHEDULER - INFO - Starting worker for repo: https://github.com/HASecuritySolutions/Logstash.git (scheduler.py:64)
2025-01-07 22:19:43,422 - SCHEDULER - INFO - Worker completed successfully for repo: https://github.com/HAL-42/AlchemyCat.git (scheduler.py:75)
2025-01-07 22:19:43,423 - SCHEDULER - INFO - Progress: 990/5778 repositories scanned. (scheduler.py:96)
2025-01-07 22:19:43,423 - SCHEDULER - INFO - Starting worker for repo: https://github.com/HATTER-LONG/Verbiverse.git (scheduler.py:64)
2025-01-07 22:19:44,640 - SCHEDULER - INFO - Worker completed successfully for repo: https://github.com/HASecuritySolutions/Logstash.git (scheduler.py:75)
2025-01-07 22:19:44,640 - SCHEDULER - INFO - Progress: 991/5778 repositories scanned. (scheduler.py:96)
2025-01-07 22:19:44,640 - SCHEDULER - INFO - Starting worker for repo: https://github.com/HC-Guo/OWL.git (scheduler.py:64)
2025-01-07 22:19:54,331 - SCHEDULER - INFO - Worker completed successfully for repo: https://github.com/HC-Guo/OWL.git (scheduler.py:75)
2025-01-07 22:19:54,331 - SCHEDULER - INFO - Progress: 992/5778 repositories scanned. (scheduler.py:96)
2025-01-07 22:19:54,331 - SCHEDULER - INFO - Starting worker for repo: https://github.com/HC133/Pummel.git (scheduler.py:64)
2025-01-07 22:20:02,316 - SCHEDULER - INFO - Worker completed successfully for repo: https://github.com/HC133/Pummel.git (scheduler.py:75)
2025-01-07 22:20:02,317 - SCHEDULER - INFO - Progress: 993/5778 repositories scanned. (scheduler.py:96)
2025-01-07 22:20:02,317 - SCHEDULER - INFO - Starting worker for repo: https://github.com/HCIILAB/DeRPN.git (scheduler.py:64)
2025-01-07 22:20:11,599 - SCHEDULER - INFO - Worker completed successfully for repo: https://github.com/HATTER-LONG/Verbiverse.git (scheduler.py:75)
2025-01-07 22:20:11,599 - SCHEDULER - INFO - Progress: 994/5778 repositories scanned. (scheduler.py:96)
2025-01-07 22:20:11,600 - SCHEDULER - INFO - Starting worker for repo: https://github.com/HCIILAB/SCUT-FBP5500-Database-Release.git (scheduler.py:64)
2025-01-07 22:20:16,208 - SCHEDULER - INFO - Worker completed successfully for repo: https://github.com/HCIILAB/DeRPN.git (scheduler.py:75)
2025-01-07 22:20:16,209 - SCHEDULER - INFO - Progress: 995/5778 repositories scanned. (scheduler.py:96)
2025-01-07 22:20:16,209 - SCHEDULER - INFO - Starting worker for repo: https://github.com/HCIILAB/Scene-Text-Recognition-Recommendations.git (scheduler.py:64)
2025-01-07 22:20:19,778 - SCHEDULER - INFO - Worker completed successfully for repo: https://github.com/HCIILAB/SCUT-FBP5500-Database-Release.git (scheduler.py:75)
2025-01-07 22:20:19,778 - SCHEDULER - INFO - Progress: 996/5778 repositories scanned. (scheduler.py:96)
2025-01-07 22:20:19,778 - SCHEDULER - INFO - Starting worker for repo: https://github.com/HCIILAB/Scene-Text-Removal.git (scheduler.py:64)
2025-01-07 22:20:25,993 - SCHEDULER - INFO - Worker completed successfully for repo: https://github.com/HCIILAB/Scene-Text-Recognition-Recommendations.git (scheduler.py:75)
2025-01-07 22:20:25,993 - SCHEDULER - INFO - Progress: 997/5778 repositories scanned. (scheduler.py:96)
2025-01-07 22:20:25,993 - SCHEDULER - INFO - Starting worker for repo: https://github.com/HCPLab-SYSU/CD-FER-Benchmark.git (scheduler.py:64)
2025-01-07 22:20:28,766 - SCHEDULER - INFO - Worker completed successfully for repo: https://github.com/HCIILAB/Scene-Text-Removal.git (scheduler.py:75)
2025-01-07 22:20:28,766 - SCHEDULER - INFO - Progress: 998/5778 repositories scanned. (scheduler.py:96)
2025-01-07 22:20:28,767 - SCHEDULER - INFO - Starting worker for repo: https://github.com/HCPLab-SYSU/SSGRL.git (scheduler.py:64)
2025-01-07 22:20:38,050 - SCHEDULER - INFO - Worker completed successfully for repo: https://github.com/HCPLab-SYSU/SSGRL.git (scheduler.py:75)
2025-01-07 22:20:38,050 - SCHEDULER - INFO - Progress: 999/5778 repositories scanned. (scheduler.py:96)
2025-01-07 22:20:38,050 - SCHEDULER - INFO - Starting worker for repo: https://github.com/HDE/python-lambda-local.git (scheduler.py:64)
2025-01-07 22:20:42,488 - SCHEDULER - INFO - Worker completed successfully for repo: https://github.com/HCPLab-SYSU/CD-FER-Benchmark.git (scheduler.py:75)
2025-01-07 22:20:42,488 - SCHEDULER - INFO - Progress: 1000/5778 repositories scanned. (scheduler.py:96)
2025-01-07 22:20:42,488 - SCHEDULER - INFO - Starting worker for repo: https://github.com/HDETR/H-Deformable-DETR.git (scheduler.py:64)
2025-01-07 22:20:46,381 - SCHEDULER - INFO - Worker completed successfully for repo: https://github.com/HDE/python-lambda-local.git (scheduler.py:75)
2025-01-07 22:20:46,381 - SCHEDULER - INFO - Progress: 1001/5778 repositories scanned. (scheduler.py:96)
2025-01-07 22:20:46,382 - SCHEDULER - INFO - Starting worker for repo: https://github.com/HDFGroup/h5pyd.git (scheduler.py:64)
2025-01-07 22:20:53,279 - SCHEDULER - INFO - Worker completed successfully for repo: https://github.com/HDETR/H-Deformable-DETR.git (scheduler.py:75)
2025-01-07 22:20:53,279 - SCHEDULER - INFO - Progress: 1002/5778 repositories scanned. (scheduler.py:96)
2025-01-07 22:20:53,279 - SCHEDULER - INFO - Starting worker for repo: https://github.com/HDFGroup/hsds.git (scheduler.py:64)
2025-01-07 22:21:04,346 - SCHEDULER - INFO - Worker completed successfully for repo: https://github.com/HDFGroup/h5pyd.git (scheduler.py:75)
2025-01-07 22:21:04,346 - SCHEDULER - INFO - Progress: 1003/5778 repositories scanned. (scheduler.py:96)
2025-01-07 22:21:04,346 - SCHEDULER - INFO - Starting worker for repo: https://github.com/HDI-Project/ATM.git (scheduler.py:64)
2025-01-07 22:21:14,087 - SCHEDULER - INFO - Worker completed successfully for repo: https://github.com/HDI-Project/ATM.git (scheduler.py:75)
2025-01-07 22:21:14,087 - SCHEDULER - INFO - Progress: 1004/5778 repositories scanned. (scheduler.py:96)
2025-01-07 22:21:14,087 - SCHEDULER - INFO - Starting worker for repo: https://github.com/HEAVYPOLY/HEAVYPOLY_Blender.git (scheduler.py:64)
2025-01-07 22:21:19,052 - SCHEDULER - INFO - Worker completed successfully for repo: https://github.com/HDFGroup/hsds.git (scheduler.py:75)
2025-01-07 22:21:19,052 - SCHEDULER - INFO - Progress: 1005/5778 repositories scanned. (scheduler.py:96)
2025-01-07 22:21:19,052 - SCHEDULER - INFO - Starting worker for repo: https://github.com/HENNGE/arsenic.git (scheduler.py:64)
2025-01-07 22:21:25,325 - SCHEDULER - INFO - Worker completed successfully for repo: https://github.com/HEAVYPOLY/HEAVYPOLY_Blender.git (scheduler.py:75)
2025-01-07 22:21:25,325 - SCHEDULER - INFO - Progress: 1006/5778 repositories scanned. (scheduler.py:96)
2025-01-07 22:21:25,325 - SCHEDULER - INFO - Starting worker for repo: https://github.com/HEmile/storchastic.git (scheduler.py:64)
2025-01-07 22:21:28,636 - SCHEDULER - INFO - Worker completed successfully for repo: https://github.com/HENNGE/arsenic.git (scheduler.py:75)
2025-01-07 22:21:28,636 - SCHEDULER - INFO - Progress: 1007/5778 repositories scanned. (scheduler.py:96)
2025-01-07 22:21:28,636 - SCHEDULER - INFO - Starting worker for repo: https://github.com/HFAiLab/OpenCastKit.git (scheduler.py:64)
2025-01-07 22:21:37,010 - SCHEDULER - INFO - Worker completed successfully for repo: https://github.com/HEmile/storchastic.git (scheduler.py:75)
2025-01-07 22:21:37,010 - SCHEDULER - INFO - Progress: 1008/5778 repositories scanned. (scheduler.py:96)
2025-01-07 22:21:37,010 - SCHEDULER - INFO - Starting worker for repo: https://github.com/HFAiLab/clip-gen.git (scheduler.py:64)
2025-01-07 22:21:37,967 - SCHEDULER - INFO - Worker completed successfully for repo: https://github.com/HFAiLab/OpenCastKit.git (scheduler.py:75)
2025-01-07 22:21:37,967 - SCHEDULER - INFO - Progress: 1009/5778 repositories scanned. (scheduler.py:96)
2025-01-07 22:21:37,967 - SCHEDULER - INFO - Starting worker for repo: https://github.com/HFAiLab/ffrecord.git (scheduler.py:64)
2025-01-07 22:21:47,646 - SCHEDULER - INFO - Worker completed successfully for repo: https://github.com/HFAiLab/clip-gen.git (scheduler.py:75)
2025-01-07 22:21:47,646 - SCHEDULER - INFO - Progress: 1010/5778 repositories scanned. (scheduler.py:96)
2025-01-07 22:21:47,646 - SCHEDULER - INFO - Starting worker for repo: https://github.com/HFAiLab/hai-platform.git (scheduler.py:64)
2025-01-07 22:21:48,301 - SCHEDULER - INFO - Worker completed successfully for repo: https://github.com/HFAiLab/ffrecord.git (scheduler.py:75)
2025-01-07 22:21:48,301 - SCHEDULER - INFO - Progress: 1011/5778 repositories scanned. (scheduler.py:96)
2025-01-07 22:21:48,301 - SCHEDULER - INFO - Starting worker for repo: https://github.com/HG-ha/ICP_Query.git (scheduler.py:64)
2025-01-07 22:21:57,933 - SCHEDULER - INFO - Worker completed successfully for repo: https://github.com/HG-ha/ICP_Query.git (scheduler.py:75)
2025-01-07 22:21:57,933 - SCHEDULER - INFO - Progress: 1012/5778 repositories scanned. (scheduler.py:96)
2025-01-07 22:21:57,933 - SCHEDULER - INFO - Starting worker for repo: https://github.com/HGU-DLLAB/Korean-FastSpeech2-Pytorch.git (scheduler.py:64)
2025-01-07 22:22:05,497 - SCHEDULER - INFO - Worker completed successfully for repo: https://github.com/HFAiLab/hai-platform.git (scheduler.py:75)
2025-01-07 22:22:05,497 - SCHEDULER - INFO - Progress: 1013/5778 repositories scanned. (scheduler.py:96)
2025-01-07 22:22:05,497 - SCHEDULER - INFO - Starting worker for repo: https://github.com/HGX-Team/hypergraphx.git (scheduler.py:64)
2025-01-07 22:22:07,421 - SCHEDULER - INFO - Worker completed successfully for repo: https://github.com/HGU-DLLAB/Korean-FastSpeech2-Pytorch.git (scheduler.py:75)
2025-01-07 22:22:07,421 - SCHEDULER - INFO - Progress: 1014/5778 repositories scanned. (scheduler.py:96)
2025-01-07 22:22:07,421 - SCHEDULER - INFO - Starting worker for repo: https://github.com/HHammond/PrettyPandas.git (scheduler.py:64)
2025-01-07 22:22:16,455 - SCHEDULER - INFO - Worker completed successfully for repo: https://github.com/HHammond/PrettyPandas.git (scheduler.py:75)
2025-01-07 22:22:16,455 - SCHEDULER - INFO - Progress: 1015/5778 repositories scanned. (scheduler.py:96)
2025-01-07 22:22:16,455 - SCHEDULER - INFO - Starting worker for repo: https://github.com/HHousen/TransformerSum.git (scheduler.py:64)
2025-01-07 22:22:19,590 - SCHEDULER - INFO - Worker completed successfully for repo: https://github.com/HGX-Team/hypergraphx.git (scheduler.py:75)
2025-01-07 22:22:19,590 - SCHEDULER - INFO - Progress: 1016/5778 repositories scanned. (scheduler.py:96)
2025-01-07 22:22:19,590 - SCHEDULER - INFO - Starting worker for repo: https://github.com/HICAI-ZJU/KANO.git (scheduler.py:64)
2025-01-07 22:22:26,995 - SCHEDULER - INFO - Worker completed successfully for repo: https://github.com/HHousen/TransformerSum.git (scheduler.py:75)
2025-01-07 22:22:26,995 - SCHEDULER - INFO - Progress: 1017/5778 repositories scanned. (scheduler.py:96)
2025-01-07 22:22:26,995 - SCHEDULER - INFO - Starting worker for repo: https://github.com/HIPS/hypergrad.git (scheduler.py:64)
2025-01-07 22:22:31,330 - SCHEDULER - INFO - Worker completed successfully for repo: https://github.com/HICAI-ZJU/KANO.git (scheduler.py:75)
2025-01-07 22:22:31,330 - SCHEDULER - INFO - Progress: 1018/5778 repositories scanned. (scheduler.py:96)
2025-01-07 22:22:31,330 - SCHEDULER - INFO - Starting worker for repo: https://github.com/HIPS/molecule-autoencoder.git (scheduler.py:64)
2025-01-07 22:22:40,866 - SCHEDULER - INFO - Worker completed successfully for repo: https://github.com/HIPS/molecule-autoencoder.git (scheduler.py:75)
2025-01-07 22:22:40,866 - SCHEDULER - INFO - Progress: 1019/5778 repositories scanned. (scheduler.py:96)
2025-01-07 22:22:40,866 - SCHEDULER - INFO - Starting worker for repo: https://github.com/HIT-Alibaba/HIT_Compiler_Experiment.git (scheduler.py:64)
2025-01-07 22:22:44,495 - SCHEDULER - INFO - Worker completed successfully for repo: https://github.com/HIPS/hypergrad.git (scheduler.py:75)
2025-01-07 22:22:44,496 - SCHEDULER - INFO - Progress: 1020/5778 repositories scanned. (scheduler.py:96)
2025-01-07 22:22:44,496 - SCHEDULER - INFO - Starting worker for repo: https://github.com/HIT-SCIR-SC/QiaoBan.git (scheduler.py:64)
2025-01-07 22:22:49,248 - SCHEDULER - INFO - Worker completed successfully for repo: https://github.com/HIT-Alibaba/HIT_Compiler_Experiment.git (scheduler.py:75)
2025-01-07 22:22:49,249 - SCHEDULER - INFO - Progress: 1021/5778 repositories scanned. (scheduler.py:96)
2025-01-07 22:22:49,249 - SCHEDULER - INFO - Starting worker for repo: https://github.com/HIT-SCIR/Chinese-Mixtral-8x7B.git (scheduler.py:64)
2025-01-07 22:22:53,279 - SCHEDULER - INFO - Worker completed successfully for repo: https://github.com/HIT-SCIR-SC/QiaoBan.git (scheduler.py:75)
2025-01-07 22:22:53,279 - SCHEDULER - INFO - Progress: 1022/5778 repositories scanned. (scheduler.py:96)
2025-01-07 22:22:53,280 - SCHEDULER - INFO - Starting worker for repo: https://github.com/HIT-SCIR/SemEval-2016.git (scheduler.py:64)
2025-01-07 22:22:58,029 - SCHEDULER - INFO - Worker completed successfully for repo: https://github.com/HIT-SCIR/Chinese-Mixtral-8x7B.git (scheduler.py:75)
2025-01-07 22:22:58,029 - SCHEDULER - INFO - Progress: 1023/5778 repositories scanned. (scheduler.py:96)
2025-01-07 22:22:58,029 - SCHEDULER - INFO - Starting worker for repo: https://github.com/HIT-SCIR/huozi.git (scheduler.py:64)
2025-01-07 22:23:02,510 - SCHEDULER - INFO - Worker completed successfully for repo: https://github.com/HIT-SCIR/SemEval-2016.git (scheduler.py:75)
2025-01-07 22:23:02,510 - SCHEDULER - INFO - Progress: 1024/5778 repositories scanned. (scheduler.py:96)
2025-01-07 22:23:02,510 - SCHEDULER - INFO - Starting worker for repo: https://github.com/HIT-SCIR/plm-nlp-code.git (scheduler.py:64)
2025-01-07 22:23:06,712 - SCHEDULER - INFO - Worker completed successfully for repo: https://github.com/HIT-SCIR/huozi.git (scheduler.py:75)
2025-01-07 22:23:06,712 - SCHEDULER - INFO - Progress: 1025/5778 repositories scanned. (scheduler.py:96)
2025-01-07 22:23:06,713 - SCHEDULER - INFO - Starting worker for repo: https://github.com/HITFRobot/happy-spiders.git (scheduler.py:64)
2025-01-07 22:23:13,143 - SCHEDULER - INFO - Worker completed successfully for repo: https://github.com/HIT-SCIR/plm-nlp-code.git (scheduler.py:75)
2025-01-07 22:23:13,143 - SCHEDULER - INFO - Progress: 1026/5778 repositories scanned. (scheduler.py:96)
2025-01-07 22:23:13,143 - SCHEDULER - INFO - Starting worker for repo: https://github.com/HITsz-TMG/UMOE-Scaling-Unified-Multimodal-LLMs.git (scheduler.py:64)
2025-01-07 22:23:18,604 - SCHEDULER - INFO - Worker completed successfully for repo: https://github.com/HITFRobot/happy-spiders.git (scheduler.py:75)
2025-01-07 22:23:18,604 - SCHEDULER - INFO - Progress: 1027/5778 repositories scanned. (scheduler.py:96)
2025-01-07 22:23:18,604 - SCHEDULER - INFO - Starting worker for repo: https://github.com/HJ-harry/DiffusionMBIR.git (scheduler.py:64)
2025-01-07 22:23:30,043 - SCHEDULER - INFO - Worker completed successfully for repo: https://github.com/HJ-harry/DiffusionMBIR.git (scheduler.py:75)
2025-01-07 22:23:30,043 - SCHEDULER - INFO - Progress: 1028/5778 repositories scanned. (scheduler.py:96)
2025-01-07 22:23:30,043 - SCHEDULER - INFO - Starting worker for repo: https://github.com/HJ-harry/MCG_diffusion.git (scheduler.py:64)
2025-01-07 22:23:30,746 - SCHEDULER - INFO - Worker completed successfully for repo: https://github.com/HITsz-TMG/UMOE-Scaling-Unified-Multimodal-LLMs.git (scheduler.py:75)
2025-01-07 22:23:30,746 - SCHEDULER - INFO - Progress: 1029/5778 repositories scanned. (scheduler.py:96)
2025-01-07 22:23:30,746 - SCHEDULER - INFO - Starting worker for repo: https://github.com/HJ-harry/score-MRI.git (scheduler.py:64)
2025-01-07 22:23:41,633 - SCHEDULER - INFO - Worker completed successfully for repo: https://github.com/HJ-harry/score-MRI.git (scheduler.py:75)
2025-01-07 22:23:41,633 - SCHEDULER - INFO - Progress: 1030/5778 repositories scanned. (scheduler.py:96)
2025-01-07 22:23:41,633 - SCHEDULER - INFO - Starting worker for repo: https://github.com/HJYao00/DenseConnector.git (scheduler.py:64)
2025-01-07 22:23:42,284 - SCHEDULER - INFO - Worker completed successfully for repo: https://github.com/HJ-harry/MCG_diffusion.git (scheduler.py:75)
2025-01-07 22:23:42,285 - SCHEDULER - INFO - Progress: 1031/5778 repositories scanned. (scheduler.py:96)
2025-01-07 22:23:42,285 - SCHEDULER - INFO - Starting worker for repo: https://github.com/HK-SHAO/RayTracingPBR.git (scheduler.py:64)
2025-01-07 22:23:54,624 - SCHEDULER - INFO - Worker completed successfully for repo: https://github.com/HJYao00/DenseConnector.git (scheduler.py:75)
2025-01-07 22:23:54,625 - SCHEDULER - INFO - Progress: 1032/5778 repositories scanned. (scheduler.py:96)
2025-01-07 22:23:54,625 - SCHEDULER - INFO - Starting worker for repo: https://github.com/HKBU-HPML/FADNet.git (scheduler.py:64)
2025-01-07 22:23:56,077 - SCHEDULER - INFO - Worker completed successfully for repo: https://github.com/HK-SHAO/RayTracingPBR.git (scheduler.py:75)
2025-01-07 22:23:56,078 - SCHEDULER - INFO - Progress: 1033/5778 repositories scanned. (scheduler.py:96)
2025-01-07 22:23:56,078 - SCHEDULER - INFO - Starting worker for repo: https://github.com/HKEcho5213/HKEcho_Nacos.git (scheduler.py:64)
2025-01-07 22:24:06,361 - SCHEDULER - INFO - Worker completed successfully for repo: https://github.com/HKEcho5213/HKEcho_Nacos.git (scheduler.py:75)
2025-01-07 22:24:06,361 - SCHEDULER - INFO - Progress: 1034/5778 repositories scanned. (scheduler.py:96)
2025-01-07 22:24:06,361 - SCHEDULER - INFO - Starting worker for repo: https://github.com/HKSSY/Drone-Hacking-Tool.git (scheduler.py:64)
2025-01-07 22:24:07,313 - SCHEDULER - INFO - Worker completed successfully for repo: https://github.com/HKBU-HPML/FADNet.git (scheduler.py:75)
2025-01-07 22:24:07,313 - SCHEDULER - INFO - Progress: 1035/5778 repositories scanned. (scheduler.py:96)
2025-01-07 22:24:07,313 - SCHEDULER - INFO - Starting worker for repo: https://github.com/HKU-BAL/Clair.git (scheduler.py:64)
2025-01-07 22:24:18,153 - SCHEDULER - INFO - Worker completed successfully for repo: https://github.com/HKSSY/Drone-Hacking-Tool.git (scheduler.py:75)
2025-01-07 22:24:18,153 - SCHEDULER - INFO - Progress: 1036/5778 repositories scanned. (scheduler.py:96)
2025-01-07 22:24:18,153 - SCHEDULER - INFO - Starting worker for repo: https://github.com/HKU-BAL/Clair3.git (scheduler.py:64)
2025-01-07 22:24:18,852 - SCHEDULER - INFO - Worker completed successfully for repo: https://github.com/HKU-BAL/Clair.git (scheduler.py:75)
2025-01-07 22:24:18,852 - SCHEDULER - INFO - Progress: 1037/5778 repositories scanned. (scheduler.py:96)
2025-01-07 22:24:18,852 - SCHEDULER - INFO - Starting worker for repo: https://github.com/HKU-MedAI/EndoGS.git (scheduler.py:64)
2025-01-07 22:24:28,988 - SCHEDULER - INFO - Worker completed successfully for repo: https://github.com/HKU-MedAI/EndoGS.git (scheduler.py:75)
2025-01-07 22:24:28,988 - SCHEDULER - INFO - Progress: 1038/5778 repositories scanned. (scheduler.py:96)
2025-01-07 22:24:28,988 - SCHEDULER - INFO - Starting worker for repo: https://github.com/HKUDS/AnyGraph.git (scheduler.py:64)
2025-01-07 22:24:32,896 - SCHEDULER - INFO - Worker completed successfully for repo: https://github.com/HKU-BAL/Clair3.git (scheduler.py:75)
2025-01-07 22:24:32,896 - SCHEDULER - INFO - Progress: 1039/5778 repositories scanned. (scheduler.py:96)
2025-01-07 22:24:32,896 - SCHEDULER - INFO - Starting worker for repo: https://github.com/HKUDS/EasyRec.git (scheduler.py:64)
2025-01-07 22:24:39,827 - SCHEDULER - INFO - Worker completed successfully for repo: https://github.com/HKUDS/AnyGraph.git (scheduler.py:75)
2025-01-07 22:24:39,827 - SCHEDULER - INFO - Progress: 1040/5778 repositories scanned. (scheduler.py:96)
2025-01-07 22:24:39,827 - SCHEDULER - INFO - Starting worker for repo: https://github.com/HKUDS/GraphEdit.git (scheduler.py:64)
2025-01-07 22:24:42,985 - SCHEDULER - INFO - Worker completed successfully for repo: https://github.com/HKUDS/EasyRec.git (scheduler.py:75)
2025-01-07 22:24:42,986 - SCHEDULER - INFO - Progress: 1041/5778 repositories scanned. (scheduler.py:96)
2025-01-07 22:24:42,986 - SCHEDULER - INFO - Starting worker for repo: https://github.com/HKUDS/GraphGPT.git (scheduler.py:64)
2025-01-07 22:24:53,120 - SCHEDULER - INFO - Worker completed successfully for repo: https://github.com/HKUDS/GraphEdit.git (scheduler.py:75)
2025-01-07 22:24:53,120 - SCHEDULER - INFO - Progress: 1042/5778 repositories scanned. (scheduler.py:96)
2025-01-07 22:24:53,120 - SCHEDULER - INFO - Starting worker for repo: https://github.com/HKUDS/HGCL.git (scheduler.py:64)
2025-01-07 22:24:56,377 - SCHEDULER - INFO - Worker completed successfully for repo: https://github.com/HKUDS/GraphGPT.git (scheduler.py:75)
2025-01-07 22:24:56,377 - SCHEDULER - INFO - Progress: 1043/5778 repositories scanned. (scheduler.py:96)
2025-01-07 22:24:56,377 - SCHEDULER - INFO - Starting worker for repo: https://github.com/HKUDS/HiGPT.git (scheduler.py:64)
2025-01-07 22:25:03,557 - SCHEDULER - INFO - Worker completed successfully for repo: https://github.com/HKUDS/HGCL.git (scheduler.py:75)
2025-01-07 22:25:03,557 - SCHEDULER - INFO - Progress: 1044/5778 repositories scanned. (scheduler.py:96)
2025-01-07 22:25:03,557 - SCHEDULER - INFO - Starting worker for repo: https://github.com/HKUDS/LLMRec.git (scheduler.py:64)
2025-01-07 22:25:11,426 - SCHEDULER - INFO - Worker completed successfully for repo: https://github.com/HKUDS/HiGPT.git (scheduler.py:75)
2025-01-07 22:25:11,426 - SCHEDULER - INFO - Progress: 1045/5778 repositories scanned. (scheduler.py:96)
2025-01-07 22:25:11,426 - SCHEDULER - INFO - Starting worker for repo: https://github.com/HKUDS/LightGCL.git (scheduler.py:64)
2025-01-07 22:25:13,792 - SCHEDULER - INFO - Worker completed successfully for repo: https://github.com/HKUDS/LLMRec.git (scheduler.py:75)
2025-01-07 22:25:13,792 - SCHEDULER - INFO - Progress: 1046/5778 repositories scanned. (scheduler.py:96)
2025-01-07 22:25:13,792 - SCHEDULER - INFO - Starting worker for repo: https://github.com/HKUDS/MMSSL.git (scheduler.py:64)
2025-01-07 22:25:21,113 - SCHEDULER - INFO - Worker completed successfully for repo: https://github.com/HKUDS/LightGCL.git (scheduler.py:75)
2025-01-07 22:25:21,113 - SCHEDULER - INFO - Progress: 1047/5778 repositories scanned. (scheduler.py:96)
2025-01-07 22:25:21,113 - SCHEDULER - INFO - Starting worker for repo: https://github.com/HKUDS/OpenGraph.git (scheduler.py:64)
2025-01-07 22:25:24,280 - SCHEDULER - INFO - Worker completed successfully for repo: https://github.com/HKUDS/MMSSL.git (scheduler.py:75)
2025-01-07 22:25:24,280 - SCHEDULER - INFO - Progress: 1048/5778 repositories scanned. (scheduler.py:96)
2025-01-07 22:25:24,280 - SCHEDULER - INFO - Starting worker for repo: https://github.com/HKUDS/RLMRec.git (scheduler.py:64)
2025-01-07 22:25:31,847 - SCHEDULER - INFO - Worker completed successfully for repo: https://github.com/HKUDS/OpenGraph.git (scheduler.py:75)
2025-01-07 22:25:31,847 - SCHEDULER - INFO - Progress: 1049/5778 repositories scanned. (scheduler.py:96)
2025-01-07 22:25:31,847 - SCHEDULER - INFO - Starting worker for repo: https://github.com/HKUDS/SSLRec.git (scheduler.py:64)
2025-01-07 22:25:38,373 - SCHEDULER - INFO - Worker completed successfully for repo: https://github.com/HKUDS/RLMRec.git (scheduler.py:75)
2025-01-07 22:25:38,373 - SCHEDULER - INFO - Progress: 1050/5778 repositories scanned. (scheduler.py:96)
2025-01-07 22:25:38,373 - SCHEDULER - INFO - Starting worker for repo: https://github.com/HKUDS/UrbanGPT.git (scheduler.py:64)
2025-01-07 22:25:47,594 - SCHEDULER - INFO - Worker completed successfully for repo: https://github.com/HKUDS/SSLRec.git (scheduler.py:75)
2025-01-07 22:25:47,594 - SCHEDULER - INFO - Progress: 1051/5778 repositories scanned. (scheduler.py:96)
2025-01-07 22:25:47,594 - SCHEDULER - INFO - Starting worker for repo: https://github.com/HKUDS/XRec.git (scheduler.py:64)
2025-01-07 22:25:51,515 - SCHEDULER - INFO - Worker completed successfully for repo: https://github.com/HKUDS/UrbanGPT.git (scheduler.py:75)
2025-01-07 22:25:51,516 - SCHEDULER - INFO - Progress: 1052/5778 repositories scanned. (scheduler.py:96)
2025-01-07 22:25:51,516 - SCHEDULER - INFO - Starting worker for repo: https://github.com/HKUNLP/ChunkLlama.git (scheduler.py:64)
2025-01-07 22:26:05,550 - SCHEDULER - INFO - Worker completed successfully for repo: https://github.com/HKUDS/XRec.git (scheduler.py:75)
2025-01-07 22:26:05,550 - SCHEDULER - INFO - Progress: 1053/5778 repositories scanned. (scheduler.py:96)
2025-01-07 22:26:05,550 - SCHEDULER - INFO - Starting worker for repo: https://github.com/HKUNLP/HumanPrompt.git (scheduler.py:64)
2025-01-07 22:26:15,634 - SCHEDULER - INFO - Worker completed successfully for repo: https://github.com/HKUNLP/HumanPrompt.git (scheduler.py:75)
2025-01-07 22:26:15,634 - SCHEDULER - INFO - Progress: 1054/5778 repositories scanned. (scheduler.py:96)
2025-01-07 22:26:15,635 - SCHEDULER - INFO - Starting worker for repo: https://github.com/HKUST-3DV/DIM-SLAM.git (scheduler.py:64)
2025-01-07 22:26:21,746 - SCHEDULER - INFO - Worker completed successfully for repo: https://github.com/HKUNLP/ChunkLlama.git (scheduler.py:75)
2025-01-07 22:26:21,746 - SCHEDULER - INFO - Progress: 1055/5778 repositories scanned. (scheduler.py:96)
2025-01-07 22:26:21,746 - SCHEDULER - INFO - Starting worker for repo: https://github.com/HKUST-Aerial-Robotics/DSP.git (scheduler.py:64)
2025-01-07 22:26:25,066 - SCHEDULER - INFO - Worker completed successfully for repo: https://github.com/HKUST-3DV/DIM-SLAM.git (scheduler.py:75)
2025-01-07 22:26:25,067 - SCHEDULER - INFO - Progress: 1056/5778 repositories scanned. (scheduler.py:96)
2025-01-07 22:26:25,067 - SCHEDULER - INFO - Starting worker for repo: https://github.com/HKUST-Aerial-Robotics/Flow-Motion-Depth.git (scheduler.py:64)
2025-01-07 22:26:31,879 - SCHEDULER - INFO - Worker completed successfully for repo: https://github.com/HKUST-Aerial-Robotics/DSP.git (scheduler.py:75)
2025-01-07 22:26:31,880 - SCHEDULER - INFO - Progress: 1057/5778 repositories scanned. (scheduler.py:96)
2025-01-07 22:26:31,880 - SCHEDULER - INFO - Starting worker for repo: https://github.com/HKUST-Aerial-Robotics/MIND.git (scheduler.py:64)
2025-01-07 22:26:34,398 - SCHEDULER - INFO - Worker completed successfully for repo: https://github.com/HKUST-Aerial-Robotics/Flow-Motion-Depth.git (scheduler.py:75)
2025-01-07 22:26:34,398 - SCHEDULER - INFO - Progress: 1058/5778 repositories scanned. (scheduler.py:96)
2025-01-07 22:26:34,398 - SCHEDULER - INFO - Starting worker for repo: https://github.com/HKUST-Aerial-Robotics/MVDepthNet.git (scheduler.py:64)
2025-01-07 22:26:43,428 - SCHEDULER - INFO - Worker completed successfully for repo: https://github.com/HKUST-Aerial-Robotics/MVDepthNet.git (scheduler.py:75)
2025-01-07 22:26:43,428 - SCHEDULER - INFO - Progress: 1059/5778 repositories scanned. (scheduler.py:96)
2025-01-07 22:26:43,428 - SCHEDULER - INFO - Starting worker for repo: https://github.com/HKUST-Aerial-Robotics/MonoLaneMapping.git (scheduler.py:64)
2025-01-07 22:26:44,921 - SCHEDULER - INFO - Worker completed successfully for repo: https://github.com/HKUST-Aerial-Robotics/MIND.git (scheduler.py:75)
2025-01-07 22:26:44,921 - SCHEDULER - INFO - Progress: 1060/5778 repositories scanned. (scheduler.py:96)
2025-01-07 22:26:44,921 - SCHEDULER - INFO - Starting worker for repo: https://github.com/HKUST-Aerial-Robotics/SIMPL.git (scheduler.py:64)
2025-01-07 22:26:55,069 - SCHEDULER - INFO - Worker completed successfully for repo: https://github.com/HKUST-Aerial-Robotics/MonoLaneMapping.git (scheduler.py:75)
2025-01-07 22:26:55,070 - SCHEDULER - INFO - Progress: 1061/5778 repositories scanned. (scheduler.py:96)
2025-01-07 22:26:55,070 - SCHEDULER - INFO - Starting worker for repo: https://github.com/HKUST-Aerial-Robotics/Stereo-RCNN.git (scheduler.py:64)
2025-01-07 22:26:56,758 - SCHEDULER - INFO - Worker completed successfully for repo: https://github.com/HKUST-Aerial-Robotics/SIMPL.git (scheduler.py:75)
2025-01-07 22:26:56,758 - SCHEDULER - INFO - Progress: 1062/5778 repositories scanned. (scheduler.py:96)
2025-01-07 22:26:56,758 - SCHEDULER - INFO - Starting worker for repo: https://github.com/HKUST-KnowComp/ASER.git (scheduler.py:64)
2025-01-07 22:27:06,459 - SCHEDULER - INFO - Worker completed successfully for repo: https://github.com/HKUST-Aerial-Robotics/Stereo-RCNN.git (scheduler.py:75)
2025-01-07 22:27:06,459 - SCHEDULER - INFO - Progress: 1063/5778 repositories scanned. (scheduler.py:96)
2025-01-07 22:27:06,459 - SCHEDULER - INFO - Starting worker for repo: https://github.com/HKUST-KnowComp/DeepGraphCNNforTexts.git (scheduler.py:64)
2025-01-07 22:27:13,714 - SCHEDULER - INFO - Worker completed successfully for repo: https://github.com/HKUST-KnowComp/ASER.git (scheduler.py:75)
2025-01-07 22:27:13,715 - SCHEDULER - INFO - Progress: 1064/5778 repositories scanned. (scheduler.py:96)
2025-01-07 22:27:13,715 - SCHEDULER - INFO - Starting worker for repo: https://github.com/HKUST-KnowComp/MnemonicReader.git (scheduler.py:64)
2025-01-07 22:27:21,906 - SCHEDULER - INFO - Worker completed successfully for repo: https://github.com/HKUST-KnowComp/DeepGraphCNNforTexts.git (scheduler.py:75)
2025-01-07 22:27:21,906 - SCHEDULER - INFO - Progress: 1065/5778 repositories scanned. (scheduler.py:96)
2025-01-07 22:27:21,906 - SCHEDULER - INFO - Starting worker for repo: https://github.com/HKUST-KnowComp/R-Net.git (scheduler.py:64)
2025-01-07 22:27:23,350 - SCHEDULER - INFO - Worker completed successfully for repo: https://github.com/HKUST-KnowComp/MnemonicReader.git (scheduler.py:75)
2025-01-07 22:27:23,350 - SCHEDULER - INFO - Progress: 1066/5778 repositories scanned. (scheduler.py:96)
2025-01-07 22:27:23,350 - SCHEDULER - INFO - Starting worker for repo: https://github.com/HKUSTCV/FSS-1000.git (scheduler.py:64)
2025-01-07 22:27:31,388 - SCHEDULER - INFO - Worker completed successfully for repo: https://github.com/HKUST-KnowComp/R-Net.git (scheduler.py:75)
2025-01-07 22:27:31,388 - SCHEDULER - INFO - Progress: 1067/5778 repositories scanned. (scheduler.py:96)
2025-01-07 22:27:31,388 - SCHEDULER - INFO - Starting worker for repo: https://github.com/HKUSTDial/DeepEye-APIs.git (scheduler.py:64)
2025-01-07 22:27:32,281 - SCHEDULER - INFO - Worker completed successfully for repo: https://github.com/HKUSTCV/FSS-1000.git (scheduler.py:75)
2025-01-07 22:27:32,281 - SCHEDULER - INFO - Progress: 1068/5778 repositories scanned. (scheduler.py:96)
2025-01-07 22:27:32,281 - SCHEDULER - INFO - Starting worker for repo: https://github.com/HKUSTDial/NL2SQL_Handbook.git (scheduler.py:64)
2025-01-07 22:27:42,070 - SCHEDULER - INFO - Worker completed successfully for repo: https://github.com/HKUSTDial/DeepEye-APIs.git (scheduler.py:75)
2025-01-07 22:27:42,070 - SCHEDULER - INFO - Progress: 1069/5778 repositories scanned. (scheduler.py:96)
2025-01-07 22:27:42,070 - SCHEDULER - INFO - Starting worker for repo: https://github.com/HKUSTMDI/mdi-sam-server.git (scheduler.py:64)
2025-01-07 22:27:42,814 - SCHEDULER - INFO - Worker completed successfully for repo: https://github.com/HKUSTDial/NL2SQL_Handbook.git (scheduler.py:75)
2025-01-07 22:27:42,815 - SCHEDULER - INFO - Progress: 1070/5778 repositories scanned. (scheduler.py:96)
2025-01-07 22:27:42,815 - SCHEDULER - INFO - Starting worker for repo: https://github.com/HKoon/ChatTTS-OpenVoice.git (scheduler.py:64)
2025-01-07 22:27:52,905 - SCHEDULER - INFO - Worker completed successfully for repo: https://github.com/HKUSTMDI/mdi-sam-server.git (scheduler.py:75)
2025-01-07 22:27:52,905 - SCHEDULER - INFO - Progress: 1071/5778 repositories scanned. (scheduler.py:96)
2025-01-07 22:27:52,905 - SCHEDULER - INFO - Starting worker for repo: https://github.com/HL-hanlin/Ctrl-Adapter.git (scheduler.py:64)
2025-01-07 22:27:53,549 - SCHEDULER - INFO - Worker completed successfully for repo: https://github.com/HKoon/ChatTTS-OpenVoice.git (scheduler.py:75)
2025-01-07 22:27:53,549 - SCHEDULER - INFO - Progress: 1072/5778 repositories scanned. (scheduler.py:96)
2025-01-07 22:27:53,549 - SCHEDULER - INFO - Starting worker for repo: https://github.com/HLTCHKUST/Mem2Seq.git (scheduler.py:64)
2025-01-07 22:28:04,738 - SCHEDULER - INFO - Worker completed successfully for repo: https://github.com/HLTCHKUST/Mem2Seq.git (scheduler.py:75)
2025-01-07 22:28:04,739 - SCHEDULER - INFO - Progress: 1073/5778 repositories scanned. (scheduler.py:96)
2025-01-07 22:28:04,739 - SCHEDULER - INFO - Starting worker for repo: https://github.com/HLUsman/FBTOOL.git (scheduler.py:64)
2025-01-07 22:28:07,551 - SCHEDULER - INFO - Worker completed successfully for repo: https://github.com/HL-hanlin/Ctrl-Adapter.git (scheduler.py:75)
2025-01-07 22:28:07,551 - SCHEDULER - INFO - Progress: 1074/5778 repositories scanned. (scheduler.py:96)
2025-01-07 22:28:07,551 - SCHEDULER - INFO - Starting worker for repo: https://github.com/HLasse/TextDescriptives.git (scheduler.py:64)
2025-01-07 22:28:15,324 - SCHEDULER - INFO - Worker completed successfully for repo: https://github.com/HLUsman/FBTOOL.git (scheduler.py:75)
2025-01-07 22:28:15,324 - SCHEDULER - INFO - Progress: 1075/5778 repositories scanned. (scheduler.py:96)
2025-01-07 22:28:15,324 - SCHEDULER - INFO - Starting worker for repo: https://github.com/HLearning/fisheye.git (scheduler.py:64)
2025-01-07 22:28:18,537 - SCHEDULER - INFO - Worker completed successfully for repo: https://github.com/HLasse/TextDescriptives.git (scheduler.py:75)
2025-01-07 22:28:18,537 - SCHEDULER - INFO - Progress: 1076/5778 repositories scanned. (scheduler.py:96)
2025-01-07 22:28:18,537 - SCHEDULER - INFO - Starting worker for repo: https://github.com/HLearning/unet_keras.git (scheduler.py:64)
2025-01-07 22:28:23,654 - SCHEDULER - INFO - Worker completed successfully for repo: https://github.com/HLearning/fisheye.git (scheduler.py:75)
2025-01-07 22:28:23,654 - SCHEDULER - INFO - Progress: 1077/5778 repositories scanned. (scheduler.py:96)
2025-01-07 22:28:23,654 - SCHEDULER - INFO - Starting worker for repo: https://github.com/HLinChen/VCR-GauS.git (scheduler.py:64)
2025-01-07 22:28:27,369 - SCHEDULER - INFO - Worker completed successfully for repo: https://github.com/HLearning/unet_keras.git (scheduler.py:75)
2025-01-07 22:28:27,369 - SCHEDULER - INFO - Progress: 1078/5778 repositories scanned. (scheduler.py:96)
2025-01-07 22:28:27,369 - SCHEDULER - INFO - Starting worker for repo: https://github.com/HMUNACHI/nanodl.git (scheduler.py:64)
2025-01-07 22:28:36,797 - SCHEDULER - INFO - Worker completed successfully for repo: https://github.com/HLinChen/VCR-GauS.git (scheduler.py:75)
2025-01-07 22:28:36,797 - SCHEDULER - INFO - Progress: 1079/5778 repositories scanned. (scheduler.py:96)
2025-01-07 22:28:36,797 - SCHEDULER - INFO - Starting worker for repo: https://github.com/HPAC/matchpy.git (scheduler.py:64)
2025-01-07 22:28:39,258 - SCHEDULER - INFO - Worker completed successfully for repo: https://github.com/HMUNACHI/nanodl.git (scheduler.py:75)
2025-01-07 22:28:39,258 - SCHEDULER - INFO - Progress: 1080/5778 repositories scanned. (scheduler.py:96)
2025-01-07 22:28:39,258 - SCHEDULER - INFO - Starting worker for repo: https://github.com/HPI-DeepLearning/crnn-lid.git (scheduler.py:64)
2025-01-07 22:28:49,391 - SCHEDULER - INFO - Worker completed successfully for repo: https://github.com/HPAC/matchpy.git (scheduler.py:75)
2025-01-07 22:28:49,391 - SCHEDULER - INFO - Progress: 1081/5778 repositories scanned. (scheduler.py:96)
2025-01-07 22:28:49,391 - SCHEDULER - INFO - Starting worker for repo: https://github.com/HPMLL/BurstGPT.git (scheduler.py:64)
2025-01-07 22:28:56,156 - SCHEDULER - INFO - Worker completed successfully for repo: https://github.com/HPI-DeepLearning/crnn-lid.git (scheduler.py:75)
2025-01-07 22:28:56,156 - SCHEDULER - INFO - Progress: 1082/5778 repositories scanned. (scheduler.py:96)
2025-01-07 22:28:56,156 - SCHEDULER - INFO - Starting worker for repo: https://github.com/HR/github-clone.git (scheduler.py:64)
2025-01-07 22:28:59,725 - SCHEDULER - INFO - Worker completed successfully for repo: https://github.com/HPMLL/BurstGPT.git (scheduler.py:75)
2025-01-07 22:28:59,725 - SCHEDULER - INFO - Progress: 1083/5778 repositories scanned. (scheduler.py:96)
2025-01-07 22:28:59,725 - SCHEDULER - INFO - Starting worker for repo: https://github.com/HRLTY/TP-GAN.git (scheduler.py:64)
2025-01-07 22:29:04,136 - SCHEDULER - INFO - Worker completed successfully for repo: https://github.com/HR/github-clone.git (scheduler.py:75)
2025-01-07 22:29:04,136 - SCHEDULER - INFO - Progress: 1084/5778 repositories scanned. (scheduler.py:96)
2025-01-07 22:29:04,136 - SCHEDULER - INFO - Starting worker for repo: https://github.com/HRNPH/AIwaifu.git (scheduler.py:64)
2025-01-07 22:29:10,914 - SCHEDULER - INFO - Worker completed successfully for repo: https://github.com/HRLTY/TP-GAN.git (scheduler.py:75)
2025-01-07 22:29:10,914 - SCHEDULER - INFO - Progress: 1085/5778 repositories scanned. (scheduler.py:96)
2025-01-07 22:29:10,914 - SCHEDULER - INFO - Starting worker for repo: https://github.com/HRNet/DEKR.git (scheduler.py:64)
2025-01-07 22:29:14,625 - SCHEDULER - INFO - Worker completed successfully for repo: https://github.com/HRNPH/AIwaifu.git (scheduler.py:75)
2025-01-07 22:29:14,625 - SCHEDULER - INFO - Progress: 1086/5778 repositories scanned. (scheduler.py:96)
2025-01-07 22:29:14,625 - SCHEDULER - INFO - Starting worker for repo: https://github.com/HRNet/HRFormer.git (scheduler.py:64)
2025-01-07 22:29:21,153 - SCHEDULER - INFO - Worker completed successfully for repo: https://github.com/HRNet/DEKR.git (scheduler.py:75)
2025-01-07 22:29:21,153 - SCHEDULER - INFO - Progress: 1087/5778 repositories scanned. (scheduler.py:96)
2025-01-07 22:29:21,153 - SCHEDULER - INFO - Starting worker for repo: https://github.com/HRNet/HRNet-Bottom-Up-Pose-Estimation.git (scheduler.py:64)
2025-01-07 22:29:32,039 - SCHEDULER - INFO - Worker completed successfully for repo: https://github.com/HRNet/HRNet-Bottom-Up-Pose-Estimation.git (scheduler.py:75)
2025-01-07 22:29:32,039 - SCHEDULER - INFO - Progress: 1088/5778 repositories scanned. (scheduler.py:96)
2025-01-07 22:29:32,039 - SCHEDULER - INFO - Starting worker for repo: https://github.com/HRNet/HRNet-FCOS.git (scheduler.py:64)
2025-01-07 22:29:43,683 - SCHEDULER - INFO - Worker completed successfully for repo: https://github.com/HRNet/HRNet-FCOS.git (scheduler.py:75)
2025-01-07 22:29:43,683 - SCHEDULER - INFO - Progress: 1089/5778 repositories scanned. (scheduler.py:96)
2025-01-07 22:29:43,683 - SCHEDULER - INFO - Starting worker for repo: https://github.com/HRNet/HRNet-Image-Classification.git (scheduler.py:64)
2025-01-07 22:29:48,516 - SCHEDULER - INFO - Worker completed successfully for repo: https://github.com/HRNet/HRFormer.git (scheduler.py:75)
2025-01-07 22:29:48,517 - SCHEDULER - INFO - Progress: 1090/5778 repositories scanned. (scheduler.py:96)
2025-01-07 22:29:48,517 - SCHEDULER - INFO - Starting worker for repo: https://github.com/HRNet/HRNet-MaskRCNN-Benchmark.git (scheduler.py:64)
2025-01-07 22:29:52,417 - SCHEDULER - INFO - Worker completed successfully for repo: https://github.com/HRNet/HRNet-Image-Classification.git (scheduler.py:75)
2025-01-07 22:29:52,417 - SCHEDULER - INFO - Progress: 1091/5778 repositories scanned. (scheduler.py:96)
2025-01-07 22:29:52,417 - SCHEDULER - INFO - Starting worker for repo: https://github.com/HRNet/Lite-HRNet.git (scheduler.py:64)
2025-01-07 22:30:00,160 - SCHEDULER - INFO - Worker completed successfully for repo: https://github.com/HRNet/HRNet-MaskRCNN-Benchmark.git (scheduler.py:75)
2025-01-07 22:30:00,161 - SCHEDULER - INFO - Progress: 1092/5778 repositories scanned. (scheduler.py:96)
2025-01-07 22:30:00,161 - SCHEDULER - INFO - Starting worker for repo: https://github.com/HRanWang/Spatial-Re-Scaling.git (scheduler.py:64)
2025-01-07 22:30:01,854 - SCHEDULER - INFO - Worker completed successfully for repo: https://github.com/HRNet/Lite-HRNet.git (scheduler.py:75)
2025-01-07 22:30:01,854 - SCHEDULER - INFO - Progress: 1093/5778 repositories scanned. (scheduler.py:96)
2025-01-07 22:30:01,854 - SCHEDULER - INFO - Starting worker for repo: https://github.com/HSLCY/ABSA-BERT-pair.git (scheduler.py:64)
2025-01-07 22:30:10,193 - SCHEDULER - INFO - Worker completed successfully for repo: https://github.com/HRanWang/Spatial-Re-Scaling.git (scheduler.py:75)
2025-01-07 22:30:10,193 - SCHEDULER - INFO - Progress: 1094/5778 repositories scanned. (scheduler.py:96)
2025-01-07 22:30:10,193 - SCHEDULER - INFO - Starting worker for repo: https://github.com/HSLix/LixAssistantLimbusCompany.git (scheduler.py:64)
2025-01-07 22:30:12,339 - SCHEDULER - INFO - Worker completed successfully for repo: https://github.com/HSLCY/ABSA-BERT-pair.git (scheduler.py:75)
2025-01-07 22:30:12,339 - SCHEDULER - INFO - Progress: 1095/5778 repositories scanned. (scheduler.py:96)
2025-01-07 22:30:12,339 - SCHEDULER - INFO - Starting worker for repo: https://github.com/HTDerekLiu/BlenderToolbox.git (scheduler.py:64)
2025-01-07 22:30:20,330 - SCHEDULER - INFO - Worker completed successfully for repo: https://github.com/HSLix/LixAssistantLimbusCompany.git (scheduler.py:75)
2025-01-07 22:30:20,331 - SCHEDULER - INFO - Progress: 1096/5778 repositories scanned. (scheduler.py:96)
2025-01-07 22:30:20,331 - SCHEDULER - INFO - Starting worker for repo: https://github.com/HTDerekLiu/neuralSubdiv.git (scheduler.py:64)
2025-01-07 22:30:25,183 - SCHEDULER - INFO - Worker completed successfully for repo: https://github.com/HTDerekLiu/BlenderToolbox.git (scheduler.py:75)
2025-01-07 22:30:25,183 - SCHEDULER - INFO - Progress: 1097/5778 repositories scanned. (scheduler.py:96)
2025-01-07 22:30:25,183 - SCHEDULER - INFO - Starting worker for repo: https://github.com/HTLife/VINet.git (scheduler.py:64)
2025-01-07 22:30:31,667 - SCHEDULER - INFO - Worker completed successfully for repo: https://github.com/HTDerekLiu/neuralSubdiv.git (scheduler.py:75)
2025-01-07 22:30:31,667 - SCHEDULER - INFO - Progress: 1098/5778 repositories scanned. (scheduler.py:96)
2025-01-07 22:30:31,667 - SCHEDULER - INFO - Starting worker for repo: https://github.com/HTML-as-programming-language/HTML-as-programming-language.git (scheduler.py:64)
2025-01-07 22:30:34,769 - SCHEDULER - INFO - Worker completed successfully for repo: https://github.com/HTLife/VINet.git (scheduler.py:75)
2025-01-07 22:30:34,769 - SCHEDULER - INFO - Progress: 1099/5778 repositories scanned. (scheduler.py:96)
2025-01-07 22:30:34,769 - SCHEDULER - INFO - Starting worker for repo: https://github.com/HTTP-APIs/hydrus.git (scheduler.py:64)
2025-01-07 22:30:41,351 - SCHEDULER - INFO - Worker completed successfully for repo: https://github.com/HTML-as-programming-language/HTML-as-programming-language.git (scheduler.py:75)
2025-01-07 22:30:41,351 - SCHEDULER - INFO - Progress: 1100/5778 repositories scanned. (scheduler.py:96)
2025-01-07 22:30:41,351 - SCHEDULER - INFO - Starting worker for repo: https://github.com/HUANGLIZI/LViT.git (scheduler.py:64)
2025-01-07 22:30:47,208 - SCHEDULER - INFO - Worker completed successfully for repo: https://github.com/HTTP-APIs/hydrus.git (scheduler.py:75)
2025-01-07 22:30:47,208 - SCHEDULER - INFO - Progress: 1101/5778 repositories scanned. (scheduler.py:96)
2025-01-07 22:30:47,208 - SCHEDULER - INFO - Starting worker for repo: https://github.com/HUANGZHIHAO1994/weibo-analysis-and-visualization.git (scheduler.py:64)
2025-01-07 22:30:51,434 - SCHEDULER - INFO - Worker completed successfully for repo: https://github.com/HUANGLIZI/LViT.git (scheduler.py:75)
2025-01-07 22:30:51,434 - SCHEDULER - INFO - Progress: 1102/5778 repositories scanned. (scheduler.py:96)
2025-01-07 22:30:51,435 - SCHEDULER - INFO - Starting worker for repo: https://github.com/HUSTAI/uie_pytorch.git (scheduler.py:64)
2025-01-07 22:31:01,455 - SCHEDULER - INFO - Worker completed successfully for repo: https://github.com/HUANGZHIHAO1994/weibo-analysis-and-visualization.git (scheduler.py:75)
2025-01-07 22:31:01,456 - SCHEDULER - INFO - Progress: 1103/5778 repositories scanned. (scheduler.py:96)
2025-01-07 22:31:01,456 - SCHEDULER - INFO - Starting worker for repo: https://github.com/HUSTSYJ/DA_dahazing.git (scheduler.py:64)
2025-01-07 22:31:02,772 - SCHEDULER - INFO - Worker completed successfully for repo: https://github.com/HUSTAI/uie_pytorch.git (scheduler.py:75)
2025-01-07 22:31:02,772 - SCHEDULER - INFO - Progress: 1104/5778 repositories scanned. (scheduler.py:96)
2025-01-07 22:31:02,772 - SCHEDULER - INFO - Starting worker for repo: https://github.com/HVision-NKU/Conv2Former.git (scheduler.py:64)
2025-01-07 22:31:11,652 - SCHEDULER - INFO - Worker completed successfully for repo: https://github.com/HVision-NKU/Conv2Former.git (scheduler.py:75)
2025-01-07 22:31:11,652 - SCHEDULER - INFO - Progress: 1105/5778 repositories scanned. (scheduler.py:96)
2025-01-07 22:31:11,653 - SCHEDULER - INFO - Starting worker for repo: https://github.com/HVision-NKU/SRFormer.git (scheduler.py:64)
2025-01-07 22:31:20,265 - SCHEDULER - INFO - Worker completed successfully for repo: https://github.com/HUSTSYJ/DA_dahazing.git (scheduler.py:75)
2025-01-07 22:31:20,265 - SCHEDULER - INFO - Progress: 1106/5778 repositories scanned. (scheduler.py:96)
2025-01-07 22:31:20,265 - SCHEDULER - INFO - Starting worker for repo: https://github.com/HW140701/VideoTo3dPoseAndBvh.git (scheduler.py:64)
2025-01-07 22:31:25,960 - SCHEDULER - INFO - Worker completed successfully for repo: https://github.com/HVision-NKU/SRFormer.git (scheduler.py:75)
2025-01-07 22:31:25,960 - SCHEDULER - INFO - Progress: 1107/5778 repositories scanned. (scheduler.py:96)
2025-01-07 22:31:25,960 - SCHEDULER - INFO - Starting worker for repo: https://github.com/HXLH50K/U-Net-Transformer.git (scheduler.py:64)
