Application,Downloads,URL,Codeql,Confirmed (Function-level),Func Name (Path),FP Reason (If Not),Types,,Input,,,Status,Comment,New
,,,,,,,Get,Set,Triggering,Remote Pattern,Local Pattern,,,
google-api-core,344929604,https://pypi.org/project/google-api-core,Y,N,"set:google/api_core/protobuf_helpers.py,_set_field_on_message:google/api_core/protobuf_helpers.py",,Attr/Field,Attr/Field,,,,,,Yes
google-api-core,344929604,https://pypi.org/project/google-api-core,Y,N,,,Attr/Field,Attr,,,,,,Yes
protobuf,258550650,https://pypi.org/project/protobuf,Y,N,"_ConvertMapFieldValue:google/protobuf/json_format.py,_MergeMessage:google/protobuf/internal/field_mask.py,genexpr:google/protobuf/json_format.py",,Attr,Attr,,,,,,Yes
pytest,197685962,https://pypi.org/project/pytest,Y,N,derive_importpath:_pytest/monkeypatch.py,,Attr,Attr,,,,,,No
wrapt,189422095,https://pypi.org/project/wrapt,Y,N/A,resolve_path:wrapt/patches.py,,Attr,Attr,,,,,,No
azure-storage-blob,60061248,https://pypi.org/project/azure-storage-blob,Y,N/A,"deserialize_data:azure/storage/blob/_generated/_serialization.py,deserialize_from_text:azure/storage/blob/_generated/_serialization.py,_json_attemp:azure/storage/blob/_generated/_serialization.py,deserialize_from_http_generics:azure/storage/blob/_generated/_serialization.py,deserialize:azure/storage/blob/_generated/_serialization.py,from_dict:azure/storage/blob/_generated/_serialization.py,failsafe_deserialize:azure/storage/blob/_generated/_serialization.py",,Attr,Attr,,,,,,Yes
mako,49342702,https://pypi.org/project/mako,Y,N/A,"iter_fields:mako/_ast_util.py,parse:mako/_ast_util.py,__init__:mako/ast.py,__init__:mako/codegen.py,__init__:mako/parsetree.py,compile:mako/codegen.py,write_toplevel:mako/codegen.py,_parse_attributes:mako/parsetree.py,undeclared_identifiers:mako/parsetree.py,genexpr:mako/parsetree.py,_compile:mako/template.py,_compile_module_file:mako/template.py",,Attr,Attr,,,,,,Yes
msrest,34152166,https://pypi.org/project/msrest,Y,N/A,"deserialize_data:msrest/serialization.py,deserialize_from_text:msrest/pipeline/universal.py,deserialize:msrest/serialization.py,from_dict:msrest/serialization.py,failsafe_deserialize:msrest/serialization.py,_json_attemp:msrest/pipeline/universal.py",,Attr,Attr,,import_aiohttp,,,,Yes
astroid,30041259,https://pypi.org/project/astroid,Y,N/A,_visit_generic:astroid/transforms.py,,Attr,Attr,,,,,,Yes
deepdiff,24419568,https://pypi.org/project/deepdiff,Y,Y,"_do_item_added:deepdiff/delta.py,_do_values_or_type_changed:deepdiff/delta.py,_do_item_removed:deepdiff/delta.py,_simple_set_elem_value:deepdiff/delta.py,_get_elements_and_details:deepdiff/delta.py,_path_to_elements:deepdiff/path.py",,Attr/Field,Attr/Field,Function,,,,,No
graphql-core,23482494,https://pypi.org/project/graphql-core,Y,N/A,"get_argument_values:graphql/execution/values.py,__init__:graphql/execution/execute.py,complete_list_value:graphql/execution/execute.py,complete_abstract_value:graphql/execution/execute.py,extend_schema_impl:graphql/utilities/extend_schema.py,build_directive:graphql/utilities/extend_schema.py,build_enum_type:graphql/utilities/extend_schema.py,genexpr:graphql/utilities/extend_schema.py,find_conflict:graphql/validation/rules/overlapping_fields_can_be_merged.py,same_arguments:graphql/validation/rules/overlapping_fields_can_be_merged.py,get_fields_and_fragment_names:graphql/validation/rules/overlapping_fields_can_be_merged.py,leave_directive:graphql/validation/rules/provided_required_arguments.py,separate_operations:graphql/utilities/separate_operations.py,get_recursively_referenced_fragments:graphql/validation/validation_context.py,on_error:graphql/execution/values.py",,Attr,Attr,,,,,,Yes
mock,23138068,https://pypi.org/project/mock,Y,N/A,"_patch_dict:mock/mock.py,__enter__:mock/mock.py",,Attr,Attr,,,,,,Yes
mock,23138068,https://pypi.org/project/mock,Y,N/A,,,Attr,Field,,,,,,Yes
azure-storage-file-datalake,20545166,https://pypi.org/project/azure-storage-file-datalake,Y,N/A,"deserialize_data:azure/storage/filedatalake/_generated/_serialization.py,deserialize_from_text:azure/storage/filedatalake/_generated/_serialization.py,_json_attemp:azure/storage/filedatalake/_generated/_serialization.py,deserialize_from_http_generics:azure/storage/filedatalake/_generated/_serialization.py,deserialize:azure/storage/filedatalake/_generated/_serialization.py,from_dict:azure/storage/filedatalake/_generated/_serialization.py,failsafe_deserialize:azure/storage/filedatalake/_generated/_serialization.py",,Attr,Attr,,,,,,Yes
datasets,19951104,https://pypi.org/project/datasets,Y,N/A,"__enter__:datasets/utils/patching.py,__init__:datasets/utils/patching.py",,Attr,Attr,,import_aiohttp,,,,No
apache-airflow,18950674,https://pypi.org/project/apache-airflow,Y,N,,,Attr,Attr,,import_flask|.route,,,,Yes
azure-keyvault-secrets,18675343,https://pypi.org/project/azure-keyvault-secrets,Y,N/A,"deserialize_data:azure/keyvault/secrets/_generated/_serialization.py,deserialize_from_text:azure/keyvault/secrets/_generated/_serialization.py,_json_attemp:azure/keyvault/secrets/_generated/_serialization.py,deserialize_from_http_generics:azure/keyvault/secrets/_generated/_serialization.py,deserialize:azure/keyvault/secrets/_generated/_serialization.py,from_dict:azure/keyvault/secrets/_generated/_serialization.py,failsafe_deserialize:azure/keyvault/secrets/_generated/_serialization.py",,Attr,Attr,,,,,,Yes
google-ads,17430689,https://pypi.org/project/google-ads,Y,N/A,,,Attr,Attr,,,,,,Yes
wandb,17237478,https://pypi.org/project/wandb,Y,N/A,"execute:wandb/vendor/graphql-core-1.1/wandb_graphql/execution/executor.py,execute:wandb/vendor/graphql-core-1.1/wandb_graphql/execution/experimental/executor.py,is_valid_literal_value:wandb/vendor/graphql-core-1.1/wandb_graphql/utils/is_valid_literal_value.py,_collect_conflicts_between_fields_and_fragment:wandb/vendor/graphql-core-1.1/wandb_graphql/validation/rules/overlapping_fields_can_be_merged.py,_collect_conflicts_between_fragments:wandb/vendor/graphql-core-1.1/wandb_graphql/validation/rules/overlapping_fields_can_be_merged.py,_collect_conflicts_within:wandb/vendor/graphql-core-1.1/wandb_graphql/validation/rules/overlapping_fields_can_be_merged.py,_get_fields_and_fragments_names:wandb/vendor/graphql-core-1.1/wandb_graphql/validation/rules/overlapping_fields_can_be_merged.py,get_fragment:wandb/vendor/graphql-core-1.1/wandb_graphql/validation/validation.py,__init__:wandb/vendor/graphql-core-1.1/wandb_graphql/language/ast.py,get_named_type:wandb/vendor/graphql-core-1.1/wandb_graphql/type/definition.py,wandb_log:wandb/integration/metaflow/metaflow.py,decorator:wandb/integration/metaflow/metaflow.py,_find_conflicts_between_sub_selection_sets:wandb/vendor/graphql-core-1.1/wandb_graphql/validation/rules/overlapping_fields_can_be_merged.py,_collect_conflicts_between:wandb/vendor/graphql-core-1.1/wandb_graphql/validation/rules/overlapping_fields_can_be_merged.py,_find_conflict:wandb/vendor/graphql-core-1.1/wandb_graphql/validation/rules/overlapping_fields_can_be_merged.py,_get_referenced_fields_and_fragment_names:wandb/vendor/graphql-core-1.1/wandb_graphql/validation/rules/overlapping_fields_can_be_merged.py,_collect_fields_and_fragment_names:wandb/vendor/graphql-core-1.1/wandb_graphql/validation/rules/overlapping_fields_can_be_merged.py,_same_arguments:wandb/vendor/graphql-core-1.1/wandb_graphql/validation/rules/overlapping_fields_can_be_merged.py,get_variable_values:wandb/vendor/graphql-core-1.1/wandb_graphql/execution/values.py",,Attr,Attr,,import_pytorch_lightning,,,,No
wandb,17237478,https://pypi.org/project/wandb,Y,N,,,Attr/Field,Attr/Field,,,,,,No
ddtrace,13070847,https://pypi.org/project/ddtrace,Y,N/A,,,Attr,Attr,,import_pyramid|import_bottle|import_cherrypy|add_route|import_sanic|import_fastapi|import_flask|import_aiohttp|django_path|import_starlette|import_django|.route|import_falcon|import_tornado,,,,Yes
spacy,12957148,https://pypi.org/project/spacy,Y,N/A,__call__:spacy/pipeline/functions.py,,Attr,Attr,,,,,,Yes
jsonpickle,12270101,https://pypi.org/project/jsonpickle,Y,N/A,,,Attr/Field,Attr/Field,,,,,,Yes
accelerate,11097720,https://pypi.org/project/accelerate,Y,N/A,retie_parameters:accelerate/utils/modeling.py,,Attr,Attr,,,,,,No
azure-mgmt-resource,10130643,https://pypi.org/project/azure-mgmt-resource,Y,N/A,"deserialize_data:azure/mgmt/resource/changes/_serialization.py,deserialize_data:azure/mgmt/resource/databoundaries/_serialization.py,deserialize_data:azure/mgmt/resource/deploymentscripts/_serialization.py,deserialize_data:azure/mgmt/resource/deploymentstacks/_serialization.py,deserialize_data:azure/mgmt/resource/features/_serialization.py,deserialize_data:azure/mgmt/resource/links/_serialization.py,deserialize_data:azure/mgmt/resource/locks/_serialization.py,deserialize_data:azure/mgmt/resource/managedapplications/_serialization.py,deserialize_data:azure/mgmt/resource/policy/_serialization.py,deserialize_data:azure/mgmt/resource/privatelinks/_serialization.py,deserialize_data:azure/mgmt/resource/resources/_serialization.py,deserialize_data:azure/mgmt/resource/subscriptions/_serialization.py,deserialize_data:azure/mgmt/resource/templatespecs/_serialization.py,deserialize_from_text:azure/mgmt/resource/changes/_serialization.py,deserialize_from_text:azure/mgmt/resource/databoundaries/_serialization.py,deserialize_from_text:azure/mgmt/resource/deploymentscripts/_serialization.py,deserialize_from_text:azure/mgmt/resource/deploymentstacks/_serialization.py,deserialize_from_text:azure/mgmt/resource/features/_serialization.py,deserialize_from_text:azure/mgmt/resource/links/_serialization.py,deserialize_from_text:azure/mgmt/resource/locks/_serialization.py,deserialize_from_text:azure/mgmt/resource/managedapplications/_serialization.py,deserialize_from_text:azure/mgmt/resource/policy/_serialization.py,deserialize_from_text:azure/mgmt/resource/privatelinks/_serialization.py,deserialize_from_text:azure/mgmt/resource/resources/_serialization.py,deserialize_from_text:azure/mgmt/resource/subscriptions/_serialization.py,deserialize_from_text:azure/mgmt/resource/templatespecs/_serialization.py,_json_attemp:azure/mgmt/resource/changes/_serialization.py,_json_attemp:azure/mgmt/resource/databoundaries/_serialization.py,_json_attemp:azure/mgmt/resource/deploymentscripts/_serialization.py,_json_attemp:azure/mgmt/resource/deploymentstacks/_serialization.py,_json_attemp:azure/mgmt/resource/features/_serialization.py,_json_attemp:azure/mgmt/resource/links/_serialization.py,_json_attemp:azure/mgmt/resource/locks/_serialization.py,_json_attemp:azure/mgmt/resource/managedapplications/_serialization.py,_json_attemp:azure/mgmt/resource/policy/_serialization.py,_json_attemp:azure/mgmt/resource/privatelinks/_serialization.py,_json_attemp:azure/mgmt/resource/resources/_serialization.py,_json_attemp:azure/mgmt/resource/subscriptions/_serialization.py,_json_attemp:azure/mgmt/resource/templatespecs/_serialization.py,deserialize_from_http_generics:azure/mgmt/resource/changes/_serialization.py,deserialize_from_http_generics:azure/mgmt/resource/databoundaries/_serialization.py,deserialize_from_http_generics:azure/mgmt/resource/deploymentscripts/_serialization.py,deserialize_from_http_generics:azure/mgmt/resource/deploymentstacks/_serialization.py,deserialize_from_http_generics:azure/mgmt/resource/features/_serialization.py,deserialize_from_http_generics:azure/mgmt/resource/links/_serialization.py,deserialize_from_http_generics:azure/mgmt/resource/locks/_serialization.py,deserialize_from_http_generics:azure/mgmt/resource/managedapplications/_serialization.py,deserialize_from_http_generics:azure/mgmt/resource/policy/_serialization.py,deserialize_from_http_generics:azure/mgmt/resource/privatelinks/_serialization.py,deserialize_from_http_generics:azure/mgmt/resource/resources/_serialization.py,deserialize_from_http_generics:azure/mgmt/resource/subscriptions/_serialization.py,deserialize_from_http_generics:azure/mgmt/resource/templatespecs/_serialization.py,deserialize:azure/mgmt/resource/changes/_serialization.py,deserialize:azure/mgmt/resource/databoundaries/_serialization.py,deserialize:azure/mgmt/resource/deploymentscripts/_serialization.py,deserialize:azure/mgmt/resource/deploymentstacks/_serialization.py,deserialize:azure/mgmt/resource/features/_serialization.py,deserialize:azure/mgmt/resource/links/_serialization.py,deserialize:azure/mgmt/resource/locks/_serialization.py,deserialize:azure/mgmt/resource/managedapplications/_serialization.py,deserialize:azure/mgmt/resource/policy/_serialization.py,deserialize:azure/mgmt/resource/privatelinks/_serialization.py,deserialize:azure/mgmt/resource/resources/_serialization.py,deserialize:azure/mgmt/resource/subscriptions/_serialization.py,deserialize:azure/mgmt/resource/templatespecs/_serialization.py,from_dict:azure/mgmt/resource/changes/_serialization.py,from_dict:azure/mgmt/resource/databoundaries/_serialization.py,from_dict:azure/mgmt/resource/deploymentscripts/_serialization.py,from_dict:azure/mgmt/resource/deploymentstacks/_serialization.py,from_dict:azure/mgmt/resource/features/_serialization.py,from_dict:azure/mgmt/resource/links/_serialization.py,from_dict:azure/mgmt/resource/locks/_serialization.py,from_dict:azure/mgmt/resource/managedapplications/_serialization.py,from_dict:azure/mgmt/resource/policy/_serialization.py,from_dict:azure/mgmt/resource/privatelinks/_serialization.py,from_dict:azure/mgmt/resource/resources/_serialization.py,from_dict:azure/mgmt/resource/subscriptions/_serialization.py,from_dict:azure/mgmt/resource/templatespecs/_serialization.py,failsafe_deserialize:azure/mgmt/resource/changes/_serialization.py,failsafe_deserialize:azure/mgmt/resource/databoundaries/_serialization.py,failsafe_deserialize:azure/mgmt/resource/deploymentscripts/_serialization.py,failsafe_deserialize:azure/mgmt/resource/deploymentstacks/_serialization.py,failsafe_deserialize:azure/mgmt/resource/features/_serialization.py,failsafe_deserialize:azure/mgmt/resource/links/_serialization.py,failsafe_deserialize:azure/mgmt/resource/locks/_serialization.py,failsafe_deserialize:azure/mgmt/resource/managedapplications/_serialization.py,failsafe_deserialize:azure/mgmt/resource/policy/_serialization.py,failsafe_deserialize:azure/mgmt/resource/privatelinks/_serialization.py,failsafe_deserialize:azure/mgmt/resource/resources/_serialization.py,failsafe_deserialize:azure/mgmt/resource/subscriptions/_serialization.py,failsafe_deserialize:azure/mgmt/resource/templatespecs/_serialization.py",,Attr,Attr,,,,,,Yes
pytorch-lightning,9371453,https://pypi.org/project/pytorch-lightning,Y,N/A,"_set_module_by_path:pytorch_lightning/utilities/parameter_tying.py,_find_shared_parameters:pytorch_lightning/utilities/parameter_tying.py",,Attr,Attr,,.get/.post/.api_route|import_fastapi|import_pytorch_lightning,,,,No
azure-storage-queue,9218663,https://pypi.org/project/azure-storage-queue,Y,N/A,"deserialize_data:azure/storage/queue/_generated/_serialization.py,deserialize_from_text:azure/storage/queue/_generated/_serialization.py,_json_attemp:azure/storage/queue/_generated/_serialization.py,deserialize_from_http_generics:azure/storage/queue/_generated/_serialization.py,deserialize:azure/storage/queue/_generated/_serialization.py,from_dict:azure/storage/queue/_generated/_serialization.py,failsafe_deserialize:azure/storage/queue/_generated/_serialization.py",,Attr,Attr,,,,,,Yes
azure-servicebus,8738539,https://pypi.org/project/azure-servicebus,Y,N/A,"deserialize:azure/servicebus/management/_generated/_serialization.py,_get_entity_element:azure/servicebus/aio/management/_management_client_async.py,_get_entity_element:azure/servicebus/management/_management_client.py,_get_subscription_element:azure/servicebus/aio/management/_management_client_async.py,_get_subscription_element:azure/servicebus/management/_management_client.py,_get_rule_element:azure/servicebus/aio/management/_management_client_async.py,_get_rule_element:azure/servicebus/management/_management_client.py,deserialize_from_text:azure/servicebus/management/_generated/_serialization.py,_json_attemp:azure/servicebus/management/_generated/_serialization.py,deserialize_from_http_generics:azure/servicebus/management/_generated/_serialization.py,from_dict:azure/servicebus/management/_generated/_serialization.py,failsafe_deserialize:azure/servicebus/management/_generated/_serialization.py,deserialize_data:azure/servicebus/management/_generated/_serialization.py",,Attr,Attr,,rule_instantiation|import_aiohttp,,,,Yes
passlib,8721413,https://pypi.org/project/passlib,Y,Y,_import_path:passlib/ext/django/utils.py,,Attr,Attr,,import_django,,,,Yes
azure-storage-file-share,8128162,https://pypi.org/project/azure-storage-file-share,Y,N/A,"deserialize_data:azure/storage/fileshare/_generated/_serialization.py,deserialize_from_text:azure/storage/fileshare/_generated/_serialization.py,_json_attemp:azure/storage/fileshare/_generated/_serialization.py,deserialize_from_http_generics:azure/storage/fileshare/_generated/_serialization.py,deserialize:azure/storage/fileshare/_generated/_serialization.py,from_dict:azure/storage/fileshare/_generated/_serialization.py,failsafe_deserialize:azure/storage/fileshare/_generated/_serialization.py",,Attr,Attr,,,,,,Yes
azure-mgmt-storage,7672435,https://pypi.org/project/azure-mgmt-storage,Y,N/A,"deserialize_data:azure/mgmt/storage/_serialization.py,deserialize_from_text:azure/mgmt/storage/_serialization.py,_json_attemp:azure/mgmt/storage/_serialization.py,deserialize_from_http_generics:azure/mgmt/storage/_serialization.py,deserialize:azure/mgmt/storage/_serialization.py,from_dict:azure/mgmt/storage/_serialization.py,failsafe_deserialize:azure/mgmt/storage/_serialization.py",,Attr,Attr,,,,,,Yes
timm,7417641,https://pypi.org/project/timm,Y,N/A,set_layer:timm/models/_prune.py,,Attr,Attr,,,,,,Yes
azure-keyvault-keys,7067061,https://pypi.org/project/azure-keyvault-keys,Y,N/A,"deserialize_data:azure/keyvault/keys/_generated/_serialization.py,deserialize_from_text:azure/keyvault/keys/_generated/_serialization.py,_json_attemp:azure/keyvault/keys/_generated/_serialization.py,deserialize_from_http_generics:azure/keyvault/keys/_generated/_serialization.py,deserialize:azure/keyvault/keys/_generated/_serialization.py,from_dict:azure/keyvault/keys/_generated/_serialization.py,failsafe_deserialize:azure/keyvault/keys/_generated/_serialization.py",,Attr,Attr,,,,,,Yes
magicattr,6353048,https://pypi.org/project/magicattr,Y,Y,set:magicattr.py,,Attr/Field,Attr/Field,Function,,,,,No
protobuf3-to-dict,6258441,https://pypi.org/project/protobuf3-to-dict,Y,N/A,_get_field_mapping:protobuf3-to-dict-0.1.5/src/protobuf_to_dict.py,,Attr,Attr,,,,,,Yes
azure-keyvault-certificates,6136102,https://pypi.org/project/azure-keyvault-certificates,Y,N/A,"deserialize_data:azure/keyvault/certificates/_generated/_serialization.py,deserialize_from_text:azure/keyvault/certificates/_generated/_serialization.py,_json_attemp:azure/keyvault/certificates/_generated/_serialization.py,deserialize_from_http_generics:azure/keyvault/certificates/_generated/_serialization.py,deserialize:azure/keyvault/certificates/_generated/_serialization.py,from_dict:azure/keyvault/certificates/_generated/_serialization.py,failsafe_deserialize:azure/keyvault/certificates/_generated/_serialization.py",,Attr,Attr,,,,,,Yes
azure-mgmt-datafactory,5984969,https://pypi.org/project/azure-mgmt-datafactory,Y,N/A,"deserialize_data:azure/mgmt/datafactory/_serialization.py,deserialize_from_text:azure/mgmt/datafactory/_serialization.py,_json_attemp:azure/mgmt/datafactory/_serialization.py,deserialize_from_http_generics:azure/mgmt/datafactory/_serialization.py,deserialize:azure/mgmt/datafactory/_serialization.py,from_dict:azure/mgmt/datafactory/_serialization.py,failsafe_deserialize:azure/mgmt/datafactory/_serialization.py",,Attr,Attr,,,,,,Yes
azure-mgmt-containerregistry,5838675,https://pypi.org/project/azure-mgmt-containerregistry,Y,N/A,"deserialize_data:azure/mgmt/containerregistry/_utils/serialization.py,deserialize_data:azure/mgmt/containerregistry/v2019_05_01/_utils/serialization.py,deserialize_data:azure/mgmt/containerregistry/v2019_05_01_preview/_utils/serialization.py,deserialize_data:azure/mgmt/containerregistry/v2019_06_01_preview/_utils/serialization.py,deserialize_data:azure/mgmt/containerregistry/v2020_11_01_preview/_utils/serialization.py,deserialize_data:azure/mgmt/containerregistry/v2021_08_01_preview/_utils/serialization.py,deserialize_data:azure/mgmt/containerregistry/v2022_02_01_preview/_utils/serialization.py,deserialize_data:azure/mgmt/containerregistry/v2023_01_01_preview/_utils/serialization.py,deserialize_data:azure/mgmt/containerregistry/v2023_11_01_preview/_utils/serialization.py,deserialize_data:azure/mgmt/containerregistry/v2024_11_01_preview/_utils/serialization.py,deserialize_data:azure/mgmt/containerregistry/v2025_03_01_preview/_utils/serialization.py,deserialize_data:azure/mgmt/containerregistry/v2025_04_01/_utils/serialization.py,deserialize_from_text:azure/mgmt/containerregistry/_utils/serialization.py,deserialize_from_text:azure/mgmt/containerregistry/v2019_05_01/_utils/serialization.py,deserialize_from_text:azure/mgmt/containerregistry/v2019_05_01_preview/_utils/serialization.py,deserialize_from_text:azure/mgmt/containerregistry/v2019_06_01_preview/_utils/serialization.py,deserialize_from_text:azure/mgmt/containerregistry/v2020_11_01_preview/_utils/serialization.py,deserialize_from_text:azure/mgmt/containerregistry/v2021_08_01_preview/_utils/serialization.py,deserialize_from_text:azure/mgmt/containerregistry/v2022_02_01_preview/_utils/serialization.py,deserialize_from_text:azure/mgmt/containerregistry/v2023_01_01_preview/_utils/serialization.py,deserialize_from_text:azure/mgmt/containerregistry/v2023_11_01_preview/_utils/serialization.py,deserialize_from_text:azure/mgmt/containerregistry/v2024_11_01_preview/_utils/serialization.py,deserialize_from_text:azure/mgmt/containerregistry/v2025_03_01_preview/_utils/serialization.py,deserialize_from_text:azure/mgmt/containerregistry/v2025_04_01/_utils/serialization.py,_json_attemp:azure/mgmt/containerregistry/_utils/serialization.py,_json_attemp:azure/mgmt/containerregistry/v2019_05_01/_utils/serialization.py,_json_attemp:azure/mgmt/containerregistry/v2019_05_01_preview/_utils/serialization.py,_json_attemp:azure/mgmt/containerregistry/v2019_06_01_preview/_utils/serialization.py,_json_attemp:azure/mgmt/containerregistry/v2020_11_01_preview/_utils/serialization.py,_json_attemp:azure/mgmt/containerregistry/v2021_08_01_preview/_utils/serialization.py,_json_attemp:azure/mgmt/containerregistry/v2022_02_01_preview/_utils/serialization.py,_json_attemp:azure/mgmt/containerregistry/v2023_01_01_preview/_utils/serialization.py,_json_attemp:azure/mgmt/containerregistry/v2023_11_01_preview/_utils/serialization.py,_json_attemp:azure/mgmt/containerregistry/v2024_11_01_preview/_utils/serialization.py,_json_attemp:azure/mgmt/containerregistry/v2025_03_01_preview/_utils/serialization.py,_json_attemp:azure/mgmt/containerregistry/v2025_04_01/_utils/serialization.py,deserialize_from_http_generics:azure/mgmt/containerregistry/_utils/serialization.py,deserialize_from_http_generics:azure/mgmt/containerregistry/v2019_05_01/_utils/serialization.py,deserialize_from_http_generics:azure/mgmt/containerregistry/v2019_05_01_preview/_utils/serialization.py,deserialize_from_http_generics:azure/mgmt/containerregistry/v2019_06_01_preview/_utils/serialization.py,deserialize_from_http_generics:azure/mgmt/containerregistry/v2020_11_01_preview/_utils/serialization.py,deserialize_from_http_generics:azure/mgmt/containerregistry/v2021_08_01_preview/_utils/serialization.py,deserialize_from_http_generics:azure/mgmt/containerregistry/v2022_02_01_preview/_utils/serialization.py,deserialize_from_http_generics:azure/mgmt/containerregistry/v2023_01_01_preview/_utils/serialization.py,deserialize_from_http_generics:azure/mgmt/containerregistry/v2023_11_01_preview/_utils/serialization.py,deserialize_from_http_generics:azure/mgmt/containerregistry/v2024_11_01_preview/_utils/serialization.py,deserialize_from_http_generics:azure/mgmt/containerregistry/v2025_03_01_preview/_utils/serialization.py,deserialize_from_http_generics:azure/mgmt/containerregistry/v2025_04_01/_utils/serialization.py,deserialize:azure/mgmt/containerregistry/_utils/serialization.py,deserialize:azure/mgmt/containerregistry/v2019_05_01/_utils/serialization.py,deserialize:azure/mgmt/containerregistry/v2019_05_01_preview/_utils/serialization.py,deserialize:azure/mgmt/containerregistry/v2019_06_01_preview/_utils/serialization.py,deserialize:azure/mgmt/containerregistry/v2020_11_01_preview/_utils/serialization.py,deserialize:azure/mgmt/containerregistry/v2021_08_01_preview/_utils/serialization.py,deserialize:azure/mgmt/containerregistry/v2022_02_01_preview/_utils/serialization.py,deserialize:azure/mgmt/containerregistry/v2023_01_01_preview/_utils/serialization.py,deserialize:azure/mgmt/containerregistry/v2023_11_01_preview/_utils/serialization.py,deserialize:azure/mgmt/containerregistry/v2024_11_01_preview/_utils/serialization.py,deserialize:azure/mgmt/containerregistry/v2025_03_01_preview/_utils/serialization.py,deserialize:azure/mgmt/containerregistry/v2025_04_01/_utils/serialization.py,from_dict:azure/mgmt/containerregistry/_utils/serialization.py,from_dict:azure/mgmt/containerregistry/v2019_05_01/_utils/serialization.py,from_dict:azure/mgmt/containerregistry/v2019_05_01_preview/_utils/serialization.py,from_dict:azure/mgmt/containerregistry/v2019_06_01_preview/_utils/serialization.py,from_dict:azure/mgmt/containerregistry/v2020_11_01_preview/_utils/serialization.py,from_dict:azure/mgmt/containerregistry/v2021_08_01_preview/_utils/serialization.py,from_dict:azure/mgmt/containerregistry/v2022_02_01_preview/_utils/serialization.py,from_dict:azure/mgmt/containerregistry/v2023_01_01_preview/_utils/serialization.py,from_dict:azure/mgmt/containerregistry/v2023_11_01_preview/_utils/serialization.py,from_dict:azure/mgmt/containerregistry/v2024_11_01_preview/_utils/serialization.py,from_dict:azure/mgmt/containerregistry/v2025_03_01_preview/_utils/serialization.py,from_dict:azure/mgmt/containerregistry/v2025_04_01/_utils/serialization.py,failsafe_deserialize:azure/mgmt/containerregistry/_utils/serialization.py,failsafe_deserialize:azure/mgmt/containerregistry/v2019_05_01/_utils/serialization.py,failsafe_deserialize:azure/mgmt/containerregistry/v2019_05_01_preview/_utils/serialization.py,failsafe_deserialize:azure/mgmt/containerregistry/v2019_06_01_preview/_utils/serialization.py,failsafe_deserialize:azure/mgmt/containerregistry/v2020_11_01_preview/_utils/serialization.py,failsafe_deserialize:azure/mgmt/containerregistry/v2021_08_01_preview/_utils/serialization.py,failsafe_deserialize:azure/mgmt/containerregistry/v2022_02_01_preview/_utils/serialization.py,failsafe_deserialize:azure/mgmt/containerregistry/v2023_01_01_preview/_utils/serialization.py,failsafe_deserialize:azure/mgmt/containerregistry/v2023_11_01_preview/_utils/serialization.py,failsafe_deserialize:azure/mgmt/containerregistry/v2024_11_01_preview/_utils/serialization.py,failsafe_deserialize:azure/mgmt/containerregistry/v2025_03_01_preview/_utils/serialization.py,failsafe_deserialize:azure/mgmt/containerregistry/v2025_04_01/_utils/serialization.py",,Attr,Attr,,,,,,Yes
pydash,5668988,https://pypi.org/project/pydash,Y,Y,iterator:pydash/helpers.py,,Attr/Field,Attr/Field,Function,,,,,No
azure-mgmt-compute,5142215,https://pypi.org/project/azure-mgmt-compute,Y,N/A,"deserialize_data:azure/mgmt/compute/_serialization.py,deserialize_from_text:azure/mgmt/compute/_serialization.py,_json_attemp:azure/mgmt/compute/_serialization.py,deserialize_from_http_generics:azure/mgmt/compute/_serialization.py,deserialize:azure/mgmt/compute/_serialization.py,from_dict:azure/mgmt/compute/_serialization.py,failsafe_deserialize:azure/mgmt/compute/_serialization.py",,Attr,Attr,,,,,,Yes
azure-mgmt-cosmosdb,4975381,https://pypi.org/project/azure-mgmt-cosmosdb,Y,N/A,"deserialize_data:azure/mgmt/cosmosdb/_utils/serialization.py,deserialize_from_text:azure/mgmt/cosmosdb/_utils/serialization.py,_json_attemp:azure/mgmt/cosmosdb/_utils/serialization.py,deserialize_from_http_generics:azure/mgmt/cosmosdb/_utils/serialization.py,deserialize:azure/mgmt/cosmosdb/_utils/serialization.py,from_dict:azure/mgmt/cosmosdb/_utils/serialization.py,failsafe_deserialize:azure/mgmt/cosmosdb/_utils/serialization.py",,Attr,Attr,,,,,,Yes
azure-data-tables,4959635,https://pypi.org/project/azure-data-tables,Y,N/A,"deserialize_data:azure/data/tables/_generated/_serialization.py,deserialize_from_text:azure/data/tables/_generated/_serialization.py,_json_attemp:azure/data/tables/_generated/_serialization.py,deserialize_from_http_generics:azure/data/tables/_generated/_serialization.py,deserialize:azure/data/tables/_generated/_serialization.py,from_dict:azure/data/tables/_generated/_serialization.py,failsafe_deserialize:azure/data/tables/_generated/_serialization.py",,Attr,Attr,,,,,,Yes
glom,4910653,https://pypi.org/project/glom,Y,Y,"_glom:glom/core.py,from_text:glom/core.py,_t_eval:glom/core.py,first:glom/streaming.py,_make_stack:glom/test/test_error.py,_test_exc:glom/test/test_error.py",,Attr/Field,Attr/Field,Function,import_django,,,,No
azure-mgmt-containerinstance,4866724,https://pypi.org/project/azure-mgmt-containerinstance,Y,N/A,"deserialize_data:azure/mgmt/containerinstance/_serialization.py,deserialize_from_text:azure/mgmt/containerinstance/_serialization.py,_json_attemp:azure/mgmt/containerinstance/_serialization.py,deserialize_from_http_generics:azure/mgmt/containerinstance/_serialization.py,deserialize:azure/mgmt/containerinstance/_serialization.py,from_dict:azure/mgmt/containerinstance/_serialization.py,failsafe_deserialize:azure/mgmt/containerinstance/_serialization.py",,Attr,Attr,,,,,,Yes
azure-mgmt-keyvault,4789891,https://pypi.org/project/azure-mgmt-keyvault,Y,N/A,"deserialize_data:azure/mgmt/keyvault/_serialization.py,deserialize_from_text:azure/mgmt/keyvault/_serialization.py,_json_attemp:azure/mgmt/keyvault/_serialization.py,deserialize_from_http_generics:azure/mgmt/keyvault/_serialization.py,deserialize:azure/mgmt/keyvault/_serialization.py,from_dict:azure/mgmt/keyvault/_serialization.py,failsafe_deserialize:azure/mgmt/keyvault/_serialization.py",,Attr,Attr,,,,,,Yes
azure-mgmt-authorization,4742860,https://pypi.org/project/azure-mgmt-authorization,Y,N/A,"deserialize_data:azure/mgmt/authorization/_serialization.py,deserialize_from_text:azure/mgmt/authorization/_serialization.py,_json_attemp:azure/mgmt/authorization/_serialization.py,deserialize_from_http_generics:azure/mgmt/authorization/_serialization.py,deserialize:azure/mgmt/authorization/_serialization.py,from_dict:azure/mgmt/authorization/_serialization.py,failsafe_deserialize:azure/mgmt/authorization/_serialization.py",,Attr,Attr,,,,,,Yes
google-generativeai,4677887,https://pypi.org/project/google-generativeai,Y,N/A,"_apply_update:google/generativeai/models.py,_apply_update:google/generativeai/types/permission_types.py,_apply_update:google/generativeai/types/retriever_types.py",,Attr,Attr,,,,,,Yes
azure-mgmt-network,4519039,https://pypi.org/project/azure-mgmt-network,Y,N/A,"deserialize_data:azure/mgmt/network/_serialization.py,deserialize_from_text:azure/mgmt/network/_serialization.py,_json_attemp:azure/mgmt/network/_serialization.py,deserialize_from_http_generics:azure/mgmt/network/_serialization.py,deserialize:azure/mgmt/network/_serialization.py,from_dict:azure/mgmt/network/_serialization.py,failsafe_deserialize:azure/mgmt/network/_serialization.py",,Attr,Attr,,,,,,Yes
azure-monitor-opentelemetry-exporter,4419762,https://pypi.org/project/azure-monitor-opentelemetry-exporter,Y,N/A,"deserialize_data:azure/monitor/opentelemetry/exporter/_quickpulse/_generated/_serialization.py,deserialize_from_text:azure/monitor/opentelemetry/exporter/_quickpulse/_generated/_serialization.py,_json_attemp:azure/monitor/opentelemetry/exporter/_quickpulse/_generated/_serialization.py,deserialize_from_http_generics:azure/monitor/opentelemetry/exporter/_quickpulse/_generated/_serialization.py,deserialize:azure/monitor/opentelemetry/exporter/_quickpulse/_generated/_serialization.py,from_dict:azure/monitor/opentelemetry/exporter/_quickpulse/_generated/_serialization.py,failsafe_deserialize:azure/monitor/opentelemetry/exporter/_quickpulse/_generated/_serialization.py",,Attr,Attr,,,,,,Yes
azure-mgmt-containerservice,4076741,https://pypi.org/project/azure-mgmt-containerservice,Y,N/A,"deserialize_data:azure/mgmt/containerservice/_serialization.py,deserialize_data:azure/mgmt/containerservice/v2017_07_01/_utils/serialization.py,deserialize_data:azure/mgmt/containerservice/v2019_09_30_preview/_utils/serialization.py,deserialize_data:azure/mgmt/containerservice/v2020_03_01/_utils/serialization.py,deserialize_data:azure/mgmt/containerservice/v2020_11_01/_utils/serialization.py,deserialize_data:azure/mgmt/containerservice/v2025_02_02_preview/_utils/serialization.py,deserialize_data:azure/mgmt/containerservice/v2025_03_01/_utils/serialization.py,deserialize_from_text:azure/mgmt/containerservice/_serialization.py,deserialize_from_text:azure/mgmt/containerservice/v2017_07_01/_utils/serialization.py,deserialize_from_text:azure/mgmt/containerservice/v2019_09_30_preview/_utils/serialization.py,deserialize_from_text:azure/mgmt/containerservice/v2020_03_01/_utils/serialization.py,deserialize_from_text:azure/mgmt/containerservice/v2020_11_01/_utils/serialization.py,deserialize_from_text:azure/mgmt/containerservice/v2025_02_02_preview/_utils/serialization.py,deserialize_from_text:azure/mgmt/containerservice/v2025_03_01/_utils/serialization.py,_json_attemp:azure/mgmt/containerservice/_serialization.py,_json_attemp:azure/mgmt/containerservice/v2017_07_01/_utils/serialization.py,_json_attemp:azure/mgmt/containerservice/v2019_09_30_preview/_utils/serialization.py,_json_attemp:azure/mgmt/containerservice/v2020_03_01/_utils/serialization.py,_json_attemp:azure/mgmt/containerservice/v2020_11_01/_utils/serialization.py,_json_attemp:azure/mgmt/containerservice/v2025_02_02_preview/_utils/serialization.py,_json_attemp:azure/mgmt/containerservice/v2025_03_01/_utils/serialization.py,deserialize_from_http_generics:azure/mgmt/containerservice/_serialization.py,deserialize_from_http_generics:azure/mgmt/containerservice/v2017_07_01/_utils/serialization.py,deserialize_from_http_generics:azure/mgmt/containerservice/v2019_09_30_preview/_utils/serialization.py,deserialize_from_http_generics:azure/mgmt/containerservice/v2020_03_01/_utils/serialization.py,deserialize_from_http_generics:azure/mgmt/containerservice/v2020_11_01/_utils/serialization.py,deserialize_from_http_generics:azure/mgmt/containerservice/v2025_02_02_preview/_utils/serialization.py,deserialize_from_http_generics:azure/mgmt/containerservice/v2025_03_01/_utils/serialization.py,deserialize:azure/mgmt/containerservice/_serialization.py,deserialize:azure/mgmt/containerservice/v2017_07_01/_utils/serialization.py,deserialize:azure/mgmt/containerservice/v2019_09_30_preview/_utils/serialization.py,deserialize:azure/mgmt/containerservice/v2020_03_01/_utils/serialization.py,deserialize:azure/mgmt/containerservice/v2020_11_01/_utils/serialization.py,deserialize:azure/mgmt/containerservice/v2025_02_02_preview/_utils/serialization.py,deserialize:azure/mgmt/containerservice/v2025_03_01/_utils/serialization.py,from_dict:azure/mgmt/containerservice/_serialization.py,from_dict:azure/mgmt/containerservice/v2017_07_01/_utils/serialization.py,from_dict:azure/mgmt/containerservice/v2019_09_30_preview/_utils/serialization.py,from_dict:azure/mgmt/containerservice/v2020_03_01/_utils/serialization.py,from_dict:azure/mgmt/containerservice/v2020_11_01/_utils/serialization.py,from_dict:azure/mgmt/containerservice/v2025_02_02_preview/_utils/serialization.py,from_dict:azure/mgmt/containerservice/v2025_03_01/_utils/serialization.py,failsafe_deserialize:azure/mgmt/containerservice/_serialization.py,failsafe_deserialize:azure/mgmt/containerservice/v2017_07_01/_utils/serialization.py,failsafe_deserialize:azure/mgmt/containerservice/v2019_09_30_preview/_utils/serialization.py,failsafe_deserialize:azure/mgmt/containerservice/v2020_03_01/_utils/serialization.py,failsafe_deserialize:azure/mgmt/containerservice/v2020_11_01/_utils/serialization.py,failsafe_deserialize:azure/mgmt/containerservice/v2025_02_02_preview/_utils/serialization.py,failsafe_deserialize:azure/mgmt/containerservice/v2025_03_01/_utils/serialization.py",,Attr,Attr,,,,,,Yes
azure-mgmt-monitor,3675630,https://pypi.org/project/azure-mgmt-monitor,Y,N/A,"deserialize_data:azure/mgmt/monitor/_serialization.py,deserialize_from_text:azure/mgmt/monitor/_serialization.py,_json_attemp:azure/mgmt/monitor/_serialization.py,deserialize_from_http_generics:azure/mgmt/monitor/_serialization.py,deserialize:azure/mgmt/monitor/_serialization.py,from_dict:azure/mgmt/monitor/_serialization.py,failsafe_deserialize:azure/mgmt/monitor/_serialization.py",,Attr,Attr,,,,,,Yes
acryl-datahub,3648263,https://pypi.org/project/acryl-datahub,Y,Y,list_urns_with_path:datahub/utilities/urns/urn_iter.py,,Attr/Field,Attr/Field,Function,import_fastapi|.get/.post/.api_route|import_aiohttp,,,,Yes
azure-mgmt-web,3504766,https://pypi.org/project/azure-mgmt-web,Y,N/A,"deserialize_data:azure/mgmt/web/_serialization.py,deserialize_from_text:azure/mgmt/web/_serialization.py,_json_attemp:azure/mgmt/web/_serialization.py,deserialize_from_http_generics:azure/mgmt/web/_serialization.py,deserialize:azure/mgmt/web/_serialization.py,from_dict:azure/mgmt/web/_serialization.py,failsafe_deserialize:azure/mgmt/web/_serialization.py",,Attr,Attr,,,,,,Yes
azure-mgmt-redis,3497912,https://pypi.org/project/azure-mgmt-redis,Y,N/A,"deserialize_data:azure/mgmt/redis/_serialization.py,deserialize_from_text:azure/mgmt/redis/_serialization.py,_json_attemp:azure/mgmt/redis/_serialization.py,deserialize_from_http_generics:azure/mgmt/redis/_serialization.py,deserialize:azure/mgmt/redis/_serialization.py,from_dict:azure/mgmt/redis/_serialization.py,failsafe_deserialize:azure/mgmt/redis/_serialization.py",,Attr,Attr,,,,,,Yes
azure-appconfiguration,3455426,https://pypi.org/project/azure-appconfiguration,Y,N/A,"deserialize_data:azure/appconfiguration/_generated/_serialization.py,deserialize_from_text:azure/appconfiguration/_generated/_serialization.py,_json_attemp:azure/appconfiguration/_generated/_serialization.py,deserialize_from_http_generics:azure/appconfiguration/_generated/_serialization.py,deserialize:azure/appconfiguration/_generated/_serialization.py,from_dict:azure/appconfiguration/_generated/_serialization.py,failsafe_deserialize:azure/appconfiguration/_generated/_serialization.py",,Attr,Attr,,,,,,Yes
azure-mgmt-dns,3401195,https://pypi.org/project/azure-mgmt-dns,Y,N/A,"deserialize_data:azure/mgmt/dns/_serialization.py,deserialize_from_text:azure/mgmt/dns/_serialization.py,_json_attemp:azure/mgmt/dns/_serialization.py,deserialize_from_http_generics:azure/mgmt/dns/_serialization.py,deserialize:azure/mgmt/dns/_serialization.py,from_dict:azure/mgmt/dns/_serialization.py,failsafe_deserialize:azure/mgmt/dns/_serialization.py",,Attr,Attr,,,,,,Yes
azure-mgmt-servicebus,3362579,https://pypi.org/project/azure-mgmt-servicebus,Y,N/A,"deserialize_data:azure/mgmt/servicebus/_serialization.py,deserialize_from_text:azure/mgmt/servicebus/_serialization.py,_json_attemp:azure/mgmt/servicebus/_serialization.py,deserialize_from_http_generics:azure/mgmt/servicebus/_serialization.py,deserialize:azure/mgmt/servicebus/_serialization.py,from_dict:azure/mgmt/servicebus/_serialization.py,failsafe_deserialize:azure/mgmt/servicebus/_serialization.py",,Attr,Attr,,,,,,Yes
azure-mgmt-msi,3311208,https://pypi.org/project/azure-mgmt-msi,Y,N/A,"deserialize_data:azure/mgmt/msi/_serialization.py,deserialize_from_text:azure/mgmt/msi/_serialization.py,_json_attemp:azure/mgmt/msi/_serialization.py,deserialize_from_http_generics:azure/mgmt/msi/_serialization.py,deserialize:azure/mgmt/msi/_serialization.py,from_dict:azure/mgmt/msi/_serialization.py,failsafe_deserialize:azure/mgmt/msi/_serialization.py",,Attr,Attr,,,,,,Yes
azure-mgmt-eventhub,3297188,https://pypi.org/project/azure-mgmt-eventhub,Y,N/A,"deserialize_data:azure/mgmt/eventhub/_serialization.py,deserialize_from_text:azure/mgmt/eventhub/_serialization.py,_json_attemp:azure/mgmt/eventhub/_serialization.py,deserialize_from_http_generics:azure/mgmt/eventhub/_serialization.py,deserialize:azure/mgmt/eventhub/_serialization.py,from_dict:azure/mgmt/eventhub/_serialization.py,failsafe_deserialize:azure/mgmt/eventhub/_serialization.py",,Attr,Attr,,,,,,Yes
azure-mgmt-cdn,3244849,https://pypi.org/project/azure-mgmt-cdn,Y,N/A,"deserialize_data:azure/mgmt/cdn/_serialization.py,deserialize_from_text:azure/mgmt/cdn/_serialization.py,_json_attemp:azure/mgmt/cdn/_serialization.py,deserialize_from_http_generics:azure/mgmt/cdn/_serialization.py,deserialize:azure/mgmt/cdn/_serialization.py,from_dict:azure/mgmt/cdn/_serialization.py,failsafe_deserialize:azure/mgmt/cdn/_serialization.py",,Attr,Attr,,,,,,Yes
qdrant-client,3232951,https://pypi.org/project/qdrant-client,Y,N/A,_process_model:qdrant_client/embed/model_embedder.py,,Attr,Attr,,,,,,Yes
azure-monitor-query,3230658,https://pypi.org/project/azure-monitor-query,Y,N/A,"deserialize_data:azure/monitor/query/_generated/_serialization.py,deserialize_data:azure/monitor/query/_generated/metrics/_serialization.py,deserialize_data:azure/monitor/query/_generated/metrics/batch/_serialization.py,deserialize_from_text:azure/monitor/query/_generated/_serialization.py,deserialize_from_text:azure/monitor/query/_generated/metrics/_serialization.py,deserialize_from_text:azure/monitor/query/_generated/metrics/batch/_serialization.py,_json_attemp:azure/monitor/query/_generated/_serialization.py,_json_attemp:azure/monitor/query/_generated/metrics/_serialization.py,_json_attemp:azure/monitor/query/_generated/metrics/batch/_serialization.py,deserialize_from_http_generics:azure/monitor/query/_generated/_serialization.py,deserialize_from_http_generics:azure/monitor/query/_generated/metrics/_serialization.py,deserialize_from_http_generics:azure/monitor/query/_generated/metrics/batch/_serialization.py,deserialize:azure/monitor/query/_generated/_serialization.py,deserialize:azure/monitor/query/_generated/metrics/_serialization.py,deserialize:azure/monitor/query/_generated/metrics/batch/_serialization.py,from_dict:azure/monitor/query/_generated/_serialization.py,from_dict:azure/monitor/query/_generated/metrics/_serialization.py,from_dict:azure/monitor/query/_generated/metrics/batch/_serialization.py,failsafe_deserialize:azure/monitor/query/_generated/_serialization.py,failsafe_deserialize:azure/monitor/query/_generated/metrics/_serialization.py,failsafe_deserialize:azure/monitor/query/_generated/metrics/batch/_serialization.py",,Attr,Attr,,,,,,Yes
azure-mgmt-cognitiveservices,3204031,https://pypi.org/project/azure-mgmt-cognitiveservices,Y,N/A,"deserialize_data:azure/mgmt/cognitiveservices/_serialization.py,deserialize_from_text:azure/mgmt/cognitiveservices/_serialization.py,_json_attemp:azure/mgmt/cognitiveservices/_serialization.py,deserialize_from_http_generics:azure/mgmt/cognitiveservices/_serialization.py,deserialize:azure/mgmt/cognitiveservices/_serialization.py,from_dict:azure/mgmt/cognitiveservices/_serialization.py,failsafe_deserialize:azure/mgmt/cognitiveservices/_serialization.py",,Attr,Attr,,,,,,Yes
azure-mgmt-search,3203653,https://pypi.org/project/azure-mgmt-search,Y,N/A,"deserialize_data:azure/mgmt/search/_serialization.py,deserialize_from_text:azure/mgmt/search/_serialization.py,_json_attemp:azure/mgmt/search/_serialization.py,deserialize_from_http_generics:azure/mgmt/search/_serialization.py,deserialize:azure/mgmt/search/_serialization.py,from_dict:azure/mgmt/search/_serialization.py,failsafe_deserialize:azure/mgmt/search/_serialization.py",,Attr,Attr,,,,,,Yes
azure-mgmt-batch,3186489,https://pypi.org/project/azure-mgmt-batch,Y,N/A,"deserialize_data:azure/mgmt/batch/_serialization.py,deserialize_from_text:azure/mgmt/batch/_serialization.py,_json_attemp:azure/mgmt/batch/_serialization.py,deserialize_from_http_generics:azure/mgmt/batch/_serialization.py,deserialize:azure/mgmt/batch/_serialization.py,from_dict:azure/mgmt/batch/_serialization.py,failsafe_deserialize:azure/mgmt/batch/_serialization.py",,Attr,Attr,,,,,,Yes
azure-mgmt-trafficmanager,3133847,https://pypi.org/project/azure-mgmt-trafficmanager,Y,N/A,"deserialize_data:azure/mgmt/trafficmanager/_serialization.py,deserialize_from_text:azure/mgmt/trafficmanager/_serialization.py,_json_attemp:azure/mgmt/trafficmanager/_serialization.py,deserialize_from_http_generics:azure/mgmt/trafficmanager/_serialization.py,deserialize:azure/mgmt/trafficmanager/_serialization.py,from_dict:azure/mgmt/trafficmanager/_serialization.py,failsafe_deserialize:azure/mgmt/trafficmanager/_serialization.py",,Attr,Attr,,,,,,Yes
azure-mgmt-applicationinsights,3120613,https://pypi.org/project/azure-mgmt-applicationinsights,Y,N/A,"deserialize_data:azure/mgmt/applicationinsights/_serialization.py,deserialize_from_text:azure/mgmt/applicationinsights/_serialization.py,_json_attemp:azure/mgmt/applicationinsights/_serialization.py,deserialize_from_http_generics:azure/mgmt/applicationinsights/_serialization.py,deserialize:azure/mgmt/applicationinsights/_serialization.py,from_dict:azure/mgmt/applicationinsights/_serialization.py,failsafe_deserialize:azure/mgmt/applicationinsights/_serialization.py",,Attr,Attr,,,,,,Yes
azure-mgmt-iothub,3103471,https://pypi.org/project/azure-mgmt-iothub,Y,N/A,"deserialize_data:azure/mgmt/iothub/_serialization.py,deserialize_from_text:azure/mgmt/iothub/_serialization.py,_json_attemp:azure/mgmt/iothub/_serialization.py,deserialize_from_http_generics:azure/mgmt/iothub/_serialization.py,deserialize:azure/mgmt/iothub/_serialization.py,from_dict:azure/mgmt/iothub/_serialization.py,failsafe_deserialize:azure/mgmt/iothub/_serialization.py",,Attr,Attr,,,,,,Yes
azure-mgmt-recoveryservicesbackup,3100576,https://pypi.org/project/azure-mgmt-recoveryservicesbackup,Y,N/A,"deserialize_data:azure/mgmt/recoveryservicesbackup/activestamp/_serialization.py,deserialize_data:azure/mgmt/recoveryservicesbackup/passivestamp/_serialization.py,deserialize_from_text:azure/mgmt/recoveryservicesbackup/activestamp/_serialization.py,deserialize_from_text:azure/mgmt/recoveryservicesbackup/passivestamp/_serialization.py,_json_attemp:azure/mgmt/recoveryservicesbackup/activestamp/_serialization.py,_json_attemp:azure/mgmt/recoveryservicesbackup/passivestamp/_serialization.py,deserialize_from_http_generics:azure/mgmt/recoveryservicesbackup/activestamp/_serialization.py,deserialize_from_http_generics:azure/mgmt/recoveryservicesbackup/passivestamp/_serialization.py,deserialize:azure/mgmt/recoveryservicesbackup/activestamp/_serialization.py,deserialize:azure/mgmt/recoveryservicesbackup/passivestamp/_serialization.py,from_dict:azure/mgmt/recoveryservicesbackup/activestamp/_serialization.py,from_dict:azure/mgmt/recoveryservicesbackup/passivestamp/_serialization.py,failsafe_deserialize:azure/mgmt/recoveryservicesbackup/activestamp/_serialization.py,failsafe_deserialize:azure/mgmt/recoveryservicesbackup/passivestamp/_serialization.py",,Attr,Attr,,,,,,Yes
azure-mgmt-recoveryservices,3097259,https://pypi.org/project/azure-mgmt-recoveryservices,Y,N/A,"deserialize_data:azure/mgmt/recoveryservices/_serialization.py,deserialize_from_text:azure/mgmt/recoveryservices/_serialization.py,_json_attemp:azure/mgmt/recoveryservices/_serialization.py,deserialize_from_http_generics:azure/mgmt/recoveryservices/_serialization.py,deserialize:azure/mgmt/recoveryservices/_serialization.py,from_dict:azure/mgmt/recoveryservices/_serialization.py,failsafe_deserialize:azure/mgmt/recoveryservices/_serialization.py",,Attr,Attr,,,,,,Yes
azure-mgmt-eventgrid,3061549,https://pypi.org/project/azure-mgmt-eventgrid,Y,N/A,"deserialize_data:azure/mgmt/eventgrid/_serialization.py,deserialize_from_text:azure/mgmt/eventgrid/_serialization.py,_json_attemp:azure/mgmt/eventgrid/_serialization.py,deserialize_from_http_generics:azure/mgmt/eventgrid/_serialization.py,deserialize:azure/mgmt/eventgrid/_serialization.py,from_dict:azure/mgmt/eventgrid/_serialization.py,failsafe_deserialize:azure/mgmt/eventgrid/_serialization.py",,Attr,Attr,,,,,,Yes
azure-mgmt-servicefabric,2976602,https://pypi.org/project/azure-mgmt-servicefabric,Y,N/A,"deserialize_data:azure/mgmt/servicefabric/_serialization.py,deserialize_from_text:azure/mgmt/servicefabric/_serialization.py,_json_attemp:azure/mgmt/servicefabric/_serialization.py,deserialize_from_http_generics:azure/mgmt/servicefabric/_serialization.py,deserialize:azure/mgmt/servicefabric/_serialization.py,from_dict:azure/mgmt/servicefabric/_serialization.py,failsafe_deserialize:azure/mgmt/servicefabric/_serialization.py",,Attr,Attr,,,,,,Yes
azure-mgmt-billing,2976237,https://pypi.org/project/azure-mgmt-billing,Y,N/A,"deserialize_data:azure/mgmt/billing/_serialization.py,deserialize_from_text:azure/mgmt/billing/_serialization.py,_json_attemp:azure/mgmt/billing/_serialization.py,deserialize_from_http_generics:azure/mgmt/billing/_serialization.py,deserialize:azure/mgmt/billing/_serialization.py,from_dict:azure/mgmt/billing/_serialization.py,failsafe_deserialize:azure/mgmt/billing/_serialization.py",,Attr,Attr,,,,,,Yes
azure-mgmt-media,2975639,https://pypi.org/project/azure-mgmt-media,Y,N/A,"deserialize_data:azure/mgmt/media/_serialization.py,deserialize_from_text:azure/mgmt/media/_serialization.py,_json_attemp:azure/mgmt/media/_serialization.py,deserialize_from_http_generics:azure/mgmt/media/_serialization.py,deserialize:azure/mgmt/media/_serialization.py,from_dict:azure/mgmt/media/_serialization.py,failsafe_deserialize:azure/mgmt/media/_serialization.py",,Attr,Attr,,,,,,Yes
azure-mgmt-signalr,2944002,https://pypi.org/project/azure-mgmt-signalr,Y,N/A,"deserialize_data:azure/mgmt/signalr/_serialization.py,deserialize_from_text:azure/mgmt/signalr/_serialization.py,_json_attemp:azure/mgmt/signalr/_serialization.py,deserialize_from_http_generics:azure/mgmt/signalr/_serialization.py,deserialize:azure/mgmt/signalr/_serialization.py,from_dict:azure/mgmt/signalr/_serialization.py,failsafe_deserialize:azure/mgmt/signalr/_serialization.py",,Attr,Attr,,,,,,Yes
azure-mgmt-maps,2939492,https://pypi.org/project/azure-mgmt-maps,Y,N/A,"deserialize_data:azure/mgmt/maps/_serialization.py,deserialize_from_text:azure/mgmt/maps/_serialization.py,_json_attemp:azure/mgmt/maps/_serialization.py,deserialize_from_http_generics:azure/mgmt/maps/_serialization.py,deserialize:azure/mgmt/maps/_serialization.py,from_dict:azure/mgmt/maps/_serialization.py,failsafe_deserialize:azure/mgmt/maps/_serialization.py",,Attr,Attr,,,,,,Yes
azure-synapse-artifacts,2926234,https://pypi.org/project/azure-synapse-artifacts,Y,N/A,"deserialize_data:azure/synapse/artifacts/_serialization.py,deserialize_from_text:azure/synapse/artifacts/_serialization.py,_json_attemp:azure/synapse/artifacts/_serialization.py,deserialize_from_http_generics:azure/synapse/artifacts/_serialization.py,deserialize:azure/synapse/artifacts/_serialization.py,from_dict:azure/synapse/artifacts/_serialization.py,failsafe_deserialize:azure/synapse/artifacts/_serialization.py",,Attr,Attr,,,,,,Yes
azureml-core,2823309,https://pypi.org/project/azureml-core,Y,N/A,"_serialize_to_dict:azureml/core/_serialization_utils.py,set_param:azureml/_vendor/azure_cli_core/commands/__init__.py,_serialize_run_config_to_dict:azureml/_execution/_commands.py,_start_internal:azureml/_execution/_commands.py,_start_git_snapshot_run:azureml/_execution/_commands.py,deserialize_from_text:azureml/_vendor/azure_network/_serialization.py,_json_attemp:azureml/_vendor/azure_network/_serialization.py,deserialize_from_http_generics:azureml/_vendor/azure_network/_serialization.py,deserialize:azureml/_vendor/azure_network/_serialization.py,from_dict:azureml/_vendor/azure_network/_serialization.py,failsafe_deserialize:azureml/_vendor/azure_network/_serialization.py,deserialize_data:azureml/_vendor/azure_network/_serialization.py,_deserialize_and_add_to_object:azureml/core/_serialization_utils.py,serialize:azureml/core/webservice/aci.py,_split_key_value_pair:azureml/_vendor/azure_cli_core/commands/arm.py,_get_internal_path:azureml/_vendor/azure_cli_core/commands/arm.py,_get_environment_definition:azureml/_restclient/environment_client.py,_get_environment_definition_by_label:azureml/_restclient/environment_client.py,_format_env_for_path:azureml/_restclient/environment_client.py,list_environments:azureml/_cli/environment/environment_commands.py,save:azureml/core/runconfig.py,_get_run_config_object:azureml/core/runconfig.py,_get_runconfig_using_runid:azureml/core/runconfig.py,_get_runconfig_using_run_details:azureml/core/runconfig.py,_get_runconfig_using_dict:azureml/core/runconfig.py,get_cluster_url:azureml/_restclient/workspace_client.py",,Attr,Attr,,import_aiohttp,,,,No
azureml-core,2823309,https://pypi.org/project/azureml-core,Y,N/A,,,Attr/Field,Attr/Field,,,,,,No
azureml-core,2823309,https://pypi.org/project/azureml-core,Y,N/A,,,Attr,Field,,,,,,No
pyinstrument,2689275,https://pypi.org/project/pyinstrument,Y,Y,set_value_at_keypath:pyinstrument/vendor/keypath.py,,Attr/Field,Attr/Field,Function,import_django,,,,No
lightning,2572006,https://pypi.org/project/lightning,Y,N/A,"_set_module_by_path:lightning/pytorch/utilities/parameter_tying.py,_find_shared_parameters:lightning/pytorch/utilities/parameter_tying.py",,Attr,Attr,,.get/.post/.api_route|import_fastapi|import_pytorch_lightning,,,,Yes
azure-eventgrid,2562341,https://pypi.org/project/azure-eventgrid,Y,N/A,"deserialize_data:azure/eventgrid/_legacy/_generated/_serialization.py,deserialize_data:azure/eventgrid/_serialization.py,_from_cncf_events:azure/eventgrid/_legacy/_helpers.py,_get_json_content:azure/eventgrid/_legacy/_messaging_shared.py,deserialize_from_text:azure/eventgrid/_legacy/_generated/_serialization.py,deserialize_from_text:azure/eventgrid/_serialization.py,_json_attemp:azure/eventgrid/_legacy/_generated/_serialization.py,_json_attemp:azure/eventgrid/_serialization.py,deserialize_from_http_generics:azure/eventgrid/_legacy/_generated/_serialization.py,deserialize_from_http_generics:azure/eventgrid/_serialization.py,deserialize:azure/eventgrid/_legacy/_generated/_serialization.py,deserialize:azure/eventgrid/_serialization.py,from_dict:azure/eventgrid/_legacy/_generated/_serialization.py,from_dict:azure/eventgrid/_serialization.py,failsafe_deserialize:azure/eventgrid/_legacy/_generated/_serialization.py,failsafe_deserialize:azure/eventgrid/_serialization.py",,Attr,Attr,,,,,,Yes
azure-search-documents,2507285,https://pypi.org/project/azure-search-documents,Y,N/A,"deserialize:azure/search/documents/_generated/_serialization.py,deserialize:azure/search/documents/indexes/_generated/_serialization.py,_get_next_cb:azure/search/documents/_paging.py,_get_next_cb:azure/search/documents/aio/_paging.py,deserialize_from_text:azure/search/documents/_generated/_serialization.py,deserialize_from_text:azure/search/documents/indexes/_generated/_serialization.py,_json_attemp:azure/search/documents/_generated/_serialization.py,_json_attemp:azure/search/documents/indexes/_generated/_serialization.py,deserialize_from_http_generics:azure/search/documents/_generated/_serialization.py,deserialize_from_http_generics:azure/search/documents/indexes/_generated/_serialization.py,from_dict:azure/search/documents/_generated/_serialization.py,from_dict:azure/search/documents/indexes/_generated/_serialization.py,failsafe_deserialize:azure/search/documents/_generated/_serialization.py,failsafe_deserialize:azure/search/documents/indexes/_generated/_serialization.py,deserialize_data:azure/search/documents/_generated/_serialization.py,deserialize_data:azure/search/documents/indexes/_generated/_serialization.py",,Attr,Attr,,,,,,Yes
newrelic,2382150,https://pypi.org/project/newrelic,Y,N/A,"resolve_path:newrelic/packages/wrapt/patches.py,_apply_high_security_mode_fixups:newrelic/core/agent_protocol.py,decode_response:newrelic/core/agent_protocol.py,_process_setting:newrelic/config.py,apply_config_setting:newrelic/core/config.py,fetch_config_setting:newrelic/core/config.py,_remove_ignored_configs:newrelic/core/config.py,_module_function_glob:newrelic/config.py,_wsgi_application_import_hook:newrelic/config.py,_instrument:newrelic/config.py,_background_task_import_hook:newrelic/config.py,_database_trace_import_hook:newrelic/config.py,_external_trace_import_hook:newrelic/config.py,_function_trace_import_hook:newrelic/config.py,_generator_trace_import_hook:newrelic/config.py,_profile_trace_import_hook:newrelic/config.py,_memcache_trace_import_hook:newrelic/config.py,_transaction_name_import_hook:newrelic/config.py,_error_trace_import_hook:newrelic/config.py,_function_profile_import_hook:newrelic/config.py,json_decode:newrelic/common/encoding_utils.py,patch_function_wrapper:newrelic/common/object_wrapper.py",,Attr,Attr,,import_django|import_tornado|import_cherrypy|import_starlette|import_pyramid|import_aiohttp|import_sanic|import_flask|import_falcon,,,,Yes
fastcore,2231120,https://pypi.org/project/fastcore,Y,N/A,patch:fastcore/basics.py,,Attr/Field,Attr,,,,,,Yes
tf-keras,2218507,https://pypi.org/project/tf-keras,Y,Y,_set_object_by_path:tf_keras/src/dtensor/layout_map.py,,Attr/Field,Attr/Field,Function,,,,,Yes
azure-cli-core,2147843,https://pypi.org/project/azure-cli-core,Y,Y,"_get_internal_path:azure/cli/core/commands/arm.py,set_param:azure/cli/core/commands/__init__.py,_split_key_value_pair:azure/cli/core/commands/arm.py",,Attr,Attr,,,,,,No
azure-cli-core,2147843,https://pypi.org/project/azure-cli-core,Y,Y,,,Attr/Field,Attr/Field,Local,,,,,No
azure-cli-core,2147843,https://pypi.org/project/azure-cli-core,Y,N/A,,,Attr/Field,Attr,,,,,,No
etils,2048504,https://pypi.org/project/etils,Y,N/A,"_update_class:etils/ecolab/inplace_reload.py,_update_enum:etils/ecolab/inplace_reload.py,update:etils/ecolab/inplace_reload.py",,Attr,Attr,,import_flask,,,,Yes
azure-mgmt-subscription,2041571,https://pypi.org/project/azure-mgmt-subscription,Y,N/A,"deserialize_data:azure/mgmt/subscription/_serialization.py,deserialize_from_text:azure/mgmt/subscription/_serialization.py,_json_attemp:azure/mgmt/subscription/_serialization.py,deserialize_from_http_generics:azure/mgmt/subscription/_serialization.py,deserialize:azure/mgmt/subscription/_serialization.py,from_dict:azure/mgmt/subscription/_serialization.py,failsafe_deserialize:azure/mgmt/subscription/_serialization.py",,Attr,Attr,,,,,,Yes
conan,1947743,https://pypi.org/project/conan,Y,N/A,update_values:conan-2.16.1/conan/internal/model/settings.py,,Attr,Attr,,,,,,No
azure-mgmt-reservations,1769810,https://pypi.org/project/azure-mgmt-reservations,Y,N/A,"deserialize_data:azure/mgmt/reservations/_serialization.py,deserialize_from_text:azure/mgmt/reservations/_serialization.py,_json_attemp:azure/mgmt/reservations/_serialization.py,deserialize_from_http_generics:azure/mgmt/reservations/_serialization.py,deserialize:azure/mgmt/reservations/_serialization.py,from_dict:azure/mgmt/reservations/_serialization.py,failsafe_deserialize:azure/mgmt/reservations/_serialization.py",,Attr,Attr,,,,,,Yes
azure-mgmt-apimanagement,1732890,https://pypi.org/project/azure-mgmt-apimanagement,Y,N/A,"deserialize_data:azure/mgmt/apimanagement/_serialization.py,deserialize_from_text:azure/mgmt/apimanagement/_serialization.py,_json_attemp:azure/mgmt/apimanagement/_serialization.py,deserialize_from_http_generics:azure/mgmt/apimanagement/_serialization.py,deserialize:azure/mgmt/apimanagement/_serialization.py,from_dict:azure/mgmt/apimanagement/_serialization.py,failsafe_deserialize:azure/mgmt/apimanagement/_serialization.py",,Attr,Attr,,,,,,Yes
google-genai,1699489,https://pypi.org/project/google-genai,Y,N/A,get_value_by_path:google/genai/_common.py,,Attr/Field,Field,,,,,,Yes
google-genai,1699489,https://pypi.org/project/google-genai,Y,N/A,,,Attr,Field,,,,,,Yes
azure-mgmt-privatedns,1696347,https://pypi.org/project/azure-mgmt-privatedns,Y,N/A,"deserialize_data:azure/mgmt/privatedns/_serialization.py,deserialize_from_text:azure/mgmt/privatedns/_serialization.py,_json_attemp:azure/mgmt/privatedns/_serialization.py,deserialize_from_http_generics:azure/mgmt/privatedns/_serialization.py,deserialize:azure/mgmt/privatedns/_serialization.py,from_dict:azure/mgmt/privatedns/_serialization.py,failsafe_deserialize:azure/mgmt/privatedns/_serialization.py",,Attr,Attr,,,,,,Yes
azure-cli,1669488,https://pypi.org/project/azure-cli,Y,N/A,"deserialize_data:azure/cli/command_modules/keyvault/vendored_sdks/azure_keyvault_securitydomain/_serialization.py,deserialize_from_text:azure/cli/command_modules/keyvault/vendored_sdks/azure_keyvault_securitydomain/_serialization.py,_json_attemp:azure/cli/command_modules/keyvault/vendored_sdks/azure_keyvault_securitydomain/_serialization.py,deserialize_from_http_generics:azure/cli/command_modules/keyvault/vendored_sdks/azure_keyvault_securitydomain/_serialization.py,deserialize:azure/cli/command_modules/keyvault/vendored_sdks/azure_keyvault_securitydomain/_serialization.py,from_dict:azure/cli/command_modules/keyvault/vendored_sdks/azure_keyvault_securitydomain/_serialization.py,failsafe_deserialize:azure/cli/command_modules/keyvault/vendored_sdks/azure_keyvault_securitydomain/_serialization.py",,Attr,Attr,,rule_instantiation,,,,Yes
azure-mgmt-security,1582500,https://pypi.org/project/azure-mgmt-security,Y,N/A,"deserialize_data:azure/mgmt/security/_serialization.py,deserialize_from_text:azure/mgmt/security/_serialization.py,_json_attemp:azure/mgmt/security/_serialization.py,deserialize_from_http_generics:azure/mgmt/security/_serialization.py,deserialize:azure/mgmt/security/_serialization.py,from_dict:azure/mgmt/security/_serialization.py,failsafe_deserialize:azure/mgmt/security/_serialization.py",,Attr,Attr,,,,,,Yes
flax,1578643,https://pypi.org/project/flax,Y,Y,_traverse_tree:flax/cursor.py,,Attr/Field,Attr/Field,Function,,,,,Yes
azure-schemaregistry,1577752,https://pypi.org/project/azure-schemaregistry,Y,N/A,"deserialize_data:azure/schemaregistry/_serialization.py,deserialize_from_text:azure/schemaregistry/_serialization.py,_json_attemp:azure/schemaregistry/_serialization.py,deserialize_from_http_generics:azure/schemaregistry/_serialization.py,deserialize:azure/schemaregistry/_serialization.py,from_dict:azure/schemaregistry/_serialization.py,failsafe_deserialize:azure/schemaregistry/_serialization.py",,Attr,Attr,,,,,,Yes
azure-ai-documentintelligence,1515414,https://pypi.org/project/azure-ai-documentintelligence,Y,N/A,"deserialize_data:azure/ai/documentintelligence/_serialization.py,deserialize_from_text:azure/ai/documentintelligence/_serialization.py,_json_attemp:azure/ai/documentintelligence/_serialization.py,deserialize_from_http_generics:azure/ai/documentintelligence/_serialization.py,deserialize:azure/ai/documentintelligence/_serialization.py,from_dict:azure/ai/documentintelligence/_serialization.py,failsafe_deserialize:azure/ai/documentintelligence/_serialization.py",,Attr,Attr,,,,,,Yes
azure-mgmt-appconfiguration,1504258,https://pypi.org/project/azure-mgmt-appconfiguration,Y,N/A,"deserialize_data:azure/mgmt/appconfiguration/_serialization.py,deserialize_from_text:azure/mgmt/appconfiguration/_serialization.py,_json_attemp:azure/mgmt/appconfiguration/_serialization.py,deserialize_from_http_generics:azure/mgmt/appconfiguration/_serialization.py,deserialize:azure/mgmt/appconfiguration/_serialization.py,from_dict:azure/mgmt/appconfiguration/_serialization.py,failsafe_deserialize:azure/mgmt/appconfiguration/_serialization.py",,Attr,Attr,,,,,,Yes
azure-mgmt-powerbiembedded,1498700,https://pypi.org/project/azure-mgmt-powerbiembedded,Y,N/A,"deserialize_data:azure/mgmt/powerbiembedded/_serialization.py,deserialize_from_text:azure/mgmt/powerbiembedded/_serialization.py,_json_attemp:azure/mgmt/powerbiembedded/_serialization.py,deserialize_from_http_generics:azure/mgmt/powerbiembedded/_serialization.py,deserialize:azure/mgmt/powerbiembedded/_serialization.py,from_dict:azure/mgmt/powerbiembedded/_serialization.py,failsafe_deserialize:azure/mgmt/powerbiembedded/_serialization.py",,Attr,Attr,,,,,,Yes
azure-mgmt-netapp,1490791,https://pypi.org/project/azure-mgmt-netapp,Y,N/A,"deserialize_data:azure/mgmt/netapp/_serialization.py,deserialize_from_text:azure/mgmt/netapp/_serialization.py,_json_attemp:azure/mgmt/netapp/_serialization.py,deserialize_from_http_generics:azure/mgmt/netapp/_serialization.py,deserialize:azure/mgmt/netapp/_serialization.py,from_dict:azure/mgmt/netapp/_serialization.py,failsafe_deserialize:azure/mgmt/netapp/_serialization.py",,Attr,Attr,,,,,,Yes
azure-multiapi-storage,1487345,https://pypi.org/project/azure-multiapi-storage,Y,N/A,"deserialize_data:azure/multiapi/storagev2/blob/v2021_08_06/_generated/_serialization.py,deserialize_data:azure/multiapi/storagev2/blob/v2022_11_02/_generated/_serialization.py,deserialize_data:azure/multiapi/storagev2/filedatalake/v2021_08_06/_generated/_serialization.py,deserialize_data:azure/multiapi/storagev2/fileshare/v2025_05_05/_generated/_serialization.py,deserialize_from_text:azure/multiapi/storagev2/blob/v2021_08_06/_generated/_serialization.py,deserialize_from_text:azure/multiapi/storagev2/blob/v2022_11_02/_generated/_serialization.py,deserialize_from_text:azure/multiapi/storagev2/filedatalake/v2021_08_06/_generated/_serialization.py,deserialize_from_text:azure/multiapi/storagev2/fileshare/v2025_05_05/_generated/_serialization.py,_json_attemp:azure/multiapi/storagev2/blob/v2021_08_06/_generated/_serialization.py,_json_attemp:azure/multiapi/storagev2/blob/v2022_11_02/_generated/_serialization.py,_json_attemp:azure/multiapi/storagev2/filedatalake/v2021_08_06/_generated/_serialization.py,_json_attemp:azure/multiapi/storagev2/fileshare/v2025_05_05/_generated/_serialization.py,deserialize_from_http_generics:azure/multiapi/storagev2/blob/v2021_08_06/_generated/_serialization.py,deserialize_from_http_generics:azure/multiapi/storagev2/blob/v2022_11_02/_generated/_serialization.py,deserialize_from_http_generics:azure/multiapi/storagev2/filedatalake/v2021_08_06/_generated/_serialization.py,deserialize_from_http_generics:azure/multiapi/storagev2/fileshare/v2025_05_05/_generated/_serialization.py,deserialize:azure/multiapi/storagev2/blob/v2021_08_06/_generated/_serialization.py,deserialize:azure/multiapi/storagev2/blob/v2022_11_02/_generated/_serialization.py,deserialize:azure/multiapi/storagev2/filedatalake/v2021_08_06/_generated/_serialization.py,deserialize:azure/multiapi/storagev2/fileshare/v2025_05_05/_generated/_serialization.py,from_dict:azure/multiapi/storagev2/blob/v2021_08_06/_generated/_serialization.py,from_dict:azure/multiapi/storagev2/blob/v2022_11_02/_generated/_serialization.py,from_dict:azure/multiapi/storagev2/filedatalake/v2021_08_06/_generated/_serialization.py,from_dict:azure/multiapi/storagev2/fileshare/v2025_05_05/_generated/_serialization.py,failsafe_deserialize:azure/multiapi/storagev2/blob/v2021_08_06/_generated/_serialization.py,failsafe_deserialize:azure/multiapi/storagev2/blob/v2022_11_02/_generated/_serialization.py,failsafe_deserialize:azure/multiapi/storagev2/filedatalake/v2021_08_06/_generated/_serialization.py,failsafe_deserialize:azure/multiapi/storagev2/fileshare/v2025_05_05/_generated/_serialization.py",,Attr,Attr,,,,,,Yes
azure-mgmt-redhatopenshift,1486576,https://pypi.org/project/azure-mgmt-redhatopenshift,Y,N/A,"deserialize_data:azure/mgmt/redhatopenshift/_serialization.py,deserialize_from_text:azure/mgmt/redhatopenshift/_serialization.py,_json_attemp:azure/mgmt/redhatopenshift/_serialization.py,deserialize_from_http_generics:azure/mgmt/redhatopenshift/_serialization.py,deserialize:azure/mgmt/redhatopenshift/_serialization.py,from_dict:azure/mgmt/redhatopenshift/_serialization.py,failsafe_deserialize:azure/mgmt/redhatopenshift/_serialization.py",,Attr,Attr,,,,,,Yes
azure-mgmt-botservice,1476699,https://pypi.org/project/azure-mgmt-botservice,Y,N/A,"deserialize_data:azure/mgmt/botservice/_serialization.py,deserialize_from_text:azure/mgmt/botservice/_serialization.py,_json_attemp:azure/mgmt/botservice/_serialization.py,deserialize_from_http_generics:azure/mgmt/botservice/_serialization.py,deserialize:azure/mgmt/botservice/_serialization.py,from_dict:azure/mgmt/botservice/_serialization.py,failsafe_deserialize:azure/mgmt/botservice/_serialization.py",,Attr,Attr,,,,,,Yes
azure-mgmt-databoxedge,1463707,https://pypi.org/project/azure-mgmt-databoxedge,Y,N/A,"deserialize_data:azure/mgmt/databoxedge/_serialization.py,deserialize_from_text:azure/mgmt/databoxedge/_serialization.py,_json_attemp:azure/mgmt/databoxedge/_serialization.py,deserialize_from_http_generics:azure/mgmt/databoxedge/_serialization.py,deserialize:azure/mgmt/databoxedge/_serialization.py,from_dict:azure/mgmt/databoxedge/_serialization.py,failsafe_deserialize:azure/mgmt/databoxedge/_serialization.py",,Attr,Attr,,,,,,Yes
azure-keyvault-administration,1456086,https://pypi.org/project/azure-keyvault-administration,Y,N/A,"deserialize_data:azure/keyvault/administration/_generated/_serialization.py,deserialize_from_text:azure/keyvault/administration/_generated/_serialization.py,_json_attemp:azure/keyvault/administration/_generated/_serialization.py,deserialize_from_http_generics:azure/keyvault/administration/_generated/_serialization.py,deserialize:azure/keyvault/administration/_generated/_serialization.py,from_dict:azure/keyvault/administration/_generated/_serialization.py,failsafe_deserialize:azure/keyvault/administration/_generated/_serialization.py",,Attr,Attr,,,,,,Yes
azure-mgmt-imagebuilder,1454571,https://pypi.org/project/azure-mgmt-imagebuilder,Y,N/A,"deserialize_data:azure/mgmt/imagebuilder/_serialization.py,deserialize_from_text:azure/mgmt/imagebuilder/_serialization.py,_json_attemp:azure/mgmt/imagebuilder/_serialization.py,deserialize_from_http_generics:azure/mgmt/imagebuilder/_serialization.py,deserialize:azure/mgmt/imagebuilder/_serialization.py,from_dict:azure/mgmt/imagebuilder/_serialization.py,failsafe_deserialize:azure/mgmt/imagebuilder/_serialization.py",,Attr,Attr,,,,,,Yes
azure-mgmt-extendedlocation,1453828,https://pypi.org/project/azure-mgmt-extendedlocation,Y,N/A,"deserialize_data:azure/mgmt/extendedlocation/_serialization.py,deserialize_from_text:azure/mgmt/extendedlocation/_serialization.py,_json_attemp:azure/mgmt/extendedlocation/_serialization.py,deserialize_from_http_generics:azure/mgmt/extendedlocation/_serialization.py,deserialize:azure/mgmt/extendedlocation/_serialization.py,from_dict:azure/mgmt/extendedlocation/_serialization.py,failsafe_deserialize:azure/mgmt/extendedlocation/_serialization.py",,Attr,Attr,,,,,,Yes
azure-mgmt-servicefabricmanagedclusters,1450365,https://pypi.org/project/azure-mgmt-servicefabricmanagedclusters,Y,N/A,"deserialize_data:azure/mgmt/servicefabricmanagedclusters/_serialization.py,deserialize_from_text:azure/mgmt/servicefabricmanagedclusters/_serialization.py,_json_attemp:azure/mgmt/servicefabricmanagedclusters/_serialization.py,deserialize_from_http_generics:azure/mgmt/servicefabricmanagedclusters/_serialization.py,deserialize:azure/mgmt/servicefabricmanagedclusters/_serialization.py,from_dict:azure/mgmt/servicefabricmanagedclusters/_serialization.py,failsafe_deserialize:azure/mgmt/servicefabricmanagedclusters/_serialization.py",,Attr,Attr,,,,,,Yes
azure-mgmt-appcontainers,1444082,https://pypi.org/project/azure-mgmt-appcontainers,Y,N/A,"deserialize_data:azure/mgmt/appcontainers/_serialization.py,deserialize_from_text:azure/mgmt/appcontainers/_serialization.py,_json_attemp:azure/mgmt/appcontainers/_serialization.py,deserialize_from_http_generics:azure/mgmt/appcontainers/_serialization.py,deserialize:azure/mgmt/appcontainers/_serialization.py,from_dict:azure/mgmt/appcontainers/_serialization.py,failsafe_deserialize:azure/mgmt/appcontainers/_serialization.py",,Attr,Attr,,,,,,Yes
django-import-export,1431256,https://pypi.org/project/django-import-export,Y,N/A,save:import_export/fields.py,,Attr,Attr,,import_django,,,,No
azure-ai-ml,1407670,https://pypi.org/project/azure-ai-ml,Y,N/A,,,Attr,Attr,,,,,,Yes
dlt,1361515,https://pypi.org/project/dlt,Y,N/A,,,Attr/Field,Attr/Field,,import_streamlit,,,,No
dlt,1361515,https://pypi.org/project/dlt,Y,N/A,,,Attr/Field,Attr,,,,,,No
diracx-client,1350953,https://pypi.org/project/diracx-client,Y,N/A,"deserialize_data:diracx/client/_generated/_serialization.py,deserialize_data:diracx/client/_generated/_utils/serialization.py,deserialize_from_text:diracx/client/_generated/_serialization.py,deserialize_from_text:diracx/client/_generated/_utils/serialization.py,_json_attemp:diracx/client/_generated/_serialization.py,_json_attemp:diracx/client/_generated/_utils/serialization.py,deserialize_from_http_generics:diracx/client/_generated/_serialization.py,deserialize_from_http_generics:diracx/client/_generated/_utils/serialization.py,deserialize:diracx/client/_generated/_serialization.py,deserialize:diracx/client/_generated/_utils/serialization.py,from_dict:diracx/client/_generated/_serialization.py,from_dict:diracx/client/_generated/_utils/serialization.py,failsafe_deserialize:diracx/client/_generated/_serialization.py,failsafe_deserialize:diracx/client/_generated/_utils/serialization.py",,Attr,Attr,,,,,,Yes
mediapipe,1301079,https://pypi.org/project/mediapipe,Y,N/A,create_graph_options:mediapipe/python/solution_base.py,,Attr,Attr,,,,,,Yes
azure-mgmt-hybridcompute,1212218,https://pypi.org/project/azure-mgmt-hybridcompute,Y,N/A,"deserialize_data:azure/mgmt/hybridcompute/_serialization.py,deserialize_from_text:azure/mgmt/hybridcompute/_serialization.py,_json_attemp:azure/mgmt/hybridcompute/_serialization.py,deserialize_from_http_generics:azure/mgmt/hybridcompute/_serialization.py,deserialize:azure/mgmt/hybridcompute/_serialization.py,from_dict:azure/mgmt/hybridcompute/_serialization.py,failsafe_deserialize:azure/mgmt/hybridcompute/_serialization.py",,Attr,Attr,,,,,,Yes
jsonargparse,1162237,https://pypi.org/project/jsonargparse,Y,N/A,"__setattr__:jsonargparse/_namespace.py,__setitem__:jsonargparse/_namespace.py",,Attr/Field,Attr/Field,,,,,,No
azure-mgmt-mysqlflexibleservers,1157621,https://pypi.org/project/azure-mgmt-mysqlflexibleservers,Y,N/A,"deserialize_data:azure/mgmt/mysqlflexibleservers/_serialization.py,deserialize_from_text:azure/mgmt/mysqlflexibleservers/_serialization.py,_json_attemp:azure/mgmt/mysqlflexibleservers/_serialization.py,deserialize_from_http_generics:azure/mgmt/mysqlflexibleservers/_serialization.py,deserialize:azure/mgmt/mysqlflexibleservers/_serialization.py,from_dict:azure/mgmt/mysqlflexibleservers/_serialization.py,failsafe_deserialize:azure/mgmt/mysqlflexibleservers/_serialization.py",,Attr,Attr,,,,,,Yes
azure-mgmt-postgresqlflexibleservers,1146860,https://pypi.org/project/azure-mgmt-postgresqlflexibleservers,Y,N/A,"deserialize_data:azure/mgmt/postgresqlflexibleservers/_serialization.py,deserialize_from_text:azure/mgmt/postgresqlflexibleservers/_serialization.py,_json_attemp:azure/mgmt/postgresqlflexibleservers/_serialization.py,deserialize_from_http_generics:azure/mgmt/postgresqlflexibleservers/_serialization.py,deserialize:azure/mgmt/postgresqlflexibleservers/_serialization.py,from_dict:azure/mgmt/postgresqlflexibleservers/_serialization.py,failsafe_deserialize:azure/mgmt/postgresqlflexibleservers/_serialization.py",,Attr,Attr,,,,,,Yes
modelscope,1135783,https://pypi.org/project/modelscope,Y,N/A,_setattr:modelscope/trainers/hooks/compression/utils.py,,Attr,Attr,,import_starlette|.get/.post/.api_route|import_fastapi,,,,No
xsdata,1085469,https://pypi.org/project/xsdata,Y,N/A,attrsetter:xsdata/utils/objects.py,,Attr,Attr,,,,,,Yes
modal,1052508,https://pypi.org/project/modal,Y,N/A,_fill:modal/_utils/rand_pb_testing.py,,Attr,Attr,,import_fastapi|import_flask|import_aiohttp|.route,,,,Yes
fixtures,1034136,https://pypi.org/project/fixtures,Y,N/A,"_setUp:fixtures/_fixtures/monkeypatch.py,_setUp:fixtures/fixture.py,__init__:fixtures/_fixtures/monkeypatch.py,setUp:fixtures/tests/test_fixture.py,setUp:fixtures/tests/test_testcase.py,useFixture:fixtures/testcase.py",,Attr,Attr,,,,,,Yes
gluonts,963844,https://pypi.org/project/gluonts,Y,N/A,update_configs:gluonts/nursery/daf/__main__.py,,Attr,Attr,,import_flask|.route|import_pytorch_lightning,,,,No
panel,948801,https://pypi.org/project/panel,Y,N/A,"link_to_jslink:panel/io/embed.py,select:panel/chat/feed.py,select:panel/chat/message.py,select:panel/custom.py,select:panel/layout/accordion.py,select:panel/layout/base.py,select:panel/layout/card.py,select:panel/layout/flex.py,select:panel/layout/float.py,select:panel/layout/swipe.py,select:panel/pane/base.py,select:panel/param.py,select:panel/viewable.py,select:panel/widgets/base.py,panel:panel/pane/base.py,_get_root_model:panel/pane/base.py,get_root:panel/io/notifications.py,get_root:panel/layout/base.py,get_root:panel/pane/base.py,get_root:panel/param.py,get_root:panel/viewable.py,_get_model:panel/chat/input.py,_get_model:panel/custom.py,_get_model:panel/layout/base.py,_get_model:panel/layout/feed.py,_get_model:panel/layout/grid.py,_get_model:panel/layout/modal.py,_get_model:panel/layout/spacer.py,_get_model:panel/pane/base.py,_get_model:panel/pane/deckgl.py,_get_model:panel/pane/echarts.py,_get_model:panel/pane/equation.py,_get_model:panel/pane/holoviews.py,_get_model:panel/pane/ipywidget.py,_get_model:panel/pane/markup.py,_get_model:panel/pane/perspective.py,_get_model:panel/pane/plot.py,_get_model:panel/pane/plotly.py,_get_model:panel/pane/vega.py,_get_model:panel/pane/vizzu.py,_get_model:panel/pane/vtk/vtk.py,_get_model:panel/reactive.py,_get_model:panel/widgets/base.py,_get_model:panel/widgets/button.py,_get_model:panel/widgets/codeeditor.py,_get_model:panel/widgets/indicators.py,_get_model:panel/widgets/input.py,_get_model:panel/widgets/misc.py,_get_model:panel/widgets/select.py,_get_model:panel/widgets/tables.py,_get_model:panel/widgets/terminal.py,_get_model:panel/widgets/texteditor.py,_get_properties:panel/chat/input.py,_get_properties:panel/custom.py,_get_properties:panel/pane/echarts.py,_get_properties:panel/pane/perspective.py,_get_properties:panel/pane/vega.py,_get_properties:panel/pane/vizzu.py,_get_properties:panel/reactive.py,_get_properties:panel/widgets/tables.py,_update_renderers:panel/widgets/indicators.py,_update_figure:panel/widgets/indicators.py,_init_callback:panel/links.py,_get_specs:panel/links.py,__init__:panel/param.py,__panel__:panel/pipeline.py,__panel__:panel/tests/test_viewable.py,_process_param_change:panel/widgets/player.py,_process_param_change:panel/widgets/select.py,_render_model:panel/viewable.py,_repr_mimebundle_:panel/viewable.py,_create_view:panel/viewable.py",,Attr,Attr,,import_flask|import_fastapi|import_tornado,,,,No
optimum,895227,https://pypi.org/project/optimum,Y,N/A,recurse_setattr:optimum/utils/modeling_utils.py,,Attr,Attr,,,,,,No
simple-parsing,816562,https://pypi.org/project/simple-parsing,Y,N/A,"__setattr__:simple_parsing/helpers/flatten.py,setattr_recursive:simple_parsing/utils.py",,Attr,Attr,,,,,,Yes
model-bakery,816233,https://pypi.org/project/model-bakery,Y,N/A,_save_related_objs:model_bakery/baker.py,,Attr,Attr,,import_django,,,,Yes
azure-monitor-ingestion,781514,https://pypi.org/project/azure-monitor-ingestion,Y,N/A,"deserialize_data:azure/monitor/ingestion/_serialization.py,deserialize_from_text:azure/monitor/ingestion/_serialization.py,_json_attemp:azure/monitor/ingestion/_serialization.py,deserialize_from_http_generics:azure/monitor/ingestion/_serialization.py,deserialize:azure/monitor/ingestion/_serialization.py,from_dict:azure/monitor/ingestion/_serialization.py,failsafe_deserialize:azure/monitor/ingestion/_serialization.py",,Attr,Attr,,,,,,Yes
ariadne,774317,https://pypi.org/project/ariadne,Y,N/A,"_purge_directive_nodes:ariadne/contrib/federation/utils.py,genexpr:ariadne/contrib/federation/utils.py",,Attr,Attr,,import_starlette,,,,No
torchao,738632,https://pypi.org/project/torchao,Y,N/A,load_weights:torchao/prototype/quantization/mixed_precision/scripts/hessian_vhp.py,,Attr,Attr,,,,,,Yes
azure-mgmt-kusto,709641,https://pypi.org/project/azure-mgmt-kusto,Y,N/A,"deserialize_data:azure/mgmt/kusto/_serialization.py,deserialize_from_text:azure/mgmt/kusto/_serialization.py,_json_attemp:azure/mgmt/kusto/_serialization.py,deserialize_from_http_generics:azure/mgmt/kusto/_serialization.py,deserialize:azure/mgmt/kusto/_serialization.py,from_dict:azure/mgmt/kusto/_serialization.py,failsafe_deserialize:azure/mgmt/kusto/_serialization.py",,Attr,Attr,,,,,,Yes
azure-ai-inference,695805,https://pypi.org/project/azure-ai-inference,Y,N/A,"deserialize_data:azure/ai/inference/_serialization.py,deserialize_from_text:azure/ai/inference/_serialization.py,_json_attemp:azure/ai/inference/_serialization.py,deserialize_from_http_generics:azure/ai/inference/_serialization.py,deserialize:azure/ai/inference/_serialization.py,from_dict:azure/ai/inference/_serialization.py,failsafe_deserialize:azure/ai/inference/_serialization.py",,Attr,Attr,,,,,,Yes
ragas,694828,https://pypi.org/project/ragas,Y,N/A,update_strings:ragas/prompt/utils.py,,Attr,Attr,,,,,,No
deepspeed,637213,https://pypi.org/project/deepspeed,Y,N/A,"recursive_setattr:deepspeed-0.16.8/deepspeed/compression/helper.py,recursive_setattr:deepspeed-0.16.8/deepspeed/inference/quantization/utils.py,get_module_name:deepspeed-0.16.8/deepspeed/compression/compress.py",,Attr,Attr,,,,,,Yes
azure-communication-email,545374,https://pypi.org/project/azure-communication-email,Y,N/A,"deserialize_data:azure/communication/email/_generated/_serialization.py,deserialize_from_text:azure/communication/email/_generated/_serialization.py,_json_attemp:azure/communication/email/_generated/_serialization.py,deserialize_from_http_generics:azure/communication/email/_generated/_serialization.py,deserialize:azure/communication/email/_generated/_serialization.py,from_dict:azure/communication/email/_generated/_serialization.py,failsafe_deserialize:azure/communication/email/_generated/_serialization.py",,Attr,Attr,,,,,,Yes
datarobotx,519811,https://pypi.org/project/datarobotx,Y,N/A,"otv:datarobotx/common/configurator.py,_from_dict:datarobotx/common/utils.py,__setitem__:datarobotx/common/utils.py,__delitem__:datarobotx/common/utils.py",,Attr,Attr,,import_aiohttp,,,,Yes
djangorestframework-dataclasses,506171,https://pypi.org/project/djangorestframework-dataclasses,Y,N/A,,,Attr,Attr,,import_django,,,,Yes
azure-containerregistry,476858,https://pypi.org/project/azure-containerregistry,Y,N/A,"deserialize_data:azure/containerregistry/_generated/_serialization.py,deserialize_from_text:azure/containerregistry/_generated/_serialization.py,_json_attemp:azure/containerregistry/_generated/_serialization.py,deserialize_from_http_generics:azure/containerregistry/_generated/_serialization.py,deserialize:azure/containerregistry/_generated/_serialization.py,from_dict:azure/containerregistry/_generated/_serialization.py,failsafe_deserialize:azure/containerregistry/_generated/_serialization.py",,Attr,Attr,,,,,,Yes
ibis-framework,454170,https://pypi.org/project/ibis-framework,Y,N/A,set:ibis/config.py,,Attr,Attr,,import_streamlit,,,,Yes
docarray,442112,https://pypi.org/project/docarray,Y,N/A,__getitem__:docarray/data/torch_dataset.py,,Attr,Attr,,.get/.post/.api_route|import_fastapi,,,,No
paddlepaddle,438267,https://pypi.org/project/paddlepaddle,Y,N/A,set_table_config:paddle/distributed/fleet/base/distributed_strategy.py,,Attr,Attr,,,,,,Yes
tf-keras-nightly,414442,https://pypi.org/project/tf-keras-nightly,Y,N/A,_set_object_by_path:tf_keras/src/dtensor/layout_map.py,,Attr/Field,Attr/Field,,,,,,Yes
traits,398300,https://pypi.org/project/traits,Y,N/A,xsetattr:traits/trait_base.py,,Attr,Attr,,,,,,Yes
azureml-train-automl-client,392477,https://pypi.org/project/azureml-train-automl-client,Y,N/A,from_string_or_dict:azureml/train/automl/_azureautomlsettings.py,,Attr/Field,Attr,,,,,,Yes
azure-mgmt-quota,386698,https://pypi.org/project/azure-mgmt-quota,Y,N/A,"deserialize_data:azure/mgmt/quota/_serialization.py,deserialize_from_text:azure/mgmt/quota/_serialization.py,_json_attemp:azure/mgmt/quota/_serialization.py,deserialize_from_http_generics:azure/mgmt/quota/_serialization.py,deserialize:azure/mgmt/quota/_serialization.py,from_dict:azure/mgmt/quota/_serialization.py,failsafe_deserialize:azure/mgmt/quota/_serialization.py",,Attr,Attr,,,,,,Yes
clearml,381030,https://pypi.org/project/clearml,Y,Y,"_step:clearml/automation/scheduler.py,_step:clearml/automation/trigger.py,_deserialize_state:clearml/automation/scheduler.py,_deserialize_state:clearml/automation/trigger.py,_deserialize:clearml/automation/trigger.py,_get_data_property:clearml/backend_interface/task/access.py,__init__:clearml/automation/job.py,update:clearml/automation/scheduler.py,start_remotely:clearml/automation/scheduler.py,_launch_job:clearml/automation/scheduler.py,_launch_job:clearml/automation/trigger.py,_launch_job_task:clearml/automation/scheduler.py,__deserialize_scheduled_jobs:clearml/automation/scheduler.py,__deserialize_section:clearml/automation/trigger.py,__deserialize_triggers:clearml/automation/trigger.py",,Attr/Field,Attr/Field,Function,import_fastapi|import_starlette|import_gradio|import_pytorch_lightning,,,,No
clearml,381030,https://pypi.org/project/clearml,Y,N/A,,,Attr/Field,Field,,,,,,No
clearml,381030,https://pypi.org/project/clearml,Y,N/A,,,Attr,Field,,,,,,No
spyne,370553,https://pypi.org/project/spyne,Y,N/A,"get_cls_attrs:spyne-2.14.0/spyne/protocol/_base.py,_complex_to_csv:spyne-2.14.0/spyne/protocol/csv.py,_sanitize:spyne-2.14.0/spyne/protocol/_base.py,_object_to_doc:spyne-2.14.0/spyne/protocol/dictdoc/hier.py,_get_member_pairs:spyne-2.14.0/spyne/protocol/dictdoc/hier.py,_to_dict_value:spyne-2.14.0/spyne/protocol/dictdoc/hier.py,_complex_to_doc:spyne-2.14.0/spyne/protocol/dictdoc/hier.py,_complex_to_list:spyne-2.14.0/spyne/protocol/dictdoc/hier.py,get:spyne-2.14.0/spyne/util/odict.py",,Attr,Attr,,route_name=|import_django|.route|import_cherrypy|import_pyramid|add_route|import_flask,,,,No
spyne,370553,https://pypi.org/project/spyne,Y,N/A,,,Attr,Field,,,,,,No
beanie,362462,https://pypi.org/project/beanie,Y,N,"encode:beanie/odm/utils/encoder.py,sync:beanie/odm/documents.py,_iter_model_items:beanie/odm/utils/encoder.py,_collect_updates:beanie/odm/documents.py,apply_changes:beanie/odm/utils/parsing.py,get_model_fields:beanie/odm/utils/pydantic.py",,Attr/Field,Attr/Field,,,,,,No
tensorflow-model-optimization,352293,https://pypi.org/project/tensorflow-model-optimization,Y,N/A,"update_clustered_weights_associations:tensorflow_model_optimization/python/core/clustering/keras/cluster_wrapper.py,set_weight_to_layer:tensorflow_model_optimization/python/core/clustering/keras/cluster_wrapper.py",,Attr,Attr,,,,,,Yes
litestar,348273,https://pypi.org/project/litestar,Y,N/A,"_deref_schema_object:litestar/_openapi/typescript_converter/converter.py,resolve_ref:litestar/_openapi/typescript_converter/converter.py,parse_request_body:litestar/_openapi/typescript_converter/converter.py,parse_responses:litestar/_openapi/typescript_converter/converter.py,convert_openapi_to_typescript:litestar/_openapi/typescript_converter/converter.py",,Attr/Field,Field,,,,,,No
litestar,348273,https://pypi.org/project/litestar,Y,N/A,,,Attr,Field,,,,,,No
robocorp-log,343316,https://pypi.org/project/robocorp-log,Y,N/A,iter_and_replace_nodes:robocorp/log/_ast_utils.py,,Attr,Attr,,,,,,Yes
cloudinary,337056,https://pypi.org/project/cloudinary,Y,N/A,"_put_nested_key:cloudinary/__init__.py,_setup_from_parsed_url:cloudinary/__init__.py",,Attr,Field,,import_django,,,,Yes
pyro-ppl,299735,https://pypi.org/project/pyro-ppl,Y,N/A,"deep_setattr:pyro/infer/autoguide/utils.py,get_posterior:pyro/infer/autoguide/effect.py,_get_params:pyro/infer/autoguide/effect.py,_get_posterior_median:pyro/infer/autoguide/effect.py,_setup_prototype:pyro/infer/autoguide/gaussian.py,_setup_prototype:pyro/infer/autoguide/guides.py,forward:pyro/infer/autoguide/gaussian.py,forward:pyro/infer/autoguide/guides.py,_pyro_sample:pyro/poutine/guide.py,patch_dependency:pyro/distributions/torch_patch.py",,Attr,Attr,,,,,,Yes
bigframes,299218,https://pypi.org/project/bigframes,Y,N/A,"__enter__:bigframes_vendored/pandas/_config/config.py,__exit__:bigframes_vendored/pandas/_config/config.py,_set_option:bigframes_vendored/pandas/_config/config.py,set:bigframes_vendored/ibis/config.py,_with_temporary:bigframes_vendored/ibis/config.py,__call__:bigframes_vendored/ibis/config.py",,Attr,Attr,,import_flask,,,,Yes
azure-eventhub-checkpointstoreblob-aio,297132,https://pypi.org/project/azure-eventhub-checkpointstoreblob-aio,Y,N/A,"deserialize_data:azure/eventhub/extensions/checkpointstoreblobaio/_vendor/storage/blob/_generated/_serialization.py,deserialize_from_text:azure/eventhub/extensions/checkpointstoreblobaio/_vendor/storage/blob/_generated/_serialization.py,_json_attemp:azure/eventhub/extensions/checkpointstoreblobaio/_vendor/storage/blob/_generated/_serialization.py,deserialize_from_http_generics:azure/eventhub/extensions/checkpointstoreblobaio/_vendor/storage/blob/_generated/_serialization.py,deserialize:azure/eventhub/extensions/checkpointstoreblobaio/_vendor/storage/blob/_generated/_serialization.py,from_dict:azure/eventhub/extensions/checkpointstoreblobaio/_vendor/storage/blob/_generated/_serialization.py,failsafe_deserialize:azure/eventhub/extensions/checkpointstoreblobaio/_vendor/storage/blob/_generated/_serialization.py",,Attr,Attr,,,,,,Yes
azure-ai-contentsafety,292385,https://pypi.org/project/azure-ai-contentsafety,Y,N/A,"deserialize_data:azure/ai/contentsafety/_serialization.py,deserialize_from_text:azure/ai/contentsafety/_serialization.py,_json_attemp:azure/ai/contentsafety/_serialization.py,deserialize_from_http_generics:azure/ai/contentsafety/_serialization.py,deserialize:azure/ai/contentsafety/_serialization.py,from_dict:azure/ai/contentsafety/_serialization.py,failsafe_deserialize:azure/ai/contentsafety/_serialization.py",,Attr,Attr,,,,,,Yes
captum,267430,https://pypi.org/project/captum,Y,N/A,_model_reinsert_params:captum/influence/_utils/common.py,,Attr,Attr,,import_flask|.route,,,,No
comet-ml,245333,https://pypi.org/project/comet-ml,Y,N/A,_set_object:comet_ml/monkey_patching.py,,Attr,Attr,,import_streamlit,,,,Yes
nncf,236705,https://pypi.org/project/nncf,Y,N/A,apply_combination:nncf/quantization/algorithms/hyperparameter_tuner/algorithm.py,,Attr,Attr,,,,,,Yes
azure-ai-textanalytics,236629,https://pypi.org/project/azure-ai-textanalytics,Y,N/A,"deserialize_data:azure/ai/textanalytics/_generated/_serialization.py,_current_body:azure/ai/textanalytics/_lro.py,_current_body:azure/ai/textanalytics/aio/_lro_async.py,deserialize_from_text:azure/ai/textanalytics/_generated/_serialization.py,_json_attemp:azure/ai/textanalytics/_generated/_serialization.py,deserialize_from_http_generics:azure/ai/textanalytics/_generated/_serialization.py,deserialize:azure/ai/textanalytics/_generated/_serialization.py,from_dict:azure/ai/textanalytics/_generated/_serialization.py,failsafe_deserialize:azure/ai/textanalytics/_generated/_serialization.py",,Attr,Attr,,,,,,Yes
onnxsim,229285,https://pypi.org/project/onnxsim,Y,N/A,"_ParseOrMerge:onnxsim-0.4.36/third_party/onnx-optimizer/third_party/protobuf/python/google/protobuf/text_format.py,do_test:onnxsim-0.4.36/third_party/onnx-optimizer/third_party/protobuf/conformance/conformance_python.py,_AssertProtoEqual:onnxsim-0.4.36/third_party/onnx-optimizer/third_party/protobuf/python/google/protobuf/internal/descriptor_test.py,_InternalTestCopyToProto:onnxsim-0.4.36/third_party/onnx-optimizer/third_party/protobuf/python/google/protobuf/internal/descriptor_test.py,genexpr:onnxsim-0.4.36/third_party/onnx-optimizer/third_party/protobuf/python/google/protobuf/json_format.py,genexpr:onnxsim-0.4.36/third_party/onnx-optimizer/third_party/protobuf/python/google/protobuf/text_format.py,_ConvertMapFieldValue:onnxsim-0.4.36/third_party/onnx-optimizer/third_party/protobuf/python/google/protobuf/json_format.py,_GetSerializedFileDescriptor:onnxsim-0.4.36/third_party/onnx-optimizer/third_party/protobuf/python/google/protobuf/internal/reflection_test.py,_MergeMessage:onnxsim-0.4.36/third_party/onnx-optimizer/third_party/protobuf/python/google/protobuf/internal/well_known_types.py",,Attr,Attr,,,,,,Yes
azure-mgmt-costmanagement,229125,https://pypi.org/project/azure-mgmt-costmanagement,Y,N/A,"deserialize_data:azure/mgmt/costmanagement/_serialization.py,deserialize_from_text:azure/mgmt/costmanagement/_serialization.py,_json_attemp:azure/mgmt/costmanagement/_serialization.py,deserialize_from_http_generics:azure/mgmt/costmanagement/_serialization.py,deserialize:azure/mgmt/costmanagement/_serialization.py,from_dict:azure/mgmt/costmanagement/_serialization.py,failsafe_deserialize:azure/mgmt/costmanagement/_serialization.py",,Attr,Attr,,,,,,Yes
netapp-ontap,228971,https://pypi.org/project/netapp-ontap,Y,N/A,"post:netapp_ontap/resources/account.py,post:netapp_ontap/resources/account_password.py,post:netapp_ontap/resources/active_directory.py,post:netapp_ontap/resources/active_directory_preferred_dc.py,post:netapp_ontap/resources/aggregate.py,post:netapp_ontap/resources/application.py,post:netapp_ontap/resources/application_component_snapshot.py,post:netapp_ontap/resources/application_snapshot.py,post:netapp_ontap/resources/audit.py,post:netapp_ontap/resources/autosupport_message.py,post:netapp_ontap/resources/aws_kms.py,post:netapp_ontap/resources/azure_key_vault.py,post:netapp_ontap/resources/bgp_peer_group.py,post:netapp_ontap/resources/broadcast_domain.py,post:netapp_ontap/resources/cifs_domain_preferred_dc.py,post:netapp_ontap/resources/cifs_search_path.py,post:netapp_ontap/resources/cifs_service.py,post:netapp_ontap/resources/cifs_share.py,post:netapp_ontap/resources/cifs_share_acl.py,post:netapp_ontap/resources/cifs_symlink_mapping.py,post:netapp_ontap/resources/cloud_store.py,post:netapp_ontap/resources/cloud_target.py,post:netapp_ontap/resources/cluster.py,post:netapp_ontap/resources/cluster_ad_proxy.py,post:netapp_ontap/resources/cluster_ldap.py,post:netapp_ontap/resources/cluster_nis_service.py,post:netapp_ontap/resources/cluster_peer.py,post:netapp_ontap/resources/configuration_backup_file.py,post:netapp_ontap/resources/consistency_group.py,post:netapp_ontap/resources/consistency_group_snapshot.py,post:netapp_ontap/resources/directory_restore.py,post:netapp_ontap/resources/dns.py,post:netapp_ontap/resources/duo.py,post:netapp_ontap/resources/duogroup.py,post:netapp_ontap/resources/ebr_operation.py,post:netapp_ontap/resources/ems_application_log.py,post:netapp_ontap/resources/ems_destination.py,post:netapp_ontap/resources/ems_filter.py,post:netapp_ontap/resources/ems_filter_rule.py,post:netapp_ontap/resources/ems_role_config.py,post:netapp_ontap/resources/export_client.py,post:netapp_ontap/resources/export_policy.py,post:netapp_ontap/resources/export_rule.py,post:netapp_ontap/resources/fc_interface.py,post:netapp_ontap/resources/fcp_service.py,post:netapp_ontap/resources/file_clone.py,post:netapp_ontap/resources/file_copy.py,post:netapp_ontap/resources/file_directory_security.py,post:netapp_ontap/resources/file_directory_security_acl.py,post:netapp_ontap/resources/file_info.py,post:netapp_ontap/resources/file_move.py,post:netapp_ontap/resources/flexcache.py,post:netapp_ontap/resources/fpolicy.py,post:netapp_ontap/resources/fpolicy_engine.py,post:netapp_ontap/resources/fpolicy_event.py,post:netapp_ontap/resources/fpolicy_persistent_store.py,post:netapp_ontap/resources/fpolicy_policy.py,post:netapp_ontap/resources/gcp_kms.py,post:netapp_ontap/resources/group_role_mappings.py,post:netapp_ontap/resources/igroup.py,post:netapp_ontap/resources/igroup_initiator.py,post:netapp_ontap/resources/igroup_nested.py,post:netapp_ontap/resources/ip_interface.py,post:netapp_ontap/resources/ip_service_policy.py,post:netapp_ontap/resources/ip_subnet.py,post:netapp_ontap/resources/ipsec_ca_certificate.py,post:netapp_ontap/resources/ipsec_policy.py,post:netapp_ontap/resources/ipspace.py,post:netapp_ontap/resources/iscsi_credentials.py,post:netapp_ontap/resources/iscsi_service.py,post:netapp_ontap/resources/kerberos_realm.py,post:netapp_ontap/resources/key_manager_auth_key.py,post:netapp_ontap/resources/key_server.py,post:netapp_ontap/resources/ldap_schema.py,post:netapp_ontap/resources/ldap_service.py,post:netapp_ontap/resources/license_package.py,post:netapp_ontap/resources/local_cifs_group.py,post:netapp_ontap/resources/local_cifs_group_members.py,post:netapp_ontap/resources/local_cifs_user.py,post:netapp_ontap/resources/local_cifs_users_and_groups_import.py,post:netapp_ontap/resources/local_host.py,post:netapp_ontap/resources/lun.py,post:netapp_ontap/resources/lun_attribute.py,post:netapp_ontap/resources/lun_map.py,post:netapp_ontap/resources/lun_map_reporting_node.py,post:netapp_ontap/resources/mediator.py,post:netapp_ontap/resources/metrocluster.py,post:netapp_ontap/resources/metrocluster_diagnostics.py,post:netapp_ontap/resources/metrocluster_dr_group.py,post:netapp_ontap/resources/multi_admin_verify_approval_group.py,post:netapp_ontap/resources/multi_admin_verify_request.py,post:netapp_ontap/resources/multi_admin_verify_rule.py,post:netapp_ontap/resources/name_mapping.py,post:netapp_ontap/resources/network_http_proxy.py,post:netapp_ontap/resources/network_route.py,post:netapp_ontap/resources/nfs_service.py,post:netapp_ontap/resources/nis_service.py,post:netapp_ontap/resources/node.py,post:netapp_ontap/resources/ntp_key.py,post:netapp_ontap/resources/ntp_server.py,post:netapp_ontap/resources/nvme_namespace.py,post:netapp_ontap/resources/nvme_service.py,post:netapp_ontap/resources/nvme_subsystem.py,post:netapp_ontap/resources/nvme_subsystem_host.py,post:netapp_ontap/resources/nvme_subsystem_map.py,post:netapp_ontap/resources/port.py,post:netapp_ontap/resources/portset.py,post:netapp_ontap/resources/portset_interface.py,post:netapp_ontap/resources/publickey.py,post:netapp_ontap/resources/qos_policy.py,post:netapp_ontap/resources/qtree.py,post:netapp_ontap/resources/quota_rule.py,post:netapp_ontap/resources/resource_tag_resource.py,post:netapp_ontap/resources/role.py,post:netapp_ontap/resources/role_privilege.py,post:netapp_ontap/resources/s3_audit.py,post:netapp_ontap/resources/s3_bucket.py,post:netapp_ontap/resources/s3_bucket_lifecycle_rule.py,post:netapp_ontap/resources/s3_bucket_snapshot.py,post:netapp_ontap/resources/s3_bucket_svm.py,post:netapp_ontap/resources/s3_group.py,post:netapp_ontap/resources/s3_policy.py,post:netapp_ontap/resources/s3_service.py,post:netapp_ontap/resources/s3_user.py,post:netapp_ontap/resources/schedule.py,post:netapp_ontap/resources/security_audit_log_forward.py,post:netapp_ontap/resources/security_certificate.py,post:netapp_ontap/resources/security_external_role_mapping.py,post:netapp_ontap/resources/security_group.py,post:netapp_ontap/resources/security_key_manager.py,post:netapp_ontap/resources/security_oauth2.py,post:netapp_ontap/resources/security_saml_sp.py,post:netapp_ontap/resources/snaplock_compliance_clock.py,post:netapp_ontap/resources/snaplock_file_fingerprint.py,post:netapp_ontap/resources/snaplock_legal_hold_operation.py,post:netapp_ontap/resources/snaplock_litigation.py,post:netapp_ontap/resources/snaplock_log.py,post:netapp_ontap/resources/snaplock_retention_policy.py,post:netapp_ontap/resources/snapmirror_policy.py,post:netapp_ontap/resources/snapmirror_relationship.py,post:netapp_ontap/resources/snapmirror_transfer.py,post:netapp_ontap/resources/snapshot.py,post:netapp_ontap/resources/snapshot_policy.py,post:netapp_ontap/resources/snapshot_policy_schedule.py,post:netapp_ontap/resources/snmp_traphost.py,post:netapp_ontap/resources/snmp_user.py,post:netapp_ontap/resources/software_package_download.py,post:netapp_ontap/resources/storage_pool.py,post:netapp_ontap/resources/storage_unit.py,post:netapp_ontap/resources/storage_unit_snapshot.py,post:netapp_ontap/resources/svm.py,post:netapp_ontap/resources/svm_migration.py,post:netapp_ontap/resources/svm_peer.py,post:netapp_ontap/resources/svm_peer_permission.py,post:netapp_ontap/resources/switch.py,post:netapp_ontap/resources/token.py,post:netapp_ontap/resources/totp.py,post:netapp_ontap/resources/unix_group.py,post:netapp_ontap/resources/unix_group_users.py,post:netapp_ontap/resources/unix_user.py,post:netapp_ontap/resources/user_group_privileges.py,post:netapp_ontap/resources/volume.py,post:netapp_ontap/resources/volume_efficiency_policy.py,post:netapp_ontap/resources/vscan.py,post:netapp_ontap/resources/vscan_on_access.py,post:netapp_ontap/resources/vscan_on_demand.py,post:netapp_ontap/resources/vscan_scanner_pool.py,post:netapp_ontap/resources/vvol_binding.py,post:netapp_ontap/resources/wwpn_alias.py,_post:netapp_ontap/resource.py,_set_keys:netapp_ontap/resource.py,_set_keys_from_location:netapp_ontap/resource.py,_attrsetter:netapp_ontap/resource.py",,Attr,Attr,,rule_instantiation,,,,Yes
meta,226540,https://pypi.org/project/meta,Y,N/A,visit:meta-1.0.2/meta/asttools/visitors/__init__.py,,Attr,Attr/Field,,,,,,Yes
azure-eventhub-checkpointstoreblob,222397,https://pypi.org/project/azure-eventhub-checkpointstoreblob,Y,N/A,"deserialize_data:azure/eventhub/extensions/checkpointstoreblob/_vendor/storage/blob/_generated/_serialization.py,deserialize_from_text:azure/eventhub/extensions/checkpointstoreblob/_vendor/storage/blob/_generated/_serialization.py,_json_attemp:azure/eventhub/extensions/checkpointstoreblob/_vendor/storage/blob/_generated/_serialization.py,deserialize_from_http_generics:azure/eventhub/extensions/checkpointstoreblob/_vendor/storage/blob/_generated/_serialization.py,deserialize:azure/eventhub/extensions/checkpointstoreblob/_vendor/storage/blob/_generated/_serialization.py,from_dict:azure/eventhub/extensions/checkpointstoreblob/_vendor/storage/blob/_generated/_serialization.py,failsafe_deserialize:azure/eventhub/extensions/checkpointstoreblob/_vendor/storage/blob/_generated/_serialization.py",,Attr,Attr,,,,,,Yes
ipex-llm,221639,https://pypi.org/project/ipex-llm,Y,N/A,set_op_by_name:ipex_llm/transformers/awq/awq.py,,Attr,Attr,,import_aiohttp|import_starlette|.get/.post/.api_route|import_fastapi,,,,No
diastatic-malt,207770,https://pypi.org/project/diastatic-malt,Y,N/A,"_ensure_node_in_anf:malt/pyct/common_transformers/anf.py,_ensure_fields_in_anf:malt/pyct/common_transformers/anf.py,visit_For:malt/pyct/common_transformers/anf.py,visit_While:malt/pyct/common_transformers/anf.py,visit_If:malt/pyct/common_transformers/anf.py",,Attr,Attr,,,,,,Yes
mo-dots,204011,https://pypi.org/project/mo-dots,Y,Y,"_set_default:mo_dots/__init__.py,set_attr:mo_dots/__init__.py",,Attr/Field,Attr/Field,Function,,,,,No
azure-mgmt-databricks,196014,https://pypi.org/project/azure-mgmt-databricks,Y,N/A,"deserialize_data:azure/mgmt/databricks/_serialization.py,deserialize_from_text:azure/mgmt/databricks/_serialization.py,_json_attemp:azure/mgmt/databricks/_serialization.py,deserialize_from_http_generics:azure/mgmt/databricks/_serialization.py,deserialize:azure/mgmt/databricks/_serialization.py,from_dict:azure/mgmt/databricks/_serialization.py,failsafe_deserialize:azure/mgmt/databricks/_serialization.py",,Attr,Attr,,,,,,Yes
azure-messaging-webpubsubservice,193104,https://pypi.org/project/azure-messaging-webpubsubservice,Y,N/A,"deserialize_data:azure/messaging/webpubsubservice/_serialization.py,deserialize_from_text:azure/messaging/webpubsubservice/_serialization.py,_json_attemp:azure/messaging/webpubsubservice/_serialization.py,deserialize_from_http_generics:azure/messaging/webpubsubservice/_serialization.py,deserialize:azure/messaging/webpubsubservice/_serialization.py,from_dict:azure/messaging/webpubsubservice/_serialization.py,failsafe_deserialize:azure/messaging/webpubsubservice/_serialization.py",,Attr,Attr,,,,,,Yes
smolagents,191273,https://pypi.org/project/smolagents,Y,Y,"set_value:smolagents/local_python_executor.py,evaluate_attribute:smolagents/local_python_executor.py,evaluate_unaryop:smolagents/local_python_executor.py,evaluate_lambda:smolagents/local_python_executor.py,evaluate_while:smolagents/local_python_executor.py,evaluate_function_def:smolagents/local_python_executor.py,evaluate_class_def:smolagents/local_python_executor.py,get_current_value:smolagents/local_python_executor.py,genexpr:smolagents/local_python_executor.py,evaluate_boolop:smolagents/local_python_executor.py,evaluate_binop:smolagents/local_python_executor.py,evaluate_call:smolagents/local_python_executor.py,evaluate_subscript:smolagents/local_python_executor.py,evaluate_name:smolagents/local_python_executor.py,evaluate_condition:smolagents/local_python_executor.py,evaluate_if:smolagents/local_python_executor.py,inner_evaluate:smolagents/local_python_executor.py,evaluate_try:smolagents/local_python_executor.py,evaluate_raise:smolagents/local_python_executor.py,evaluate_assert:smolagents/local_python_executor.py,evaluate_with:smolagents/local_python_executor.py,evaluate_delete:smolagents/local_python_executor.py,evaluate_python_code:smolagents/local_python_executor.py",,Attr/Field,Attr/Field,None,import_gradio,,,,Yes
azure-ai-translation-document,187489,https://pypi.org/project/azure-ai-translation-document,Y,N/A,"deserialize_data:azure/ai/translation/document/_serialization.py,deserialize_from_text:azure/ai/translation/document/_serialization.py,_json_attemp:azure/ai/translation/document/_serialization.py,deserialize_from_http_generics:azure/ai/translation/document/_serialization.py,deserialize:azure/ai/translation/document/_serialization.py,from_dict:azure/ai/translation/document/_serialization.py,failsafe_deserialize:azure/ai/translation/document/_serialization.py",,Attr,Attr,,,,,,Yes
pytest-sftpserver,186991,https://pypi.org/project/pytest-sftpserver,Y,Y,put:pytest_sftpserver/sftp/content_provider.py,,Attr/Field,Attr/Field,Remote,,,,TODO: Add PoC,Yes
azure-ai-language-questionanswering,186856,https://pypi.org/project/azure-ai-language-questionanswering,Y,N/A,"deserialize_data:azure/ai/language/questionanswering/_serialization.py,deserialize_data:azure/ai/language/questionanswering/authoring/_serialization.py,deserialize_from_text:azure/ai/language/questionanswering/_serialization.py,deserialize_from_text:azure/ai/language/questionanswering/authoring/_serialization.py,_json_attemp:azure/ai/language/questionanswering/_serialization.py,_json_attemp:azure/ai/language/questionanswering/authoring/_serialization.py,deserialize_from_http_generics:azure/ai/language/questionanswering/_serialization.py,deserialize_from_http_generics:azure/ai/language/questionanswering/authoring/_serialization.py,deserialize:azure/ai/language/questionanswering/_serialization.py,deserialize:azure/ai/language/questionanswering/authoring/_serialization.py,from_dict:azure/ai/language/questionanswering/_serialization.py,from_dict:azure/ai/language/questionanswering/authoring/_serialization.py,failsafe_deserialize:azure/ai/language/questionanswering/_serialization.py,failsafe_deserialize:azure/ai/language/questionanswering/authoring/_serialization.py",,Attr,Attr,,,,,,Yes
botorch,186236,https://pypi.org/project/botorch,Y,N/A,,,Attr,Attr,,,,,,Yes
azure-ai-language-conversations,186084,https://pypi.org/project/azure-ai-language-conversations,Y,N/A,"deserialize_data:azure/ai/language/conversations/_serialization.py,deserialize_data:azure/ai/language/conversations/authoring/_serialization.py,deserialize_from_text:azure/ai/language/conversations/_serialization.py,deserialize_from_text:azure/ai/language/conversations/authoring/_serialization.py,_json_attemp:azure/ai/language/conversations/_serialization.py,_json_attemp:azure/ai/language/conversations/authoring/_serialization.py,deserialize_from_http_generics:azure/ai/language/conversations/_serialization.py,deserialize_from_http_generics:azure/ai/language/conversations/authoring/_serialization.py,deserialize:azure/ai/language/conversations/_serialization.py,deserialize:azure/ai/language/conversations/authoring/_serialization.py,from_dict:azure/ai/language/conversations/_serialization.py,from_dict:azure/ai/language/conversations/authoring/_serialization.py,failsafe_deserialize:azure/ai/language/conversations/_serialization.py,failsafe_deserialize:azure/ai/language/conversations/authoring/_serialization.py",,Attr,Attr,,,,,,Yes
vispy,150589,https://pypi.org/project/vispy,Y,N/A,nested_setattr:vispy/scene/cameras/base_camera.py,,Attr,Attr,,,,,,No
google-gax,147465,https://pypi.org/project/google-gax,Y,N,set:google/gax/utils/protobuf.py,,Attr/Field,Attr/Field,,,,,,Yes
serial,145208,https://pypi.org/project/serial,Y,N/A,model:serial/test.py,,Attr,Field,,,,,,Yes
hera,144758,https://pypi.org/project/hera,Y,N/A,_set_model_attr:hera/workflows/_meta_mixins.py,,Attr,Attr,,,,,,Yes
onnxoptimizer,144653,https://pypi.org/project/onnxoptimizer,Y,N/A,"_ParseOrMerge:onnxoptimizer-0.3.13/third_party/protobuf/python/google/protobuf/text_format.py,do_test:onnxoptimizer-0.3.13/third_party/protobuf/conformance/conformance_python.py,_AssertProtoEqual:onnxoptimizer-0.3.13/third_party/protobuf/python/google/protobuf/internal/descriptor_test.py,_InternalTestCopyToProto:onnxoptimizer-0.3.13/third_party/protobuf/python/google/protobuf/internal/descriptor_test.py,genexpr:onnxoptimizer-0.3.13/third_party/protobuf/python/google/protobuf/json_format.py,genexpr:onnxoptimizer-0.3.13/third_party/protobuf/python/google/protobuf/text_format.py,_ConvertMapFieldValue:onnxoptimizer-0.3.13/third_party/protobuf/python/google/protobuf/json_format.py,_GetSerializedFileDescriptor:onnxoptimizer-0.3.13/third_party/protobuf/python/google/protobuf/internal/reflection_test.py,_MergeMessage:onnxoptimizer-0.3.13/third_party/protobuf/python/google/protobuf/internal/well_known_types.py",,Attr,Attr,,,,,,Yes
pyworxcloud,136098,https://pypi.org/project/pyworxcloud,Y,N/A,"convert_to_time:pyworxcloud/helpers/time_format.py,update_attribute:pyworxcloud/__init__.py,update_attribute:pyworxcloud/utils/devices.py",,Attr/Field,Attr,,,,,,Yes
starlette-admin,135805,https://pypi.org/project/starlette-admin,Y,N/A,extract_fields:starlette_admin/helpers.py,,Attr,Attr,,import_starlette,,,,Yes
qcodes,134006,https://pypi.org/project/qcodes,Y,N/A,"load_config:qcodes/station.py,set_initial_values:qcodes/instrument/delegate/delegate_instrument.py",,Attr,Attr,,,,,,Yes
stringparser,127304,https://pypi.org/project/stringparser,Y,Y,"_append_to_datastructure:stringparser.py,_set_in_datastructure:stringparser.py",,Attr/Field,Attr/Field,Function,,,,base obj is a dict lol,Yes
azure-ai-projects,120762,https://pypi.org/project/azure-ai-projects,Y,N/A,"deserialize_data:azure/ai/projects/_serialization.py,deserialize_data:azure/ai/projects/_utils/serialization.py,deserialize_from_text:azure/ai/projects/_serialization.py,deserialize_from_text:azure/ai/projects/_utils/serialization.py,_json_attemp:azure/ai/projects/_serialization.py,_json_attemp:azure/ai/projects/_utils/serialization.py,deserialize_from_http_generics:azure/ai/projects/_serialization.py,deserialize_from_http_generics:azure/ai/projects/_utils/serialization.py,deserialize:azure/ai/projects/_serialization.py,deserialize:azure/ai/projects/_utils/serialization.py,from_dict:azure/ai/projects/_serialization.py,from_dict:azure/ai/projects/_utils/serialization.py,failsafe_deserialize:azure/ai/projects/_serialization.py,failsafe_deserialize:azure/ai/projects/_utils/serialization.py",,Attr,Attr,,,,,,Yes
deepdiff6,119680,https://pypi.org/project/deepdiff6,Y,Y,"_do_item_added:deepdiff/delta.py,_do_values_or_type_changed:deepdiff/delta.py,_do_item_removed:deepdiff/delta.py,_simple_set_elem_value:deepdiff/delta.py,_get_elements_and_details:deepdiff/delta.py,_add_to_elements:deepdiff/path.py,_path_to_elements:deepdiff/path.py,_get_nested_obj:deepdiff/path.py",,Attr/Field,Attr/Field,Function,,,,,No
pyodps,118602,https://pypi.org/project/pyodps,Y,N/A,setvalue:odps/config.py,,Attr,Attr,,import_tornado,,,,Yes
crosshair-tool,110489,https://pypi.org/project/crosshair-tool,Y,N/A,"_deepconstruct:crosshair/copyext.py,__deepcopy__:crosshair/libimpl/builtinslib.py,_realized:crosshair/libimpl/builtinslib.py,_realize:crosshair/libimpl/builtinslib.py,__ch_realize__:crosshair/libimpl/builtinslib.py,_setattr:crosshair/libimpl/builtinslib.py,lambda:crosshair/copyext.py,realize:crosshair/core.py,normalize_pytype:crosshair/core.py,genexpr:crosshair/core.py,__setattr__:crosshair/objectproxy.py,__setitem__:crosshair/objectproxy.py,__init__:crosshair/libimpl/relib.py,__ch_deep_realize__:crosshair/simplestructs.py",,Attr,Attr,,,,,,Yes
crosshair-tool,110489,https://pypi.org/project/crosshair-tool,Y,N/A,,,Attr,Field,,,,,,Yes
fairseq,107548,https://pypi.org/project/fairseq,Y,N/A,"_set_module_by_path:fairseq-0.12.2/fairseq/trainer.py,lambda:fairseq-0.12.2/fairseq/modules/quantization/pq/utils.py,resolve_attr:fairseq-0.12.2/fairseq/modules/quantization/pq/utils.py",,Attr,Attr,,,,,,No
zope,102943,https://pypi.org/project/zope,Y,N/A,,,Attr/Field,Attr,,,,,,Yes
azure-ai-translation-text,100146,https://pypi.org/project/azure-ai-translation-text,Y,N/A,"deserialize_data:azure/ai/translation/text/_serialization.py,deserialize_from_text:azure/ai/translation/text/_serialization.py,_json_attemp:azure/ai/translation/text/_serialization.py,deserialize_from_http_generics:azure/ai/translation/text/_serialization.py,deserialize:azure/ai/translation/text/_serialization.py,from_dict:azure/ai/translation/text/_serialization.py,failsafe_deserialize:azure/ai/translation/text/_serialization.py",,Attr,Attr,,,,,,Yes
weave,97354,https://pypi.org/project/weave,Y,N/A,_get_symbol_target:weave/integrations/patcher.py,,Attr,Attr,,django_path|import_fastapi|.get/.post/.api_route|import_aiohttp,,,,Yes
ai-edge-torch-nightly,95606,https://pypi.org/project/ai-edge-torch-nightly,Y,N/A,"_iterate_dict_tree:ai_edge_torch/_convert/conversion_utils.py,_set_converter_flag:ai_edge_torch/_convert/conversion_utils.py",,Attr,Attr,,,,,,Yes
django-auth-adfs,91467,https://pypi.org/project/django-auth-adfs,Y,Y,update_user_attributes:django_auth_adfs/backend.py,,Attr,Attr,Function,django_re_path|import_django,,,,Yes
azure-mgmt-kubernetesconfiguration,85039,https://pypi.org/project/azure-mgmt-kubernetesconfiguration,Y,N/A,"deserialize_data:azure/mgmt/kubernetesconfiguration/_serialization.py,deserialize_from_text:azure/mgmt/kubernetesconfiguration/_serialization.py,_json_attemp:azure/mgmt/kubernetesconfiguration/_serialization.py,deserialize_from_http_generics:azure/mgmt/kubernetesconfiguration/_serialization.py,deserialize:azure/mgmt/kubernetesconfiguration/_serialization.py,from_dict:azure/mgmt/kubernetesconfiguration/_serialization.py,failsafe_deserialize:azure/mgmt/kubernetesconfiguration/_serialization.py",,Attr,Attr,,,,,,Yes
testslide,84865,https://pypi.org/project/testslide,Y,N/A,"__init__:TestSlide-2.7.1/testslide/mock_callable.py,mock_callable:TestSlide-2.7.1/testslide/mock_callable.py,mock_async_callable:TestSlide-2.7.1/testslide/mock_callable.py,patch_attribute:TestSlide-2.7.1/testslide/patch_attribute.py",,Attr,Attr,,,,,,Yes
lumigo-tracer,84493,https://pypi.org/project/lumigo-tracer,Y,N/A,resolve_path:lumigo_tracer/libs/wrapt.py,,Attr,Attr,,import_aiohttp,,,,Yes
river,72874,https://pypi.org/project/river,Y,N/A,_mutate:river/base/base.py,,Attr,Attr,,,,,,No
opentelemetry-instrumentation-sklearn,72359,https://pypi.org/project/opentelemetry-instrumentation-sklearn,Y,N/A,"instrument_estimator:opentelemetry/instrumentation/sklearn/__init__.py,uninstrument_estimator:opentelemetry/instrumentation/sklearn/__init__.py,_instrument_estimator_attribute:opentelemetry/instrumentation/sklearn/__init__.py,_instrument_estimator_namedtuple:opentelemetry/instrumentation/sklearn/__init__.py,_uninstrument_estimator_attribute:opentelemetry/instrumentation/sklearn/__init__.py,_uninstrument_estimator_namedtuple:opentelemetry/instrumentation/sklearn/__init__.py",,Attr,Attr,,,,,,Yes
edsnlp,69704,https://pypi.org/project/edsnlp,Y,Y,set_deep_attr:edsnlp/utils/collections.py,,Attr/Field,Attr/Field,Function,.get/.post/.api_route|import_fastapi|import_streamlit,,,,No
azure-mgmt-frontdoor,68754,https://pypi.org/project/azure-mgmt-frontdoor,Y,N/A,"deserialize_data:azure/mgmt/frontdoor/_serialization.py,deserialize_from_text:azure/mgmt/frontdoor/_serialization.py,_json_attemp:azure/mgmt/frontdoor/_serialization.py,deserialize_from_http_generics:azure/mgmt/frontdoor/_serialization.py,deserialize:azure/mgmt/frontdoor/_serialization.py,from_dict:azure/mgmt/frontdoor/_serialization.py,failsafe_deserialize:azure/mgmt/frontdoor/_serialization.py",,Attr,Attr,,,,,,Yes
mm,67205,https://pypi.org/project/mm,Y,N/A,_stringifyResultRecords:mm-0.2.6/mm/sforce/partner.py,,Attr,Attr,,,,,,Yes
azure-ai-evaluation,65524,https://pypi.org/project/azure-ai-evaluation,Y,N/A,"deserialize_data:azure/ai/evaluation/_common/onedp/_serialization.py,deserialize_data:azure/ai/evaluation/_common/raiclient/_serialization.py,deserialize_from_text:azure/ai/evaluation/_common/onedp/_serialization.py,deserialize_from_text:azure/ai/evaluation/_common/raiclient/_serialization.py,_json_attemp:azure/ai/evaluation/_common/onedp/_serialization.py,_json_attemp:azure/ai/evaluation/_common/raiclient/_serialization.py,deserialize_from_http_generics:azure/ai/evaluation/_common/onedp/_serialization.py,deserialize_from_http_generics:azure/ai/evaluation/_common/raiclient/_serialization.py,deserialize:azure/ai/evaluation/_common/onedp/_serialization.py,deserialize:azure/ai/evaluation/_common/raiclient/_serialization.py,from_dict:azure/ai/evaluation/_common/onedp/_serialization.py,from_dict:azure/ai/evaluation/_common/raiclient/_serialization.py,failsafe_deserialize:azure/ai/evaluation/_common/onedp/_serialization.py,failsafe_deserialize:azure/ai/evaluation/_common/raiclient/_serialization.py",,Attr,Attr,,,,,,Yes
paddlepaddle-gpu,65159,https://pypi.org/project/paddlepaddle-gpu,Y,N/A,set_table_config:paddle/distributed/fleet/base/distributed_strategy.py,,Attr,Attr,,,,,,Yes
azure-ai-vision-imageanalysis,64714,https://pypi.org/project/azure-ai-vision-imageanalysis,Y,N/A,"deserialize_data:azure/ai/vision/imageanalysis/_serialization.py,deserialize_from_text:azure/ai/vision/imageanalysis/_serialization.py,_json_attemp:azure/ai/vision/imageanalysis/_serialization.py,deserialize_from_http_generics:azure/ai/vision/imageanalysis/_serialization.py,deserialize:azure/ai/vision/imageanalysis/_serialization.py,from_dict:azure/ai/vision/imageanalysis/_serialization.py,failsafe_deserialize:azure/ai/vision/imageanalysis/_serialization.py",,Attr,Attr,,,,,,Yes
pydo,61213,https://pypi.org/project/pydo,Y,N/A,"deserialize_data:pydo/_serialization.py,deserialize_from_text:pydo/_serialization.py,_json_attemp:pydo/_serialization.py,deserialize_from_http_generics:pydo/_serialization.py,deserialize:pydo/_serialization.py,from_dict:pydo/_serialization.py,failsafe_deserialize:pydo/_serialization.py",,Attr,Attr,,,,,,Yes
pykka,60649,https://pypi.org/project/pykka,Y,N/A,"_actor_loop:pykka/_actor.py,_actor_loop_running:pykka/_actor.py,_handle_receive:pykka/_actor.py",,Attr,Attr,,,,,,No
wandb-workspaces,59421,https://pypi.org/project/wandb-workspaces,Y,N/A,,,Attr/Field,Attr/Field,,,,,,Yes
zhinst-toolkit,58790,https://pypi.org/project/zhinst-toolkit,Y,N/A,"json_to_dict:zhinst/toolkit/command_table.py,build_nodes:zhinst/toolkit/command_table.py",,Attr,Attr,,,,,,Yes
relstorage,57630,https://pypi.org/project/relstorage,Y,N/A,"__do_sets:relstorage/tests/persistentcache.py,__set_keys_in_root_to:relstorage/tests/persistentcache.py",,Attr,Attr,,,,,,Yes
lark-oapi,57342,https://pypi.org/project/lark-oapi,Y,N/A,"_ParseOrMerge:lark_oapi/ws/pb/google/protobuf/text_format.py,genexpr:lark_oapi/ws/pb/google/protobuf/json_format.py,genexpr:lark_oapi/ws/pb/google/protobuf/text_format.py,_ConvertMapFieldValue:lark_oapi/ws/pb/google/protobuf/json_format.py,_MergeMessage:lark_oapi/ws/pb/google/protobuf/internal/well_known_types.py",,Attr,Attr,,import_flask,,,,Yes
alchemyjsonschema,56989,https://pypi.org/project/alchemyjsonschema,Y,N/A,"get_reference:alchemyjsonschema/dictify.py,apply_changes:alchemyjsonschema/dictify.py,__init__:alchemyjsonschema/dictify.py",,Attr,Attr,,,,,,Yes
appdynamics,56308,https://pypi.org/project/appdynamics,Y,N/A,"from_dict:appdynamics/agent/core/pb.py,_update_config:appdynamics/agent/services/config.py,run:appdynamics/agent/services/config.py,_send_config_request:appdynamics/agent/services/config.py,lambda:appdynamics/lang.py,parse_message:appdynamics/agent/core/pb.py,from_list:appdynamics/agent/core/pb.py,send:appdynamics/agent/core/transport.py,send_custom_metric:appdynamics/agent/core/transport.py,send_bt_details:appdynamics/agent/core/transport.py,send_reresolution:appdynamics/agent/core/transport.py,send_process_snapshot:appdynamics/agent/core/transport.py",,Attr,Attr,,import_tornado|import_django,,,,Yes
appdynamics-bindeps-linux-x64,55267,https://pypi.org/project/appdynamics-bindeps-linux-x64,Y,N/A,"_ParseOrMerge:appdynamics_bindeps/google/protobuf/text_format.py,_MergeMessage:appdynamics_bindeps/google/protobuf/internal/field_mask.py,genexpr:appdynamics_bindeps/google/protobuf/json_format.py,genexpr:appdynamics_bindeps/google/protobuf/text_format.py,_ConvertMapFieldValue:appdynamics_bindeps/google/protobuf/json_format.py",,Attr,Attr,,import_tornado,,,,Yes
py3rosmsgs,50679,https://pypi.org/project/py3rosmsgs,Y,N/A,"_fill_val:genpy/message.py,myargv:rospy/client.py,get_param:rospy/client.py,_succeed:rosgraph/masterapi.py",,Attr,Attr,,,,,,Yes
flexmock,50399,https://pypi.org/project/flexmock,Y,N/A,should_receive:flexmock/_api.py,,Attr,Attr,,,,,,Yes
ansys-fluent-core,47813,https://pypi.org/project/ansys-fluent-core,Y,N/A,,,Attr,Attr,,,,,,Yes
neural-compressor,46937,https://pypi.org/project/neural-compressor,Y,N/A,"get_quantizer:neural_compressor/torch/utils/utility.py,static_quant_entry:neural_compressor/torch/quantization/algorithm_entry.py,pt2e_dynamic_quant_entry:neural_compressor/torch/quantization/algorithm_entry.py,pt2e_static_quant_entry:neural_compressor/torch/quantization/algorithm_entry.py,tune:neural_compressor/adaptor/torch_utils/waq/auto_alpha.py,tune:neural_compressor/torch/algorithms/smooth_quant/utility.py,_qdq_model_unwrapper_for_auto:neural_compressor/adaptor/torch_utils/waq/auto_alpha.py,_qdq_model_unwrapper_for_auto:neural_compressor/torch/algorithms/smooth_quant/utility.py,_get_sq_layer_names:neural_compressor/adaptor/torch_utils/waq/auto_alpha.py,_get_sq_layer_names:neural_compressor/torch/algorithms/smooth_quant/utility.py,_get_one_batch_auto_loss_blockwise:neural_compressor/adaptor/torch_utils/waq/auto_alpha.py,_get_one_batch_auto_loss_blockwise:neural_compressor/torch/algorithms/smooth_quant/utility.py,_auto_tune_alpha:neural_compressor/adaptor/torch_utils/waq/auto_alpha.py,_auto_tune_alpha:neural_compressor/torch/algorithms/smooth_quant/utility.py,_auto_tune_alpha_blockwise:neural_compressor/adaptor/torch_utils/waq/auto_alpha.py,_auto_tune_alpha_blockwise:neural_compressor/torch/algorithms/smooth_quant/utility.py,__init__:neural_compressor/adaptor/torch_utils/teq.py,__init__:neural_compressor/torch/algorithms/weight_only/awq.py,__init__:neural_compressor/torch/algorithms/weight_only/gptq.py,quantize:neural_compressor/adaptor/pytorch.py,quantize:neural_compressor/adaptor/torch_utils/awq.py,quantize:neural_compressor/torch/algorithms/base_algorithm.py,apply_quantize_with_clip:neural_compressor/torch/algorithms/weight_only/awq.py,execute:neural_compressor/torch/algorithms/base_algorithm.py,prepare:neural_compressor/torch/algorithms/fp8_quant/quantizer.py,prepare:neural_compressor/torch/algorithms/mx_quant/mx.py,prepare:neural_compressor/torch/algorithms/smooth_quant/smooth_quant.py,prepare:neural_compressor/torch/algorithms/static_quant/static_quant.py,prepare:neural_compressor/torch/algorithms/weight_only/gptq.py,prepare:neural_compressor/torch/algorithms/weight_only/hqq/quantizer.py,prepare:neural_compressor/torch/algorithms/weight_only/rtn.py,_wrap_lwq_layer:neural_compressor/adaptor/torch_utils/model_wrapper.py,_wrapper_sq_linear:neural_compressor/adaptor/torch_utils/model_wrapper.py,_wrapper_qdq_linear:neural_compressor/adaptor/torch_utils/model_wrapper.py,_apply_pre_optimization:neural_compressor/adaptor/pytorch.py,_apply_pre_optimization:neural_compressor/torch/algorithms/smooth_quant/smooth_quant.py,_replace_woqlinear_modules:neural_compressor/torch/algorithms/weight_only/save_load.py,_adjust_parameters:neural_compressor/adaptor/torch_utils/waq/smooth_quant.py,_adjust_parameters:neural_compressor/torch/algorithms/smooth_quant/utility.py,_parse_absorb_to_layers:neural_compressor/adaptor/torch_utils/waq/smooth_quant.py,_parse_absorb_to_layers:neural_compressor/torch/algorithms/smooth_quant/utility.py,_absorb_scales:neural_compressor/adaptor/torch_utils/teq.py,_absorb_scales:neural_compressor/torch/algorithms/weight_only/teq.py,set_module:neural_compressor/adaptor/torch_utils/util.py,set_module:neural_compressor/adaptor/torch_utils/waq/utils.py,set_module:neural_compressor/torch/algorithms/smooth_quant/utility.py,set_module:neural_compressor/torch/algorithms/weight_only/utility.py,set_module:neural_compressor/torch/utils/utility.py,replace_forward:neural_compressor/torch/algorithms/weight_only/utility.py,recover_forward:neural_compressor/torch/algorithms/weight_only/utility.py,get_named_children:neural_compressor/adaptor/torch_utils/layer_wise_quant/utils.py,update_module:neural_compressor/adaptor/torch_utils/layer_wise_quant/utils.py,update_module:neural_compressor/torch/algorithms/layer_wise/utils.py",,Attr,Attr,,,,,,No
opcua,46355,https://pypi.org/project/opcua,Y,N/A,,,Attr,Attr,,,,,,Yes
cloudstorage,45497,https://pypi.org/project/cloudstorage,Y,N/A,rsetattr:cloudstorage/utils.py,,Attr,Attr,,,,,,Yes
later,45306,https://pypi.org/project/later,Y,N/A,_patch_dict:later/unittest/backport/mock.py,,Attr,Field,,,,,,Yes
pyatv,45111,https://pypi.org/project/pyatv,Y,N/A,update_model_field:pyatv/support/__init__.py,,Attr,Attr,,import_aiohttp|add_route,,,,Yes
ormar,44497,https://pypi.org/project/ormar,Y,N/A,merge_two_instances:ormar/models/mixins/merge_mixin.py,,Attr,Attr,,,,,,No
coqpit-config,44431,https://pypi.org/project/coqpit-config,Y,N/A,_rsetattr:coqpit/coqpit.py,,Attr,Attr,,,,,,Yes
hera-workflows,44024,https://pypi.org/project/hera-workflows,Y,N/A,_set_model_attr:hera/workflows/_meta_mixins.py,,Attr,Attr,,,,,,Yes
bunnet,43927,https://pypi.org/project/bunnet,Y,N,"encode:bunnet/odm/utils/encoder.py,_iter_model_items:bunnet/odm/utils/encoder.py,_collect_updates:bunnet/odm/documents.py,apply_changes:bunnet/odm/utils/parsing.py,get_model_fields:bunnet/odm/utils/pydantic.py",,Attr/Field,Attr/Field,,,,,,No
ostorlab,42935,https://pypi.org/project/ostorlab,Y,N/A,"_parse_list:ostorlab/agent/message/serializer.py,emit_raw:ostorlab/agent/agent.py,_prepare_message:ostorlab/agent/agent.py,emit:ostorlab/agent/mixins/agent_open_telemetry_mixin.py",,Attr,Attr,,dot_add_url_rule|import_flask|.route,,,,Yes
wfuzz,42221,https://pypi.org/project/wfuzz,Y,N/A,"__compute_expr:wfuzz/filter.py,rsetattr:wfuzz/utils.py",,Attr,Attr,,,,,,No
genie-libs-sdk,42194,https://pypi.org/project/genie-libs-sdk,Y,N/A,"ops_diff:genie/libs/sdk/libs/utils/common.py,ops_diff:genie/libs/sdk/libs/utils/normalize.py,_modify_value:genie/libs/sdk/libs/utils/common.py,_modify_value:genie/libs/sdk/libs/utils/mapping.py,_set_conf_attribute:genie/libs/sdk/libs/utils/triggeractions.py",,Attr/Field,Attr/Field,,django_path,,,,Yes
genie-libs-sdk,42194,https://pypi.org/project/genie-libs-sdk,Y,N/A,,,Attr/Field,Field,,,,,,Yes
genie-libs-sdk,42194,https://pypi.org/project/genie-libs-sdk,Y,N/A,,,Attr/Field,Attr,,,,,,Yes
genie-libs-sdk,42194,https://pypi.org/project/genie-libs-sdk,Y,N/A,,,Attr,Field,,,,,,Yes
docplex,41709,https://pypi.org/project/docplex,Y,N/A,"_set_value:docplex-2.29.245/docplex/mp/context.py,replace:docplex-2.29.245/docplex/cp/utils.py",,Attr,Attr,,,,,,Yes
docplex,41709,https://pypi.org/project/docplex,Y,N/A,,,Attr,Attr/Field,,,,,,Yes
pontos,41508,https://pypi.org/project/pontos,Y,N/A,dotted_attributes:pontos/models/__init__.py,,Attr,Attr,,,,,,Yes
opentmi-client,41258,https://pypi.org/project/opentmi-client,Y,N/A,fnc:opentmi_client/utils/Base.py,,Attr,Attr,,,,,,Yes
aigpy,40910,https://pypi.org/project/aigpy,Y,N/A,,,Attr,Attr,,,,,,Yes
ifcopenshell,40347,https://pypi.org/project/ifcopenshell,Y,N/A,set_element_value:ifcopenshell/util/selector.py,,Attr,Attr,,,,,,Yes
openmined-psi,39536,https://pypi.org/project/openmined-psi,Y,N/A,"_ParseOrMerge:site-packages/google/protobuf/text_format.py,_MergeMessage:site-packages/google/protobuf/internal/field_mask.py,genexpr:site-packages/google/protobuf/json_format.py,genexpr:site-packages/google/protobuf/text_format.py,_ConvertMapFieldValue:site-packages/google/protobuf/json_format.py",,Attr,Attr,,,,,,Yes
fintech,39379,https://pypi.org/project/fintech,Y,N/A,_dispatch:fintech/rpc.py,,Attr,Attr,,,,,,Yes
intel-extension-for-pytorch,39250,https://pypi.org/project/intel-extension-for-pytorch,Y,N/A,set_module:intel_extension_for_pytorch/quantization/_GPTQ/_gptq_utils.py,,Attr,Attr,,,,,,No
piccolo,39195,https://pypi.org/project/piccolo,Y,N/A,_update_instance:piccolo/query/methods/refresh.py,,Attr,Attr,,,,,,No
azure-mgmt-maintenance,39127,https://pypi.org/project/azure-mgmt-maintenance,Y,N/A,"deserialize_data:azure/mgmt/maintenance/_serialization.py,deserialize_from_text:azure/mgmt/maintenance/_serialization.py,_json_attemp:azure/mgmt/maintenance/_serialization.py,deserialize_from_http_generics:azure/mgmt/maintenance/_serialization.py,deserialize:azure/mgmt/maintenance/_serialization.py,from_dict:azure/mgmt/maintenance/_serialization.py,failsafe_deserialize:azure/mgmt/maintenance/_serialization.py",,Attr,Attr,,,,,,Yes
torchrl-nightly,38884,https://pypi.org/project/torchrl-nightly,Y,N/A,"_make_ordinal_device:torchrl/_utils.py,to:torchrl/envs/batched_envs.py,to:torchrl/envs/common.py,to:torchrl/envs/libs/dm_control.py,to:torchrl/envs/libs/habitat.py,to:torchrl/envs/libs/robohive.py,to:torchrl/envs/libs/vmas.py,to:torchrl/envs/transforms/transforms.py,_find_mp_values:torchrl/envs/env_creator.py,__call__:torchrl/envs/env_creator.py,make_env_transforms:torchrl/trainers/helpers/envs.py,transformed_env_constructor:torchrl/trainers/helpers/envs.py,__init__:torchrl/envs/transforms/transforms.py,_set_env:torchrl/envs/transforms/transforms.py,append_transform:torchrl/envs/transforms/transforms.py",,Attr/Field,Attr,,,,,,Yes
ms-swift,38322,https://pypi.org/project/ms-swift,Y,Y,,,Attr/Field,Attr/Field,Function,import_aiohttp|import_gradio|import_fastapi,,,,No
capellambse,36331,https://pypi.org/project/capellambse,Y,N/A,"__setitem__:capellambse/model/_obj.py,_map_setvalue:capellambse/model/_obj.py",,Attr,Attr,,,,,,Yes
azure-communication-identity,35985,https://pypi.org/project/azure-communication-identity,Y,N/A,"deserialize_data:azure/communication/identity/_generated/_serialization.py,deserialize_from_text:azure/communication/identity/_generated/_serialization.py,_json_attemp:azure/communication/identity/_generated/_serialization.py,deserialize_from_http_generics:azure/communication/identity/_generated/_serialization.py,deserialize:azure/communication/identity/_generated/_serialization.py,from_dict:azure/communication/identity/_generated/_serialization.py,failsafe_deserialize:azure/communication/identity/_generated/_serialization.py",,Attr,Attr,,,,,,Yes
dektools,35093,https://pypi.org/project/dektools,Y,N/A,object_path_set:dektools/attr.py,,Attr/Field,Attr/Field,,,,,,Yes
fastnlp,33114,https://pypi.org/project/fastnlp,Y,N/A,"get_from_cache:FastNLP-1.0.1/fastNLP/transformers/torch/file_utils.py,hf_bucket_url:FastNLP-1.0.1/fastNLP/transformers/torch/file_utils.py,from_pretrained:FastNLP-1.0.1/fastNLP/transformers/torch/modeling_utils.py,_load_state_dict_into_model_low_mem:FastNLP-1.0.1/fastNLP/transformers/torch/modeling_utils.py,find_submodule_and_param_name:FastNLP-1.0.1/fastNLP/transformers/torch/modeling_utils.py",,Attr,Attr,,,,,,Yes
supyr-struct,32956,https://pypi.org/project/supyr-struct,Y,N/A,"set_neighbor:supyr_struct/blocks/block.py,set_meta:supyr_struct/blocks/block.py",,Attr,Attr,,,,,,Yes
supyr-struct,32956,https://pypi.org/project/supyr-struct,Y,N/A,,,Attr,Attr/Field,,,,,,Yes
contrast-agent,32222,https://pypi.org/project/contrast-agent,Y,N/A,resolve_path:contrast_vendor/wrapt/patches.py,,Attr,Attr,,import_django|import_starlette|import_aiohttp|import_pyramid|import_flask,,,,Yes
azure-mgmt-appplatform,32021,https://pypi.org/project/azure-mgmt-appplatform,Y,N/A,"deserialize_data:azure/mgmt/appplatform/_serialization.py,deserialize_from_text:azure/mgmt/appplatform/_serialization.py,_json_attemp:azure/mgmt/appplatform/_serialization.py,deserialize_from_http_generics:azure/mgmt/appplatform/_serialization.py,deserialize:azure/mgmt/appplatform/_serialization.py,from_dict:azure/mgmt/appplatform/_serialization.py,failsafe_deserialize:azure/mgmt/appplatform/_serialization.py",,Attr,Attr,,,,,,Yes
gm,31584,https://pypi.org/project/gm,Y,N/A,_get_field_mapping:gm-3.0.177.data/purelib/gm/pb_to_dict.py,,Attr,Attr,,,,,,Yes
javascript,30822,https://pypi.org/project/javascript,Y,N/A,Set:javascript/pyi.py,,Attr/Field,Attr/Field,,,,,,Yes
autofit,29908,https://pypi.org/project/autofit,Y,N/A,,,Attr,Attr,,,,,,Yes
autofit,29908,https://pypi.org/project/autofit,Y,N/A,,,Attr/Field,Attr/Field,,,,,,Yes
torchrl,29825,https://pypi.org/project/torchrl,Y,N/A,"_make_ordinal_device:torchrl/_utils.py,to:torchrl/envs/batched_envs.py,to:torchrl/envs/common.py,to:torchrl/envs/libs/dm_control.py,to:torchrl/envs/libs/habitat.py,to:torchrl/envs/libs/robohive.py,to:torchrl/envs/libs/vmas.py,to:torchrl/envs/transforms/transforms.py,_find_mp_values:torchrl/envs/env_creator.py,__call__:torchrl/envs/env_creator.py,make_env_transforms:torchrl/trainers/helpers/envs.py,transformed_env_constructor:torchrl/trainers/helpers/envs.py,__init__:torchrl/envs/transforms/transforms.py,_set_env:torchrl/envs/transforms/transforms.py,append_transform:torchrl/envs/transforms/transforms.py",,Attr/Field,Attr,,,,,,Yes
brand-yml,29813,https://pypi.org/project/brand-yml,Y,N/A,"get_value:brand_yml/_defs.py,_create_brand_palette:brand_yml/color.py,to_dict:brand_yml/color.py,_resolve_image_values:brand_yml/logo.py",,Attr/Field,Attr/Field,,,,,,Yes
lamindb,29769,https://pypi.org/project/lamindb,Y,N/A,"update_fk_to_default_db:lamindb/models/record.py,transfer_to_default_db:lamindb/models/record.py,_finish:lamindb/core/_context.py,finish:lamindb/core/_context.py,_add_to_version_family:lamindb/models/_is_versioned.py,_save_validated_records:lamindb/models/_label_manager.py,save_artifact:lamindb/curators/_legacy.py,save_artifact:lamindb/curators/core.py,_add_or_remove_synonyms:lamindb/models/can_curate.py,filter:lamindb/models/query_set.py",,Attr,Attr,,import_django,,,,Yes
testrepository,29123,https://pypi.org/project/testrepository,Y,N/A,monkeypatch:testrepository/tests/monkeypatch.py,,Attr,Attr,,,,,,Yes
linkml-dataops,28859,https://pypi.org/project/linkml-dataops,Y,N/A,"_map_change_object:linkml_dataops/changer/changer.py,apply:linkml_dataops/changer/object_changer.py,add_object:linkml_dataops/changer/object_changer.py",,Attr/Field,Field,,,,,,Yes
linkml-dataops,28859,https://pypi.org/project/linkml-dataops,Y,N/A,,,Attr,Field,,,,,,Yes
steam,28697,https://pypi.org/project/steam,Y,N/A,"proto_fill_from_dict:steam-1.4.4/steam/utils/proto.py,send_job:steam-1.4.4/steam/client/__init__.py,send_job_and_wait:steam-1.4.4/steam/client/__init__.py,send_message_and_wait:steam-1.4.4/steam/client/__init__.py,get_player_count:steam-1.4.4/steam/client/builtins/apps.py,get_changes_since:steam-1.4.4/steam/client/builtins/apps.py,get_app_ticket:steam-1.4.4/steam/client/builtins/apps.py,get_encrypted_app_ticket:steam-1.4.4/steam/client/builtins/apps.py,get_depot_key:steam-1.4.4/steam/client/builtins/apps.py,get_cdn_auth_token:steam-1.4.4/steam/client/builtins/apps.py,register_product_key:steam-1.4.4/steam/client/builtins/apps.py,__handle_set_persona:steam-1.4.4/steam/client/builtins/user.py",,Attr,Attr,,,,,,No
python-irodsclient,28694,https://pypi.org/project/python-irodsclient,Y,N/A,"_load_config_line:irods/client_configuration/__init__.py,lambda:irods/client_configuration/__init__.py,_calculate_overriding_environment_variables:irods/client_configuration/__init__.py",,Attr,Attr,,,,,,Yes
transformer-lens,27615,https://pypi.org/project/transformer-lens,Y,N/A,"set_nested_attr:transformer_lens/utils.py,__exit__:transformer_lens/utils.py",,Attr,Attr,,,,,,Yes
optimum-neuron,27202,https://pypi.org/project/optimum-neuron,Y,N/A,"patch_model_for_neuron:optimum/neuron/accelerate/accelerator.py,prepare_model:optimum/neuron/accelerate/accelerator.py,__init__:optimum/neuron/utils/patching.py,process_patching_specs:optimum/neuron/utils/patching.py",,Attr,Attr,,,,,,Yes
ivy,26991,https://pypi.org/project/ivy,Y,N/A,"_retrive_layer:ivy/functional/backends/jax/module.py,_retrive_layer:ivy/functional/backends/tensorflow/module.py,_retrive_layer:ivy/functional/frontends/torch/nn/modules/module.py",,Attr,Attr,,,,,,No
mmpretrain,26912,https://pypi.org/project/mmpretrain,Y,N/A,"_set_decoder_layers:mmpretrain/models/multimodal/flamingo/adapter.py,setattr_recursive:mmpretrain/models/multimodal/flamingo/utils.py",,Attr,Attr,,import_gradio,,,,No
azure-communication-phonenumbers,26815,https://pypi.org/project/azure-communication-phonenumbers,Y,N/A,"deserialize_data:azure/communication/phonenumbers/_generated/_serialization.py,deserialize_data:azure/communication/phonenumbers/siprouting/_generated/_serialization.py,deserialize_from_text:azure/communication/phonenumbers/_generated/_serialization.py,deserialize_from_text:azure/communication/phonenumbers/siprouting/_generated/_serialization.py,_json_attemp:azure/communication/phonenumbers/_generated/_serialization.py,_json_attemp:azure/communication/phonenumbers/siprouting/_generated/_serialization.py,deserialize_from_http_generics:azure/communication/phonenumbers/_generated/_serialization.py,deserialize_from_http_generics:azure/communication/phonenumbers/siprouting/_generated/_serialization.py,deserialize:azure/communication/phonenumbers/_generated/_serialization.py,deserialize:azure/communication/phonenumbers/siprouting/_generated/_serialization.py,from_dict:azure/communication/phonenumbers/_generated/_serialization.py,from_dict:azure/communication/phonenumbers/siprouting/_generated/_serialization.py,failsafe_deserialize:azure/communication/phonenumbers/_generated/_serialization.py,failsafe_deserialize:azure/communication/phonenumbers/siprouting/_generated/_serialization.py",,Attr,Attr,,,,,,Yes
azure-mgmt-desktopvirtualization,26748,https://pypi.org/project/azure-mgmt-desktopvirtualization,Y,N/A,"deserialize_data:azure/mgmt/desktopvirtualization/_serialization.py,deserialize_from_text:azure/mgmt/desktopvirtualization/_serialization.py,_json_attemp:azure/mgmt/desktopvirtualization/_serialization.py,deserialize_from_http_generics:azure/mgmt/desktopvirtualization/_serialization.py,deserialize:azure/mgmt/desktopvirtualization/_serialization.py,from_dict:azure/mgmt/desktopvirtualization/_serialization.py,failsafe_deserialize:azure/mgmt/desktopvirtualization/_serialization.py",,Attr,Attr,,,,,,Yes
azureml-rag,25662,https://pypi.org/project/azureml-rag,Y,N/A,"deserialize_data:azureml/rag/_asset_client/_restclient/dataset/_serialization.py,deserialize_from_text:azureml/rag/_asset_client/_restclient/dataset/_serialization.py,_json_attemp:azureml/rag/_asset_client/_restclient/dataset/_serialization.py,deserialize_from_http_generics:azureml/rag/_asset_client/_restclient/dataset/_serialization.py,deserialize:azureml/rag/_asset_client/_restclient/dataset/_serialization.py,from_dict:azureml/rag/_asset_client/_restclient/dataset/_serialization.py,failsafe_deserialize:azureml/rag/_asset_client/_restclient/dataset/_serialization.py",,Attr,Attr,,,,,,Yes
azure-quantum,25645,https://pypi.org/project/azure-quantum,Y,N/A,"deserialize_data:azure/quantum/_client/_serialization.py,deserialize_from_text:azure/quantum/_client/_serialization.py,_json_attemp:azure/quantum/_client/_serialization.py,deserialize_from_http_generics:azure/quantum/_client/_serialization.py,deserialize:azure/quantum/_client/_serialization.py,from_dict:azure/quantum/_client/_serialization.py,failsafe_deserialize:azure/quantum/_client/_serialization.py",,Attr,Attr,,,,,,Yes
ophyd-devices,25557,https://pypi.org/project/ophyd-devices,Y,N/A,"process_rpc_instruction:bec/bec_server/bec_server/device_server/rpc_mixin.py,_handle_rpc_property_set:bec/bec_server/bec_server/device_server/rpc_mixin.py",,Attr,Attr,,,,,,Yes
azure-communication-chat,25120,https://pypi.org/project/azure-communication-chat,Y,N/A,"deserialize_data:azure/communication/chat/_generated/_serialization.py,deserialize_from_text:azure/communication/chat/_generated/_serialization.py,_json_attemp:azure/communication/chat/_generated/_serialization.py,deserialize_from_http_generics:azure/communication/chat/_generated/_serialization.py,deserialize:azure/communication/chat/_generated/_serialization.py,from_dict:azure/communication/chat/_generated/_serialization.py,failsafe_deserialize:azure/communication/chat/_generated/_serialization.py",,Attr,Attr,,,,,,Yes
azure-maps-search,24251,https://pypi.org/project/azure-maps-search,Y,N/A,"deserialize_data:azure/maps/search/_serialization.py,deserialize_from_text:azure/maps/search/_serialization.py,_json_attemp:azure/maps/search/_serialization.py,deserialize_from_http_generics:azure/maps/search/_serialization.py,deserialize:azure/maps/search/_serialization.py,from_dict:azure/maps/search/_serialization.py,failsafe_deserialize:azure/maps/search/_serialization.py",,Attr,Attr,,,,,,Yes
py-lav,24251,https://pypi.org/project/py-lav,Y,N/A,rsetattr:pylav/extension/red/utils/__init__.py,,Attr,Attr,,import_aiohttp,,,,Yes
python3-protobuf,23862,https://pypi.org/project/python3-protobuf,Y,N/A,"NextToken:python3-protobuf-2.5.0/google/protobuf/text_format.py,loc_string_escape:python3-protobuf-2.5.0/google/protobuf/text_format.py,_MergeField:python3-protobuf-2.5.0/google/protobuf/text_format.py,_MergeScalarField:python3-protobuf-2.5.0/google/protobuf/text_format.py,_CUnescape:python3-protobuf-2.5.0/google/protobuf/text_format.py,string_to_bytes:python3-protobuf-2.5.0/google/protobuf/internal/utils.py,bytestr_to_string:python3-protobuf-2.5.0/google/protobuf/internal/utils.py",,Attr,Attr,,,,,,Yes
appdynamics-bindeps-alpine-linux-x64,23633,https://pypi.org/project/appdynamics-bindeps-alpine-linux-x64,Y,N/A,"_ParseOrMerge:appdynamics_bindeps/google/protobuf/text_format.py,_MergeMessage:appdynamics_bindeps/google/protobuf/internal/field_mask.py,genexpr:appdynamics_bindeps/google/protobuf/json_format.py,genexpr:appdynamics_bindeps/google/protobuf/text_format.py,_ConvertMapFieldValue:appdynamics_bindeps/google/protobuf/json_format.py",,Attr,Attr,,import_tornado,,,,Yes
mstrio-py,23623,https://pypi.org/project/mstrio-py,Y,N/A,"__change_delivery_properties:mstrio/distribution_services/subscription/base_subscription.py,add_recipient:mstrio/distribution_services/subscription/base_subscription.py,remove_recipient:mstrio/distribution_services/subscription/base_subscription.py,alter:mstrio/distribution_services/subscription/cache_update_subscription.py,alter:mstrio/distribution_services/subscription/file_subscription.py,alter:mstrio/distribution_services/subscription/ftp_subscription.py,alter:mstrio/distribution_services/subscription/history_list_subscription.py,alter:mstrio/distribution_services/subscription/mobile_subscription.py,rsetattr:mstrio/utils/helper.py",,Attr,Attr,,,,,,Yes
open-interpreter,23601,https://pypi.org/project/open-interpreter,Y,N/A,"apply_profile_to_object:interpreter/terminal_interface/profiles/profiles.py,__init__:interpreter/core/core.py,get_profile:interpreter/terminal_interface/profiles/profiles.py,start_terminal_interface:interpreter/terminal_interface/start_terminal_interface.py,get_argument_dictionary:interpreter/terminal_interface/start_terminal_interface.py",,Attr,Attr,,import_starlette|.get/.post/.api_route|import_fastapi,,,,No
dagshub,23147,https://pypi.org/project/dagshub,Y,N/A,unpatch:dagshub/mlflow/patch.py,,Attr,Attr,,import_starlette,,,,Yes
mmpose,22495,https://pypi.org/project/mmpose,Y,N/A,rsetattr:mmpose/utils/hooks.py,,Attr,Attr,,,,,,No
hyperspy,22075,https://pypi.org/project/hyperspy,Y,N/A,"attrsetter:hyperspy/misc/utils.py,genexpr:hyperspy/misc/slicing.py,_slicer:hyperspy/misc/slicing.py",,Attr,Attr,,,,,,Yes
azure-communication-rooms,21713,https://pypi.org/project/azure-communication-rooms,Y,N/A,"deserialize_data:azure/communication/rooms/_generated/_serialization.py,deserialize_from_text:azure/communication/rooms/_generated/_serialization.py,_json_attemp:azure/communication/rooms/_generated/_serialization.py,deserialize_from_http_generics:azure/communication/rooms/_generated/_serialization.py,deserialize:azure/communication/rooms/_generated/_serialization.py,from_dict:azure/communication/rooms/_generated/_serialization.py,failsafe_deserialize:azure/communication/rooms/_generated/_serialization.py",,Attr,Attr,,,,,,Yes
f90wrap,21338,https://pypi.org/project/f90wrap,Y,N/A,"iter_fields:f90wrap/fortran.py,fix_argument_attributes:f90wrap/fortran.py,combine_elements:f90wrap/latex.py,visit_Interface:f90wrap/latex.py,fix_subroutine_uses_clauses:f90wrap/transform.py,fix_element_uses_clauses:f90wrap/transform.py,convert_derived_type_arguments:f90wrap/transform.py,convert_array_intent_out_to_intent_inout:f90wrap/transform.py,add_missing_constructors:f90wrap/transform.py,add_missing_destructors:f90wrap/transform.py",,Attr,Attr,,,,,,Yes
resolwe,21160,https://pypi.org/project/resolwe,Y,N/A,"dict_dot:resolwe/flow/utils/__init__.py,get_or_create:resolwe/flow/views/data.py,iterate_schema:resolwe/flow/utils/iterators.py",,Attr/Field,Attr/Field,,django_path|import_django,,,,Yes
gelidum,20775,https://pypi.org/project/gelidum,Y,N/A,"__freeze:gelidum-0.8.2/gelidum/freeze.py,__freeze:gelidum-0.8.2/gelidum/tests/gelidum_tests/test_freeze_objects.py,__freeze_dict:gelidum-0.8.2/gelidum/freeze.py,__freeze_list:gelidum-0.8.2/gelidum/freeze.py,__freeze_tuple:gelidum-0.8.2/gelidum/freeze.py,__freeze_set:gelidum-0.8.2/gelidum/freeze.py,__freeze_function:gelidum-0.8.2/gelidum/freeze.py,__freeze_object:gelidum-0.8.2/gelidum/freeze.py,__init__:gelidum-0.8.2/gelidum/collections/frozendict.py,__new__:gelidum-0.8.2/gelidum/collections/frozenlist.py,__new__:gelidum-0.8.2/gelidum/collections/frozenzet.py,genexpr:gelidum-0.8.2/gelidum/collections/frozenlist.py,genexpr:gelidum-0.8.2/gelidum/collections/frozenzet.py,__add__:gelidum-0.8.2/gelidum/collections/frozenlist.py,__add__:gelidum-0.8.2/gelidum/collections/frozenzet.py,__mul__:gelidum-0.8.2/gelidum/collections/frozenlist.py,__sub__:gelidum-0.8.2/gelidum/collections/frozendict.py,__call__:gelidum-0.8.2/gelidum/on_freeze.py",,Attr,Attr,,,,,,Yes
mlx-vlm,20107,https://pypi.org/project/mlx-vlm,Y,N/A,set_module_by_name:mlx_vlm/trainer/utils.py,,Attr,Attr,,import_fastapi|.get/.post/.api_route|import_gradio,,,,Yes
mesop,19854,https://pypi.org/project/mesop,Y,N/A,"_recursive_update_dataclass_from_json_obj:mesop/dataclass_utils/dataclass_utils.py,generate_data:mesop/server/server.py,ws_generate_data:mesop/server/server.py",,Attr,Attr/Field,,import_mesop|import_flask|.route,,,,No
olive-ai,19592,https://pypi.org/project/olive-ai,Y,N/A,get_attr:olive/common/utils.py,,Attr,Attr,,,,,,Yes
starlite,19474,https://pypi.org/project/starlite,Y,N/A,"_deref_model:starlite/openapi/typescript_converter/converter.py,resolve_ref:starlite/openapi/typescript_converter/converter.py,parse_request_body:starlite/openapi/typescript_converter/converter.py,parse_responses:starlite/openapi/typescript_converter/converter.py,convert_openapi_to_typescript:starlite/openapi/typescript_converter/converter.py",,Attr/Field,Attr/Field,,@get/post/route,,,,Yes
bec-device-server,19410,https://pypi.org/project/bec-device-server,Y,N/A,"_process_rpc_instruction:device_server/rpc_mixin.py,handle_device_instructions:device_server/device_server.py",,Attr,Attr,,,,,,Yes
optimum-rbln,19235,https://pypi.org/project/optimum-rbln,Y,N/A,access_attribute:optimum/rbln/transformers/utils/rbln_quantization.py,,Attr,Attr,,,,,,Yes
metabase-api,19106,https://pypi.org/project/metabase-api,Y,N/A,create_card:metabase_api/create_methods.py,,Attr/Field,Field,,,,,,Yes
metabase-api,19106,https://pypi.org/project/metabase-api,Y,N/A,,,Attr,Field,,,,,,Yes
syft,18893,https://pypi.org/project/syft,Y,N/A,"debox_arg_and_migrate:syft/protocol/data_protocol.py,attach_attribute_to_syft_object:syft/types/syft_object.py",,Attr,Attr,,import_starlette|.get/.post/.api_route|import_fastapi,,,,Yes
appdynamics-alpine,18820,https://pypi.org/project/appdynamics-alpine,Y,N/A,"from_dict:appdynamics/agent/core/pb.py,_update_config:appdynamics/agent/services/config.py,run:appdynamics/agent/services/config.py,_send_config_request:appdynamics/agent/services/config.py,lambda:appdynamics/lang.py,parse_message:appdynamics/agent/core/pb.py,from_list:appdynamics/agent/core/pb.py,send:appdynamics/agent/core/transport.py,send_custom_metric:appdynamics/agent/core/transport.py,send_bt_details:appdynamics/agent/core/transport.py,send_reresolution:appdynamics/agent/core/transport.py,send_process_snapshot:appdynamics/agent/core/transport.py",,Attr,Attr,,import_tornado|import_django,,,,Yes
quickstats,18770,https://pypi.org/project/quickstats,Y,N/A,"_make_copy:quickstats/core/configuration.py,update_nested_dict:quickstats/core/configuration.py,create:quickstats/core/configuration.py,parse_dict:quickstats/core/configuration.py,load:quickstats/core/configuration.py",,Attr/Field,Field,,,,,,Yes
quickstats,18770,https://pypi.org/project/quickstats,Y,N/A,,,Attr,Field,,,,,,Yes
tdhelper,18573,https://pypi.org/project/tdhelper,Y,N/A,setDictValue:TDhelper/generic/dictHelper.py,,Attr/Field,Field,,,,,,Yes
tdhelper,18573,https://pypi.org/project/tdhelper,Y,N/A,,,Attr,Field,,,,,,Yes
acdcserver,18007,https://pypi.org/project/acdcserver,Y,N/A,addBaggageParameter:WMCore/DataStructs/Job.py,,Attr,Attr,,,,,,Yes
ecs-composex,17926,https://pypi.org/project/ecs-composex,Y,N/A,get_dest_resource_nested_property:ecs_composex/resources_import.py,,Attr,Attr,,,,,,Yes
testflows-stash,17420,https://pypi.org/project/testflows-stash,Y,N/A,,,Attr/Field,Attr/Field,,,,,,Yes
azure-mgmt-resourcehealth,17341,https://pypi.org/project/azure-mgmt-resourcehealth,Y,N/A,"deserialize_data:azure/mgmt/resourcehealth/_serialization.py,deserialize_from_text:azure/mgmt/resourcehealth/_serialization.py,_json_attemp:azure/mgmt/resourcehealth/_serialization.py,deserialize_from_http_generics:azure/mgmt/resourcehealth/_serialization.py,deserialize:azure/mgmt/resourcehealth/_serialization.py,from_dict:azure/mgmt/resourcehealth/_serialization.py,failsafe_deserialize:azure/mgmt/resourcehealth/_serialization.py",,Attr,Attr,,,,,,Yes
protobuf-to-dict,17236,https://pypi.org/project/protobuf-to-dict,Y,N/A,_get_field_mapping:protobuf-to-dict-0.1.0/src/protobuf_to_dict.py,,Attr,Attr,,,,,,Yes
scim2-server,17181,https://pypi.org/project/scim2-server,Y,N/A,"evaluate_filter:scim2_server/filter.py,query_resources:scim2_server/backend.py,patch_resource:scim2_server/operators.py,__init__:scim2_server/operators.py,__call__:scim2_server/operators.py,match_multi_valued_attribute:scim2_server/operators.py,call_on_root:scim2_server/operators.py,merge_resources:scim2_server/utils.py,get_by_alias:scim2_server/utils.py,genexpr:scim2_server/utils.py,get_or_create:scim2_server/utils.py,handle_extension:scim2_server/utils.py",,Attr,Attr,,,,,,Yes
sae-lens,17159,https://pypi.org/project/sae-lens,Y,N/A,"set_deep_attr:sae_lens/analysis/hooked_sae_transformer.py,_reset_sae:sae_lens/analysis/hooked_sae_transformer.py,reset_saes:sae_lens/analysis/hooked_sae_transformer.py,run_with_saes:sae_lens/analysis/hooked_sae_transformer.py,run_with_cache_with_saes:sae_lens/analysis/hooked_sae_transformer.py,run_with_hooks_with_saes:sae_lens/analysis/hooked_sae_transformer.py,saes:sae_lens/analysis/hooked_sae_transformer.py",,Attr,Attr,,,,,,Yes
fastapi-amis-admin,16900,https://pypi.org/project/fastapi-amis-admin,Y,N/A,"model_fields:fastapi_amis_admin/utils/pydantic.py,_update_items:fastapi_amis_admin/crud/_sqlalchemy.py",,Attr,Attr,,import_starlette|import_fastapi,,,,No
django-restit,16459,https://pypi.org/project/django-restit,Y,N,"saveFromDict:rest/models/base.py,logHistory:incident/models/incident.py,_getFields:rest/serializers/legacy.py,restResult:rest/serializers/legacy.py,updateFeature:rest/serializers/legacy.py,jwt_login:account/rpc/auth.py,on_complete_jwt:account/rpc/auth.py,jwt_refresh:account/rpc/auth.py,member_login_uname_pword:account/rpc/auth.py,saveNow:rest/models/base.py,safeSave:rest/models/base.py,saveFields:rest/models/base.py,updateLogModel:rest/models/base.py,registerComplete:account/passkeys/core.py,on_rest_saved:incident/models/event.py,on_rest_saved:wiki/models/page.py,filterConnections:rest/extra/hostinfo.py,consToDict:rest/extra/hostinfo.py,getVersions:rest/extra/hostinfo.py,genexpr:rest/serializers/legacy.py,_filter_recurse:rest/serializers/legacy.py,lambda:rest/serializers/legacy.py,updatePagination:rest/serializers/legacy.py,restJSON:rest/serializers/legacy.py,on_rest_created:account/models/member.py,set_metadata:rest/models/metadata.py,Publish:taskqueue/models.py,generatePath:wiki/models/page.py,_get:rest/uberdict.py,cancelTask:taskqueue/worker.py",,Attr/Field,Field,,django_re_path|.get/.post/.api_route|import_django,,,,Yes
django-restit,16459,https://pypi.org/project/django-restit,Y,N/A,,,Attr,Field,,,,,,Yes
py3amf,16282,https://pypi.org/project/py3amf,Y,N/A,patch:pyamf/tests/__init__.py,,Attr,Attr,,import_django,,,,Yes
satella,15576,https://pypi.org/project/satella,Y,N/A,taint:satella/debug/tainting/tainteds.py,,Attr,Field,,,,,,Yes
azure-mgmt-redisenterprise,15569,https://pypi.org/project/azure-mgmt-redisenterprise,Y,N/A,"deserialize_data:azure/mgmt/redisenterprise/_serialization.py,deserialize_from_text:azure/mgmt/redisenterprise/_serialization.py,_json_attemp:azure/mgmt/redisenterprise/_serialization.py,deserialize_from_http_generics:azure/mgmt/redisenterprise/_serialization.py,deserialize:azure/mgmt/redisenterprise/_serialization.py,from_dict:azure/mgmt/redisenterprise/_serialization.py,failsafe_deserialize:azure/mgmt/redisenterprise/_serialization.py",,Attr,Attr,,,,,,Yes
rio-ui,15184,https://pypi.org/project/rio-ui,Y,N/A,,,Attr,Field,,import_fastapi|import_starlette,,,,Yes
django-unicorn,15161,https://pypi.org/project/django-unicorn,Y,N/A,"_process_component_request:django_unicorn/views/__init__.py,handle:django_unicorn/views/action_parsers/call_method.py,handle:django_unicorn/views/action_parsers/sync_input.py,__init__:django_unicorn/views/objects.py,set_property_from_data:django_unicorn/views/utils.py,set_property_value:django_unicorn/views/action_parsers/utils.py",,Attr,Attr,,django_re_path|django_path|import_django,,,,No
django-unicorn,15161,https://pypi.org/project/django-unicorn,Y,Y,,,Attr/Field,Attr/Field,,,,,,No
stdatamodels,14968,https://pypi.org/project/stdatamodels,Y,N/A,__setitem__:stdatamodels/model_base.py,,Attr,Attr,,,,,,Yes
azure-purview-sharing,14870,https://pypi.org/project/azure-purview-sharing,Y,N/A,"deserialize_data:azure/purview/sharing/_serialization.py,deserialize_from_text:azure/purview/sharing/_serialization.py,_json_attemp:azure/purview/sharing/_serialization.py,deserialize_from_http_generics:azure/purview/sharing/_serialization.py,deserialize:azure/purview/sharing/_serialization.py,from_dict:azure/purview/sharing/_serialization.py,failsafe_deserialize:azure/purview/sharing/_serialization.py",,Attr,Attr,,,,,,Yes
zamp-public-workflow-sdk,14748,https://pypi.org/project/zamp-public-workflow-sdk,Y,N/A,"deserialize:zamp_public_workflow_sdk/temporal/data_converters/transformers/collections/base.py,deserialize:zamp_public_workflow_sdk/temporal/data_converters/transformers/transformer.py,_deserialize_internal:zamp_public_workflow_sdk/temporal/data_converters/transformers/collections/list_transformer.py,_deserialize_internal:zamp_public_workflow_sdk/temporal/data_converters/transformers/collections/tuple_transformer.py,_get_enumerator:zamp_public_workflow_sdk/temporal/data_converters/transformers/transformer.py,_get_property_type:zamp_public_workflow_sdk/temporal/data_converters/transformers/transformer.py,_default_deserialized_model:zamp_public_workflow_sdk/temporal/data_converters/transformers/transformer.py",,Attr,Attr/Field,,,,,,Yes
libpass,14660,https://pypi.org/project/libpass,Y,N/A,_import_path:passlib/ext/django/utils.py,,Attr,Attr,,import_django,,,,Yes
onediff,14087,https://pypi.org/project/onediff,Y,N/A,"modify_sub_module:onediff/torch_utils/module_operations.py,apply_quantization_to_modules:onediff/optimization/quant_optimizer.py",,Attr,Attr,,,,,,Yes
torchpippy,14060,https://pypi.org/project/torchpippy,Y,N/A,__init__:pippy/IR.py,,Attr,Attr,,,,,,Yes
appmap,14012,https://pypi.org/project/appmap,Y,N/A,"resolve_path:_appmap/wrapt/wrappers.py,get_members:_appmap/importer.py,patch_function_wrapper:_appmap/wrapt/wrappers.py",,Attr,Attr,,.get/.post/.api_route|import_django|.route|import_starlette|import_flask|import_fastapi,,,,Yes
agent-gpt-aws,13986,https://pypi.org/project/agent-gpt-aws,Y,N/A,"recursive_update:agent_gpt/utils/config_utils.py,update_config_by_dot_notation:agent_gpt/utils/config_utils.py",,Attr/Field,Attr/Field,,,,,,Yes
odrive,13935,https://pypi.org/project/odrive,Y,N/A,,,Attr,Attr,,import_aiohttp,,,,Yes
chainer,13895,https://pypi.org/project/chainer,Y,N/A,create_mnbn_model:chainer-7.8.1/chainermn/links/create_mnbn_model.py,,Attr,Field,,,,,,No
isc-py-common,13715,https://pypi.org/project/isc-py-common,Y,N/A,"BytesToStr:isc_common/string/__init__.py,get_data:isc_common/http/DSRequest.py,genexpr:isc_common/http/DSRequest.py,delAttr1:isc_common/__init__.py,Calendars_Add:clndr/views/calendars.py,Chat_user_user_theme_Add:twits/views/chat_user_user_theme.py,Chats_Add:twits/views/chats.py,_createFromRequest:isc_common/managers/common_manager.py,createFromRequest:isc_common/managers/common_manager.py,Day_Add:clndr/views/day.py,Day_types_Add:clndr/views/day_types.py,Deleted_progresses_Add:isc_common/views/deleted_progresses.py,E_mails_Add:isc_common/views/e_mails.py,Edited_by_Add:isc_common/views/edited_by.py,Event_types_Add:events/views/event_types.py,Fragment_param_types_Add:react/views/fragment_param_types.py,Fragment_params_Add:react/views/fragment_params.py,Fragment_params_view_Add:react/views/fragment_params_view.py,Fragments_Add:react/views/fragments.py,Fragments_4_page_view_Add:react/views/fragments_4_page_view.py,Fragments_item_types_Add:react/views/fragments_item_types.py,Fragments_view_Add:react/views/fragments_view.py,Holidays_Add:clndr/views/holidays.py,Image_types_Add:isc_common/views/image_types.py,Jasper_reports_Add:reports/views/jasper_reports.py,Last_used_processes_Add:isc_common/views/last_used_processes.py,Links_Add:isc_common/views/links.py,Message_user_2_user_Add:tracker/views/message_user_2_user.py,Messages_files_refs_Add:tracker/views/messages_files_refs.py,Messages_importance_Add:tracker/views/messages_importance.py,Messages_whom_Add:tracker/views/messages_whom.py,Page_fragments_Add:react/views/page_fragments.py,Page_level_types_Add:react/views/page_level_types.py,Pages_Add:react/views/pages.py,Pages_view_Add:react/views/pages_view.py,Params_Add:isc_common/views/params.py,Phones_Add:isc_common/views/phones.py,Progresses_Add:isc_common/views/progresses.py,Shifts_Add:clndr/views/shifts.py,Standard_colors_Add:isc_common/views/standard_colors.py,Text_informations_Add:isc_common/views/text_informations.py,Type_param_Add:refs/views/type_param.py,Type_param_values_Add:refs/views/type_param_values.py,User_e_mails_Add:isc_common/auth/views/user_e_mails.py,User_phones_Add:isc_common/auth/views/user_phones.py,Users_images_Add:isc_common/views/users_images.py",,Attr/Field,Field,,django_path|import_django,,,,Yes
isc-py-common,13715,https://pypi.org/project/isc-py-common,Y,N/A,,,Attr,Field,,,,,,Yes
maxframe,13700,https://pypi.org/project/maxframe,Y,N/A,setvalue:maxframe-1.3.1/maxframe/config/config.py,,Attr,Attr,,import_tornado,,,,Yes
mayavi,13569,https://pypi.org/project/mayavi,Y,N/A,super_setattr:mayavi-4.8.3/mayavi/core/trait_defs.py,,Attr,Attr,,,,,,No
nbox,13560,https://pypi.org/project/nbox,Y,N/A,"set:nbox/messages.py,_set_field_on_message:nbox/messages.py",,Attr/Field,Attr/Field,,import_starlette|import_fastapi,,,,Yes
nbox,13560,https://pypi.org/project/nbox,Y,N/A,,,Attr/Field,Attr,,,,,,Yes
azure-communication-callautomation,13542,https://pypi.org/project/azure-communication-callautomation,Y,N/A,"deserialize_data:azure/communication/callautomation/_generated/_serialization.py,deserialize_from_text:azure/communication/callautomation/_generated/_serialization.py,_json_attemp:azure/communication/callautomation/_generated/_serialization.py,deserialize_from_http_generics:azure/communication/callautomation/_generated/_serialization.py,deserialize:azure/communication/callautomation/_generated/_serialization.py,from_dict:azure/communication/callautomation/_generated/_serialization.py,failsafe_deserialize:azure/communication/callautomation/_generated/_serialization.py",,Attr,Attr,,,,,,Yes
fintoolsap,13388,https://pypi.org/project/fintoolsap,Y,N/A,_rsetattr:FinToolsAP/_util_funcs.py,,Attr,Attr,,,,,,Yes
gftools,13250,https://pypi.org/project/gftools,Y,N/A,"set_all:gftools/scripts/fontsetter.py,main:gftools/scripts/ufo_setter.py",,Attr,Attr,,,,,,No
gftools,13250,https://pypi.org/project/gftools,Y,N/A,,,Attr/Field,Attr/Field,,,,,,No
windmill,12989,https://pypi.org/project/windmill,Y,N/A,"setAttribute:windmill-1.6/windmill2/castile/events.py,setItem:windmill-1.6/windmill2/castile/events.py",,Attr,Attr,,import_cherrypy|import_django,,,,Yes
windmill,12989,https://pypi.org/project/windmill,Y,N/A,,,Attr,Field,,,,,,Yes
curia,12973,https://pypi.org/project/curia,Y,N/A,"_load_multiple_submodels:curia/mock/api.py,_load_single_submodel:curia/mock/api.py",,Attr,Attr,,,,,,Yes
colossalai,12406,https://pypi.org/project/colossalai,Y,N/A,"solution_annotation_pass:colossalai-0.4.9/colossalai/auto_parallel/passes/runtime_preparation_pass.py,size_value_converting_pass:colossalai-0.4.9/colossalai/auto_parallel/passes/runtime_preparation_pass.py,node_args_converting_pass:colossalai-0.4.9/colossalai/auto_parallel/passes/runtime_preparation_pass.py,module_params_sharding_pass:colossalai-0.4.9/colossalai/auto_parallel/passes/runtime_preparation_pass.py,setattr_:colossalai-0.4.9/colossalai/shardformer/_utils.py,_recursive_replace_layer:colossalai-0.4.9/colossalai/shardformer/shard/sharder.py,_replace_attr:colossalai-0.4.9/colossalai/shardformer/shard/sharder.py,_replace_sub_module:colossalai-0.4.9/colossalai/shardformer/shard/sharder.py",,Attr,Attr,,.get/.post/.api_route|import_fastapi,,,,Yes
freetakserver,12265,https://pypi.org/project/freetakserver,Y,N/A,"serializeJsonToModel:FreeTAKServer/core/services/RestAPI.py,serializeJsonToModel:FreeTAKServer/services/rest_api_service/rest_api_service_main.py,convert_model_to_row:FreeTAKServer/core/parsers/XMLCoTController.py,convert_dict_to_node:FreeTAKServer/components/core/domain/controllers/dict_to_node_controller.py,serialize:FreeTAKServer/components/core/domain/controllers/dict_to_node_controller.py,add_value_to_node:FreeTAKServer/components/core/domain/controllers/dict_to_node_controller.py",,Attr,Attr,,@get/post/route|import_flask|.route,,,,Yes
osbot-utils,12153,https://pypi.org/project/osbot-utils,Y,N/A,"from_json:osbot_utils/helpers/sqlite/Sqlite__Field.py,loads:osbot_utils/utils/Json.py,table_requests__create:osbot_utils/helpers/sqlite/cache/Sqlite__DB__Requests.py,setup:osbot_utils/helpers/sqlite/tables/Sqlite__Table__Config.py,setup:osbot_utils/helpers/sqlite/tables/Sqlite__Table__Edges.py,setup:osbot_utils/helpers/sqlite/tables/Sqlite__Table__Files.py,setup:osbot_utils/helpers/sqlite/tables/Sqlite__Table__Nodes.py,convert_dict_to_value_from_obj_annotation:osbot_utils/type_safe/shared/Type_Safe__Convert.py,convert_to_value_from_obj_annotation:osbot_utils/type_safe/shared/Type_Safe__Convert.py,expand_types:osbot_utils/type_safe/shared/Type_Safe__Json_Compressor.py,deserialize_type__using_value:osbot_utils/type_safe/steps/Type_Safe__Step__From_Json.py,resolve_value__from_origin:osbot_utils/type_safe/steps/Type_Safe__Step__Set_Attr.py,setattr:osbot_utils/type_safe/steps/Type_Safe__Step__Set_Attr.py",,Attr,Attr,,,,,,Yes
fsai-shared-funcs,12100,https://pypi.org/project/fsai-shared-funcs,Y,N/A,"_ConvertMapFieldValue:fsai_shared_funcs/proto_helpers/json_format.py,genexpr:fsai_shared_funcs/proto_helpers/json_format.py",,Attr,Attr,,,,,,Yes
blaster-server,11699,https://pypi.org/project/blaster-server,Y,N/A,"list_to_protobuf:blaster/tools/__init__.py,dict_to_protobuf:blaster/tools/__init__.py",,Attr,Attr,,.get/.post/.api_route|@get/post/route|import_tornado|.route|import_flask|import_fastapi,,,,Yes
container-service-extension,11685,https://pypi.org/project/container-service-extension,Y,N/A,"_form_updated_entity:container_service_extension/rde/common/entity_service.py,__init__:container_service_extension/rde/models/common_models.py,_process_existing_clusters:container_service_extension/installer/configure_cse.py,_create_cluster_rde:container_service_extension/installer/configure_cse.py,_upgrade_cluster_rde:container_service_extension/installer/configure_cse.py,upgrade_entity:container_service_extension/rde/common/entity_service.py,from_native_entity:container_service_extension/rde/models/rde_1_0_0.py,from_native_entity:container_service_extension/rde/models/rde_2_1_0.py",,Attr,Attr,,,,,,Yes
mediapipe-nightly,11654,https://pypi.org/project/mediapipe-nightly,Y,N/A,create_graph_options:mediapipe/python/solution_base.py,,Attr,Attr,,,,,,Yes
azure-ai-resources,11575,https://pypi.org/project/azure-ai-resources,Y,N/A,"deserialize_data:azure/ai/resources/_restclient/_azure_open_ai/_serialization.py,deserialize_from_text:azure/ai/resources/_restclient/_azure_open_ai/_serialization.py,_json_attemp:azure/ai/resources/_restclient/_azure_open_ai/_serialization.py,deserialize_from_http_generics:azure/ai/resources/_restclient/_azure_open_ai/_serialization.py,deserialize:azure/ai/resources/_restclient/_azure_open_ai/_serialization.py,from_dict:azure/ai/resources/_restclient/_azure_open_ai/_serialization.py,failsafe_deserialize:azure/ai/resources/_restclient/_azure_open_ai/_serialization.py",,Attr,Attr,,,,,,Yes
distilabel,11216,https://pypi.org/project/distilabel,Y,N/A,recursively_handle_secrets_and_excluded_attributes:distilabel/pipeline/base.py,,Attr,Attr,,,,,,No
apache-bookkeeper-client,11199,https://pypi.org/project/apache-bookkeeper-client,Y,N/A,"set:bookkeeper/common/protobuf_helpers.py,_set_field_on_message:bookkeeper/common/protobuf_helpers.py",,Attr/Field,Attr/Field,,,,,,Yes
apache-bookkeeper-client,11199,https://pypi.org/project/apache-bookkeeper-client,Y,N/A,,,Attr/Field,Attr,,,,,,Yes
thds-core,11179,https://pypi.org/project/thds-core,Y,N/A,set_value:thds/core/dict_utils.py,,Attr,Attr/Field,,,,,,Yes
azure-iot-deviceupdate,11056,https://pypi.org/project/azure-iot-deviceupdate,Y,N/A,"deserialize_data:azure/iot/deviceupdate/_serialization.py,deserialize_from_text:azure/iot/deviceupdate/_serialization.py,_json_attemp:azure/iot/deviceupdate/_serialization.py,deserialize_from_http_generics:azure/iot/deviceupdate/_serialization.py,deserialize:azure/iot/deviceupdate/_serialization.py,from_dict:azure/iot/deviceupdate/_serialization.py,failsafe_deserialize:azure/iot/deviceupdate/_serialization.py",,Attr,Attr,,,,,,Yes
lsst-pipe-base,11028,https://pypi.org/project/lsst-pipe-base,Y,N/A,"addInstrumentOverride:lsst/pipe/base/configOverrides.py,applyTo:lsst/pipe/base/configOverrides.py,addValueOverride:lsst/pipe/base/configOverrides.py,addPythonOverride:lsst/pipe/base/configOverrides.py",,Attr,Attr,,,,,,Yes
plexflow,10959,https://pypi.org/project/plexflow,Y,N/A,rsetattr:plexflow/core/subtitles/providers/oss/utils/response_base.py,,Attr,Attr,,,,,,Yes
libhanger,10864,https://pypi.org/project/libhanger,Y,N/A,rsetattr:LibHanger/Library/uwConfig.py,,Attr,Attr,,,,,,Yes
kmport,10804,https://pypi.org/project/kmport,Y,N/A,"IsIn:kmport/__init__.py,__new__:kmport/__init__.py,_ChangePath_:kmport/__init__.py,_bytes_:kmport/__init__.py,_byte2str_:kmport/__init__.py,Default:kmport/__init__.py,Copy:kmport/__init__.py,__init__:kmport/__init__.py,WhiteStrip:kmport/__init__.py,IsSame:kmport/__init__.py,Frame2Function:kmport/__init__.py,_web_:kmport/__init__.py,_web_data:kmport/__init__.py,Ip:kmport/__init__.py,IsOpenPort:kmport/__init__.py,IsUsedPort:kmport/__init__.py,cmd_form:kmport/__init__.py,Sort:kmport/__init__.py,Get:kmport/__init__.py,DD:kmport/__init__.py,ls:kmport/__init__.py,piller:kmport/__init__.py,inside_data:kmport/__init__.py",,Attr/Field,Field,,,,,,Yes
kmport,10804,https://pypi.org/project/kmport,Y,N/A,,,Attr,Field,,,,,,Yes
geodesic-api,10657,https://pypi.org/project/geodesic-api,Y,N/A,"_get:geodesic/boson/boson.py,_get:geodesic/descriptors.py,_get:geodesic/stac.py,_set:geodesic/boson/boson.py,_set:geodesic/descriptors.py,_set:geodesic/stac.py,__get__:geodesic/descriptors.py,__set__:geodesic/descriptors.py,_set_object:geodesic/descriptors.py,_set_and_return_default:geodesic/descriptors.py",,Attr/Field,Attr/Field,,,,,,Yes
zugbruecke,10504,https://pypi.org/project/zugbruecke,Y,N/A,"sync_args:zugbruecke/core/data.py,_sync_arg:zugbruecke/core/data.py,_sync_array:zugbruecke/core/data.py,_sync_struct:zugbruecke/core/data.py",,Attr,Attr,,,,,,Yes
zugbruecke,10504,https://pypi.org/project/zugbruecke,Y,N/A,,,Attr/Field,Attr/Field,,,,,,Yes
hpcflow-new2,10149,https://pypi.org/project/hpcflow-new2,Y,N/A,"get_in_container:hpcflow/sdk/core/utils.py,_get_callback_value:hpcflow/sdk/config/config.py,_get:hpcflow/sdk/config/config.py,_with_updates:hpcflow/sdk/config/config.py,__merge_relevant_data:hpcflow/sdk/core/task.py,_decode_numpy_arrays:hpcflow/sdk/persistence/zarr.py",,Attr/Field,Field,,,,,,Yes
hpcflow-new2,10149,https://pypi.org/project/hpcflow-new2,Y,N/A,,,Attr,Field,,,,,,Yes
raygun4py,9996,https://pypi.org/project/raygun4py,Y,N/A,"filter_keys:raygun4py-5.0.0/python3/raygun4py/utilities.py,build:raygun4py-5.0.0/python3/raygun4py/raygunmsgs.py,set_machine_name:raygun4py-5.0.0/python3/raygun4py/raygunmsgs.py,set_environment_details:raygun4py-5.0.0/python3/raygun4py/raygunmsgs.py,set_exception_details:raygun4py-5.0.0/python3/raygun4py/raygunmsgs.py,set_client_details:raygun4py-5.0.0/python3/raygun4py/raygunmsgs.py,set_customdata:raygun4py-5.0.0/python3/raygun4py/raygunmsgs.py,set_tags:raygun4py-5.0.0/python3/raygun4py/raygunmsgs.py,set_request_details:raygun4py-5.0.0/python3/raygun4py/raygunmsgs.py,set_version:raygun4py-5.0.0/python3/raygun4py/raygunmsgs.py,set_user:raygun4py-5.0.0/python3/raygun4py/raygunmsgs.py,ignore_exceptions:raygun4py-5.0.0/python3/raygun4py/utilities.py",,Attr,Field,,django_re_path|import_django|import_streamlit|dot_add_url_rule|dot_endpoint|import_tornado|.route|rule_instantiation|django_path|import_flask,,,,Yes
python-simpleconf,9982,https://pypi.org/project/python-simpleconf,Y,N/A,"load:simpleconf/loaders/__init__.py,load_one:simpleconf/config.py",,Attr/Field,Field,,,,,,Yes
python-simpleconf,9982,https://pypi.org/project/python-simpleconf,Y,N/A,,,Attr,Field,,,,,,Yes
coilpy,9914,https://pypi.org/project/coilpy,Y,N/A,setLocation:coilpy/sortedDict.py,,Attr/Field,Field,,,,,,Yes
coilpy,9914,https://pypi.org/project/coilpy,Y,N/A,,,Attr,Field,,,,,,Yes
requre,9888,https://pypi.org/project/requre,Y,N/A,"_revert_modules:requre/record_and_replace.py,_apply_module_replacement:requre/record_and_replace.py",,Attr,Attr,,,,,,Yes
javascript-fixes,9795,https://pypi.org/project/javascript-fixes,Y,N/A,Set:javascript_fixes-1.1.29/src/javascript_fixes/pyi.py,,Attr/Field,Attr/Field,,,,,,Yes
m3-ui,9769,https://pypi.org/project/m3-ui,Y,N/A,"_get_all_fields:m3-ui-3.0.1.6/src/m3_ext/ui/containers/forms.py,to_object:m3-ui-3.0.1.6/src/m3_ext/ui/helpers.py",,Attr/Field,Attr/Field,,import_django,,,,Yes
base-aux,9727,https://pypi.org/project/base-aux,Y,N/A,,,Attr/Field,Attr/Field,,@get/post/route|import_starlette|import_aiohttp|.get/.post/.api_route|import_fastapi,,,,Yes
scoutsuite,9594,https://pypi.org/project/scoutsuite,Y,N/A,,,Attr/Field,Attr/Field,,import_cherrypy,,,,Yes
confme,9574,https://pypi.org/project/confme,Y,N/A,update_by_str:confme/core/base_config.py,,Attr,Attr,,,,,,Yes
libbs,9489,https://pypi.org/project/libbs,Y,N/A,_lift_or_lower_artifact:libbs/api/artifact_lifter.py,,Attr,Attr,,,,,,Yes
azure-maps-route,9475,https://pypi.org/project/azure-maps-route,Y,N/A,"deserialize_data:azure/maps/route/_serialization.py,deserialize_from_text:azure/maps/route/_serialization.py,_json_attemp:azure/maps/route/_serialization.py,deserialize_from_http_generics:azure/maps/route/_serialization.py,deserialize:azure/maps/route/_serialization.py,from_dict:azure/maps/route/_serialization.py,failsafe_deserialize:azure/maps/route/_serialization.py",,Attr,Attr,,,,,,Yes
xj-enroll,9436,https://pypi.org/project/xj-enroll,Y,N/A,"parse_expression:xj_enroll/utils/j_valuation.py,process:xj_enroll/utils/j_valuation.py,parse_variables:xj_enroll/utils/j_valuation.py",,Attr/Field,Field,,django_re_path|import_django,,,,Yes
xj-enroll,9436,https://pypi.org/project/xj-enroll,Y,N/A,,,Attr,Field,,,,,,Yes
arches,9284,https://pypi.org/project/arches,Y,N/A,,,Attr,Field,,,,,,No
xtrack,9225,https://pypi.org/project/xtrack,Y,N/A,set_expr:xtrack-0.83.1/xtrack/mad_loader.py,,Attr/Field,Attr/Field,,,,,,Yes
cpppo,9104,https://pypi.org/project/cpppo,Y,N/A,"__setitem__:cpppo/dotdict.py,get:cpppo/dotdict.py",,Attr/Field,Field,,,,,,Yes
cpppo,9104,https://pypi.org/project/cpppo,Y,N/A,,,Attr,Field,,,,,,Yes
global-workqueue,9072,https://pypi.org/project/global-workqueue,Y,N/A,"addValue:global-workqueue-2.3.9.2/src/python/WMCore/WMSpec/ConfigSectionTree.py,addBaggageParameter:global-workqueue-2.3.9.2/src/python/WMCore/DataStructs/Job.py,addFile:global-workqueue-2.3.9.2/src/python/WMCore/WMSpec/Steps/Template.py",,Attr,Attr,,import_cherrypy,,,,Yes
dnastack-client-library,9001,https://pypi.org/project/dnastack-client-library,Y,N/A,"set:dnastack/json_path.py,__repair_path:dnastack/cli/commands/config/endpoints.py",,Attr/Field,Attr/Field,,,,,,Yes
openstates,9000,https://pypi.org/project/openstates,Y,N/A,"merge_parties:openstates/utils/people/merge.py,collapse_duplicates:openstates/utils/people/merge.py,update_office:openstates/utils/people/merge.py,__init__:openstates/utils/people/merge.py",,Attr,Attr,,import_django,,,,Yes
buildz,8896,https://pypi.org/project/buildz,Y,N/A,"call:buildz-0.8.3/buildz/auto/cache.py,call:buildz-0.8.3/buildz/base.py,get_first:buildz-0.8.3/buildz/xf/mapz.py,load:buildz-0.8.3/buildz/pyz.py,__call__:buildz-0.8.3/buildz/ioc/ioc/base.py,set:buildz-0.8.3/buildz/evalz/evalz.py",,Attr/Field,Field,,,,,,Yes
buildz,8896,https://pypi.org/project/buildz,Y,N/A,,,Attr,Field,,,,,,Yes
cdp-backend,8889,https://pypi.org/project/cdp-backend,Y,N/A,generate_and_attach_doc_hash_as_id:cdp_backend/database/functions.py,,Attr,Attr,,import_flask|import_aiohttp,,,,Yes
sleuth-mock,8878,https://pypi.org/project/sleuth-mock,Y,N/A,"_patch:sleuth.py,__exit__:sleuth.py",,Attr,Attr,,,,,,Yes
xorbits,8875,https://pypi.org/project/xorbits,Y,N/A,"setvalue:xorbits/_mars/config.py,fill_serialized:xorbits/_mars/config.py",,Attr,Attr,,import_tornado,,,,No
ellar,8849,https://pypi.org/project/ellar,Y,N/A,__setattr__:ellar/utils/functional.py,,Attr,Attr,,import_starlette|.get/.post/.api_route|@get/post/route,,,,Yes
azure-ai-anomalydetector,8840,https://pypi.org/project/azure-ai-anomalydetector,Y,N/A,"deserialize_data:azure/ai/anomalydetector/_serialization.py,deserialize_from_text:azure/ai/anomalydetector/_serialization.py,_json_attemp:azure/ai/anomalydetector/_serialization.py,deserialize_from_http_generics:azure/ai/anomalydetector/_serialization.py,deserialize:azure/ai/anomalydetector/_serialization.py,from_dict:azure/ai/anomalydetector/_serialization.py,failsafe_deserialize:azure/ai/anomalydetector/_serialization.py",,Attr,Attr,,,,,,Yes
mcdreforged,8631,https://pypi.org/project/mcdreforged,Y,N/A,set_values:mcdreforged/mcdr_config.py,,Attr,Attr,,,,,,Yes
mcap-ros1-support,8512,https://pypi.org/project/mcap-ros1-support,Y,N/A,_fill_val:mcap_ros1/_vendor/genpy/message.py,,Attr,Attr,,,,,,Yes
normalize,8418,https://pypi.org/project/normalize,Y,N/A,post:normalize/selector.py,,Attr/Field,Attr/Field,,,,,,Yes
hcs-core,8335,https://pypi.org/project/hcs-core,Y,N/A,deep_set_attr:hcs_core/ctxp/data_util.py,,Attr/Field,Attr/Field,,,,,,Yes
kalib,8287,https://pypi.org/project/kalib,Y,N/A,,,Attr,Attr,,,,,,Yes
steam-sdk,8240,https://pypi.org/project/steam-sdk,Y,N/A,"rsetattr:steam_sdk/utils/sgetattr.py,setup_sim_COSIM:steam_sdk/analyses/AnalysisSTEAM.py,_reset_variables_to_pass:steam_sdk/cosims/CosimPyCoSim.py,__init__:steam_sdk/parsers/ParserCOSIM.py,__read_coils:steam_sdk/parsims/ParsimConductor.py,__read_conductors:steam_sdk/parsims/ParsimConductor.py,__read_general_parameters:steam_sdk/parsims/ParsimEventMagnet.py,__read_powering:steam_sdk/parsims/ParsimEventMagnet.py,__read_CLIQ:steam_sdk/parsims/ParsimEventMagnet.py,template_replace:steam_sdk/parsers/utils_ParserCosims.py",,Attr/Field,Attr/Field,,,,,,Yes
steam-sdk,8240,https://pypi.org/project/steam-sdk,Y,N/A,,,Attr/Field,Field,,,,,,Yes
steam-sdk,8240,https://pypi.org/project/steam-sdk,Y,N/A,,,Attr,Field,,,,,,Yes
dero,8181,https://pypi.org/project/dero,Y,N/A,_set_in_nested_obj_by_section_path:dero/manager/logic/set.py,,Attr,Attr,,,,,,Yes
azure-mgmt-graphservices,8058,https://pypi.org/project/azure-mgmt-graphservices,Y,N/A,"deserialize_data:azure/mgmt/graphservices/_serialization.py,deserialize_from_text:azure/mgmt/graphservices/_serialization.py,_json_attemp:azure/mgmt/graphservices/_serialization.py,deserialize_from_http_generics:azure/mgmt/graphservices/_serialization.py,deserialize:azure/mgmt/graphservices/_serialization.py,from_dict:azure/mgmt/graphservices/_serialization.py,failsafe_deserialize:azure/mgmt/graphservices/_serialization.py",,Attr,Attr,,,,,,Yes
httptesting,8003,https://pypi.org/project/httptesting,Y,N/A,parse_post_data:httptesting/library/har.py,,Attr/Field,Field,,,,,,Yes
httptesting,8003,https://pypi.org/project/httptesting,Y,N/A,,,Attr,Field,,,,,,Yes
hordelib,7928,https://pypi.org/project/hordelib,Y,N/A,set_attr:hordelib/_comfyui/comfy/utils.py,,Attr,Attr,,.get/.post/.api_route|import_aiohttp,,,,Yes
opensafely,7853,https://pypi.org/project/opensafely,Y,N/A,"_ParseOrMerge:opensafely/_vendor/google/protobuf/text_format.py,genexpr:opensafely/_vendor/google/protobuf/json_format.py,genexpr:opensafely/_vendor/google/protobuf/text_format.py,_ConvertMapFieldValue:opensafely/_vendor/google/protobuf/json_format.py,_MergeMessage:opensafely/_vendor/google/protobuf/internal/well_known_types.py,resolve_path:opensafely/_vendor/wrapt/wrappers.py",,Attr,Attr,,import_flask,,,,Yes
azure-mgmt-healthcareapis,7699,https://pypi.org/project/azure-mgmt-healthcareapis,Y,N/A,"deserialize_data:azure/mgmt/healthcareapis/_serialization.py,deserialize_from_text:azure/mgmt/healthcareapis/_serialization.py,_json_attemp:azure/mgmt/healthcareapis/_serialization.py,deserialize_from_http_generics:azure/mgmt/healthcareapis/_serialization.py,deserialize:azure/mgmt/healthcareapis/_serialization.py,from_dict:azure/mgmt/healthcareapis/_serialization.py,failsafe_deserialize:azure/mgmt/healthcareapis/_serialization.py",,Attr,Attr,,,,,,Yes
onediffx,7620,https://pypi.org/project/onediffx,Y,N/A,_recursive_setattr:onediffx/compilers/diffusion_pipeline_compiler.py,,Attr,Attr,,,,,,Yes
wmagent,7565,https://pypi.org/project/wmagent,Y,N/A,"addParameter:PSetTweaks/PSetTweak.py,addValue:WMCore/WMSpec/ConfigSectionTree.py,addBaggageParameter:WMCore/DataStructs/Job.py,addFile:WMCore/WMSpec/Steps/Template.py,__init__:PSetTweaks/WMTweak.py",,Attr,Attr,,import_cherrypy,,,,Yes
fa-common,7487,https://pypi.org/project/fa-common,Y,N/A,deep_merge:fa_common/routes/modules/utils.py,,Attr,Attr,,import_aiohttp|import_starlette|.get/.post/.api_route|import_fastapi,,,,Yes
getdist,7427,https://pypi.org/project/getdist,Y,N/A,setParams:getdist/chains.py,,Attr,Attr,,import_streamlit,,,,No
colony,7402,https://pypi.org/project/colony,Y,N/A,,,Attr/Field,Attr/Field,,import_tornado|import_cherrypy,,,,No
pipegraphpy,7331,https://pypi.org/project/pipegraphpy,Y,N/A,deep_json_loads:PipeGraphPy/utils/str_handle.py,,Attr/Field,Field,,,,,,Yes
pipegraphpy,7331,https://pypi.org/project/pipegraphpy,Y,N/A,,,Attr,Field,,,,,,Yes
iommi,7290,https://pypi.org/project/iommi,Y,N/A,"setattr_path:iommi/declarative/namespace.py,file_write_to_instance:iommi/form.py",,Attr,Attr,,django_path|import_flask|import_django,,,,No
selectorcolor,7280,https://pypi.org/project/selectorcolor,Y,N/A,"set_attrs:selectorcolor/seletor_de_cores.py,set_attrs:selectorcolor/themeload.py,ExportarCores:selectorcolor/seletor_de_cores.py,CarregarTema:selectorcolor/seletor_de_cores.py,CarregarTema:selectorcolor/themeload.py,did_mount:selectorcolor/themeload.py,Carregar:selectorcolor/themeload.py",,Attr,Attr,,,,,,Yes
pyleco,7270,https://pypi.org/project/pyleco,Y,N/A,"set_parameters:pyleco/actors/actor.py,set_parameters:pyleco/actors/locking_actor.py",,Attr,Attr,,,,,,Yes
brevitas,7249,https://pypi.org/project/brevitas,Y,N/A,"_copy_attr:brevitas/backport/fx/graph_module.py,_assign_attr:brevitas/backport/fx/graph_module.py,trace:brevitas/backport/fx/_symbolic_trace.py,trace:brevitas/fx/value_tracer.py,__copy__:brevitas/backport/fx/graph_module.py,_replicate_for_data_parallel:brevitas/backport/fx/graph_module.py,transform:brevitas/backport/fx/interpreter.py,dispatch_trace:brevitas/backport/fx/experimental/proxy_tensor.py",,Attr,Attr,,,,,,No
roman-datamodels,7133,https://pypi.org/project/roman-datamodels,Y,N/A,"from_tvac_raw:roman_datamodels/datamodels/_datamodels.py,from_science_raw:roman_datamodels/datamodels/_datamodels.py,_node_update:roman_datamodels/datamodels/_utils.py,_traverse:roman_datamodels/datamodels/_utils.py",,Attr,Attr/Field,,,,,,Yes
deepdoctection,6856,https://pypi.org/project/deepdoctection,Y,N/A,"update_args:deepdoctection/utils/metacfg.py,__init__:deepdoctection/extern/d2detect.py,__init__:deepdoctection/extern/tpdetect.py,_set_config:deepdoctection/extern/d2detect.py,_build_ocr_detector:deepdoctection/analyzer/factory.py",,Attr,Attr,,,,,,No
wmagent-devtools,6816,https://pypi.org/project/wmagent-devtools,Y,N/A,,,Attr,Attr,,,,,,Yes
paramparse,6801,https://pypi.org/project/paramparse,Y,N/A,,,Attr,Attr,,,,,,Yes
edgy,6663,https://pypi.org/project/edgy,Y,N/A,"_embed_parent_in_result:edgy/core/db/querysets/base.py,create:edgy/core/db/querysets/base.py,get_or_create:edgy/core/db/querysets/base.py,update_or_create:edgy/core/db/querysets/base.py",,Attr,Attr,,,,,,No
wmcore,6648,https://pypi.org/project/wmcore,Y,N/A,"addParameter:PSetTweaks/PSetTweak.py,addValue:WMCore/WMSpec/ConfigSectionTree.py,addBaggageParameter:WMCore/DataStructs/Job.py,addFile:WMCore/WMSpec/Steps/Template.py,__init__:PSetTweaks/WMTweak.py",,Attr,Attr,,import_cherrypy,,,,Yes
graphql-core-next,6628,https://pypi.org/project/graphql-core-next,Y,N/A,"get_argument_values:graphql/execution/values.py,__init__:graphql/execution/execute.py,find_conflict:graphql/validation/rules/overlapping_fields_can_be_merged.py,same_arguments:graphql/validation/rules/overlapping_fields_can_be_merged.py,get_fields_and_fragment_names:graphql/validation/rules/overlapping_fields_can_be_merged.py,leave_directive:graphql/validation/rules/provided_required_arguments.py,get_recursively_referenced_fragments:graphql/validation/validation_context.py,get_variable_values:graphql/execution/values.py",,Attr,Attr/Field,,,,,,Yes
finesse,6623,https://pypi.org/project/finesse,Y,N/A,"_build:finesse/script/legacy.py,parse_file:finesse/script/legacy.py,remove:finesse/model.py,get:finesse/model.py,set:finesse/model.py,reduce_set_attr:finesse/model.py,_reduce_model_path:finesse/model.py,add:finesse/model.py,chain:finesse/model.py,link:finesse/model.py,connect:finesse/model.py,get_element:finesse/model.py",,Attr,Attr,,,,,,Yes
shuup,6589,https://pypi.org/project/shuup,Y,N/A,_set_part:shuup/utils/properties.py,,Attr,Attr,,import_django,,,,No
zipline-reloaded,6555,https://pypi.org/project/zipline-reloaded,Y,N/A,,,Attr,Attr,,,,,,Yes
mikeio,6549,https://pypi.org/project/mikeio,Y,N/A,__setitem__:mikeio/pfs/_pfssection.py,,Attr,Attr,,,,,,Yes
minimock,6488,https://pypi.org/project/minimock,Y,N/A,lookup_by_name:MiniMock-1.2.8/minimock.py,,Attr,Attr,,,,,,Yes
loutilities,6448,https://pypi.org/project/loutilities,Y,N/A,setattrdeep:loutilities/tables.py,,Attr,Attr,,dot_add_url_rule|import_flask,,,,Yes
ignos-internal-api-client,6304,https://pypi.org/project/ignos-internal-api-client,Y,N/A,"deserialize_data:ignos/internal/api/client/_serialization.py,deserialize_from_text:ignos/internal/api/client/_serialization.py,_json_attemp:ignos/internal/api/client/_serialization.py,deserialize_from_http_generics:ignos/internal/api/client/_serialization.py,deserialize:ignos/internal/api/client/_serialization.py,from_dict:ignos/internal/api/client/_serialization.py,failsafe_deserialize:ignos/internal/api/client/_serialization.py",,Attr,Attr,,,,,,Yes
blazeutils,6297,https://pypi.org/project/blazeutils,Y,N/A,set_dotted:blazeutils/config.py,,Attr,Attr,,,,,,Yes
sqreen,6254,https://pypi.org/project/sqreen,Y,N/A,"resolve_path:sqreen-1.27.4/sqreen/_vendors/wrapt/wrappers.py,patch_module:sqreen-1.27.4/sqreen/instrumentation/import_hook.py",,Attr,Attr,,import_pyramid|import_flask|import_aiohttp|import_django,,,,Yes
sparsezoo,6179,https://pypi.org/project/sparsezoo,Y,N/A,prep_for_serialization:sparsezoo/evaluation/results.py,,Attr,Attr/Field,,,,,,No
sciris,6097,https://pypi.org/project/sciris,Y,N/A,"makenested:sciris/sc_nested.py,recursive_substitute:sciris/_extras/legacy.py",,Attr/Field,Field,,django_path,,,,Yes
sciris,6097,https://pypi.org/project/sciris,Y,N/A,,,Attr,Field,,,,,,Yes
sciris,6097,https://pypi.org/project/sciris,Y,N/A,,,Attr/Field,Attr,,,,,,Yes
easydel,6047,https://pypi.org/project/easydel,Y,N/A,set_module_from_path:easydel/utils/graph_utils.py,,Attr/Field,Attr/Field,,.get/.post/.api_route|import_fastapi,,,,Yes
dendro,5867,https://pypi.org/project/dendro,Y,N/A,"run:dendro/sdk/App.py,_dendro_set_attribute_where_name_may_have_dots:dendro/sdk/_run_job_child_process.py,genexpr:dendro/sdk/_run_job_child_process.py",,Attr,Attr,,,,,,Yes
pyodmongo,5752,https://pypi.org/project/pyodmongo,Y,N/A,mount_query_filter:pyodmongo/queries/query_string.py,,Attr/Field,Field,,,,,,Yes
pyodmongo,5752,https://pypi.org/project/pyodmongo,Y,N/A,,,Attr,Field,,,,,,Yes
beniutils,5743,https://pypi.org/project/beniutils,Y,N/A,_runTaskList:beniutils-0.0.121/beniutils/task.py,,Attr/Field,Attr,,import_aiohttp,,,,Yes
argx,5690,https://pypi.org/project/argx,Y,N/A,"get_ns_dest:argx/utils.py,_update_ns:argx/action.py",,Attr,Attr,,,,,,Yes
nexfort,5683,https://pypi.org/project/nexfort,Y,N/A,recursive_setattr:nexfort/utils/attributes.py,,Attr,Attr,,,,,,Yes
djenga,5656,https://pypi.org/project/djenga,Y,N/A,"load_file:djenga/core/env.py,assimilate_values:djenga/core/env.py,__setitem__:djenga/core/env.py,setdefault:djenga/core/env.py,decrypt:djenga/core/env.py,lazy_wrap:djenga/core/env.py",,Attr,Attr,,import_django,,,,Yes
otx,5611,https://pypi.org/project/otx,Y,N/A,set_using_dot_delimited_key:otx/utils/utils.py,,Attr/Field,Attr/Field,,import_pytorch_lightning,,,,Yes
azure-maps-render,5598,https://pypi.org/project/azure-maps-render,Y,N/A,"deserialize_data:azure/maps/render/_serialization.py,deserialize_from_text:azure/maps/render/_serialization.py,_json_attemp:azure/maps/render/_serialization.py,deserialize_from_http_generics:azure/maps/render/_serialization.py,deserialize:azure/maps/render/_serialization.py,from_dict:azure/maps/render/_serialization.py,failsafe_deserialize:azure/maps/render/_serialization.py",,Attr,Attr,,,,,,Yes
qsmolagents,5579,https://pypi.org/project/qsmolagents,Y,N/A,"set_value:qsmolagents/local_python_executor.py,evaluate_function_def:qsmolagents/local_python_executor.py,get_current_value:qsmolagents/local_python_executor.py,genexpr:qsmolagents/local_python_executor.py,evaluate_call:qsmolagents/local_python_executor.py,evaluate_name:qsmolagents/local_python_executor.py,evaluate_delete:qsmolagents/local_python_executor.py",,Attr/Field,Attr/Field,,import_gradio,,,,Yes
qsmolagents,5579,https://pypi.org/project/qsmolagents,Y,N/A,,,Attr/Field,Field,,,,,,Yes
qsmolagents,5579,https://pypi.org/project/qsmolagents,Y,N/A,,,Attr,Field,,,,,,Yes
pyrocko,5540,https://pypi.org/project/pyrocko,Y,N/A,"_decend:pyrocko/guts.py,iter_elements:pyrocko/guts.py,path_element:pyrocko/guts.py,path_to_str:pyrocko/guts.py,set:pyrocko/gui/talkie.py",,Attr,Attr,,rule_instantiation,,,,Yes
dekdjtools,5529,https://pypi.org/project/dekdjtools,Y,N/A,update_instance:dekdjtools/utils/common.py,,Attr,Attr,,import_django,,,,Yes
boto3-assist,5508,https://pypi.org/project/boto3-assist,Y,N/A,"to_dict:boto3_assist/utilities/serialization_utility.py,_load_properties:boto3_assist/utilities/serialization_utility.py",,Attr,Attr/Field,,,,,,Yes
appy,5491,https://pypi.org/project/appy,Y,N/A,readFromRequest:appy-1.0.19/py3/appy/ui/criteria.py,,Attr/Field,Field,,,,,,Yes
appy,5491,https://pypi.org/project/appy,Y,N/A,,,Attr,Field,,,,,,Yes
varlink,5445,https://pypi.org/project/varlink,Y,N/A,filter_params:varlink/scanner.py,,Attr/Field,Field,,,,,,Yes
varlink,5445,https://pypi.org/project/varlink,Y,N/A,,,Attr,Field,,,,,,Yes
ccp-performance,5417,https://pypi.org/project/ccp-performance,Y,N/A,r_setattr:ccp/config/utilities.py,,Attr,Attr,,import_streamlit,,,,Yes
azure-mgmt-communication,5398,https://pypi.org/project/azure-mgmt-communication,Y,N/A,"deserialize_data:azure/mgmt/communication/_serialization.py,deserialize_from_text:azure/mgmt/communication/_serialization.py,_json_attemp:azure/mgmt/communication/_serialization.py,deserialize_from_http_generics:azure/mgmt/communication/_serialization.py,deserialize:azure/mgmt/communication/_serialization.py,from_dict:azure/mgmt/communication/_serialization.py,failsafe_deserialize:azure/mgmt/communication/_serialization.py",,Attr,Attr,,,,,,Yes
emzed,5368,https://pypi.org/project/emzed,Y,N/A,_setup_item:emzed-2.29.4/emzed/core/explorers/eic_plotting_widget.py,,Attr,Attr,,import_bottle|.get/.post/.api_route|.route,,,,Yes
snakeoil,5358,https://pypi.org/project/snakeoil,Y,N/A,_get_target:snakeoil/contexts.py,,Attr,Attr,,,,,,Yes
pyros-genpy,5335,https://pypi.org/project/pyros-genpy,Y,N/A,_fill_val:genpy/message.py,,Attr,Attr,,,,,,Yes
masthay-helpers,5334,https://pypi.org/project/masthay-helpers,Y,N/A,deep_set:mh/core.py,,Attr,Field,,,,,,Yes
pyamf,5332,https://pypi.org/project/pyamf,Y,N/A,patch:PyAMF-0.8.0/pyamf/tests/__init__.py,,Attr,Attr,,import_cherrypy|import_django,,,,Yes
reqmgr2ms-monitor,5331,https://pypi.org/project/reqmgr2ms-monitor,Y,N/A,addBaggageParameter:reqmgr2ms-monitor-2.3.9.2/src/python/WMCore/DataStructs/Job.py,,Attr,Attr,,import_cherrypy,,,,Yes
brevettiai,5293,https://pypi.org/project/brevettiai,Y,N/A,_serialize:brevettiai/interfaces/vue_schema_utils.py,,Attr,Field,,,,,,Yes
agentlab,5256,https://pypi.org/project/agentlab,Y,N/A,"_change_value:agentlab/experiments/args.py,_set_value:agentlab/experiments/args.py",,Attr/Field,Attr/Field,,import_gradio,,,,Yes
agentlab,5256,https://pypi.org/project/agentlab,Y,N/A,,,Attr,Attr,,,,,,Yes
nebari,5237,https://pypi.org/project/nebari,Y,N/A,set_nested_attribute:_nebari/config.py,,Attr/Field,Attr/Field,,import_aiohttp|import_tornado,,,,No
pyxrd,5227,https://pypi.org/project/pyxrd,Y,N/A,"_get_private_label:mvc/models/properties/labeled_property.py,rec_setattr:mvc/support/utils.py,__set__:mvc/models/properties/cast_property.py",,Attr,Attr,,,,,,Yes
apminsight,5213,https://pypi.org/project/apminsight,Y,N/A,resolve_path:apminsight/instrumentation/patch.py,,Attr,Attr,,import_streamlit|import_django|import_tornado|import_cherrypy|import_pyramid,,,,Yes
good-common,5204,https://pypi.org/project/good-common,Y,N/A,deep_attribute_set:good_common/utilities/_functional.py,,Attr/Field,Attr/Field,,import_aiohttp,,,,Yes
pure-interface,5178,https://pypi.org/project/pure-interface,Y,N/A,__set__:pure_interface/delegation.py,,Attr,Attr,,,,,,Yes
colossalai-nightly,5149,https://pypi.org/project/colossalai-nightly,Y,N/A,"solution_annotation_pass:colossalai-nightly-2025.5.17/colossalai/auto_parallel/passes/runtime_preparation_pass.py,size_value_converting_pass:colossalai-nightly-2025.5.17/colossalai/auto_parallel/passes/runtime_preparation_pass.py,node_args_converting_pass:colossalai-nightly-2025.5.17/colossalai/auto_parallel/passes/runtime_preparation_pass.py,module_params_sharding_pass:colossalai-nightly-2025.5.17/colossalai/auto_parallel/passes/runtime_preparation_pass.py,setattr_:colossalai-nightly-2025.5.17/colossalai/shardformer/_utils.py,_recursive_replace_layer:colossalai-nightly-2025.5.17/colossalai/shardformer/shard/sharder.py,_replace_attr:colossalai-nightly-2025.5.17/colossalai/shardformer/shard/sharder.py,_replace_sub_module:colossalai-nightly-2025.5.17/colossalai/shardformer/shard/sharder.py",,Attr,Attr,,.get/.post/.api_route|import_fastapi,,,,Yes
reqmgr2ms-output,5142,https://pypi.org/project/reqmgr2ms-output,Y,N/A,addBaggageParameter:reqmgr2ms-output-2.3.9.2/src/python/WMCore/DataStructs/Job.py,,Attr,Attr,,import_cherrypy,,,,Yes
openprompt,5141,https://pypi.org/project/openprompt,Y,N/A,,,Attr,Attr,,,,,,Yes
analysis,5062,https://pypi.org/project/analysis,Y,N/A,deepcopy:analysis-0.1.7/analysis/specialisation.py,,Attr,Attr,,,,,,Yes
hyperon-das,5056,https://pypi.org/project/hyperon-das,Y,N/A,"_ParseOrMerge:site-packages/google/protobuf/text_format.py,_MergeMessage:site-packages/google/protobuf/internal/field_mask.py,genexpr:site-packages/google/protobuf/json_format.py,genexpr:site-packages/google/protobuf/text_format.py,_ConvertMapFieldValue:site-packages/google/protobuf/json_format.py",,Attr,Attr,,,,,,Yes
dingodb,5022,https://pypi.org/project/dingodb,Y,N/A,"_ConvertMapFieldValue:dingodb/grpc/json_format.py,genexpr:dingodb/grpc/json_format.py",,Attr,Attr,,,,,,Yes
pydatalog,4956,https://pypi.org/project/pydatalog,Y,N/A,_pyD_decorator:pyDatalog-0.17.4/pyDatalog/pyDatalog.py,,Attr,Attr,,,,,,Yes
reqmgr2,4934,https://pypi.org/project/reqmgr2,Y,N/A,"addParameter:PSetTweaks/PSetTweak.py,addValue:WMCore/WMSpec/ConfigSectionTree.py,addBaggageParameter:WMCore/DataStructs/Job.py,addFile:WMCore/WMSpec/Steps/Template.py,__init__:PSetTweaks/WMTweak.py",,Attr,Attr,,import_cherrypy,,,,Yes
taipy-gui,4924,https://pypi.org/project/taipy-gui,Y,N/A,"_attrsetter:taipy_gui-4.0.3/taipy/gui/utils/_attributes.py,_setscopeattr_drill:taipy_gui-4.0.3/taipy/gui/utils/_attributes.py,_expr_decode:taipy_gui-4.0.3/taipy/gui/utils/_evaluator.py,re_evaluate_expr:taipy_gui-4.0.3/taipy/gui/utils/_evaluator.py,_variable_decode:taipy_gui-4.0.3/taipy/gui/utils/_variable_directory.py",,Attr,Attr,,import_flask|.route,,,,Yes
reqmgr2ms-unmerged,4886,https://pypi.org/project/reqmgr2ms-unmerged,Y,N/A,addBaggageParameter:reqmgr2ms-unmerged-2.3.9.2/src/python/WMCore/DataStructs/Job.py,,Attr,Attr,,import_cherrypy,,,,Yes
reqmon,4875,https://pypi.org/project/reqmon,Y,N/A,addBaggageParameter:WMCore/DataStructs/Job.py,,Attr,Attr,,import_cherrypy,,,,Yes
xraylarch,4869,https://pypi.org/project/xraylarch,Y,N/A,"fixName:larch/utils/strutils.py,add_component:larch/io/hdf5group.py,set_symbol:larch/symboltable.py",,Attr,Attr,,,,,,Yes
cli-base-utilities,4861,https://pypi.org/project/cli-base-utilities,Y,N/A,__enter__:cli_base/toml_settings/test_utils/data_class_utils.py,,Attr,Attr,,,,,,Yes
paddlex,4831,https://pypi.org/project/paddlex,Y,N/A,,,Attr,Attr,,,,,,Yes
calysto-scheme,4830,https://pypi.org/project/calysto-scheme,Y,N/A,set_external_member_b:calysto_scheme/scheme.py,,Attr,Attr,,,,,,Yes
azure-maps-geolocation,4815,https://pypi.org/project/azure-maps-geolocation,Y,N/A,"deserialize_data:azure/maps/geolocation/_generated/_serialization.py,deserialize_from_text:azure/maps/geolocation/_generated/_serialization.py,_json_attemp:azure/maps/geolocation/_generated/_serialization.py,deserialize_from_http_generics:azure/maps/geolocation/_generated/_serialization.py,deserialize:azure/maps/geolocation/_generated/_serialization.py,from_dict:azure/maps/geolocation/_generated/_serialization.py,failsafe_deserialize:azure/maps/geolocation/_generated/_serialization.py",,Attr,Attr,,,,,,Yes
reqmgr2ms-transferor,4815,https://pypi.org/project/reqmgr2ms-transferor,Y,N/A,addBaggageParameter:reqmgr2ms-transferor-2.3.9.2/src/python/WMCore/DataStructs/Job.py,,Attr,Attr,,import_cherrypy,,,,Yes
dynatrace-opentelemetry-core,4780,https://pypi.org/project/dynatrace-opentelemetry-core,Y,N/A,"_ConvertMapFieldValue:dynatrace/_vendor/google/protobuf/json_format.py,genexpr:dynatrace/_vendor/google/protobuf/json_format.py,_MergeMessage:dynatrace/_vendor/google/protobuf/internal/well_known_types.py",,Attr,Attr,,,,,,Yes
reqmgr2ms-rulecleaner,4776,https://pypi.org/project/reqmgr2ms-rulecleaner,Y,N/A,addBaggageParameter:reqmgr2ms-rulecleaner-2.3.9.2/src/python/WMCore/DataStructs/Job.py,,Attr,Attr,,import_cherrypy,,,,Yes
delu,4766,https://pypi.org/project/delu,Y,N/A,to:delu/_tensor_ops.py,,Attr,Attr,,,,,,Yes
dataclass-persistence,4734,https://pypi.org/project/dataclass-persistence,Y,N/A,_replace_not_excluded_fields:dataclass_persistence/core.py,,Attr,Attr,,,,,,Yes
dj-angles,4729,https://pypi.org/project/dj-angles,Y,N/A,"resolve:dj_angles/templatetags/call.py,get_result:dj_angles/templatetags/call.py,render:dj_angles/templatetags/model.py",,Attr,Field,,import_django,,,,Yes
reqmgr2ms-pileup,4705,https://pypi.org/project/reqmgr2ms-pileup,Y,N/A,addBaggageParameter:reqmgr2ms-pileup-2.3.9.2/src/python/WMCore/DataStructs/Job.py,,Attr,Attr,,import_cherrypy,,,,Yes
potluck-eval,4665,https://pypi.org/project/potluck-eval,Y,N/A,set_dot_attr:potluck/harness.py,,Attr,Attr,,import_flask|.route,,,,Yes
cobaya,4626,https://pypi.org/project/cobaya,Y,N/A,set:cobaya-3.5.7/cobaya/theories/camb/camb.py,,Attr,Attr,,,,,,No
cf-api,4563,https://pypi.org/project/cf-api,Y,N/A,_get_field_mapping:cf_api-1.0.0/cf_api/pb2dict.py,,Attr,Attr,,,,,,Yes
izihawa-utils,4490,https://pypi.org/project/izihawa-utils,Y,N/A,"_ConvertMapFieldValue:izihawa_utils/pb_to_json.py,genexpr:izihawa_utils/pb_to_json.py",,Attr,Attr,,,,,,Yes
cloudshell-cp-vcenter,4476,https://pypi.org/project/cloudshell-cp-vcenter,Y,N/A,set_instance_attributes:cloudshell/cp/vcenter/models/custom_spec.py,,Attr,Attr,,,,,,Yes
andisdk,4389,https://pypi.org/project/andisdk,Y,N/A,,,Attr,Attr,,,,,,Yes
ignos-api-client,4367,https://pypi.org/project/ignos-api-client,Y,N/A,"deserialize_data:ignos/api/client/_serialization.py,deserialize_from_text:ignos/api/client/_serialization.py,_json_attemp:ignos/api/client/_serialization.py,deserialize_from_http_generics:ignos/api/client/_serialization.py,deserialize:ignos/api/client/_serialization.py,from_dict:ignos/api/client/_serialization.py,failsafe_deserialize:ignos/api/client/_serialization.py",,Attr,Attr,,,,,,Yes
nshconfig,4364,https://pypi.org/project/nshconfig,Y,N/A,__setitem__:nshconfig/_src/config.py,,Attr/Field,Attr/Field,,,,,,Yes
tf-model-optimization-nightly,4343,https://pypi.org/project/tf-model-optimization-nightly,Y,N/A,"update_clustered_weights_associations:tensorflow_model_optimization/python/core/clustering/keras/cluster_wrapper.py,set_weight_to_layer:tensorflow_model_optimization/python/core/clustering/keras/cluster_wrapper.py",,Attr,Attr,,,,,,Yes
rotools,4321,https://pypi.org/project/rotools,Y,N/A,"_split_name:ROTools/Helpers/Attr.py,process_secrets:ROTools/Config/Config.py,items:ROTools/Helpers/DictObj.py",,Attr,Attr,,,,,,Yes
blrec,4305,https://pypi.org/project/blrec,Y,N/A,overwrite_settings:blrec/setting/helpers.py,,Attr,Attr,,import_fastapi|.get/.post/.api_route|import_aiohttp|import_starlette,,,,No
continual-inference,4298,https://pypi.org/project/continual-inference,Y,N/A,rsetattr:continual/utils.py,,Attr,Attr,,,,,,Yes
forthon,4293,https://pypi.org/project/forthon,Y,N/A,"pyrestoreforthonobject:Forthon/_Forthon.py,doassignment:Forthon/_Forthon.py",,Attr,Attr,,,,,,Yes
educommon,4291,https://pypi.org/project/educommon,Y,N/A,bind_to_object:educommon/m3/extensions/ui.py,,Attr,Attr,,django_re_path|import_django,,,,Yes
conan-server,4267,https://pypi.org/project/conan-server,Y,N/A,,,Attr,Attr,,,,,,Yes
qtoggleserver,4262,https://pypi.org/project/qtoggleserver,Y,N/A,update_obj_from_dict:qtoggleserver-0.27.5/qtoggleserver/utils/conf.py,,Attr,Attr,,import_tornado,,,,Yes
schemasheets,4254,https://pypi.org/project/schemasheets,Y,N/A,set_attr_via_path_accessor:schemasheets/schemamaker.py,,Attr/Field,Attr/Field,,,,,,Yes
zenutils,4240,https://pypi.org/project/zenutils,Y,N/A,update:zenutils/dictutils.py,,Attr/Field,Attr/Field,,import_django,,,,Yes
ganga,4212,https://pypi.org/project/ganga,Y,N/A,split:ganga-8.7.9/ganga/GangaCore/Lib/Splitters/GenericSplitter.py,,Attr,Attr,,import_flask|import_aiohttp|.route,,,,No
wedeliver-core-plus,4207,https://pypi.org/project/wedeliver-core-plus,Y,N/A,"_map_base:wedeliver_core_plus/helpers/testing/micro_fetcher_mock.py,set_obj_value:wedeliver_core_plus/helpers/testing/micro_fetcher_mock.py",,Attr,Attr/Field,,@get/post/route|import_flask,,,,Yes
labbench,4192,https://pypi.org/project/labbench,Y,N/A,"attr_chain_to_method:labbench/_rack.py,__owner_subclass__:labbench/_rack.py,extend_chain:labbench/_rack.py",,Attr,Attr,,,,,,Yes
vlcp,4188,https://pypi.org/project/vlcp,Y,N/A,_getsubitem:vlcp/config/config.py,,Attr,Attr,,,,,,No
auto-round,4172,https://pypi.org/project/auto-round,Y,N/A,"set_module:auto_round/utils.py,__init__:auto_round/autoround.py,_process_model_before_weight_loading:auto_round/inference/auto_quantizer.py,quant_layer:auto_round/autoround.py,get_quantized_layer_names_outside_blocks:auto_round/autoround.py,skip_not_convert_modules:auto_round/inference/convert_model.py,_replace_by_quant_layers:auto_round/inference/convert_model.py,pack_layer:auto_round/export/export_to_autoround/export.py,update_module:auto_round/low_cpu_mem/utils.py",,Attr,Attr,,,,,,No
ansys-aedt-toolkits-common,4152,https://pypi.org/project/ansys-aedt-toolkits-common,Y,N/A,_update_properties:ansys/aedt/toolkits/common/backend/api.py,,Attr,Attr,,import_flask|.route,,,,Yes
hyperdrive,4131,https://pypi.org/project/hyperdrive,Y,N/A,,,Attr,Attr,,,,,,No
pymonnto,4103,https://pypi.org/project/pymonnto,Y,N/A,,,Attr/Field,Attr/Field,,,,,,Yes
pyiface,4102,https://pypi.org/project/pyiface,Y,N/A,__setSimple:pyiface-0.0.11/pyiface/iface.py,,Attr,Attr,,,,,,Yes
pyfoam,4042,https://pypi.org/project/pyfoam,Y,N/A,"__init__:PyFoam/Applications/PyFoamApplication.py,run:PyFoam/Applications/PVSnapshot.py",,Attr/Field,Field,,,,,,Yes
pyfoam,4042,https://pypi.org/project/pyfoam,Y,N/A,,,Attr,Field,,,,,,Yes
check50,4022,https://pypi.org/project/check50,Y,N/A,"_set_attributes:check50/runner.py,_set_attribute:check50/runner.py",,Attr,Attr,,,,,,No
cadet-process,4009,https://pypi.org/project/cadet-process,Y,N/A,"set_nested_attribute:CADETProcess/dataStructure/nested_dict.py,_set_value:CADETProcess/optimization/optimizationProblem.py",,Attr,Attr,,,,,,Yes
sample-factory,3993,https://pypi.org/project/sample-factory,Y,N/A,"safe_get:sf_examples/vizdoom/doom/multiplayer/doom_multiagent_wrapper.py,_set_env_attr:sf_examples/vizdoom/doom/multiplayer/doom_multiagent_wrapper.py",,Attr,Attr,,,,,,No
pydala2,3974,https://pypi.org/project/pydala2,Y,N/A,"setattr_rec:pydala/helpers/misc.py,create_table:pydala/catalog.py",,Attr,Attr,,,,,,Yes
mlinsights,3965,https://pypi.org/project/mlinsights,Y,N/A,adjust:mlinsights/mlmodel/sklearn_testing.py,,Attr,Attr,,,,,,Yes
cygrpc,3959,https://pypi.org/project/cygrpc,Y,N/A,_get_field_mapping:cygrpc/protobuf_to_dict/convertor.py,,Attr,Attr,,import_bottle,,,,Yes
dkpro-cassis,3937,https://pypi.org/project/dkpro-cassis,Y,N/A,"set:cassis/typesystem.py,__setitem__:cassis/typesystem.py",,Attr,Attr,,,,,,Yes
pydantic-resolve,3909,https://pypi.org/project/pydantic-resolve,Y,N/A,"_execute_resolve_method_field:pydantic_resolve/resolver.py,get_resolve_fields_and_object_fields_from_object:pydantic_resolve/analysis.py",,Attr,Attr,,,,,,No
django-hvad,3907,https://pypi.org/project/django-hvad,Y,N/A,_use_related_translations:django-hvad-1.8.0/hvad/manager.py,,Attr,Attr,,import_django,,,,Yes
azure-mgmt-webpubsub,3900,https://pypi.org/project/azure-mgmt-webpubsub,Y,N/A,"deserialize_data:azure/mgmt/webpubsub/_serialization.py,deserialize_from_text:azure/mgmt/webpubsub/_serialization.py,_json_attemp:azure/mgmt/webpubsub/_serialization.py,deserialize_from_http_generics:azure/mgmt/webpubsub/_serialization.py,deserialize:azure/mgmt/webpubsub/_serialization.py,from_dict:azure/mgmt/webpubsub/_serialization.py,failsafe_deserialize:azure/mgmt/webpubsub/_serialization.py",,Attr,Attr,,,,,,Yes
docconvert,3874,https://pypi.org/project/docconvert,Y,N/A,update:docconvert/configuration.py,,Attr,Attr,,,,,,Yes
dessia-common,3874,https://pypi.org/project/dessia-common,Y,N/A,set_in_object_from_path:dessia_common/breakdown.py,,Attr/Field,Attr/Field,,,,,,Yes
spectrochempy,3871,https://pypi.org/project/spectrochempy,Y,N/A,item_to_attr:spectrochempy/core/dataset/arraymixins/ndio.py,,Attr,Attr,,,,,,No
horde-engine,3859,https://pypi.org/project/horde-engine,Y,N/A,set_attr:hordelib/_comfyui/comfy/utils.py,,Attr,Attr,,.get/.post/.api_route|import_aiohttp,,,,Yes
aithree,3837,https://pypi.org/project/aithree,Y,N/A,setmodule:ai3/swap_torch.py,,Attr,Attr,,,,,,Yes
kfp-tekton,3807,https://pypi.org/project/kfp-tekton,Y,N/A,"sanitize_k8s_object:kfp-tekton-1.9.3/kfp_tekton/compiler/_k8s_helper.py,_sanitize_and_inject_artifact:kfp-tekton-1.9.3/kfp_tekton/compiler/compiler.py",,Attr,Attr,,,,,,Yes
roboverse-py,3794,https://pypi.org/project/roboverse-py,Y,N/A,"_update_class_from_dict:metasim/utils/configclass.py,update_class_from_dict:metasim/utils/dict.py",,Attr/Field,Attr/Field,,,,,,Yes
pigweed,3782,https://pypi.org/project/pigweed,Y,N/A,,,Attr/Field,Attr/Field,,import_aiohttp,,,,Yes
json-cpp,3777,https://pypi.org/project/json-cpp,Y,N/A,__setitem__:json-cpp-1.0.134/json_cpp/json_object.py,,Attr,Attr,,,,,,Yes
cloudify-common,3706,https://pypi.org/project/cloudify-common,Y,N/A,process_ctx_request:cloudify-common-7.0.5/cloudify/proxy/server.py,,Attr/Field,Field,,import_bottle|import_aiohttp,,,,Yes
cloudify-common,3706,https://pypi.org/project/cloudify-common,Y,N/A,,,Attr,Field,,,,,,Yes
azure-mgmt-scvmm,3700,https://pypi.org/project/azure-mgmt-scvmm,Y,N/A,"deserialize_data:azure/mgmt/scvmm/_serialization.py,deserialize_from_text:azure/mgmt/scvmm/_serialization.py,_json_attemp:azure/mgmt/scvmm/_serialization.py,deserialize_from_http_generics:azure/mgmt/scvmm/_serialization.py,deserialize:azure/mgmt/scvmm/_serialization.py,from_dict:azure/mgmt/scvmm/_serialization.py,failsafe_deserialize:azure/mgmt/scvmm/_serialization.py",,Attr,Attr,,,,,,Yes
azure-mgmt-dashboard,3681,https://pypi.org/project/azure-mgmt-dashboard,Y,N/A,"deserialize_data:azure/mgmt/dashboard/_serialization.py,deserialize_from_text:azure/mgmt/dashboard/_serialization.py,_json_attemp:azure/mgmt/dashboard/_serialization.py,deserialize_from_http_generics:azure/mgmt/dashboard/_serialization.py,deserialize:azure/mgmt/dashboard/_serialization.py,from_dict:azure/mgmt/dashboard/_serialization.py,failsafe_deserialize:azure/mgmt/dashboard/_serialization.py",,Attr,Attr,,,,,,Yes
azure-mgmt-dataprotection,3651,https://pypi.org/project/azure-mgmt-dataprotection,Y,N/A,"deserialize_data:azure/mgmt/dataprotection/_serialization.py,deserialize_from_text:azure/mgmt/dataprotection/_serialization.py,_json_attemp:azure/mgmt/dataprotection/_serialization.py,deserialize_from_http_generics:azure/mgmt/dataprotection/_serialization.py,deserialize:azure/mgmt/dataprotection/_serialization.py,from_dict:azure/mgmt/dataprotection/_serialization.py,failsafe_deserialize:azure/mgmt/dataprotection/_serialization.py",,Attr,Attr,,,,,,Yes
d-geolib,3640,https://pypi.org/project/d-geolib,Y,N/A,"__transfer_soil_dict_to_model:geolib/soils/soil.py,__to_dstability_stochastic_parameter:geolib/soils/soil.py,__to_su_table:geolib/soils/soil.py,__to_sigmatau_table:geolib/soils/soil.py,_to_dstability:geolib/soils/soil.py,_to_dsettlement:geolib/soils/soil.py,_to_dgeoflow:geolib/soils/soil.py",,Attr,Attr,,import_starlette|.get/.post/.api_route|import_fastapi,,,,Yes
dstk-x250,3600,https://pypi.org/project/dstk-x250,Y,N/A,_setattr:dstk/pytorch/_base.py,,Attr,Attr,,,,,,Yes
datalabs,3594,https://pypi.org/project/datalabs,Y,N/A,"__enter__:datalabs/utils/patching.py,__init__:datalabs/utils/patching.py",,Attr,Attr,,import_aiohttp,,,,Yes
rqalpha,3581,https://pypi.org/project/rqalpha,Y,N/A,"_update_dict_recursive:rqalpha-5.5.3/rqalpha/utils/__init__.py,set_env:rqalpha-5.5.3/rqalpha/mod/__init__.py,__init__:rqalpha-5.5.3/rqalpha/environment.py",,Attr,Field,,,,,,No
galaxy-ng,3561,https://pypi.org/project/galaxy-ng,Y,N/A,,,Attr,Attr,,django_path|import_aiohttp|import_django,,,,Yes
alphadetector,3535,https://pypi.org/project/alphadetector,Y,N/A,"_update_generic:object_detection/utils/config_util.py,populate_experiment:object_detection/model_lib.py,eval_continuously:object_detection/model_lib_v2.py",,Attr,Attr,,,,,,Yes
fastkafka,3492,https://pypi.org/project/fastkafka,Y,N/A,"patch:fastkafka/_components/meta.py,_f:fastkafka/_components/meta.py,combine_params:fastkafka/_components/meta.py,__combine_params:fastkafka/_components/meta.py",,Attr/Field,Attr,,import_fastapi|import_aiohttp,,,,Yes
gramex,3469,https://pypi.org/project/gramex,Y,N/A,"walk:gramex/config.py,objectpath:gramex/config.py,__init__:gramex/config.py",,Attr/Field,Field,,import_tornado|add_handlers,,,,No
gramex,3469,https://pypi.org/project/gramex,Y,N/A,,,Attr,Field,,,,,,No
ai-edge-torch,3445,https://pypi.org/project/ai-edge-torch,Y,N/A,"_iterate_dict_tree:ai_edge_torch/_convert/conversion_utils.py,_iterate_dict_tree:ai_edge_torch/convert/conversion_utils.py,_set_converter_flag:ai_edge_torch/_convert/conversion_utils.py,_set_converter_flag:ai_edge_torch/convert/conversion_utils.py",,Attr,Attr,,,,,,Yes
trains,3433,https://pypi.org/project/trains,Y,N/A,_set_task_property:trains/backend_interface/task/access.py,,Attr,Attr,,,,,,Yes
vkmusix,3419,https://pypi.org/project/vkmusix,Y,N/A,_parseWebTracks:vkmusix/methods/tracks/_parseWebTracks.py,,Attr/Field,Field,,,,,,Yes
vkmusix,3419,https://pypi.org/project/vkmusix,Y,N/A,,,Attr,Field,,,,,,Yes
hydrogenlib-next,3410,https://pypi.org/project/hydrogenlib-next,Y,N/A,"set_attr_by_path:hydrogenlib/_hycore/type_func/__init__.py,generate:hydrogenlib/_hytemplate/abstract.py,set:hydrogenlib/_hycore/utils/getting_path.py",,Attr/Field,Attr/Field,,,,,,Yes
hydrogenlib-next,3410,https://pypi.org/project/hydrogenlib-next,Y,N/A,,,Attr,Attr,,,,,,Yes
tensorflow-object-detection-api,3407,https://pypi.org/project/tensorflow-object-detection-api,Y,N/A,_update_generic:tensorflow_object_detection_api-0.1.1/object_detection/utils/config_util.py,,Attr,Attr,,,,,,Yes
object-detection,3405,https://pypi.org/project/object-detection,Y,N/A,"_update_generic:object_detection/utils/config_util.py,_update_generic:objectdetection/utils/config_util.py,merge_external_params_with_configs:objectdetection/utils/config_util.py",,Attr,Attr,,,,,,Yes
onnx-array-api,3391,https://pypi.org/project/onnx-array-api,Y,N/A,__new__:onnx_array_api/light_api/var.py,,Attr,Attr,,,,,,Yes
mt-metadata,3336,https://pypi.org/project/mt-metadata,Y,N/A,"recursive_split_setattr:mt_metadata/base/helpers.py,_validate_run_metadata:mt_metadata/transfer_functions/core.py,_validate_station_metadata:mt_metadata/transfer_functions/core.py,_validate_survey_metadata:mt_metadata/transfer_functions/core.py,bands:mt_metadata/transfer_functions/processing/aurora/decimation_level.py,add_band:mt_metadata/transfer_functions/processing/aurora/decimation_level.py,get_measurement_lists:mt_metadata/transfer_functions/io/edi/metadata/define_measurement.py,from_metadata:mt_metadata/transfer_functions/io/edi/metadata/define_measurement.py,_get_electric_metadata:mt_metadata/transfer_functions/io/edi/edi.py,_get_magnetic_metadata:mt_metadata/transfer_functions/io/edi/edi.py,_parse_comments_data_logger:mt_metadata/transfer_functions/io/emtfxml/emtfxml.py,_parse_comments_data_quality:mt_metadata/transfer_functions/io/emtfxml/emtfxml.py,_parse_comments_processing:mt_metadata/transfer_functions/io/emtfxml/emtfxml.py,_parse_comments:mt_metadata/transfer_functions/io/emtfxml/emtfxml.py,_pop_dictionary:mt_metadata/timeseries/experiment.py,_read_filter_dict:mt_metadata/timeseries/experiment.py,read_header:mt_metadata/transfer_functions/io/zonge/metadata/header.py,flatten_dict:mt_metadata/base/helpers.py,decimations:mt_metadata/transfer_functions/processing/aurora/processing.py,add_decimation_level:mt_metadata/transfer_functions/processing/aurora/processing.py,input_channels:mt_metadata/transfer_functions/io/emtfxml/metadata/site_layout.py,input_channels:mt_metadata/transfer_functions/processing/aurora/run.py,output_channels:mt_metadata/transfer_functions/io/emtfxml/metadata/site_layout.py,output_channels:mt_metadata/transfer_functions/processing/aurora/run.py,runs:mt_metadata/transfer_functions/processing/aurora/station.py,add_remote:mt_metadata/transfer_functions/processing/aurora/stations.py,stations:mt_metadata/transfer_functions/tf/survey.py,parse:mt_metadata/timeseries/stationxml/utils.py,validate_attribute:mt_metadata/utils/validators.py",,Attr,Attr,,,,,,Yes
context-python,3312,https://pypi.org/project/context-python,Y,N/A,"deserialize_data:getcontext/generated/_serialization.py,deserialize_from_text:getcontext/generated/_serialization.py,_json_attemp:getcontext/generated/_serialization.py,deserialize_from_http_generics:getcontext/generated/_serialization.py,deserialize:getcontext/generated/_serialization.py,from_dict:getcontext/generated/_serialization.py,failsafe_deserialize:getcontext/generated/_serialization.py",,Attr,Attr,,,,,,Yes
chartify,3303,https://pypi.org/project/chartify,Y,N/A,"_apply_bokeh_setting:chartify/_core/style.py,_font_value:chartify/_core/style.py,_settings_from_yaml:chartify/_core/style.py",,Attr,Attr,,,,,,No
pyxel-sim,3296,https://pypi.org/project/pyxel-sim,Y,N/A,"apply_overrides:pyxel/run.py,set:pyxel/pipelines/processor.py",,Attr/Field,Attr/Field,,,,,,Yes
vana,3294,https://pypi.org/project/vana,Y,N/A,"create_config:vana/cli.py,__init__:vana/config.py,__split_params__:vana/config.py,__parse_args__:vana/config.py",,Attr/Field,Field,,import_aiohttp|import_fastapi,,,,Yes
vana,3294,https://pypi.org/project/vana,Y,N/A,,,Attr,Field,,,,,,Yes
azure-mgmt-dnsresolver,3290,https://pypi.org/project/azure-mgmt-dnsresolver,Y,N/A,"deserialize_data:azure/mgmt/dnsresolver/_serialization.py,deserialize_from_text:azure/mgmt/dnsresolver/_serialization.py,_json_attemp:azure/mgmt/dnsresolver/_serialization.py,deserialize_from_http_generics:azure/mgmt/dnsresolver/_serialization.py,deserialize:azure/mgmt/dnsresolver/_serialization.py,from_dict:azure/mgmt/dnsresolver/_serialization.py,failsafe_deserialize:azure/mgmt/dnsresolver/_serialization.py",,Attr,Attr,,,,,,Yes
spyne-custom,3281,https://pypi.org/project/spyne-custom,Y,N/A,"get_cls_attrs:spyne-custom-2.13.22/spyne/protocol/_base.py,_complex_to_csv:spyne-custom-2.13.22/spyne/protocol/csv.py,_sanitize:spyne-custom-2.13.22/spyne/protocol/_base.py,_object_to_doc:spyne-custom-2.13.22/spyne/protocol/dictdoc/hier.py,_get_member_pairs:spyne-custom-2.13.22/spyne/protocol/dictdoc/hier.py,_to_dict_value:spyne-custom-2.13.22/spyne/protocol/dictdoc/hier.py,_complex_to_doc:spyne-custom-2.13.22/spyne/protocol/dictdoc/hier.py,_complex_to_list:spyne-custom-2.13.22/spyne/protocol/dictdoc/hier.py",,Attr,Field,,import_pyramid|import_cherrypy|import_django,,,,Yes
htt,3272,https://pypi.org/project/htt,Y,N/A,"from_environ:htt/protobuf/environ.py,_set_nested_attr:htt/protobuf/environ.py",,Attr,Attr,,,,,,Yes
txdpy,3268,https://pypi.org/project/txdpy,Y,N/A,prvadepl:txdpy/excel%E6%95%B0%E6%8D%AE%E6%88%96mysql%E6%93%8D%E4%BD%9C.py,,Attr/Field,Field,,,,,,Yes
txdpy,3268,https://pypi.org/project/txdpy,Y,N/A,,,Attr,Field,,,,,,Yes
geoformat,3228,https://pypi.org/project/geoformat,Y,N/A,"value_to_iterable_value:geoformat/conf/format_data.py,bbox_union:geoformat/geoprocessing/geoparameters/bbox.py,feature_serialize:geoformat/conversion/feature_conversion.py,_shapefile_fields_to_geoformat_field_metadata:geoformat/driver/esri_shapefile_driver.py,update_field_index:geoformat/conversion/fields_conversion.py,json_object_to_feature_generator:geoformat/driver/geojson_driver.py,geometries_scan_to_geometries_metadata:geoformat/conversion/metadata_conversion.py,create_field_in_metadata:geoformat/manipulation/metadata_manipulation.py,coordinates_to_point:geoformat/geoprocessing/connectors/operations.py,verify_input_path_is_file:geoformat/conf/path.py,_get_feature:geoformat/conf/timer.py,_get_format_field_time:geoformat/conf/timer.py",,Attr/Field,Field,,,,,,Yes
geoformat,3228,https://pypi.org/project/geoformat,Y,N/A,,,Attr,Field,,,,,,Yes
koalafolio,3216,https://pypi.org/project/koalafolio,Y,N/A,rsetattr:rotkehlchen/utils/misc.py,,Attr,Attr,,,,,,Yes
comet-llm,3180,https://pypi.org/project/comet-llm,Y,N/A,_set_object:comet_llm/import_hooks/patcher.py,,Attr,Attr,,,,,,Yes
htsql,3177,https://pypi.org/project/htsql,Y,N/A,__init__:HTSQL-2.3.3/src/htsql/core/addon.py,,Attr,Attr,,import_django,,,,Yes
torchopt,3169,https://pypi.org/project/torchopt,Y,N/A,"swap_state:torchopt/nn/stateless.py,_stateless_objective_fn:torchopt/diff/implicit/nn/module.py,_stateless_optimality_fn:torchopt/diff/implicit/nn/module.py,recursive_setattr:torchopt/nn/stateless.py",,Attr,Attr,,,,,,No
m3-core,3169,https://pypi.org/project/m3-core,Y,N/A,default:m3/__init__.py,,Attr,Field,,import_django,,,,Yes
sparsezoo-nightly,3109,https://pypi.org/project/sparsezoo-nightly,Y,N/A,prep_for_serialization:sparsezoo/evaluation/results.py,,Attr,Attr/Field,,,,,,Yes
pydra-config,3090,https://pypi.org/project/pydra-config,Y,N/A,assign:pydra/cli.py,,Attr/Field,Attr/Field,,,,,,Yes
digitalpy,3074,https://pypi.org/project/digitalpy,Y,N/A,"deserialize:digitalpy/core/serialization/controllers/json_serialization_controller.py,_deserialize:digitalpy/core/serialization/controllers/json_serialization_controller.py,add_value_to_node:digitalpy/core/serialization/controllers/json_serialization_controller.py",,Attr,Attr,,import_flask|.route,,,,Yes
azure-mgmt-elasticsan,3074,https://pypi.org/project/azure-mgmt-elasticsan,Y,N/A,"deserialize_data:azure/mgmt/elasticsan/_serialization.py,deserialize_from_text:azure/mgmt/elasticsan/_serialization.py,_json_attemp:azure/mgmt/elasticsan/_serialization.py,deserialize_from_http_generics:azure/mgmt/elasticsan/_serialization.py,deserialize:azure/mgmt/elasticsan/_serialization.py,from_dict:azure/mgmt/elasticsan/_serialization.py,failsafe_deserialize:azure/mgmt/elasticsan/_serialization.py",,Attr,Attr,,,,,,Yes
pylavcogs-shared,3070,https://pypi.org/project/pylavcogs-shared,Y,N/A,rsetattr:pylavcogs_shared/utils/__init__.py,,Attr,Attr,,,,,,Yes
pycollimator,3056,https://pypi.org/project/pycollimator,Y,N/A,"_setattr_path:collimator/library/ros2.py,_publish_message:collimator/library/ros2.py",,Attr,Attr,,,,,,Yes
django-automated-logging,3040,https://pypi.org/project/django-automated-logging,Y,N/A,,,Attr,Attr,,import_django,,,,Yes
dictop,3037,https://pypi.org/project/dictop,Y,N/A,update:dictop.py,,Attr/Field,Attr/Field,,,,,,Yes
pysys,3032,https://pypi.org/project/pysys,Y,N/A,getUserData:pysys/config/descriptor.py,,Attr/Field,Field,,,,,,Yes
pysys,3032,https://pypi.org/project/pysys,Y,N/A,,,Attr,Field,,,,,,Yes
iambic-core,2995,https://pypi.org/project/iambic-core,Y,N/A,"remove_expired_resources:iambic/core/utils.py,apply:iambic/plugins/v0_1_0/aws/models.py,_apply_to_account:iambic/plugins/v0_1_0/aws/iam/user/models.py",,Attr,Attr,,.get/.post/.api_route|import_aiohttp,,,,Yes
azure-mgmt-support,2934,https://pypi.org/project/azure-mgmt-support,Y,N/A,"deserialize_data:azure/mgmt/support/_serialization.py,deserialize_from_text:azure/mgmt/support/_serialization.py,_json_attemp:azure/mgmt/support/_serialization.py,deserialize_from_http_generics:azure/mgmt/support/_serialization.py,deserialize:azure/mgmt/support/_serialization.py,from_dict:azure/mgmt/support/_serialization.py,failsafe_deserialize:azure/mgmt/support/_serialization.py",,Attr,Attr,,,,,,Yes
netpyne,2921,https://pypi.org/project/netpyne,Y,N/A,"evaluator:netpyne/batch/utils.py,__init__:netpyne/batch/batch.py,setCfgNestedParam:netpyne/batch/batch.py,func:netpyne/batch/evol.py,getParamCombinations:netpyne/batch/grid.py,setNestedParam:netpyne/specs/netParams.py,setCfgMapping:netpyne/specs/netParams.py,sbiOptim:netpyne/batch/sbi_parallel.py",,Attr/Field,Field,,,,,,No
netpyne,2921,https://pypi.org/project/netpyne,Y,N/A,,,Attr,Field,,,,,,No
melobot,2892,https://pypi.org/project/melobot,Y,N/A,_serialize:melobot/mp.py,,Attr,Attr,,import_aiohttp,,,,Yes
csmhp,2885,https://pypi.org/project/csmhp,Y,N/A,rsetattr:CSMHP/optimize_wrapper.py,,Attr,Attr,,,,,,Yes
choco,2875,https://pypi.org/project/choco,Y,N/A,"iter_fields:Choco-1.0.5/choco/_ast_util.py,parse:Choco-1.0.5/choco/_ast_util.py,__init__:Choco-1.0.5/choco/ast.py,__init__:Choco-1.0.5/choco/codegen.py,__init__:Choco-1.0.5/choco/lookup.py,__init__:Choco-1.0.5/choco/nodes.py,compile:Choco-1.0.5/choco/codegen.py,write_toplevel:Choco-1.0.5/choco/codegen.py,_parse_attributes:Choco-1.0.5/choco/nodes.py,undeclared_identifiers:Choco-1.0.5/choco/nodes.py,_compile:Choco-1.0.5/choco/template.py,_compile_module_file:Choco-1.0.5/choco/template.py",,Attr,Attr,,import_django,,,,Yes
git-viewer,2867,https://pypi.org/project/git-viewer,Y,N/A,rsetattr:git_viewer/settings.py,,Attr,Attr,,,,,,Yes
kamzik3,2855,https://pypi.org/project/kamzik3,Y,N/A,rsetattr:kamzik3/snippets/snippetDataAccess.py,,Attr,Attr,,,,,,Yes
grpc-robot,2837,https://pypi.org/project/grpc-robot,Y,N/A,_get_field_mapping:grpc_robot/tools/protobuf_to_dict.py,,Attr,Attr,,,,,,Yes
pyfileconf,2832,https://pypi.org/project/pyfileconf,Y,N/A,"_set_func_or_config_no_create:pyfileconf/config/models/manager.py,_set_in_nested_obj_by_section_path:pyfileconf/logic/set.py",,Attr,Attr,,,,,,Yes
xorq,2810,https://pypi.org/project/xorq,Y,N/A,"set:xorq/vendor/ibis/config.py,_with_temporary:xorq/vendor/ibis/config.py,__call__:xorq/vendor/ibis/config.py",,Attr,Attr,,import_streamlit,,,,Yes
pxapi,2809,https://pypi.org/project/pxapi,Y,N/A,"_ConvertMapFieldValue:python/google/protobuf/json_format.py,genexpr:python/google/protobuf/json_format.py,_MergeMessage:python/google/protobuf/internal/well_known_types.py",,Attr,Attr,,,,,,Yes
sparseml,2801,https://pypi.org/project/sparseml,Y,N/A,_set_submodule:sparseml/pytorch/sparsification/quantization/helpers.py,,Attr,Attr,,,,,,No
pytest-quickcheck,2797,https://pypi.org/project/pytest-quickcheck,Y,N/A,parse:pytest_quickcheck/generator.py,,Attr/Field,Field,,,,,,Yes
pytest-quickcheck,2797,https://pypi.org/project/pytest-quickcheck,Y,N/A,,,Attr,Field,,,,,,Yes
pysource-codegen,2781,https://pypi.org/project/pysource-codegen,Y,N/A,fix_tree:pysource_codegen/_codegen.py,,Attr,Attr,,,,,,Yes
detection-tools,2745,https://pypi.org/project/detection-tools,Y,N/A,_update_generic:detection_tools/utils/config_util.py,,Attr,Attr,,,,,,Yes
kompass-core,2743,https://pypi.org/project/kompass-core,Y,N/A,update_value:kompass_core/utils/base_attrs.py,,Attr,Attr,,,,,,Yes
pydent,2677,https://pypi.org/project/pydent,Y,N/A,"recursive_retrieve:pydent/browser.py,get:pydent/browser.py",,Attr,Attr,,,,,,Yes
taker,2669,https://pypi.org/project/taker,Y,N/A,"set_attrs:taker/model_maps.py,__setitem__:taker/model_maps.py",,Attr,Attr,,,,,,Yes
fms-acceleration-peft,2668,https://pypi.org/project/fms-acceleration-peft,Y,N/A,recurse_setattr:fms_acceleration_peft/gptqmodel/utils/model.py,,Attr,Attr,,,,,,Yes
pytypes,2647,https://pypi.org/project/pytypes,Y,N/A,"typechecked_module:pytypes/typechecker.py,_typechecked_class:pytypes/typechecker.py,typechecked:pytypes/typechecker.py,typelogged_class:pytypes/typelogger.py,typelogged_module:pytypes/typelogger.py,typelogged:pytypes/typelogger.py",,Attr,Attr,,,,,,No
evennia,2606,https://pypi.org/project/evennia,Y,N/A,"_menu_savefunc:evennia/contrib/base_systems/building_menu/building_menu.py,menu_setattr:evennia/contrib/base_systems/building_menu/building_menu.py",,Attr,Attr,,django_path|.get/.post/.api_route|import_django,,,,No
instrumentkit,2596,https://pypi.org/project/instrumentkit,Y,N/A,"walk_dict:instruments/config.py,setattr_expression:instruments/util_fns.py",,Attr,Attr,,,,,,Yes
data-helpers,2577,https://pypi.org/project/data-helpers,Y,N/A,rsetattr:data_helpers/cls_parsing.py,,Attr/Field,Attr/Field,,,,,,Yes
guniflask,2567,https://pypi.org/project/guniflask,Y,N/A,_update_model_by_dict:guniflask-0.12.21/guniflask/orm/model_utils.py,,Attr,Attr,,import_flask,,,,Yes
