2025-05-26 22:05:47,509 - PipDownloader - ERROR - Failed to download package:   error: subprocess-exited-with-error
  
  × python setup.py egg_info did not run successfully.
  │ exit code: 1
  ╰─> [23 lines of output]
      running egg_info
      creating /tmp/pip-pip-egg-info-sizvniky/psycopg2.egg-info
      writing /tmp/pip-pip-egg-info-sizvniky/psycopg2.egg-info/PKG-INFO
      writing dependency_links to /tmp/pip-pip-egg-info-sizvniky/psycopg2.egg-info/dependency_links.txt
      writing top-level names to /tmp/pip-pip-egg-info-sizvniky/psycopg2.egg-info/top_level.txt
      writing manifest file '/tmp/pip-pip-egg-info-sizvniky/psycopg2.egg-info/SOURCES.txt'
      
      Error: pg_config executable not found.
      
      pg_config is required to build psycopg2 from source.  Please add the directory
      containing pg_config to the $PATH or specify the full executable path with the
      option:
      
          python setup.py build_ext --pg-config /path/to/pg_config build ...
      
      or with the pg_config option in 'setup.cfg'.
      
      If you prefer to avoid building psycopg2 from source, please install the PyPI
      'psycopg2-binary' package instead.
      
      For further information please check the 'doc/src/install.rst' file (also at
      <https://www.psycopg.org/docs/install.html>).
      
      [end of output]
  
  note: This error originates from a subprocess, and is likely not a problem with pip.

[notice] A new release of pip is available: 25.0 -> 25.1.1
[notice] To update, run: pip install --upgrade pip
error: metadata-generation-failed

× Encountered error while generating package metadata.
╰─> See above for output.

note: This is an issue with the package mentioned above, not pip.
hint: See above for details.
 (downloader.py:241)
2025-05-26 22:11:42,944 - PipDownloader - ERROR - Failed to download package: ERROR: Could not find a version that satisfies the requirement pywin32 (from versions: none)

[notice] A new release of pip is available: 25.0 -> 25.1.1
[notice] To update, run: pip install --upgrade pip
ERROR: No matching distribution found for pywin32
 (downloader.py:241)
2025-05-26 22:12:32,223 - PipDownloader - ERROR - Failed to download package:   error: subprocess-exited-with-error
  
  × Getting requirements to build wheel did not run successfully.
  │ exit code: 1
  ╰─> [29 lines of output]
      Trying pkg-config --exists mysqlclient
      Command 'pkg-config --exists mysqlclient' returned non-zero exit status 1.
      Trying pkg-config --exists mariadb
      Command 'pkg-config --exists mariadb' returned non-zero exit status 1.
      Trying pkg-config --exists libmariadb
      Command 'pkg-config --exists libmariadb' returned non-zero exit status 1.
      Trying pkg-config --exists perconaserverclient
      Command 'pkg-config --exists perconaserverclient' returned non-zero exit status 1.
      Traceback (most recent call last):
        File "/home/jackfromeast/miniconda3/lib/python3.12/site-packages/pip/_vendor/pyproject_hooks/_in_process/_in_process.py", line 389, in <module>
          main()
        File "/home/jackfromeast/miniconda3/lib/python3.12/site-packages/pip/_vendor/pyproject_hooks/_in_process/_in_process.py", line 373, in main
          json_out["return_val"] = hook(**hook_input["kwargs"])
                                   ^^^^^^^^^^^^^^^^^^^^^^^^^^^^
        File "/home/jackfromeast/miniconda3/lib/python3.12/site-packages/pip/_vendor/pyproject_hooks/_in_process/_in_process.py", line 143, in get_requires_for_build_wheel
          return hook(config_settings)
                 ^^^^^^^^^^^^^^^^^^^^^
        File "/tmp/pip-build-env-awnk_ci7/overlay/lib/python3.12/site-packages/setuptools/build_meta.py", line 331, in get_requires_for_build_wheel
          return self._get_build_requires(config_settings, requirements=[])
                 ^^^^^^^^^^^^^^^^^^^^^^^^^^^^^^^^^^^^^^^^^^^^^^^^^^^^^^^^^^
        File "/tmp/pip-build-env-awnk_ci7/overlay/lib/python3.12/site-packages/setuptools/build_meta.py", line 301, in _get_build_requires
          self.run_setup()
        File "/tmp/pip-build-env-awnk_ci7/overlay/lib/python3.12/site-packages/setuptools/build_meta.py", line 317, in run_setup
          exec(code, locals())
        File "<string>", line 156, in <module>
        File "<string>", line 49, in get_config_posix
        File "<string>", line 28, in find_package_name
      Exception: Can not find valid pkg-config name.
      Specify MYSQLCLIENT_CFLAGS and MYSQLCLIENT_LDFLAGS env vars manually
      [end of output]
  
  note: This error originates from a subprocess, and is likely not a problem with pip.

[notice] A new release of pip is available: 25.0 -> 25.1.1
[notice] To update, run: pip install --upgrade pip
error: subprocess-exited-with-error

× Getting requirements to build wheel did not run successfully.
│ exit code: 1
╰─> See above for output.

note: This error originates from a subprocess, and is likely not a problem with pip.
 (downloader.py:241)
2025-05-26 22:48:14,422 - PipDownloader - ERROR - Failed to download package:   error: subprocess-exited-with-error
  
  × python setup.py egg_info did not run successfully.
  │ exit code: 1
  ╰─> [15 lines of output]
      The 'sklearn' PyPI package is deprecated, use 'scikit-learn'
      rather than 'sklearn' for pip commands.
      
      Here is how to fix this error in the main use cases:
      - use 'pip install scikit-learn' rather than 'pip install sklearn'
      - replace 'sklearn' by 'scikit-learn' in your pip requirements files
        (requirements.txt, setup.py, setup.cfg, Pipfile, etc ...)
      - if the 'sklearn' package is used by one of your dependencies,
        it would be great if you take some time to track which package uses
        'sklearn' instead of 'scikit-learn' and report it to their issue tracker
      - as a last resort, set the environment variable
        SKLEARN_ALLOW_DEPRECATED_SKLEARN_PACKAGE_INSTALL=True to avoid this error
      
      More information is available at
      https://github.com/scikit-learn/sklearn-pypi-package
      [end of output]
  
  note: This error originates from a subprocess, and is likely not a problem with pip.

[notice] A new release of pip is available: 25.0 -> 25.1.1
[notice] To update, run: pip install --upgrade pip
error: metadata-generation-failed

× Encountered error while generating package metadata.
╰─> See above for output.

note: This is an issue with the package mentioned above, not pip.
hint: See above for details.
 (downloader.py:241)
2025-05-26 23:13:17,546 - PipDownloader - ERROR - Failed to download package:   error: subprocess-exited-with-error
  
  × python setup.py egg_info did not run successfully.
  │ exit code: 1
  ╰─> [25 lines of output]
      Traceback (most recent call last):
        File "<string>", line 2, in <module>
        File "<pip-setuptools-caller>", line 34, in <module>
        File "/tmp/pip-download-z1d_4qrs/azure_0df37f8d4c7b465198720fbd38fb0d5b/setup.py", line 60, in <module>
          raise RuntimeError(message)
      RuntimeError:
      
      Starting with v5.0.0, the 'azure' meta-package is deprecated and cannot be installed anymore.
      Please install the service specific packages prefixed by `azure` needed for your application.
      
      The complete list of available packages can be found at:
      https://aka.ms/azsdk/python/all
      
      Here's a non-exhaustive list of common packages:
      
      -  azure-mgmt-compute (https://pypi.python.org/pypi/azure-mgmt-compute) : Management of Virtual Machines, etc.
      -  azure-mgmt-storage (https://pypi.python.org/pypi/azure-mgmt-storage) : Management of storage accounts.
      -  azure-mgmt-resource (https://pypi.python.org/pypi/azure-mgmt-resource) : Generic package about Azure Resource Management (ARM)
      -  azure-keyvault-secrets (https://pypi.python.org/pypi/azure-keyvault-secrets) : Access to secrets in Key Vault
      -  azure-storage-blob (https://pypi.python.org/pypi/azure-storage-blob) : Access to blobs in storage accounts
      
      A more comprehensive discussion of the rationale for this decision can be found in the following issue:
      https://github.com/Azure/azure-sdk-for-python/issues/10646
      
      
      [end of output]
  
  note: This error originates from a subprocess, and is likely not a problem with pip.

[notice] A new release of pip is available: 25.0 -> 25.1.1
[notice] To update, run: pip install --upgrade pip
error: metadata-generation-failed

× Encountered error while generating package metadata.
╰─> See above for output.

note: This is an issue with the package mentioned above, not pip.
hint: See above for details.
 (downloader.py:241)
2025-05-26 23:25:57,401 - PipDownloader - ERROR - Failed to download package:   error: subprocess-exited-with-error
  
  × python setup.py egg_info did not run successfully.
  │ exit code: 1
  ╰─> [24 lines of output]
      Traceback (most recent call last):
        File "<string>", line 2, in <module>
        File "<pip-setuptools-caller>", line 34, in <module>
        File "/tmp/pip-download-_n0gvrth/azure-mgmt_ff85e409b0ea46859ed7369b37bcaf17/setup.py", line 58, in <module>
          raise RuntimeError(message)
      RuntimeError:
      
      Starting with v5.0.0, the 'azure-mgmt' meta-package is deprecated and cannot be installed anymore.
      Please install the service specific packages prefixed by `azure` needed for your application.
      
      The complete list of available packages can be found at:
      https://aka.ms/azsdk/python/all
      
      Here's a non-exhaustive list of common packages:
      
      -  azure-mgmt-compute (https://pypi.python.org/pypi/azure-mgmt-compute) : Management of Virtual Machines, etc.
      -  azure-mgmt-network (https://pypi.python.org/pypi/azure-mgmt-network) : Management of Network interfaces, Public IP, etc.
      -  azure-mgmt-storage (https://pypi.python.org/pypi/azure-mgmt-storage) : Management of storage accounts.
      -  azure-mgmt-resource (https://pypi.python.org/pypi/azure-mgmt-resource) : Generic package about Azure Resource Management (ARM)
      
      A more comprehensive discussion of the rationale for this decision can be found in the following issue:
      https://github.com/Azure/azure-sdk-for-python/issues/10646
      
      
      [end of output]
  
  note: This error originates from a subprocess, and is likely not a problem with pip.

[notice] A new release of pip is available: 25.0 -> 25.1.1
[notice] To update, run: pip install --upgrade pip
error: metadata-generation-failed

× Encountered error while generating package metadata.
╰─> See above for output.

note: This is an issue with the package mentioned above, not pip.
hint: See above for details.
 (downloader.py:241)
2025-05-26 23:29:59,305 - PipDownloader - ERROR - Failed to download package: ERROR: Could not find a version that satisfies the requirement snowflake-legacy (from versions: none)

[notice] A new release of pip is available: 25.0 -> 25.1.1
[notice] To update, run: pip install --upgrade pip
ERROR: No matching distribution found for snowflake-legacy
 (downloader.py:241)
2025-05-26 23:35:33,041 - PipDownloader - ERROR - Failed to download package:   error: subprocess-exited-with-error
  
  × python setup.py egg_info did not run successfully.
  │ exit code: 1
  ╰─> [17 lines of output]
      Traceback (most recent call last):
        File "/tmp/pip-download-xwq7t6ub/xmlrunner_60187e72c0764263a4b7a5a79396ec67/xmlrunner/xmlrunner.py", line 13, in <module>
          from unittest2.runner import TextTestRunner
      ModuleNotFoundError: No module named 'unittest2'
      
      During handling of the above exception, another exception occurred:
      
      Traceback (most recent call last):
        File "<string>", line 2, in <module>
        File "<pip-setuptools-caller>", line 34, in <module>
        File "/tmp/pip-download-xwq7t6ub/xmlrunner_60187e72c0764263a4b7a5a79396ec67/setup.py", line 6, in <module>
          from xmlrunner.version import __version__
        File "/tmp/pip-download-xwq7t6ub/xmlrunner_60187e72c0764263a4b7a5a79396ec67/xmlrunner/__init__.py", line 3, in <module>
          from .xmlrunner import XMLTestRunner
        File "/tmp/pip-download-xwq7t6ub/xmlrunner_60187e72c0764263a4b7a5a79396ec67/xmlrunner/xmlrunner.py", line 17, in <module>
          from unittest import TestResult, _TextTestResult, TextTestRunner
      ImportError: cannot import name '_TextTestResult' from 'unittest' (/home/jackfromeast/miniconda3/lib/python3.12/unittest/__init__.py). Did you mean: 'TextTestResult'?
      [end of output]
  
  note: This error originates from a subprocess, and is likely not a problem with pip.

[notice] A new release of pip is available: 25.0 -> 25.1.1
[notice] To update, run: pip install --upgrade pip
error: metadata-generation-failed

× Encountered error while generating package metadata.
╰─> See above for output.

note: This is an issue with the package mentioned above, not pip.
hint: See above for details.
 (downloader.py:241)
2025-05-26 23:42:59,899 - PipDownloader - ERROR - Failed to download package: ERROR: Could not find a version that satisfies the requirement tensorflow-addons (from versions: none)

[notice] A new release of pip is available: 25.0 -> 25.1.1
[notice] To update, run: pip install --upgrade pip
ERROR: No matching distribution found for tensorflow-addons
 (downloader.py:241)
2025-05-26 23:48:47,719 - PipDownloader - ERROR - Failed to download package:   error: subprocess-exited-with-error
  
  × python setup.py egg_info did not run successfully.
  │ exit code: 1
  ╰─> [20 lines of output]
      Traceback (most recent call last):
        File "<string>", line 2, in <module>
        File "<pip-setuptools-caller>", line 34, in <module>
        File "/tmp/pip-download-9lmo3dzo/azure-storage_64505cdb235a49c2a95067b5c8ef4e73/setup.py", line 55, in <module>
          raise RuntimeError(message)
      RuntimeError:
      
      Starting with v0.37.0, the 'azure-storage' meta-package is deprecated and cannot be installed anymore.
      Please install the service specific packages prefixed by `azure` needed for your application.
      
      The complete list of available packages can be found at:
      https://aka.ms/azsdk/python/all
      
      Here's a non-exhaustive list of common packages:
      
      - [azure-storage-blob](https://pypi.org/project/azure-storage-blob) : Blob storage client
      - [azure-storage-file-share](https://pypi.org/project/azure-storage-file-share) : Storage file share client
      - [azure-storage-file-datalake](https://pypi.org/project/azure-storage-file-datalake) : ADLS Gen2 client
      - [azure-storage-queue](https://pypi.org/project/azure-storage-queue): Queue storage client
      
      [end of output]
  
  note: This error originates from a subprocess, and is likely not a problem with pip.

[notice] A new release of pip is available: 25.0 -> 25.1.1
[notice] To update, run: pip install --upgrade pip
error: metadata-generation-failed

× Encountered error while generating package metadata.
╰─> See above for output.

note: This is an issue with the package mentioned above, not pip.
hint: See above for details.
 (downloader.py:241)
2025-05-26 23:54:13,497 - PipDownloader - ERROR - Failed to download package: ERROR: Ignored the following yanked versions: 3.1.0, 3.1.1, 3.1.2, 3.1.3, 3.1.4, 3.1.5, 3.1.6, 3.1.7, 3.1.8, 3.1.9, 3.2.0, 3.2.1, 3.2.2, 3.2.3, 3.3.0, 3.3.1, 3.3.2, 3.3.3, 3.3.4, 3.3.5, 3.3.6, 3.3.7, 3.3.8, 3.3.9, 3.3.10, 3.3.11, 3.3.12, 3.4.0
ERROR: Could not find a version that satisfies the requirement red-discordbot (from versions: none)

[notice] A new release of pip is available: 25.0 -> 25.1.1
[notice] To update, run: pip install --upgrade pip
ERROR: No matching distribution found for red-discordbot
 (downloader.py:241)
2025-05-27 00:10:48,094 - PipDownloader - ERROR - Failed to download package:   error: subprocess-exited-with-error
  
  × python setup.py egg_info did not run successfully.
  │ exit code: 1
  ╰─> [6 lines of output]
      Traceback (most recent call last):
        File "<string>", line 2, in <module>
        File "<pip-setuptools-caller>", line 34, in <module>
        File "/tmp/pip-download-6y46jgct/flash-attn_1b8b242d141b469391980d8b834e4d66/setup.py", line 22, in <module>
          import torch
      ModuleNotFoundError: No module named 'torch'
      [end of output]
  
  note: This error originates from a subprocess, and is likely not a problem with pip.

[notice] A new release of pip is available: 25.0 -> 25.1.1
[notice] To update, run: pip install --upgrade pip
error: metadata-generation-failed

× Encountered error while generating package metadata.
╰─> See above for output.

note: This is an issue with the package mentioned above, not pip.
hint: See above for details.
 (downloader.py:241)
2025-05-27 00:16:53,262 - PipDownloader - ERROR - Failed to download package:   error: subprocess-exited-with-error
  
  × Preparing metadata (pyproject.toml) did not run successfully.
  │ exit code: 1
  ╰─> [24 lines of output]
      + meson setup /tmp/pip-download-ymkwppfa/pygobject_d8fd42508ad9451895c81a14ee72002c /tmp/pip-download-ymkwppfa/pygobject_d8fd42508ad9451895c81a14ee72002c/.mesonpy-735agl_n -Dbuildtype=release -Db_ndebug=if-release -Db_vscrt=md -Dtests=false -Dwheel=true --wrap-mode=nofallback --native-file=/tmp/pip-download-ymkwppfa/pygobject_d8fd42508ad9451895c81a14ee72002c/.mesonpy-735agl_n/meson-python-native-file.ini
      The Meson build system
      Version: 1.8.1
      Source dir: /tmp/pip-download-ymkwppfa/pygobject_d8fd42508ad9451895c81a14ee72002c
      Build dir: /tmp/pip-download-ymkwppfa/pygobject_d8fd42508ad9451895c81a14ee72002c/.mesonpy-735agl_n
      Build type: native build
      Project name: pygobject
      Project version: 3.52.3
      C compiler for the host machine: cc (gcc 13.3.0 "cc (Ubuntu 13.3.0-6ubuntu2~24.04) 13.3.0")
      C linker for the host machine: cc ld.bfd 2.42
      Host machine cpu family: x86_64
      Host machine cpu: x86_64
      Program python3 found: YES (/home/jackfromeast/miniconda3/bin/python)
      Found pkg-config: YES (/usr/bin/pkg-config) 1.8.1
      Run-time dependency python found: YES 3.12
      WARNING: Found CMake '/home/jackfromeast/miniconda3/bin/cmake' but couldn't run it
      Found CMake: NO
      Run-time dependency girepository-2.0 found: NO (tried pkgconfig and cmake)
      Not looking for a fallback subproject for the dependency girepository-2.0 because:
      Use of fallback dependencies is disabled.
      
      ../meson.build:31:9: ERROR: Dependency 'girepository-2.0' is required but not found.
      
      A full log can be found at /tmp/pip-download-ymkwppfa/pygobject_d8fd42508ad9451895c81a14ee72002c/.mesonpy-735agl_n/meson-logs/meson-log.txt
      [end of output]
  
  note: This error originates from a subprocess, and is likely not a problem with pip.

[notice] A new release of pip is available: 25.0 -> 25.1.1
[notice] To update, run: pip install --upgrade pip
error: metadata-generation-failed

× Encountered error while generating package metadata.
╰─> See above for output.

note: This is an issue with the package mentioned above, not pip.
hint: See above for details.
 (downloader.py:241)
2025-05-27 00:20:07,287 - PipDownloader - ERROR - Failed to download package:   error: subprocess-exited-with-error
  
  × python setup.py egg_info did not run successfully.
  │ exit code: 1
  ╰─> [44 lines of output]
      Traceback (most recent call last):
        File "/home/jackfromeast/miniconda3/lib/python3.12/site-packages/setuptools/_vendor/packaging/requirements.py", line 35, in __init__
          parsed = _parse_requirement(requirement_string)
                   ^^^^^^^^^^^^^^^^^^^^^^^^^^^^^^^^^^^^^^
        File "/home/jackfromeast/miniconda3/lib/python3.12/site-packages/setuptools/_vendor/packaging/_parser.py", line 64, in parse_requirement
          return _parse_requirement(Tokenizer(source, rules=DEFAULT_RULES))
                 ^^^^^^^^^^^^^^^^^^^^^^^^^^^^^^^^^^^^^^^^^^^^^^^^^^^^^^^^^^
        File "/home/jackfromeast/miniconda3/lib/python3.12/site-packages/setuptools/_vendor/packaging/_parser.py", line 82, in _parse_requirement
          url, specifier, marker = _parse_requirement_details(tokenizer)
                                   ^^^^^^^^^^^^^^^^^^^^^^^^^^^^^^^^^^^^^
        File "/home/jackfromeast/miniconda3/lib/python3.12/site-packages/setuptools/_vendor/packaging/_parser.py", line 126, in _parse_requirement_details
          marker = _parse_requirement_marker(
                   ^^^^^^^^^^^^^^^^^^^^^^^^^^
        File "/home/jackfromeast/miniconda3/lib/python3.12/site-packages/setuptools/_vendor/packaging/_parser.py", line 147, in _parse_requirement_marker
          tokenizer.raise_syntax_error(
        File "/home/jackfromeast/miniconda3/lib/python3.12/site-packages/setuptools/_vendor/packaging/_tokenizer.py", line 165, in raise_syntax_error
          raise ParserSyntaxError(
      setuptools.extern.packaging._tokenizer.ParserSyntaxError: Expected end or semicolon (after name and no valid version specifier)
          python_version>"3.7"
                        ^
      
      The above exception was the direct cause of the following exception:
      
      Traceback (most recent call last):
        File "<string>", line 2, in <module>
        File "<pip-setuptools-caller>", line 34, in <module>
        File "/tmp/pip-download-bsr37mn2/tensorflow-gpu_8953cc31c841420ba7aca3f3142da70a/setup.py", line 40, in <module>
          setuptools.setup()
        File "/home/jackfromeast/miniconda3/lib/python3.12/site-packages/setuptools/__init__.py", line 102, in setup
          _install_setup_requires(attrs)
        File "/home/jackfromeast/miniconda3/lib/python3.12/site-packages/setuptools/__init__.py", line 73, in _install_setup_requires
          dist.parse_config_files(ignore_option_errors=True)
        File "/home/jackfromeast/miniconda3/lib/python3.12/site-packages/setuptools/dist.py", line 655, in parse_config_files
          self._finalize_requires()
        File "/home/jackfromeast/miniconda3/lib/python3.12/site-packages/setuptools/dist.py", line 390, in _finalize_requires
          self._normalize_requires()
        File "/home/jackfromeast/miniconda3/lib/python3.12/site-packages/setuptools/dist.py", line 405, in _normalize_requires
          self.install_requires = list(map(str, _reqs.parse(install_requires)))
                                  ^^^^^^^^^^^^^^^^^^^^^^^^^^^^^^^^^^^^^^^^^^^^^
        File "/home/jackfromeast/miniconda3/lib/python3.12/site-packages/setuptools/_vendor/packaging/requirements.py", line 37, in __init__
          raise InvalidRequirement(str(e)) from e
      setuptools.extern.packaging.requirements.InvalidRequirement: Expected end or semicolon (after name and no valid version specifier)
          python_version>"3.7"
                        ^
      [end of output]
  
  note: This error originates from a subprocess, and is likely not a problem with pip.

[notice] A new release of pip is available: 25.0 -> 25.1.1
[notice] To update, run: pip install --upgrade pip
error: metadata-generation-failed

× Encountered error while generating package metadata.
╰─> See above for output.

note: This is an issue with the package mentioned above, not pip.
hint: See above for details.
 (downloader.py:241)
2025-05-27 00:21:00,449 - PipDownloader - ERROR - Failed to download package:   error: subprocess-exited-with-error
  
  × python setup.py egg_info did not run successfully.
  │ exit code: 1
  ╰─> [24 lines of output]
      Traceback (most recent call last):
        File "<string>", line 2, in <module>
        File "<pip-setuptools-caller>", line 14, in <module>
        File "/home/jackfromeast/miniconda3/lib/python3.12/site-packages/setuptools/__init__.py", line 7, in <module>
          import _distutils_hack.override  # noqa: F401
          ^^^^^^^^^^^^^^^^^^^^^^^^^^^^^^^
        File "/home/jackfromeast/miniconda3/lib/python3.12/site-packages/_distutils_hack/override.py", line 1, in <module>
          __import__('_distutils_hack').do_override()
        File "/home/jackfromeast/miniconda3/lib/python3.12/site-packages/_distutils_hack/__init__.py", line 77, in do_override
          ensure_local_distutils()
        File "/home/jackfromeast/miniconda3/lib/python3.12/site-packages/_distutils_hack/__init__.py", line 63, in ensure_local_distutils
          core = importlib.import_module('distutils.core')
                 ^^^^^^^^^^^^^^^^^^^^^^^^^^^^^^^^^^^^^^^^^
        File "/home/jackfromeast/miniconda3/lib/python3.12/importlib/__init__.py", line 90, in import_module
          return _bootstrap._gcd_import(name[level:], package, level)
                 ^^^^^^^^^^^^^^^^^^^^^^^^^^^^^^^^^^^^^^^^^^^^^^^^^^^^
        File "/home/jackfromeast/miniconda3/lib/python3.12/site-packages/setuptools/_distutils/core.py", line 22, in <module>
          from .dist import Distribution
        File "/home/jackfromeast/miniconda3/lib/python3.12/site-packages/setuptools/_distutils/dist.py", line 12, in <module>
          import logging
        File "/tmp/pip-download-gljydyyy/logging_7ecb94fb00e9469ab1ffba49d97373a7/logging/__init__.py", line 618
          raise NotImplementedError, 'emit must be implemented '\
                                   ^
      SyntaxError: invalid syntax
      [end of output]
  
  note: This error originates from a subprocess, and is likely not a problem with pip.

[notice] A new release of pip is available: 25.0 -> 25.1.1
[notice] To update, run: pip install --upgrade pip
error: metadata-generation-failed

× Encountered error while generating package metadata.
╰─> See above for output.

note: This is an issue with the package mentioned above, not pip.
hint: See above for details.
 (downloader.py:241)
2025-05-27 00:25:05,598 - PipDownloader - ERROR - Failed to download package:   error: subprocess-exited-with-error
  
  × python setup.py egg_info did not run successfully.
  │ exit code: 1
  ╰─> [6 lines of output]
      Traceback (most recent call last):
        File "<string>", line 2, in <module>
        File "<pip-setuptools-caller>", line 34, in <module>
        File "/tmp/pip-download-04g6thrr/pathtools_3b1af0cc303142a19fae7e94701cf817/setup.py", line 25, in <module>
          import imp
      ModuleNotFoundError: No module named 'imp'
      [end of output]
  
  note: This error originates from a subprocess, and is likely not a problem with pip.

[notice] A new release of pip is available: 25.0 -> 25.1.1
[notice] To update, run: pip install --upgrade pip
error: metadata-generation-failed

× Encountered error while generating package metadata.
╰─> See above for output.

note: This is an issue with the package mentioned above, not pip.
hint: See above for details.
 (downloader.py:241)
2025-05-27 00:27:54,811 - PipDownloader - ERROR - Failed to download package: ERROR: Ignored the following yanked versions: 0.1.0, 0.1.1, 0.1.2, 0.1.3
ERROR: Could not find a version that satisfies the requirement types-pkg-resources (from versions: none)

[notice] A new release of pip is available: 25.0 -> 25.1.1
[notice] To update, run: pip install --upgrade pip
ERROR: No matching distribution found for types-pkg-resources
 (downloader.py:241)
2025-05-27 00:28:33,187 - PipDownloader - ERROR - Failed to download package: ERROR: Could not find a version that satisfies the requirement tfx-bsl (from versions: none)

[notice] A new release of pip is available: 25.0 -> 25.1.1
[notice] To update, run: pip install --upgrade pip
ERROR: No matching distribution found for tfx-bsl
 (downloader.py:241)
2025-05-27 00:28:54,323 - PipDownloader - ERROR - Failed to download package: ERROR: Could not find a version that satisfies the requirement pyston (from versions: none)

[notice] A new release of pip is available: 25.0 -> 25.1.1
[notice] To update, run: pip install --upgrade pip
ERROR: No matching distribution found for pyston
 (downloader.py:241)
2025-05-27 00:29:17,691 - PipDownloader - ERROR - Failed to download package: ERROR: Could not find a version that satisfies the requirement pyston-autoload (from versions: none)

[notice] A new release of pip is available: 25.0 -> 25.1.1
[notice] To update, run: pip install --upgrade pip
ERROR: No matching distribution found for pyston-autoload
 (downloader.py:241)
2025-05-27 00:32:59,176 - PipDownloader - ERROR - Failed to download package: ERROR: Could not find a version that satisfies the requirement google-python-cloud-debugger (from versions: none)

[notice] A new release of pip is available: 25.0 -> 25.1.1
[notice] To update, run: pip install --upgrade pip
ERROR: No matching distribution found for google-python-cloud-debugger
 (downloader.py:241)
2025-05-27 00:36:57,175 - PipDownloader - ERROR - Failed to download package: ERROR: Could not find a version that satisfies the requirement audioop-lts (from versions: none)

[notice] A new release of pip is available: 25.0 -> 25.1.1
[notice] To update, run: pip install --upgrade pip
ERROR: No matching distribution found for audioop-lts
 (downloader.py:241)
2025-05-27 00:42:35,647 - PipDownloader - ERROR - Failed to download package:   error: subprocess-exited-with-error
  
  × Getting requirements to build wheel did not run successfully.
  │ exit code: 1
  ╰─> [34 lines of output]
      /bin/sh: 1: mariadb_config: not found
      Traceback (most recent call last):
        File "/home/jackfromeast/miniconda3/lib/python3.12/site-packages/pip/_vendor/pyproject_hooks/_in_process/_in_process.py", line 389, in <module>
          main()
        File "/home/jackfromeast/miniconda3/lib/python3.12/site-packages/pip/_vendor/pyproject_hooks/_in_process/_in_process.py", line 373, in main
          json_out["return_val"] = hook(**hook_input["kwargs"])
                                   ^^^^^^^^^^^^^^^^^^^^^^^^^^^^
        File "/home/jackfromeast/miniconda3/lib/python3.12/site-packages/pip/_vendor/pyproject_hooks/_in_process/_in_process.py", line 143, in get_requires_for_build_wheel
          return hook(config_settings)
                 ^^^^^^^^^^^^^^^^^^^^^
        File "/tmp/pip-build-env-mhz9tdww/overlay/lib/python3.12/site-packages/setuptools/build_meta.py", line 331, in get_requires_for_build_wheel
          return self._get_build_requires(config_settings, requirements=[])
                 ^^^^^^^^^^^^^^^^^^^^^^^^^^^^^^^^^^^^^^^^^^^^^^^^^^^^^^^^^^
        File "/tmp/pip-build-env-mhz9tdww/overlay/lib/python3.12/site-packages/setuptools/build_meta.py", line 301, in _get_build_requires
          self.run_setup()
        File "/tmp/pip-build-env-mhz9tdww/overlay/lib/python3.12/site-packages/setuptools/build_meta.py", line 512, in run_setup
          super().run_setup(setup_script=setup_script)
        File "/tmp/pip-build-env-mhz9tdww/overlay/lib/python3.12/site-packages/setuptools/build_meta.py", line 317, in run_setup
          exec(code, locals())
        File "<string>", line 27, in <module>
        File "/tmp/pip-download-gdegu467/mariadb_317ab1c4665e4119838d419843b10cf7/mariadb_posix.py", line 62, in get_config
          cc_version = mariadb_config(config_prg, "cc_version")
                       ^^^^^^^^^^^^^^^^^^^^^^^^^^^^^^^^^^^^^^^^
        File "/tmp/pip-download-gdegu467/mariadb_317ab1c4665e4119838d419843b10cf7/mariadb_posix.py", line 28, in mariadb_config
          raise EnvironmentError(
      OSError: mariadb_config not found.
      
      This error typically indicates that MariaDB Connector/C, a dependency which
      must be preinstalled, is not found.
      If MariaDB Connector/C is not installed, see installation instructions
      If MariaDB Connector/C is installed, either set the environment variable
      MARIADB_CONFIG or edit the configuration file 'site.cfg' to set the
       'mariadb_config' option to the file location of the mariadb_config utility.
      
      [end of output]
  
  note: This error originates from a subprocess, and is likely not a problem with pip.

[notice] A new release of pip is available: 25.0 -> 25.1.1
[notice] To update, run: pip install --upgrade pip
error: subprocess-exited-with-error

× Getting requirements to build wheel did not run successfully.
│ exit code: 1
╰─> See above for output.

note: This error originates from a subprocess, and is likely not a problem with pip.
 (downloader.py:241)
2025-05-27 00:45:54,292 - PipDownloader - ERROR - Failed to download package: ERROR: Could not find a version that satisfies the requirement target-hotglue (from versions: none)

[notice] A new release of pip is available: 25.0 -> 25.1.1
[notice] To update, run: pip install --upgrade pip
ERROR: No matching distribution found for target-hotglue
 (downloader.py:241)
2025-05-27 00:46:15,877 - PipDownloader - ERROR - Failed to download package:   error: subprocess-exited-with-error
  
  × python setup.py egg_info did not run successfully.
  │ exit code: 1
  ╰─> [1 lines of output]
      This backport is for Python 2.7 only.
      [end of output]
  
  note: This error originates from a subprocess, and is likely not a problem with pip.

[notice] A new release of pip is available: 25.0 -> 25.1.1
[notice] To update, run: pip install --upgrade pip
error: metadata-generation-failed

× Encountered error while generating package metadata.
╰─> See above for output.

note: This is an issue with the package mentioned above, not pip.
hint: See above for details.
 (downloader.py:241)
2025-05-27 00:52:10,077 - PipDownloader - ERROR - Failed to download package:   error: subprocess-exited-with-error
  
  × Preparing metadata (pyproject.toml) did not run successfully.
  │ exit code: 1
  ╰─> [21 lines of output]
      /tmp/pip-build-env-zm057e03/overlay/lib/python3.12/site-packages/setuptools/dist.py:759: SetuptoolsDeprecationWarning: License classifiers are deprecated.
      !!
      
              ********************************************************************************
              Please consider removing the following classifiers in favor of a SPDX license expression:
      
              License :: OSI Approved :: GNU Lesser General Public License v3 (LGPLv3)
      
              See https://packaging.python.org/en/latest/guides/writing-pyproject-toml/#license for details.
              ********************************************************************************
      
      !!
        self._finalize_license_expression()
      running dist_info
      creating /tmp/pip-modern-metadata-7rt19wq_/psycopg_c.egg-info
      writing /tmp/pip-modern-metadata-7rt19wq_/psycopg_c.egg-info/PKG-INFO
      writing dependency_links to /tmp/pip-modern-metadata-7rt19wq_/psycopg_c.egg-info/dependency_links.txt
      writing top-level names to /tmp/pip-modern-metadata-7rt19wq_/psycopg_c.egg-info/top_level.txt
      writing manifest file '/tmp/pip-modern-metadata-7rt19wq_/psycopg_c.egg-info/SOURCES.txt'
      couldn't run 'pg_config' --includedir: [Errno 2] No such file or directory: 'pg_config'
      error: [Errno 2] No such file or directory: 'pg_config'
      [end of output]
  
  note: This error originates from a subprocess, and is likely not a problem with pip.

[notice] A new release of pip is available: 25.0 -> 25.1.1
[notice] To update, run: pip install --upgrade pip
error: metadata-generation-failed

× Encountered error while generating package metadata.
╰─> See above for output.

note: This is an issue with the package mentioned above, not pip.
hint: See above for details.
 (downloader.py:241)
2025-05-27 00:58:38,959 - PipDownloader - ERROR - Failed to download package:   error: subprocess-exited-with-error
  
  × Getting requirements to build wheel did not run successfully.
  │ exit code: 1
  ╰─> [16 lines of output]
      <string>:18: UserWarning: pkg_resources is deprecated as an API. See https://setuptools.pypa.io/en/latest/pkg_resources.html. The pkg_resources package is slated for removal as early as 2025-11-30. Refrain from using this package or pin to Setuptools<81.
      /tmp/pip-build-env-67mned47/overlay/lib/python3.12/site-packages/setuptools/dist.py:759: SetuptoolsDeprecationWarning: License classifiers are deprecated.
      !!
      
              ********************************************************************************
              Please consider removing the following classifiers in favor of a SPDX license expression:
      
              License :: OSI Approved :: MIT License
      
              See https://packaging.python.org/en/latest/guides/writing-pyproject-toml/#license for details.
              ********************************************************************************
      
      !!
        self._finalize_license_expression()
      running egg_info
      error: PyObjC requires macOS to build
      [end of output]
  
  note: This error originates from a subprocess, and is likely not a problem with pip.

[notice] A new release of pip is available: 25.0 -> 25.1.1
[notice] To update, run: pip install --upgrade pip
error: subprocess-exited-with-error

× Getting requirements to build wheel did not run successfully.
│ exit code: 1
╰─> See above for output.

note: This error originates from a subprocess, and is likely not a problem with pip.
 (downloader.py:241)
2025-05-27 01:02:21,104 - PipDownloader - ERROR - Failed to download package:   error: subprocess-exited-with-error
  
  × python setup.py egg_info did not run successfully.
  │ exit code: 1
  ╰─> [8 lines of output]
      Package yajl was not found in the pkg-config search path.
      Perhaps you should add the directory containing `yajl.pc'
      to the PKG_CONFIG_PATH environment variable
      Package 'yajl', required by 'virtual:world', not found
      MISSING DEPENDENCY: yajl library not found, please install it to continue
      
      See http://lloyd.github.io/yajl/ for installation instructions, or install
      it from your package manager
      [end of output]
  
  note: This error originates from a subprocess, and is likely not a problem with pip.

[notice] A new release of pip is available: 25.0 -> 25.1.1
[notice] To update, run: pip install --upgrade pip
error: metadata-generation-failed

× Encountered error while generating package metadata.
╰─> See above for output.

note: This is an issue with the package mentioned above, not pip.
hint: See above for details.
 (downloader.py:241)
2025-05-27 01:05:40,032 - PipDownloader - ERROR - Failed to download package:   error: subprocess-exited-with-error
  
  × Getting requirements to build wheel did not run successfully.
  │ exit code: 1
  ╰─> [134 lines of output]
      /tmp/pip-build-env-a2k632le/overlay/lib/python3.12/site-packages/setuptools/config/_apply_pyprojecttoml.py:82: SetuptoolsDeprecationWarning: `project.license` as a TOML table is deprecated
      !!
      
              ********************************************************************************
              Please use a simple string containing a SPDX expression for `project.license`. You can also use `project.license-files`. (Both options available on setuptools>=77.0.0).
      
              By 2026-Feb-18, you need to update your project and remove deprecated calls
              or your builds will no longer be supported.
      
              See https://packaging.python.org/en/latest/guides/writing-pyproject-toml/#license for details.
              ********************************************************************************
      
      !!
        corresp(dist, value, root_dir)
      /tmp/pip-build-env-a2k632le/overlay/lib/python3.12/site-packages/setuptools/config/_apply_pyprojecttoml.py:82: SetuptoolsWarning: `extras_require` overwritten in `pyproject.toml` (optional-dependencies)
        corresp(dist, value, root_dir)
      /tmp/pip-build-env-a2k632le/overlay/lib/python3.12/site-packages/setuptools/config/_apply_pyprojecttoml.py:61: SetuptoolsDeprecationWarning: License classifiers are deprecated.
      !!
      
              ********************************************************************************
              Please consider removing the following classifiers in favor of a SPDX license expression:
      
              License :: OSI Approved :: MIT License
      
              See https://packaging.python.org/en/latest/guides/writing-pyproject-toml/#license for details.
              ********************************************************************************
      
      !!
        dist._finalize_license_expression()
      /tmp/pip-build-env-a2k632le/overlay/lib/python3.12/site-packages/setuptools/dist.py:759: SetuptoolsDeprecationWarning: License classifiers are deprecated.
      !!
      
              ********************************************************************************
              Please consider removing the following classifiers in favor of a SPDX license expression:
      
              License :: OSI Approved :: MIT License
      
              See https://packaging.python.org/en/latest/guides/writing-pyproject-toml/#license for details.
              ********************************************************************************
      
      !!
        self._finalize_license_expression()
      Using numpy 2.3.0rc1
      running egg_info
      writing gdal-utils/GDAL.egg-info/PKG-INFO
      writing dependency_links to gdal-utils/GDAL.egg-info/dependency_links.txt
      writing entry points to gdal-utils/GDAL.egg-info/entry_points.txt
      writing requirements to gdal-utils/GDAL.egg-info/requires.txt
      writing top-level names to gdal-utils/GDAL.egg-info/top_level.txt
      Traceback (most recent call last):
        File "<string>", line 91, in fetch_config
        File "/home/jackfromeast/miniconda3/lib/python3.12/subprocess.py", line 1026, in __init__
          self._execute_child(args, executable, preexec_fn, close_fds,
        File "/home/jackfromeast/miniconda3/lib/python3.12/subprocess.py", line 1950, in _execute_child
          raise child_exception_type(errno_num, err_msg, err_filename)
      FileNotFoundError: [Errno 2] No such file or directory: 'gdal-config'
      
      During handling of the above exception, another exception occurred:
      
      Traceback (most recent call last):
        File "<string>", line 243, in get_gdal_config
        File "<string>", line 94, in fetch_config
      gdal_config_error: [Errno 2] No such file or directory: 'gdal-config'
      
      During handling of the above exception, another exception occurred:
      
      Traceback (most recent call last):
        File "/home/jackfromeast/miniconda3/lib/python3.12/site-packages/pip/_vendor/pyproject_hooks/_in_process/_in_process.py", line 389, in <module>
          main()
        File "/home/jackfromeast/miniconda3/lib/python3.12/site-packages/pip/_vendor/pyproject_hooks/_in_process/_in_process.py", line 373, in main
          json_out["return_val"] = hook(**hook_input["kwargs"])
                                   ^^^^^^^^^^^^^^^^^^^^^^^^^^^^
        File "/home/jackfromeast/miniconda3/lib/python3.12/site-packages/pip/_vendor/pyproject_hooks/_in_process/_in_process.py", line 143, in get_requires_for_build_wheel
          return hook(config_settings)
                 ^^^^^^^^^^^^^^^^^^^^^
        File "/tmp/pip-build-env-a2k632le/overlay/lib/python3.12/site-packages/setuptools/build_meta.py", line 331, in get_requires_for_build_wheel
          return self._get_build_requires(config_settings, requirements=[])
                 ^^^^^^^^^^^^^^^^^^^^^^^^^^^^^^^^^^^^^^^^^^^^^^^^^^^^^^^^^^
        File "/tmp/pip-build-env-a2k632le/overlay/lib/python3.12/site-packages/setuptools/build_meta.py", line 301, in _get_build_requires
          self.run_setup()
        File "/tmp/pip-build-env-a2k632le/overlay/lib/python3.12/site-packages/setuptools/build_meta.py", line 317, in run_setup
          exec(code, locals())
        File "<string>", line 449, in <module>
        File "/tmp/pip-build-env-a2k632le/overlay/lib/python3.12/site-packages/setuptools/__init__.py", line 115, in setup
          return distutils.core.setup(**attrs)
                 ^^^^^^^^^^^^^^^^^^^^^^^^^^^^^
        File "/tmp/pip-build-env-a2k632le/overlay/lib/python3.12/site-packages/setuptools/_distutils/core.py", line 186, in setup
          return run_commands(dist)
                 ^^^^^^^^^^^^^^^^^^
        File "/tmp/pip-build-env-a2k632le/overlay/lib/python3.12/site-packages/setuptools/_distutils/core.py", line 202, in run_commands
          dist.run_commands()
        File "/tmp/pip-build-env-a2k632le/overlay/lib/python3.12/site-packages/setuptools/_distutils/dist.py", line 1002, in run_commands
          self.run_command(cmd)
        File "/tmp/pip-build-env-a2k632le/overlay/lib/python3.12/site-packages/setuptools/dist.py", line 1102, in run_command
          super().run_command(command)
        File "/tmp/pip-build-env-a2k632le/overlay/lib/python3.12/site-packages/setuptools/_distutils/dist.py", line 1021, in run_command
          cmd_obj.run()
        File "/tmp/pip-build-env-a2k632le/overlay/lib/python3.12/site-packages/setuptools/command/egg_info.py", line 312, in run
          self.find_sources()
        File "/tmp/pip-build-env-a2k632le/overlay/lib/python3.12/site-packages/setuptools/command/egg_info.py", line 320, in find_sources
          mm.run()
        File "/tmp/pip-build-env-a2k632le/overlay/lib/python3.12/site-packages/setuptools/command/egg_info.py", line 543, in run
          self.add_defaults()
        File "/tmp/pip-build-env-a2k632le/overlay/lib/python3.12/site-packages/setuptools/command/egg_info.py", line 581, in add_defaults
          sdist.add_defaults(self)
        File "/tmp/pip-build-env-a2k632le/overlay/lib/python3.12/site-packages/setuptools/command/sdist.py", line 109, in add_defaults
          super().add_defaults()
        File "/tmp/pip-build-env-a2k632le/overlay/lib/python3.12/site-packages/setuptools/_distutils/command/sdist.py", line 245, in add_defaults
          self._add_defaults_ext()
        File "/tmp/pip-build-env-a2k632le/overlay/lib/python3.12/site-packages/setuptools/_distutils/command/sdist.py", line 329, in _add_defaults_ext
          build_ext = self.get_finalized_command('build_ext')
                      ^^^^^^^^^^^^^^^^^^^^^^^^^^^^^^^^^^^^^^^
        File "/tmp/pip-build-env-a2k632le/overlay/lib/python3.12/site-packages/setuptools/_distutils/cmd.py", line 334, in get_finalized_command
          cmd_obj.ensure_finalized()
        File "/tmp/pip-build-env-a2k632le/overlay/lib/python3.12/site-packages/setuptools/_distutils/cmd.py", line 135, in ensure_finalized
          self.finalize_options()
        File "<string>", line 327, in finalize_options
        File "<string>", line 249, in get_gdal_config
      gdal_config_error: Traceback (most recent call last):
        File "<string>", line 91, in fetch_config
        File "/home/jackfromeast/miniconda3/lib/python3.12/subprocess.py", line 1026, in __init__
          self._execute_child(args, executable, preexec_fn, close_fds,
        File "/home/jackfromeast/miniconda3/lib/python3.12/subprocess.py", line 1950, in _execute_child
          raise child_exception_type(errno_num, err_msg, err_filename)
      FileNotFoundError: [Errno 2] No such file or directory: 'gdal-config'
      
      During handling of the above exception, another exception occurred:
      
      Traceback (most recent call last):
        File "<string>", line 243, in get_gdal_config
        File "<string>", line 94, in fetch_config
      gdal_config_error: [Errno 2] No such file or directory: 'gdal-config'
      
      Could not find gdal-config. Make sure you have installed the GDAL native library and development headers.
      [end of output]
  
  note: This error originates from a subprocess, and is likely not a problem with pip.

[notice] A new release of pip is available: 25.0 -> 25.1.1
[notice] To update, run: pip install --upgrade pip
error: subprocess-exited-with-error

× Getting requirements to build wheel did not run successfully.
│ exit code: 1
╰─> See above for output.

note: This error originates from a subprocess, and is likely not a problem with pip.
 (downloader.py:241)
2025-05-27 01:10:11,071 - PipDownloader - ERROR - Failed to download package:   error: subprocess-exited-with-error
  
  × Getting requirements to build wheel did not run successfully.
  │ exit code: 1
  ╰─> [35 lines of output]
      /tmp/pip-download-01rjzubd/pyobjc-framework-cocoa_f284a8292cf6457980d8351c354975bc/pyobjc_setup.py:15: UserWarning: pkg_resources is deprecated as an API. See https://setuptools.pypa.io/en/latest/pkg_resources.html. The pkg_resources package is slated for removal as early as 2025-11-30. Refrain from using this package or pin to Setuptools<81.
        import pkg_resources
      Traceback (most recent call last):
        File "/home/jackfromeast/miniconda3/lib/python3.12/site-packages/pip/_vendor/pyproject_hooks/_in_process/_in_process.py", line 389, in <module>
          main()
        File "/home/jackfromeast/miniconda3/lib/python3.12/site-packages/pip/_vendor/pyproject_hooks/_in_process/_in_process.py", line 373, in main
          json_out["return_val"] = hook(**hook_input["kwargs"])
                                   ^^^^^^^^^^^^^^^^^^^^^^^^^^^^
        File "/home/jackfromeast/miniconda3/lib/python3.12/site-packages/pip/_vendor/pyproject_hooks/_in_process/_in_process.py", line 143, in get_requires_for_build_wheel
          return hook(config_settings)
                 ^^^^^^^^^^^^^^^^^^^^^
        File "/tmp/pip-build-env-_15vdjlg/overlay/lib/python3.12/site-packages/setuptools/build_meta.py", line 331, in get_requires_for_build_wheel
          return self._get_build_requires(config_settings, requirements=[])
                 ^^^^^^^^^^^^^^^^^^^^^^^^^^^^^^^^^^^^^^^^^^^^^^^^^^^^^^^^^^
        File "/tmp/pip-build-env-_15vdjlg/overlay/lib/python3.12/site-packages/setuptools/build_meta.py", line 301, in _get_build_requires
          self.run_setup()
        File "/tmp/pip-build-env-_15vdjlg/overlay/lib/python3.12/site-packages/setuptools/build_meta.py", line 317, in run_setup
          exec(code, locals())
        File "<string>", line 21, in <module>
        File "/tmp/pip-download-01rjzubd/pyobjc-framework-cocoa_f284a8292cf6457980d8351c354975bc/pyobjc_setup.py", line 585, in setup
          os_level = get_os_level()
                     ^^^^^^^^^^^^^^
        File "/tmp/pip-download-01rjzubd/pyobjc-framework-cocoa_f284a8292cf6457980d8351c354975bc/pyobjc_setup.py", line 264, in get_os_level
          subprocess.check_output(["/usr/bin/sw_vers", "-productVersion"])
        File "/home/jackfromeast/miniconda3/lib/python3.12/subprocess.py", line 466, in check_output
          return run(*popenargs, stdout=PIPE, timeout=timeout, check=True,
                 ^^^^^^^^^^^^^^^^^^^^^^^^^^^^^^^^^^^^^^^^^^^^^^^^^^^^^^^^^
        File "/home/jackfromeast/miniconda3/lib/python3.12/subprocess.py", line 548, in run
          with Popen(*popenargs, **kwargs) as process:
               ^^^^^^^^^^^^^^^^^^^^^^^^^^^
        File "/home/jackfromeast/miniconda3/lib/python3.12/subprocess.py", line 1026, in __init__
          self._execute_child(args, executable, preexec_fn, close_fds,
        File "/home/jackfromeast/miniconda3/lib/python3.12/subprocess.py", line 1950, in _execute_child
          raise child_exception_type(errno_num, err_msg, err_filename)
      FileNotFoundError: [Errno 2] No such file or directory: '/usr/bin/sw_vers'
      [end of output]
  
  note: This error originates from a subprocess, and is likely not a problem with pip.

[notice] A new release of pip is available: 25.0 -> 25.1.1
[notice] To update, run: pip install --upgrade pip
error: subprocess-exited-with-error

× Getting requirements to build wheel did not run successfully.
│ exit code: 1
╰─> See above for output.

note: This error originates from a subprocess, and is likely not a problem with pip.
 (downloader.py:241)
2025-05-27 01:16:17,860 - PipDownloader - ERROR - Failed to download package: ERROR: Could not find a version that satisfies the requirement faiss-gpu (from versions: none)

[notice] A new release of pip is available: 25.0 -> 25.1.1
[notice] To update, run: pip install --upgrade pip
ERROR: No matching distribution found for faiss-gpu
 (downloader.py:241)
2025-05-27 01:40:47,795 - PipDownloader - ERROR - Failed to download package:   error: subprocess-exited-with-error
  
  × python setup.py egg_info did not run successfully.
  │ exit code: 1
  ╰─> [1 lines of output]
      error in anyjson setup command: use_2to3 is invalid.
      [end of output]
  
  note: This error originates from a subprocess, and is likely not a problem with pip.

[notice] A new release of pip is available: 25.0 -> 25.1.1
[notice] To update, run: pip install --upgrade pip
error: metadata-generation-failed

× Encountered error while generating package metadata.
╰─> See above for output.

note: This is an issue with the package mentioned above, not pip.
hint: See above for details.
 (downloader.py:241)
2025-05-27 01:42:31,950 - PipDownloader - ERROR - Failed to download package:   error: subprocess-exited-with-error
  
  × python setup.py egg_info did not run successfully.
  │ exit code: 1
  ╰─> [1 lines of output]
      error in PyBluez setup command: use_2to3 is invalid.
      [end of output]
  
  note: This error originates from a subprocess, and is likely not a problem with pip.

[notice] A new release of pip is available: 25.0 -> 25.1.1
[notice] To update, run: pip install --upgrade pip
error: metadata-generation-failed

× Encountered error while generating package metadata.
╰─> See above for output.

note: This is an issue with the package mentioned above, not pip.
hint: See above for details.
 (downloader.py:241)
2025-05-27 01:57:33,578 - PipDownloader - ERROR - Failed to download package: ERROR: Ignored the following yanked versions: 3.7.0, 3.7.1, 3.7.2, 3.7.3
ERROR: Could not find a version that satisfies the requirement types-typing-extensions (from versions: none)

[notice] A new release of pip is available: 25.0 -> 25.1.1
[notice] To update, run: pip install --upgrade pip
ERROR: No matching distribution found for types-typing-extensions
 (downloader.py:241)
2025-05-27 01:57:34,514 - PipDownloader - ERROR - Failed to download package:   error: subprocess-exited-with-error
  
  × python setup.py egg_info did not run successfully.
  │ exit code: 1
  ╰─> [18 lines of output]
      /tmp/pip-download-c89os3b7/theano-pymc_b3ff8e7436494f3981d959ba2adcc96b/versioneer.py:421: SyntaxWarning: invalid escape sequence '\s'
        LONG_VERSION_PY['git'] = '''
      Traceback (most recent call last):
        File "<string>", line 2, in <module>
        File "<pip-setuptools-caller>", line 34, in <module>
        File "/tmp/pip-download-c89os3b7/theano-pymc_b3ff8e7436494f3981d959ba2adcc96b/setup.py", line 49, in <module>
          version=versioneer.get_version(),
                  ^^^^^^^^^^^^^^^^^^^^^^^^
        File "/tmp/pip-download-c89os3b7/theano-pymc_b3ff8e7436494f3981d959ba2adcc96b/versioneer.py", line 1479, in get_version
          return get_versions()["version"]
                 ^^^^^^^^^^^^^^
        File "/tmp/pip-download-c89os3b7/theano-pymc_b3ff8e7436494f3981d959ba2adcc96b/versioneer.py", line 1411, in get_versions
          cfg = get_config_from_root(root)
                ^^^^^^^^^^^^^^^^^^^^^^^^^^
        File "/tmp/pip-download-c89os3b7/theano-pymc_b3ff8e7436494f3981d959ba2adcc96b/versioneer.py", line 342, in get_config_from_root
          parser = configparser.SafeConfigParser()
                   ^^^^^^^^^^^^^^^^^^^^^^^^^^^^^
      AttributeError: module 'configparser' has no attribute 'SafeConfigParser'. Did you mean: 'RawConfigParser'?
      [end of output]
  
  note: This error originates from a subprocess, and is likely not a problem with pip.

[notice] A new release of pip is available: 25.0 -> 25.1.1
[notice] To update, run: pip install --upgrade pip
error: metadata-generation-failed

× Encountered error while generating package metadata.
╰─> See above for output.

note: This is an issue with the package mentioned above, not pip.
hint: See above for details.
 (downloader.py:241)
2025-05-27 01:59:53,866 - PipDownloader - ERROR - Failed to download package: ERROR: Could not find a version that satisfies the requirement pyrealsense2 (from versions: none)

[notice] A new release of pip is available: 25.0 -> 25.1.1
[notice] To update, run: pip install --upgrade pip
ERROR: No matching distribution found for pyrealsense2
 (downloader.py:241)
2025-05-27 02:06:31,526 - PipDownloader - ERROR - Failed to download package:   error: subprocess-exited-with-error
  
  × Getting requirements to build wheel did not run successfully.
  │ exit code: 1
  ╰─> [35 lines of output]
      /tmp/pip-download-lqyxffzo/pyobjc-framework-quartz_aa22dbe8b8fc4acc83e549d944836759/pyobjc_setup.py:15: UserWarning: pkg_resources is deprecated as an API. See https://setuptools.pypa.io/en/latest/pkg_resources.html. The pkg_resources package is slated for removal as early as 2025-11-30. Refrain from using this package or pin to Setuptools<81.
        import pkg_resources
      Traceback (most recent call last):
        File "/home/jackfromeast/miniconda3/lib/python3.12/site-packages/pip/_vendor/pyproject_hooks/_in_process/_in_process.py", line 389, in <module>
          main()
        File "/home/jackfromeast/miniconda3/lib/python3.12/site-packages/pip/_vendor/pyproject_hooks/_in_process/_in_process.py", line 373, in main
          json_out["return_val"] = hook(**hook_input["kwargs"])
                                   ^^^^^^^^^^^^^^^^^^^^^^^^^^^^
        File "/home/jackfromeast/miniconda3/lib/python3.12/site-packages/pip/_vendor/pyproject_hooks/_in_process/_in_process.py", line 143, in get_requires_for_build_wheel
          return hook(config_settings)
                 ^^^^^^^^^^^^^^^^^^^^^
        File "/tmp/pip-build-env-tfui4xvd/overlay/lib/python3.12/site-packages/setuptools/build_meta.py", line 331, in get_requires_for_build_wheel
          return self._get_build_requires(config_settings, requirements=[])
                 ^^^^^^^^^^^^^^^^^^^^^^^^^^^^^^^^^^^^^^^^^^^^^^^^^^^^^^^^^^
        File "/tmp/pip-build-env-tfui4xvd/overlay/lib/python3.12/site-packages/setuptools/build_meta.py", line 301, in _get_build_requires
          self.run_setup()
        File "/tmp/pip-build-env-tfui4xvd/overlay/lib/python3.12/site-packages/setuptools/build_meta.py", line 317, in run_setup
          exec(code, locals())
        File "<string>", line 56, in <module>
        File "/tmp/pip-download-lqyxffzo/pyobjc-framework-quartz_aa22dbe8b8fc4acc83e549d944836759/pyobjc_setup.py", line 585, in setup
          os_level = get_os_level()
                     ^^^^^^^^^^^^^^
        File "/tmp/pip-download-lqyxffzo/pyobjc-framework-quartz_aa22dbe8b8fc4acc83e549d944836759/pyobjc_setup.py", line 264, in get_os_level
          subprocess.check_output(["/usr/bin/sw_vers", "-productVersion"])
        File "/home/jackfromeast/miniconda3/lib/python3.12/subprocess.py", line 466, in check_output
          return run(*popenargs, stdout=PIPE, timeout=timeout, check=True,
                 ^^^^^^^^^^^^^^^^^^^^^^^^^^^^^^^^^^^^^^^^^^^^^^^^^^^^^^^^^
        File "/home/jackfromeast/miniconda3/lib/python3.12/subprocess.py", line 548, in run
          with Popen(*popenargs, **kwargs) as process:
               ^^^^^^^^^^^^^^^^^^^^^^^^^^^
        File "/home/jackfromeast/miniconda3/lib/python3.12/subprocess.py", line 1026, in __init__
          self._execute_child(args, executable, preexec_fn, close_fds,
        File "/home/jackfromeast/miniconda3/lib/python3.12/subprocess.py", line 1950, in _execute_child
          raise child_exception_type(errno_num, err_msg, err_filename)
      FileNotFoundError: [Errno 2] No such file or directory: '/usr/bin/sw_vers'
      [end of output]
  
  note: This error originates from a subprocess, and is likely not a problem with pip.

[notice] A new release of pip is available: 25.0 -> 25.1.1
[notice] To update, run: pip install --upgrade pip
error: subprocess-exited-with-error

× Getting requirements to build wheel did not run successfully.
│ exit code: 1
╰─> See above for output.

note: This error originates from a subprocess, and is likely not a problem with pip.
 (downloader.py:241)
2025-05-27 02:06:35,872 - PipDownloader - ERROR - Failed to download package:   error: subprocess-exited-with-error
  
  × python setup.py egg_info did not run successfully.
  │ exit code: 1
  ╰─> [3 lines of output]
      /tmp/pip-download-m5ewavwg/suds-jurko_0066042dbbf840468653368dcadbcc44/setup.py:99: DeprecationWarning: lib2to3 package is deprecated and may not be able to parse Python 3.10+
        import lib2to3.fixes.fix_urllib
      error in suds-jurko setup command: use_2to3 is invalid.
      [end of output]
  
  note: This error originates from a subprocess, and is likely not a problem with pip.

[notice] A new release of pip is available: 25.0 -> 25.1.1
[notice] To update, run: pip install --upgrade pip
error: metadata-generation-failed

× Encountered error while generating package metadata.
╰─> See above for output.

note: This is an issue with the package mentioned above, not pip.
hint: See above for details.
 (downloader.py:241)
2025-05-27 02:15:16,878 - PipDownloader - ERROR - Failed to download package: ERROR: Could not find a version that satisfies the requirement tts (from versions: none)

[notice] A new release of pip is available: 25.0 -> 25.1.1
[notice] To update, run: pip install --upgrade pip
ERROR: No matching distribution found for tts
 (downloader.py:241)
2025-05-27 02:21:27,098 - PipDownloader - ERROR - Failed to download package: ERROR: Could not find a version that satisfies the requirement torch-xla (from versions: none)

[notice] A new release of pip is available: 25.0 -> 25.1.1
[notice] To update, run: pip install --upgrade pip
ERROR: No matching distribution found for torch-xla
 (downloader.py:241)
2025-05-27 02:23:57,744 - PipDownloader - ERROR - Failed to download package:   error: subprocess-exited-with-error
  
  × python setup.py egg_info did not run successfully.
  │ exit code: 1
  ╰─> [7 lines of output]
      Traceback (most recent call last):
        File "<string>", line 2, in <module>
        File "<pip-setuptools-caller>", line 34, in <module>
        File "/tmp/pip-download-uxltu5qy/python-status_1d8ffdd5ac4d458499fb54ba78a25334/setup.py", line 7, in <module>
          long_description = pypandoc.convert('README.md', 'rst')
                             ^^^^^^^^^^^^^^^^
      AttributeError: module 'pypandoc' has no attribute 'convert'
      [end of output]
  
  note: This error originates from a subprocess, and is likely not a problem with pip.

[notice] A new release of pip is available: 25.0 -> 25.1.1
[notice] To update, run: pip install --upgrade pip
error: metadata-generation-failed

× Encountered error while generating package metadata.
╰─> See above for output.

note: This is an issue with the package mentioned above, not pip.
hint: See above for details.
 (downloader.py:241)
2025-05-27 02:24:56,610 - PipDownloader - ERROR - Failed to download package:   error: subprocess-exited-with-error
  
  × python setup.py egg_info did not run successfully.
  │ exit code: 1
  ╰─> [1 lines of output]
      pcap.h not found
      [end of output]
  
  note: This error originates from a subprocess, and is likely not a problem with pip.

[notice] A new release of pip is available: 25.0 -> 25.1.1
[notice] To update, run: pip install --upgrade pip
error: metadata-generation-failed

× Encountered error while generating package metadata.
╰─> See above for output.

note: This is an issue with the package mentioned above, not pip.
hint: See above for details.
 (downloader.py:241)
2025-05-27 02:27:20,737 - PipDownloader - ERROR - Failed to download package: WARNING: Ignoring version 1.6.5 of textract since it has invalid metadata:
Requested textract from https://files.pythonhosted.org/packages/6b/3e/ac16b6bf28edf78296aea7d0cb416b49ed30282ac8c711662541015ee6f3/textract-1.6.5-py3-none-any.whl has invalid metadata: .* suffix can only be used with `==` or `!=` operators
    extract-msg (<=0.29.*)
                 ~~~~~~~^
Please use pip<24.1 if you need to use this version.
  error: subprocess-exited-with-error
  
  × python setup.py egg_info did not run successfully.
  │ exit code: 1
  ╰─> [3 lines of output]
      error in textract setup command: 'install_requires' must be a string or list of strings containing valid project/version requirement specifiers; .* suffix can only be used with `==` or `!=` operators
          extract-msg<=0.29.*
                     ~~~~~~~^
      [end of output]
  
  note: This error originates from a subprocess, and is likely not a problem with pip.

[notice] A new release of pip is available: 25.0 -> 25.1.1
[notice] To update, run: pip install --upgrade pip
error: metadata-generation-failed

× Encountered error while generating package metadata.
╰─> See above for output.

note: This is an issue with the package mentioned above, not pip.
hint: See above for details.
 (downloader.py:241)
2025-05-27 02:27:53,024 - PipDownloader - ERROR - Failed to download package:   error: subprocess-exited-with-error
  
  × python setup.py egg_info did not run successfully.
  │ exit code: 1
  ╰─> [12 lines of output]
      Cannot find libsystemd or libsystemd-journal:
      
      Package libsystemd was not found in the pkg-config search path.
      Perhaps you should add the directory containing `libsystemd.pc'
      to the PKG_CONFIG_PATH environment variable
      Package 'libsystemd', required by 'virtual:world', not found
      
      Package libsystemd-journal was not found in the pkg-config search path.
      Perhaps you should add the directory containing `libsystemd-journal.pc'
      to the PKG_CONFIG_PATH environment variable
      Package 'libsystemd-journal', required by 'virtual:world', not found
      
      [end of output]
  
  note: This error originates from a subprocess, and is likely not a problem with pip.

[notice] A new release of pip is available: 25.0 -> 25.1.1
[notice] To update, run: pip install --upgrade pip
error: metadata-generation-failed

× Encountered error while generating package metadata.
╰─> See above for output.

note: This is an issue with the package mentioned above, not pip.
hint: See above for details.
 (downloader.py:241)
2025-05-27 02:30:47,231 - PipDownloader - ERROR - Failed to download package:   error: subprocess-exited-with-error
  
  × Getting requirements to build wheel did not run successfully.
  │ exit code: 1
  ╰─> [21 lines of output]
      /bin/sh: 1: pg_config: not found
      Traceback (most recent call last):
        File "/home/jackfromeast/miniconda3/lib/python3.12/site-packages/pip/_vendor/pyproject_hooks/_in_process/_in_process.py", line 389, in <module>
          main()
        File "/home/jackfromeast/miniconda3/lib/python3.12/site-packages/pip/_vendor/pyproject_hooks/_in_process/_in_process.py", line 373, in main
          json_out["return_val"] = hook(**hook_input["kwargs"])
                                   ^^^^^^^^^^^^^^^^^^^^^^^^^^^^
        File "/home/jackfromeast/miniconda3/lib/python3.12/site-packages/pip/_vendor/pyproject_hooks/_in_process/_in_process.py", line 143, in get_requires_for_build_wheel
          return hook(config_settings)
                 ^^^^^^^^^^^^^^^^^^^^^
        File "/tmp/pip-build-env-jpdicaj9/overlay/lib/python3.12/site-packages/setuptools/build_meta.py", line 331, in get_requires_for_build_wheel
          return self._get_build_requires(config_settings, requirements=[])
                 ^^^^^^^^^^^^^^^^^^^^^^^^^^^^^^^^^^^^^^^^^^^^^^^^^^^^^^^^^^
        File "/tmp/pip-build-env-jpdicaj9/overlay/lib/python3.12/site-packages/setuptools/build_meta.py", line 301, in _get_build_requires
          self.run_setup()
        File "/tmp/pip-build-env-jpdicaj9/overlay/lib/python3.12/site-packages/setuptools/build_meta.py", line 317, in run_setup
          exec(code, locals())
        File "<string>", line 72, in <module>
        File "<string>", line 66, in pg_version
        File "<string>", line 58, in pg_config
      Exception: pg_config tool is not available.
      [end of output]
  
  note: This error originates from a subprocess, and is likely not a problem with pip.

[notice] A new release of pip is available: 25.0 -> 25.1.1
[notice] To update, run: pip install --upgrade pip
error: subprocess-exited-with-error

× Getting requirements to build wheel did not run successfully.
│ exit code: 1
╰─> See above for output.

note: This error originates from a subprocess, and is likely not a problem with pip.
 (downloader.py:241)
2025-05-27 02:37:02,834 - PipDownloader - ERROR - Failed to download package:   error: subprocess-exited-with-error
  
  × Getting requirements to build wheel did not run successfully.
  │ exit code: 1
  ╰─> [34 lines of output]
      <string>:8: UserWarning: pkg_resources is deprecated as an API. See https://setuptools.pypa.io/en/latest/pkg_resources.html. The pkg_resources package is slated for removal as early as 2025-11-30. Refrain from using this package or pin to Setuptools<81.
      /tmp/pip-download-q352cp75/pygeos_6554857d75bd4366b02566e41b6a9f9e/versioneer.py:421: SyntaxWarning: invalid escape sequence '\s'
        LONG_VERSION_PY['git'] = '''
      Compiling pygeos/_geometry.pyx because it changed.
      Compiling pygeos/_geos.pyx because it changed.
      [1/2] Cythonizing pygeos/_geometry.pyx
      [2/2] Cythonizing pygeos/_geos.pyx
      Traceback (most recent call last):
        File "/home/jackfromeast/miniconda3/lib/python3.12/site-packages/pip/_vendor/pyproject_hooks/_in_process/_in_process.py", line 389, in <module>
          main()
        File "/home/jackfromeast/miniconda3/lib/python3.12/site-packages/pip/_vendor/pyproject_hooks/_in_process/_in_process.py", line 373, in main
          json_out["return_val"] = hook(**hook_input["kwargs"])
                                   ^^^^^^^^^^^^^^^^^^^^^^^^^^^^
        File "/home/jackfromeast/miniconda3/lib/python3.12/site-packages/pip/_vendor/pyproject_hooks/_in_process/_in_process.py", line 143, in get_requires_for_build_wheel
          return hook(config_settings)
                 ^^^^^^^^^^^^^^^^^^^^^
        File "/tmp/pip-build-env-xxra4i8m/overlay/lib/python3.12/site-packages/setuptools/build_meta.py", line 331, in get_requires_for_build_wheel
          return self._get_build_requires(config_settings, requirements=[])
                 ^^^^^^^^^^^^^^^^^^^^^^^^^^^^^^^^^^^^^^^^^^^^^^^^^^^^^^^^^^
        File "/tmp/pip-build-env-xxra4i8m/overlay/lib/python3.12/site-packages/setuptools/build_meta.py", line 301, in _get_build_requires
          self.run_setup()
        File "/tmp/pip-build-env-xxra4i8m/overlay/lib/python3.12/site-packages/setuptools/build_meta.py", line 317, in run_setup
          exec(code, locals())
        File "<string>", line 214, in <module>
        File "/tmp/pip-download-q352cp75/pygeos_6554857d75bd4366b02566e41b6a9f9e/versioneer.py", line 1480, in get_version
          return get_versions()["version"]
                 ^^^^^^^^^^^^^^
        File "/tmp/pip-download-q352cp75/pygeos_6554857d75bd4366b02566e41b6a9f9e/versioneer.py", line 1412, in get_versions
          cfg = get_config_from_root(root)
                ^^^^^^^^^^^^^^^^^^^^^^^^^^
        File "/tmp/pip-download-q352cp75/pygeos_6554857d75bd4366b02566e41b6a9f9e/versioneer.py", line 342, in get_config_from_root
          parser = configparser.SafeConfigParser()
                   ^^^^^^^^^^^^^^^^^^^^^^^^^^^^^
      AttributeError: module 'configparser' has no attribute 'SafeConfigParser'. Did you mean: 'RawConfigParser'?
      [end of output]
  
  note: This error originates from a subprocess, and is likely not a problem with pip.

[notice] A new release of pip is available: 25.0 -> 25.1.1
[notice] To update, run: pip install --upgrade pip
error: subprocess-exited-with-error

× Getting requirements to build wheel did not run successfully.
│ exit code: 1
╰─> See above for output.

note: This error originates from a subprocess, and is likely not a problem with pip.
 (downloader.py:241)
2025-05-27 02:42:30,015 - PipDownloader - ERROR - Failed to download package:   error: subprocess-exited-with-error
  
  × pip subprocess to install build dependencies did not run successfully.
  │ exit code: 1
  ╰─> [128 lines of output]
      Collecting setuptools>=64.0
        Using cached setuptools-80.9.0-py3-none-any.whl.metadata (6.6 kB)
      Collecting wheel
        Using cached wheel-0.45.1-py3-none-any.whl.metadata (2.3 kB)
      Collecting jupyterlab
        Using cached jupyterlab-4.4.3-py3-none-any.whl.metadata (16 kB)
      Collecting conan<=1.59,>=1.57
        Using cached conan-1.59.0.tar.gz (780 kB)
        Preparing metadata (setup.py): started
        Preparing metadata (setup.py): finished with status 'done'
      Collecting async-lru>=1.0.0 (from jupyterlab)
        Using cached async_lru-2.0.5-py3-none-any.whl.metadata (4.5 kB)
      Collecting httpx>=0.25.0 (from jupyterlab)
        Using cached httpx-0.28.1-py3-none-any.whl.metadata (7.1 kB)
      Collecting ipykernel>=6.5.0 (from jupyterlab)
        Using cached ipykernel-6.29.5-py3-none-any.whl.metadata (6.3 kB)
      Collecting jinja2>=3.0.3 (from jupyterlab)
        Using cached jinja2-3.1.6-py3-none-any.whl.metadata (2.9 kB)
      Collecting jupyter-core (from jupyterlab)
        Using cached jupyter_core-5.8.0-py3-none-any.whl.metadata (3.3 kB)
      Collecting jupyter-lsp>=2.0.0 (from jupyterlab)
        Using cached jupyter_lsp-2.2.5-py3-none-any.whl.metadata (1.8 kB)
      Collecting jupyter-server<3,>=2.4.0 (from jupyterlab)
        Using cached jupyter_server-2.16.0-py3-none-any.whl.metadata (8.5 kB)
      Collecting jupyterlab-server<3,>=2.27.1 (from jupyterlab)
        Using cached jupyterlab_server-2.27.3-py3-none-any.whl.metadata (5.9 kB)
      Collecting notebook-shim>=0.2 (from jupyterlab)
        Using cached notebook_shim-0.2.4-py3-none-any.whl.metadata (4.0 kB)
      Collecting packaging (from jupyterlab)
        Using cached packaging-25.0-py3-none-any.whl.metadata (3.3 kB)
      Collecting tornado>=6.2.0 (from jupyterlab)
        Using cached tornado-6.5.1-cp39-abi3-manylinux_2_5_x86_64.manylinux1_x86_64.manylinux_2_17_x86_64.manylinux2014_x86_64.whl.metadata (2.8 kB)
      Collecting traitlets (from jupyterlab)
        Using cached traitlets-5.14.3-py3-none-any.whl.metadata (10 kB)
      Collecting requests<3.0.0,>=2.25 (from conan<=1.59,>=1.57)
        Using cached requests-2.32.3-py3-none-any.whl.metadata (4.6 kB)
      Collecting urllib3<1.27,>=1.26.6 (from conan<=1.59,>=1.57)
        Using cached urllib3-1.26.20-py2.py3-none-any.whl.metadata (50 kB)
      Collecting colorama<0.5.0,>=0.3.3 (from conan<=1.59,>=1.57)
        Using cached colorama-0.4.6-py2.py3-none-any.whl.metadata (17 kB)
      Collecting PyYAML<=6.0,>=3.11 (from conan<=1.59,>=1.57)
        Using cached PyYAML-6.0.tar.gz (124 kB)
        Installing build dependencies: started
        Installing build dependencies: finished with status 'done'
        Getting requirements to build wheel: started
        Getting requirements to build wheel: finished with status 'error'
        error: subprocess-exited-with-error
      
        × Getting requirements to build wheel did not run successfully.
        │ exit code: 1
        ╰─> [67 lines of output]
            /tmp/pip-build-env-1u6yv7k6/overlay/lib/python3.12/site-packages/setuptools/dist.py:759: SetuptoolsDeprecationWarning: License classifiers are deprecated.
            !!
      
                    ********************************************************************************
                    Please consider removing the following classifiers in favor of a SPDX license expression:
      
                    License :: OSI Approved :: MIT License
      
                    See https://packaging.python.org/en/latest/guides/writing-pyproject-toml/#license for details.
                    ********************************************************************************
      
            !!
              self._finalize_license_expression()
            running egg_info
            writing lib/PyYAML.egg-info/PKG-INFO
            writing dependency_links to lib/PyYAML.egg-info/dependency_links.txt
            writing top-level names to lib/PyYAML.egg-info/top_level.txt
            Traceback (most recent call last):
              File "/home/jackfromeast/miniconda3/lib/python3.12/site-packages/pip/_vendor/pyproject_hooks/_in_process/_in_process.py", line 389, in <module>
                main()
              File "/home/jackfromeast/miniconda3/lib/python3.12/site-packages/pip/_vendor/pyproject_hooks/_in_process/_in_process.py", line 373, in main
                json_out["return_val"] = hook(**hook_input["kwargs"])
                                         ^^^^^^^^^^^^^^^^^^^^^^^^^^^^
              File "/home/jackfromeast/miniconda3/lib/python3.12/site-packages/pip/_vendor/pyproject_hooks/_in_process/_in_process.py", line 143, in get_requires_for_build_wheel
                return hook(config_settings)
                       ^^^^^^^^^^^^^^^^^^^^^
              File "/tmp/pip-build-env-1u6yv7k6/overlay/lib/python3.12/site-packages/setuptools/build_meta.py", line 331, in get_requires_for_build_wheel
                return self._get_build_requires(config_settings, requirements=[])
                       ^^^^^^^^^^^^^^^^^^^^^^^^^^^^^^^^^^^^^^^^^^^^^^^^^^^^^^^^^^
              File "/tmp/pip-build-env-1u6yv7k6/overlay/lib/python3.12/site-packages/setuptools/build_meta.py", line 301, in _get_build_requires
                self.run_setup()
              File "/tmp/pip-build-env-1u6yv7k6/overlay/lib/python3.12/site-packages/setuptools/build_meta.py", line 317, in run_setup
                exec(code, locals())
              File "<string>", line 288, in <module>
              File "/tmp/pip-build-env-1u6yv7k6/overlay/lib/python3.12/site-packages/setuptools/__init__.py", line 115, in setup
                return distutils.core.setup(**attrs)
                       ^^^^^^^^^^^^^^^^^^^^^^^^^^^^^
              File "/tmp/pip-build-env-1u6yv7k6/overlay/lib/python3.12/site-packages/setuptools/_distutils/core.py", line 186, in setup
                return run_commands(dist)
                       ^^^^^^^^^^^^^^^^^^
              File "/tmp/pip-build-env-1u6yv7k6/overlay/lib/python3.12/site-packages/setuptools/_distutils/core.py", line 202, in run_commands
                dist.run_commands()
              File "/tmp/pip-build-env-1u6yv7k6/overlay/lib/python3.12/site-packages/setuptools/_distutils/dist.py", line 1002, in run_commands
                self.run_command(cmd)
              File "/tmp/pip-build-env-1u6yv7k6/overlay/lib/python3.12/site-packages/setuptools/dist.py", line 1102, in run_command
                super().run_command(command)
              File "/tmp/pip-build-env-1u6yv7k6/overlay/lib/python3.12/site-packages/setuptools/_distutils/dist.py", line 1021, in run_command
                cmd_obj.run()
              File "/tmp/pip-build-env-1u6yv7k6/overlay/lib/python3.12/site-packages/setuptools/command/egg_info.py", line 312, in run
                self.find_sources()
              File "/tmp/pip-build-env-1u6yv7k6/overlay/lib/python3.12/site-packages/setuptools/command/egg_info.py", line 320, in find_sources
                mm.run()
              File "/tmp/pip-build-env-1u6yv7k6/overlay/lib/python3.12/site-packages/setuptools/command/egg_info.py", line 543, in run
                self.add_defaults()
              File "/tmp/pip-build-env-1u6yv7k6/overlay/lib/python3.12/site-packages/setuptools/command/egg_info.py", line 581, in add_defaults
                sdist.add_defaults(self)
              File "/tmp/pip-build-env-1u6yv7k6/overlay/lib/python3.12/site-packages/setuptools/command/sdist.py", line 109, in add_defaults
                super().add_defaults()
              File "/tmp/pip-build-env-1u6yv7k6/overlay/lib/python3.12/site-packages/setuptools/_distutils/command/sdist.py", line 245, in add_defaults
                self._add_defaults_ext()
              File "/tmp/pip-build-env-1u6yv7k6/overlay/lib/python3.12/site-packages/setuptools/_distutils/command/sdist.py", line 330, in _add_defaults_ext
                self.filelist.extend(build_ext.get_source_files())
                                     ^^^^^^^^^^^^^^^^^^^^^^^^^^^^
              File "<string>", line 204, in get_source_files
              File "/tmp/pip-build-env-1u6yv7k6/overlay/lib/python3.12/site-packages/setuptools/_distutils/cmd.py", line 131, in __getattr__
                raise AttributeError(attr)
            AttributeError: cython_sources
            [end of output]
      
        note: This error originates from a subprocess, and is likely not a problem with pip.
      error: subprocess-exited-with-error
      
      × Getting requirements to build wheel did not run successfully.
      │ exit code: 1
      ╰─> See above for output.
      
      note: This error originates from a subprocess, and is likely not a problem with pip.
      [end of output]
  
  note: This error originates from a subprocess, and is likely not a problem with pip.

[notice] A new release of pip is available: 25.0 -> 25.1.1
[notice] To update, run: pip install --upgrade pip
error: subprocess-exited-with-error

× pip subprocess to install build dependencies did not run successfully.
│ exit code: 1
╰─> See above for output.

note: This error originates from a subprocess, and is likely not a problem with pip.
 (downloader.py:241)
2025-05-27 02:42:31,213 - PipDownloader - ERROR - Failed to download package: ERROR: Could not find a version that satisfies the requirement oxhttp (from versions: none)

[notice] A new release of pip is available: 25.0 -> 25.1.1
[notice] To update, run: pip install --upgrade pip
ERROR: No matching distribution found for oxhttp
 (downloader.py:241)
2025-05-27 02:49:41,033 - PipDownloader - ERROR - Failed to download package:   error: subprocess-exited-with-error
  
  × python setup.py egg_info did not run successfully.
  │ exit code: 1
  ╰─> [8 lines of output]
      Traceback (most recent call last):
        File "<string>", line 2, in <module>
        File "<pip-setuptools-caller>", line 34, in <module>
        File "/tmp/pip-download-dk112ehi/mysql-python_1a8183e788464c699d987fa2a2ccea5b/setup.py", line 13, in <module>
          from setup_posix import get_config
        File "/tmp/pip-download-dk112ehi/mysql-python_1a8183e788464c699d987fa2a2ccea5b/setup_posix.py", line 2, in <module>
          from ConfigParser import SafeConfigParser
      ModuleNotFoundError: No module named 'ConfigParser'
      [end of output]
  
  note: This error originates from a subprocess, and is likely not a problem with pip.

[notice] A new release of pip is available: 25.0 -> 25.1.1
[notice] To update, run: pip install --upgrade pip
error: metadata-generation-failed

× Encountered error while generating package metadata.
╰─> See above for output.

note: This is an issue with the package mentioned above, not pip.
hint: See above for details.
 (downloader.py:241)
2025-05-27 02:54:32,546 - PipDownloader - ERROR - Failed to download package:   error: subprocess-exited-with-error
  
  × python setup.py egg_info did not run successfully.
  │ exit code: 1
  ╰─> [7 lines of output]
      Traceback (most recent call last):
        File "<string>", line 2, in <module>
        File "<pip-setuptools-caller>", line 34, in <module>
        File "/tmp/pip-download-k4kwsypr/multiprocessing_dc6a859da8ba4723889108fa8a91efae/setup.py", line 94
          print 'Macros:'
          ^^^^^^^^^^^^^^^
      SyntaxError: Missing parentheses in call to 'print'. Did you mean print(...)?
      [end of output]
  
  note: This error originates from a subprocess, and is likely not a problem with pip.

[notice] A new release of pip is available: 25.0 -> 25.1.1
[notice] To update, run: pip install --upgrade pip
error: metadata-generation-failed

× Encountered error while generating package metadata.
╰─> See above for output.

note: This is an issue with the package mentioned above, not pip.
hint: See above for details.
 (downloader.py:241)
2025-05-27 02:54:33,279 - PipDownloader - ERROR - Failed to download package: ERROR: Could not find a version that satisfies the requirement windows-curses (from versions: none)

[notice] A new release of pip is available: 25.0 -> 25.1.1
[notice] To update, run: pip install --upgrade pip
ERROR: No matching distribution found for windows-curses
 (downloader.py:241)
2025-05-27 02:59:03,298 - PipDownloader - ERROR - Failed to download package:   error: subprocess-exited-with-error
  
  × python setup.py egg_info did not run successfully.
  │ exit code: 1
  ╰─> [7 lines of output]
      Traceback (most recent call last):
        File "<string>", line 2, in <module>
        File "<pip-setuptools-caller>", line 34, in <module>
        File "/tmp/pip-download-n_u7p6jv/beautifulsoup_4146baf7cf4b47038c57f572a73cbaa8/setup.py", line 3
          "You're trying to run a very old release of Beautiful Soup under Python 3. This will not work."<>"Please use Beautiful Soup 4, available through the pip package 'beautifulsoup4'."
                                                                                                         ^^
      SyntaxError: invalid syntax
      [end of output]
  
  note: This error originates from a subprocess, and is likely not a problem with pip.

[notice] A new release of pip is available: 25.0 -> 25.1.1
[notice] To update, run: pip install --upgrade pip
error: metadata-generation-failed

× Encountered error while generating package metadata.
╰─> See above for output.

note: This is an issue with the package mentioned above, not pip.
hint: See above for details.
 (downloader.py:241)
2025-05-27 03:05:07,995 - PipDownloader - ERROR - Failed to download package: ERROR: Ignored the following yanked versions: 0.1.0, 0.1.1a0, 0.1.1a1
ERROR: Could not find a version that satisfies the requirement honeycomb-opentelemetry (from versions: 0.1.1a2, 0.1.1a3, 0.1.2b0, 0.2.0b0, 0.2.1b0, 0.2.2b0, 0.2.3b0, 0.2.4b0, 0.3.0a0, 0.4.0b0, 0.4.1b0, 0.4.2b0, 0.5.0b0, 0.6.0b0)

[notice] A new release of pip is available: 25.0 -> 25.1.1
[notice] To update, run: pip install --upgrade pip
ERROR: No matching distribution found for honeycomb-opentelemetry
 (downloader.py:241)
2025-05-27 03:11:58,244 - PipDownloader - ERROR - Failed to download package:   error: subprocess-exited-with-error
  
  × Getting requirements to build wheel did not run successfully.
  │ exit code: 1
  ╰─> [35 lines of output]
      /tmp/pip-download-mlj3luxr/pyobjc-framework-applicationservices_9ebb6907be5b4bd1819acb40ba09ed8b/pyobjc_setup.py:15: UserWarning: pkg_resources is deprecated as an API. See https://setuptools.pypa.io/en/latest/pkg_resources.html. The pkg_resources package is slated for removal as early as 2025-11-30. Refrain from using this package or pin to Setuptools<81.
        import pkg_resources
      Traceback (most recent call last):
        File "/home/jackfromeast/miniconda3/lib/python3.12/site-packages/pip/_vendor/pyproject_hooks/_in_process/_in_process.py", line 389, in <module>
          main()
        File "/home/jackfromeast/miniconda3/lib/python3.12/site-packages/pip/_vendor/pyproject_hooks/_in_process/_in_process.py", line 373, in main
          json_out["return_val"] = hook(**hook_input["kwargs"])
                                   ^^^^^^^^^^^^^^^^^^^^^^^^^^^^
        File "/home/jackfromeast/miniconda3/lib/python3.12/site-packages/pip/_vendor/pyproject_hooks/_in_process/_in_process.py", line 143, in get_requires_for_build_wheel
          return hook(config_settings)
                 ^^^^^^^^^^^^^^^^^^^^^
        File "/tmp/pip-build-env-pf5rv_ek/overlay/lib/python3.12/site-packages/setuptools/build_meta.py", line 331, in get_requires_for_build_wheel
          return self._get_build_requires(config_settings, requirements=[])
                 ^^^^^^^^^^^^^^^^^^^^^^^^^^^^^^^^^^^^^^^^^^^^^^^^^^^^^^^^^^
        File "/tmp/pip-build-env-pf5rv_ek/overlay/lib/python3.12/site-packages/setuptools/build_meta.py", line 301, in _get_build_requires
          self.run_setup()
        File "/tmp/pip-build-env-pf5rv_ek/overlay/lib/python3.12/site-packages/setuptools/build_meta.py", line 317, in run_setup
          exec(code, locals())
        File "<string>", line 22, in <module>
        File "/tmp/pip-download-mlj3luxr/pyobjc-framework-applicationservices_9ebb6907be5b4bd1819acb40ba09ed8b/pyobjc_setup.py", line 585, in setup
          os_level = get_os_level()
                     ^^^^^^^^^^^^^^
        File "/tmp/pip-download-mlj3luxr/pyobjc-framework-applicationservices_9ebb6907be5b4bd1819acb40ba09ed8b/pyobjc_setup.py", line 264, in get_os_level
          subprocess.check_output(["/usr/bin/sw_vers", "-productVersion"])
        File "/home/jackfromeast/miniconda3/lib/python3.12/subprocess.py", line 466, in check_output
          return run(*popenargs, stdout=PIPE, timeout=timeout, check=True,
                 ^^^^^^^^^^^^^^^^^^^^^^^^^^^^^^^^^^^^^^^^^^^^^^^^^^^^^^^^^
        File "/home/jackfromeast/miniconda3/lib/python3.12/subprocess.py", line 548, in run
          with Popen(*popenargs, **kwargs) as process:
               ^^^^^^^^^^^^^^^^^^^^^^^^^^^
        File "/home/jackfromeast/miniconda3/lib/python3.12/subprocess.py", line 1026, in __init__
          self._execute_child(args, executable, preexec_fn, close_fds,
        File "/home/jackfromeast/miniconda3/lib/python3.12/subprocess.py", line 1950, in _execute_child
          raise child_exception_type(errno_num, err_msg, err_filename)
      FileNotFoundError: [Errno 2] No such file or directory: '/usr/bin/sw_vers'
      [end of output]
  
  note: This error originates from a subprocess, and is likely not a problem with pip.

[notice] A new release of pip is available: 25.0 -> 25.1.1
[notice] To update, run: pip install --upgrade pip
error: subprocess-exited-with-error

× Getting requirements to build wheel did not run successfully.
│ exit code: 1
╰─> See above for output.

note: This error originates from a subprocess, and is likely not a problem with pip.
 (downloader.py:241)
2025-05-27 03:12:45,088 - PipDownloader - ERROR - Failed to download package:   error: subprocess-exited-with-error
  
  × Preparing metadata (pyproject.toml) did not run successfully.
  │ exit code: 1
  ╰─> [94 lines of output]
      + meson setup /tmp/pip-download-1ykkp0l8/dbus-python_c4befc444e8c43829a69439f32964716 /tmp/pip-download-1ykkp0l8/dbus-python_c4befc444e8c43829a69439f32964716/.mesonpy-cmn7nz14 -Dbuildtype=release -Db_ndebug=if-release -Db_vscrt=md --native-file=/tmp/pip-download-1ykkp0l8/dbus-python_c4befc444e8c43829a69439f32964716/.mesonpy-cmn7nz14/meson-python-native-file.ini
      The Meson build system
      Version: 1.8.1
      Source dir: /tmp/pip-download-1ykkp0l8/dbus-python_c4befc444e8c43829a69439f32964716
      Build dir: /tmp/pip-download-1ykkp0l8/dbus-python_c4befc444e8c43829a69439f32964716/.mesonpy-cmn7nz14
      Build type: native build
      Project name: dbus-python
      Project version: 1.4.0
      C compiler for the host machine: cc (gcc 13.3.0 "cc (Ubuntu 13.3.0-6ubuntu2~24.04) 13.3.0")
      C linker for the host machine: cc ld.bfd 2.42
      Host machine cpu family: x86_64
      Host machine cpu: x86_64
      Compiler for C supports arguments -fno-common: YES
      Compiler for C supports arguments -Wno-missing-field-initializers: YES
      Compiler for C supports arguments -Wno-declaration-after-statement: YES
      Compiler for C supports arguments -Wno-inline: YES
      Compiler for C supports arguments -Wno-redundant-decls: YES
      Compiler for C supports arguments -Wno-switch-default: YES
      Compiler for C supports arguments -Wno-write-strings: YES
      Compiler for C supports arguments -Wcast-align: YES
      Compiler for C supports arguments -Wdouble-promotion: YES
      Compiler for C supports arguments -Wduplicated-cond: YES
      Compiler for C supports arguments -Wfloat-equal: YES
      Compiler for C supports arguments -Wformat-nonliteral: YES
      Compiler for C supports arguments -Wformat-security: YES
      Compiler for C supports arguments -Wformat=2: YES
      Compiler for C supports arguments -Winit-self: YES
      Compiler for C supports arguments -Wlogical-op: YES
      Compiler for C supports arguments -Wmissing-declarations: YES
      Compiler for C supports arguments -Wmissing-format-attribute: YES
      Compiler for C supports arguments -Wmissing-include-dirs: YES
      Compiler for C supports arguments -Wmissing-noreturn: YES
      Compiler for C supports arguments -Wnull-dereference: YES
      Compiler for C supports arguments -Wpacked: YES
      Compiler for C supports arguments -Wpointer-arith: YES
      Compiler for C supports arguments -Wshadow: YES
      Compiler for C supports arguments -Wswitch-enum: YES
      Compiler for C supports arguments -Wundef: YES
      Compiler for C supports arguments -Wunused-but-set-variable: YES
      Compiler for C supports arguments -Wjump-misses-init: YES
      Compiler for C supports arguments -Wmissing-prototypes: YES
      Compiler for C supports arguments -Wnested-externs: YES
      Compiler for C supports arguments -Wold-style-definition: YES
      Compiler for C supports arguments -Wpointer-sign: YES
      Compiler for C supports arguments -Wstrict-prototypes: YES
      Configuring _dbus-python-config.h using configuration
      
      Executing subproject dbus-gmain
      
      dbus-gmain| Project name: dbus-gmain
      dbus-gmain| Project version: undefined
      dbus-gmain| C compiler for the host machine: cc (gcc 13.3.0 "cc (Ubuntu 13.3.0-6ubuntu2~24.04) 13.3.0")
      dbus-gmain| C linker for the host machine: cc ld.bfd 2.42
      dbus-gmain| Compiler for C supports arguments -fno-common: YES (cached)
      dbus-gmain| Compiler for C supports arguments -Wno-missing-field-initializers: YES (cached)
      dbus-gmain| Compiler for C supports arguments -Wcast-align: YES (cached)
      dbus-gmain| Compiler for C supports arguments -Wdouble-promotion: YES (cached)
      dbus-gmain| Compiler for C supports arguments -Wduplicated-branches: YES
      dbus-gmain| Compiler for C supports arguments -Wduplicated-cond: YES (cached)
      dbus-gmain| Compiler for C supports arguments -Wfloat-equal: YES (cached)
      dbus-gmain| Compiler for C supports arguments -Wformat-nonliteral: YES (cached)
      dbus-gmain| Compiler for C supports arguments -Wformat-security: YES (cached)
      dbus-gmain| Compiler for C supports arguments -Wformat=2: YES (cached)
      dbus-gmain| Compiler for C supports arguments -Winit-self: YES (cached)
      dbus-gmain| Compiler for C supports arguments -Wlogical-op: YES (cached)
      dbus-gmain| Compiler for C supports arguments -Wmissing-declarations: YES (cached)
      dbus-gmain| Compiler for C supports arguments -Wmissing-format-attribute: YES (cached)
      dbus-gmain| Compiler for C supports arguments -Wmissing-include-dirs: YES (cached)
      dbus-gmain| Compiler for C supports arguments -Wmissing-noreturn: YES (cached)
      dbus-gmain| Compiler for C supports arguments -Wnull-dereference: YES (cached)
      dbus-gmain| Compiler for C supports arguments -Wpacked: YES (cached)
      dbus-gmain| Compiler for C supports arguments -Wpointer-arith: YES (cached)
      dbus-gmain| Compiler for C supports arguments -Wredundant-decls: YES
      dbus-gmain| Compiler for C supports arguments -Wshadow: YES (cached)
      dbus-gmain| Compiler for C supports arguments -Wswitch-default: YES
      dbus-gmain| Compiler for C supports arguments -Wswitch-enum: YES (cached)
      dbus-gmain| Compiler for C supports arguments -Wundef: YES (cached)
      dbus-gmain| Compiler for C supports arguments -Wunused-but-set-variable: YES (cached)
      dbus-gmain| Compiler for C supports arguments -Wwrite-strings: YES
      dbus-gmain| Compiler for C supports arguments -Wdeclaration-after-statement: YES
      dbus-gmain| Compiler for C supports arguments -Wjump-misses-init: YES (cached)
      dbus-gmain| Compiler for C supports arguments -Wmissing-prototypes: YES (cached)
      dbus-gmain| Compiler for C supports arguments -Wnested-externs: YES (cached)
      dbus-gmain| Compiler for C supports arguments -Wold-style-definition: YES (cached)
      dbus-gmain| Compiler for C supports arguments -Wpointer-sign: YES (cached)
      dbus-gmain| Compiler for C supports arguments -Wstrict-prototypes: YES (cached)
      dbus-gmain| Found pkg-config: YES (/usr/bin/pkg-config) 1.8.1
      dbus-gmain| WARNING: Found CMake '/home/jackfromeast/miniconda3/bin/cmake' but couldn't run it
      dbus-gmain| Found CMake: NO
      dbus-gmain| Run-time dependency dbus-1 found: NO (tried pkgconfig)
      
      ../subprojects/dbus-gmain/meson.build:107:11: ERROR: Dependency "dbus-1" not found, tried pkgconfig
      
      A full log can be found at /tmp/pip-download-1ykkp0l8/dbus-python_c4befc444e8c43829a69439f32964716/.mesonpy-cmn7nz14/meson-logs/meson-log.txt
      [end of output]
  
  note: This error originates from a subprocess, and is likely not a problem with pip.

[notice] A new release of pip is available: 25.0 -> 25.1.1
[notice] To update, run: pip install --upgrade pip
error: metadata-generation-failed

× Encountered error while generating package metadata.
╰─> See above for output.

note: This is an issue with the package mentioned above, not pip.
hint: See above for details.
 (downloader.py:241)
2025-05-27 03:13:15,650 - PipDownloader - ERROR - Failed to download package:   error: subprocess-exited-with-error
  
  × Getting requirements to build wheel did not run successfully.
  │ exit code: 1
  ╰─> [35 lines of output]
      /tmp/pip-download-owp2f7go/pyobjc-framework-coretext_3afa56e8bd094a38a648cc0b8fccb933/pyobjc_setup.py:15: UserWarning: pkg_resources is deprecated as an API. See https://setuptools.pypa.io/en/latest/pkg_resources.html. The pkg_resources package is slated for removal as early as 2025-11-30. Refrain from using this package or pin to Setuptools<81.
        import pkg_resources
      Traceback (most recent call last):
        File "/home/jackfromeast/miniconda3/lib/python3.12/site-packages/pip/_vendor/pyproject_hooks/_in_process/_in_process.py", line 389, in <module>
          main()
        File "/home/jackfromeast/miniconda3/lib/python3.12/site-packages/pip/_vendor/pyproject_hooks/_in_process/_in_process.py", line 373, in main
          json_out["return_val"] = hook(**hook_input["kwargs"])
                                   ^^^^^^^^^^^^^^^^^^^^^^^^^^^^
        File "/home/jackfromeast/miniconda3/lib/python3.12/site-packages/pip/_vendor/pyproject_hooks/_in_process/_in_process.py", line 143, in get_requires_for_build_wheel
          return hook(config_settings)
                 ^^^^^^^^^^^^^^^^^^^^^
        File "/tmp/pip-build-env-t8ofdr9b/overlay/lib/python3.12/site-packages/setuptools/build_meta.py", line 331, in get_requires_for_build_wheel
          return self._get_build_requires(config_settings, requirements=[])
                 ^^^^^^^^^^^^^^^^^^^^^^^^^^^^^^^^^^^^^^^^^^^^^^^^^^^^^^^^^^
        File "/tmp/pip-build-env-t8ofdr9b/overlay/lib/python3.12/site-packages/setuptools/build_meta.py", line 301, in _get_build_requires
          self.run_setup()
        File "/tmp/pip-build-env-t8ofdr9b/overlay/lib/python3.12/site-packages/setuptools/build_meta.py", line 317, in run_setup
          exec(code, locals())
        File "<string>", line 22, in <module>
        File "/tmp/pip-download-owp2f7go/pyobjc-framework-coretext_3afa56e8bd094a38a648cc0b8fccb933/pyobjc_setup.py", line 585, in setup
          os_level = get_os_level()
                     ^^^^^^^^^^^^^^
        File "/tmp/pip-download-owp2f7go/pyobjc-framework-coretext_3afa56e8bd094a38a648cc0b8fccb933/pyobjc_setup.py", line 264, in get_os_level
          subprocess.check_output(["/usr/bin/sw_vers", "-productVersion"])
        File "/home/jackfromeast/miniconda3/lib/python3.12/subprocess.py", line 466, in check_output
          return run(*popenargs, stdout=PIPE, timeout=timeout, check=True,
                 ^^^^^^^^^^^^^^^^^^^^^^^^^^^^^^^^^^^^^^^^^^^^^^^^^^^^^^^^^
        File "/home/jackfromeast/miniconda3/lib/python3.12/subprocess.py", line 548, in run
          with Popen(*popenargs, **kwargs) as process:
               ^^^^^^^^^^^^^^^^^^^^^^^^^^^
        File "/home/jackfromeast/miniconda3/lib/python3.12/subprocess.py", line 1026, in __init__
          self._execute_child(args, executable, preexec_fn, close_fds,
        File "/home/jackfromeast/miniconda3/lib/python3.12/subprocess.py", line 1950, in _execute_child
          raise child_exception_type(errno_num, err_msg, err_filename)
      FileNotFoundError: [Errno 2] No such file or directory: '/usr/bin/sw_vers'
      [end of output]
  
  note: This error originates from a subprocess, and is likely not a problem with pip.

[notice] A new release of pip is available: 25.0 -> 25.1.1
[notice] To update, run: pip install --upgrade pip
error: subprocess-exited-with-error

× Getting requirements to build wheel did not run successfully.
│ exit code: 1
╰─> See above for output.

note: This error originates from a subprocess, and is likely not a problem with pip.
 (downloader.py:241)
2025-05-27 03:20:45,324 - PipDownloader - ERROR - Failed to download package: ERROR: Could not find a version that satisfies the requirement tensorflow-data-validation (from versions: none)

[notice] A new release of pip is available: 25.0 -> 25.1.1
[notice] To update, run: pip install --upgrade pip
ERROR: No matching distribution found for tensorflow-data-validation
 (downloader.py:241)
2025-05-27 03:22:33,060 - PipDownloader - ERROR - Failed to download package: 
[notice] A new release of pip is available: 25.0 -> 25.1.1
[notice] To update, run: pip install --upgrade pip
ERROR: Exception:
Traceback (most recent call last):
  File "/home/jackfromeast/miniconda3/lib/python3.12/site-packages/pip/_internal/cli/base_command.py", line 106, in _run_wrapper
    status = _inner_run()
             ^^^^^^^^^^^^
  File "/home/jackfromeast/miniconda3/lib/python3.12/site-packages/pip/_internal/cli/base_command.py", line 97, in _inner_run
    return self.run(options, args)
           ^^^^^^^^^^^^^^^^^^^^^^^
  File "/home/jackfromeast/miniconda3/lib/python3.12/site-packages/pip/_internal/cli/req_command.py", line 67, in wrapper
    return func(self, options, args)
           ^^^^^^^^^^^^^^^^^^^^^^^^^
  File "/home/jackfromeast/miniconda3/lib/python3.12/site-packages/pip/_internal/commands/download.py", line 132, in run
    requirement_set = resolver.resolve(reqs, check_supported_wheels=True)
                      ^^^^^^^^^^^^^^^^^^^^^^^^^^^^^^^^^^^^^^^^^^^^^^^^^^^
  File "/home/jackfromeast/miniconda3/lib/python3.12/site-packages/pip/_internal/resolution/resolvelib/resolver.py", line 95, in resolve
    result = self._result = resolver.resolve(
                            ^^^^^^^^^^^^^^^^^
  File "/home/jackfromeast/miniconda3/lib/python3.12/site-packages/pip/_vendor/resolvelib/resolvers.py", line 546, in resolve
    state = resolution.resolve(requirements, max_rounds=max_rounds)
            ^^^^^^^^^^^^^^^^^^^^^^^^^^^^^^^^^^^^^^^^^^^^^^^^^^^^^^^
  File "/home/jackfromeast/miniconda3/lib/python3.12/site-packages/pip/_vendor/resolvelib/resolvers.py", line 397, in resolve
    self._add_to_criteria(self.state.criteria, r, parent=None)
  File "/home/jackfromeast/miniconda3/lib/python3.12/site-packages/pip/_vendor/resolvelib/resolvers.py", line 173, in _add_to_criteria
    if not criterion.candidates:
           ^^^^^^^^^^^^^^^^^^^^
  File "/home/jackfromeast/miniconda3/lib/python3.12/site-packages/pip/_vendor/resolvelib/structs.py", line 156, in __bool__
    return bool(self._sequence)
           ^^^^^^^^^^^^^^^^^^^^
  File "/home/jackfromeast/miniconda3/lib/python3.12/site-packages/pip/_internal/resolution/resolvelib/found_candidates.py", line 174, in __bool__
    return any(self)
           ^^^^^^^^^
  File "/home/jackfromeast/miniconda3/lib/python3.12/site-packages/pip/_internal/resolution/resolvelib/found_candidates.py", line 162, in <genexpr>
    return (c for c in iterator if id(c) not in self._incompatible_ids)
           ^^^^^^^^^^^^^^^^^^^^^^^^^^^^^^^^^^^^^^^^^^^^^^^^^^^^^^^^^^^^
  File "/home/jackfromeast/miniconda3/lib/python3.12/site-packages/pip/_internal/resolution/resolvelib/found_candidates.py", line 53, in _iter_built
    candidate = func()
                ^^^^^^
  File "/home/jackfromeast/miniconda3/lib/python3.12/site-packages/pip/_internal/resolution/resolvelib/factory.py", line 187, in _make_candidate_from_link
    base: Optional[BaseCandidate] = self._make_base_candidate_from_link(
                                    ^^^^^^^^^^^^^^^^^^^^^^^^^^^^^^^^^^^^
  File "/home/jackfromeast/miniconda3/lib/python3.12/site-packages/pip/_internal/resolution/resolvelib/factory.py", line 233, in _make_base_candidate_from_link
    self._link_candidate_cache[link] = LinkCandidate(
                                       ^^^^^^^^^^^^^^
  File "/home/jackfromeast/miniconda3/lib/python3.12/site-packages/pip/_internal/resolution/resolvelib/candidates.py", line 304, in __init__
    super().__init__(
  File "/home/jackfromeast/miniconda3/lib/python3.12/site-packages/pip/_internal/resolution/resolvelib/candidates.py", line 159, in __init__
    self.dist = self._prepare()
                ^^^^^^^^^^^^^^^
  File "/home/jackfromeast/miniconda3/lib/python3.12/site-packages/pip/_internal/resolution/resolvelib/candidates.py", line 248, in _prepare
    self._check_metadata_consistency(dist)
  File "/home/jackfromeast/miniconda3/lib/python3.12/site-packages/pip/_internal/resolution/resolvelib/candidates.py", line 230, in _check_metadata_consistency
    list(dist.iter_dependencies(list(dist.iter_provided_extras())))
  File "/home/jackfromeast/miniconda3/lib/python3.12/site-packages/pip/_internal/metadata/importlib/_dists.py", line 226, in iter_dependencies
    elif any(req.marker.evaluate(context) for context in contexts):
         ^^^^^^^^^^^^^^^^^^^^^^^^^^^^^^^^^^^^^^^^^^^^^^^^^^^^^^^^^
  File "/home/jackfromeast/miniconda3/lib/python3.12/site-packages/pip/_internal/metadata/importlib/_dists.py", line 226, in <genexpr>
    elif any(req.marker.evaluate(context) for context in contexts):
             ^^^^^^^^^^^^^^^^^^^^^^^^^^^^
  File "/home/jackfromeast/miniconda3/lib/python3.12/site-packages/pip/_vendor/packaging/markers.py", line 319, in evaluate
    return _evaluate_markers(
           ^^^^^^^^^^^^^^^^^^
  File "/home/jackfromeast/miniconda3/lib/python3.12/site-packages/pip/_vendor/packaging/markers.py", line 225, in _evaluate_markers
    groups[-1].append(_eval_op(lhs_value, op, rhs_value))
                      ^^^^^^^^^^^^^^^^^^^^^^^^^^^^^^^^^^
  File "/home/jackfromeast/miniconda3/lib/python3.12/site-packages/pip/_vendor/packaging/markers.py", line 183, in _eval_op
    return spec.contains(lhs, prereleases=True)
           ^^^^^^^^^^^^^^^^^^^^^^^^^^^^^^^^^^^^
  File "/home/jackfromeast/miniconda3/lib/python3.12/site-packages/pip/_vendor/packaging/specifiers.py", line 552, in contains
    normalized_item = _coerce_version(item)
                      ^^^^^^^^^^^^^^^^^^^^^
  File "/home/jackfromeast/miniconda3/lib/python3.12/site-packages/pip/_vendor/packaging/specifiers.py", line 28, in _coerce_version
    version = Version(version)
              ^^^^^^^^^^^^^^^^
  File "/home/jackfromeast/miniconda3/lib/python3.12/site-packages/pip/_vendor/packaging/version.py", line 202, in __init__
    raise InvalidVersion(f"Invalid version: {version!r}")
pip._vendor.packaging.version.InvalidVersion: Invalid version: '6.8.0-59-generic'
 (downloader.py:241)
2025-05-27 03:29:57,523 - PipDownloader - ERROR - Failed to download package:   error: subprocess-exited-with-error
  
  × Getting requirements to build wheel did not run successfully.
  │ exit code: 1
  ╰─> [29 lines of output]
      Package libvirt was not found in the pkg-config search path.
      Perhaps you should add the directory containing `libvirt.pc'
      to the PKG_CONFIG_PATH environment variable
      Package 'libvirt', required by 'virtual:world', not found
      Traceback (most recent call last):
        File "/home/jackfromeast/miniconda3/lib/python3.12/site-packages/pip/_vendor/pyproject_hooks/_in_process/_in_process.py", line 389, in <module>
          main()
        File "/home/jackfromeast/miniconda3/lib/python3.12/site-packages/pip/_vendor/pyproject_hooks/_in_process/_in_process.py", line 373, in main
          json_out["return_val"] = hook(**hook_input["kwargs"])
                                   ^^^^^^^^^^^^^^^^^^^^^^^^^^^^
        File "/home/jackfromeast/miniconda3/lib/python3.12/site-packages/pip/_vendor/pyproject_hooks/_in_process/_in_process.py", line 143, in get_requires_for_build_wheel
          return hook(config_settings)
                 ^^^^^^^^^^^^^^^^^^^^^
        File "/tmp/pip-build-env-y7tsxcg5/overlay/lib/python3.12/site-packages/setuptools/build_meta.py", line 331, in get_requires_for_build_wheel
          return self._get_build_requires(config_settings, requirements=[])
                 ^^^^^^^^^^^^^^^^^^^^^^^^^^^^^^^^^^^^^^^^^^^^^^^^^^^^^^^^^^
        File "/tmp/pip-build-env-y7tsxcg5/overlay/lib/python3.12/site-packages/setuptools/build_meta.py", line 301, in _get_build_requires
          self.run_setup()
        File "/tmp/pip-build-env-y7tsxcg5/overlay/lib/python3.12/site-packages/setuptools/build_meta.py", line 317, in run_setup
          exec(code, locals())
        File "<string>", line 271, in <module>
        File "<string>", line 87, in get_module_lists
        File "<string>", line 54, in get_pkgconfig_data
        File "/home/jackfromeast/miniconda3/lib/python3.12/subprocess.py", line 466, in check_output
          return run(*popenargs, stdout=PIPE, timeout=timeout, check=True,
                 ^^^^^^^^^^^^^^^^^^^^^^^^^^^^^^^^^^^^^^^^^^^^^^^^^^^^^^^^^
        File "/home/jackfromeast/miniconda3/lib/python3.12/subprocess.py", line 571, in run
          raise CalledProcessError(retcode, process.args,
      subprocess.CalledProcessError: Command '['pkg-config', '--libs-only-L', 'libvirt']' returned non-zero exit status 1.
      [end of output]
  
  note: This error originates from a subprocess, and is likely not a problem with pip.

[notice] A new release of pip is available: 25.0 -> 25.1.1
[notice] To update, run: pip install --upgrade pip
error: subprocess-exited-with-error

× Getting requirements to build wheel did not run successfully.
│ exit code: 1
╰─> See above for output.

note: This error originates from a subprocess, and is likely not a problem with pip.
 (downloader.py:241)
2025-05-27 03:34:25,815 - PipDownloader - ERROR - Failed to download package:   error: subprocess-exited-with-error
  
  × python setup.py egg_info did not run successfully.
  │ exit code: 1
  ╰─> [6 lines of output]
      Traceback (most recent call last):
        File "<string>", line 2, in <module>
        File "<pip-setuptools-caller>", line 34, in <module>
        File "/tmp/pip-download-jmt0_98s/romkan_e89d577e80af4fc0add211e9d4b56585/setup.py", line 8, in <module>
          import os, json, imp
      ModuleNotFoundError: No module named 'imp'
      [end of output]
  
  note: This error originates from a subprocess, and is likely not a problem with pip.

[notice] A new release of pip is available: 25.0 -> 25.1.1
[notice] To update, run: pip install --upgrade pip
error: metadata-generation-failed

× Encountered error while generating package metadata.
╰─> See above for output.

note: This is an issue with the package mentioned above, not pip.
hint: See above for details.
 (downloader.py:241)
2025-05-27 03:36:06,722 - PipDownloader - ERROR - Failed to download package: ERROR: Could not find a version that satisfies the requirement tensorflow-cpu-aws (from versions: none)

[notice] A new release of pip is available: 25.0 -> 25.1.1
[notice] To update, run: pip install --upgrade pip
ERROR: No matching distribution found for tensorflow-cpu-aws
 (downloader.py:241)
2025-05-27 03:38:38,972 - PipDownloader - ERROR - Failed to download package: ERROR: Could not find a version that satisfies the requirement kivy-deps-sdl2 (from versions: none)

[notice] A new release of pip is available: 25.0 -> 25.1.1
[notice] To update, run: pip install --upgrade pip
ERROR: No matching distribution found for kivy-deps-sdl2
 (downloader.py:241)
2025-05-27 03:41:22,747 - PipDownloader - ERROR - Failed to download package:   error: subprocess-exited-with-error
  
  × Getting requirements to build wheel did not run successfully.
  │ exit code: 1
  ╰─> [35 lines of output]
      /tmp/pip-download-ob537vlk/pyobjc-framework-corebluetooth_b8b30f29a7174868a46c7ca806308c1c/pyobjc_setup.py:15: UserWarning: pkg_resources is deprecated as an API. See https://setuptools.pypa.io/en/latest/pkg_resources.html. The pkg_resources package is slated for removal as early as 2025-11-30. Refrain from using this package or pin to Setuptools<81.
        import pkg_resources
      Traceback (most recent call last):
        File "/home/jackfromeast/miniconda3/lib/python3.12/site-packages/pip/_vendor/pyproject_hooks/_in_process/_in_process.py", line 389, in <module>
          main()
        File "/home/jackfromeast/miniconda3/lib/python3.12/site-packages/pip/_vendor/pyproject_hooks/_in_process/_in_process.py", line 373, in main
          json_out["return_val"] = hook(**hook_input["kwargs"])
                                   ^^^^^^^^^^^^^^^^^^^^^^^^^^^^
        File "/home/jackfromeast/miniconda3/lib/python3.12/site-packages/pip/_vendor/pyproject_hooks/_in_process/_in_process.py", line 143, in get_requires_for_build_wheel
          return hook(config_settings)
                 ^^^^^^^^^^^^^^^^^^^^^
        File "/tmp/pip-build-env-exc57ugr/overlay/lib/python3.12/site-packages/setuptools/build_meta.py", line 331, in get_requires_for_build_wheel
          return self._get_build_requires(config_settings, requirements=[])
                 ^^^^^^^^^^^^^^^^^^^^^^^^^^^^^^^^^^^^^^^^^^^^^^^^^^^^^^^^^^
        File "/tmp/pip-build-env-exc57ugr/overlay/lib/python3.12/site-packages/setuptools/build_meta.py", line 301, in _get_build_requires
          self.run_setup()
        File "/tmp/pip-build-env-exc57ugr/overlay/lib/python3.12/site-packages/setuptools/build_meta.py", line 317, in run_setup
          exec(code, locals())
        File "<string>", line 20, in <module>
        File "/tmp/pip-download-ob537vlk/pyobjc-framework-corebluetooth_b8b30f29a7174868a46c7ca806308c1c/pyobjc_setup.py", line 585, in setup
          os_level = get_os_level()
                     ^^^^^^^^^^^^^^
        File "/tmp/pip-download-ob537vlk/pyobjc-framework-corebluetooth_b8b30f29a7174868a46c7ca806308c1c/pyobjc_setup.py", line 264, in get_os_level
          subprocess.check_output(["/usr/bin/sw_vers", "-productVersion"])
        File "/home/jackfromeast/miniconda3/lib/python3.12/subprocess.py", line 466, in check_output
          return run(*popenargs, stdout=PIPE, timeout=timeout, check=True,
                 ^^^^^^^^^^^^^^^^^^^^^^^^^^^^^^^^^^^^^^^^^^^^^^^^^^^^^^^^^
        File "/home/jackfromeast/miniconda3/lib/python3.12/subprocess.py", line 548, in run
          with Popen(*popenargs, **kwargs) as process:
               ^^^^^^^^^^^^^^^^^^^^^^^^^^^
        File "/home/jackfromeast/miniconda3/lib/python3.12/subprocess.py", line 1026, in __init__
          self._execute_child(args, executable, preexec_fn, close_fds,
        File "/home/jackfromeast/miniconda3/lib/python3.12/subprocess.py", line 1950, in _execute_child
          raise child_exception_type(errno_num, err_msg, err_filename)
      FileNotFoundError: [Errno 2] No such file or directory: '/usr/bin/sw_vers'
      [end of output]
  
  note: This error originates from a subprocess, and is likely not a problem with pip.

[notice] A new release of pip is available: 25.0 -> 25.1.1
[notice] To update, run: pip install --upgrade pip
error: subprocess-exited-with-error

× Getting requirements to build wheel did not run successfully.
│ exit code: 1
╰─> See above for output.

note: This error originates from a subprocess, and is likely not a problem with pip.
 (downloader.py:241)
2025-05-27 03:43:30,287 - PipDownloader - ERROR - Failed to download package: ERROR: Could not find a version that satisfies the requirement kivy-deps-angle (from versions: none)

[notice] A new release of pip is available: 25.0 -> 25.1.1
[notice] To update, run: pip install --upgrade pip
ERROR: No matching distribution found for kivy-deps-angle
 (downloader.py:241)
2025-05-27 03:43:35,595 - PipDownloader - ERROR - Failed to download package:   error: subprocess-exited-with-error
  
  × Getting requirements to build wheel did not run successfully.
  │ exit code: 1
  ╰─> [35 lines of output]
      /tmp/pip-download-v4skbdc6/pyobjc-framework-coreservices_884c4551d3bd45eeb84ee7175e65032f/pyobjc_setup.py:15: UserWarning: pkg_resources is deprecated as an API. See https://setuptools.pypa.io/en/latest/pkg_resources.html. The pkg_resources package is slated for removal as early as 2025-11-30. Refrain from using this package or pin to Setuptools<81.
        import pkg_resources
      Traceback (most recent call last):
        File "/home/jackfromeast/miniconda3/lib/python3.12/site-packages/pip/_vendor/pyproject_hooks/_in_process/_in_process.py", line 389, in <module>
          main()
        File "/home/jackfromeast/miniconda3/lib/python3.12/site-packages/pip/_vendor/pyproject_hooks/_in_process/_in_process.py", line 373, in main
          json_out["return_val"] = hook(**hook_input["kwargs"])
                                   ^^^^^^^^^^^^^^^^^^^^^^^^^^^^
        File "/home/jackfromeast/miniconda3/lib/python3.12/site-packages/pip/_vendor/pyproject_hooks/_in_process/_in_process.py", line 143, in get_requires_for_build_wheel
          return hook(config_settings)
                 ^^^^^^^^^^^^^^^^^^^^^
        File "/tmp/pip-build-env-_0t4829b/overlay/lib/python3.12/site-packages/setuptools/build_meta.py", line 331, in get_requires_for_build_wheel
          return self._get_build_requires(config_settings, requirements=[])
                 ^^^^^^^^^^^^^^^^^^^^^^^^^^^^^^^^^^^^^^^^^^^^^^^^^^^^^^^^^^
        File "/tmp/pip-build-env-_0t4829b/overlay/lib/python3.12/site-packages/setuptools/build_meta.py", line 301, in _get_build_requires
          self.run_setup()
        File "/tmp/pip-build-env-_0t4829b/overlay/lib/python3.12/site-packages/setuptools/build_meta.py", line 317, in run_setup
          exec(code, locals())
        File "<string>", line 20, in <module>
        File "/tmp/pip-download-v4skbdc6/pyobjc-framework-coreservices_884c4551d3bd45eeb84ee7175e65032f/pyobjc_setup.py", line 585, in setup
          os_level = get_os_level()
                     ^^^^^^^^^^^^^^
        File "/tmp/pip-download-v4skbdc6/pyobjc-framework-coreservices_884c4551d3bd45eeb84ee7175e65032f/pyobjc_setup.py", line 264, in get_os_level
          subprocess.check_output(["/usr/bin/sw_vers", "-productVersion"])
        File "/home/jackfromeast/miniconda3/lib/python3.12/subprocess.py", line 466, in check_output
          return run(*popenargs, stdout=PIPE, timeout=timeout, check=True,
                 ^^^^^^^^^^^^^^^^^^^^^^^^^^^^^^^^^^^^^^^^^^^^^^^^^^^^^^^^^
        File "/home/jackfromeast/miniconda3/lib/python3.12/subprocess.py", line 548, in run
          with Popen(*popenargs, **kwargs) as process:
               ^^^^^^^^^^^^^^^^^^^^^^^^^^^
        File "/home/jackfromeast/miniconda3/lib/python3.12/subprocess.py", line 1026, in __init__
          self._execute_child(args, executable, preexec_fn, close_fds,
        File "/home/jackfromeast/miniconda3/lib/python3.12/subprocess.py", line 1950, in _execute_child
          raise child_exception_type(errno_num, err_msg, err_filename)
      FileNotFoundError: [Errno 2] No such file or directory: '/usr/bin/sw_vers'
      [end of output]
  
  note: This error originates from a subprocess, and is likely not a problem with pip.

[notice] A new release of pip is available: 25.0 -> 25.1.1
[notice] To update, run: pip install --upgrade pip
error: subprocess-exited-with-error

× Getting requirements to build wheel did not run successfully.
│ exit code: 1
╰─> See above for output.

note: This error originates from a subprocess, and is likely not a problem with pip.
 (downloader.py:241)
2025-05-27 03:44:23,452 - PipDownloader - ERROR - Failed to download package:   error: subprocess-exited-with-error
  
  × Getting requirements to build wheel did not run successfully.
  │ exit code: 1
  ╰─> [35 lines of output]
      /tmp/pip-download-j4axfp4y/pyobjc-framework-libdispatch_d14a974e651643b1bcf9783c618e1fba/pyobjc_setup.py:15: UserWarning: pkg_resources is deprecated as an API. See https://setuptools.pypa.io/en/latest/pkg_resources.html. The pkg_resources package is slated for removal as early as 2025-11-30. Refrain from using this package or pin to Setuptools<81.
        import pkg_resources
      Traceback (most recent call last):
        File "/home/jackfromeast/miniconda3/lib/python3.12/site-packages/pip/_vendor/pyproject_hooks/_in_process/_in_process.py", line 389, in <module>
          main()
        File "/home/jackfromeast/miniconda3/lib/python3.12/site-packages/pip/_vendor/pyproject_hooks/_in_process/_in_process.py", line 373, in main
          json_out["return_val"] = hook(**hook_input["kwargs"])
                                   ^^^^^^^^^^^^^^^^^^^^^^^^^^^^
        File "/home/jackfromeast/miniconda3/lib/python3.12/site-packages/pip/_vendor/pyproject_hooks/_in_process/_in_process.py", line 143, in get_requires_for_build_wheel
          return hook(config_settings)
                 ^^^^^^^^^^^^^^^^^^^^^
        File "/tmp/pip-build-env-pea9jbqt/overlay/lib/python3.12/site-packages/setuptools/build_meta.py", line 331, in get_requires_for_build_wheel
          return self._get_build_requires(config_settings, requirements=[])
                 ^^^^^^^^^^^^^^^^^^^^^^^^^^^^^^^^^^^^^^^^^^^^^^^^^^^^^^^^^^
        File "/tmp/pip-build-env-pea9jbqt/overlay/lib/python3.12/site-packages/setuptools/build_meta.py", line 301, in _get_build_requires
          self.run_setup()
        File "/tmp/pip-build-env-pea9jbqt/overlay/lib/python3.12/site-packages/setuptools/build_meta.py", line 317, in run_setup
          exec(code, locals())
        File "<string>", line 20, in <module>
        File "/tmp/pip-download-j4axfp4y/pyobjc-framework-libdispatch_d14a974e651643b1bcf9783c618e1fba/pyobjc_setup.py", line 585, in setup
          os_level = get_os_level()
                     ^^^^^^^^^^^^^^
        File "/tmp/pip-download-j4axfp4y/pyobjc-framework-libdispatch_d14a974e651643b1bcf9783c618e1fba/pyobjc_setup.py", line 264, in get_os_level
          subprocess.check_output(["/usr/bin/sw_vers", "-productVersion"])
        File "/home/jackfromeast/miniconda3/lib/python3.12/subprocess.py", line 466, in check_output
          return run(*popenargs, stdout=PIPE, timeout=timeout, check=True,
                 ^^^^^^^^^^^^^^^^^^^^^^^^^^^^^^^^^^^^^^^^^^^^^^^^^^^^^^^^^
        File "/home/jackfromeast/miniconda3/lib/python3.12/subprocess.py", line 548, in run
          with Popen(*popenargs, **kwargs) as process:
               ^^^^^^^^^^^^^^^^^^^^^^^^^^^
        File "/home/jackfromeast/miniconda3/lib/python3.12/subprocess.py", line 1026, in __init__
          self._execute_child(args, executable, preexec_fn, close_fds,
        File "/home/jackfromeast/miniconda3/lib/python3.12/subprocess.py", line 1950, in _execute_child
          raise child_exception_type(errno_num, err_msg, err_filename)
      FileNotFoundError: [Errno 2] No such file or directory: '/usr/bin/sw_vers'
      [end of output]
  
  note: This error originates from a subprocess, and is likely not a problem with pip.

[notice] A new release of pip is available: 25.0 -> 25.1.1
[notice] To update, run: pip install --upgrade pip
error: subprocess-exited-with-error

× Getting requirements to build wheel did not run successfully.
│ exit code: 1
╰─> See above for output.

note: This error originates from a subprocess, and is likely not a problem with pip.
 (downloader.py:241)
2025-05-27 03:45:04,812 - PipDownloader - ERROR - Failed to download package: ERROR: Could not find a version that satisfies the requirement trainer (from versions: none)

[notice] A new release of pip is available: 25.0 -> 25.1.1
[notice] To update, run: pip install --upgrade pip
ERROR: No matching distribution found for trainer
 (downloader.py:241)
2025-05-27 03:46:30,984 - PipDownloader - ERROR - Failed to download package: ERROR: Could not find a version that satisfies the requirement kivy-deps-glew (from versions: none)

[notice] A new release of pip is available: 25.0 -> 25.1.1
[notice] To update, run: pip install --upgrade pip
ERROR: No matching distribution found for kivy-deps-glew
 (downloader.py:241)
2025-05-27 03:48:33,787 - PipDownloader - ERROR - Failed to download package:   error: subprocess-exited-with-error
  
  × Getting requirements to build wheel did not run successfully.
  │ exit code: 1
  ╰─> [35 lines of output]
      /tmp/pip-download-vve02xrt/pyobjc-framework-coreaudio_bd3376a2707245d3ba446ebad7b56ce7/pyobjc_setup.py:15: UserWarning: pkg_resources is deprecated as an API. See https://setuptools.pypa.io/en/latest/pkg_resources.html. The pkg_resources package is slated for removal as early as 2025-11-30. Refrain from using this package or pin to Setuptools<81.
        import pkg_resources
      Traceback (most recent call last):
        File "/home/jackfromeast/miniconda3/lib/python3.12/site-packages/pip/_vendor/pyproject_hooks/_in_process/_in_process.py", line 389, in <module>
          main()
        File "/home/jackfromeast/miniconda3/lib/python3.12/site-packages/pip/_vendor/pyproject_hooks/_in_process/_in_process.py", line 373, in main
          json_out["return_val"] = hook(**hook_input["kwargs"])
                                   ^^^^^^^^^^^^^^^^^^^^^^^^^^^^
        File "/home/jackfromeast/miniconda3/lib/python3.12/site-packages/pip/_vendor/pyproject_hooks/_in_process/_in_process.py", line 143, in get_requires_for_build_wheel
          return hook(config_settings)
                 ^^^^^^^^^^^^^^^^^^^^^
        File "/tmp/pip-build-env-uibt5bfo/overlay/lib/python3.12/site-packages/setuptools/build_meta.py", line 331, in get_requires_for_build_wheel
          return self._get_build_requires(config_settings, requirements=[])
                 ^^^^^^^^^^^^^^^^^^^^^^^^^^^^^^^^^^^^^^^^^^^^^^^^^^^^^^^^^^
        File "/tmp/pip-build-env-uibt5bfo/overlay/lib/python3.12/site-packages/setuptools/build_meta.py", line 301, in _get_build_requires
          self.run_setup()
        File "/tmp/pip-build-env-uibt5bfo/overlay/lib/python3.12/site-packages/setuptools/build_meta.py", line 317, in run_setup
          exec(code, locals())
        File "<string>", line 27, in <module>
        File "/tmp/pip-download-vve02xrt/pyobjc-framework-coreaudio_bd3376a2707245d3ba446ebad7b56ce7/pyobjc_setup.py", line 585, in setup
          os_level = get_os_level()
                     ^^^^^^^^^^^^^^
        File "/tmp/pip-download-vve02xrt/pyobjc-framework-coreaudio_bd3376a2707245d3ba446ebad7b56ce7/pyobjc_setup.py", line 264, in get_os_level
          subprocess.check_output(["/usr/bin/sw_vers", "-productVersion"])
        File "/home/jackfromeast/miniconda3/lib/python3.12/subprocess.py", line 466, in check_output
          return run(*popenargs, stdout=PIPE, timeout=timeout, check=True,
                 ^^^^^^^^^^^^^^^^^^^^^^^^^^^^^^^^^^^^^^^^^^^^^^^^^^^^^^^^^
        File "/home/jackfromeast/miniconda3/lib/python3.12/subprocess.py", line 548, in run
          with Popen(*popenargs, **kwargs) as process:
               ^^^^^^^^^^^^^^^^^^^^^^^^^^^
        File "/home/jackfromeast/miniconda3/lib/python3.12/subprocess.py", line 1026, in __init__
          self._execute_child(args, executable, preexec_fn, close_fds,
        File "/home/jackfromeast/miniconda3/lib/python3.12/subprocess.py", line 1950, in _execute_child
          raise child_exception_type(errno_num, err_msg, err_filename)
      FileNotFoundError: [Errno 2] No such file or directory: '/usr/bin/sw_vers'
      [end of output]
  
  note: This error originates from a subprocess, and is likely not a problem with pip.

[notice] A new release of pip is available: 25.0 -> 25.1.1
[notice] To update, run: pip install --upgrade pip
error: subprocess-exited-with-error

× Getting requirements to build wheel did not run successfully.
│ exit code: 1
╰─> See above for output.

note: This error originates from a subprocess, and is likely not a problem with pip.
 (downloader.py:241)
2025-05-27 03:49:43,982 - PipDownloader - ERROR - Failed to download package:   error: subprocess-exited-with-error
  
  × Getting requirements to build wheel did not run successfully.
  │ exit code: 1
  ╰─> [35 lines of output]
      /tmp/pip-download-ui7nwx78/pyobjc-framework-systemconfiguration_7e1d8ffb05be4bc1ae5f60c0047f6f13/pyobjc_setup.py:15: UserWarning: pkg_resources is deprecated as an API. See https://setuptools.pypa.io/en/latest/pkg_resources.html. The pkg_resources package is slated for removal as early as 2025-11-30. Refrain from using this package or pin to Setuptools<81.
        import pkg_resources
      Traceback (most recent call last):
        File "/home/jackfromeast/miniconda3/lib/python3.12/site-packages/pip/_vendor/pyproject_hooks/_in_process/_in_process.py", line 389, in <module>
          main()
        File "/home/jackfromeast/miniconda3/lib/python3.12/site-packages/pip/_vendor/pyproject_hooks/_in_process/_in_process.py", line 373, in main
          json_out["return_val"] = hook(**hook_input["kwargs"])
                                   ^^^^^^^^^^^^^^^^^^^^^^^^^^^^
        File "/home/jackfromeast/miniconda3/lib/python3.12/site-packages/pip/_vendor/pyproject_hooks/_in_process/_in_process.py", line 143, in get_requires_for_build_wheel
          return hook(config_settings)
                 ^^^^^^^^^^^^^^^^^^^^^
        File "/tmp/pip-build-env-4t746my2/overlay/lib/python3.12/site-packages/setuptools/build_meta.py", line 331, in get_requires_for_build_wheel
          return self._get_build_requires(config_settings, requirements=[])
                 ^^^^^^^^^^^^^^^^^^^^^^^^^^^^^^^^^^^^^^^^^^^^^^^^^^^^^^^^^^
        File "/tmp/pip-build-env-4t746my2/overlay/lib/python3.12/site-packages/setuptools/build_meta.py", line 301, in _get_build_requires
          self.run_setup()
        File "/tmp/pip-build-env-4t746my2/overlay/lib/python3.12/site-packages/setuptools/build_meta.py", line 317, in run_setup
          exec(code, locals())
        File "<string>", line 20, in <module>
        File "/tmp/pip-download-ui7nwx78/pyobjc-framework-systemconfiguration_7e1d8ffb05be4bc1ae5f60c0047f6f13/pyobjc_setup.py", line 585, in setup
          os_level = get_os_level()
                     ^^^^^^^^^^^^^^
        File "/tmp/pip-download-ui7nwx78/pyobjc-framework-systemconfiguration_7e1d8ffb05be4bc1ae5f60c0047f6f13/pyobjc_setup.py", line 264, in get_os_level
          subprocess.check_output(["/usr/bin/sw_vers", "-productVersion"])
        File "/home/jackfromeast/miniconda3/lib/python3.12/subprocess.py", line 466, in check_output
          return run(*popenargs, stdout=PIPE, timeout=timeout, check=True,
                 ^^^^^^^^^^^^^^^^^^^^^^^^^^^^^^^^^^^^^^^^^^^^^^^^^^^^^^^^^
        File "/home/jackfromeast/miniconda3/lib/python3.12/subprocess.py", line 548, in run
          with Popen(*popenargs, **kwargs) as process:
               ^^^^^^^^^^^^^^^^^^^^^^^^^^^
        File "/home/jackfromeast/miniconda3/lib/python3.12/subprocess.py", line 1026, in __init__
          self._execute_child(args, executable, preexec_fn, close_fds,
        File "/home/jackfromeast/miniconda3/lib/python3.12/subprocess.py", line 1950, in _execute_child
          raise child_exception_type(errno_num, err_msg, err_filename)
      FileNotFoundError: [Errno 2] No such file or directory: '/usr/bin/sw_vers'
      [end of output]
  
  note: This error originates from a subprocess, and is likely not a problem with pip.

[notice] A new release of pip is available: 25.0 -> 25.1.1
[notice] To update, run: pip install --upgrade pip
error: subprocess-exited-with-error

× Getting requirements to build wheel did not run successfully.
│ exit code: 1
╰─> See above for output.

note: This error originates from a subprocess, and is likely not a problem with pip.
 (downloader.py:241)
2025-05-27 03:52:09,888 - PipDownloader - ERROR - Failed to download package:   error: subprocess-exited-with-error
  
  × Getting requirements to build wheel did not run successfully.
  │ exit code: 1
  ╰─> [35 lines of output]
      /tmp/pip-download-ka2gn_9r/pyobjc-framework-addressbook_da64c77aa2cf44788e5e2c5a1ac0c206/pyobjc_setup.py:15: UserWarning: pkg_resources is deprecated as an API. See https://setuptools.pypa.io/en/latest/pkg_resources.html. The pkg_resources package is slated for removal as early as 2025-11-30. Refrain from using this package or pin to Setuptools<81.
        import pkg_resources
      Traceback (most recent call last):
        File "/home/jackfromeast/miniconda3/lib/python3.12/site-packages/pip/_vendor/pyproject_hooks/_in_process/_in_process.py", line 389, in <module>
          main()
        File "/home/jackfromeast/miniconda3/lib/python3.12/site-packages/pip/_vendor/pyproject_hooks/_in_process/_in_process.py", line 373, in main
          json_out["return_val"] = hook(**hook_input["kwargs"])
                                   ^^^^^^^^^^^^^^^^^^^^^^^^^^^^
        File "/home/jackfromeast/miniconda3/lib/python3.12/site-packages/pip/_vendor/pyproject_hooks/_in_process/_in_process.py", line 143, in get_requires_for_build_wheel
          return hook(config_settings)
                 ^^^^^^^^^^^^^^^^^^^^^
        File "/tmp/pip-build-env-ncj6rnkf/overlay/lib/python3.12/site-packages/setuptools/build_meta.py", line 331, in get_requires_for_build_wheel
          return self._get_build_requires(config_settings, requirements=[])
                 ^^^^^^^^^^^^^^^^^^^^^^^^^^^^^^^^^^^^^^^^^^^^^^^^^^^^^^^^^^
        File "/tmp/pip-build-env-ncj6rnkf/overlay/lib/python3.12/site-packages/setuptools/build_meta.py", line 301, in _get_build_requires
          self.run_setup()
        File "/tmp/pip-build-env-ncj6rnkf/overlay/lib/python3.12/site-packages/setuptools/build_meta.py", line 317, in run_setup
          exec(code, locals())
        File "<string>", line 22, in <module>
        File "/tmp/pip-download-ka2gn_9r/pyobjc-framework-addressbook_da64c77aa2cf44788e5e2c5a1ac0c206/pyobjc_setup.py", line 585, in setup
          os_level = get_os_level()
                     ^^^^^^^^^^^^^^
        File "/tmp/pip-download-ka2gn_9r/pyobjc-framework-addressbook_da64c77aa2cf44788e5e2c5a1ac0c206/pyobjc_setup.py", line 264, in get_os_level
          subprocess.check_output(["/usr/bin/sw_vers", "-productVersion"])
        File "/home/jackfromeast/miniconda3/lib/python3.12/subprocess.py", line 466, in check_output
          return run(*popenargs, stdout=PIPE, timeout=timeout, check=True,
                 ^^^^^^^^^^^^^^^^^^^^^^^^^^^^^^^^^^^^^^^^^^^^^^^^^^^^^^^^^
        File "/home/jackfromeast/miniconda3/lib/python3.12/subprocess.py", line 548, in run
          with Popen(*popenargs, **kwargs) as process:
               ^^^^^^^^^^^^^^^^^^^^^^^^^^^
        File "/home/jackfromeast/miniconda3/lib/python3.12/subprocess.py", line 1026, in __init__
          self._execute_child(args, executable, preexec_fn, close_fds,
        File "/home/jackfromeast/miniconda3/lib/python3.12/subprocess.py", line 1950, in _execute_child
          raise child_exception_type(errno_num, err_msg, err_filename)
      FileNotFoundError: [Errno 2] No such file or directory: '/usr/bin/sw_vers'
      [end of output]
  
  note: This error originates from a subprocess, and is likely not a problem with pip.

[notice] A new release of pip is available: 25.0 -> 25.1.1
[notice] To update, run: pip install --upgrade pip
error: subprocess-exited-with-error

× Getting requirements to build wheel did not run successfully.
│ exit code: 1
╰─> See above for output.

note: This error originates from a subprocess, and is likely not a problem with pip.
 (downloader.py:241)
2025-05-27 03:53:35,136 - PipDownloader - ERROR - Failed to download package:   error: subprocess-exited-with-error
  
  × Getting requirements to build wheel did not run successfully.
  │ exit code: 1
  ╰─> [35 lines of output]
      /tmp/pip-download-_khyv7h1/pyobjc-framework-fsevents_38010b19b3df424b9bfc5aeab6fc68bb/pyobjc_setup.py:15: UserWarning: pkg_resources is deprecated as an API. See https://setuptools.pypa.io/en/latest/pkg_resources.html. The pkg_resources package is slated for removal as early as 2025-11-30. Refrain from using this package or pin to Setuptools<81.
        import pkg_resources
      Traceback (most recent call last):
        File "/home/jackfromeast/miniconda3/lib/python3.12/site-packages/pip/_vendor/pyproject_hooks/_in_process/_in_process.py", line 389, in <module>
          main()
        File "/home/jackfromeast/miniconda3/lib/python3.12/site-packages/pip/_vendor/pyproject_hooks/_in_process/_in_process.py", line 373, in main
          json_out["return_val"] = hook(**hook_input["kwargs"])
                                   ^^^^^^^^^^^^^^^^^^^^^^^^^^^^
        File "/home/jackfromeast/miniconda3/lib/python3.12/site-packages/pip/_vendor/pyproject_hooks/_in_process/_in_process.py", line 143, in get_requires_for_build_wheel
          return hook(config_settings)
                 ^^^^^^^^^^^^^^^^^^^^^
        File "/tmp/pip-build-env-5_qty62p/overlay/lib/python3.12/site-packages/setuptools/build_meta.py", line 331, in get_requires_for_build_wheel
          return self._get_build_requires(config_settings, requirements=[])
                 ^^^^^^^^^^^^^^^^^^^^^^^^^^^^^^^^^^^^^^^^^^^^^^^^^^^^^^^^^^
        File "/tmp/pip-build-env-5_qty62p/overlay/lib/python3.12/site-packages/setuptools/build_meta.py", line 301, in _get_build_requires
          self.run_setup()
        File "/tmp/pip-build-env-5_qty62p/overlay/lib/python3.12/site-packages/setuptools/build_meta.py", line 317, in run_setup
          exec(code, locals())
        File "<string>", line 22, in <module>
        File "/tmp/pip-download-_khyv7h1/pyobjc-framework-fsevents_38010b19b3df424b9bfc5aeab6fc68bb/pyobjc_setup.py", line 585, in setup
          os_level = get_os_level()
                     ^^^^^^^^^^^^^^
        File "/tmp/pip-download-_khyv7h1/pyobjc-framework-fsevents_38010b19b3df424b9bfc5aeab6fc68bb/pyobjc_setup.py", line 264, in get_os_level
          subprocess.check_output(["/usr/bin/sw_vers", "-productVersion"])
        File "/home/jackfromeast/miniconda3/lib/python3.12/subprocess.py", line 466, in check_output
          return run(*popenargs, stdout=PIPE, timeout=timeout, check=True,
                 ^^^^^^^^^^^^^^^^^^^^^^^^^^^^^^^^^^^^^^^^^^^^^^^^^^^^^^^^^
        File "/home/jackfromeast/miniconda3/lib/python3.12/subprocess.py", line 548, in run
          with Popen(*popenargs, **kwargs) as process:
               ^^^^^^^^^^^^^^^^^^^^^^^^^^^
        File "/home/jackfromeast/miniconda3/lib/python3.12/subprocess.py", line 1026, in __init__
          self._execute_child(args, executable, preexec_fn, close_fds,
        File "/home/jackfromeast/miniconda3/lib/python3.12/subprocess.py", line 1950, in _execute_child
          raise child_exception_type(errno_num, err_msg, err_filename)
      FileNotFoundError: [Errno 2] No such file or directory: '/usr/bin/sw_vers'
      [end of output]
  
  note: This error originates from a subprocess, and is likely not a problem with pip.

[notice] A new release of pip is available: 25.0 -> 25.1.1
[notice] To update, run: pip install --upgrade pip
error: subprocess-exited-with-error

× Getting requirements to build wheel did not run successfully.
│ exit code: 1
╰─> See above for output.

note: This error originates from a subprocess, and is likely not a problem with pip.
 (downloader.py:241)
2025-05-27 03:53:52,403 - PipDownloader - ERROR - Failed to download package:   error: subprocess-exited-with-error
  
  × Getting requirements to build wheel did not run successfully.
  │ exit code: 1
  ╰─> [35 lines of output]
      /tmp/pip-download-mtpzkxlw/pyobjc-framework-cfnetwork_dea4543869e64b8da0af8e93037fa8db/pyobjc_setup.py:15: UserWarning: pkg_resources is deprecated as an API. See https://setuptools.pypa.io/en/latest/pkg_resources.html. The pkg_resources package is slated for removal as early as 2025-11-30. Refrain from using this package or pin to Setuptools<81.
        import pkg_resources
      Traceback (most recent call last):
        File "/home/jackfromeast/miniconda3/lib/python3.12/site-packages/pip/_vendor/pyproject_hooks/_in_process/_in_process.py", line 389, in <module>
          main()
        File "/home/jackfromeast/miniconda3/lib/python3.12/site-packages/pip/_vendor/pyproject_hooks/_in_process/_in_process.py", line 373, in main
          json_out["return_val"] = hook(**hook_input["kwargs"])
                                   ^^^^^^^^^^^^^^^^^^^^^^^^^^^^
        File "/home/jackfromeast/miniconda3/lib/python3.12/site-packages/pip/_vendor/pyproject_hooks/_in_process/_in_process.py", line 143, in get_requires_for_build_wheel
          return hook(config_settings)
                 ^^^^^^^^^^^^^^^^^^^^^
        File "/tmp/pip-build-env-dwcnlukx/overlay/lib/python3.12/site-packages/setuptools/build_meta.py", line 331, in get_requires_for_build_wheel
          return self._get_build_requires(config_settings, requirements=[])
                 ^^^^^^^^^^^^^^^^^^^^^^^^^^^^^^^^^^^^^^^^^^^^^^^^^^^^^^^^^^
        File "/tmp/pip-build-env-dwcnlukx/overlay/lib/python3.12/site-packages/setuptools/build_meta.py", line 301, in _get_build_requires
          self.run_setup()
        File "/tmp/pip-build-env-dwcnlukx/overlay/lib/python3.12/site-packages/setuptools/build_meta.py", line 317, in run_setup
          exec(code, locals())
        File "<string>", line 26, in <module>
        File "/tmp/pip-download-mtpzkxlw/pyobjc-framework-cfnetwork_dea4543869e64b8da0af8e93037fa8db/pyobjc_setup.py", line 585, in setup
          os_level = get_os_level()
                     ^^^^^^^^^^^^^^
        File "/tmp/pip-download-mtpzkxlw/pyobjc-framework-cfnetwork_dea4543869e64b8da0af8e93037fa8db/pyobjc_setup.py", line 264, in get_os_level
          subprocess.check_output(["/usr/bin/sw_vers", "-productVersion"])
        File "/home/jackfromeast/miniconda3/lib/python3.12/subprocess.py", line 466, in check_output
          return run(*popenargs, stdout=PIPE, timeout=timeout, check=True,
                 ^^^^^^^^^^^^^^^^^^^^^^^^^^^^^^^^^^^^^^^^^^^^^^^^^^^^^^^^^
        File "/home/jackfromeast/miniconda3/lib/python3.12/subprocess.py", line 548, in run
          with Popen(*popenargs, **kwargs) as process:
               ^^^^^^^^^^^^^^^^^^^^^^^^^^^
        File "/home/jackfromeast/miniconda3/lib/python3.12/subprocess.py", line 1026, in __init__
          self._execute_child(args, executable, preexec_fn, close_fds,
        File "/home/jackfromeast/miniconda3/lib/python3.12/subprocess.py", line 1950, in _execute_child
          raise child_exception_type(errno_num, err_msg, err_filename)
      FileNotFoundError: [Errno 2] No such file or directory: '/usr/bin/sw_vers'
      [end of output]
  
  note: This error originates from a subprocess, and is likely not a problem with pip.

[notice] A new release of pip is available: 25.0 -> 25.1.1
[notice] To update, run: pip install --upgrade pip
error: subprocess-exited-with-error

× Getting requirements to build wheel did not run successfully.
│ exit code: 1
╰─> See above for output.

note: This error originates from a subprocess, and is likely not a problem with pip.
 (downloader.py:241)
2025-05-27 03:53:55,002 - PipDownloader - ERROR - Failed to download package:   error: subprocess-exited-with-error
  
  × Getting requirements to build wheel did not run successfully.
  │ exit code: 1
  ╰─> [35 lines of output]
      /tmp/pip-download-ryllvidj/pyobjc-framework-automator_1082f9e9f030412da0eea9f5d0809269/pyobjc_setup.py:15: UserWarning: pkg_resources is deprecated as an API. See https://setuptools.pypa.io/en/latest/pkg_resources.html. The pkg_resources package is slated for removal as early as 2025-11-30. Refrain from using this package or pin to Setuptools<81.
        import pkg_resources
      Traceback (most recent call last):
        File "/home/jackfromeast/miniconda3/lib/python3.12/site-packages/pip/_vendor/pyproject_hooks/_in_process/_in_process.py", line 389, in <module>
          main()
        File "/home/jackfromeast/miniconda3/lib/python3.12/site-packages/pip/_vendor/pyproject_hooks/_in_process/_in_process.py", line 373, in main
          json_out["return_val"] = hook(**hook_input["kwargs"])
                                   ^^^^^^^^^^^^^^^^^^^^^^^^^^^^
        File "/home/jackfromeast/miniconda3/lib/python3.12/site-packages/pip/_vendor/pyproject_hooks/_in_process/_in_process.py", line 143, in get_requires_for_build_wheel
          return hook(config_settings)
                 ^^^^^^^^^^^^^^^^^^^^^
        File "/tmp/pip-build-env-zll2nlo_/overlay/lib/python3.12/site-packages/setuptools/build_meta.py", line 331, in get_requires_for_build_wheel
          return self._get_build_requires(config_settings, requirements=[])
                 ^^^^^^^^^^^^^^^^^^^^^^^^^^^^^^^^^^^^^^^^^^^^^^^^^^^^^^^^^^
        File "/tmp/pip-build-env-zll2nlo_/overlay/lib/python3.12/site-packages/setuptools/build_meta.py", line 301, in _get_build_requires
          self.run_setup()
        File "/tmp/pip-build-env-zll2nlo_/overlay/lib/python3.12/site-packages/setuptools/build_meta.py", line 317, in run_setup
          exec(code, locals())
        File "<string>", line 23, in <module>
        File "/tmp/pip-download-ryllvidj/pyobjc-framework-automator_1082f9e9f030412da0eea9f5d0809269/pyobjc_setup.py", line 585, in setup
          os_level = get_os_level()
                     ^^^^^^^^^^^^^^
        File "/tmp/pip-download-ryllvidj/pyobjc-framework-automator_1082f9e9f030412da0eea9f5d0809269/pyobjc_setup.py", line 264, in get_os_level
          subprocess.check_output(["/usr/bin/sw_vers", "-productVersion"])
        File "/home/jackfromeast/miniconda3/lib/python3.12/subprocess.py", line 466, in check_output
          return run(*popenargs, stdout=PIPE, timeout=timeout, check=True,
                 ^^^^^^^^^^^^^^^^^^^^^^^^^^^^^^^^^^^^^^^^^^^^^^^^^^^^^^^^^
        File "/home/jackfromeast/miniconda3/lib/python3.12/subprocess.py", line 548, in run
          with Popen(*popenargs, **kwargs) as process:
               ^^^^^^^^^^^^^^^^^^^^^^^^^^^
        File "/home/jackfromeast/miniconda3/lib/python3.12/subprocess.py", line 1026, in __init__
          self._execute_child(args, executable, preexec_fn, close_fds,
        File "/home/jackfromeast/miniconda3/lib/python3.12/subprocess.py", line 1950, in _execute_child
          raise child_exception_type(errno_num, err_msg, err_filename)
      FileNotFoundError: [Errno 2] No such file or directory: '/usr/bin/sw_vers'
      [end of output]
  
  note: This error originates from a subprocess, and is likely not a problem with pip.

[notice] A new release of pip is available: 25.0 -> 25.1.1
[notice] To update, run: pip install --upgrade pip
error: subprocess-exited-with-error

× Getting requirements to build wheel did not run successfully.
│ exit code: 1
╰─> See above for output.

note: This error originates from a subprocess, and is likely not a problem with pip.
 (downloader.py:241)
2025-05-27 03:54:39,542 - PipDownloader - ERROR - Failed to download package:   error: subprocess-exited-with-error
  
  × python setup.py egg_info did not run successfully.
  │ exit code: 1
  ╰─> [18 lines of output]
      Traceback (most recent call last):
        File "<string>", line 2, in <module>
        File "<pip-setuptools-caller>", line 14, in <module>
        File "/home/jackfromeast/miniconda3/lib/python3.12/site-packages/setuptools/__init__.py", line 13, in <module>
          from . import version as _version_module
        File "/home/jackfromeast/miniconda3/lib/python3.12/site-packages/setuptools/version.py", line 1, in <module>
          from ._importlib import metadata
        File "/home/jackfromeast/miniconda3/lib/python3.12/site-packages/setuptools/_importlib.py", line 45, in <module>
          import importlib.metadata as metadata  # noqa: F401
          ^^^^^^^^^^^^^^^^^^^^^^^^^^^^^^^^^^^^^
        File "/home/jackfromeast/miniconda3/lib/python3.12/importlib/metadata/__init__.py", line 19, in <module>
          from . import _adapters, _meta
        File "/home/jackfromeast/miniconda3/lib/python3.12/importlib/metadata/_adapters.py", line 5, in <module>
          import email.message
        File "/tmp/pip-download-rno_mqz3/email_85c8e82bc6cb4976aebbf40fdb99896c/email/message.py", line 255
          if str(charset) <> charset.get_output_charset():
                          ^^
      SyntaxError: invalid syntax
      [end of output]
  
  note: This error originates from a subprocess, and is likely not a problem with pip.

[notice] A new release of pip is available: 25.0 -> 25.1.1
[notice] To update, run: pip install --upgrade pip
error: metadata-generation-failed

× Encountered error while generating package metadata.
╰─> See above for output.

note: This is an issue with the package mentioned above, not pip.
hint: See above for details.
 (downloader.py:241)
2025-05-27 03:54:47,934 - PipDownloader - ERROR - Failed to download package:   error: subprocess-exited-with-error
  
  × Getting requirements to build wheel did not run successfully.
  │ exit code: 1
  ╰─> [35 lines of output]
      /tmp/pip-download-anx9yz3_/pyobjc-framework-coredata_3792be8eb8c94c2fab238d99e3a56ca2/pyobjc_setup.py:15: UserWarning: pkg_resources is deprecated as an API. See https://setuptools.pypa.io/en/latest/pkg_resources.html. The pkg_resources package is slated for removal as early as 2025-11-30. Refrain from using this package or pin to Setuptools<81.
        import pkg_resources
      Traceback (most recent call last):
        File "/home/jackfromeast/miniconda3/lib/python3.12/site-packages/pip/_vendor/pyproject_hooks/_in_process/_in_process.py", line 389, in <module>
          main()
        File "/home/jackfromeast/miniconda3/lib/python3.12/site-packages/pip/_vendor/pyproject_hooks/_in_process/_in_process.py", line 373, in main
          json_out["return_val"] = hook(**hook_input["kwargs"])
                                   ^^^^^^^^^^^^^^^^^^^^^^^^^^^^
        File "/home/jackfromeast/miniconda3/lib/python3.12/site-packages/pip/_vendor/pyproject_hooks/_in_process/_in_process.py", line 143, in get_requires_for_build_wheel
          return hook(config_settings)
                 ^^^^^^^^^^^^^^^^^^^^^
        File "/tmp/pip-build-env-l6zwwm4f/overlay/lib/python3.12/site-packages/setuptools/build_meta.py", line 331, in get_requires_for_build_wheel
          return self._get_build_requires(config_settings, requirements=[])
                 ^^^^^^^^^^^^^^^^^^^^^^^^^^^^^^^^^^^^^^^^^^^^^^^^^^^^^^^^^^
        File "/tmp/pip-build-env-l6zwwm4f/overlay/lib/python3.12/site-packages/setuptools/build_meta.py", line 301, in _get_build_requires
          self.run_setup()
        File "/tmp/pip-build-env-l6zwwm4f/overlay/lib/python3.12/site-packages/setuptools/build_meta.py", line 317, in run_setup
          exec(code, locals())
        File "<string>", line 22, in <module>
        File "/tmp/pip-download-anx9yz3_/pyobjc-framework-coredata_3792be8eb8c94c2fab238d99e3a56ca2/pyobjc_setup.py", line 585, in setup
          os_level = get_os_level()
                     ^^^^^^^^^^^^^^
        File "/tmp/pip-download-anx9yz3_/pyobjc-framework-coredata_3792be8eb8c94c2fab238d99e3a56ca2/pyobjc_setup.py", line 264, in get_os_level
          subprocess.check_output(["/usr/bin/sw_vers", "-productVersion"])
        File "/home/jackfromeast/miniconda3/lib/python3.12/subprocess.py", line 466, in check_output
          return run(*popenargs, stdout=PIPE, timeout=timeout, check=True,
                 ^^^^^^^^^^^^^^^^^^^^^^^^^^^^^^^^^^^^^^^^^^^^^^^^^^^^^^^^^
        File "/home/jackfromeast/miniconda3/lib/python3.12/subprocess.py", line 548, in run
          with Popen(*popenargs, **kwargs) as process:
               ^^^^^^^^^^^^^^^^^^^^^^^^^^^
        File "/home/jackfromeast/miniconda3/lib/python3.12/subprocess.py", line 1026, in __init__
          self._execute_child(args, executable, preexec_fn, close_fds,
        File "/home/jackfromeast/miniconda3/lib/python3.12/subprocess.py", line 1950, in _execute_child
          raise child_exception_type(errno_num, err_msg, err_filename)
      FileNotFoundError: [Errno 2] No such file or directory: '/usr/bin/sw_vers'
      [end of output]
  
  note: This error originates from a subprocess, and is likely not a problem with pip.

[notice] A new release of pip is available: 25.0 -> 25.1.1
[notice] To update, run: pip install --upgrade pip
error: subprocess-exited-with-error

× Getting requirements to build wheel did not run successfully.
│ exit code: 1
╰─> See above for output.

note: This error originates from a subprocess, and is likely not a problem with pip.
 (downloader.py:241)
2025-05-27 03:55:09,514 - PipDownloader - ERROR - Failed to download package:   error: subprocess-exited-with-error
  
  × Getting requirements to build wheel did not run successfully.
  │ exit code: 1
  ╰─> [35 lines of output]
      /tmp/pip-download-x1q_91cr/pyobjc-framework-security_5558ae02ca094710add4f9d12ffd04ce/pyobjc_setup.py:15: UserWarning: pkg_resources is deprecated as an API. See https://setuptools.pypa.io/en/latest/pkg_resources.html. The pkg_resources package is slated for removal as early as 2025-11-30. Refrain from using this package or pin to Setuptools<81.
        import pkg_resources
      Traceback (most recent call last):
        File "/home/jackfromeast/miniconda3/lib/python3.12/site-packages/pip/_vendor/pyproject_hooks/_in_process/_in_process.py", line 389, in <module>
          main()
        File "/home/jackfromeast/miniconda3/lib/python3.12/site-packages/pip/_vendor/pyproject_hooks/_in_process/_in_process.py", line 373, in main
          json_out["return_val"] = hook(**hook_input["kwargs"])
                                   ^^^^^^^^^^^^^^^^^^^^^^^^^^^^
        File "/home/jackfromeast/miniconda3/lib/python3.12/site-packages/pip/_vendor/pyproject_hooks/_in_process/_in_process.py", line 143, in get_requires_for_build_wheel
          return hook(config_settings)
                 ^^^^^^^^^^^^^^^^^^^^^
        File "/tmp/pip-build-env-m5bkm882/overlay/lib/python3.12/site-packages/setuptools/build_meta.py", line 331, in get_requires_for_build_wheel
          return self._get_build_requires(config_settings, requirements=[])
                 ^^^^^^^^^^^^^^^^^^^^^^^^^^^^^^^^^^^^^^^^^^^^^^^^^^^^^^^^^^
        File "/tmp/pip-build-env-m5bkm882/overlay/lib/python3.12/site-packages/setuptools/build_meta.py", line 301, in _get_build_requires
          self.run_setup()
        File "/tmp/pip-build-env-m5bkm882/overlay/lib/python3.12/site-packages/setuptools/build_meta.py", line 317, in run_setup
          exec(code, locals())
        File "<string>", line 20, in <module>
        File "/tmp/pip-download-x1q_91cr/pyobjc-framework-security_5558ae02ca094710add4f9d12ffd04ce/pyobjc_setup.py", line 585, in setup
          os_level = get_os_level()
                     ^^^^^^^^^^^^^^
        File "/tmp/pip-download-x1q_91cr/pyobjc-framework-security_5558ae02ca094710add4f9d12ffd04ce/pyobjc_setup.py", line 264, in get_os_level
          subprocess.check_output(["/usr/bin/sw_vers", "-productVersion"])
        File "/home/jackfromeast/miniconda3/lib/python3.12/subprocess.py", line 466, in check_output
          return run(*popenargs, stdout=PIPE, timeout=timeout, check=True,
                 ^^^^^^^^^^^^^^^^^^^^^^^^^^^^^^^^^^^^^^^^^^^^^^^^^^^^^^^^^
        File "/home/jackfromeast/miniconda3/lib/python3.12/subprocess.py", line 548, in run
          with Popen(*popenargs, **kwargs) as process:
               ^^^^^^^^^^^^^^^^^^^^^^^^^^^
        File "/home/jackfromeast/miniconda3/lib/python3.12/subprocess.py", line 1026, in __init__
          self._execute_child(args, executable, preexec_fn, close_fds,
        File "/home/jackfromeast/miniconda3/lib/python3.12/subprocess.py", line 1950, in _execute_child
          raise child_exception_type(errno_num, err_msg, err_filename)
      FileNotFoundError: [Errno 2] No such file or directory: '/usr/bin/sw_vers'
      [end of output]
  
  note: This error originates from a subprocess, and is likely not a problem with pip.

[notice] A new release of pip is available: 25.0 -> 25.1.1
[notice] To update, run: pip install --upgrade pip
error: subprocess-exited-with-error

× Getting requirements to build wheel did not run successfully.
│ exit code: 1
╰─> See above for output.

note: This error originates from a subprocess, and is likely not a problem with pip.
 (downloader.py:241)
2025-05-27 03:55:57,205 - PipDownloader - ERROR - Failed to download package:   error: subprocess-exited-with-error
  
  × python setup.py egg_info did not run successfully.
  │ exit code: 1
  ╰─> [22 lines of output]
      /tmp/pip-download-lofryzum/pyxb_18dd1f295a5f46bc95f2782b5de8dcd6/setup.py:81: SyntaxWarning: invalid escape sequence '\.'
        __TestFile_re = re.compile('^test.*\.py$')
      /tmp/pip-download-lofryzum/pyxb_18dd1f295a5f46bc95f2782b5de8dcd6/setup.py:180: SyntaxWarning: invalid escape sequence '\.'
        init_re = re.compile('^__init__\.py$')
      /tmp/pip-download-lofryzum/pyxb_18dd1f295a5f46bc95f2782b5de8dcd6/setup.py:181: SyntaxWarning: invalid escape sequence '\.'
        wxs_re = re.compile('^.*\.wxs$')
      /tmp/pip-download-lofryzum/pyxb_18dd1f295a5f46bc95f2782b5de8dcd6/pyxb/utils/utility.py:977: SyntaxWarning: invalid escape sequence '\d'
        __Lexical_re = re.compile('^([-+])(\d\d):(\d\d)$')
      /tmp/pip-download-lofryzum/pyxb_18dd1f295a5f46bc95f2782b5de8dcd6/pyxb/utils/utility.py:1150: SyntaxWarning: invalid escape sequence '\.'
        """Provide a list of absolute paths to files present in any of a
      Traceback (most recent call last):
        File "<string>", line 2, in <module>
        File "<pip-setuptools-caller>", line 34, in <module>
        File "/tmp/pip-download-lofryzum/pyxb_18dd1f295a5f46bc95f2782b5de8dcd6/setup.py", line 172, in <module>
          import pyxb.utils.utility
        File "/tmp/pip-download-lofryzum/pyxb_18dd1f295a5f46bc95f2782b5de8dcd6/pyxb/__init__.py", line 76, in <module>
          import pyxb.namespace
        File "/tmp/pip-download-lofryzum/pyxb_18dd1f295a5f46bc95f2782b5de8dcd6/pyxb/namespace/__init__.py", line 24, in <module>
          import pyxb.utils.utility
        File "/tmp/pip-download-lofryzum/pyxb_18dd1f295a5f46bc95f2782b5de8dcd6/pyxb/utils/utility.py", line 22, in <module>
          from pyxb.utils.six.moves.urllib import parse as urlparse
      ModuleNotFoundError: No module named 'pyxb.utils.six.moves'
      [end of output]
  
  note: This error originates from a subprocess, and is likely not a problem with pip.

[notice] A new release of pip is available: 25.0 -> 25.1.1
[notice] To update, run: pip install --upgrade pip
error: metadata-generation-failed

× Encountered error while generating package metadata.
╰─> See above for output.

note: This is an issue with the package mentioned above, not pip.
hint: See above for details.
 (downloader.py:241)
2025-05-27 03:57:04,406 - PipDownloader - ERROR - Failed to download package:   error: subprocess-exited-with-error
  
  × Getting requirements to build wheel did not run successfully.
  │ exit code: 1
  ╰─> [35 lines of output]
      /tmp/pip-download-sncakwkp/pyobjc-framework-coremedia_a9eab8349ebb40feb6be35bfefffb3f6/pyobjc_setup.py:15: UserWarning: pkg_resources is deprecated as an API. See https://setuptools.pypa.io/en/latest/pkg_resources.html. The pkg_resources package is slated for removal as early as 2025-11-30. Refrain from using this package or pin to Setuptools<81.
        import pkg_resources
      Traceback (most recent call last):
        File "/home/jackfromeast/miniconda3/lib/python3.12/site-packages/pip/_vendor/pyproject_hooks/_in_process/_in_process.py", line 389, in <module>
          main()
        File "/home/jackfromeast/miniconda3/lib/python3.12/site-packages/pip/_vendor/pyproject_hooks/_in_process/_in_process.py", line 373, in main
          json_out["return_val"] = hook(**hook_input["kwargs"])
                                   ^^^^^^^^^^^^^^^^^^^^^^^^^^^^
        File "/home/jackfromeast/miniconda3/lib/python3.12/site-packages/pip/_vendor/pyproject_hooks/_in_process/_in_process.py", line 143, in get_requires_for_build_wheel
          return hook(config_settings)
                 ^^^^^^^^^^^^^^^^^^^^^
        File "/tmp/pip-build-env-0kcphc10/overlay/lib/python3.12/site-packages/setuptools/build_meta.py", line 331, in get_requires_for_build_wheel
          return self._get_build_requires(config_settings, requirements=[])
                 ^^^^^^^^^^^^^^^^^^^^^^^^^^^^^^^^^^^^^^^^^^^^^^^^^^^^^^^^^^
        File "/tmp/pip-build-env-0kcphc10/overlay/lib/python3.12/site-packages/setuptools/build_meta.py", line 301, in _get_build_requires
          self.run_setup()
        File "/tmp/pip-build-env-0kcphc10/overlay/lib/python3.12/site-packages/setuptools/build_meta.py", line 317, in run_setup
          exec(code, locals())
        File "<string>", line 20, in <module>
        File "/tmp/pip-download-sncakwkp/pyobjc-framework-coremedia_a9eab8349ebb40feb6be35bfefffb3f6/pyobjc_setup.py", line 585, in setup
          os_level = get_os_level()
                     ^^^^^^^^^^^^^^
        File "/tmp/pip-download-sncakwkp/pyobjc-framework-coremedia_a9eab8349ebb40feb6be35bfefffb3f6/pyobjc_setup.py", line 264, in get_os_level
          subprocess.check_output(["/usr/bin/sw_vers", "-productVersion"])
        File "/home/jackfromeast/miniconda3/lib/python3.12/subprocess.py", line 466, in check_output
          return run(*popenargs, stdout=PIPE, timeout=timeout, check=True,
                 ^^^^^^^^^^^^^^^^^^^^^^^^^^^^^^^^^^^^^^^^^^^^^^^^^^^^^^^^^
        File "/home/jackfromeast/miniconda3/lib/python3.12/subprocess.py", line 548, in run
          with Popen(*popenargs, **kwargs) as process:
               ^^^^^^^^^^^^^^^^^^^^^^^^^^^
        File "/home/jackfromeast/miniconda3/lib/python3.12/subprocess.py", line 1026, in __init__
          self._execute_child(args, executable, preexec_fn, close_fds,
        File "/home/jackfromeast/miniconda3/lib/python3.12/subprocess.py", line 1950, in _execute_child
          raise child_exception_type(errno_num, err_msg, err_filename)
      FileNotFoundError: [Errno 2] No such file or directory: '/usr/bin/sw_vers'
      [end of output]
  
  note: This error originates from a subprocess, and is likely not a problem with pip.

[notice] A new release of pip is available: 25.0 -> 25.1.1
[notice] To update, run: pip install --upgrade pip
error: subprocess-exited-with-error

× Getting requirements to build wheel did not run successfully.
│ exit code: 1
╰─> See above for output.

note: This error originates from a subprocess, and is likely not a problem with pip.
 (downloader.py:241)
2025-05-27 03:57:23,570 - PipDownloader - ERROR - Failed to download package:   error: subprocess-exited-with-error
  
  × Getting requirements to build wheel did not run successfully.
  │ exit code: 1
  ╰─> [35 lines of output]
      /tmp/pip-download-hl_s4pfm/pyobjc-framework-coreaudiokit_9c88b00a316d466ca0c42b0688c6f804/pyobjc_setup.py:15: UserWarning: pkg_resources is deprecated as an API. See https://setuptools.pypa.io/en/latest/pkg_resources.html. The pkg_resources package is slated for removal as early as 2025-11-30. Refrain from using this package or pin to Setuptools<81.
        import pkg_resources
      Traceback (most recent call last):
        File "/home/jackfromeast/miniconda3/lib/python3.12/site-packages/pip/_vendor/pyproject_hooks/_in_process/_in_process.py", line 389, in <module>
          main()
        File "/home/jackfromeast/miniconda3/lib/python3.12/site-packages/pip/_vendor/pyproject_hooks/_in_process/_in_process.py", line 373, in main
          json_out["return_val"] = hook(**hook_input["kwargs"])
                                   ^^^^^^^^^^^^^^^^^^^^^^^^^^^^
        File "/home/jackfromeast/miniconda3/lib/python3.12/site-packages/pip/_vendor/pyproject_hooks/_in_process/_in_process.py", line 143, in get_requires_for_build_wheel
          return hook(config_settings)
                 ^^^^^^^^^^^^^^^^^^^^^
        File "/tmp/pip-build-env-f8evpydc/overlay/lib/python3.12/site-packages/setuptools/build_meta.py", line 331, in get_requires_for_build_wheel
          return self._get_build_requires(config_settings, requirements=[])
                 ^^^^^^^^^^^^^^^^^^^^^^^^^^^^^^^^^^^^^^^^^^^^^^^^^^^^^^^^^^
        File "/tmp/pip-build-env-f8evpydc/overlay/lib/python3.12/site-packages/setuptools/build_meta.py", line 301, in _get_build_requires
          self.run_setup()
        File "/tmp/pip-build-env-f8evpydc/overlay/lib/python3.12/site-packages/setuptools/build_meta.py", line 317, in run_setup
          exec(code, locals())
        File "<string>", line 24, in <module>
        File "/tmp/pip-download-hl_s4pfm/pyobjc-framework-coreaudiokit_9c88b00a316d466ca0c42b0688c6f804/pyobjc_setup.py", line 585, in setup
          os_level = get_os_level()
                     ^^^^^^^^^^^^^^
        File "/tmp/pip-download-hl_s4pfm/pyobjc-framework-coreaudiokit_9c88b00a316d466ca0c42b0688c6f804/pyobjc_setup.py", line 264, in get_os_level
          subprocess.check_output(["/usr/bin/sw_vers", "-productVersion"])
        File "/home/jackfromeast/miniconda3/lib/python3.12/subprocess.py", line 466, in check_output
          return run(*popenargs, stdout=PIPE, timeout=timeout, check=True,
                 ^^^^^^^^^^^^^^^^^^^^^^^^^^^^^^^^^^^^^^^^^^^^^^^^^^^^^^^^^
        File "/home/jackfromeast/miniconda3/lib/python3.12/subprocess.py", line 548, in run
          with Popen(*popenargs, **kwargs) as process:
               ^^^^^^^^^^^^^^^^^^^^^^^^^^^
        File "/home/jackfromeast/miniconda3/lib/python3.12/subprocess.py", line 1026, in __init__
          self._execute_child(args, executable, preexec_fn, close_fds,
        File "/home/jackfromeast/miniconda3/lib/python3.12/subprocess.py", line 1950, in _execute_child
          raise child_exception_type(errno_num, err_msg, err_filename)
      FileNotFoundError: [Errno 2] No such file or directory: '/usr/bin/sw_vers'
      [end of output]
  
  note: This error originates from a subprocess, and is likely not a problem with pip.

[notice] A new release of pip is available: 25.0 -> 25.1.1
[notice] To update, run: pip install --upgrade pip
error: subprocess-exited-with-error

× Getting requirements to build wheel did not run successfully.
│ exit code: 1
╰─> See above for output.

note: This error originates from a subprocess, and is likely not a problem with pip.
 (downloader.py:241)
2025-05-27 03:57:28,480 - PipDownloader - ERROR - Failed to download package:   error: subprocess-exited-with-error
  
  × Getting requirements to build wheel did not run successfully.
  │ exit code: 1
  ╰─> [35 lines of output]
      /tmp/pip-download-sqlijygo/pyobjc-framework-discrecording_efcfa29a4be54b94977b97d1ffb2e93e/pyobjc_setup.py:15: UserWarning: pkg_resources is deprecated as an API. See https://setuptools.pypa.io/en/latest/pkg_resources.html. The pkg_resources package is slated for removal as early as 2025-11-30. Refrain from using this package or pin to Setuptools<81.
        import pkg_resources
      Traceback (most recent call last):
        File "/home/jackfromeast/miniconda3/lib/python3.12/site-packages/pip/_vendor/pyproject_hooks/_in_process/_in_process.py", line 389, in <module>
          main()
        File "/home/jackfromeast/miniconda3/lib/python3.12/site-packages/pip/_vendor/pyproject_hooks/_in_process/_in_process.py", line 373, in main
          json_out["return_val"] = hook(**hook_input["kwargs"])
                                   ^^^^^^^^^^^^^^^^^^^^^^^^^^^^
        File "/home/jackfromeast/miniconda3/lib/python3.12/site-packages/pip/_vendor/pyproject_hooks/_in_process/_in_process.py", line 143, in get_requires_for_build_wheel
          return hook(config_settings)
                 ^^^^^^^^^^^^^^^^^^^^^
        File "/tmp/pip-build-env-20x7_j5s/overlay/lib/python3.12/site-packages/setuptools/build_meta.py", line 331, in get_requires_for_build_wheel
          return self._get_build_requires(config_settings, requirements=[])
                 ^^^^^^^^^^^^^^^^^^^^^^^^^^^^^^^^^^^^^^^^^^^^^^^^^^^^^^^^^^
        File "/tmp/pip-build-env-20x7_j5s/overlay/lib/python3.12/site-packages/setuptools/build_meta.py", line 301, in _get_build_requires
          self.run_setup()
        File "/tmp/pip-build-env-20x7_j5s/overlay/lib/python3.12/site-packages/setuptools/build_meta.py", line 317, in run_setup
          exec(code, locals())
        File "<string>", line 21, in <module>
        File "/tmp/pip-download-sqlijygo/pyobjc-framework-discrecording_efcfa29a4be54b94977b97d1ffb2e93e/pyobjc_setup.py", line 585, in setup
          os_level = get_os_level()
                     ^^^^^^^^^^^^^^
        File "/tmp/pip-download-sqlijygo/pyobjc-framework-discrecording_efcfa29a4be54b94977b97d1ffb2e93e/pyobjc_setup.py", line 264, in get_os_level
          subprocess.check_output(["/usr/bin/sw_vers", "-productVersion"])
        File "/home/jackfromeast/miniconda3/lib/python3.12/subprocess.py", line 466, in check_output
          return run(*popenargs, stdout=PIPE, timeout=timeout, check=True,
                 ^^^^^^^^^^^^^^^^^^^^^^^^^^^^^^^^^^^^^^^^^^^^^^^^^^^^^^^^^
        File "/home/jackfromeast/miniconda3/lib/python3.12/subprocess.py", line 548, in run
          with Popen(*popenargs, **kwargs) as process:
               ^^^^^^^^^^^^^^^^^^^^^^^^^^^
        File "/home/jackfromeast/miniconda3/lib/python3.12/subprocess.py", line 1026, in __init__
          self._execute_child(args, executable, preexec_fn, close_fds,
        File "/home/jackfromeast/miniconda3/lib/python3.12/subprocess.py", line 1950, in _execute_child
          raise child_exception_type(errno_num, err_msg, err_filename)
      FileNotFoundError: [Errno 2] No such file or directory: '/usr/bin/sw_vers'
      [end of output]
  
  note: This error originates from a subprocess, and is likely not a problem with pip.

[notice] A new release of pip is available: 25.0 -> 25.1.1
[notice] To update, run: pip install --upgrade pip
error: subprocess-exited-with-error

× Getting requirements to build wheel did not run successfully.
│ exit code: 1
╰─> See above for output.

note: This error originates from a subprocess, and is likely not a problem with pip.
 (downloader.py:241)
2025-05-27 03:58:06,787 - PipDownloader - ERROR - Failed to download package:   error: subprocess-exited-with-error
  
  × Getting requirements to build wheel did not run successfully.
  │ exit code: 1
  ╰─> [35 lines of output]
      /tmp/pip-download-w54o3y9d/pyobjc-framework-webkit_244bcd4604d44a038f5d329dd477faea/pyobjc_setup.py:15: UserWarning: pkg_resources is deprecated as an API. See https://setuptools.pypa.io/en/latest/pkg_resources.html. The pkg_resources package is slated for removal as early as 2025-11-30. Refrain from using this package or pin to Setuptools<81.
        import pkg_resources
      Traceback (most recent call last):
        File "/home/jackfromeast/miniconda3/lib/python3.12/site-packages/pip/_vendor/pyproject_hooks/_in_process/_in_process.py", line 389, in <module>
          main()
        File "/home/jackfromeast/miniconda3/lib/python3.12/site-packages/pip/_vendor/pyproject_hooks/_in_process/_in_process.py", line 373, in main
          json_out["return_val"] = hook(**hook_input["kwargs"])
                                   ^^^^^^^^^^^^^^^^^^^^^^^^^^^^
        File "/home/jackfromeast/miniconda3/lib/python3.12/site-packages/pip/_vendor/pyproject_hooks/_in_process/_in_process.py", line 143, in get_requires_for_build_wheel
          return hook(config_settings)
                 ^^^^^^^^^^^^^^^^^^^^^
        File "/tmp/pip-build-env-_m00g5fj/overlay/lib/python3.12/site-packages/setuptools/build_meta.py", line 331, in get_requires_for_build_wheel
          return self._get_build_requires(config_settings, requirements=[])
                 ^^^^^^^^^^^^^^^^^^^^^^^^^^^^^^^^^^^^^^^^^^^^^^^^^^^^^^^^^^
        File "/tmp/pip-build-env-_m00g5fj/overlay/lib/python3.12/site-packages/setuptools/build_meta.py", line 301, in _get_build_requires
          self.run_setup()
        File "/tmp/pip-build-env-_m00g5fj/overlay/lib/python3.12/site-packages/setuptools/build_meta.py", line 317, in run_setup
          exec(code, locals())
        File "<string>", line 22, in <module>
        File "/tmp/pip-download-w54o3y9d/pyobjc-framework-webkit_244bcd4604d44a038f5d329dd477faea/pyobjc_setup.py", line 585, in setup
          os_level = get_os_level()
                     ^^^^^^^^^^^^^^
        File "/tmp/pip-download-w54o3y9d/pyobjc-framework-webkit_244bcd4604d44a038f5d329dd477faea/pyobjc_setup.py", line 264, in get_os_level
          subprocess.check_output(["/usr/bin/sw_vers", "-productVersion"])
        File "/home/jackfromeast/miniconda3/lib/python3.12/subprocess.py", line 466, in check_output
          return run(*popenargs, stdout=PIPE, timeout=timeout, check=True,
                 ^^^^^^^^^^^^^^^^^^^^^^^^^^^^^^^^^^^^^^^^^^^^^^^^^^^^^^^^^
        File "/home/jackfromeast/miniconda3/lib/python3.12/subprocess.py", line 548, in run
          with Popen(*popenargs, **kwargs) as process:
               ^^^^^^^^^^^^^^^^^^^^^^^^^^^
        File "/home/jackfromeast/miniconda3/lib/python3.12/subprocess.py", line 1026, in __init__
          self._execute_child(args, executable, preexec_fn, close_fds,
        File "/home/jackfromeast/miniconda3/lib/python3.12/subprocess.py", line 1950, in _execute_child
          raise child_exception_type(errno_num, err_msg, err_filename)
      FileNotFoundError: [Errno 2] No such file or directory: '/usr/bin/sw_vers'
      [end of output]
  
  note: This error originates from a subprocess, and is likely not a problem with pip.

[notice] A new release of pip is available: 25.0 -> 25.1.1
[notice] To update, run: pip install --upgrade pip
error: subprocess-exited-with-error

× Getting requirements to build wheel did not run successfully.
│ exit code: 1
╰─> See above for output.

note: This error originates from a subprocess, and is likely not a problem with pip.
 (downloader.py:241)
2025-05-27 03:58:54,887 - PipDownloader - ERROR - Failed to download package: ERROR: Could not find a version that satisfies the requirement pyav (from versions: none)

[notice] A new release of pip is available: 25.0 -> 25.1.1
[notice] To update, run: pip install --upgrade pip
ERROR: No matching distribution found for pyav
 (downloader.py:241)
2025-05-27 03:59:19,776 - PipDownloader - ERROR - Failed to download package:   error: subprocess-exited-with-error
  
  × Getting requirements to build wheel did not run successfully.
  │ exit code: 1
  ╰─> [35 lines of output]
      /tmp/pip-download-wcqxsgrf/pyobjc-framework-avfoundation_bff7f39d721045a7aea3a125a965998e/pyobjc_setup.py:15: UserWarning: pkg_resources is deprecated as an API. See https://setuptools.pypa.io/en/latest/pkg_resources.html. The pkg_resources package is slated for removal as early as 2025-11-30. Refrain from using this package or pin to Setuptools<81.
        import pkg_resources
      Traceback (most recent call last):
        File "/home/jackfromeast/miniconda3/lib/python3.12/site-packages/pip/_vendor/pyproject_hooks/_in_process/_in_process.py", line 389, in <module>
          main()
        File "/home/jackfromeast/miniconda3/lib/python3.12/site-packages/pip/_vendor/pyproject_hooks/_in_process/_in_process.py", line 373, in main
          json_out["return_val"] = hook(**hook_input["kwargs"])
                                   ^^^^^^^^^^^^^^^^^^^^^^^^^^^^
        File "/home/jackfromeast/miniconda3/lib/python3.12/site-packages/pip/_vendor/pyproject_hooks/_in_process/_in_process.py", line 143, in get_requires_for_build_wheel
          return hook(config_settings)
                 ^^^^^^^^^^^^^^^^^^^^^
        File "/tmp/pip-build-env-qo9p4op_/overlay/lib/python3.12/site-packages/setuptools/build_meta.py", line 331, in get_requires_for_build_wheel
          return self._get_build_requires(config_settings, requirements=[])
                 ^^^^^^^^^^^^^^^^^^^^^^^^^^^^^^^^^^^^^^^^^^^^^^^^^^^^^^^^^^
        File "/tmp/pip-build-env-qo9p4op_/overlay/lib/python3.12/site-packages/setuptools/build_meta.py", line 301, in _get_build_requires
          self.run_setup()
        File "/tmp/pip-build-env-qo9p4op_/overlay/lib/python3.12/site-packages/setuptools/build_meta.py", line 317, in run_setup
          exec(code, locals())
        File "<string>", line 21, in <module>
        File "/tmp/pip-download-wcqxsgrf/pyobjc-framework-avfoundation_bff7f39d721045a7aea3a125a965998e/pyobjc_setup.py", line 585, in setup
          os_level = get_os_level()
                     ^^^^^^^^^^^^^^
        File "/tmp/pip-download-wcqxsgrf/pyobjc-framework-avfoundation_bff7f39d721045a7aea3a125a965998e/pyobjc_setup.py", line 264, in get_os_level
          subprocess.check_output(["/usr/bin/sw_vers", "-productVersion"])
        File "/home/jackfromeast/miniconda3/lib/python3.12/subprocess.py", line 466, in check_output
          return run(*popenargs, stdout=PIPE, timeout=timeout, check=True,
                 ^^^^^^^^^^^^^^^^^^^^^^^^^^^^^^^^^^^^^^^^^^^^^^^^^^^^^^^^^
        File "/home/jackfromeast/miniconda3/lib/python3.12/subprocess.py", line 548, in run
          with Popen(*popenargs, **kwargs) as process:
               ^^^^^^^^^^^^^^^^^^^^^^^^^^^
        File "/home/jackfromeast/miniconda3/lib/python3.12/subprocess.py", line 1026, in __init__
          self._execute_child(args, executable, preexec_fn, close_fds,
        File "/home/jackfromeast/miniconda3/lib/python3.12/subprocess.py", line 1950, in _execute_child
          raise child_exception_type(errno_num, err_msg, err_filename)
      FileNotFoundError: [Errno 2] No such file or directory: '/usr/bin/sw_vers'
      [end of output]
  
  note: This error originates from a subprocess, and is likely not a problem with pip.

[notice] A new release of pip is available: 25.0 -> 25.1.1
[notice] To update, run: pip install --upgrade pip
error: subprocess-exited-with-error

× Getting requirements to build wheel did not run successfully.
│ exit code: 1
╰─> See above for output.

note: This error originates from a subprocess, and is likely not a problem with pip.
 (downloader.py:241)
2025-05-27 04:00:13,015 - PipDownloader - ERROR - Failed to download package:   error: subprocess-exited-with-error
  
  × Getting requirements to build wheel did not run successfully.
  │ exit code: 1
  ╰─> [35 lines of output]
      /tmp/pip-download-vg_xtj97/pyobjc-framework-coreml_bd4a13384c264602b0fc706155451299/pyobjc_setup.py:15: UserWarning: pkg_resources is deprecated as an API. See https://setuptools.pypa.io/en/latest/pkg_resources.html. The pkg_resources package is slated for removal as early as 2025-11-30. Refrain from using this package or pin to Setuptools<81.
        import pkg_resources
      Traceback (most recent call last):
        File "/home/jackfromeast/miniconda3/lib/python3.12/site-packages/pip/_vendor/pyproject_hooks/_in_process/_in_process.py", line 389, in <module>
          main()
        File "/home/jackfromeast/miniconda3/lib/python3.12/site-packages/pip/_vendor/pyproject_hooks/_in_process/_in_process.py", line 373, in main
          json_out["return_val"] = hook(**hook_input["kwargs"])
                                   ^^^^^^^^^^^^^^^^^^^^^^^^^^^^
        File "/home/jackfromeast/miniconda3/lib/python3.12/site-packages/pip/_vendor/pyproject_hooks/_in_process/_in_process.py", line 143, in get_requires_for_build_wheel
          return hook(config_settings)
                 ^^^^^^^^^^^^^^^^^^^^^
        File "/tmp/pip-build-env-c4ymec95/overlay/lib/python3.12/site-packages/setuptools/build_meta.py", line 331, in get_requires_for_build_wheel
          return self._get_build_requires(config_settings, requirements=[])
                 ^^^^^^^^^^^^^^^^^^^^^^^^^^^^^^^^^^^^^^^^^^^^^^^^^^^^^^^^^^
        File "/tmp/pip-build-env-c4ymec95/overlay/lib/python3.12/site-packages/setuptools/build_meta.py", line 301, in _get_build_requires
          self.run_setup()
        File "/tmp/pip-build-env-c4ymec95/overlay/lib/python3.12/site-packages/setuptools/build_meta.py", line 317, in run_setup
          exec(code, locals())
        File "<string>", line 20, in <module>
        File "/tmp/pip-download-vg_xtj97/pyobjc-framework-coreml_bd4a13384c264602b0fc706155451299/pyobjc_setup.py", line 585, in setup
          os_level = get_os_level()
                     ^^^^^^^^^^^^^^
        File "/tmp/pip-download-vg_xtj97/pyobjc-framework-coreml_bd4a13384c264602b0fc706155451299/pyobjc_setup.py", line 264, in get_os_level
          subprocess.check_output(["/usr/bin/sw_vers", "-productVersion"])
        File "/home/jackfromeast/miniconda3/lib/python3.12/subprocess.py", line 466, in check_output
          return run(*popenargs, stdout=PIPE, timeout=timeout, check=True,
                 ^^^^^^^^^^^^^^^^^^^^^^^^^^^^^^^^^^^^^^^^^^^^^^^^^^^^^^^^^
        File "/home/jackfromeast/miniconda3/lib/python3.12/subprocess.py", line 548, in run
          with Popen(*popenargs, **kwargs) as process:
               ^^^^^^^^^^^^^^^^^^^^^^^^^^^
        File "/home/jackfromeast/miniconda3/lib/python3.12/subprocess.py", line 1026, in __init__
          self._execute_child(args, executable, preexec_fn, close_fds,
        File "/home/jackfromeast/miniconda3/lib/python3.12/subprocess.py", line 1950, in _execute_child
          raise child_exception_type(errno_num, err_msg, err_filename)
      FileNotFoundError: [Errno 2] No such file or directory: '/usr/bin/sw_vers'
      [end of output]
  
  note: This error originates from a subprocess, and is likely not a problem with pip.

[notice] A new release of pip is available: 25.0 -> 25.1.1
[notice] To update, run: pip install --upgrade pip
error: subprocess-exited-with-error

× Getting requirements to build wheel did not run successfully.
│ exit code: 1
╰─> See above for output.

note: This error originates from a subprocess, and is likely not a problem with pip.
 (downloader.py:241)
2025-05-27 04:00:36,167 - PipDownloader - ERROR - Failed to download package:   error: subprocess-exited-with-error
  
  × Getting requirements to build wheel did not run successfully.
  │ exit code: 1
  ╰─> [35 lines of output]
      /tmp/pip-download-nzo6u9bo/pyobjc-framework-coremidi_141c2bc0ddc64eba90ef1d86f26e626b/pyobjc_setup.py:15: UserWarning: pkg_resources is deprecated as an API. See https://setuptools.pypa.io/en/latest/pkg_resources.html. The pkg_resources package is slated for removal as early as 2025-11-30. Refrain from using this package or pin to Setuptools<81.
        import pkg_resources
      Traceback (most recent call last):
        File "/home/jackfromeast/miniconda3/lib/python3.12/site-packages/pip/_vendor/pyproject_hooks/_in_process/_in_process.py", line 389, in <module>
          main()
        File "/home/jackfromeast/miniconda3/lib/python3.12/site-packages/pip/_vendor/pyproject_hooks/_in_process/_in_process.py", line 373, in main
          json_out["return_val"] = hook(**hook_input["kwargs"])
                                   ^^^^^^^^^^^^^^^^^^^^^^^^^^^^
        File "/home/jackfromeast/miniconda3/lib/python3.12/site-packages/pip/_vendor/pyproject_hooks/_in_process/_in_process.py", line 143, in get_requires_for_build_wheel
          return hook(config_settings)
                 ^^^^^^^^^^^^^^^^^^^^^
        File "/tmp/pip-build-env-op9cy6dg/overlay/lib/python3.12/site-packages/setuptools/build_meta.py", line 331, in get_requires_for_build_wheel
          return self._get_build_requires(config_settings, requirements=[])
                 ^^^^^^^^^^^^^^^^^^^^^^^^^^^^^^^^^^^^^^^^^^^^^^^^^^^^^^^^^^
        File "/tmp/pip-build-env-op9cy6dg/overlay/lib/python3.12/site-packages/setuptools/build_meta.py", line 301, in _get_build_requires
          self.run_setup()
        File "/tmp/pip-build-env-op9cy6dg/overlay/lib/python3.12/site-packages/setuptools/build_meta.py", line 317, in run_setup
          exec(code, locals())
        File "<string>", line 20, in <module>
        File "/tmp/pip-download-nzo6u9bo/pyobjc-framework-coremidi_141c2bc0ddc64eba90ef1d86f26e626b/pyobjc_setup.py", line 585, in setup
          os_level = get_os_level()
                     ^^^^^^^^^^^^^^
        File "/tmp/pip-download-nzo6u9bo/pyobjc-framework-coremidi_141c2bc0ddc64eba90ef1d86f26e626b/pyobjc_setup.py", line 264, in get_os_level
          subprocess.check_output(["/usr/bin/sw_vers", "-productVersion"])
        File "/home/jackfromeast/miniconda3/lib/python3.12/subprocess.py", line 466, in check_output
          return run(*popenargs, stdout=PIPE, timeout=timeout, check=True,
                 ^^^^^^^^^^^^^^^^^^^^^^^^^^^^^^^^^^^^^^^^^^^^^^^^^^^^^^^^^
        File "/home/jackfromeast/miniconda3/lib/python3.12/subprocess.py", line 548, in run
          with Popen(*popenargs, **kwargs) as process:
               ^^^^^^^^^^^^^^^^^^^^^^^^^^^
        File "/home/jackfromeast/miniconda3/lib/python3.12/subprocess.py", line 1026, in __init__
          self._execute_child(args, executable, preexec_fn, close_fds,
        File "/home/jackfromeast/miniconda3/lib/python3.12/subprocess.py", line 1950, in _execute_child
          raise child_exception_type(errno_num, err_msg, err_filename)
      FileNotFoundError: [Errno 2] No such file or directory: '/usr/bin/sw_vers'
      [end of output]
  
  note: This error originates from a subprocess, and is likely not a problem with pip.

[notice] A new release of pip is available: 25.0 -> 25.1.1
[notice] To update, run: pip install --upgrade pip
error: subprocess-exited-with-error

× Getting requirements to build wheel did not run successfully.
│ exit code: 1
╰─> See above for output.

note: This error originates from a subprocess, and is likely not a problem with pip.
 (downloader.py:241)
2025-05-27 04:02:57,255 - PipDownloader - ERROR - Failed to download package: ERROR: Could not find a version that satisfies the requirement mrx-runway (from versions: none)

[notice] A new release of pip is available: 25.0 -> 25.1.1
[notice] To update, run: pip install --upgrade pip
ERROR: No matching distribution found for mrx-runway
 (downloader.py:241)
2025-05-27 04:04:01,415 - PipDownloader - ERROR - Failed to download package:   error: subprocess-exited-with-error
  
  × Getting requirements to build wheel did not run successfully.
  │ exit code: 1
  ╰─> [35 lines of output]
      /tmp/pip-download-qsgavjqn/pyobjc-framework-corelocation_16f4f528e94e4bf29c5956fc96eb8677/pyobjc_setup.py:15: UserWarning: pkg_resources is deprecated as an API. See https://setuptools.pypa.io/en/latest/pkg_resources.html. The pkg_resources package is slated for removal as early as 2025-11-30. Refrain from using this package or pin to Setuptools<81.
        import pkg_resources
      Traceback (most recent call last):
        File "/home/jackfromeast/miniconda3/lib/python3.12/site-packages/pip/_vendor/pyproject_hooks/_in_process/_in_process.py", line 389, in <module>
          main()
        File "/home/jackfromeast/miniconda3/lib/python3.12/site-packages/pip/_vendor/pyproject_hooks/_in_process/_in_process.py", line 373, in main
          json_out["return_val"] = hook(**hook_input["kwargs"])
                                   ^^^^^^^^^^^^^^^^^^^^^^^^^^^^
        File "/home/jackfromeast/miniconda3/lib/python3.12/site-packages/pip/_vendor/pyproject_hooks/_in_process/_in_process.py", line 143, in get_requires_for_build_wheel
          return hook(config_settings)
                 ^^^^^^^^^^^^^^^^^^^^^
        File "/tmp/pip-build-env-ch_fdj39/overlay/lib/python3.12/site-packages/setuptools/build_meta.py", line 331, in get_requires_for_build_wheel
          return self._get_build_requires(config_settings, requirements=[])
                 ^^^^^^^^^^^^^^^^^^^^^^^^^^^^^^^^^^^^^^^^^^^^^^^^^^^^^^^^^^
        File "/tmp/pip-build-env-ch_fdj39/overlay/lib/python3.12/site-packages/setuptools/build_meta.py", line 301, in _get_build_requires
          self.run_setup()
        File "/tmp/pip-build-env-ch_fdj39/overlay/lib/python3.12/site-packages/setuptools/build_meta.py", line 317, in run_setup
          exec(code, locals())
        File "<string>", line 22, in <module>
        File "/tmp/pip-download-qsgavjqn/pyobjc-framework-corelocation_16f4f528e94e4bf29c5956fc96eb8677/pyobjc_setup.py", line 585, in setup
          os_level = get_os_level()
                     ^^^^^^^^^^^^^^
        File "/tmp/pip-download-qsgavjqn/pyobjc-framework-corelocation_16f4f528e94e4bf29c5956fc96eb8677/pyobjc_setup.py", line 264, in get_os_level
          subprocess.check_output(["/usr/bin/sw_vers", "-productVersion"])
        File "/home/jackfromeast/miniconda3/lib/python3.12/subprocess.py", line 466, in check_output
          return run(*popenargs, stdout=PIPE, timeout=timeout, check=True,
                 ^^^^^^^^^^^^^^^^^^^^^^^^^^^^^^^^^^^^^^^^^^^^^^^^^^^^^^^^^
        File "/home/jackfromeast/miniconda3/lib/python3.12/subprocess.py", line 548, in run
          with Popen(*popenargs, **kwargs) as process:
               ^^^^^^^^^^^^^^^^^^^^^^^^^^^
        File "/home/jackfromeast/miniconda3/lib/python3.12/subprocess.py", line 1026, in __init__
          self._execute_child(args, executable, preexec_fn, close_fds,
        File "/home/jackfromeast/miniconda3/lib/python3.12/subprocess.py", line 1950, in _execute_child
          raise child_exception_type(errno_num, err_msg, err_filename)
      FileNotFoundError: [Errno 2] No such file or directory: '/usr/bin/sw_vers'
      [end of output]
  
  note: This error originates from a subprocess, and is likely not a problem with pip.

[notice] A new release of pip is available: 25.0 -> 25.1.1
[notice] To update, run: pip install --upgrade pip
error: subprocess-exited-with-error

× Getting requirements to build wheel did not run successfully.
│ exit code: 1
╰─> See above for output.

note: This error originates from a subprocess, and is likely not a problem with pip.
 (downloader.py:241)
2025-05-27 04:05:33,643 - PipDownloader - ERROR - Failed to download package:   error: subprocess-exited-with-error
  
  × Getting requirements to build wheel did not run successfully.
  │ exit code: 1
  ╰─> [35 lines of output]
      /tmp/pip-download-bc9grsvp/pyobjc-framework-screensaver_3794c902bcb24140b8ec192acf2fd3ca/pyobjc_setup.py:15: UserWarning: pkg_resources is deprecated as an API. See https://setuptools.pypa.io/en/latest/pkg_resources.html. The pkg_resources package is slated for removal as early as 2025-11-30. Refrain from using this package or pin to Setuptools<81.
        import pkg_resources
      Traceback (most recent call last):
        File "/home/jackfromeast/miniconda3/lib/python3.12/site-packages/pip/_vendor/pyproject_hooks/_in_process/_in_process.py", line 389, in <module>
          main()
        File "/home/jackfromeast/miniconda3/lib/python3.12/site-packages/pip/_vendor/pyproject_hooks/_in_process/_in_process.py", line 373, in main
          json_out["return_val"] = hook(**hook_input["kwargs"])
                                   ^^^^^^^^^^^^^^^^^^^^^^^^^^^^
        File "/home/jackfromeast/miniconda3/lib/python3.12/site-packages/pip/_vendor/pyproject_hooks/_in_process/_in_process.py", line 143, in get_requires_for_build_wheel
          return hook(config_settings)
                 ^^^^^^^^^^^^^^^^^^^^^
        File "/tmp/pip-build-env-nerublyb/overlay/lib/python3.12/site-packages/setuptools/build_meta.py", line 331, in get_requires_for_build_wheel
          return self._get_build_requires(config_settings, requirements=[])
                 ^^^^^^^^^^^^^^^^^^^^^^^^^^^^^^^^^^^^^^^^^^^^^^^^^^^^^^^^^^
        File "/tmp/pip-build-env-nerublyb/overlay/lib/python3.12/site-packages/setuptools/build_meta.py", line 301, in _get_build_requires
          self.run_setup()
        File "/tmp/pip-build-env-nerublyb/overlay/lib/python3.12/site-packages/setuptools/build_meta.py", line 317, in run_setup
          exec(code, locals())
        File "<string>", line 21, in <module>
        File "/tmp/pip-download-bc9grsvp/pyobjc-framework-screensaver_3794c902bcb24140b8ec192acf2fd3ca/pyobjc_setup.py", line 585, in setup
          os_level = get_os_level()
                     ^^^^^^^^^^^^^^
        File "/tmp/pip-download-bc9grsvp/pyobjc-framework-screensaver_3794c902bcb24140b8ec192acf2fd3ca/pyobjc_setup.py", line 264, in get_os_level
          subprocess.check_output(["/usr/bin/sw_vers", "-productVersion"])
        File "/home/jackfromeast/miniconda3/lib/python3.12/subprocess.py", line 466, in check_output
          return run(*popenargs, stdout=PIPE, timeout=timeout, check=True,
                 ^^^^^^^^^^^^^^^^^^^^^^^^^^^^^^^^^^^^^^^^^^^^^^^^^^^^^^^^^
        File "/home/jackfromeast/miniconda3/lib/python3.12/subprocess.py", line 548, in run
          with Popen(*popenargs, **kwargs) as process:
               ^^^^^^^^^^^^^^^^^^^^^^^^^^^
        File "/home/jackfromeast/miniconda3/lib/python3.12/subprocess.py", line 1026, in __init__
          self._execute_child(args, executable, preexec_fn, close_fds,
        File "/home/jackfromeast/miniconda3/lib/python3.12/subprocess.py", line 1950, in _execute_child
          raise child_exception_type(errno_num, err_msg, err_filename)
      FileNotFoundError: [Errno 2] No such file or directory: '/usr/bin/sw_vers'
      [end of output]
  
  note: This error originates from a subprocess, and is likely not a problem with pip.

[notice] A new release of pip is available: 25.0 -> 25.1.1
[notice] To update, run: pip install --upgrade pip
error: subprocess-exited-with-error

× Getting requirements to build wheel did not run successfully.
│ exit code: 1
╰─> See above for output.

note: This error originates from a subprocess, and is likely not a problem with pip.
 (downloader.py:241)
2025-05-27 04:05:34,886 - PipDownloader - ERROR - Failed to download package:   error: subprocess-exited-with-error
  
  × Getting requirements to build wheel did not run successfully.
  │ exit code: 1
  ╰─> [35 lines of output]
      /tmp/pip-download-640ynrvj/pyobjc-framework-syncservices_75f7c4b5bc3f4e508a3aab60d400e366/pyobjc_setup.py:15: UserWarning: pkg_resources is deprecated as an API. See https://setuptools.pypa.io/en/latest/pkg_resources.html. The pkg_resources package is slated for removal as early as 2025-11-30. Refrain from using this package or pin to Setuptools<81.
        import pkg_resources
      Traceback (most recent call last):
        File "/home/jackfromeast/miniconda3/lib/python3.12/site-packages/pip/_vendor/pyproject_hooks/_in_process/_in_process.py", line 389, in <module>
          main()
        File "/home/jackfromeast/miniconda3/lib/python3.12/site-packages/pip/_vendor/pyproject_hooks/_in_process/_in_process.py", line 373, in main
          json_out["return_val"] = hook(**hook_input["kwargs"])
                                   ^^^^^^^^^^^^^^^^^^^^^^^^^^^^
        File "/home/jackfromeast/miniconda3/lib/python3.12/site-packages/pip/_vendor/pyproject_hooks/_in_process/_in_process.py", line 143, in get_requires_for_build_wheel
          return hook(config_settings)
                 ^^^^^^^^^^^^^^^^^^^^^
        File "/tmp/pip-build-env-bpiqgo9d/overlay/lib/python3.12/site-packages/setuptools/build_meta.py", line 331, in get_requires_for_build_wheel
          return self._get_build_requires(config_settings, requirements=[])
                 ^^^^^^^^^^^^^^^^^^^^^^^^^^^^^^^^^^^^^^^^^^^^^^^^^^^^^^^^^^
        File "/tmp/pip-build-env-bpiqgo9d/overlay/lib/python3.12/site-packages/setuptools/build_meta.py", line 301, in _get_build_requires
          self.run_setup()
        File "/tmp/pip-build-env-bpiqgo9d/overlay/lib/python3.12/site-packages/setuptools/build_meta.py", line 317, in run_setup
          exec(code, locals())
        File "<string>", line 26, in <module>
        File "/tmp/pip-download-640ynrvj/pyobjc-framework-syncservices_75f7c4b5bc3f4e508a3aab60d400e366/pyobjc_setup.py", line 585, in setup
          os_level = get_os_level()
                     ^^^^^^^^^^^^^^
        File "/tmp/pip-download-640ynrvj/pyobjc-framework-syncservices_75f7c4b5bc3f4e508a3aab60d400e366/pyobjc_setup.py", line 264, in get_os_level
          subprocess.check_output(["/usr/bin/sw_vers", "-productVersion"])
        File "/home/jackfromeast/miniconda3/lib/python3.12/subprocess.py", line 466, in check_output
          return run(*popenargs, stdout=PIPE, timeout=timeout, check=True,
                 ^^^^^^^^^^^^^^^^^^^^^^^^^^^^^^^^^^^^^^^^^^^^^^^^^^^^^^^^^
        File "/home/jackfromeast/miniconda3/lib/python3.12/subprocess.py", line 548, in run
          with Popen(*popenargs, **kwargs) as process:
               ^^^^^^^^^^^^^^^^^^^^^^^^^^^
        File "/home/jackfromeast/miniconda3/lib/python3.12/subprocess.py", line 1026, in __init__
          self._execute_child(args, executable, preexec_fn, close_fds,
        File "/home/jackfromeast/miniconda3/lib/python3.12/subprocess.py", line 1950, in _execute_child
          raise child_exception_type(errno_num, err_msg, err_filename)
      FileNotFoundError: [Errno 2] No such file or directory: '/usr/bin/sw_vers'
      [end of output]
  
  note: This error originates from a subprocess, and is likely not a problem with pip.

[notice] A new release of pip is available: 25.0 -> 25.1.1
[notice] To update, run: pip install --upgrade pip
error: subprocess-exited-with-error

× Getting requirements to build wheel did not run successfully.
│ exit code: 1
╰─> See above for output.

note: This error originates from a subprocess, and is likely not a problem with pip.
 (downloader.py:241)
2025-05-27 04:06:41,967 - PipDownloader - ERROR - Failed to download package:   error: subprocess-exited-with-error
  
  × Getting requirements to build wheel did not run successfully.
  │ exit code: 1
  ╰─> [35 lines of output]
      /tmp/pip-download-ot_dalzy/pyobjc-framework-contacts_20c8367073ca4855a093b9320a03086a/pyobjc_setup.py:15: UserWarning: pkg_resources is deprecated as an API. See https://setuptools.pypa.io/en/latest/pkg_resources.html. The pkg_resources package is slated for removal as early as 2025-11-30. Refrain from using this package or pin to Setuptools<81.
        import pkg_resources
      Traceback (most recent call last):
        File "/home/jackfromeast/miniconda3/lib/python3.12/site-packages/pip/_vendor/pyproject_hooks/_in_process/_in_process.py", line 389, in <module>
          main()
        File "/home/jackfromeast/miniconda3/lib/python3.12/site-packages/pip/_vendor/pyproject_hooks/_in_process/_in_process.py", line 373, in main
          json_out["return_val"] = hook(**hook_input["kwargs"])
                                   ^^^^^^^^^^^^^^^^^^^^^^^^^^^^
        File "/home/jackfromeast/miniconda3/lib/python3.12/site-packages/pip/_vendor/pyproject_hooks/_in_process/_in_process.py", line 143, in get_requires_for_build_wheel
          return hook(config_settings)
                 ^^^^^^^^^^^^^^^^^^^^^
        File "/tmp/pip-build-env-ge2ddw88/overlay/lib/python3.12/site-packages/setuptools/build_meta.py", line 331, in get_requires_for_build_wheel
          return self._get_build_requires(config_settings, requirements=[])
                 ^^^^^^^^^^^^^^^^^^^^^^^^^^^^^^^^^^^^^^^^^^^^^^^^^^^^^^^^^^
        File "/tmp/pip-build-env-ge2ddw88/overlay/lib/python3.12/site-packages/setuptools/build_meta.py", line 301, in _get_build_requires
          self.run_setup()
        File "/tmp/pip-build-env-ge2ddw88/overlay/lib/python3.12/site-packages/setuptools/build_meta.py", line 317, in run_setup
          exec(code, locals())
        File "<string>", line 20, in <module>
        File "/tmp/pip-download-ot_dalzy/pyobjc-framework-contacts_20c8367073ca4855a093b9320a03086a/pyobjc_setup.py", line 585, in setup
          os_level = get_os_level()
                     ^^^^^^^^^^^^^^
        File "/tmp/pip-download-ot_dalzy/pyobjc-framework-contacts_20c8367073ca4855a093b9320a03086a/pyobjc_setup.py", line 264, in get_os_level
          subprocess.check_output(["/usr/bin/sw_vers", "-productVersion"])
        File "/home/jackfromeast/miniconda3/lib/python3.12/subprocess.py", line 466, in check_output
          return run(*popenargs, stdout=PIPE, timeout=timeout, check=True,
                 ^^^^^^^^^^^^^^^^^^^^^^^^^^^^^^^^^^^^^^^^^^^^^^^^^^^^^^^^^
        File "/home/jackfromeast/miniconda3/lib/python3.12/subprocess.py", line 548, in run
          with Popen(*popenargs, **kwargs) as process:
               ^^^^^^^^^^^^^^^^^^^^^^^^^^^
        File "/home/jackfromeast/miniconda3/lib/python3.12/subprocess.py", line 1026, in __init__
          self._execute_child(args, executable, preexec_fn, close_fds,
        File "/home/jackfromeast/miniconda3/lib/python3.12/subprocess.py", line 1950, in _execute_child
          raise child_exception_type(errno_num, err_msg, err_filename)
      FileNotFoundError: [Errno 2] No such file or directory: '/usr/bin/sw_vers'
      [end of output]
  
  note: This error originates from a subprocess, and is likely not a problem with pip.

[notice] A new release of pip is available: 25.0 -> 25.1.1
[notice] To update, run: pip install --upgrade pip
error: subprocess-exited-with-error

× Getting requirements to build wheel did not run successfully.
│ exit code: 1
╰─> See above for output.

note: This error originates from a subprocess, and is likely not a problem with pip.
 (downloader.py:241)
2025-05-27 04:07:55,572 - PipDownloader - ERROR - Failed to download package:   error: subprocess-exited-with-error
  
  × python setup.py egg_info did not run successfully.
  │ exit code: 1
  ╰─> [6 lines of output]
      Traceback (most recent call last):
        File "<string>", line 2, in <module>
        File "<pip-setuptools-caller>", line 34, in <module>
        File "/tmp/pip-download-tmp1bh9_/rook_99561f78191b4ccdb101d8b4b4edeeaa/setup.py", line 6, in <module>
          import imp
      ModuleNotFoundError: No module named 'imp'
      [end of output]
  
  note: This error originates from a subprocess, and is likely not a problem with pip.

[notice] A new release of pip is available: 25.0 -> 25.1.1
[notice] To update, run: pip install --upgrade pip
error: metadata-generation-failed

× Encountered error while generating package metadata.
╰─> See above for output.

note: This is an issue with the package mentioned above, not pip.
hint: See above for details.
 (downloader.py:241)
2025-05-27 04:08:08,588 - PipDownloader - ERROR - Failed to download package:   error: subprocess-exited-with-error
  
  × Getting requirements to build wheel did not run successfully.
  │ exit code: 1
  ╰─> [35 lines of output]
      /tmp/pip-download-osw8rsgd/pyobjc-framework-vision_28c6d45b17934a2f862dd4f0397d6c66/pyobjc_setup.py:15: UserWarning: pkg_resources is deprecated as an API. See https://setuptools.pypa.io/en/latest/pkg_resources.html. The pkg_resources package is slated for removal as early as 2025-11-30. Refrain from using this package or pin to Setuptools<81.
        import pkg_resources
      Traceback (most recent call last):
        File "/home/jackfromeast/miniconda3/lib/python3.12/site-packages/pip/_vendor/pyproject_hooks/_in_process/_in_process.py", line 389, in <module>
          main()
        File "/home/jackfromeast/miniconda3/lib/python3.12/site-packages/pip/_vendor/pyproject_hooks/_in_process/_in_process.py", line 373, in main
          json_out["return_val"] = hook(**hook_input["kwargs"])
                                   ^^^^^^^^^^^^^^^^^^^^^^^^^^^^
        File "/home/jackfromeast/miniconda3/lib/python3.12/site-packages/pip/_vendor/pyproject_hooks/_in_process/_in_process.py", line 143, in get_requires_for_build_wheel
          return hook(config_settings)
                 ^^^^^^^^^^^^^^^^^^^^^
        File "/tmp/pip-build-env-vwpiwauu/overlay/lib/python3.12/site-packages/setuptools/build_meta.py", line 331, in get_requires_for_build_wheel
          return self._get_build_requires(config_settings, requirements=[])
                 ^^^^^^^^^^^^^^^^^^^^^^^^^^^^^^^^^^^^^^^^^^^^^^^^^^^^^^^^^^
        File "/tmp/pip-build-env-vwpiwauu/overlay/lib/python3.12/site-packages/setuptools/build_meta.py", line 301, in _get_build_requires
          self.run_setup()
        File "/tmp/pip-build-env-vwpiwauu/overlay/lib/python3.12/site-packages/setuptools/build_meta.py", line 317, in run_setup
          exec(code, locals())
        File "<string>", line 20, in <module>
        File "/tmp/pip-download-osw8rsgd/pyobjc-framework-vision_28c6d45b17934a2f862dd4f0397d6c66/pyobjc_setup.py", line 585, in setup
          os_level = get_os_level()
                     ^^^^^^^^^^^^^^
        File "/tmp/pip-download-osw8rsgd/pyobjc-framework-vision_28c6d45b17934a2f862dd4f0397d6c66/pyobjc_setup.py", line 264, in get_os_level
          subprocess.check_output(["/usr/bin/sw_vers", "-productVersion"])
        File "/home/jackfromeast/miniconda3/lib/python3.12/subprocess.py", line 466, in check_output
          return run(*popenargs, stdout=PIPE, timeout=timeout, check=True,
                 ^^^^^^^^^^^^^^^^^^^^^^^^^^^^^^^^^^^^^^^^^^^^^^^^^^^^^^^^^
        File "/home/jackfromeast/miniconda3/lib/python3.12/subprocess.py", line 548, in run
          with Popen(*popenargs, **kwargs) as process:
               ^^^^^^^^^^^^^^^^^^^^^^^^^^^
        File "/home/jackfromeast/miniconda3/lib/python3.12/subprocess.py", line 1026, in __init__
          self._execute_child(args, executable, preexec_fn, close_fds,
        File "/home/jackfromeast/miniconda3/lib/python3.12/subprocess.py", line 1950, in _execute_child
          raise child_exception_type(errno_num, err_msg, err_filename)
      FileNotFoundError: [Errno 2] No such file or directory: '/usr/bin/sw_vers'
      [end of output]
  
  note: This error originates from a subprocess, and is likely not a problem with pip.

[notice] A new release of pip is available: 25.0 -> 25.1.1
[notice] To update, run: pip install --upgrade pip
error: subprocess-exited-with-error

× Getting requirements to build wheel did not run successfully.
│ exit code: 1
╰─> See above for output.

note: This error originates from a subprocess, and is likely not a problem with pip.
 (downloader.py:241)
2025-05-27 04:08:15,440 - PipDownloader - ERROR - Failed to download package:   error: subprocess-exited-with-error
  
  × Getting requirements to build wheel did not run successfully.
  │ exit code: 1
  ╰─> [35 lines of output]
      /tmp/pip-download-lk6s6s22/pyobjc-framework-corewlan_a54f9aa2750646a9abdf60e49adbf798/pyobjc_setup.py:15: UserWarning: pkg_resources is deprecated as an API. See https://setuptools.pypa.io/en/latest/pkg_resources.html. The pkg_resources package is slated for removal as early as 2025-11-30. Refrain from using this package or pin to Setuptools<81.
        import pkg_resources
      Traceback (most recent call last):
        File "/home/jackfromeast/miniconda3/lib/python3.12/site-packages/pip/_vendor/pyproject_hooks/_in_process/_in_process.py", line 389, in <module>
          main()
        File "/home/jackfromeast/miniconda3/lib/python3.12/site-packages/pip/_vendor/pyproject_hooks/_in_process/_in_process.py", line 373, in main
          json_out["return_val"] = hook(**hook_input["kwargs"])
                                   ^^^^^^^^^^^^^^^^^^^^^^^^^^^^
        File "/home/jackfromeast/miniconda3/lib/python3.12/site-packages/pip/_vendor/pyproject_hooks/_in_process/_in_process.py", line 143, in get_requires_for_build_wheel
          return hook(config_settings)
                 ^^^^^^^^^^^^^^^^^^^^^
        File "/tmp/pip-build-env-a2hhufkt/overlay/lib/python3.12/site-packages/setuptools/build_meta.py", line 331, in get_requires_for_build_wheel
          return self._get_build_requires(config_settings, requirements=[])
                 ^^^^^^^^^^^^^^^^^^^^^^^^^^^^^^^^^^^^^^^^^^^^^^^^^^^^^^^^^^
        File "/tmp/pip-build-env-a2hhufkt/overlay/lib/python3.12/site-packages/setuptools/build_meta.py", line 301, in _get_build_requires
          self.run_setup()
        File "/tmp/pip-build-env-a2hhufkt/overlay/lib/python3.12/site-packages/setuptools/build_meta.py", line 317, in run_setup
          exec(code, locals())
        File "<string>", line 20, in <module>
        File "/tmp/pip-download-lk6s6s22/pyobjc-framework-corewlan_a54f9aa2750646a9abdf60e49adbf798/pyobjc_setup.py", line 585, in setup
          os_level = get_os_level()
                     ^^^^^^^^^^^^^^
        File "/tmp/pip-download-lk6s6s22/pyobjc-framework-corewlan_a54f9aa2750646a9abdf60e49adbf798/pyobjc_setup.py", line 264, in get_os_level
          subprocess.check_output(["/usr/bin/sw_vers", "-productVersion"])
        File "/home/jackfromeast/miniconda3/lib/python3.12/subprocess.py", line 466, in check_output
          return run(*popenargs, stdout=PIPE, timeout=timeout, check=True,
                 ^^^^^^^^^^^^^^^^^^^^^^^^^^^^^^^^^^^^^^^^^^^^^^^^^^^^^^^^^
        File "/home/jackfromeast/miniconda3/lib/python3.12/subprocess.py", line 548, in run
          with Popen(*popenargs, **kwargs) as process:
               ^^^^^^^^^^^^^^^^^^^^^^^^^^^
        File "/home/jackfromeast/miniconda3/lib/python3.12/subprocess.py", line 1026, in __init__
          self._execute_child(args, executable, preexec_fn, close_fds,
        File "/home/jackfromeast/miniconda3/lib/python3.12/subprocess.py", line 1950, in _execute_child
          raise child_exception_type(errno_num, err_msg, err_filename)
      FileNotFoundError: [Errno 2] No such file or directory: '/usr/bin/sw_vers'
      [end of output]
  
  note: This error originates from a subprocess, and is likely not a problem with pip.

[notice] A new release of pip is available: 25.0 -> 25.1.1
[notice] To update, run: pip install --upgrade pip
error: subprocess-exited-with-error

× Getting requirements to build wheel did not run successfully.
│ exit code: 1
╰─> See above for output.

note: This error originates from a subprocess, and is likely not a problem with pip.
 (downloader.py:241)
2025-05-27 04:08:51,339 - PipDownloader - ERROR - Failed to download package:   error: subprocess-exited-with-error
  
  × Getting requirements to build wheel did not run successfully.
  │ exit code: 1
  ╰─> [35 lines of output]
      /tmp/pip-download-bujby93a/pyobjc-framework-avkit_3aa6edcfac2d47348d3d8a525a75a76d/pyobjc_setup.py:15: UserWarning: pkg_resources is deprecated as an API. See https://setuptools.pypa.io/en/latest/pkg_resources.html. The pkg_resources package is slated for removal as early as 2025-11-30. Refrain from using this package or pin to Setuptools<81.
        import pkg_resources
      Traceback (most recent call last):
        File "/home/jackfromeast/miniconda3/lib/python3.12/site-packages/pip/_vendor/pyproject_hooks/_in_process/_in_process.py", line 389, in <module>
          main()
        File "/home/jackfromeast/miniconda3/lib/python3.12/site-packages/pip/_vendor/pyproject_hooks/_in_process/_in_process.py", line 373, in main
          json_out["return_val"] = hook(**hook_input["kwargs"])
                                   ^^^^^^^^^^^^^^^^^^^^^^^^^^^^
        File "/home/jackfromeast/miniconda3/lib/python3.12/site-packages/pip/_vendor/pyproject_hooks/_in_process/_in_process.py", line 143, in get_requires_for_build_wheel
          return hook(config_settings)
                 ^^^^^^^^^^^^^^^^^^^^^
        File "/tmp/pip-build-env-p97rq2rq/overlay/lib/python3.12/site-packages/setuptools/build_meta.py", line 331, in get_requires_for_build_wheel
          return self._get_build_requires(config_settings, requirements=[])
                 ^^^^^^^^^^^^^^^^^^^^^^^^^^^^^^^^^^^^^^^^^^^^^^^^^^^^^^^^^^
        File "/tmp/pip-build-env-p97rq2rq/overlay/lib/python3.12/site-packages/setuptools/build_meta.py", line 301, in _get_build_requires
          self.run_setup()
        File "/tmp/pip-build-env-p97rq2rq/overlay/lib/python3.12/site-packages/setuptools/build_meta.py", line 317, in run_setup
          exec(code, locals())
        File "<string>", line 21, in <module>
        File "/tmp/pip-download-bujby93a/pyobjc-framework-avkit_3aa6edcfac2d47348d3d8a525a75a76d/pyobjc_setup.py", line 585, in setup
          os_level = get_os_level()
                     ^^^^^^^^^^^^^^
        File "/tmp/pip-download-bujby93a/pyobjc-framework-avkit_3aa6edcfac2d47348d3d8a525a75a76d/pyobjc_setup.py", line 264, in get_os_level
          subprocess.check_output(["/usr/bin/sw_vers", "-productVersion"])
        File "/home/jackfromeast/miniconda3/lib/python3.12/subprocess.py", line 466, in check_output
          return run(*popenargs, stdout=PIPE, timeout=timeout, check=True,
                 ^^^^^^^^^^^^^^^^^^^^^^^^^^^^^^^^^^^^^^^^^^^^^^^^^^^^^^^^^
        File "/home/jackfromeast/miniconda3/lib/python3.12/subprocess.py", line 548, in run
          with Popen(*popenargs, **kwargs) as process:
               ^^^^^^^^^^^^^^^^^^^^^^^^^^^
        File "/home/jackfromeast/miniconda3/lib/python3.12/subprocess.py", line 1026, in __init__
          self._execute_child(args, executable, preexec_fn, close_fds,
        File "/home/jackfromeast/miniconda3/lib/python3.12/subprocess.py", line 1950, in _execute_child
          raise child_exception_type(errno_num, err_msg, err_filename)
      FileNotFoundError: [Errno 2] No such file or directory: '/usr/bin/sw_vers'
      [end of output]
  
  note: This error originates from a subprocess, and is likely not a problem with pip.

[notice] A new release of pip is available: 25.0 -> 25.1.1
[notice] To update, run: pip install --upgrade pip
error: subprocess-exited-with-error

× Getting requirements to build wheel did not run successfully.
│ exit code: 1
╰─> See above for output.

note: This error originates from a subprocess, and is likely not a problem with pip.
 (downloader.py:241)
2025-05-27 04:09:40,897 - PipDownloader - ERROR - Failed to download package:   error: subprocess-exited-with-error
  
  × Getting requirements to build wheel did not run successfully.
  │ exit code: 1
  ╰─> [35 lines of output]
      /tmp/pip-download-m7ppfo6a/pyobjc-framework-notificationcenter_7f176018a75047fda339afe6335b338f/pyobjc_setup.py:15: UserWarning: pkg_resources is deprecated as an API. See https://setuptools.pypa.io/en/latest/pkg_resources.html. The pkg_resources package is slated for removal as early as 2025-11-30. Refrain from using this package or pin to Setuptools<81.
        import pkg_resources
      Traceback (most recent call last):
        File "/home/jackfromeast/miniconda3/lib/python3.12/site-packages/pip/_vendor/pyproject_hooks/_in_process/_in_process.py", line 389, in <module>
          main()
        File "/home/jackfromeast/miniconda3/lib/python3.12/site-packages/pip/_vendor/pyproject_hooks/_in_process/_in_process.py", line 373, in main
          json_out["return_val"] = hook(**hook_input["kwargs"])
                                   ^^^^^^^^^^^^^^^^^^^^^^^^^^^^
        File "/home/jackfromeast/miniconda3/lib/python3.12/site-packages/pip/_vendor/pyproject_hooks/_in_process/_in_process.py", line 143, in get_requires_for_build_wheel
          return hook(config_settings)
                 ^^^^^^^^^^^^^^^^^^^^^
        File "/tmp/pip-build-env-_7jfhnx7/overlay/lib/python3.12/site-packages/setuptools/build_meta.py", line 331, in get_requires_for_build_wheel
          return self._get_build_requires(config_settings, requirements=[])
                 ^^^^^^^^^^^^^^^^^^^^^^^^^^^^^^^^^^^^^^^^^^^^^^^^^^^^^^^^^^
        File "/tmp/pip-build-env-_7jfhnx7/overlay/lib/python3.12/site-packages/setuptools/build_meta.py", line 301, in _get_build_requires
          self.run_setup()
        File "/tmp/pip-build-env-_7jfhnx7/overlay/lib/python3.12/site-packages/setuptools/build_meta.py", line 317, in run_setup
          exec(code, locals())
        File "<string>", line 20, in <module>
        File "/tmp/pip-download-m7ppfo6a/pyobjc-framework-notificationcenter_7f176018a75047fda339afe6335b338f/pyobjc_setup.py", line 585, in setup
          os_level = get_os_level()
                     ^^^^^^^^^^^^^^
        File "/tmp/pip-download-m7ppfo6a/pyobjc-framework-notificationcenter_7f176018a75047fda339afe6335b338f/pyobjc_setup.py", line 264, in get_os_level
          subprocess.check_output(["/usr/bin/sw_vers", "-productVersion"])
        File "/home/jackfromeast/miniconda3/lib/python3.12/subprocess.py", line 466, in check_output
          return run(*popenargs, stdout=PIPE, timeout=timeout, check=True,
                 ^^^^^^^^^^^^^^^^^^^^^^^^^^^^^^^^^^^^^^^^^^^^^^^^^^^^^^^^^
        File "/home/jackfromeast/miniconda3/lib/python3.12/subprocess.py", line 548, in run
          with Popen(*popenargs, **kwargs) as process:
               ^^^^^^^^^^^^^^^^^^^^^^^^^^^
        File "/home/jackfromeast/miniconda3/lib/python3.12/subprocess.py", line 1026, in __init__
          self._execute_child(args, executable, preexec_fn, close_fds,
        File "/home/jackfromeast/miniconda3/lib/python3.12/subprocess.py", line 1950, in _execute_child
          raise child_exception_type(errno_num, err_msg, err_filename)
      FileNotFoundError: [Errno 2] No such file or directory: '/usr/bin/sw_vers'
      [end of output]
  
  note: This error originates from a subprocess, and is likely not a problem with pip.

[notice] A new release of pip is available: 25.0 -> 25.1.1
[notice] To update, run: pip install --upgrade pip
error: subprocess-exited-with-error

× Getting requirements to build wheel did not run successfully.
│ exit code: 1
╰─> See above for output.

note: This error originates from a subprocess, and is likely not a problem with pip.
 (downloader.py:241)
2025-05-27 04:09:41,734 - PipDownloader - ERROR - Failed to download package:   error: subprocess-exited-with-error
  
  × Getting requirements to build wheel did not run successfully.
  │ exit code: 1
  ╰─> [35 lines of output]
      /tmp/pip-download-h1lgawmg/pyobjc-framework-multipeerconnectivity_8ab9390fc6014777bd060f9a5c12ee6e/pyobjc_setup.py:15: UserWarning: pkg_resources is deprecated as an API. See https://setuptools.pypa.io/en/latest/pkg_resources.html. The pkg_resources package is slated for removal as early as 2025-11-30. Refrain from using this package or pin to Setuptools<81.
        import pkg_resources
      Traceback (most recent call last):
        File "/home/jackfromeast/miniconda3/lib/python3.12/site-packages/pip/_vendor/pyproject_hooks/_in_process/_in_process.py", line 389, in <module>
          main()
        File "/home/jackfromeast/miniconda3/lib/python3.12/site-packages/pip/_vendor/pyproject_hooks/_in_process/_in_process.py", line 373, in main
          json_out["return_val"] = hook(**hook_input["kwargs"])
                                   ^^^^^^^^^^^^^^^^^^^^^^^^^^^^
        File "/home/jackfromeast/miniconda3/lib/python3.12/site-packages/pip/_vendor/pyproject_hooks/_in_process/_in_process.py", line 143, in get_requires_for_build_wheel
          return hook(config_settings)
                 ^^^^^^^^^^^^^^^^^^^^^
        File "/tmp/pip-build-env-2tvaysya/overlay/lib/python3.12/site-packages/setuptools/build_meta.py", line 331, in get_requires_for_build_wheel
          return self._get_build_requires(config_settings, requirements=[])
                 ^^^^^^^^^^^^^^^^^^^^^^^^^^^^^^^^^^^^^^^^^^^^^^^^^^^^^^^^^^
        File "/tmp/pip-build-env-2tvaysya/overlay/lib/python3.12/site-packages/setuptools/build_meta.py", line 301, in _get_build_requires
          self.run_setup()
        File "/tmp/pip-build-env-2tvaysya/overlay/lib/python3.12/site-packages/setuptools/build_meta.py", line 317, in run_setup
          exec(code, locals())
        File "<string>", line 20, in <module>
        File "/tmp/pip-download-h1lgawmg/pyobjc-framework-multipeerconnectivity_8ab9390fc6014777bd060f9a5c12ee6e/pyobjc_setup.py", line 585, in setup
          os_level = get_os_level()
                     ^^^^^^^^^^^^^^
        File "/tmp/pip-download-h1lgawmg/pyobjc-framework-multipeerconnectivity_8ab9390fc6014777bd060f9a5c12ee6e/pyobjc_setup.py", line 264, in get_os_level
          subprocess.check_output(["/usr/bin/sw_vers", "-productVersion"])
        File "/home/jackfromeast/miniconda3/lib/python3.12/subprocess.py", line 466, in check_output
          return run(*popenargs, stdout=PIPE, timeout=timeout, check=True,
                 ^^^^^^^^^^^^^^^^^^^^^^^^^^^^^^^^^^^^^^^^^^^^^^^^^^^^^^^^^
        File "/home/jackfromeast/miniconda3/lib/python3.12/subprocess.py", line 548, in run
          with Popen(*popenargs, **kwargs) as process:
               ^^^^^^^^^^^^^^^^^^^^^^^^^^^
        File "/home/jackfromeast/miniconda3/lib/python3.12/subprocess.py", line 1026, in __init__
          self._execute_child(args, executable, preexec_fn, close_fds,
        File "/home/jackfromeast/miniconda3/lib/python3.12/subprocess.py", line 1950, in _execute_child
          raise child_exception_type(errno_num, err_msg, err_filename)
      FileNotFoundError: [Errno 2] No such file or directory: '/usr/bin/sw_vers'
      [end of output]
  
  note: This error originates from a subprocess, and is likely not a problem with pip.

[notice] A new release of pip is available: 25.0 -> 25.1.1
[notice] To update, run: pip install --upgrade pip
error: subprocess-exited-with-error

× Getting requirements to build wheel did not run successfully.
│ exit code: 1
╰─> See above for output.

note: This error originates from a subprocess, and is likely not a problem with pip.
 (downloader.py:241)
2025-05-27 04:09:43,606 - PipDownloader - ERROR - Failed to download package:   error: subprocess-exited-with-error
  
  × Getting requirements to build wheel did not run successfully.
  │ exit code: 1
  ╰─> [35 lines of output]
      /tmp/pip-download-4_5auyc7/pyobjc-framework-photos_851d27966b1f4915b5304d1edcacc225/pyobjc_setup.py:15: UserWarning: pkg_resources is deprecated as an API. See https://setuptools.pypa.io/en/latest/pkg_resources.html. The pkg_resources package is slated for removal as early as 2025-11-30. Refrain from using this package or pin to Setuptools<81.
        import pkg_resources
      Traceback (most recent call last):
        File "/home/jackfromeast/miniconda3/lib/python3.12/site-packages/pip/_vendor/pyproject_hooks/_in_process/_in_process.py", line 389, in <module>
          main()
        File "/home/jackfromeast/miniconda3/lib/python3.12/site-packages/pip/_vendor/pyproject_hooks/_in_process/_in_process.py", line 373, in main
          json_out["return_val"] = hook(**hook_input["kwargs"])
                                   ^^^^^^^^^^^^^^^^^^^^^^^^^^^^
        File "/home/jackfromeast/miniconda3/lib/python3.12/site-packages/pip/_vendor/pyproject_hooks/_in_process/_in_process.py", line 143, in get_requires_for_build_wheel
          return hook(config_settings)
                 ^^^^^^^^^^^^^^^^^^^^^
        File "/tmp/pip-build-env-h655moxu/overlay/lib/python3.12/site-packages/setuptools/build_meta.py", line 331, in get_requires_for_build_wheel
          return self._get_build_requires(config_settings, requirements=[])
                 ^^^^^^^^^^^^^^^^^^^^^^^^^^^^^^^^^^^^^^^^^^^^^^^^^^^^^^^^^^
        File "/tmp/pip-build-env-h655moxu/overlay/lib/python3.12/site-packages/setuptools/build_meta.py", line 301, in _get_build_requires
          self.run_setup()
        File "/tmp/pip-build-env-h655moxu/overlay/lib/python3.12/site-packages/setuptools/build_meta.py", line 317, in run_setup
          exec(code, locals())
        File "<string>", line 20, in <module>
        File "/tmp/pip-download-4_5auyc7/pyobjc-framework-photos_851d27966b1f4915b5304d1edcacc225/pyobjc_setup.py", line 585, in setup
          os_level = get_os_level()
                     ^^^^^^^^^^^^^^
        File "/tmp/pip-download-4_5auyc7/pyobjc-framework-photos_851d27966b1f4915b5304d1edcacc225/pyobjc_setup.py", line 264, in get_os_level
          subprocess.check_output(["/usr/bin/sw_vers", "-productVersion"])
        File "/home/jackfromeast/miniconda3/lib/python3.12/subprocess.py", line 466, in check_output
          return run(*popenargs, stdout=PIPE, timeout=timeout, check=True,
                 ^^^^^^^^^^^^^^^^^^^^^^^^^^^^^^^^^^^^^^^^^^^^^^^^^^^^^^^^^
        File "/home/jackfromeast/miniconda3/lib/python3.12/subprocess.py", line 548, in run
          with Popen(*popenargs, **kwargs) as process:
               ^^^^^^^^^^^^^^^^^^^^^^^^^^^
        File "/home/jackfromeast/miniconda3/lib/python3.12/subprocess.py", line 1026, in __init__
          self._execute_child(args, executable, preexec_fn, close_fds,
        File "/home/jackfromeast/miniconda3/lib/python3.12/subprocess.py", line 1950, in _execute_child
          raise child_exception_type(errno_num, err_msg, err_filename)
      FileNotFoundError: [Errno 2] No such file or directory: '/usr/bin/sw_vers'
      [end of output]
  
  note: This error originates from a subprocess, and is likely not a problem with pip.

[notice] A new release of pip is available: 25.0 -> 25.1.1
[notice] To update, run: pip install --upgrade pip
error: subprocess-exited-with-error

× Getting requirements to build wheel did not run successfully.
│ exit code: 1
╰─> See above for output.

note: This error originates from a subprocess, and is likely not a problem with pip.
 (downloader.py:241)
2025-05-27 04:10:01,729 - PipDownloader - ERROR - Failed to download package:   error: subprocess-exited-with-error
  
  × Getting requirements to build wheel did not run successfully.
  │ exit code: 1
  ╰─> [35 lines of output]
      /tmp/pip-download-oya7m__t/pyobjc-framework-coremediaio_4d1b1d4fcfbd431ebe1fae028934a07b/pyobjc_setup.py:15: UserWarning: pkg_resources is deprecated as an API. See https://setuptools.pypa.io/en/latest/pkg_resources.html. The pkg_resources package is slated for removal as early as 2025-11-30. Refrain from using this package or pin to Setuptools<81.
        import pkg_resources
      Traceback (most recent call last):
        File "/home/jackfromeast/miniconda3/lib/python3.12/site-packages/pip/_vendor/pyproject_hooks/_in_process/_in_process.py", line 389, in <module>
          main()
        File "/home/jackfromeast/miniconda3/lib/python3.12/site-packages/pip/_vendor/pyproject_hooks/_in_process/_in_process.py", line 373, in main
          json_out["return_val"] = hook(**hook_input["kwargs"])
                                   ^^^^^^^^^^^^^^^^^^^^^^^^^^^^
        File "/home/jackfromeast/miniconda3/lib/python3.12/site-packages/pip/_vendor/pyproject_hooks/_in_process/_in_process.py", line 143, in get_requires_for_build_wheel
          return hook(config_settings)
                 ^^^^^^^^^^^^^^^^^^^^^
        File "/tmp/pip-build-env-6ek7_o0x/overlay/lib/python3.12/site-packages/setuptools/build_meta.py", line 331, in get_requires_for_build_wheel
          return self._get_build_requires(config_settings, requirements=[])
                 ^^^^^^^^^^^^^^^^^^^^^^^^^^^^^^^^^^^^^^^^^^^^^^^^^^^^^^^^^^
        File "/tmp/pip-build-env-6ek7_o0x/overlay/lib/python3.12/site-packages/setuptools/build_meta.py", line 301, in _get_build_requires
          self.run_setup()
        File "/tmp/pip-build-env-6ek7_o0x/overlay/lib/python3.12/site-packages/setuptools/build_meta.py", line 317, in run_setup
          exec(code, locals())
        File "<string>", line 20, in <module>
        File "/tmp/pip-download-oya7m__t/pyobjc-framework-coremediaio_4d1b1d4fcfbd431ebe1fae028934a07b/pyobjc_setup.py", line 585, in setup
          os_level = get_os_level()
                     ^^^^^^^^^^^^^^
        File "/tmp/pip-download-oya7m__t/pyobjc-framework-coremediaio_4d1b1d4fcfbd431ebe1fae028934a07b/pyobjc_setup.py", line 264, in get_os_level
          subprocess.check_output(["/usr/bin/sw_vers", "-productVersion"])
        File "/home/jackfromeast/miniconda3/lib/python3.12/subprocess.py", line 466, in check_output
          return run(*popenargs, stdout=PIPE, timeout=timeout, check=True,
                 ^^^^^^^^^^^^^^^^^^^^^^^^^^^^^^^^^^^^^^^^^^^^^^^^^^^^^^^^^
        File "/home/jackfromeast/miniconda3/lib/python3.12/subprocess.py", line 548, in run
          with Popen(*popenargs, **kwargs) as process:
               ^^^^^^^^^^^^^^^^^^^^^^^^^^^
        File "/home/jackfromeast/miniconda3/lib/python3.12/subprocess.py", line 1026, in __init__
          self._execute_child(args, executable, preexec_fn, close_fds,
        File "/home/jackfromeast/miniconda3/lib/python3.12/subprocess.py", line 1950, in _execute_child
          raise child_exception_type(errno_num, err_msg, err_filename)
      FileNotFoundError: [Errno 2] No such file or directory: '/usr/bin/sw_vers'
      [end of output]
  
  note: This error originates from a subprocess, and is likely not a problem with pip.

[notice] A new release of pip is available: 25.0 -> 25.1.1
[notice] To update, run: pip install --upgrade pip
error: subprocess-exited-with-error

× Getting requirements to build wheel did not run successfully.
│ exit code: 1
╰─> See above for output.

note: This error originates from a subprocess, and is likely not a problem with pip.
 (downloader.py:241)
2025-05-27 04:10:23,586 - PipDownloader - ERROR - Failed to download package:   error: subprocess-exited-with-error
  
  × Getting requirements to build wheel did not run successfully.
  │ exit code: 1
  ╰─> [35 lines of output]
      /tmp/pip-download-lmub5xas/pyobjc-framework-localauthentication_7e31fee988d149bb9c29f48255973bb8/pyobjc_setup.py:15: UserWarning: pkg_resources is deprecated as an API. See https://setuptools.pypa.io/en/latest/pkg_resources.html. The pkg_resources package is slated for removal as early as 2025-11-30. Refrain from using this package or pin to Setuptools<81.
        import pkg_resources
      Traceback (most recent call last):
        File "/home/jackfromeast/miniconda3/lib/python3.12/site-packages/pip/_vendor/pyproject_hooks/_in_process/_in_process.py", line 389, in <module>
          main()
        File "/home/jackfromeast/miniconda3/lib/python3.12/site-packages/pip/_vendor/pyproject_hooks/_in_process/_in_process.py", line 373, in main
          json_out["return_val"] = hook(**hook_input["kwargs"])
                                   ^^^^^^^^^^^^^^^^^^^^^^^^^^^^
        File "/home/jackfromeast/miniconda3/lib/python3.12/site-packages/pip/_vendor/pyproject_hooks/_in_process/_in_process.py", line 143, in get_requires_for_build_wheel
          return hook(config_settings)
                 ^^^^^^^^^^^^^^^^^^^^^
        File "/tmp/pip-build-env-4ecb2h43/overlay/lib/python3.12/site-packages/setuptools/build_meta.py", line 331, in get_requires_for_build_wheel
          return self._get_build_requires(config_settings, requirements=[])
                 ^^^^^^^^^^^^^^^^^^^^^^^^^^^^^^^^^^^^^^^^^^^^^^^^^^^^^^^^^^
        File "/tmp/pip-build-env-4ecb2h43/overlay/lib/python3.12/site-packages/setuptools/build_meta.py", line 301, in _get_build_requires
          self.run_setup()
        File "/tmp/pip-build-env-4ecb2h43/overlay/lib/python3.12/site-packages/setuptools/build_meta.py", line 317, in run_setup
          exec(code, locals())
        File "<string>", line 20, in <module>
        File "/tmp/pip-download-lmub5xas/pyobjc-framework-localauthentication_7e31fee988d149bb9c29f48255973bb8/pyobjc_setup.py", line 585, in setup
          os_level = get_os_level()
                     ^^^^^^^^^^^^^^
        File "/tmp/pip-download-lmub5xas/pyobjc-framework-localauthentication_7e31fee988d149bb9c29f48255973bb8/pyobjc_setup.py", line 264, in get_os_level
          subprocess.check_output(["/usr/bin/sw_vers", "-productVersion"])
        File "/home/jackfromeast/miniconda3/lib/python3.12/subprocess.py", line 466, in check_output
          return run(*popenargs, stdout=PIPE, timeout=timeout, check=True,
                 ^^^^^^^^^^^^^^^^^^^^^^^^^^^^^^^^^^^^^^^^^^^^^^^^^^^^^^^^^
        File "/home/jackfromeast/miniconda3/lib/python3.12/subprocess.py", line 548, in run
          with Popen(*popenargs, **kwargs) as process:
               ^^^^^^^^^^^^^^^^^^^^^^^^^^^
        File "/home/jackfromeast/miniconda3/lib/python3.12/subprocess.py", line 1026, in __init__
          self._execute_child(args, executable, preexec_fn, close_fds,
        File "/home/jackfromeast/miniconda3/lib/python3.12/subprocess.py", line 1950, in _execute_child
          raise child_exception_type(errno_num, err_msg, err_filename)
      FileNotFoundError: [Errno 2] No such file or directory: '/usr/bin/sw_vers'
      [end of output]
  
  note: This error originates from a subprocess, and is likely not a problem with pip.

[notice] A new release of pip is available: 25.0 -> 25.1.1
[notice] To update, run: pip install --upgrade pip
error: subprocess-exited-with-error

× Getting requirements to build wheel did not run successfully.
│ exit code: 1
╰─> See above for output.

note: This error originates from a subprocess, and is likely not a problem with pip.
 (downloader.py:241)
2025-05-27 04:10:38,735 - PipDownloader - ERROR - Failed to download package: ERROR: Could not find a version that satisfies the requirement tap-gladly (from versions: none)

[notice] A new release of pip is available: 25.0 -> 25.1.1
[notice] To update, run: pip install --upgrade pip
ERROR: No matching distribution found for tap-gladly
 (downloader.py:241)
2025-05-27 04:10:44,075 - PipDownloader - ERROR - Failed to download package:   error: subprocess-exited-with-error
  
  × Getting requirements to build wheel did not run successfully.
  │ exit code: 1
  ╰─> [35 lines of output]
      /tmp/pip-download-8dqdxjqx/pyobjc-framework-securityinterface_c495ecf70919443392f18d2934ac2d02/pyobjc_setup.py:15: UserWarning: pkg_resources is deprecated as an API. See https://setuptools.pypa.io/en/latest/pkg_resources.html. The pkg_resources package is slated for removal as early as 2025-11-30. Refrain from using this package or pin to Setuptools<81.
        import pkg_resources
      Traceback (most recent call last):
        File "/home/jackfromeast/miniconda3/lib/python3.12/site-packages/pip/_vendor/pyproject_hooks/_in_process/_in_process.py", line 389, in <module>
          main()
        File "/home/jackfromeast/miniconda3/lib/python3.12/site-packages/pip/_vendor/pyproject_hooks/_in_process/_in_process.py", line 373, in main
          json_out["return_val"] = hook(**hook_input["kwargs"])
                                   ^^^^^^^^^^^^^^^^^^^^^^^^^^^^
        File "/home/jackfromeast/miniconda3/lib/python3.12/site-packages/pip/_vendor/pyproject_hooks/_in_process/_in_process.py", line 143, in get_requires_for_build_wheel
          return hook(config_settings)
                 ^^^^^^^^^^^^^^^^^^^^^
        File "/tmp/pip-build-env-3mz11ftj/overlay/lib/python3.12/site-packages/setuptools/build_meta.py", line 331, in get_requires_for_build_wheel
          return self._get_build_requires(config_settings, requirements=[])
                 ^^^^^^^^^^^^^^^^^^^^^^^^^^^^^^^^^^^^^^^^^^^^^^^^^^^^^^^^^^
        File "/tmp/pip-build-env-3mz11ftj/overlay/lib/python3.12/site-packages/setuptools/build_meta.py", line 301, in _get_build_requires
          self.run_setup()
        File "/tmp/pip-build-env-3mz11ftj/overlay/lib/python3.12/site-packages/setuptools/build_meta.py", line 317, in run_setup
          exec(code, locals())
        File "<string>", line 20, in <module>
        File "/tmp/pip-download-8dqdxjqx/pyobjc-framework-securityinterface_c495ecf70919443392f18d2934ac2d02/pyobjc_setup.py", line 585, in setup
          os_level = get_os_level()
                     ^^^^^^^^^^^^^^
        File "/tmp/pip-download-8dqdxjqx/pyobjc-framework-securityinterface_c495ecf70919443392f18d2934ac2d02/pyobjc_setup.py", line 264, in get_os_level
          subprocess.check_output(["/usr/bin/sw_vers", "-productVersion"])
        File "/home/jackfromeast/miniconda3/lib/python3.12/subprocess.py", line 466, in check_output
          return run(*popenargs, stdout=PIPE, timeout=timeout, check=True,
                 ^^^^^^^^^^^^^^^^^^^^^^^^^^^^^^^^^^^^^^^^^^^^^^^^^^^^^^^^^
        File "/home/jackfromeast/miniconda3/lib/python3.12/subprocess.py", line 548, in run
          with Popen(*popenargs, **kwargs) as process:
               ^^^^^^^^^^^^^^^^^^^^^^^^^^^
        File "/home/jackfromeast/miniconda3/lib/python3.12/subprocess.py", line 1026, in __init__
          self._execute_child(args, executable, preexec_fn, close_fds,
        File "/home/jackfromeast/miniconda3/lib/python3.12/subprocess.py", line 1950, in _execute_child
          raise child_exception_type(errno_num, err_msg, err_filename)
      FileNotFoundError: [Errno 2] No such file or directory: '/usr/bin/sw_vers'
      [end of output]
  
  note: This error originates from a subprocess, and is likely not a problem with pip.

[notice] A new release of pip is available: 25.0 -> 25.1.1
[notice] To update, run: pip install --upgrade pip
error: subprocess-exited-with-error

× Getting requirements to build wheel did not run successfully.
│ exit code: 1
╰─> See above for output.

note: This error originates from a subprocess, and is likely not a problem with pip.
 (downloader.py:241)
2025-05-27 04:10:44,681 - PipDownloader - ERROR - Failed to download package: ERROR: Could not find a version that satisfies the requirement tap-aftership (from versions: none)

[notice] A new release of pip is available: 25.0 -> 25.1.1
[notice] To update, run: pip install --upgrade pip
ERROR: No matching distribution found for tap-aftership
 (downloader.py:241)
2025-05-27 04:10:47,766 - PipDownloader - ERROR - Failed to download package:   error: subprocess-exited-with-error
  
  × Getting requirements to build wheel did not run successfully.
  │ exit code: 1
  ╰─> [35 lines of output]
      /tmp/pip-download-bzuvy5sj/pyobjc-framework-spritekit_33816c247e2146c78d7a325112605970/pyobjc_setup.py:15: UserWarning: pkg_resources is deprecated as an API. See https://setuptools.pypa.io/en/latest/pkg_resources.html. The pkg_resources package is slated for removal as early as 2025-11-30. Refrain from using this package or pin to Setuptools<81.
        import pkg_resources
      Traceback (most recent call last):
        File "/home/jackfromeast/miniconda3/lib/python3.12/site-packages/pip/_vendor/pyproject_hooks/_in_process/_in_process.py", line 389, in <module>
          main()
        File "/home/jackfromeast/miniconda3/lib/python3.12/site-packages/pip/_vendor/pyproject_hooks/_in_process/_in_process.py", line 373, in main
          json_out["return_val"] = hook(**hook_input["kwargs"])
                                   ^^^^^^^^^^^^^^^^^^^^^^^^^^^^
        File "/home/jackfromeast/miniconda3/lib/python3.12/site-packages/pip/_vendor/pyproject_hooks/_in_process/_in_process.py", line 143, in get_requires_for_build_wheel
          return hook(config_settings)
                 ^^^^^^^^^^^^^^^^^^^^^
        File "/tmp/pip-build-env-l52ayxab/overlay/lib/python3.12/site-packages/setuptools/build_meta.py", line 331, in get_requires_for_build_wheel
          return self._get_build_requires(config_settings, requirements=[])
                 ^^^^^^^^^^^^^^^^^^^^^^^^^^^^^^^^^^^^^^^^^^^^^^^^^^^^^^^^^^
        File "/tmp/pip-build-env-l52ayxab/overlay/lib/python3.12/site-packages/setuptools/build_meta.py", line 301, in _get_build_requires
          self.run_setup()
        File "/tmp/pip-build-env-l52ayxab/overlay/lib/python3.12/site-packages/setuptools/build_meta.py", line 317, in run_setup
          exec(code, locals())
        File "<string>", line 20, in <module>
        File "/tmp/pip-download-bzuvy5sj/pyobjc-framework-spritekit_33816c247e2146c78d7a325112605970/pyobjc_setup.py", line 585, in setup
          os_level = get_os_level()
                     ^^^^^^^^^^^^^^
        File "/tmp/pip-download-bzuvy5sj/pyobjc-framework-spritekit_33816c247e2146c78d7a325112605970/pyobjc_setup.py", line 264, in get_os_level
          subprocess.check_output(["/usr/bin/sw_vers", "-productVersion"])
        File "/home/jackfromeast/miniconda3/lib/python3.12/subprocess.py", line 466, in check_output
          return run(*popenargs, stdout=PIPE, timeout=timeout, check=True,
                 ^^^^^^^^^^^^^^^^^^^^^^^^^^^^^^^^^^^^^^^^^^^^^^^^^^^^^^^^^
        File "/home/jackfromeast/miniconda3/lib/python3.12/subprocess.py", line 548, in run
          with Popen(*popenargs, **kwargs) as process:
               ^^^^^^^^^^^^^^^^^^^^^^^^^^^
        File "/home/jackfromeast/miniconda3/lib/python3.12/subprocess.py", line 1026, in __init__
          self._execute_child(args, executable, preexec_fn, close_fds,
        File "/home/jackfromeast/miniconda3/lib/python3.12/subprocess.py", line 1950, in _execute_child
          raise child_exception_type(errno_num, err_msg, err_filename)
      FileNotFoundError: [Errno 2] No such file or directory: '/usr/bin/sw_vers'
      [end of output]
  
  note: This error originates from a subprocess, and is likely not a problem with pip.

[notice] A new release of pip is available: 25.0 -> 25.1.1
[notice] To update, run: pip install --upgrade pip
error: subprocess-exited-with-error

× Getting requirements to build wheel did not run successfully.
│ exit code: 1
╰─> See above for output.

note: This error originates from a subprocess, and is likely not a problem with pip.
 (downloader.py:241)
2025-05-27 04:11:02,468 - PipDownloader - ERROR - Failed to download package:   error: subprocess-exited-with-error
  
  × Getting requirements to build wheel did not run successfully.
  │ exit code: 1
  ╰─> [35 lines of output]
      /tmp/pip-download-jy0gmhxe/pyobjc-framework-gamecenter_7806a70b0e17443cbbb5fe3931686b9c/pyobjc_setup.py:15: UserWarning: pkg_resources is deprecated as an API. See https://setuptools.pypa.io/en/latest/pkg_resources.html. The pkg_resources package is slated for removal as early as 2025-11-30. Refrain from using this package or pin to Setuptools<81.
        import pkg_resources
      Traceback (most recent call last):
        File "/home/jackfromeast/miniconda3/lib/python3.12/site-packages/pip/_vendor/pyproject_hooks/_in_process/_in_process.py", line 389, in <module>
          main()
        File "/home/jackfromeast/miniconda3/lib/python3.12/site-packages/pip/_vendor/pyproject_hooks/_in_process/_in_process.py", line 373, in main
          json_out["return_val"] = hook(**hook_input["kwargs"])
                                   ^^^^^^^^^^^^^^^^^^^^^^^^^^^^
        File "/home/jackfromeast/miniconda3/lib/python3.12/site-packages/pip/_vendor/pyproject_hooks/_in_process/_in_process.py", line 143, in get_requires_for_build_wheel
          return hook(config_settings)
                 ^^^^^^^^^^^^^^^^^^^^^
        File "/tmp/pip-build-env-krw9r9a7/overlay/lib/python3.12/site-packages/setuptools/build_meta.py", line 331, in get_requires_for_build_wheel
          return self._get_build_requires(config_settings, requirements=[])
                 ^^^^^^^^^^^^^^^^^^^^^^^^^^^^^^^^^^^^^^^^^^^^^^^^^^^^^^^^^^
        File "/tmp/pip-build-env-krw9r9a7/overlay/lib/python3.12/site-packages/setuptools/build_meta.py", line 301, in _get_build_requires
          self.run_setup()
        File "/tmp/pip-build-env-krw9r9a7/overlay/lib/python3.12/site-packages/setuptools/build_meta.py", line 317, in run_setup
          exec(code, locals())
        File "<string>", line 20, in <module>
        File "/tmp/pip-download-jy0gmhxe/pyobjc-framework-gamecenter_7806a70b0e17443cbbb5fe3931686b9c/pyobjc_setup.py", line 585, in setup
          os_level = get_os_level()
                     ^^^^^^^^^^^^^^
        File "/tmp/pip-download-jy0gmhxe/pyobjc-framework-gamecenter_7806a70b0e17443cbbb5fe3931686b9c/pyobjc_setup.py", line 264, in get_os_level
          subprocess.check_output(["/usr/bin/sw_vers", "-productVersion"])
        File "/home/jackfromeast/miniconda3/lib/python3.12/subprocess.py", line 466, in check_output
          return run(*popenargs, stdout=PIPE, timeout=timeout, check=True,
                 ^^^^^^^^^^^^^^^^^^^^^^^^^^^^^^^^^^^^^^^^^^^^^^^^^^^^^^^^^
        File "/home/jackfromeast/miniconda3/lib/python3.12/subprocess.py", line 548, in run
          with Popen(*popenargs, **kwargs) as process:
               ^^^^^^^^^^^^^^^^^^^^^^^^^^^
        File "/home/jackfromeast/miniconda3/lib/python3.12/subprocess.py", line 1026, in __init__
          self._execute_child(args, executable, preexec_fn, close_fds,
        File "/home/jackfromeast/miniconda3/lib/python3.12/subprocess.py", line 1950, in _execute_child
          raise child_exception_type(errno_num, err_msg, err_filename)
      FileNotFoundError: [Errno 2] No such file or directory: '/usr/bin/sw_vers'
      [end of output]
  
  note: This error originates from a subprocess, and is likely not a problem with pip.

[notice] A new release of pip is available: 25.0 -> 25.1.1
[notice] To update, run: pip install --upgrade pip
error: subprocess-exited-with-error

× Getting requirements to build wheel did not run successfully.
│ exit code: 1
╰─> See above for output.

note: This error originates from a subprocess, and is likely not a problem with pip.
 (downloader.py:241)
2025-05-27 04:11:05,527 - PipDownloader - ERROR - Failed to download package:   error: subprocess-exited-with-error
  
  × Getting requirements to build wheel did not run successfully.
  │ exit code: 1
  ╰─> [35 lines of output]
      /tmp/pip-download-x4h155yj/pyobjc-framework-contactsui_aa7048b29564475b8250467b96075208/pyobjc_setup.py:15: UserWarning: pkg_resources is deprecated as an API. See https://setuptools.pypa.io/en/latest/pkg_resources.html. The pkg_resources package is slated for removal as early as 2025-11-30. Refrain from using this package or pin to Setuptools<81.
        import pkg_resources
      Traceback (most recent call last):
        File "/home/jackfromeast/miniconda3/lib/python3.12/site-packages/pip/_vendor/pyproject_hooks/_in_process/_in_process.py", line 389, in <module>
          main()
        File "/home/jackfromeast/miniconda3/lib/python3.12/site-packages/pip/_vendor/pyproject_hooks/_in_process/_in_process.py", line 373, in main
          json_out["return_val"] = hook(**hook_input["kwargs"])
                                   ^^^^^^^^^^^^^^^^^^^^^^^^^^^^
        File "/home/jackfromeast/miniconda3/lib/python3.12/site-packages/pip/_vendor/pyproject_hooks/_in_process/_in_process.py", line 143, in get_requires_for_build_wheel
          return hook(config_settings)
                 ^^^^^^^^^^^^^^^^^^^^^
        File "/tmp/pip-build-env-951q4524/overlay/lib/python3.12/site-packages/setuptools/build_meta.py", line 331, in get_requires_for_build_wheel
          return self._get_build_requires(config_settings, requirements=[])
                 ^^^^^^^^^^^^^^^^^^^^^^^^^^^^^^^^^^^^^^^^^^^^^^^^^^^^^^^^^^
        File "/tmp/pip-build-env-951q4524/overlay/lib/python3.12/site-packages/setuptools/build_meta.py", line 301, in _get_build_requires
          self.run_setup()
        File "/tmp/pip-build-env-951q4524/overlay/lib/python3.12/site-packages/setuptools/build_meta.py", line 317, in run_setup
          exec(code, locals())
        File "<string>", line 20, in <module>
        File "/tmp/pip-download-x4h155yj/pyobjc-framework-contactsui_aa7048b29564475b8250467b96075208/pyobjc_setup.py", line 585, in setup
          os_level = get_os_level()
                     ^^^^^^^^^^^^^^
        File "/tmp/pip-download-x4h155yj/pyobjc-framework-contactsui_aa7048b29564475b8250467b96075208/pyobjc_setup.py", line 264, in get_os_level
          subprocess.check_output(["/usr/bin/sw_vers", "-productVersion"])
        File "/home/jackfromeast/miniconda3/lib/python3.12/subprocess.py", line 466, in check_output
          return run(*popenargs, stdout=PIPE, timeout=timeout, check=True,
                 ^^^^^^^^^^^^^^^^^^^^^^^^^^^^^^^^^^^^^^^^^^^^^^^^^^^^^^^^^
        File "/home/jackfromeast/miniconda3/lib/python3.12/subprocess.py", line 548, in run
          with Popen(*popenargs, **kwargs) as process:
               ^^^^^^^^^^^^^^^^^^^^^^^^^^^
        File "/home/jackfromeast/miniconda3/lib/python3.12/subprocess.py", line 1026, in __init__
          self._execute_child(args, executable, preexec_fn, close_fds,
        File "/home/jackfromeast/miniconda3/lib/python3.12/subprocess.py", line 1950, in _execute_child
          raise child_exception_type(errno_num, err_msg, err_filename)
      FileNotFoundError: [Errno 2] No such file or directory: '/usr/bin/sw_vers'
      [end of output]
  
  note: This error originates from a subprocess, and is likely not a problem with pip.

[notice] A new release of pip is available: 25.0 -> 25.1.1
[notice] To update, run: pip install --upgrade pip
error: subprocess-exited-with-error

× Getting requirements to build wheel did not run successfully.
│ exit code: 1
╰─> See above for output.

note: This error originates from a subprocess, and is likely not a problem with pip.
 (downloader.py:241)
2025-05-27 04:11:09,897 - PipDownloader - ERROR - Failed to download package:   error: subprocess-exited-with-error
  
  × Getting requirements to build wheel did not run successfully.
  │ exit code: 1
  ╰─> [35 lines of output]
      /tmp/pip-download-dl8wsnni/pyobjc-framework-cryptotokenkit_e571d097257a480ea99e449da97ffe74/pyobjc_setup.py:15: UserWarning: pkg_resources is deprecated as an API. See https://setuptools.pypa.io/en/latest/pkg_resources.html. The pkg_resources package is slated for removal as early as 2025-11-30. Refrain from using this package or pin to Setuptools<81.
        import pkg_resources
      Traceback (most recent call last):
        File "/home/jackfromeast/miniconda3/lib/python3.12/site-packages/pip/_vendor/pyproject_hooks/_in_process/_in_process.py", line 389, in <module>
          main()
        File "/home/jackfromeast/miniconda3/lib/python3.12/site-packages/pip/_vendor/pyproject_hooks/_in_process/_in_process.py", line 373, in main
          json_out["return_val"] = hook(**hook_input["kwargs"])
                                   ^^^^^^^^^^^^^^^^^^^^^^^^^^^^
        File "/home/jackfromeast/miniconda3/lib/python3.12/site-packages/pip/_vendor/pyproject_hooks/_in_process/_in_process.py", line 143, in get_requires_for_build_wheel
          return hook(config_settings)
                 ^^^^^^^^^^^^^^^^^^^^^
        File "/tmp/pip-build-env-9usltimg/overlay/lib/python3.12/site-packages/setuptools/build_meta.py", line 331, in get_requires_for_build_wheel
          return self._get_build_requires(config_settings, requirements=[])
                 ^^^^^^^^^^^^^^^^^^^^^^^^^^^^^^^^^^^^^^^^^^^^^^^^^^^^^^^^^^
        File "/tmp/pip-build-env-9usltimg/overlay/lib/python3.12/site-packages/setuptools/build_meta.py", line 301, in _get_build_requires
          self.run_setup()
        File "/tmp/pip-build-env-9usltimg/overlay/lib/python3.12/site-packages/setuptools/build_meta.py", line 317, in run_setup
          exec(code, locals())
        File "<string>", line 20, in <module>
        File "/tmp/pip-download-dl8wsnni/pyobjc-framework-cryptotokenkit_e571d097257a480ea99e449da97ffe74/pyobjc_setup.py", line 585, in setup
          os_level = get_os_level()
                     ^^^^^^^^^^^^^^
        File "/tmp/pip-download-dl8wsnni/pyobjc-framework-cryptotokenkit_e571d097257a480ea99e449da97ffe74/pyobjc_setup.py", line 264, in get_os_level
          subprocess.check_output(["/usr/bin/sw_vers", "-productVersion"])
        File "/home/jackfromeast/miniconda3/lib/python3.12/subprocess.py", line 466, in check_output
          return run(*popenargs, stdout=PIPE, timeout=timeout, check=True,
                 ^^^^^^^^^^^^^^^^^^^^^^^^^^^^^^^^^^^^^^^^^^^^^^^^^^^^^^^^^
        File "/home/jackfromeast/miniconda3/lib/python3.12/subprocess.py", line 548, in run
          with Popen(*popenargs, **kwargs) as process:
               ^^^^^^^^^^^^^^^^^^^^^^^^^^^
        File "/home/jackfromeast/miniconda3/lib/python3.12/subprocess.py", line 1026, in __init__
          self._execute_child(args, executable, preexec_fn, close_fds,
        File "/home/jackfromeast/miniconda3/lib/python3.12/subprocess.py", line 1950, in _execute_child
          raise child_exception_type(errno_num, err_msg, err_filename)
      FileNotFoundError: [Errno 2] No such file or directory: '/usr/bin/sw_vers'
      [end of output]
  
  note: This error originates from a subprocess, and is likely not a problem with pip.

[notice] A new release of pip is available: 25.0 -> 25.1.1
[notice] To update, run: pip install --upgrade pip
error: subprocess-exited-with-error

× Getting requirements to build wheel did not run successfully.
│ exit code: 1
╰─> See above for output.

note: This error originates from a subprocess, and is likely not a problem with pip.
 (downloader.py:241)
2025-05-27 04:11:27,834 - PipDownloader - ERROR - Failed to download package:   error: subprocess-exited-with-error
  
  × Getting requirements to build wheel did not run successfully.
  │ exit code: 1
  ╰─> [35 lines of output]
      /tmp/pip-download-7jz8f3ao/pyobjc-framework-imagecapturecore_8486df0d28e840dca1b0b12299905470/pyobjc_setup.py:15: UserWarning: pkg_resources is deprecated as an API. See https://setuptools.pypa.io/en/latest/pkg_resources.html. The pkg_resources package is slated for removal as early as 2025-11-30. Refrain from using this package or pin to Setuptools<81.
        import pkg_resources
      Traceback (most recent call last):
        File "/home/jackfromeast/miniconda3/lib/python3.12/site-packages/pip/_vendor/pyproject_hooks/_in_process/_in_process.py", line 389, in <module>
          main()
        File "/home/jackfromeast/miniconda3/lib/python3.12/site-packages/pip/_vendor/pyproject_hooks/_in_process/_in_process.py", line 373, in main
          json_out["return_val"] = hook(**hook_input["kwargs"])
                                   ^^^^^^^^^^^^^^^^^^^^^^^^^^^^
        File "/home/jackfromeast/miniconda3/lib/python3.12/site-packages/pip/_vendor/pyproject_hooks/_in_process/_in_process.py", line 143, in get_requires_for_build_wheel
          return hook(config_settings)
                 ^^^^^^^^^^^^^^^^^^^^^
        File "/tmp/pip-build-env-0eudt0o2/overlay/lib/python3.12/site-packages/setuptools/build_meta.py", line 331, in get_requires_for_build_wheel
          return self._get_build_requires(config_settings, requirements=[])
                 ^^^^^^^^^^^^^^^^^^^^^^^^^^^^^^^^^^^^^^^^^^^^^^^^^^^^^^^^^^
        File "/tmp/pip-build-env-0eudt0o2/overlay/lib/python3.12/site-packages/setuptools/build_meta.py", line 301, in _get_build_requires
          self.run_setup()
        File "/tmp/pip-build-env-0eudt0o2/overlay/lib/python3.12/site-packages/setuptools/build_meta.py", line 317, in run_setup
          exec(code, locals())
        File "<string>", line 20, in <module>
        File "/tmp/pip-download-7jz8f3ao/pyobjc-framework-imagecapturecore_8486df0d28e840dca1b0b12299905470/pyobjc_setup.py", line 585, in setup
          os_level = get_os_level()
                     ^^^^^^^^^^^^^^
        File "/tmp/pip-download-7jz8f3ao/pyobjc-framework-imagecapturecore_8486df0d28e840dca1b0b12299905470/pyobjc_setup.py", line 264, in get_os_level
          subprocess.check_output(["/usr/bin/sw_vers", "-productVersion"])
        File "/home/jackfromeast/miniconda3/lib/python3.12/subprocess.py", line 466, in check_output
          return run(*popenargs, stdout=PIPE, timeout=timeout, check=True,
                 ^^^^^^^^^^^^^^^^^^^^^^^^^^^^^^^^^^^^^^^^^^^^^^^^^^^^^^^^^
        File "/home/jackfromeast/miniconda3/lib/python3.12/subprocess.py", line 548, in run
          with Popen(*popenargs, **kwargs) as process:
               ^^^^^^^^^^^^^^^^^^^^^^^^^^^
        File "/home/jackfromeast/miniconda3/lib/python3.12/subprocess.py", line 1026, in __init__
          self._execute_child(args, executable, preexec_fn, close_fds,
        File "/home/jackfromeast/miniconda3/lib/python3.12/subprocess.py", line 1950, in _execute_child
          raise child_exception_type(errno_num, err_msg, err_filename)
      FileNotFoundError: [Errno 2] No such file or directory: '/usr/bin/sw_vers'
      [end of output]
  
  note: This error originates from a subprocess, and is likely not a problem with pip.

[notice] A new release of pip is available: 25.0 -> 25.1.1
[notice] To update, run: pip install --upgrade pip
error: subprocess-exited-with-error

× Getting requirements to build wheel did not run successfully.
│ exit code: 1
╰─> See above for output.

note: This error originates from a subprocess, and is likely not a problem with pip.
 (downloader.py:241)
2025-05-27 04:11:28,384 - PipDownloader - ERROR - Failed to download package:   error: subprocess-exited-with-error
  
  × Getting requirements to build wheel did not run successfully.
  │ exit code: 1
  ╰─> [35 lines of output]
      /tmp/pip-download-kmp0ifmm/pyobjc-framework-externalaccessory_3d5ffc8d90844cbcad73367346329e6f/pyobjc_setup.py:15: UserWarning: pkg_resources is deprecated as an API. See https://setuptools.pypa.io/en/latest/pkg_resources.html. The pkg_resources package is slated for removal as early as 2025-11-30. Refrain from using this package or pin to Setuptools<81.
        import pkg_resources
      Traceback (most recent call last):
        File "/home/jackfromeast/miniconda3/lib/python3.12/site-packages/pip/_vendor/pyproject_hooks/_in_process/_in_process.py", line 389, in <module>
          main()
        File "/home/jackfromeast/miniconda3/lib/python3.12/site-packages/pip/_vendor/pyproject_hooks/_in_process/_in_process.py", line 373, in main
          json_out["return_val"] = hook(**hook_input["kwargs"])
                                   ^^^^^^^^^^^^^^^^^^^^^^^^^^^^
        File "/home/jackfromeast/miniconda3/lib/python3.12/site-packages/pip/_vendor/pyproject_hooks/_in_process/_in_process.py", line 143, in get_requires_for_build_wheel
          return hook(config_settings)
                 ^^^^^^^^^^^^^^^^^^^^^
        File "/tmp/pip-build-env-rvnmi5i4/overlay/lib/python3.12/site-packages/setuptools/build_meta.py", line 331, in get_requires_for_build_wheel
          return self._get_build_requires(config_settings, requirements=[])
                 ^^^^^^^^^^^^^^^^^^^^^^^^^^^^^^^^^^^^^^^^^^^^^^^^^^^^^^^^^^
        File "/tmp/pip-build-env-rvnmi5i4/overlay/lib/python3.12/site-packages/setuptools/build_meta.py", line 301, in _get_build_requires
          self.run_setup()
        File "/tmp/pip-build-env-rvnmi5i4/overlay/lib/python3.12/site-packages/setuptools/build_meta.py", line 317, in run_setup
          exec(code, locals())
        File "<string>", line 20, in <module>
        File "/tmp/pip-download-kmp0ifmm/pyobjc-framework-externalaccessory_3d5ffc8d90844cbcad73367346329e6f/pyobjc_setup.py", line 585, in setup
          os_level = get_os_level()
                     ^^^^^^^^^^^^^^
        File "/tmp/pip-download-kmp0ifmm/pyobjc-framework-externalaccessory_3d5ffc8d90844cbcad73367346329e6f/pyobjc_setup.py", line 264, in get_os_level
          subprocess.check_output(["/usr/bin/sw_vers", "-productVersion"])
        File "/home/jackfromeast/miniconda3/lib/python3.12/subprocess.py", line 466, in check_output
          return run(*popenargs, stdout=PIPE, timeout=timeout, check=True,
                 ^^^^^^^^^^^^^^^^^^^^^^^^^^^^^^^^^^^^^^^^^^^^^^^^^^^^^^^^^
        File "/home/jackfromeast/miniconda3/lib/python3.12/subprocess.py", line 548, in run
          with Popen(*popenargs, **kwargs) as process:
               ^^^^^^^^^^^^^^^^^^^^^^^^^^^
        File "/home/jackfromeast/miniconda3/lib/python3.12/subprocess.py", line 1026, in __init__
          self._execute_child(args, executable, preexec_fn, close_fds,
        File "/home/jackfromeast/miniconda3/lib/python3.12/subprocess.py", line 1950, in _execute_child
          raise child_exception_type(errno_num, err_msg, err_filename)
      FileNotFoundError: [Errno 2] No such file or directory: '/usr/bin/sw_vers'
      [end of output]
  
  note: This error originates from a subprocess, and is likely not a problem with pip.

[notice] A new release of pip is available: 25.0 -> 25.1.1
[notice] To update, run: pip install --upgrade pip
error: subprocess-exited-with-error

× Getting requirements to build wheel did not run successfully.
│ exit code: 1
╰─> See above for output.

note: This error originates from a subprocess, and is likely not a problem with pip.
 (downloader.py:241)
2025-05-27 04:11:30,683 - PipDownloader - ERROR - Failed to download package:   error: subprocess-exited-with-error
  
  × Getting requirements to build wheel did not run successfully.
  │ exit code: 1
  ╰─> [35 lines of output]
      /tmp/pip-download-z7iu7vs0/pyobjc-framework-network_9ca854527044475c9bb53054df4319d0/pyobjc_setup.py:15: UserWarning: pkg_resources is deprecated as an API. See https://setuptools.pypa.io/en/latest/pkg_resources.html. The pkg_resources package is slated for removal as early as 2025-11-30. Refrain from using this package or pin to Setuptools<81.
        import pkg_resources
      Traceback (most recent call last):
        File "/home/jackfromeast/miniconda3/lib/python3.12/site-packages/pip/_vendor/pyproject_hooks/_in_process/_in_process.py", line 389, in <module>
          main()
        File "/home/jackfromeast/miniconda3/lib/python3.12/site-packages/pip/_vendor/pyproject_hooks/_in_process/_in_process.py", line 373, in main
          json_out["return_val"] = hook(**hook_input["kwargs"])
                                   ^^^^^^^^^^^^^^^^^^^^^^^^^^^^
        File "/home/jackfromeast/miniconda3/lib/python3.12/site-packages/pip/_vendor/pyproject_hooks/_in_process/_in_process.py", line 143, in get_requires_for_build_wheel
          return hook(config_settings)
                 ^^^^^^^^^^^^^^^^^^^^^
        File "/tmp/pip-build-env-rkxwgt_c/overlay/lib/python3.12/site-packages/setuptools/build_meta.py", line 331, in get_requires_for_build_wheel
          return self._get_build_requires(config_settings, requirements=[])
                 ^^^^^^^^^^^^^^^^^^^^^^^^^^^^^^^^^^^^^^^^^^^^^^^^^^^^^^^^^^
        File "/tmp/pip-build-env-rkxwgt_c/overlay/lib/python3.12/site-packages/setuptools/build_meta.py", line 301, in _get_build_requires
          self.run_setup()
        File "/tmp/pip-build-env-rkxwgt_c/overlay/lib/python3.12/site-packages/setuptools/build_meta.py", line 317, in run_setup
          exec(code, locals())
        File "<string>", line 19, in <module>
        File "/tmp/pip-download-z7iu7vs0/pyobjc-framework-network_9ca854527044475c9bb53054df4319d0/pyobjc_setup.py", line 585, in setup
          os_level = get_os_level()
                     ^^^^^^^^^^^^^^
        File "/tmp/pip-download-z7iu7vs0/pyobjc-framework-network_9ca854527044475c9bb53054df4319d0/pyobjc_setup.py", line 264, in get_os_level
          subprocess.check_output(["/usr/bin/sw_vers", "-productVersion"])
        File "/home/jackfromeast/miniconda3/lib/python3.12/subprocess.py", line 466, in check_output
          return run(*popenargs, stdout=PIPE, timeout=timeout, check=True,
                 ^^^^^^^^^^^^^^^^^^^^^^^^^^^^^^^^^^^^^^^^^^^^^^^^^^^^^^^^^
        File "/home/jackfromeast/miniconda3/lib/python3.12/subprocess.py", line 548, in run
          with Popen(*popenargs, **kwargs) as process:
               ^^^^^^^^^^^^^^^^^^^^^^^^^^^
        File "/home/jackfromeast/miniconda3/lib/python3.12/subprocess.py", line 1026, in __init__
          self._execute_child(args, executable, preexec_fn, close_fds,
        File "/home/jackfromeast/miniconda3/lib/python3.12/subprocess.py", line 1950, in _execute_child
          raise child_exception_type(errno_num, err_msg, err_filename)
      FileNotFoundError: [Errno 2] No such file or directory: '/usr/bin/sw_vers'
      [end of output]
  
  note: This error originates from a subprocess, and is likely not a problem with pip.

[notice] A new release of pip is available: 25.0 -> 25.1.1
[notice] To update, run: pip install --upgrade pip
error: subprocess-exited-with-error

× Getting requirements to build wheel did not run successfully.
│ exit code: 1
╰─> See above for output.

note: This error originates from a subprocess, and is likely not a problem with pip.
 (downloader.py:241)
2025-05-27 04:11:31,265 - PipDownloader - ERROR - Failed to download package:   error: subprocess-exited-with-error
  
  × Getting requirements to build wheel did not run successfully.
  │ exit code: 1
  ╰─> [35 lines of output]
      /tmp/pip-download-bj647ojm/pyobjc-framework-networkextension_74c4f15a06154faca5cf3f6a2cacd2b9/pyobjc_setup.py:15: UserWarning: pkg_resources is deprecated as an API. See https://setuptools.pypa.io/en/latest/pkg_resources.html. The pkg_resources package is slated for removal as early as 2025-11-30. Refrain from using this package or pin to Setuptools<81.
        import pkg_resources
      Traceback (most recent call last):
        File "/home/jackfromeast/miniconda3/lib/python3.12/site-packages/pip/_vendor/pyproject_hooks/_in_process/_in_process.py", line 389, in <module>
          main()
        File "/home/jackfromeast/miniconda3/lib/python3.12/site-packages/pip/_vendor/pyproject_hooks/_in_process/_in_process.py", line 373, in main
          json_out["return_val"] = hook(**hook_input["kwargs"])
                                   ^^^^^^^^^^^^^^^^^^^^^^^^^^^^
        File "/home/jackfromeast/miniconda3/lib/python3.12/site-packages/pip/_vendor/pyproject_hooks/_in_process/_in_process.py", line 143, in get_requires_for_build_wheel
          return hook(config_settings)
                 ^^^^^^^^^^^^^^^^^^^^^
        File "/tmp/pip-build-env-k84fuuo0/overlay/lib/python3.12/site-packages/setuptools/build_meta.py", line 331, in get_requires_for_build_wheel
          return self._get_build_requires(config_settings, requirements=[])
                 ^^^^^^^^^^^^^^^^^^^^^^^^^^^^^^^^^^^^^^^^^^^^^^^^^^^^^^^^^^
        File "/tmp/pip-build-env-k84fuuo0/overlay/lib/python3.12/site-packages/setuptools/build_meta.py", line 301, in _get_build_requires
          self.run_setup()
        File "/tmp/pip-build-env-k84fuuo0/overlay/lib/python3.12/site-packages/setuptools/build_meta.py", line 317, in run_setup
          exec(code, locals())
        File "<string>", line 19, in <module>
        File "/tmp/pip-download-bj647ojm/pyobjc-framework-networkextension_74c4f15a06154faca5cf3f6a2cacd2b9/pyobjc_setup.py", line 585, in setup
          os_level = get_os_level()
                     ^^^^^^^^^^^^^^
        File "/tmp/pip-download-bj647ojm/pyobjc-framework-networkextension_74c4f15a06154faca5cf3f6a2cacd2b9/pyobjc_setup.py", line 264, in get_os_level
          subprocess.check_output(["/usr/bin/sw_vers", "-productVersion"])
        File "/home/jackfromeast/miniconda3/lib/python3.12/subprocess.py", line 466, in check_output
          return run(*popenargs, stdout=PIPE, timeout=timeout, check=True,
                 ^^^^^^^^^^^^^^^^^^^^^^^^^^^^^^^^^^^^^^^^^^^^^^^^^^^^^^^^^
        File "/home/jackfromeast/miniconda3/lib/python3.12/subprocess.py", line 548, in run
          with Popen(*popenargs, **kwargs) as process:
               ^^^^^^^^^^^^^^^^^^^^^^^^^^^
        File "/home/jackfromeast/miniconda3/lib/python3.12/subprocess.py", line 1026, in __init__
          self._execute_child(args, executable, preexec_fn, close_fds,
        File "/home/jackfromeast/miniconda3/lib/python3.12/subprocess.py", line 1950, in _execute_child
          raise child_exception_type(errno_num, err_msg, err_filename)
      FileNotFoundError: [Errno 2] No such file or directory: '/usr/bin/sw_vers'
      [end of output]
  
  note: This error originates from a subprocess, and is likely not a problem with pip.

[notice] A new release of pip is available: 25.0 -> 25.1.1
[notice] To update, run: pip install --upgrade pip
error: subprocess-exited-with-error

× Getting requirements to build wheel did not run successfully.
│ exit code: 1
╰─> See above for output.

note: This error originates from a subprocess, and is likely not a problem with pip.
 (downloader.py:241)
2025-05-27 04:11:34,648 - PipDownloader - ERROR - Failed to download package:   error: subprocess-exited-with-error
  
  × Getting requirements to build wheel did not run successfully.
  │ exit code: 1
  ╰─> [35 lines of output]
      /tmp/pip-download-q07ryiq2/pyobjc-framework-corespotlight_0da2a6fe890d4b18b7995b0422e8695a/pyobjc_setup.py:15: UserWarning: pkg_resources is deprecated as an API. See https://setuptools.pypa.io/en/latest/pkg_resources.html. The pkg_resources package is slated for removal as early as 2025-11-30. Refrain from using this package or pin to Setuptools<81.
        import pkg_resources
      Traceback (most recent call last):
        File "/home/jackfromeast/miniconda3/lib/python3.12/site-packages/pip/_vendor/pyproject_hooks/_in_process/_in_process.py", line 389, in <module>
          main()
        File "/home/jackfromeast/miniconda3/lib/python3.12/site-packages/pip/_vendor/pyproject_hooks/_in_process/_in_process.py", line 373, in main
          json_out["return_val"] = hook(**hook_input["kwargs"])
                                   ^^^^^^^^^^^^^^^^^^^^^^^^^^^^
        File "/home/jackfromeast/miniconda3/lib/python3.12/site-packages/pip/_vendor/pyproject_hooks/_in_process/_in_process.py", line 143, in get_requires_for_build_wheel
          return hook(config_settings)
                 ^^^^^^^^^^^^^^^^^^^^^
        File "/tmp/pip-build-env-oukr3hij/overlay/lib/python3.12/site-packages/setuptools/build_meta.py", line 331, in get_requires_for_build_wheel
          return self._get_build_requires(config_settings, requirements=[])
                 ^^^^^^^^^^^^^^^^^^^^^^^^^^^^^^^^^^^^^^^^^^^^^^^^^^^^^^^^^^
        File "/tmp/pip-build-env-oukr3hij/overlay/lib/python3.12/site-packages/setuptools/build_meta.py", line 301, in _get_build_requires
          self.run_setup()
        File "/tmp/pip-build-env-oukr3hij/overlay/lib/python3.12/site-packages/setuptools/build_meta.py", line 317, in run_setup
          exec(code, locals())
        File "<string>", line 20, in <module>
        File "/tmp/pip-download-q07ryiq2/pyobjc-framework-corespotlight_0da2a6fe890d4b18b7995b0422e8695a/pyobjc_setup.py", line 585, in setup
          os_level = get_os_level()
                     ^^^^^^^^^^^^^^
        File "/tmp/pip-download-q07ryiq2/pyobjc-framework-corespotlight_0da2a6fe890d4b18b7995b0422e8695a/pyobjc_setup.py", line 264, in get_os_level
          subprocess.check_output(["/usr/bin/sw_vers", "-productVersion"])
        File "/home/jackfromeast/miniconda3/lib/python3.12/subprocess.py", line 466, in check_output
          return run(*popenargs, stdout=PIPE, timeout=timeout, check=True,
                 ^^^^^^^^^^^^^^^^^^^^^^^^^^^^^^^^^^^^^^^^^^^^^^^^^^^^^^^^^
        File "/home/jackfromeast/miniconda3/lib/python3.12/subprocess.py", line 548, in run
          with Popen(*popenargs, **kwargs) as process:
               ^^^^^^^^^^^^^^^^^^^^^^^^^^^
        File "/home/jackfromeast/miniconda3/lib/python3.12/subprocess.py", line 1026, in __init__
          self._execute_child(args, executable, preexec_fn, close_fds,
        File "/home/jackfromeast/miniconda3/lib/python3.12/subprocess.py", line 1950, in _execute_child
          raise child_exception_type(errno_num, err_msg, err_filename)
      FileNotFoundError: [Errno 2] No such file or directory: '/usr/bin/sw_vers'
      [end of output]
  
  note: This error originates from a subprocess, and is likely not a problem with pip.

[notice] A new release of pip is available: 25.0 -> 25.1.1
[notice] To update, run: pip install --upgrade pip
error: subprocess-exited-with-error

× Getting requirements to build wheel did not run successfully.
│ exit code: 1
╰─> See above for output.

note: This error originates from a subprocess, and is likely not a problem with pip.
 (downloader.py:241)
2025-05-27 04:11:38,308 - PipDownloader - ERROR - Failed to download package:   error: subprocess-exited-with-error
  
  × Getting requirements to build wheel did not run successfully.
  │ exit code: 1
  ╰─> [35 lines of output]
      /tmp/pip-download-2kqbvaqm/pyobjc-framework-mapkit_a3ba754bafff4c10b1461f8b6ec6f516/pyobjc_setup.py:15: UserWarning: pkg_resources is deprecated as an API. See https://setuptools.pypa.io/en/latest/pkg_resources.html. The pkg_resources package is slated for removal as early as 2025-11-30. Refrain from using this package or pin to Setuptools<81.
        import pkg_resources
      Traceback (most recent call last):
        File "/home/jackfromeast/miniconda3/lib/python3.12/site-packages/pip/_vendor/pyproject_hooks/_in_process/_in_process.py", line 389, in <module>
          main()
        File "/home/jackfromeast/miniconda3/lib/python3.12/site-packages/pip/_vendor/pyproject_hooks/_in_process/_in_process.py", line 373, in main
          json_out["return_val"] = hook(**hook_input["kwargs"])
                                   ^^^^^^^^^^^^^^^^^^^^^^^^^^^^
        File "/home/jackfromeast/miniconda3/lib/python3.12/site-packages/pip/_vendor/pyproject_hooks/_in_process/_in_process.py", line 143, in get_requires_for_build_wheel
          return hook(config_settings)
                 ^^^^^^^^^^^^^^^^^^^^^
        File "/tmp/pip-build-env-h074lyh4/overlay/lib/python3.12/site-packages/setuptools/build_meta.py", line 331, in get_requires_for_build_wheel
          return self._get_build_requires(config_settings, requirements=[])
                 ^^^^^^^^^^^^^^^^^^^^^^^^^^^^^^^^^^^^^^^^^^^^^^^^^^^^^^^^^^
        File "/tmp/pip-build-env-h074lyh4/overlay/lib/python3.12/site-packages/setuptools/build_meta.py", line 301, in _get_build_requires
          self.run_setup()
        File "/tmp/pip-build-env-h074lyh4/overlay/lib/python3.12/site-packages/setuptools/build_meta.py", line 317, in run_setup
          exec(code, locals())
        File "<string>", line 20, in <module>
        File "/tmp/pip-download-2kqbvaqm/pyobjc-framework-mapkit_a3ba754bafff4c10b1461f8b6ec6f516/pyobjc_setup.py", line 585, in setup
          os_level = get_os_level()
                     ^^^^^^^^^^^^^^
        File "/tmp/pip-download-2kqbvaqm/pyobjc-framework-mapkit_a3ba754bafff4c10b1461f8b6ec6f516/pyobjc_setup.py", line 264, in get_os_level
          subprocess.check_output(["/usr/bin/sw_vers", "-productVersion"])
        File "/home/jackfromeast/miniconda3/lib/python3.12/subprocess.py", line 466, in check_output
          return run(*popenargs, stdout=PIPE, timeout=timeout, check=True,
                 ^^^^^^^^^^^^^^^^^^^^^^^^^^^^^^^^^^^^^^^^^^^^^^^^^^^^^^^^^
        File "/home/jackfromeast/miniconda3/lib/python3.12/subprocess.py", line 548, in run
          with Popen(*popenargs, **kwargs) as process:
               ^^^^^^^^^^^^^^^^^^^^^^^^^^^
        File "/home/jackfromeast/miniconda3/lib/python3.12/subprocess.py", line 1026, in __init__
          self._execute_child(args, executable, preexec_fn, close_fds,
        File "/home/jackfromeast/miniconda3/lib/python3.12/subprocess.py", line 1950, in _execute_child
          raise child_exception_type(errno_num, err_msg, err_filename)
      FileNotFoundError: [Errno 2] No such file or directory: '/usr/bin/sw_vers'
      [end of output]
  
  note: This error originates from a subprocess, and is likely not a problem with pip.

[notice] A new release of pip is available: 25.0 -> 25.1.1
[notice] To update, run: pip install --upgrade pip
error: subprocess-exited-with-error

× Getting requirements to build wheel did not run successfully.
│ exit code: 1
╰─> See above for output.

note: This error originates from a subprocess, and is likely not a problem with pip.
 (downloader.py:241)
2025-05-27 04:11:45,356 - PipDownloader - ERROR - Failed to download package:   error: subprocess-exited-with-error
  
  × Getting requirements to build wheel did not run successfully.
  │ exit code: 1
  ╰─> [35 lines of output]
      /tmp/pip-download-so4dsu2y/pyobjc-framework-modelio_e58374d0c4c24dc9aac04b9f1dbe9e47/pyobjc_setup.py:15: UserWarning: pkg_resources is deprecated as an API. See https://setuptools.pypa.io/en/latest/pkg_resources.html. The pkg_resources package is slated for removal as early as 2025-11-30. Refrain from using this package or pin to Setuptools<81.
        import pkg_resources
      Traceback (most recent call last):
        File "/home/jackfromeast/miniconda3/lib/python3.12/site-packages/pip/_vendor/pyproject_hooks/_in_process/_in_process.py", line 389, in <module>
          main()
        File "/home/jackfromeast/miniconda3/lib/python3.12/site-packages/pip/_vendor/pyproject_hooks/_in_process/_in_process.py", line 373, in main
          json_out["return_val"] = hook(**hook_input["kwargs"])
                                   ^^^^^^^^^^^^^^^^^^^^^^^^^^^^
        File "/home/jackfromeast/miniconda3/lib/python3.12/site-packages/pip/_vendor/pyproject_hooks/_in_process/_in_process.py", line 143, in get_requires_for_build_wheel
          return hook(config_settings)
                 ^^^^^^^^^^^^^^^^^^^^^
        File "/tmp/pip-build-env-1sox5161/overlay/lib/python3.12/site-packages/setuptools/build_meta.py", line 331, in get_requires_for_build_wheel
          return self._get_build_requires(config_settings, requirements=[])
                 ^^^^^^^^^^^^^^^^^^^^^^^^^^^^^^^^^^^^^^^^^^^^^^^^^^^^^^^^^^
        File "/tmp/pip-build-env-1sox5161/overlay/lib/python3.12/site-packages/setuptools/build_meta.py", line 301, in _get_build_requires
          self.run_setup()
        File "/tmp/pip-build-env-1sox5161/overlay/lib/python3.12/site-packages/setuptools/build_meta.py", line 317, in run_setup
          exec(code, locals())
        File "<string>", line 20, in <module>
        File "/tmp/pip-download-so4dsu2y/pyobjc-framework-modelio_e58374d0c4c24dc9aac04b9f1dbe9e47/pyobjc_setup.py", line 585, in setup
          os_level = get_os_level()
                     ^^^^^^^^^^^^^^
        File "/tmp/pip-download-so4dsu2y/pyobjc-framework-modelio_e58374d0c4c24dc9aac04b9f1dbe9e47/pyobjc_setup.py", line 264, in get_os_level
          subprocess.check_output(["/usr/bin/sw_vers", "-productVersion"])
        File "/home/jackfromeast/miniconda3/lib/python3.12/subprocess.py", line 466, in check_output
          return run(*popenargs, stdout=PIPE, timeout=timeout, check=True,
                 ^^^^^^^^^^^^^^^^^^^^^^^^^^^^^^^^^^^^^^^^^^^^^^^^^^^^^^^^^
        File "/home/jackfromeast/miniconda3/lib/python3.12/subprocess.py", line 548, in run
          with Popen(*popenargs, **kwargs) as process:
               ^^^^^^^^^^^^^^^^^^^^^^^^^^^
        File "/home/jackfromeast/miniconda3/lib/python3.12/subprocess.py", line 1026, in __init__
          self._execute_child(args, executable, preexec_fn, close_fds,
        File "/home/jackfromeast/miniconda3/lib/python3.12/subprocess.py", line 1950, in _execute_child
          raise child_exception_type(errno_num, err_msg, err_filename)
      FileNotFoundError: [Errno 2] No such file or directory: '/usr/bin/sw_vers'
      [end of output]
  
  note: This error originates from a subprocess, and is likely not a problem with pip.

[notice] A new release of pip is available: 25.0 -> 25.1.1
[notice] To update, run: pip install --upgrade pip
error: subprocess-exited-with-error

× Getting requirements to build wheel did not run successfully.
│ exit code: 1
╰─> See above for output.

note: This error originates from a subprocess, and is likely not a problem with pip.
 (downloader.py:241)
2025-05-27 04:11:48,911 - PipDownloader - ERROR - Failed to download package:   error: subprocess-exited-with-error
  
  × Getting requirements to build wheel did not run successfully.
  │ exit code: 1
  ╰─> [35 lines of output]
      /tmp/pip-download-2x8xk0vo/pyobjc-framework-intents_5e90f0b18b414b9daa734245e1573359/pyobjc_setup.py:15: UserWarning: pkg_resources is deprecated as an API. See https://setuptools.pypa.io/en/latest/pkg_resources.html. The pkg_resources package is slated for removal as early as 2025-11-30. Refrain from using this package or pin to Setuptools<81.
        import pkg_resources
      Traceback (most recent call last):
        File "/home/jackfromeast/miniconda3/lib/python3.12/site-packages/pip/_vendor/pyproject_hooks/_in_process/_in_process.py", line 389, in <module>
          main()
        File "/home/jackfromeast/miniconda3/lib/python3.12/site-packages/pip/_vendor/pyproject_hooks/_in_process/_in_process.py", line 373, in main
          json_out["return_val"] = hook(**hook_input["kwargs"])
                                   ^^^^^^^^^^^^^^^^^^^^^^^^^^^^
        File "/home/jackfromeast/miniconda3/lib/python3.12/site-packages/pip/_vendor/pyproject_hooks/_in_process/_in_process.py", line 143, in get_requires_for_build_wheel
          return hook(config_settings)
                 ^^^^^^^^^^^^^^^^^^^^^
        File "/tmp/pip-build-env-8k2uzhme/overlay/lib/python3.12/site-packages/setuptools/build_meta.py", line 331, in get_requires_for_build_wheel
          return self._get_build_requires(config_settings, requirements=[])
                 ^^^^^^^^^^^^^^^^^^^^^^^^^^^^^^^^^^^^^^^^^^^^^^^^^^^^^^^^^^
        File "/tmp/pip-build-env-8k2uzhme/overlay/lib/python3.12/site-packages/setuptools/build_meta.py", line 301, in _get_build_requires
          self.run_setup()
        File "/tmp/pip-build-env-8k2uzhme/overlay/lib/python3.12/site-packages/setuptools/build_meta.py", line 317, in run_setup
          exec(code, locals())
        File "<string>", line 20, in <module>
        File "/tmp/pip-download-2x8xk0vo/pyobjc-framework-intents_5e90f0b18b414b9daa734245e1573359/pyobjc_setup.py", line 585, in setup
          os_level = get_os_level()
                     ^^^^^^^^^^^^^^
        File "/tmp/pip-download-2x8xk0vo/pyobjc-framework-intents_5e90f0b18b414b9daa734245e1573359/pyobjc_setup.py", line 264, in get_os_level
          subprocess.check_output(["/usr/bin/sw_vers", "-productVersion"])
        File "/home/jackfromeast/miniconda3/lib/python3.12/subprocess.py", line 466, in check_output
          return run(*popenargs, stdout=PIPE, timeout=timeout, check=True,
                 ^^^^^^^^^^^^^^^^^^^^^^^^^^^^^^^^^^^^^^^^^^^^^^^^^^^^^^^^^
        File "/home/jackfromeast/miniconda3/lib/python3.12/subprocess.py", line 548, in run
          with Popen(*popenargs, **kwargs) as process:
               ^^^^^^^^^^^^^^^^^^^^^^^^^^^
        File "/home/jackfromeast/miniconda3/lib/python3.12/subprocess.py", line 1026, in __init__
          self._execute_child(args, executable, preexec_fn, close_fds,
        File "/home/jackfromeast/miniconda3/lib/python3.12/subprocess.py", line 1950, in _execute_child
          raise child_exception_type(errno_num, err_msg, err_filename)
      FileNotFoundError: [Errno 2] No such file or directory: '/usr/bin/sw_vers'
      [end of output]
  
  note: This error originates from a subprocess, and is likely not a problem with pip.

[notice] A new release of pip is available: 25.0 -> 25.1.1
[notice] To update, run: pip install --upgrade pip
error: subprocess-exited-with-error

× Getting requirements to build wheel did not run successfully.
│ exit code: 1
╰─> See above for output.

note: This error originates from a subprocess, and is likely not a problem with pip.
 (downloader.py:241)
2025-05-27 04:11:53,646 - PipDownloader - ERROR - Failed to download package:   error: subprocess-exited-with-error
  
  × Getting requirements to build wheel did not run successfully.
  │ exit code: 1
  ╰─> [35 lines of output]
      /tmp/pip-download-448en21q/pyobjc-framework-storekit_7c6ad96f736a46e3bb68853636baea93/pyobjc_setup.py:15: UserWarning: pkg_resources is deprecated as an API. See https://setuptools.pypa.io/en/latest/pkg_resources.html. The pkg_resources package is slated for removal as early as 2025-11-30. Refrain from using this package or pin to Setuptools<81.
        import pkg_resources
      Traceback (most recent call last):
        File "/home/jackfromeast/miniconda3/lib/python3.12/site-packages/pip/_vendor/pyproject_hooks/_in_process/_in_process.py", line 389, in <module>
          main()
        File "/home/jackfromeast/miniconda3/lib/python3.12/site-packages/pip/_vendor/pyproject_hooks/_in_process/_in_process.py", line 373, in main
          json_out["return_val"] = hook(**hook_input["kwargs"])
                                   ^^^^^^^^^^^^^^^^^^^^^^^^^^^^
        File "/home/jackfromeast/miniconda3/lib/python3.12/site-packages/pip/_vendor/pyproject_hooks/_in_process/_in_process.py", line 143, in get_requires_for_build_wheel
          return hook(config_settings)
                 ^^^^^^^^^^^^^^^^^^^^^
        File "/tmp/pip-build-env-7c0ngwgg/overlay/lib/python3.12/site-packages/setuptools/build_meta.py", line 331, in get_requires_for_build_wheel
          return self._get_build_requires(config_settings, requirements=[])
                 ^^^^^^^^^^^^^^^^^^^^^^^^^^^^^^^^^^^^^^^^^^^^^^^^^^^^^^^^^^
        File "/tmp/pip-build-env-7c0ngwgg/overlay/lib/python3.12/site-packages/setuptools/build_meta.py", line 301, in _get_build_requires
          self.run_setup()
        File "/tmp/pip-build-env-7c0ngwgg/overlay/lib/python3.12/site-packages/setuptools/build_meta.py", line 317, in run_setup
          exec(code, locals())
        File "<string>", line 20, in <module>
        File "/tmp/pip-download-448en21q/pyobjc-framework-storekit_7c6ad96f736a46e3bb68853636baea93/pyobjc_setup.py", line 585, in setup
          os_level = get_os_level()
                     ^^^^^^^^^^^^^^
        File "/tmp/pip-download-448en21q/pyobjc-framework-storekit_7c6ad96f736a46e3bb68853636baea93/pyobjc_setup.py", line 264, in get_os_level
          subprocess.check_output(["/usr/bin/sw_vers", "-productVersion"])
        File "/home/jackfromeast/miniconda3/lib/python3.12/subprocess.py", line 466, in check_output
          return run(*popenargs, stdout=PIPE, timeout=timeout, check=True,
                 ^^^^^^^^^^^^^^^^^^^^^^^^^^^^^^^^^^^^^^^^^^^^^^^^^^^^^^^^^
        File "/home/jackfromeast/miniconda3/lib/python3.12/subprocess.py", line 548, in run
          with Popen(*popenargs, **kwargs) as process:
               ^^^^^^^^^^^^^^^^^^^^^^^^^^^
        File "/home/jackfromeast/miniconda3/lib/python3.12/subprocess.py", line 1026, in __init__
          self._execute_child(args, executable, preexec_fn, close_fds,
        File "/home/jackfromeast/miniconda3/lib/python3.12/subprocess.py", line 1950, in _execute_child
          raise child_exception_type(errno_num, err_msg, err_filename)
      FileNotFoundError: [Errno 2] No such file or directory: '/usr/bin/sw_vers'
      [end of output]
  
  note: This error originates from a subprocess, and is likely not a problem with pip.

[notice] A new release of pip is available: 25.0 -> 25.1.1
[notice] To update, run: pip install --upgrade pip
error: subprocess-exited-with-error

× Getting requirements to build wheel did not run successfully.
│ exit code: 1
╰─> See above for output.

note: This error originates from a subprocess, and is likely not a problem with pip.
 (downloader.py:241)
2025-05-27 04:11:57,287 - PipDownloader - ERROR - Failed to download package:   error: subprocess-exited-with-error
  
  × Getting requirements to build wheel did not run successfully.
  │ exit code: 1
  ╰─> [35 lines of output]
      /tmp/pip-download-mu9qbvpy/pyobjc-framework-metal_e42ceb0930f34ffe886f479b3fa2ae16/pyobjc_setup.py:15: UserWarning: pkg_resources is deprecated as an API. See https://setuptools.pypa.io/en/latest/pkg_resources.html. The pkg_resources package is slated for removal as early as 2025-11-30. Refrain from using this package or pin to Setuptools<81.
        import pkg_resources
      Traceback (most recent call last):
        File "/home/jackfromeast/miniconda3/lib/python3.12/site-packages/pip/_vendor/pyproject_hooks/_in_process/_in_process.py", line 389, in <module>
          main()
        File "/home/jackfromeast/miniconda3/lib/python3.12/site-packages/pip/_vendor/pyproject_hooks/_in_process/_in_process.py", line 373, in main
          json_out["return_val"] = hook(**hook_input["kwargs"])
                                   ^^^^^^^^^^^^^^^^^^^^^^^^^^^^
        File "/home/jackfromeast/miniconda3/lib/python3.12/site-packages/pip/_vendor/pyproject_hooks/_in_process/_in_process.py", line 143, in get_requires_for_build_wheel
          return hook(config_settings)
                 ^^^^^^^^^^^^^^^^^^^^^
        File "/tmp/pip-build-env-g4qtqoxs/overlay/lib/python3.12/site-packages/setuptools/build_meta.py", line 331, in get_requires_for_build_wheel
          return self._get_build_requires(config_settings, requirements=[])
                 ^^^^^^^^^^^^^^^^^^^^^^^^^^^^^^^^^^^^^^^^^^^^^^^^^^^^^^^^^^
        File "/tmp/pip-build-env-g4qtqoxs/overlay/lib/python3.12/site-packages/setuptools/build_meta.py", line 301, in _get_build_requires
          self.run_setup()
        File "/tmp/pip-build-env-g4qtqoxs/overlay/lib/python3.12/site-packages/setuptools/build_meta.py", line 317, in run_setup
          exec(code, locals())
        File "<string>", line 20, in <module>
        File "/tmp/pip-download-mu9qbvpy/pyobjc-framework-metal_e42ceb0930f34ffe886f479b3fa2ae16/pyobjc_setup.py", line 585, in setup
          os_level = get_os_level()
                     ^^^^^^^^^^^^^^
        File "/tmp/pip-download-mu9qbvpy/pyobjc-framework-metal_e42ceb0930f34ffe886f479b3fa2ae16/pyobjc_setup.py", line 264, in get_os_level
          subprocess.check_output(["/usr/bin/sw_vers", "-productVersion"])
        File "/home/jackfromeast/miniconda3/lib/python3.12/subprocess.py", line 466, in check_output
          return run(*popenargs, stdout=PIPE, timeout=timeout, check=True,
                 ^^^^^^^^^^^^^^^^^^^^^^^^^^^^^^^^^^^^^^^^^^^^^^^^^^^^^^^^^
        File "/home/jackfromeast/miniconda3/lib/python3.12/subprocess.py", line 548, in run
          with Popen(*popenargs, **kwargs) as process:
               ^^^^^^^^^^^^^^^^^^^^^^^^^^^
        File "/home/jackfromeast/miniconda3/lib/python3.12/subprocess.py", line 1026, in __init__
          self._execute_child(args, executable, preexec_fn, close_fds,
        File "/home/jackfromeast/miniconda3/lib/python3.12/subprocess.py", line 1950, in _execute_child
          raise child_exception_type(errno_num, err_msg, err_filename)
      FileNotFoundError: [Errno 2] No such file or directory: '/usr/bin/sw_vers'
      [end of output]
  
  note: This error originates from a subprocess, and is likely not a problem with pip.

[notice] A new release of pip is available: 25.0 -> 25.1.1
[notice] To update, run: pip install --upgrade pip
error: subprocess-exited-with-error

× Getting requirements to build wheel did not run successfully.
│ exit code: 1
╰─> See above for output.

note: This error originates from a subprocess, and is likely not a problem with pip.
 (downloader.py:241)
2025-05-27 04:12:10,227 - PipDownloader - ERROR - Failed to download package:   error: subprocess-exited-with-error
  
  × Getting requirements to build wheel did not run successfully.
  │ exit code: 1
  ╰─> [35 lines of output]
      /tmp/pip-download-1oytdaxp/pyobjc-framework-photosui_f20be7fbff7143819eaf79aa5e3a9db7/pyobjc_setup.py:15: UserWarning: pkg_resources is deprecated as an API. See https://setuptools.pypa.io/en/latest/pkg_resources.html. The pkg_resources package is slated for removal as early as 2025-11-30. Refrain from using this package or pin to Setuptools<81.
        import pkg_resources
      Traceback (most recent call last):
        File "/home/jackfromeast/miniconda3/lib/python3.12/site-packages/pip/_vendor/pyproject_hooks/_in_process/_in_process.py", line 389, in <module>
          main()
        File "/home/jackfromeast/miniconda3/lib/python3.12/site-packages/pip/_vendor/pyproject_hooks/_in_process/_in_process.py", line 373, in main
          json_out["return_val"] = hook(**hook_input["kwargs"])
                                   ^^^^^^^^^^^^^^^^^^^^^^^^^^^^
        File "/home/jackfromeast/miniconda3/lib/python3.12/site-packages/pip/_vendor/pyproject_hooks/_in_process/_in_process.py", line 143, in get_requires_for_build_wheel
          return hook(config_settings)
                 ^^^^^^^^^^^^^^^^^^^^^
        File "/tmp/pip-build-env-zja2m6z_/overlay/lib/python3.12/site-packages/setuptools/build_meta.py", line 331, in get_requires_for_build_wheel
          return self._get_build_requires(config_settings, requirements=[])
                 ^^^^^^^^^^^^^^^^^^^^^^^^^^^^^^^^^^^^^^^^^^^^^^^^^^^^^^^^^^
        File "/tmp/pip-build-env-zja2m6z_/overlay/lib/python3.12/site-packages/setuptools/build_meta.py", line 301, in _get_build_requires
          self.run_setup()
        File "/tmp/pip-build-env-zja2m6z_/overlay/lib/python3.12/site-packages/setuptools/build_meta.py", line 317, in run_setup
          exec(code, locals())
        File "<string>", line 20, in <module>
        File "/tmp/pip-download-1oytdaxp/pyobjc-framework-photosui_f20be7fbff7143819eaf79aa5e3a9db7/pyobjc_setup.py", line 585, in setup
          os_level = get_os_level()
                     ^^^^^^^^^^^^^^
        File "/tmp/pip-download-1oytdaxp/pyobjc-framework-photosui_f20be7fbff7143819eaf79aa5e3a9db7/pyobjc_setup.py", line 264, in get_os_level
          subprocess.check_output(["/usr/bin/sw_vers", "-productVersion"])
        File "/home/jackfromeast/miniconda3/lib/python3.12/subprocess.py", line 466, in check_output
          return run(*popenargs, stdout=PIPE, timeout=timeout, check=True,
                 ^^^^^^^^^^^^^^^^^^^^^^^^^^^^^^^^^^^^^^^^^^^^^^^^^^^^^^^^^
        File "/home/jackfromeast/miniconda3/lib/python3.12/subprocess.py", line 548, in run
          with Popen(*popenargs, **kwargs) as process:
               ^^^^^^^^^^^^^^^^^^^^^^^^^^^
        File "/home/jackfromeast/miniconda3/lib/python3.12/subprocess.py", line 1026, in __init__
          self._execute_child(args, executable, preexec_fn, close_fds,
        File "/home/jackfromeast/miniconda3/lib/python3.12/subprocess.py", line 1950, in _execute_child
          raise child_exception_type(errno_num, err_msg, err_filename)
      FileNotFoundError: [Errno 2] No such file or directory: '/usr/bin/sw_vers'
      [end of output]
  
  note: This error originates from a subprocess, and is likely not a problem with pip.

[notice] A new release of pip is available: 25.0 -> 25.1.1
[notice] To update, run: pip install --upgrade pip
error: subprocess-exited-with-error

× Getting requirements to build wheel did not run successfully.
│ exit code: 1
╰─> See above for output.

note: This error originates from a subprocess, and is likely not a problem with pip.
 (downloader.py:241)
2025-05-27 04:12:32,429 - PipDownloader - ERROR - Failed to download package:   error: subprocess-exited-with-error
  
  × Getting requirements to build wheel did not run successfully.
  │ exit code: 1
  ╰─> [35 lines of output]
      /tmp/pip-download-v7rfyd24/pyobjc-framework-scenekit_8c7126f4feed46ac9c874dc420223703/pyobjc_setup.py:15: UserWarning: pkg_resources is deprecated as an API. See https://setuptools.pypa.io/en/latest/pkg_resources.html. The pkg_resources package is slated for removal as early as 2025-11-30. Refrain from using this package or pin to Setuptools<81.
        import pkg_resources
      Traceback (most recent call last):
        File "/home/jackfromeast/miniconda3/lib/python3.12/site-packages/pip/_vendor/pyproject_hooks/_in_process/_in_process.py", line 389, in <module>
          main()
        File "/home/jackfromeast/miniconda3/lib/python3.12/site-packages/pip/_vendor/pyproject_hooks/_in_process/_in_process.py", line 373, in main
          json_out["return_val"] = hook(**hook_input["kwargs"])
                                   ^^^^^^^^^^^^^^^^^^^^^^^^^^^^
        File "/home/jackfromeast/miniconda3/lib/python3.12/site-packages/pip/_vendor/pyproject_hooks/_in_process/_in_process.py", line 143, in get_requires_for_build_wheel
          return hook(config_settings)
                 ^^^^^^^^^^^^^^^^^^^^^
        File "/tmp/pip-build-env-yc11yw00/overlay/lib/python3.12/site-packages/setuptools/build_meta.py", line 331, in get_requires_for_build_wheel
          return self._get_build_requires(config_settings, requirements=[])
                 ^^^^^^^^^^^^^^^^^^^^^^^^^^^^^^^^^^^^^^^^^^^^^^^^^^^^^^^^^^
        File "/tmp/pip-build-env-yc11yw00/overlay/lib/python3.12/site-packages/setuptools/build_meta.py", line 301, in _get_build_requires
          self.run_setup()
        File "/tmp/pip-build-env-yc11yw00/overlay/lib/python3.12/site-packages/setuptools/build_meta.py", line 317, in run_setup
          exec(code, locals())
        File "<string>", line 20, in <module>
        File "/tmp/pip-download-v7rfyd24/pyobjc-framework-scenekit_8c7126f4feed46ac9c874dc420223703/pyobjc_setup.py", line 585, in setup
          os_level = get_os_level()
                     ^^^^^^^^^^^^^^
        File "/tmp/pip-download-v7rfyd24/pyobjc-framework-scenekit_8c7126f4feed46ac9c874dc420223703/pyobjc_setup.py", line 264, in get_os_level
          subprocess.check_output(["/usr/bin/sw_vers", "-productVersion"])
        File "/home/jackfromeast/miniconda3/lib/python3.12/subprocess.py", line 466, in check_output
          return run(*popenargs, stdout=PIPE, timeout=timeout, check=True,
                 ^^^^^^^^^^^^^^^^^^^^^^^^^^^^^^^^^^^^^^^^^^^^^^^^^^^^^^^^^
        File "/home/jackfromeast/miniconda3/lib/python3.12/subprocess.py", line 548, in run
          with Popen(*popenargs, **kwargs) as process:
               ^^^^^^^^^^^^^^^^^^^^^^^^^^^
        File "/home/jackfromeast/miniconda3/lib/python3.12/subprocess.py", line 1026, in __init__
          self._execute_child(args, executable, preexec_fn, close_fds,
        File "/home/jackfromeast/miniconda3/lib/python3.12/subprocess.py", line 1950, in _execute_child
          raise child_exception_type(errno_num, err_msg, err_filename)
      FileNotFoundError: [Errno 2] No such file or directory: '/usr/bin/sw_vers'
      [end of output]
  
  note: This error originates from a subprocess, and is likely not a problem with pip.

[notice] A new release of pip is available: 25.0 -> 25.1.1
[notice] To update, run: pip install --upgrade pip
error: subprocess-exited-with-error

× Getting requirements to build wheel did not run successfully.
│ exit code: 1
╰─> See above for output.

note: This error originates from a subprocess, and is likely not a problem with pip.
 (downloader.py:241)
2025-05-27 04:12:33,909 - PipDownloader - ERROR - Failed to download package:   error: subprocess-exited-with-error
  
  × Getting requirements to build wheel did not run successfully.
  │ exit code: 1
  ╰─> [35 lines of output]
      /tmp/pip-download-y4daiome/pyobjc-framework-gamecontroller_83cd0bba750f4554bfafb81fe4d0bd4b/pyobjc_setup.py:15: UserWarning: pkg_resources is deprecated as an API. See https://setuptools.pypa.io/en/latest/pkg_resources.html. The pkg_resources package is slated for removal as early as 2025-11-30. Refrain from using this package or pin to Setuptools<81.
        import pkg_resources
      Traceback (most recent call last):
        File "/home/jackfromeast/miniconda3/lib/python3.12/site-packages/pip/_vendor/pyproject_hooks/_in_process/_in_process.py", line 389, in <module>
          main()
        File "/home/jackfromeast/miniconda3/lib/python3.12/site-packages/pip/_vendor/pyproject_hooks/_in_process/_in_process.py", line 373, in main
          json_out["return_val"] = hook(**hook_input["kwargs"])
                                   ^^^^^^^^^^^^^^^^^^^^^^^^^^^^
        File "/home/jackfromeast/miniconda3/lib/python3.12/site-packages/pip/_vendor/pyproject_hooks/_in_process/_in_process.py", line 143, in get_requires_for_build_wheel
          return hook(config_settings)
                 ^^^^^^^^^^^^^^^^^^^^^
        File "/tmp/pip-build-env-i_3jw3mx/overlay/lib/python3.12/site-packages/setuptools/build_meta.py", line 331, in get_requires_for_build_wheel
          return self._get_build_requires(config_settings, requirements=[])
                 ^^^^^^^^^^^^^^^^^^^^^^^^^^^^^^^^^^^^^^^^^^^^^^^^^^^^^^^^^^
        File "/tmp/pip-build-env-i_3jw3mx/overlay/lib/python3.12/site-packages/setuptools/build_meta.py", line 301, in _get_build_requires
          self.run_setup()
        File "/tmp/pip-build-env-i_3jw3mx/overlay/lib/python3.12/site-packages/setuptools/build_meta.py", line 317, in run_setup
          exec(code, locals())
        File "<string>", line 20, in <module>
        File "/tmp/pip-download-y4daiome/pyobjc-framework-gamecontroller_83cd0bba750f4554bfafb81fe4d0bd4b/pyobjc_setup.py", line 585, in setup
          os_level = get_os_level()
                     ^^^^^^^^^^^^^^
        File "/tmp/pip-download-y4daiome/pyobjc-framework-gamecontroller_83cd0bba750f4554bfafb81fe4d0bd4b/pyobjc_setup.py", line 264, in get_os_level
          subprocess.check_output(["/usr/bin/sw_vers", "-productVersion"])
        File "/home/jackfromeast/miniconda3/lib/python3.12/subprocess.py", line 466, in check_output
          return run(*popenargs, stdout=PIPE, timeout=timeout, check=True,
                 ^^^^^^^^^^^^^^^^^^^^^^^^^^^^^^^^^^^^^^^^^^^^^^^^^^^^^^^^^
        File "/home/jackfromeast/miniconda3/lib/python3.12/subprocess.py", line 548, in run
          with Popen(*popenargs, **kwargs) as process:
               ^^^^^^^^^^^^^^^^^^^^^^^^^^^
        File "/home/jackfromeast/miniconda3/lib/python3.12/subprocess.py", line 1026, in __init__
          self._execute_child(args, executable, preexec_fn, close_fds,
        File "/home/jackfromeast/miniconda3/lib/python3.12/subprocess.py", line 1950, in _execute_child
          raise child_exception_type(errno_num, err_msg, err_filename)
      FileNotFoundError: [Errno 2] No such file or directory: '/usr/bin/sw_vers'
      [end of output]
  
  note: This error originates from a subprocess, and is likely not a problem with pip.

[notice] A new release of pip is available: 25.0 -> 25.1.1
[notice] To update, run: pip install --upgrade pip
error: subprocess-exited-with-error

× Getting requirements to build wheel did not run successfully.
│ exit code: 1
╰─> See above for output.

note: This error originates from a subprocess, and is likely not a problem with pip.
 (downloader.py:241)
2025-05-27 04:12:50,252 - PipDownloader - ERROR - Failed to download package:   error: subprocess-exited-with-error
  
  × Getting requirements to build wheel did not run successfully.
  │ exit code: 1
  ╰─> [35 lines of output]
      /tmp/pip-download-7xcs4nh_/pyobjc-framework-mediatoolbox_c9e481a50cdb45a88b920321c3bc4474/pyobjc_setup.py:15: UserWarning: pkg_resources is deprecated as an API. See https://setuptools.pypa.io/en/latest/pkg_resources.html. The pkg_resources package is slated for removal as early as 2025-11-30. Refrain from using this package or pin to Setuptools<81.
        import pkg_resources
      Traceback (most recent call last):
        File "/home/jackfromeast/miniconda3/lib/python3.12/site-packages/pip/_vendor/pyproject_hooks/_in_process/_in_process.py", line 389, in <module>
          main()
        File "/home/jackfromeast/miniconda3/lib/python3.12/site-packages/pip/_vendor/pyproject_hooks/_in_process/_in_process.py", line 373, in main
          json_out["return_val"] = hook(**hook_input["kwargs"])
                                   ^^^^^^^^^^^^^^^^^^^^^^^^^^^^
        File "/home/jackfromeast/miniconda3/lib/python3.12/site-packages/pip/_vendor/pyproject_hooks/_in_process/_in_process.py", line 143, in get_requires_for_build_wheel
          return hook(config_settings)
                 ^^^^^^^^^^^^^^^^^^^^^
        File "/tmp/pip-build-env-xg3zyl3x/overlay/lib/python3.12/site-packages/setuptools/build_meta.py", line 331, in get_requires_for_build_wheel
          return self._get_build_requires(config_settings, requirements=[])
                 ^^^^^^^^^^^^^^^^^^^^^^^^^^^^^^^^^^^^^^^^^^^^^^^^^^^^^^^^^^
        File "/tmp/pip-build-env-xg3zyl3x/overlay/lib/python3.12/site-packages/setuptools/build_meta.py", line 301, in _get_build_requires
          self.run_setup()
        File "/tmp/pip-build-env-xg3zyl3x/overlay/lib/python3.12/site-packages/setuptools/build_meta.py", line 317, in run_setup
          exec(code, locals())
        File "<string>", line 20, in <module>
        File "/tmp/pip-download-7xcs4nh_/pyobjc-framework-mediatoolbox_c9e481a50cdb45a88b920321c3bc4474/pyobjc_setup.py", line 585, in setup
          os_level = get_os_level()
                     ^^^^^^^^^^^^^^
        File "/tmp/pip-download-7xcs4nh_/pyobjc-framework-mediatoolbox_c9e481a50cdb45a88b920321c3bc4474/pyobjc_setup.py", line 264, in get_os_level
          subprocess.check_output(["/usr/bin/sw_vers", "-productVersion"])
        File "/home/jackfromeast/miniconda3/lib/python3.12/subprocess.py", line 466, in check_output
          return run(*popenargs, stdout=PIPE, timeout=timeout, check=True,
                 ^^^^^^^^^^^^^^^^^^^^^^^^^^^^^^^^^^^^^^^^^^^^^^^^^^^^^^^^^
        File "/home/jackfromeast/miniconda3/lib/python3.12/subprocess.py", line 548, in run
          with Popen(*popenargs, **kwargs) as process:
               ^^^^^^^^^^^^^^^^^^^^^^^^^^^
        File "/home/jackfromeast/miniconda3/lib/python3.12/subprocess.py", line 1026, in __init__
          self._execute_child(args, executable, preexec_fn, close_fds,
        File "/home/jackfromeast/miniconda3/lib/python3.12/subprocess.py", line 1950, in _execute_child
          raise child_exception_type(errno_num, err_msg, err_filename)
      FileNotFoundError: [Errno 2] No such file or directory: '/usr/bin/sw_vers'
      [end of output]
  
  note: This error originates from a subprocess, and is likely not a problem with pip.

[notice] A new release of pip is available: 25.0 -> 25.1.1
[notice] To update, run: pip install --upgrade pip
error: subprocess-exited-with-error

× Getting requirements to build wheel did not run successfully.
│ exit code: 1
╰─> See above for output.

note: This error originates from a subprocess, and is likely not a problem with pip.
 (downloader.py:241)
2025-05-27 04:12:53,437 - PipDownloader - ERROR - Failed to download package: ERROR: Could not find a version that satisfies the requirement pykd (from versions: none)

[notice] A new release of pip is available: 25.0 -> 25.1.1
[notice] To update, run: pip install --upgrade pip
ERROR: No matching distribution found for pykd
 (downloader.py:241)
2025-05-27 04:13:00,115 - PipDownloader - ERROR - Failed to download package:   error: subprocess-exited-with-error
  
  × Getting requirements to build wheel did not run successfully.
  │ exit code: 1
  ╰─> [35 lines of output]
      /tmp/pip-download-henct6xj/pyobjc-framework-gamekit_406486658f084ff681f832b542218327/pyobjc_setup.py:15: UserWarning: pkg_resources is deprecated as an API. See https://setuptools.pypa.io/en/latest/pkg_resources.html. The pkg_resources package is slated for removal as early as 2025-11-30. Refrain from using this package or pin to Setuptools<81.
        import pkg_resources
      Traceback (most recent call last):
        File "/home/jackfromeast/miniconda3/lib/python3.12/site-packages/pip/_vendor/pyproject_hooks/_in_process/_in_process.py", line 389, in <module>
          main()
        File "/home/jackfromeast/miniconda3/lib/python3.12/site-packages/pip/_vendor/pyproject_hooks/_in_process/_in_process.py", line 373, in main
          json_out["return_val"] = hook(**hook_input["kwargs"])
                                   ^^^^^^^^^^^^^^^^^^^^^^^^^^^^
        File "/home/jackfromeast/miniconda3/lib/python3.12/site-packages/pip/_vendor/pyproject_hooks/_in_process/_in_process.py", line 143, in get_requires_for_build_wheel
          return hook(config_settings)
                 ^^^^^^^^^^^^^^^^^^^^^
        File "/tmp/pip-build-env-ji8ryfv8/overlay/lib/python3.12/site-packages/setuptools/build_meta.py", line 331, in get_requires_for_build_wheel
          return self._get_build_requires(config_settings, requirements=[])
                 ^^^^^^^^^^^^^^^^^^^^^^^^^^^^^^^^^^^^^^^^^^^^^^^^^^^^^^^^^^
        File "/tmp/pip-build-env-ji8ryfv8/overlay/lib/python3.12/site-packages/setuptools/build_meta.py", line 301, in _get_build_requires
          self.run_setup()
        File "/tmp/pip-build-env-ji8ryfv8/overlay/lib/python3.12/site-packages/setuptools/build_meta.py", line 317, in run_setup
          exec(code, locals())
        File "<string>", line 20, in <module>
        File "/tmp/pip-download-henct6xj/pyobjc-framework-gamekit_406486658f084ff681f832b542218327/pyobjc_setup.py", line 585, in setup
          os_level = get_os_level()
                     ^^^^^^^^^^^^^^
        File "/tmp/pip-download-henct6xj/pyobjc-framework-gamekit_406486658f084ff681f832b542218327/pyobjc_setup.py", line 264, in get_os_level
          subprocess.check_output(["/usr/bin/sw_vers", "-productVersion"])
        File "/home/jackfromeast/miniconda3/lib/python3.12/subprocess.py", line 466, in check_output
          return run(*popenargs, stdout=PIPE, timeout=timeout, check=True,
                 ^^^^^^^^^^^^^^^^^^^^^^^^^^^^^^^^^^^^^^^^^^^^^^^^^^^^^^^^^
        File "/home/jackfromeast/miniconda3/lib/python3.12/subprocess.py", line 548, in run
          with Popen(*popenargs, **kwargs) as process:
               ^^^^^^^^^^^^^^^^^^^^^^^^^^^
        File "/home/jackfromeast/miniconda3/lib/python3.12/subprocess.py", line 1026, in __init__
          self._execute_child(args, executable, preexec_fn, close_fds,
        File "/home/jackfromeast/miniconda3/lib/python3.12/subprocess.py", line 1950, in _execute_child
          raise child_exception_type(errno_num, err_msg, err_filename)
      FileNotFoundError: [Errno 2] No such file or directory: '/usr/bin/sw_vers'
      [end of output]
  
  note: This error originates from a subprocess, and is likely not a problem with pip.

[notice] A new release of pip is available: 25.0 -> 25.1.1
[notice] To update, run: pip install --upgrade pip
error: subprocess-exited-with-error

× Getting requirements to build wheel did not run successfully.
│ exit code: 1
╰─> See above for output.

note: This error originates from a subprocess, and is likely not a problem with pip.
 (downloader.py:241)
2025-05-27 04:13:37,860 - PipDownloader - ERROR - Failed to download package:   error: subprocess-exited-with-error
  
  × Getting requirements to build wheel did not run successfully.
  │ exit code: 1
  ╰─> [35 lines of output]
      /tmp/pip-download-3a54ukt2/pyobjc-framework-gameplaykit_fbc4179c2e3a4ded855ef3e7090b2c14/pyobjc_setup.py:15: UserWarning: pkg_resources is deprecated as an API. See https://setuptools.pypa.io/en/latest/pkg_resources.html. The pkg_resources package is slated for removal as early as 2025-11-30. Refrain from using this package or pin to Setuptools<81.
        import pkg_resources
      Traceback (most recent call last):
        File "/home/jackfromeast/miniconda3/lib/python3.12/site-packages/pip/_vendor/pyproject_hooks/_in_process/_in_process.py", line 389, in <module>
          main()
        File "/home/jackfromeast/miniconda3/lib/python3.12/site-packages/pip/_vendor/pyproject_hooks/_in_process/_in_process.py", line 373, in main
          json_out["return_val"] = hook(**hook_input["kwargs"])
                                   ^^^^^^^^^^^^^^^^^^^^^^^^^^^^
        File "/home/jackfromeast/miniconda3/lib/python3.12/site-packages/pip/_vendor/pyproject_hooks/_in_process/_in_process.py", line 143, in get_requires_for_build_wheel
          return hook(config_settings)
                 ^^^^^^^^^^^^^^^^^^^^^
        File "/tmp/pip-build-env-xzf_gooo/overlay/lib/python3.12/site-packages/setuptools/build_meta.py", line 331, in get_requires_for_build_wheel
          return self._get_build_requires(config_settings, requirements=[])
                 ^^^^^^^^^^^^^^^^^^^^^^^^^^^^^^^^^^^^^^^^^^^^^^^^^^^^^^^^^^
        File "/tmp/pip-build-env-xzf_gooo/overlay/lib/python3.12/site-packages/setuptools/build_meta.py", line 301, in _get_build_requires
          self.run_setup()
        File "/tmp/pip-build-env-xzf_gooo/overlay/lib/python3.12/site-packages/setuptools/build_meta.py", line 317, in run_setup
          exec(code, locals())
        File "<string>", line 20, in <module>
        File "/tmp/pip-download-3a54ukt2/pyobjc-framework-gameplaykit_fbc4179c2e3a4ded855ef3e7090b2c14/pyobjc_setup.py", line 585, in setup
          os_level = get_os_level()
                     ^^^^^^^^^^^^^^
        File "/tmp/pip-download-3a54ukt2/pyobjc-framework-gameplaykit_fbc4179c2e3a4ded855ef3e7090b2c14/pyobjc_setup.py", line 264, in get_os_level
          subprocess.check_output(["/usr/bin/sw_vers", "-productVersion"])
        File "/home/jackfromeast/miniconda3/lib/python3.12/subprocess.py", line 466, in check_output
          return run(*popenargs, stdout=PIPE, timeout=timeout, check=True,
                 ^^^^^^^^^^^^^^^^^^^^^^^^^^^^^^^^^^^^^^^^^^^^^^^^^^^^^^^^^
        File "/home/jackfromeast/miniconda3/lib/python3.12/subprocess.py", line 548, in run
          with Popen(*popenargs, **kwargs) as process:
               ^^^^^^^^^^^^^^^^^^^^^^^^^^^
        File "/home/jackfromeast/miniconda3/lib/python3.12/subprocess.py", line 1026, in __init__
          self._execute_child(args, executable, preexec_fn, close_fds,
        File "/home/jackfromeast/miniconda3/lib/python3.12/subprocess.py", line 1950, in _execute_child
          raise child_exception_type(errno_num, err_msg, err_filename)
      FileNotFoundError: [Errno 2] No such file or directory: '/usr/bin/sw_vers'
      [end of output]
  
  note: This error originates from a subprocess, and is likely not a problem with pip.

[notice] A new release of pip is available: 25.0 -> 25.1.1
[notice] To update, run: pip install --upgrade pip
error: subprocess-exited-with-error

× Getting requirements to build wheel did not run successfully.
│ exit code: 1
╰─> See above for output.

note: This error originates from a subprocess, and is likely not a problem with pip.
 (downloader.py:241)
2025-05-27 04:13:40,391 - PipDownloader - ERROR - Failed to download package:   error: subprocess-exited-with-error
  
  × Getting requirements to build wheel did not run successfully.
  │ exit code: 1
  ╰─> [35 lines of output]
      /tmp/pip-download-yqgv5hoe/pyobjc-framework-safariservices_d998079809e44193b7df35b91847da12/pyobjc_setup.py:15: UserWarning: pkg_resources is deprecated as an API. See https://setuptools.pypa.io/en/latest/pkg_resources.html. The pkg_resources package is slated for removal as early as 2025-11-30. Refrain from using this package or pin to Setuptools<81.
        import pkg_resources
      Traceback (most recent call last):
        File "/home/jackfromeast/miniconda3/lib/python3.12/site-packages/pip/_vendor/pyproject_hooks/_in_process/_in_process.py", line 389, in <module>
          main()
        File "/home/jackfromeast/miniconda3/lib/python3.12/site-packages/pip/_vendor/pyproject_hooks/_in_process/_in_process.py", line 373, in main
          json_out["return_val"] = hook(**hook_input["kwargs"])
                                   ^^^^^^^^^^^^^^^^^^^^^^^^^^^^
        File "/home/jackfromeast/miniconda3/lib/python3.12/site-packages/pip/_vendor/pyproject_hooks/_in_process/_in_process.py", line 143, in get_requires_for_build_wheel
          return hook(config_settings)
                 ^^^^^^^^^^^^^^^^^^^^^
        File "/tmp/pip-build-env-zdq77w59/overlay/lib/python3.12/site-packages/setuptools/build_meta.py", line 331, in get_requires_for_build_wheel
          return self._get_build_requires(config_settings, requirements=[])
                 ^^^^^^^^^^^^^^^^^^^^^^^^^^^^^^^^^^^^^^^^^^^^^^^^^^^^^^^^^^
        File "/tmp/pip-build-env-zdq77w59/overlay/lib/python3.12/site-packages/setuptools/build_meta.py", line 301, in _get_build_requires
          self.run_setup()
        File "/tmp/pip-build-env-zdq77w59/overlay/lib/python3.12/site-packages/setuptools/build_meta.py", line 317, in run_setup
          exec(code, locals())
        File "<string>", line 20, in <module>
        File "/tmp/pip-download-yqgv5hoe/pyobjc-framework-safariservices_d998079809e44193b7df35b91847da12/pyobjc_setup.py", line 585, in setup
          os_level = get_os_level()
                     ^^^^^^^^^^^^^^
        File "/tmp/pip-download-yqgv5hoe/pyobjc-framework-safariservices_d998079809e44193b7df35b91847da12/pyobjc_setup.py", line 264, in get_os_level
          subprocess.check_output(["/usr/bin/sw_vers", "-productVersion"])
        File "/home/jackfromeast/miniconda3/lib/python3.12/subprocess.py", line 466, in check_output
          return run(*popenargs, stdout=PIPE, timeout=timeout, check=True,
                 ^^^^^^^^^^^^^^^^^^^^^^^^^^^^^^^^^^^^^^^^^^^^^^^^^^^^^^^^^
        File "/home/jackfromeast/miniconda3/lib/python3.12/subprocess.py", line 548, in run
          with Popen(*popenargs, **kwargs) as process:
               ^^^^^^^^^^^^^^^^^^^^^^^^^^^
        File "/home/jackfromeast/miniconda3/lib/python3.12/subprocess.py", line 1026, in __init__
          self._execute_child(args, executable, preexec_fn, close_fds,
        File "/home/jackfromeast/miniconda3/lib/python3.12/subprocess.py", line 1950, in _execute_child
          raise child_exception_type(errno_num, err_msg, err_filename)
      FileNotFoundError: [Errno 2] No such file or directory: '/usr/bin/sw_vers'
      [end of output]
  
  note: This error originates from a subprocess, and is likely not a problem with pip.

[notice] A new release of pip is available: 25.0 -> 25.1.1
[notice] To update, run: pip install --upgrade pip
error: subprocess-exited-with-error

× Getting requirements to build wheel did not run successfully.
│ exit code: 1
╰─> See above for output.

note: This error originates from a subprocess, and is likely not a problem with pip.
 (downloader.py:241)
2025-05-27 04:13:51,576 - PipDownloader - ERROR - Failed to download package:   error: subprocess-exited-with-error
  
  × Getting requirements to build wheel did not run successfully.
  │ exit code: 1
  ╰─> [35 lines of output]
      /tmp/pip-download-oily9_xs/pyobjc-framework-videotoolbox_a35ec41beb984be294218afa53d20f71/pyobjc_setup.py:15: UserWarning: pkg_resources is deprecated as an API. See https://setuptools.pypa.io/en/latest/pkg_resources.html. The pkg_resources package is slated for removal as early as 2025-11-30. Refrain from using this package or pin to Setuptools<81.
        import pkg_resources
      Traceback (most recent call last):
        File "/home/jackfromeast/miniconda3/lib/python3.12/site-packages/pip/_vendor/pyproject_hooks/_in_process/_in_process.py", line 389, in <module>
          main()
        File "/home/jackfromeast/miniconda3/lib/python3.12/site-packages/pip/_vendor/pyproject_hooks/_in_process/_in_process.py", line 373, in main
          json_out["return_val"] = hook(**hook_input["kwargs"])
                                   ^^^^^^^^^^^^^^^^^^^^^^^^^^^^
        File "/home/jackfromeast/miniconda3/lib/python3.12/site-packages/pip/_vendor/pyproject_hooks/_in_process/_in_process.py", line 143, in get_requires_for_build_wheel
          return hook(config_settings)
                 ^^^^^^^^^^^^^^^^^^^^^
        File "/tmp/pip-build-env-43odxbci/overlay/lib/python3.12/site-packages/setuptools/build_meta.py", line 331, in get_requires_for_build_wheel
          return self._get_build_requires(config_settings, requirements=[])
                 ^^^^^^^^^^^^^^^^^^^^^^^^^^^^^^^^^^^^^^^^^^^^^^^^^^^^^^^^^^
        File "/tmp/pip-build-env-43odxbci/overlay/lib/python3.12/site-packages/setuptools/build_meta.py", line 301, in _get_build_requires
          self.run_setup()
        File "/tmp/pip-build-env-43odxbci/overlay/lib/python3.12/site-packages/setuptools/build_meta.py", line 317, in run_setup
          exec(code, locals())
        File "<string>", line 20, in <module>
        File "/tmp/pip-download-oily9_xs/pyobjc-framework-videotoolbox_a35ec41beb984be294218afa53d20f71/pyobjc_setup.py", line 585, in setup
          os_level = get_os_level()
                     ^^^^^^^^^^^^^^
        File "/tmp/pip-download-oily9_xs/pyobjc-framework-videotoolbox_a35ec41beb984be294218afa53d20f71/pyobjc_setup.py", line 264, in get_os_level
          subprocess.check_output(["/usr/bin/sw_vers", "-productVersion"])
        File "/home/jackfromeast/miniconda3/lib/python3.12/subprocess.py", line 466, in check_output
          return run(*popenargs, stdout=PIPE, timeout=timeout, check=True,
                 ^^^^^^^^^^^^^^^^^^^^^^^^^^^^^^^^^^^^^^^^^^^^^^^^^^^^^^^^^
        File "/home/jackfromeast/miniconda3/lib/python3.12/subprocess.py", line 548, in run
          with Popen(*popenargs, **kwargs) as process:
               ^^^^^^^^^^^^^^^^^^^^^^^^^^^
        File "/home/jackfromeast/miniconda3/lib/python3.12/subprocess.py", line 1026, in __init__
          self._execute_child(args, executable, preexec_fn, close_fds,
        File "/home/jackfromeast/miniconda3/lib/python3.12/subprocess.py", line 1950, in _execute_child
          raise child_exception_type(errno_num, err_msg, err_filename)
      FileNotFoundError: [Errno 2] No such file or directory: '/usr/bin/sw_vers'
      [end of output]
  
  note: This error originates from a subprocess, and is likely not a problem with pip.

[notice] A new release of pip is available: 25.0 -> 25.1.1
[notice] To update, run: pip install --upgrade pip
error: subprocess-exited-with-error

× Getting requirements to build wheel did not run successfully.
│ exit code: 1
╰─> See above for output.

note: This error originates from a subprocess, and is likely not a problem with pip.
 (downloader.py:241)
2025-05-27 04:14:09,439 - PipDownloader - ERROR - Failed to download package:   WARNING: Generating metadata for package onnx-simplifier produced metadata for project name onnxsim. Fix your #egg=onnx-simplifier fragments.
  WARNING: Generating metadata for package onnx-simplifier produced metadata for project name onnxsim. Fix your #egg=onnx-simplifier fragments.
  WARNING: Generating metadata for package onnx-simplifier produced metadata for project name onnxsim. Fix your #egg=onnx-simplifier fragments.
  WARNING: Generating metadata for package onnx-simplifier produced metadata for project name onnxsim. Fix your #egg=onnx-simplifier fragments.
  WARNING: Generating metadata for package onnx-simplifier produced metadata for project name onnxsim. Fix your #egg=onnx-simplifier fragments.
  WARNING: Generating metadata for package onnx-simplifier produced metadata for project name onnxsim. Fix your #egg=onnx-simplifier fragments.
  WARNING: Generating metadata for package onnx-simplifier produced metadata for project name onnxsim. Fix your #egg=onnx-simplifier fragments.
  WARNING: Generating metadata for package onnx-simplifier produced metadata for project name onnxsim. Fix your #egg=onnx-simplifier fragments.
  WARNING: Generating metadata for package onnx-simplifier produced metadata for project name onnxsim. Fix your #egg=onnx-simplifier fragments.
  WARNING: Generating metadata for package onnx-simplifier produced metadata for project name onnxsim. Fix your #egg=onnx-simplifier fragments.
  WARNING: Generating metadata for package onnx-simplifier produced metadata for project name onnxsim. Fix your #egg=onnx-simplifier fragments.
  WARNING: Generating metadata for package onnx-simplifier produced metadata for project name onnxsim. Fix your #egg=onnx-simplifier fragments.
  WARNING: Generating metadata for package onnx-simplifier produced metadata for project name onnxsim. Fix your #egg=onnx-simplifier fragments.
  WARNING: Generating metadata for package onnx-simplifier produced metadata for project name onnxsim. Fix your #egg=onnx-simplifier fragments.
  WARNING: Generating metadata for package onnx-simplifier produced metadata for project name onnxsim. Fix your #egg=onnx-simplifier fragments.
  WARNING: Generating metadata for package onnx-simplifier produced metadata for project name onnxsim. Fix your #egg=onnx-simplifier fragments.
  WARNING: Generating metadata for package onnx-simplifier produced metadata for project name onnxsim. Fix your #egg=onnx-simplifier fragments.
  WARNING: Generating metadata for package onnx-simplifier produced metadata for project name onnxsim. Fix your #egg=onnx-simplifier fragments.
  WARNING: Generating metadata for package onnx-simplifier produced metadata for project name onnxsim. Fix your #egg=onnx-simplifier fragments.
  error: subprocess-exited-with-error
  
  × python setup.py egg_info did not run successfully.
  │ exit code: 1
  ╰─> [74 lines of output]
      fatal: not a git repository (or any of the parent directories): .git
      fatal: not a git repository (or any of the parent directories): .git
      /home/jackfromeast/miniconda3/lib/python3.12/site-packages/setuptools/__init__.py:80: _DeprecatedInstaller: setuptools.installer and fetch_build_eggs are deprecated.
      !!
      
              ********************************************************************************
              Requirements should be satisfied by a PEP 517 installer.
              If you are using pip, you can try `pip install --use-pep517`.
              ********************************************************************************
      
      !!
        dist.fetch_build_eggs(dist.setup_requires)
      /home/jackfromeast/miniconda3/lib/python3.12/site-packages/setuptools/dist.py:315: SetuptoolsDeprecationWarning: Invalid version: 'unknown'.
      !!
      
              ********************************************************************************
              The version specified is not a valid version according to PEP 440.
              This may not work as expected with newer versions of
              setuptools, pip, and PyPI.
      
              This deprecation is overdue, please update your project and remove deprecated
              calls to avoid build errors in the future.
      
              See https://peps.python.org/pep-0440/ for details.
              ********************************************************************************
      
      !!
        self._validate_version(self.metadata.version)
      running egg_info
      /home/jackfromeast/miniconda3/lib/python3.12/site-packages/setuptools/command/egg_info.py:130: SetuptoolsDeprecationWarning: Invalid version: 'unknown'.
      !!
      
              ********************************************************************************
              Version 'unknown' is not valid according to PEP 440.
      
              Please make sure to specify a valid version for your package.
              Also note that future releases of setuptools may halt the build process
              if an invalid version is given.
      
              This deprecation is overdue, please update your project and remove deprecated
              calls to avoid build errors in the future.
      
              See https://peps.python.org/pep-0440/ for details.
              ********************************************************************************
      
      !!
        return _normalization.best_effort_version(tagged)
      Traceback (most recent call last):
        File "<string>", line 2, in <module>
        File "<pip-setuptools-caller>", line 34, in <module>
        File "/tmp/pip-download-xwdir8ix/onnx-simplifier_879fd8a83a384b548d153cb84b2f115c/setup.py", line 271, in <module>
          setuptools.setup(
        File "/home/jackfromeast/miniconda3/lib/python3.12/site-packages/setuptools/__init__.py", line 103, in setup
          return distutils.core.setup(**attrs)
                 ^^^^^^^^^^^^^^^^^^^^^^^^^^^^^
        File "/home/jackfromeast/miniconda3/lib/python3.12/site-packages/setuptools/_distutils/core.py", line 185, in setup
          return run_commands(dist)
                 ^^^^^^^^^^^^^^^^^^
        File "/home/jackfromeast/miniconda3/lib/python3.12/site-packages/setuptools/_distutils/core.py", line 201, in run_commands
          dist.run_commands()
        File "/home/jackfromeast/miniconda3/lib/python3.12/site-packages/setuptools/_distutils/dist.py", line 969, in run_commands
          self.run_command(cmd)
        File "/home/jackfromeast/miniconda3/lib/python3.12/site-packages/setuptools/dist.py", line 989, in run_command
          super().run_command(command)
        File "/home/jackfromeast/miniconda3/lib/python3.12/site-packages/setuptools/_distutils/dist.py", line 987, in run_command
          cmd_obj.ensure_finalized()
        File "/home/jackfromeast/miniconda3/lib/python3.12/site-packages/setuptools/_distutils/cmd.py", line 111, in ensure_finalized
          self.finalize_options()
        File "/home/jackfromeast/miniconda3/lib/python3.12/site-packages/setuptools/command/egg_info.py", line 224, in finalize_options
          parsed_version = packaging.version.Version(self.egg_version)
                           ^^^^^^^^^^^^^^^^^^^^^^^^^^^^^^^^^^^^^^^^^^^
        File "/home/jackfromeast/miniconda3/lib/python3.12/site-packages/setuptools/_vendor/packaging/version.py", line 198, in __init__
          raise InvalidVersion(f"Invalid version: '{version}'")
      setuptools.extern.packaging.version.InvalidVersion: Invalid version: 'unknown'
      [end of output]
  
  note: This error originates from a subprocess, and is likely not a problem with pip.

[notice] A new release of pip is available: 25.0 -> 25.1.1
[notice] To update, run: pip install --upgrade pip
error: metadata-generation-failed

× Encountered error while generating package metadata.
╰─> See above for output.

note: This is an issue with the package mentioned above, not pip.
hint: See above for details.
 (downloader.py:241)
2025-05-27 04:14:47,720 - PipDownloader - ERROR - Failed to download package:   error: subprocess-exited-with-error
  
  × Getting requirements to build wheel did not run successfully.
  │ exit code: 1
  ╰─> [35 lines of output]
      /tmp/pip-download-2fx5fxuh/pyobjc-framework-usernotifications_d198d3d6ef804429b6f1dbcdf481e49f/pyobjc_setup.py:15: UserWarning: pkg_resources is deprecated as an API. See https://setuptools.pypa.io/en/latest/pkg_resources.html. The pkg_resources package is slated for removal as early as 2025-11-30. Refrain from using this package or pin to Setuptools<81.
        import pkg_resources
      Traceback (most recent call last):
        File "/home/jackfromeast/miniconda3/lib/python3.12/site-packages/pip/_vendor/pyproject_hooks/_in_process/_in_process.py", line 389, in <module>
          main()
        File "/home/jackfromeast/miniconda3/lib/python3.12/site-packages/pip/_vendor/pyproject_hooks/_in_process/_in_process.py", line 373, in main
          json_out["return_val"] = hook(**hook_input["kwargs"])
                                   ^^^^^^^^^^^^^^^^^^^^^^^^^^^^
        File "/home/jackfromeast/miniconda3/lib/python3.12/site-packages/pip/_vendor/pyproject_hooks/_in_process/_in_process.py", line 143, in get_requires_for_build_wheel
          return hook(config_settings)
                 ^^^^^^^^^^^^^^^^^^^^^
        File "/tmp/pip-build-env-vqposs5a/overlay/lib/python3.12/site-packages/setuptools/build_meta.py", line 331, in get_requires_for_build_wheel
          return self._get_build_requires(config_settings, requirements=[])
                 ^^^^^^^^^^^^^^^^^^^^^^^^^^^^^^^^^^^^^^^^^^^^^^^^^^^^^^^^^^
        File "/tmp/pip-build-env-vqposs5a/overlay/lib/python3.12/site-packages/setuptools/build_meta.py", line 301, in _get_build_requires
          self.run_setup()
        File "/tmp/pip-build-env-vqposs5a/overlay/lib/python3.12/site-packages/setuptools/build_meta.py", line 317, in run_setup
          exec(code, locals())
        File "<string>", line 20, in <module>
        File "/tmp/pip-download-2fx5fxuh/pyobjc-framework-usernotifications_d198d3d6ef804429b6f1dbcdf481e49f/pyobjc_setup.py", line 585, in setup
          os_level = get_os_level()
                     ^^^^^^^^^^^^^^
        File "/tmp/pip-download-2fx5fxuh/pyobjc-framework-usernotifications_d198d3d6ef804429b6f1dbcdf481e49f/pyobjc_setup.py", line 264, in get_os_level
          subprocess.check_output(["/usr/bin/sw_vers", "-productVersion"])
        File "/home/jackfromeast/miniconda3/lib/python3.12/subprocess.py", line 466, in check_output
          return run(*popenargs, stdout=PIPE, timeout=timeout, check=True,
                 ^^^^^^^^^^^^^^^^^^^^^^^^^^^^^^^^^^^^^^^^^^^^^^^^^^^^^^^^^
        File "/home/jackfromeast/miniconda3/lib/python3.12/subprocess.py", line 548, in run
          with Popen(*popenargs, **kwargs) as process:
               ^^^^^^^^^^^^^^^^^^^^^^^^^^^
        File "/home/jackfromeast/miniconda3/lib/python3.12/subprocess.py", line 1026, in __init__
          self._execute_child(args, executable, preexec_fn, close_fds,
        File "/home/jackfromeast/miniconda3/lib/python3.12/subprocess.py", line 1950, in _execute_child
          raise child_exception_type(errno_num, err_msg, err_filename)
      FileNotFoundError: [Errno 2] No such file or directory: '/usr/bin/sw_vers'
      [end of output]
  
  note: This error originates from a subprocess, and is likely not a problem with pip.

[notice] A new release of pip is available: 25.0 -> 25.1.1
[notice] To update, run: pip install --upgrade pip
error: subprocess-exited-with-error

× Getting requirements to build wheel did not run successfully.
│ exit code: 1
╰─> See above for output.

note: This error originates from a subprocess, and is likely not a problem with pip.
 (downloader.py:241)
2025-05-27 04:14:53,833 - PipDownloader - ERROR - Failed to download package:   error: subprocess-exited-with-error
  
  × Getting requirements to build wheel did not run successfully.
  │ exit code: 1
  ╰─> [35 lines of output]
      /tmp/pip-download-kjk20q9u/pyobjc-framework-fileprovider_f89b0d1d36c44493a133805badaa84fc/pyobjc_setup.py:15: UserWarning: pkg_resources is deprecated as an API. See https://setuptools.pypa.io/en/latest/pkg_resources.html. The pkg_resources package is slated for removal as early as 2025-11-30. Refrain from using this package or pin to Setuptools<81.
        import pkg_resources
      Traceback (most recent call last):
        File "/home/jackfromeast/miniconda3/lib/python3.12/site-packages/pip/_vendor/pyproject_hooks/_in_process/_in_process.py", line 389, in <module>
          main()
        File "/home/jackfromeast/miniconda3/lib/python3.12/site-packages/pip/_vendor/pyproject_hooks/_in_process/_in_process.py", line 373, in main
          json_out["return_val"] = hook(**hook_input["kwargs"])
                                   ^^^^^^^^^^^^^^^^^^^^^^^^^^^^
        File "/home/jackfromeast/miniconda3/lib/python3.12/site-packages/pip/_vendor/pyproject_hooks/_in_process/_in_process.py", line 143, in get_requires_for_build_wheel
          return hook(config_settings)
                 ^^^^^^^^^^^^^^^^^^^^^
        File "/tmp/pip-build-env-uanu79dp/overlay/lib/python3.12/site-packages/setuptools/build_meta.py", line 331, in get_requires_for_build_wheel
          return self._get_build_requires(config_settings, requirements=[])
                 ^^^^^^^^^^^^^^^^^^^^^^^^^^^^^^^^^^^^^^^^^^^^^^^^^^^^^^^^^^
        File "/tmp/pip-build-env-uanu79dp/overlay/lib/python3.12/site-packages/setuptools/build_meta.py", line 301, in _get_build_requires
          self.run_setup()
        File "/tmp/pip-build-env-uanu79dp/overlay/lib/python3.12/site-packages/setuptools/build_meta.py", line 317, in run_setup
          exec(code, locals())
        File "<string>", line 20, in <module>
        File "/tmp/pip-download-kjk20q9u/pyobjc-framework-fileprovider_f89b0d1d36c44493a133805badaa84fc/pyobjc_setup.py", line 585, in setup
          os_level = get_os_level()
                     ^^^^^^^^^^^^^^
        File "/tmp/pip-download-kjk20q9u/pyobjc-framework-fileprovider_f89b0d1d36c44493a133805badaa84fc/pyobjc_setup.py", line 264, in get_os_level
          subprocess.check_output(["/usr/bin/sw_vers", "-productVersion"])
        File "/home/jackfromeast/miniconda3/lib/python3.12/subprocess.py", line 466, in check_output
          return run(*popenargs, stdout=PIPE, timeout=timeout, check=True,
                 ^^^^^^^^^^^^^^^^^^^^^^^^^^^^^^^^^^^^^^^^^^^^^^^^^^^^^^^^^
        File "/home/jackfromeast/miniconda3/lib/python3.12/subprocess.py", line 548, in run
          with Popen(*popenargs, **kwargs) as process:
               ^^^^^^^^^^^^^^^^^^^^^^^^^^^
        File "/home/jackfromeast/miniconda3/lib/python3.12/subprocess.py", line 1026, in __init__
          self._execute_child(args, executable, preexec_fn, close_fds,
        File "/home/jackfromeast/miniconda3/lib/python3.12/subprocess.py", line 1950, in _execute_child
          raise child_exception_type(errno_num, err_msg, err_filename)
      FileNotFoundError: [Errno 2] No such file or directory: '/usr/bin/sw_vers'
      [end of output]
  
  note: This error originates from a subprocess, and is likely not a problem with pip.

[notice] A new release of pip is available: 25.0 -> 25.1.1
[notice] To update, run: pip install --upgrade pip
error: subprocess-exited-with-error

× Getting requirements to build wheel did not run successfully.
│ exit code: 1
╰─> See above for output.

note: This error originates from a subprocess, and is likely not a problem with pip.
 (downloader.py:241)
2025-05-27 04:15:34,872 - PipDownloader - ERROR - Failed to download package:   error: subprocess-exited-with-error
  
  × Getting requirements to build wheel did not run successfully.
  │ exit code: 1
  ╰─> [35 lines of output]
      /tmp/pip-download-v5i8lsq8/pyobjc-framework-coremotion_41cfdfa62ec741cf82196a1703f09386/pyobjc_setup.py:15: UserWarning: pkg_resources is deprecated as an API. See https://setuptools.pypa.io/en/latest/pkg_resources.html. The pkg_resources package is slated for removal as early as 2025-11-30. Refrain from using this package or pin to Setuptools<81.
        import pkg_resources
      Traceback (most recent call last):
        File "/home/jackfromeast/miniconda3/lib/python3.12/site-packages/pip/_vendor/pyproject_hooks/_in_process/_in_process.py", line 389, in <module>
          main()
        File "/home/jackfromeast/miniconda3/lib/python3.12/site-packages/pip/_vendor/pyproject_hooks/_in_process/_in_process.py", line 373, in main
          json_out["return_val"] = hook(**hook_input["kwargs"])
                                   ^^^^^^^^^^^^^^^^^^^^^^^^^^^^
        File "/home/jackfromeast/miniconda3/lib/python3.12/site-packages/pip/_vendor/pyproject_hooks/_in_process/_in_process.py", line 143, in get_requires_for_build_wheel
          return hook(config_settings)
                 ^^^^^^^^^^^^^^^^^^^^^
        File "/tmp/pip-build-env-mjnu_7js/overlay/lib/python3.12/site-packages/setuptools/build_meta.py", line 331, in get_requires_for_build_wheel
          return self._get_build_requires(config_settings, requirements=[])
                 ^^^^^^^^^^^^^^^^^^^^^^^^^^^^^^^^^^^^^^^^^^^^^^^^^^^^^^^^^^
        File "/tmp/pip-build-env-mjnu_7js/overlay/lib/python3.12/site-packages/setuptools/build_meta.py", line 301, in _get_build_requires
          self.run_setup()
        File "/tmp/pip-build-env-mjnu_7js/overlay/lib/python3.12/site-packages/setuptools/build_meta.py", line 317, in run_setup
          exec(code, locals())
        File "<string>", line 20, in <module>
        File "/tmp/pip-download-v5i8lsq8/pyobjc-framework-coremotion_41cfdfa62ec741cf82196a1703f09386/pyobjc_setup.py", line 585, in setup
          os_level = get_os_level()
                     ^^^^^^^^^^^^^^
        File "/tmp/pip-download-v5i8lsq8/pyobjc-framework-coremotion_41cfdfa62ec741cf82196a1703f09386/pyobjc_setup.py", line 264, in get_os_level
          subprocess.check_output(["/usr/bin/sw_vers", "-productVersion"])
        File "/home/jackfromeast/miniconda3/lib/python3.12/subprocess.py", line 466, in check_output
          return run(*popenargs, stdout=PIPE, timeout=timeout, check=True,
                 ^^^^^^^^^^^^^^^^^^^^^^^^^^^^^^^^^^^^^^^^^^^^^^^^^^^^^^^^^
        File "/home/jackfromeast/miniconda3/lib/python3.12/subprocess.py", line 548, in run
          with Popen(*popenargs, **kwargs) as process:
               ^^^^^^^^^^^^^^^^^^^^^^^^^^^
        File "/home/jackfromeast/miniconda3/lib/python3.12/subprocess.py", line 1026, in __init__
          self._execute_child(args, executable, preexec_fn, close_fds,
        File "/home/jackfromeast/miniconda3/lib/python3.12/subprocess.py", line 1950, in _execute_child
          raise child_exception_type(errno_num, err_msg, err_filename)
      FileNotFoundError: [Errno 2] No such file or directory: '/usr/bin/sw_vers'
      [end of output]
  
  note: This error originates from a subprocess, and is likely not a problem with pip.

[notice] A new release of pip is available: 25.0 -> 25.1.1
[notice] To update, run: pip install --upgrade pip
error: subprocess-exited-with-error

× Getting requirements to build wheel did not run successfully.
│ exit code: 1
╰─> See above for output.

note: This error originates from a subprocess, and is likely not a problem with pip.
 (downloader.py:241)
2025-05-27 04:16:03,020 - PipDownloader - ERROR - Failed to download package:   error: subprocess-exited-with-error
  
  × Getting requirements to build wheel did not run successfully.
  │ exit code: 1
  ╰─> [35 lines of output]
      /tmp/pip-download-8wmttdsg/pyobjc-framework-metalkit_c0ce3ce02e154d5081ce9f5dec7e278b/pyobjc_setup.py:15: UserWarning: pkg_resources is deprecated as an API. See https://setuptools.pypa.io/en/latest/pkg_resources.html. The pkg_resources package is slated for removal as early as 2025-11-30. Refrain from using this package or pin to Setuptools<81.
        import pkg_resources
      Traceback (most recent call last):
        File "/home/jackfromeast/miniconda3/lib/python3.12/site-packages/pip/_vendor/pyproject_hooks/_in_process/_in_process.py", line 389, in <module>
          main()
        File "/home/jackfromeast/miniconda3/lib/python3.12/site-packages/pip/_vendor/pyproject_hooks/_in_process/_in_process.py", line 373, in main
          json_out["return_val"] = hook(**hook_input["kwargs"])
                                   ^^^^^^^^^^^^^^^^^^^^^^^^^^^^
        File "/home/jackfromeast/miniconda3/lib/python3.12/site-packages/pip/_vendor/pyproject_hooks/_in_process/_in_process.py", line 143, in get_requires_for_build_wheel
          return hook(config_settings)
                 ^^^^^^^^^^^^^^^^^^^^^
        File "/tmp/pip-build-env-ib86vkng/overlay/lib/python3.12/site-packages/setuptools/build_meta.py", line 331, in get_requires_for_build_wheel
          return self._get_build_requires(config_settings, requirements=[])
                 ^^^^^^^^^^^^^^^^^^^^^^^^^^^^^^^^^^^^^^^^^^^^^^^^^^^^^^^^^^
        File "/tmp/pip-build-env-ib86vkng/overlay/lib/python3.12/site-packages/setuptools/build_meta.py", line 301, in _get_build_requires
          self.run_setup()
        File "/tmp/pip-build-env-ib86vkng/overlay/lib/python3.12/site-packages/setuptools/build_meta.py", line 317, in run_setup
          exec(code, locals())
        File "<string>", line 20, in <module>
        File "/tmp/pip-download-8wmttdsg/pyobjc-framework-metalkit_c0ce3ce02e154d5081ce9f5dec7e278b/pyobjc_setup.py", line 585, in setup
          os_level = get_os_level()
                     ^^^^^^^^^^^^^^
        File "/tmp/pip-download-8wmttdsg/pyobjc-framework-metalkit_c0ce3ce02e154d5081ce9f5dec7e278b/pyobjc_setup.py", line 264, in get_os_level
          subprocess.check_output(["/usr/bin/sw_vers", "-productVersion"])
        File "/home/jackfromeast/miniconda3/lib/python3.12/subprocess.py", line 466, in check_output
          return run(*popenargs, stdout=PIPE, timeout=timeout, check=True,
                 ^^^^^^^^^^^^^^^^^^^^^^^^^^^^^^^^^^^^^^^^^^^^^^^^^^^^^^^^^
        File "/home/jackfromeast/miniconda3/lib/python3.12/subprocess.py", line 548, in run
          with Popen(*popenargs, **kwargs) as process:
               ^^^^^^^^^^^^^^^^^^^^^^^^^^^
        File "/home/jackfromeast/miniconda3/lib/python3.12/subprocess.py", line 1026, in __init__
          self._execute_child(args, executable, preexec_fn, close_fds,
        File "/home/jackfromeast/miniconda3/lib/python3.12/subprocess.py", line 1950, in _execute_child
          raise child_exception_type(errno_num, err_msg, err_filename)
      FileNotFoundError: [Errno 2] No such file or directory: '/usr/bin/sw_vers'
      [end of output]
  
  note: This error originates from a subprocess, and is likely not a problem with pip.

[notice] A new release of pip is available: 25.0 -> 25.1.1
[notice] To update, run: pip install --upgrade pip
error: subprocess-exited-with-error

× Getting requirements to build wheel did not run successfully.
│ exit code: 1
╰─> See above for output.

note: This error originates from a subprocess, and is likely not a problem with pip.
 (downloader.py:241)
2025-05-27 04:16:12,732 - PipDownloader - ERROR - Failed to download package:   error: subprocess-exited-with-error
  
  × Getting requirements to build wheel did not run successfully.
  │ exit code: 1
  ╰─> [35 lines of output]
      /tmp/pip-download-vv6mkt42/pyobjc-framework-authenticationservices_512ed053503c40ef8afa558ad8355266/pyobjc_setup.py:15: UserWarning: pkg_resources is deprecated as an API. See https://setuptools.pypa.io/en/latest/pkg_resources.html. The pkg_resources package is slated for removal as early as 2025-11-30. Refrain from using this package or pin to Setuptools<81.
        import pkg_resources
      Traceback (most recent call last):
        File "/home/jackfromeast/miniconda3/lib/python3.12/site-packages/pip/_vendor/pyproject_hooks/_in_process/_in_process.py", line 389, in <module>
          main()
        File "/home/jackfromeast/miniconda3/lib/python3.12/site-packages/pip/_vendor/pyproject_hooks/_in_process/_in_process.py", line 373, in main
          json_out["return_val"] = hook(**hook_input["kwargs"])
                                   ^^^^^^^^^^^^^^^^^^^^^^^^^^^^
        File "/home/jackfromeast/miniconda3/lib/python3.12/site-packages/pip/_vendor/pyproject_hooks/_in_process/_in_process.py", line 143, in get_requires_for_build_wheel
          return hook(config_settings)
                 ^^^^^^^^^^^^^^^^^^^^^
        File "/tmp/pip-build-env-0c0_yr4p/overlay/lib/python3.12/site-packages/setuptools/build_meta.py", line 331, in get_requires_for_build_wheel
          return self._get_build_requires(config_settings, requirements=[])
                 ^^^^^^^^^^^^^^^^^^^^^^^^^^^^^^^^^^^^^^^^^^^^^^^^^^^^^^^^^^
        File "/tmp/pip-build-env-0c0_yr4p/overlay/lib/python3.12/site-packages/setuptools/build_meta.py", line 301, in _get_build_requires
          self.run_setup()
        File "/tmp/pip-build-env-0c0_yr4p/overlay/lib/python3.12/site-packages/setuptools/build_meta.py", line 317, in run_setup
          exec(code, locals())
        File "<string>", line 20, in <module>
        File "/tmp/pip-download-vv6mkt42/pyobjc-framework-authenticationservices_512ed053503c40ef8afa558ad8355266/pyobjc_setup.py", line 585, in setup
          os_level = get_os_level()
                     ^^^^^^^^^^^^^^
        File "/tmp/pip-download-vv6mkt42/pyobjc-framework-authenticationservices_512ed053503c40ef8afa558ad8355266/pyobjc_setup.py", line 264, in get_os_level
          subprocess.check_output(["/usr/bin/sw_vers", "-productVersion"])
        File "/home/jackfromeast/miniconda3/lib/python3.12/subprocess.py", line 466, in check_output
          return run(*popenargs, stdout=PIPE, timeout=timeout, check=True,
                 ^^^^^^^^^^^^^^^^^^^^^^^^^^^^^^^^^^^^^^^^^^^^^^^^^^^^^^^^^
        File "/home/jackfromeast/miniconda3/lib/python3.12/subprocess.py", line 548, in run
          with Popen(*popenargs, **kwargs) as process:
               ^^^^^^^^^^^^^^^^^^^^^^^^^^^
        File "/home/jackfromeast/miniconda3/lib/python3.12/subprocess.py", line 1026, in __init__
          self._execute_child(args, executable, preexec_fn, close_fds,
        File "/home/jackfromeast/miniconda3/lib/python3.12/subprocess.py", line 1950, in _execute_child
          raise child_exception_type(errno_num, err_msg, err_filename)
      FileNotFoundError: [Errno 2] No such file or directory: '/usr/bin/sw_vers'
      [end of output]
  
  note: This error originates from a subprocess, and is likely not a problem with pip.

[notice] A new release of pip is available: 25.0 -> 25.1.1
[notice] To update, run: pip install --upgrade pip
error: subprocess-exited-with-error

× Getting requirements to build wheel did not run successfully.
│ exit code: 1
╰─> See above for output.

note: This error originates from a subprocess, and is likely not a problem with pip.
 (downloader.py:241)
2025-05-27 04:16:29,120 - PipDownloader - ERROR - Failed to download package:   error: subprocess-exited-with-error
  
  × python setup.py egg_info did not run successfully.
  │ exit code: 1
  ╰─> [111 lines of output]
      /home/jackfromeast/miniconda3/lib/python3.12/site-packages/setuptools/dist.py:498: SetuptoolsDeprecationWarning: Invalid dash-separated options
      !!
      
              ********************************************************************************
              Usage of dash-separated 'author-email' will not be supported in future
              versions. Please use the underscore name 'author_email' instead.
      
              This deprecation is overdue, please update your project and remove deprecated
              calls to avoid build errors in the future.
      
              See https://setuptools.pypa.io/en/latest/userguide/declarative_config.html for details.
              ********************************************************************************
      
      !!
        opt = self.warn_dash_deprecation(opt, section)
      /home/jackfromeast/miniconda3/lib/python3.12/site-packages/setuptools/dist.py:498: SetuptoolsDeprecationWarning: Invalid dash-separated options
      !!
      
              ********************************************************************************
              Usage of dash-separated 'home-page' will not be supported in future
              versions. Please use the underscore name 'home_page' instead.
      
              This deprecation is overdue, please update your project and remove deprecated
              calls to avoid build errors in the future.
      
              See https://setuptools.pypa.io/en/latest/userguide/declarative_config.html for details.
              ********************************************************************************
      
      !!
        opt = self.warn_dash_deprecation(opt, section)
      /home/jackfromeast/miniconda3/lib/python3.12/site-packages/setuptools/dist.py:498: SetuptoolsDeprecationWarning: Invalid dash-separated options
      !!
      
              ********************************************************************************
              Usage of dash-separated 'description-file' will not be supported in future
              versions. Please use the underscore name 'description_file' instead.
      
              This deprecation is overdue, please update your project and remove deprecated
              calls to avoid build errors in the future.
      
              See https://setuptools.pypa.io/en/latest/userguide/declarative_config.html for details.
              ********************************************************************************
      
      !!
        opt = self.warn_dash_deprecation(opt, section)
      /home/jackfromeast/miniconda3/lib/python3.12/site-packages/setuptools/__init__.py:80: _DeprecatedInstaller: setuptools.installer and fetch_build_eggs are deprecated.
      !!
      
              ********************************************************************************
              Requirements should be satisfied by a PEP 517 installer.
              If you are using pip, you can try `pip install --use-pep517`.
              ********************************************************************************
      
      !!
        dist.fetch_build_eggs(dist.setup_requires)
      /tmp/pip-download-k1jogjk8/pyddq_7a8ac8a55b92493ba8fa5daac31a895c/.eggs/PyScaffold-2.5.11-py3.12.egg/pyscaffold/contrib/pbr/pbr/git.py:159: SyntaxWarning: invalid escape sequence '\*'
        msg = msg.replace('*', '\*')
      /tmp/pip-download-k1jogjk8/pyddq_7a8ac8a55b92493ba8fa5daac31a895c/.eggs/PyScaffold-2.5.11-py3.12.egg/pyscaffold/contrib/pbr/pbr/git.py:160: SyntaxWarning: invalid escape sequence '\_'
        msg = msg.replace('_', '\_')
      /tmp/pip-download-k1jogjk8/pyddq_7a8ac8a55b92493ba8fa5daac31a895c/.eggs/PyScaffold-2.5.11-py3.12.egg/pyscaffold/contrib/pbr/pbr/git.py:161: SyntaxWarning: invalid escape sequence '\`'
        msg = msg.replace('`', '\`')
      /tmp/pip-download-k1jogjk8/pyddq_7a8ac8a55b92493ba8fa5daac31a895c/.eggs/PyScaffold-2.5.11-py3.12.egg/pyscaffold/contrib/pbr/pbr/util.py:356: SyntaxWarning: invalid escape sequence '\s'
        requirement_pattern = '(?P<package>[^;]*);?(?P<env_marker>[^#]*?)(?:\s*#.*)?$'
      /tmp/pip-download-k1jogjk8/pyddq_7a8ac8a55b92493ba8fa5daac31a895c/.eggs/PyScaffold-2.5.11-py3.12.egg/pyscaffold/contrib/pbr/pbr/util.py:416: SyntaxWarning: invalid escape sequence '\s'
        requirement_pattern = '(?P<package>[^:]*):?(?P<env_marker>[^#]*?)(?:\s*#.*)?$'
      Traceback (most recent call last):
        File "<string>", line 2, in <module>
        File "<pip-setuptools-caller>", line 34, in <module>
        File "/tmp/pip-download-k1jogjk8/pyddq_7a8ac8a55b92493ba8fa5daac31a895c/setup.py", line 63, in <module>
          setup_package()
        File "/tmp/pip-download-k1jogjk8/pyddq_7a8ac8a55b92493ba8fa5daac31a895c/setup.py", line 55, in setup_package
          setup(setup_requires=['six', 'pyscaffold>=2.5a0,<2.6a0'] + sphinx,
        File "/home/jackfromeast/miniconda3/lib/python3.12/site-packages/setuptools/__init__.py", line 103, in setup
          return distutils.core.setup(**attrs)
                 ^^^^^^^^^^^^^^^^^^^^^^^^^^^^^
        File "/home/jackfromeast/miniconda3/lib/python3.12/site-packages/setuptools/_distutils/core.py", line 147, in setup
          _setup_distribution = dist = klass(attrs)
                                       ^^^^^^^^^^^^
        File "/home/jackfromeast/miniconda3/lib/python3.12/site-packages/setuptools/dist.py", line 303, in __init__
          _Distribution.__init__(self, dist_attrs)
        File "/home/jackfromeast/miniconda3/lib/python3.12/site-packages/setuptools/_distutils/dist.py", line 283, in __init__
          self.finalize_options()
        File "/home/jackfromeast/miniconda3/lib/python3.12/site-packages/setuptools/dist.py", line 680, in finalize_options
          ep(self)
        File "/home/jackfromeast/miniconda3/lib/python3.12/site-packages/setuptools/dist.py", line 700, in _finalize_setup_keywords
          ep.load()(self, ep.name, value)
          ^^^^^^^^^
        File "/home/jackfromeast/miniconda3/lib/python3.12/importlib/metadata/__init__.py", line 205, in load
          module = import_module(match.group('module'))
                   ^^^^^^^^^^^^^^^^^^^^^^^^^^^^^^^^^^^^
        File "/home/jackfromeast/miniconda3/lib/python3.12/importlib/__init__.py", line 90, in import_module
          return _bootstrap._gcd_import(name[level:], package, level)
                 ^^^^^^^^^^^^^^^^^^^^^^^^^^^^^^^^^^^^^^^^^^^^^^^^^^^^
        File "<frozen importlib._bootstrap>", line 1387, in _gcd_import
        File "<frozen importlib._bootstrap>", line 1360, in _find_and_load
        File "<frozen importlib._bootstrap>", line 1331, in _find_and_load_unlocked
        File "<frozen importlib._bootstrap>", line 935, in _load_unlocked
        File "<frozen importlib._bootstrap_external>", line 994, in exec_module
        File "<frozen importlib._bootstrap>", line 488, in _call_with_frames_removed
        File "/tmp/pip-download-k1jogjk8/pyddq_7a8ac8a55b92493ba8fa5daac31a895c/.eggs/PyScaffold-2.5.11-py3.12.egg/pyscaffold/integration.py", line 18, in <module>
          from pyscaffold.contrib import pbr_read_setup_cfg, scm_get_version
        File "/tmp/pip-download-k1jogjk8/pyddq_7a8ac8a55b92493ba8fa5daac31a895c/.eggs/PyScaffold-2.5.11-py3.12.egg/pyscaffold/contrib/__init__.py", line 87, in <module>
          scm_hacks = import_mod('setuptools_scm.hacks', scm_path)
                      ^^^^^^^^^^^^^^^^^^^^^^^^^^^^^^^^^^^^^^^^^^^^
        File "/tmp/pip-download-k1jogjk8/pyddq_7a8ac8a55b92493ba8fa5daac31a895c/.eggs/PyScaffold-2.5.11-py3.12.egg/pyscaffold/contrib/__init__.py", line 73, in import_mod
          return import_module(module)
                 ^^^^^^^^^^^^^^^^^^^^^
        File "/home/jackfromeast/miniconda3/lib/python3.12/importlib/__init__.py", line 90, in import_module
          return _bootstrap._gcd_import(name[level:], package, level)
                 ^^^^^^^^^^^^^^^^^^^^^^^^^^^^^^^^^^^^^^^^^^^^^^^^^^^^
      ModuleNotFoundError: No module named 'setuptools_scm.hacks'
      [end of output]
  
  note: This error originates from a subprocess, and is likely not a problem with pip.

[notice] A new release of pip is available: 25.0 -> 25.1.1
[notice] To update, run: pip install --upgrade pip
error: metadata-generation-failed

× Encountered error while generating package metadata.
╰─> See above for output.

note: This is an issue with the package mentioned above, not pip.
hint: See above for details.
 (downloader.py:241)
2025-05-27 04:16:51,990 - PipDownloader - ERROR - Failed to download package:   error: subprocess-exited-with-error
  
  × Getting requirements to build wheel did not run successfully.
  │ exit code: 1
  ╰─> [35 lines of output]
      /tmp/pip-download-cw2fu76h/pyobjc-framework-metalperformanceshaders_1801a58171234964b9cddb9b388d17b5/pyobjc_setup.py:15: UserWarning: pkg_resources is deprecated as an API. See https://setuptools.pypa.io/en/latest/pkg_resources.html. The pkg_resources package is slated for removal as early as 2025-11-30. Refrain from using this package or pin to Setuptools<81.
        import pkg_resources
      Traceback (most recent call last):
        File "/home/jackfromeast/miniconda3/lib/python3.12/site-packages/pip/_vendor/pyproject_hooks/_in_process/_in_process.py", line 389, in <module>
          main()
        File "/home/jackfromeast/miniconda3/lib/python3.12/site-packages/pip/_vendor/pyproject_hooks/_in_process/_in_process.py", line 373, in main
          json_out["return_val"] = hook(**hook_input["kwargs"])
                                   ^^^^^^^^^^^^^^^^^^^^^^^^^^^^
        File "/home/jackfromeast/miniconda3/lib/python3.12/site-packages/pip/_vendor/pyproject_hooks/_in_process/_in_process.py", line 143, in get_requires_for_build_wheel
          return hook(config_settings)
                 ^^^^^^^^^^^^^^^^^^^^^
        File "/tmp/pip-build-env-7d6xovoj/overlay/lib/python3.12/site-packages/setuptools/build_meta.py", line 331, in get_requires_for_build_wheel
          return self._get_build_requires(config_settings, requirements=[])
                 ^^^^^^^^^^^^^^^^^^^^^^^^^^^^^^^^^^^^^^^^^^^^^^^^^^^^^^^^^^
        File "/tmp/pip-build-env-7d6xovoj/overlay/lib/python3.12/site-packages/setuptools/build_meta.py", line 301, in _get_build_requires
          self.run_setup()
        File "/tmp/pip-build-env-7d6xovoj/overlay/lib/python3.12/site-packages/setuptools/build_meta.py", line 317, in run_setup
          exec(code, locals())
        File "<string>", line 20, in <module>
        File "/tmp/pip-download-cw2fu76h/pyobjc-framework-metalperformanceshaders_1801a58171234964b9cddb9b388d17b5/pyobjc_setup.py", line 585, in setup
          os_level = get_os_level()
                     ^^^^^^^^^^^^^^
        File "/tmp/pip-download-cw2fu76h/pyobjc-framework-metalperformanceshaders_1801a58171234964b9cddb9b388d17b5/pyobjc_setup.py", line 264, in get_os_level
          subprocess.check_output(["/usr/bin/sw_vers", "-productVersion"])
        File "/home/jackfromeast/miniconda3/lib/python3.12/subprocess.py", line 466, in check_output
          return run(*popenargs, stdout=PIPE, timeout=timeout, check=True,
                 ^^^^^^^^^^^^^^^^^^^^^^^^^^^^^^^^^^^^^^^^^^^^^^^^^^^^^^^^^
        File "/home/jackfromeast/miniconda3/lib/python3.12/subprocess.py", line 548, in run
          with Popen(*popenargs, **kwargs) as process:
               ^^^^^^^^^^^^^^^^^^^^^^^^^^^
        File "/home/jackfromeast/miniconda3/lib/python3.12/subprocess.py", line 1026, in __init__
          self._execute_child(args, executable, preexec_fn, close_fds,
        File "/home/jackfromeast/miniconda3/lib/python3.12/subprocess.py", line 1950, in _execute_child
          raise child_exception_type(errno_num, err_msg, err_filename)
      FileNotFoundError: [Errno 2] No such file or directory: '/usr/bin/sw_vers'
      [end of output]
  
  note: This error originates from a subprocess, and is likely not a problem with pip.

[notice] A new release of pip is available: 25.0 -> 25.1.1
[notice] To update, run: pip install --upgrade pip
error: subprocess-exited-with-error

× Getting requirements to build wheel did not run successfully.
│ exit code: 1
╰─> See above for output.

note: This error originates from a subprocess, and is likely not a problem with pip.
 (downloader.py:241)
2025-05-27 04:16:52,767 - PipDownloader - ERROR - Failed to download package:   error: subprocess-exited-with-error
  
  × Getting requirements to build wheel did not run successfully.
  │ exit code: 1
  ╰─> [35 lines of output]
      /tmp/pip-download-f1fzilaz/pyobjc-framework-automaticassessmentconfiguration_d96f24c985b7450dbcb897485fa53d5d/pyobjc_setup.py:15: UserWarning: pkg_resources is deprecated as an API. See https://setuptools.pypa.io/en/latest/pkg_resources.html. The pkg_resources package is slated for removal as early as 2025-11-30. Refrain from using this package or pin to Setuptools<81.
        import pkg_resources
      Traceback (most recent call last):
        File "/home/jackfromeast/miniconda3/lib/python3.12/site-packages/pip/_vendor/pyproject_hooks/_in_process/_in_process.py", line 389, in <module>
          main()
        File "/home/jackfromeast/miniconda3/lib/python3.12/site-packages/pip/_vendor/pyproject_hooks/_in_process/_in_process.py", line 373, in main
          json_out["return_val"] = hook(**hook_input["kwargs"])
                                   ^^^^^^^^^^^^^^^^^^^^^^^^^^^^
        File "/home/jackfromeast/miniconda3/lib/python3.12/site-packages/pip/_vendor/pyproject_hooks/_in_process/_in_process.py", line 143, in get_requires_for_build_wheel
          return hook(config_settings)
                 ^^^^^^^^^^^^^^^^^^^^^
        File "/tmp/pip-build-env-3xz3sw2d/overlay/lib/python3.12/site-packages/setuptools/build_meta.py", line 331, in get_requires_for_build_wheel
          return self._get_build_requires(config_settings, requirements=[])
                 ^^^^^^^^^^^^^^^^^^^^^^^^^^^^^^^^^^^^^^^^^^^^^^^^^^^^^^^^^^
        File "/tmp/pip-build-env-3xz3sw2d/overlay/lib/python3.12/site-packages/setuptools/build_meta.py", line 301, in _get_build_requires
          self.run_setup()
        File "/tmp/pip-build-env-3xz3sw2d/overlay/lib/python3.12/site-packages/setuptools/build_meta.py", line 317, in run_setup
          exec(code, locals())
        File "<string>", line 20, in <module>
        File "/tmp/pip-download-f1fzilaz/pyobjc-framework-automaticassessmentconfiguration_d96f24c985b7450dbcb897485fa53d5d/pyobjc_setup.py", line 585, in setup
          os_level = get_os_level()
                     ^^^^^^^^^^^^^^
        File "/tmp/pip-download-f1fzilaz/pyobjc-framework-automaticassessmentconfiguration_d96f24c985b7450dbcb897485fa53d5d/pyobjc_setup.py", line 264, in get_os_level
          subprocess.check_output(["/usr/bin/sw_vers", "-productVersion"])
        File "/home/jackfromeast/miniconda3/lib/python3.12/subprocess.py", line 466, in check_output
          return run(*popenargs, stdout=PIPE, timeout=timeout, check=True,
                 ^^^^^^^^^^^^^^^^^^^^^^^^^^^^^^^^^^^^^^^^^^^^^^^^^^^^^^^^^
        File "/home/jackfromeast/miniconda3/lib/python3.12/subprocess.py", line 548, in run
          with Popen(*popenargs, **kwargs) as process:
               ^^^^^^^^^^^^^^^^^^^^^^^^^^^
        File "/home/jackfromeast/miniconda3/lib/python3.12/subprocess.py", line 1026, in __init__
          self._execute_child(args, executable, preexec_fn, close_fds,
        File "/home/jackfromeast/miniconda3/lib/python3.12/subprocess.py", line 1950, in _execute_child
          raise child_exception_type(errno_num, err_msg, err_filename)
      FileNotFoundError: [Errno 2] No such file or directory: '/usr/bin/sw_vers'
      [end of output]
  
  note: This error originates from a subprocess, and is likely not a problem with pip.

[notice] A new release of pip is available: 25.0 -> 25.1.1
[notice] To update, run: pip install --upgrade pip
error: subprocess-exited-with-error

× Getting requirements to build wheel did not run successfully.
│ exit code: 1
╰─> See above for output.

note: This error originates from a subprocess, and is likely not a problem with pip.
 (downloader.py:241)
2025-05-27 04:17:24,426 - PipDownloader - ERROR - Failed to download package:   error: subprocess-exited-with-error
  
  × Getting requirements to build wheel did not run successfully.
  │ exit code: 1
  ╰─> [35 lines of output]
      /tmp/pip-download-f7wec11g/pyobjc-framework-oslog_41fde29112f647cca837f8d42569ea41/pyobjc_setup.py:15: UserWarning: pkg_resources is deprecated as an API. See https://setuptools.pypa.io/en/latest/pkg_resources.html. The pkg_resources package is slated for removal as early as 2025-11-30. Refrain from using this package or pin to Setuptools<81.
        import pkg_resources
      Traceback (most recent call last):
        File "/home/jackfromeast/miniconda3/lib/python3.12/site-packages/pip/_vendor/pyproject_hooks/_in_process/_in_process.py", line 389, in <module>
          main()
        File "/home/jackfromeast/miniconda3/lib/python3.12/site-packages/pip/_vendor/pyproject_hooks/_in_process/_in_process.py", line 373, in main
          json_out["return_val"] = hook(**hook_input["kwargs"])
                                   ^^^^^^^^^^^^^^^^^^^^^^^^^^^^
        File "/home/jackfromeast/miniconda3/lib/python3.12/site-packages/pip/_vendor/pyproject_hooks/_in_process/_in_process.py", line 143, in get_requires_for_build_wheel
          return hook(config_settings)
                 ^^^^^^^^^^^^^^^^^^^^^
        File "/tmp/pip-build-env-q2519vnz/overlay/lib/python3.12/site-packages/setuptools/build_meta.py", line 331, in get_requires_for_build_wheel
          return self._get_build_requires(config_settings, requirements=[])
                 ^^^^^^^^^^^^^^^^^^^^^^^^^^^^^^^^^^^^^^^^^^^^^^^^^^^^^^^^^^
        File "/tmp/pip-build-env-q2519vnz/overlay/lib/python3.12/site-packages/setuptools/build_meta.py", line 301, in _get_build_requires
          self.run_setup()
        File "/tmp/pip-build-env-q2519vnz/overlay/lib/python3.12/site-packages/setuptools/build_meta.py", line 317, in run_setup
          exec(code, locals())
        File "<string>", line 19, in <module>
        File "/tmp/pip-download-f7wec11g/pyobjc-framework-oslog_41fde29112f647cca837f8d42569ea41/pyobjc_setup.py", line 585, in setup
          os_level = get_os_level()
                     ^^^^^^^^^^^^^^
        File "/tmp/pip-download-f7wec11g/pyobjc-framework-oslog_41fde29112f647cca837f8d42569ea41/pyobjc_setup.py", line 264, in get_os_level
          subprocess.check_output(["/usr/bin/sw_vers", "-productVersion"])
        File "/home/jackfromeast/miniconda3/lib/python3.12/subprocess.py", line 466, in check_output
          return run(*popenargs, stdout=PIPE, timeout=timeout, check=True,
                 ^^^^^^^^^^^^^^^^^^^^^^^^^^^^^^^^^^^^^^^^^^^^^^^^^^^^^^^^^
        File "/home/jackfromeast/miniconda3/lib/python3.12/subprocess.py", line 548, in run
          with Popen(*popenargs, **kwargs) as process:
               ^^^^^^^^^^^^^^^^^^^^^^^^^^^
        File "/home/jackfromeast/miniconda3/lib/python3.12/subprocess.py", line 1026, in __init__
          self._execute_child(args, executable, preexec_fn, close_fds,
        File "/home/jackfromeast/miniconda3/lib/python3.12/subprocess.py", line 1950, in _execute_child
          raise child_exception_type(errno_num, err_msg, err_filename)
      FileNotFoundError: [Errno 2] No such file or directory: '/usr/bin/sw_vers'
      [end of output]
  
  note: This error originates from a subprocess, and is likely not a problem with pip.

[notice] A new release of pip is available: 25.0 -> 25.1.1
[notice] To update, run: pip install --upgrade pip
error: subprocess-exited-with-error

× Getting requirements to build wheel did not run successfully.
│ exit code: 1
╰─> See above for output.

note: This error originates from a subprocess, and is likely not a problem with pip.
 (downloader.py:241)
2025-05-27 04:17:27,305 - PipDownloader - ERROR - Failed to download package:   error: subprocess-exited-with-error
  
  × Getting requirements to build wheel did not run successfully.
  │ exit code: 1
  ╰─> [35 lines of output]
      /tmp/pip-download-yohh9tc_/pyobjc-framework-pushkit_e57dcc55ad52416b93e4c5c69c4e362f/pyobjc_setup.py:15: UserWarning: pkg_resources is deprecated as an API. See https://setuptools.pypa.io/en/latest/pkg_resources.html. The pkg_resources package is slated for removal as early as 2025-11-30. Refrain from using this package or pin to Setuptools<81.
        import pkg_resources
      Traceback (most recent call last):
        File "/home/jackfromeast/miniconda3/lib/python3.12/site-packages/pip/_vendor/pyproject_hooks/_in_process/_in_process.py", line 389, in <module>
          main()
        File "/home/jackfromeast/miniconda3/lib/python3.12/site-packages/pip/_vendor/pyproject_hooks/_in_process/_in_process.py", line 373, in main
          json_out["return_val"] = hook(**hook_input["kwargs"])
                                   ^^^^^^^^^^^^^^^^^^^^^^^^^^^^
        File "/home/jackfromeast/miniconda3/lib/python3.12/site-packages/pip/_vendor/pyproject_hooks/_in_process/_in_process.py", line 143, in get_requires_for_build_wheel
          return hook(config_settings)
                 ^^^^^^^^^^^^^^^^^^^^^
        File "/tmp/pip-build-env-e_fdgn2s/overlay/lib/python3.12/site-packages/setuptools/build_meta.py", line 331, in get_requires_for_build_wheel
          return self._get_build_requires(config_settings, requirements=[])
                 ^^^^^^^^^^^^^^^^^^^^^^^^^^^^^^^^^^^^^^^^^^^^^^^^^^^^^^^^^^
        File "/tmp/pip-build-env-e_fdgn2s/overlay/lib/python3.12/site-packages/setuptools/build_meta.py", line 301, in _get_build_requires
          self.run_setup()
        File "/tmp/pip-build-env-e_fdgn2s/overlay/lib/python3.12/site-packages/setuptools/build_meta.py", line 317, in run_setup
          exec(code, locals())
        File "<string>", line 20, in <module>
        File "/tmp/pip-download-yohh9tc_/pyobjc-framework-pushkit_e57dcc55ad52416b93e4c5c69c4e362f/pyobjc_setup.py", line 585, in setup
          os_level = get_os_level()
                     ^^^^^^^^^^^^^^
        File "/tmp/pip-download-yohh9tc_/pyobjc-framework-pushkit_e57dcc55ad52416b93e4c5c69c4e362f/pyobjc_setup.py", line 264, in get_os_level
          subprocess.check_output(["/usr/bin/sw_vers", "-productVersion"])
        File "/home/jackfromeast/miniconda3/lib/python3.12/subprocess.py", line 466, in check_output
          return run(*popenargs, stdout=PIPE, timeout=timeout, check=True,
                 ^^^^^^^^^^^^^^^^^^^^^^^^^^^^^^^^^^^^^^^^^^^^^^^^^^^^^^^^^
        File "/home/jackfromeast/miniconda3/lib/python3.12/subprocess.py", line 548, in run
          with Popen(*popenargs, **kwargs) as process:
               ^^^^^^^^^^^^^^^^^^^^^^^^^^^
        File "/home/jackfromeast/miniconda3/lib/python3.12/subprocess.py", line 1026, in __init__
          self._execute_child(args, executable, preexec_fn, close_fds,
        File "/home/jackfromeast/miniconda3/lib/python3.12/subprocess.py", line 1950, in _execute_child
          raise child_exception_type(errno_num, err_msg, err_filename)
      FileNotFoundError: [Errno 2] No such file or directory: '/usr/bin/sw_vers'
      [end of output]
  
  note: This error originates from a subprocess, and is likely not a problem with pip.

[notice] A new release of pip is available: 25.0 -> 25.1.1
[notice] To update, run: pip install --upgrade pip
error: subprocess-exited-with-error

× Getting requirements to build wheel did not run successfully.
│ exit code: 1
╰─> See above for output.

note: This error originates from a subprocess, and is likely not a problem with pip.
 (downloader.py:241)
2025-05-27 04:17:46,589 - PipDownloader - ERROR - Failed to download package:   error: subprocess-exited-with-error
  
  × Getting requirements to build wheel did not run successfully.
  │ exit code: 1
  ╰─> [35 lines of output]
      /tmp/pip-download-ne18tz_3/pyobjc-framework-iobluetooth_59f524b62ebc46319f4b06b314d041af/pyobjc_setup.py:15: UserWarning: pkg_resources is deprecated as an API. See https://setuptools.pypa.io/en/latest/pkg_resources.html. The pkg_resources package is slated for removal as early as 2025-11-30. Refrain from using this package or pin to Setuptools<81.
        import pkg_resources
      Traceback (most recent call last):
        File "/home/jackfromeast/miniconda3/lib/python3.12/site-packages/pip/_vendor/pyproject_hooks/_in_process/_in_process.py", line 389, in <module>
          main()
        File "/home/jackfromeast/miniconda3/lib/python3.12/site-packages/pip/_vendor/pyproject_hooks/_in_process/_in_process.py", line 373, in main
          json_out["return_val"] = hook(**hook_input["kwargs"])
                                   ^^^^^^^^^^^^^^^^^^^^^^^^^^^^
        File "/home/jackfromeast/miniconda3/lib/python3.12/site-packages/pip/_vendor/pyproject_hooks/_in_process/_in_process.py", line 143, in get_requires_for_build_wheel
          return hook(config_settings)
                 ^^^^^^^^^^^^^^^^^^^^^
        File "/tmp/pip-build-env-cshfe_x6/overlay/lib/python3.12/site-packages/setuptools/build_meta.py", line 331, in get_requires_for_build_wheel
          return self._get_build_requires(config_settings, requirements=[])
                 ^^^^^^^^^^^^^^^^^^^^^^^^^^^^^^^^^^^^^^^^^^^^^^^^^^^^^^^^^^
        File "/tmp/pip-build-env-cshfe_x6/overlay/lib/python3.12/site-packages/setuptools/build_meta.py", line 301, in _get_build_requires
          self.run_setup()
        File "/tmp/pip-build-env-cshfe_x6/overlay/lib/python3.12/site-packages/setuptools/build_meta.py", line 317, in run_setup
          exec(code, locals())
        File "<string>", line 20, in <module>
        File "/tmp/pip-download-ne18tz_3/pyobjc-framework-iobluetooth_59f524b62ebc46319f4b06b314d041af/pyobjc_setup.py", line 585, in setup
          os_level = get_os_level()
                     ^^^^^^^^^^^^^^
        File "/tmp/pip-download-ne18tz_3/pyobjc-framework-iobluetooth_59f524b62ebc46319f4b06b314d041af/pyobjc_setup.py", line 264, in get_os_level
          subprocess.check_output(["/usr/bin/sw_vers", "-productVersion"])
        File "/home/jackfromeast/miniconda3/lib/python3.12/subprocess.py", line 466, in check_output
          return run(*popenargs, stdout=PIPE, timeout=timeout, check=True,
                 ^^^^^^^^^^^^^^^^^^^^^^^^^^^^^^^^^^^^^^^^^^^^^^^^^^^^^^^^^
        File "/home/jackfromeast/miniconda3/lib/python3.12/subprocess.py", line 548, in run
          with Popen(*popenargs, **kwargs) as process:
               ^^^^^^^^^^^^^^^^^^^^^^^^^^^
        File "/home/jackfromeast/miniconda3/lib/python3.12/subprocess.py", line 1026, in __init__
          self._execute_child(args, executable, preexec_fn, close_fds,
        File "/home/jackfromeast/miniconda3/lib/python3.12/subprocess.py", line 1950, in _execute_child
          raise child_exception_type(errno_num, err_msg, err_filename)
      FileNotFoundError: [Errno 2] No such file or directory: '/usr/bin/sw_vers'
      [end of output]
  
  note: This error originates from a subprocess, and is likely not a problem with pip.

[notice] A new release of pip is available: 25.0 -> 25.1.1
[notice] To update, run: pip install --upgrade pip
error: subprocess-exited-with-error

× Getting requirements to build wheel did not run successfully.
│ exit code: 1
╰─> See above for output.

note: This error originates from a subprocess, and is likely not a problem with pip.
 (downloader.py:241)
2025-05-27 04:17:55,568 - PipDownloader - ERROR - Failed to download package:   error: subprocess-exited-with-error
  
  × Getting requirements to build wheel did not run successfully.
  │ exit code: 1
  ╰─> [35 lines of output]
      /tmp/pip-download-pwby7se9/pyobjc-framework-scriptingbridge_632bb71e1fa44babafc5bab4f515659d/pyobjc_setup.py:15: UserWarning: pkg_resources is deprecated as an API. See https://setuptools.pypa.io/en/latest/pkg_resources.html. The pkg_resources package is slated for removal as early as 2025-11-30. Refrain from using this package or pin to Setuptools<81.
        import pkg_resources
      Traceback (most recent call last):
        File "/home/jackfromeast/miniconda3/lib/python3.12/site-packages/pip/_vendor/pyproject_hooks/_in_process/_in_process.py", line 389, in <module>
          main()
        File "/home/jackfromeast/miniconda3/lib/python3.12/site-packages/pip/_vendor/pyproject_hooks/_in_process/_in_process.py", line 373, in main
          json_out["return_val"] = hook(**hook_input["kwargs"])
                                   ^^^^^^^^^^^^^^^^^^^^^^^^^^^^
        File "/home/jackfromeast/miniconda3/lib/python3.12/site-packages/pip/_vendor/pyproject_hooks/_in_process/_in_process.py", line 143, in get_requires_for_build_wheel
          return hook(config_settings)
                 ^^^^^^^^^^^^^^^^^^^^^
        File "/tmp/pip-build-env-iop_11qa/overlay/lib/python3.12/site-packages/setuptools/build_meta.py", line 331, in get_requires_for_build_wheel
          return self._get_build_requires(config_settings, requirements=[])
                 ^^^^^^^^^^^^^^^^^^^^^^^^^^^^^^^^^^^^^^^^^^^^^^^^^^^^^^^^^^
        File "/tmp/pip-build-env-iop_11qa/overlay/lib/python3.12/site-packages/setuptools/build_meta.py", line 301, in _get_build_requires
          self.run_setup()
        File "/tmp/pip-build-env-iop_11qa/overlay/lib/python3.12/site-packages/setuptools/build_meta.py", line 317, in run_setup
          exec(code, locals())
        File "<string>", line 26, in <module>
        File "/tmp/pip-download-pwby7se9/pyobjc-framework-scriptingbridge_632bb71e1fa44babafc5bab4f515659d/pyobjc_setup.py", line 585, in setup
          os_level = get_os_level()
                     ^^^^^^^^^^^^^^
        File "/tmp/pip-download-pwby7se9/pyobjc-framework-scriptingbridge_632bb71e1fa44babafc5bab4f515659d/pyobjc_setup.py", line 264, in get_os_level
          subprocess.check_output(["/usr/bin/sw_vers", "-productVersion"])
        File "/home/jackfromeast/miniconda3/lib/python3.12/subprocess.py", line 466, in check_output
          return run(*popenargs, stdout=PIPE, timeout=timeout, check=True,
                 ^^^^^^^^^^^^^^^^^^^^^^^^^^^^^^^^^^^^^^^^^^^^^^^^^^^^^^^^^
        File "/home/jackfromeast/miniconda3/lib/python3.12/subprocess.py", line 548, in run
          with Popen(*popenargs, **kwargs) as process:
               ^^^^^^^^^^^^^^^^^^^^^^^^^^^
        File "/home/jackfromeast/miniconda3/lib/python3.12/subprocess.py", line 1026, in __init__
          self._execute_child(args, executable, preexec_fn, close_fds,
        File "/home/jackfromeast/miniconda3/lib/python3.12/subprocess.py", line 1950, in _execute_child
          raise child_exception_type(errno_num, err_msg, err_filename)
      FileNotFoundError: [Errno 2] No such file or directory: '/usr/bin/sw_vers'
      [end of output]
  
  note: This error originates from a subprocess, and is likely not a problem with pip.

[notice] A new release of pip is available: 25.0 -> 25.1.1
[notice] To update, run: pip install --upgrade pip
error: subprocess-exited-with-error

× Getting requirements to build wheel did not run successfully.
│ exit code: 1
╰─> See above for output.

note: This error originates from a subprocess, and is likely not a problem with pip.
 (downloader.py:241)
2025-05-27 04:18:37,499 - PipDownloader - ERROR - Failed to download package:   error: subprocess-exited-with-error
  
  × Getting requirements to build wheel did not run successfully.
  │ exit code: 1
  ╰─> [35 lines of output]
      /tmp/pip-download-i9x8fyze/pyobjc-framework-speech_3f01b86dfa60491d985cacbf68ce6bfb/pyobjc_setup.py:15: UserWarning: pkg_resources is deprecated as an API. See https://setuptools.pypa.io/en/latest/pkg_resources.html. The pkg_resources package is slated for removal as early as 2025-11-30. Refrain from using this package or pin to Setuptools<81.
        import pkg_resources
      Traceback (most recent call last):
        File "/home/jackfromeast/miniconda3/lib/python3.12/site-packages/pip/_vendor/pyproject_hooks/_in_process/_in_process.py", line 389, in <module>
          main()
        File "/home/jackfromeast/miniconda3/lib/python3.12/site-packages/pip/_vendor/pyproject_hooks/_in_process/_in_process.py", line 373, in main
          json_out["return_val"] = hook(**hook_input["kwargs"])
                                   ^^^^^^^^^^^^^^^^^^^^^^^^^^^^
        File "/home/jackfromeast/miniconda3/lib/python3.12/site-packages/pip/_vendor/pyproject_hooks/_in_process/_in_process.py", line 143, in get_requires_for_build_wheel
          return hook(config_settings)
                 ^^^^^^^^^^^^^^^^^^^^^
        File "/tmp/pip-build-env-62ryb022/overlay/lib/python3.12/site-packages/setuptools/build_meta.py", line 331, in get_requires_for_build_wheel
          return self._get_build_requires(config_settings, requirements=[])
                 ^^^^^^^^^^^^^^^^^^^^^^^^^^^^^^^^^^^^^^^^^^^^^^^^^^^^^^^^^^
        File "/tmp/pip-build-env-62ryb022/overlay/lib/python3.12/site-packages/setuptools/build_meta.py", line 301, in _get_build_requires
          self.run_setup()
        File "/tmp/pip-build-env-62ryb022/overlay/lib/python3.12/site-packages/setuptools/build_meta.py", line 317, in run_setup
          exec(code, locals())
        File "<string>", line 20, in <module>
        File "/tmp/pip-download-i9x8fyze/pyobjc-framework-speech_3f01b86dfa60491d985cacbf68ce6bfb/pyobjc_setup.py", line 585, in setup
          os_level = get_os_level()
                     ^^^^^^^^^^^^^^
        File "/tmp/pip-download-i9x8fyze/pyobjc-framework-speech_3f01b86dfa60491d985cacbf68ce6bfb/pyobjc_setup.py", line 264, in get_os_level
          subprocess.check_output(["/usr/bin/sw_vers", "-productVersion"])
        File "/home/jackfromeast/miniconda3/lib/python3.12/subprocess.py", line 466, in check_output
          return run(*popenargs, stdout=PIPE, timeout=timeout, check=True,
                 ^^^^^^^^^^^^^^^^^^^^^^^^^^^^^^^^^^^^^^^^^^^^^^^^^^^^^^^^^
        File "/home/jackfromeast/miniconda3/lib/python3.12/subprocess.py", line 548, in run
          with Popen(*popenargs, **kwargs) as process:
               ^^^^^^^^^^^^^^^^^^^^^^^^^^^
        File "/home/jackfromeast/miniconda3/lib/python3.12/subprocess.py", line 1026, in __init__
          self._execute_child(args, executable, preexec_fn, close_fds,
        File "/home/jackfromeast/miniconda3/lib/python3.12/subprocess.py", line 1950, in _execute_child
          raise child_exception_type(errno_num, err_msg, err_filename)
      FileNotFoundError: [Errno 2] No such file or directory: '/usr/bin/sw_vers'
      [end of output]
  
  note: This error originates from a subprocess, and is likely not a problem with pip.

[notice] A new release of pip is available: 25.0 -> 25.1.1
[notice] To update, run: pip install --upgrade pip
error: subprocess-exited-with-error

× Getting requirements to build wheel did not run successfully.
│ exit code: 1
╰─> See above for output.

note: This error originates from a subprocess, and is likely not a problem with pip.
 (downloader.py:241)
2025-05-27 04:18:48,135 - PipDownloader - ERROR - Failed to download package:   error: subprocess-exited-with-error
  
  × Getting requirements to build wheel did not run successfully.
  │ exit code: 1
  ╰─> [35 lines of output]
      /tmp/pip-download-w1b59lvc/pyobjc-framework-systemextensions_0aead02e952540829e1d96611970204d/pyobjc_setup.py:15: UserWarning: pkg_resources is deprecated as an API. See https://setuptools.pypa.io/en/latest/pkg_resources.html. The pkg_resources package is slated for removal as early as 2025-11-30. Refrain from using this package or pin to Setuptools<81.
        import pkg_resources
      Traceback (most recent call last):
        File "/home/jackfromeast/miniconda3/lib/python3.12/site-packages/pip/_vendor/pyproject_hooks/_in_process/_in_process.py", line 389, in <module>
          main()
        File "/home/jackfromeast/miniconda3/lib/python3.12/site-packages/pip/_vendor/pyproject_hooks/_in_process/_in_process.py", line 373, in main
          json_out["return_val"] = hook(**hook_input["kwargs"])
                                   ^^^^^^^^^^^^^^^^^^^^^^^^^^^^
        File "/home/jackfromeast/miniconda3/lib/python3.12/site-packages/pip/_vendor/pyproject_hooks/_in_process/_in_process.py", line 143, in get_requires_for_build_wheel
          return hook(config_settings)
                 ^^^^^^^^^^^^^^^^^^^^^
        File "/tmp/pip-build-env-fuomyb3j/overlay/lib/python3.12/site-packages/setuptools/build_meta.py", line 331, in get_requires_for_build_wheel
          return self._get_build_requires(config_settings, requirements=[])
                 ^^^^^^^^^^^^^^^^^^^^^^^^^^^^^^^^^^^^^^^^^^^^^^^^^^^^^^^^^^
        File "/tmp/pip-build-env-fuomyb3j/overlay/lib/python3.12/site-packages/setuptools/build_meta.py", line 301, in _get_build_requires
          self.run_setup()
        File "/tmp/pip-build-env-fuomyb3j/overlay/lib/python3.12/site-packages/setuptools/build_meta.py", line 317, in run_setup
          exec(code, locals())
        File "<string>", line 20, in <module>
        File "/tmp/pip-download-w1b59lvc/pyobjc-framework-systemextensions_0aead02e952540829e1d96611970204d/pyobjc_setup.py", line 585, in setup
          os_level = get_os_level()
                     ^^^^^^^^^^^^^^
        File "/tmp/pip-download-w1b59lvc/pyobjc-framework-systemextensions_0aead02e952540829e1d96611970204d/pyobjc_setup.py", line 264, in get_os_level
          subprocess.check_output(["/usr/bin/sw_vers", "-productVersion"])
        File "/home/jackfromeast/miniconda3/lib/python3.12/subprocess.py", line 466, in check_output
          return run(*popenargs, stdout=PIPE, timeout=timeout, check=True,
                 ^^^^^^^^^^^^^^^^^^^^^^^^^^^^^^^^^^^^^^^^^^^^^^^^^^^^^^^^^
        File "/home/jackfromeast/miniconda3/lib/python3.12/subprocess.py", line 548, in run
          with Popen(*popenargs, **kwargs) as process:
               ^^^^^^^^^^^^^^^^^^^^^^^^^^^
        File "/home/jackfromeast/miniconda3/lib/python3.12/subprocess.py", line 1026, in __init__
          self._execute_child(args, executable, preexec_fn, close_fds,
        File "/home/jackfromeast/miniconda3/lib/python3.12/subprocess.py", line 1950, in _execute_child
          raise child_exception_type(errno_num, err_msg, err_filename)
      FileNotFoundError: [Errno 2] No such file or directory: '/usr/bin/sw_vers'
      [end of output]
  
  note: This error originates from a subprocess, and is likely not a problem with pip.

[notice] A new release of pip is available: 25.0 -> 25.1.1
[notice] To update, run: pip install --upgrade pip
error: subprocess-exited-with-error

× Getting requirements to build wheel did not run successfully.
│ exit code: 1
╰─> See above for output.

note: This error originates from a subprocess, and is likely not a problem with pip.
 (downloader.py:241)
2025-05-27 04:19:02,199 - PipDownloader - ERROR - Failed to download package:   error: subprocess-exited-with-error
  
  × Getting requirements to build wheel did not run successfully.
  │ exit code: 1
  ╰─> [35 lines of output]
      /tmp/pip-download-pbrdrzwg/pyobjc-framework-accessibility_500a53ad82d6499088efe4a50cf267be/pyobjc_setup.py:15: UserWarning: pkg_resources is deprecated as an API. See https://setuptools.pypa.io/en/latest/pkg_resources.html. The pkg_resources package is slated for removal as early as 2025-11-30. Refrain from using this package or pin to Setuptools<81.
        import pkg_resources
      Traceback (most recent call last):
        File "/home/jackfromeast/miniconda3/lib/python3.12/site-packages/pip/_vendor/pyproject_hooks/_in_process/_in_process.py", line 389, in <module>
          main()
        File "/home/jackfromeast/miniconda3/lib/python3.12/site-packages/pip/_vendor/pyproject_hooks/_in_process/_in_process.py", line 373, in main
          json_out["return_val"] = hook(**hook_input["kwargs"])
                                   ^^^^^^^^^^^^^^^^^^^^^^^^^^^^
        File "/home/jackfromeast/miniconda3/lib/python3.12/site-packages/pip/_vendor/pyproject_hooks/_in_process/_in_process.py", line 143, in get_requires_for_build_wheel
          return hook(config_settings)
                 ^^^^^^^^^^^^^^^^^^^^^
        File "/tmp/pip-build-env-bahe1uts/overlay/lib/python3.12/site-packages/setuptools/build_meta.py", line 331, in get_requires_for_build_wheel
          return self._get_build_requires(config_settings, requirements=[])
                 ^^^^^^^^^^^^^^^^^^^^^^^^^^^^^^^^^^^^^^^^^^^^^^^^^^^^^^^^^^
        File "/tmp/pip-build-env-bahe1uts/overlay/lib/python3.12/site-packages/setuptools/build_meta.py", line 301, in _get_build_requires
          self.run_setup()
        File "/tmp/pip-build-env-bahe1uts/overlay/lib/python3.12/site-packages/setuptools/build_meta.py", line 317, in run_setup
          exec(code, locals())
        File "<string>", line 20, in <module>
        File "/tmp/pip-download-pbrdrzwg/pyobjc-framework-accessibility_500a53ad82d6499088efe4a50cf267be/pyobjc_setup.py", line 585, in setup
          os_level = get_os_level()
                     ^^^^^^^^^^^^^^
        File "/tmp/pip-download-pbrdrzwg/pyobjc-framework-accessibility_500a53ad82d6499088efe4a50cf267be/pyobjc_setup.py", line 264, in get_os_level
          subprocess.check_output(["/usr/bin/sw_vers", "-productVersion"])
        File "/home/jackfromeast/miniconda3/lib/python3.12/subprocess.py", line 466, in check_output
          return run(*popenargs, stdout=PIPE, timeout=timeout, check=True,
                 ^^^^^^^^^^^^^^^^^^^^^^^^^^^^^^^^^^^^^^^^^^^^^^^^^^^^^^^^^
        File "/home/jackfromeast/miniconda3/lib/python3.12/subprocess.py", line 548, in run
          with Popen(*popenargs, **kwargs) as process:
               ^^^^^^^^^^^^^^^^^^^^^^^^^^^
        File "/home/jackfromeast/miniconda3/lib/python3.12/subprocess.py", line 1026, in __init__
          self._execute_child(args, executable, preexec_fn, close_fds,
        File "/home/jackfromeast/miniconda3/lib/python3.12/subprocess.py", line 1950, in _execute_child
          raise child_exception_type(errno_num, err_msg, err_filename)
      FileNotFoundError: [Errno 2] No such file or directory: '/usr/bin/sw_vers'
      [end of output]
  
  note: This error originates from a subprocess, and is likely not a problem with pip.

[notice] A new release of pip is available: 25.0 -> 25.1.1
[notice] To update, run: pip install --upgrade pip
error: subprocess-exited-with-error

× Getting requirements to build wheel did not run successfully.
│ exit code: 1
╰─> See above for output.

note: This error originates from a subprocess, and is likely not a problem with pip.
 (downloader.py:241)
2025-05-27 04:19:03,385 - PipDownloader - ERROR - Failed to download package:   error: subprocess-exited-with-error
  
  × Getting requirements to build wheel did not run successfully.
  │ exit code: 1
  ╰─> [35 lines of output]
      /tmp/pip-download-jo68dcb_/pyobjc-framework-classkit_53f037c28c7d44e08ec80d17af07fcd7/pyobjc_setup.py:15: UserWarning: pkg_resources is deprecated as an API. See https://setuptools.pypa.io/en/latest/pkg_resources.html. The pkg_resources package is slated for removal as early as 2025-11-30. Refrain from using this package or pin to Setuptools<81.
        import pkg_resources
      Traceback (most recent call last):
        File "/home/jackfromeast/miniconda3/lib/python3.12/site-packages/pip/_vendor/pyproject_hooks/_in_process/_in_process.py", line 389, in <module>
          main()
        File "/home/jackfromeast/miniconda3/lib/python3.12/site-packages/pip/_vendor/pyproject_hooks/_in_process/_in_process.py", line 373, in main
          json_out["return_val"] = hook(**hook_input["kwargs"])
                                   ^^^^^^^^^^^^^^^^^^^^^^^^^^^^
        File "/home/jackfromeast/miniconda3/lib/python3.12/site-packages/pip/_vendor/pyproject_hooks/_in_process/_in_process.py", line 143, in get_requires_for_build_wheel
          return hook(config_settings)
                 ^^^^^^^^^^^^^^^^^^^^^
        File "/tmp/pip-build-env-90ctzlsp/overlay/lib/python3.12/site-packages/setuptools/build_meta.py", line 331, in get_requires_for_build_wheel
          return self._get_build_requires(config_settings, requirements=[])
                 ^^^^^^^^^^^^^^^^^^^^^^^^^^^^^^^^^^^^^^^^^^^^^^^^^^^^^^^^^^
        File "/tmp/pip-build-env-90ctzlsp/overlay/lib/python3.12/site-packages/setuptools/build_meta.py", line 301, in _get_build_requires
          self.run_setup()
        File "/tmp/pip-build-env-90ctzlsp/overlay/lib/python3.12/site-packages/setuptools/build_meta.py", line 317, in run_setup
          exec(code, locals())
        File "<string>", line 20, in <module>
        File "/tmp/pip-download-jo68dcb_/pyobjc-framework-classkit_53f037c28c7d44e08ec80d17af07fcd7/pyobjc_setup.py", line 585, in setup
          os_level = get_os_level()
                     ^^^^^^^^^^^^^^
        File "/tmp/pip-download-jo68dcb_/pyobjc-framework-classkit_53f037c28c7d44e08ec80d17af07fcd7/pyobjc_setup.py", line 264, in get_os_level
          subprocess.check_output(["/usr/bin/sw_vers", "-productVersion"])
        File "/home/jackfromeast/miniconda3/lib/python3.12/subprocess.py", line 466, in check_output
          return run(*popenargs, stdout=PIPE, timeout=timeout, check=True,
                 ^^^^^^^^^^^^^^^^^^^^^^^^^^^^^^^^^^^^^^^^^^^^^^^^^^^^^^^^^
        File "/home/jackfromeast/miniconda3/lib/python3.12/subprocess.py", line 548, in run
          with Popen(*popenargs, **kwargs) as process:
               ^^^^^^^^^^^^^^^^^^^^^^^^^^^
        File "/home/jackfromeast/miniconda3/lib/python3.12/subprocess.py", line 1026, in __init__
          self._execute_child(args, executable, preexec_fn, close_fds,
        File "/home/jackfromeast/miniconda3/lib/python3.12/subprocess.py", line 1950, in _execute_child
          raise child_exception_type(errno_num, err_msg, err_filename)
      FileNotFoundError: [Errno 2] No such file or directory: '/usr/bin/sw_vers'
      [end of output]
  
  note: This error originates from a subprocess, and is likely not a problem with pip.

[notice] A new release of pip is available: 25.0 -> 25.1.1
[notice] To update, run: pip install --upgrade pip
error: subprocess-exited-with-error

× Getting requirements to build wheel did not run successfully.
│ exit code: 1
╰─> See above for output.

note: This error originates from a subprocess, and is likely not a problem with pip.
 (downloader.py:241)
2025-05-27 04:19:24,333 - PipDownloader - ERROR - Failed to download package:   error: subprocess-exited-with-error
  
  × Getting requirements to build wheel did not run successfully.
  │ exit code: 1
  ╰─> [35 lines of output]
      /tmp/pip-download-xmsjbhp1/pyobjc-framework-passkit_3193ce8fb99e468995b6f753ba8393bd/pyobjc_setup.py:15: UserWarning: pkg_resources is deprecated as an API. See https://setuptools.pypa.io/en/latest/pkg_resources.html. The pkg_resources package is slated for removal as early as 2025-11-30. Refrain from using this package or pin to Setuptools<81.
        import pkg_resources
      Traceback (most recent call last):
        File "/home/jackfromeast/miniconda3/lib/python3.12/site-packages/pip/_vendor/pyproject_hooks/_in_process/_in_process.py", line 389, in <module>
          main()
        File "/home/jackfromeast/miniconda3/lib/python3.12/site-packages/pip/_vendor/pyproject_hooks/_in_process/_in_process.py", line 373, in main
          json_out["return_val"] = hook(**hook_input["kwargs"])
                                   ^^^^^^^^^^^^^^^^^^^^^^^^^^^^
        File "/home/jackfromeast/miniconda3/lib/python3.12/site-packages/pip/_vendor/pyproject_hooks/_in_process/_in_process.py", line 143, in get_requires_for_build_wheel
          return hook(config_settings)
                 ^^^^^^^^^^^^^^^^^^^^^
        File "/tmp/pip-build-env-vrp8funx/overlay/lib/python3.12/site-packages/setuptools/build_meta.py", line 331, in get_requires_for_build_wheel
          return self._get_build_requires(config_settings, requirements=[])
                 ^^^^^^^^^^^^^^^^^^^^^^^^^^^^^^^^^^^^^^^^^^^^^^^^^^^^^^^^^^
        File "/tmp/pip-build-env-vrp8funx/overlay/lib/python3.12/site-packages/setuptools/build_meta.py", line 301, in _get_build_requires
          self.run_setup()
        File "/tmp/pip-build-env-vrp8funx/overlay/lib/python3.12/site-packages/setuptools/build_meta.py", line 317, in run_setup
          exec(code, locals())
        File "<string>", line 20, in <module>
        File "/tmp/pip-download-xmsjbhp1/pyobjc-framework-passkit_3193ce8fb99e468995b6f753ba8393bd/pyobjc_setup.py", line 585, in setup
          os_level = get_os_level()
                     ^^^^^^^^^^^^^^
        File "/tmp/pip-download-xmsjbhp1/pyobjc-framework-passkit_3193ce8fb99e468995b6f753ba8393bd/pyobjc_setup.py", line 264, in get_os_level
          subprocess.check_output(["/usr/bin/sw_vers", "-productVersion"])
        File "/home/jackfromeast/miniconda3/lib/python3.12/subprocess.py", line 466, in check_output
          return run(*popenargs, stdout=PIPE, timeout=timeout, check=True,
                 ^^^^^^^^^^^^^^^^^^^^^^^^^^^^^^^^^^^^^^^^^^^^^^^^^^^^^^^^^
        File "/home/jackfromeast/miniconda3/lib/python3.12/subprocess.py", line 548, in run
          with Popen(*popenargs, **kwargs) as process:
               ^^^^^^^^^^^^^^^^^^^^^^^^^^^
        File "/home/jackfromeast/miniconda3/lib/python3.12/subprocess.py", line 1026, in __init__
          self._execute_child(args, executable, preexec_fn, close_fds,
        File "/home/jackfromeast/miniconda3/lib/python3.12/subprocess.py", line 1950, in _execute_child
          raise child_exception_type(errno_num, err_msg, err_filename)
      FileNotFoundError: [Errno 2] No such file or directory: '/usr/bin/sw_vers'
      [end of output]
  
  note: This error originates from a subprocess, and is likely not a problem with pip.

[notice] A new release of pip is available: 25.0 -> 25.1.1
[notice] To update, run: pip install --upgrade pip
error: subprocess-exited-with-error

× Getting requirements to build wheel did not run successfully.
│ exit code: 1
╰─> See above for output.

note: This error originates from a subprocess, and is likely not a problem with pip.
 (downloader.py:241)
2025-05-27 04:21:20,947 - PipDownloader - ERROR - Failed to download package:   error: subprocess-exited-with-error
  
  × Getting requirements to build wheel did not run successfully.
  │ exit code: 1
  ╰─> [35 lines of output]
      /tmp/pip-download-vbrdscpm/pyobjc-framework-audiovideobridging_bee0e98d0d9d4889a725e8707ff26dd4/pyobjc_setup.py:15: UserWarning: pkg_resources is deprecated as an API. See https://setuptools.pypa.io/en/latest/pkg_resources.html. The pkg_resources package is slated for removal as early as 2025-11-30. Refrain from using this package or pin to Setuptools<81.
        import pkg_resources
      Traceback (most recent call last):
        File "/home/jackfromeast/miniconda3/lib/python3.12/site-packages/pip/_vendor/pyproject_hooks/_in_process/_in_process.py", line 389, in <module>
          main()
        File "/home/jackfromeast/miniconda3/lib/python3.12/site-packages/pip/_vendor/pyproject_hooks/_in_process/_in_process.py", line 373, in main
          json_out["return_val"] = hook(**hook_input["kwargs"])
                                   ^^^^^^^^^^^^^^^^^^^^^^^^^^^^
        File "/home/jackfromeast/miniconda3/lib/python3.12/site-packages/pip/_vendor/pyproject_hooks/_in_process/_in_process.py", line 143, in get_requires_for_build_wheel
          return hook(config_settings)
                 ^^^^^^^^^^^^^^^^^^^^^
        File "/tmp/pip-build-env-8ekgr3v9/overlay/lib/python3.12/site-packages/setuptools/build_meta.py", line 331, in get_requires_for_build_wheel
          return self._get_build_requires(config_settings, requirements=[])
                 ^^^^^^^^^^^^^^^^^^^^^^^^^^^^^^^^^^^^^^^^^^^^^^^^^^^^^^^^^^
        File "/tmp/pip-build-env-8ekgr3v9/overlay/lib/python3.12/site-packages/setuptools/build_meta.py", line 301, in _get_build_requires
          self.run_setup()
        File "/tmp/pip-build-env-8ekgr3v9/overlay/lib/python3.12/site-packages/setuptools/build_meta.py", line 317, in run_setup
          exec(code, locals())
        File "<string>", line 20, in <module>
        File "/tmp/pip-download-vbrdscpm/pyobjc-framework-audiovideobridging_bee0e98d0d9d4889a725e8707ff26dd4/pyobjc_setup.py", line 585, in setup
          os_level = get_os_level()
                     ^^^^^^^^^^^^^^
        File "/tmp/pip-download-vbrdscpm/pyobjc-framework-audiovideobridging_bee0e98d0d9d4889a725e8707ff26dd4/pyobjc_setup.py", line 264, in get_os_level
          subprocess.check_output(["/usr/bin/sw_vers", "-productVersion"])
        File "/home/jackfromeast/miniconda3/lib/python3.12/subprocess.py", line 466, in check_output
          return run(*popenargs, stdout=PIPE, timeout=timeout, check=True,
                 ^^^^^^^^^^^^^^^^^^^^^^^^^^^^^^^^^^^^^^^^^^^^^^^^^^^^^^^^^
        File "/home/jackfromeast/miniconda3/lib/python3.12/subprocess.py", line 548, in run
          with Popen(*popenargs, **kwargs) as process:
               ^^^^^^^^^^^^^^^^^^^^^^^^^^^
        File "/home/jackfromeast/miniconda3/lib/python3.12/subprocess.py", line 1026, in __init__
          self._execute_child(args, executable, preexec_fn, close_fds,
        File "/home/jackfromeast/miniconda3/lib/python3.12/subprocess.py", line 1950, in _execute_child
          raise child_exception_type(errno_num, err_msg, err_filename)
      FileNotFoundError: [Errno 2] No such file or directory: '/usr/bin/sw_vers'
      [end of output]
  
  note: This error originates from a subprocess, and is likely not a problem with pip.

[notice] A new release of pip is available: 25.0 -> 25.1.1
[notice] To update, run: pip install --upgrade pip
error: subprocess-exited-with-error

× Getting requirements to build wheel did not run successfully.
│ exit code: 1
╰─> See above for output.

note: This error originates from a subprocess, and is likely not a problem with pip.
 (downloader.py:241)
2025-05-27 04:22:00,196 - PipDownloader - ERROR - Failed to download package:   error: subprocess-exited-with-error
  
  × Getting requirements to build wheel did not run successfully.
  │ exit code: 1
  ╰─> [35 lines of output]
      /tmp/pip-download-44n57veh/pyobjc-framework-virtualization_6e9db277e9e84e9d9443490b40f56e5b/pyobjc_setup.py:15: UserWarning: pkg_resources is deprecated as an API. See https://setuptools.pypa.io/en/latest/pkg_resources.html. The pkg_resources package is slated for removal as early as 2025-11-30. Refrain from using this package or pin to Setuptools<81.
        import pkg_resources
      Traceback (most recent call last):
        File "/home/jackfromeast/miniconda3/lib/python3.12/site-packages/pip/_vendor/pyproject_hooks/_in_process/_in_process.py", line 389, in <module>
          main()
        File "/home/jackfromeast/miniconda3/lib/python3.12/site-packages/pip/_vendor/pyproject_hooks/_in_process/_in_process.py", line 373, in main
          json_out["return_val"] = hook(**hook_input["kwargs"])
                                   ^^^^^^^^^^^^^^^^^^^^^^^^^^^^
        File "/home/jackfromeast/miniconda3/lib/python3.12/site-packages/pip/_vendor/pyproject_hooks/_in_process/_in_process.py", line 143, in get_requires_for_build_wheel
          return hook(config_settings)
                 ^^^^^^^^^^^^^^^^^^^^^
        File "/tmp/pip-build-env-216wx0ex/overlay/lib/python3.12/site-packages/setuptools/build_meta.py", line 331, in get_requires_for_build_wheel
          return self._get_build_requires(config_settings, requirements=[])
                 ^^^^^^^^^^^^^^^^^^^^^^^^^^^^^^^^^^^^^^^^^^^^^^^^^^^^^^^^^^
        File "/tmp/pip-build-env-216wx0ex/overlay/lib/python3.12/site-packages/setuptools/build_meta.py", line 301, in _get_build_requires
          self.run_setup()
        File "/tmp/pip-build-env-216wx0ex/overlay/lib/python3.12/site-packages/setuptools/build_meta.py", line 317, in run_setup
          exec(code, locals())
        File "<string>", line 20, in <module>
        File "/tmp/pip-download-44n57veh/pyobjc-framework-virtualization_6e9db277e9e84e9d9443490b40f56e5b/pyobjc_setup.py", line 585, in setup
          os_level = get_os_level()
                     ^^^^^^^^^^^^^^
        File "/tmp/pip-download-44n57veh/pyobjc-framework-virtualization_6e9db277e9e84e9d9443490b40f56e5b/pyobjc_setup.py", line 264, in get_os_level
          subprocess.check_output(["/usr/bin/sw_vers", "-productVersion"])
        File "/home/jackfromeast/miniconda3/lib/python3.12/subprocess.py", line 466, in check_output
          return run(*popenargs, stdout=PIPE, timeout=timeout, check=True,
                 ^^^^^^^^^^^^^^^^^^^^^^^^^^^^^^^^^^^^^^^^^^^^^^^^^^^^^^^^^
        File "/home/jackfromeast/miniconda3/lib/python3.12/subprocess.py", line 548, in run
          with Popen(*popenargs, **kwargs) as process:
               ^^^^^^^^^^^^^^^^^^^^^^^^^^^
        File "/home/jackfromeast/miniconda3/lib/python3.12/subprocess.py", line 1026, in __init__
          self._execute_child(args, executable, preexec_fn, close_fds,
        File "/home/jackfromeast/miniconda3/lib/python3.12/subprocess.py", line 1950, in _execute_child
          raise child_exception_type(errno_num, err_msg, err_filename)
      FileNotFoundError: [Errno 2] No such file or directory: '/usr/bin/sw_vers'
      [end of output]
  
  note: This error originates from a subprocess, and is likely not a problem with pip.

[notice] A new release of pip is available: 25.0 -> 25.1.1
[notice] To update, run: pip install --upgrade pip
error: subprocess-exited-with-error

× Getting requirements to build wheel did not run successfully.
│ exit code: 1
╰─> See above for output.

note: This error originates from a subprocess, and is likely not a problem with pip.
 (downloader.py:241)
2025-05-27 04:22:20,286 - PipDownloader - ERROR - Failed to download package:   error: subprocess-exited-with-error
  
  × Getting requirements to build wheel did not run successfully.
  │ exit code: 1
  ╰─> [35 lines of output]
      /tmp/pip-download-ma0ozv4q/pyobjc-framework-replaykit_e595aa102b8647d78fda16a3404a6bac/pyobjc_setup.py:15: UserWarning: pkg_resources is deprecated as an API. See https://setuptools.pypa.io/en/latest/pkg_resources.html. The pkg_resources package is slated for removal as early as 2025-11-30. Refrain from using this package or pin to Setuptools<81.
        import pkg_resources
      Traceback (most recent call last):
        File "/home/jackfromeast/miniconda3/lib/python3.12/site-packages/pip/_vendor/pyproject_hooks/_in_process/_in_process.py", line 389, in <module>
          main()
        File "/home/jackfromeast/miniconda3/lib/python3.12/site-packages/pip/_vendor/pyproject_hooks/_in_process/_in_process.py", line 373, in main
          json_out["return_val"] = hook(**hook_input["kwargs"])
                                   ^^^^^^^^^^^^^^^^^^^^^^^^^^^^
        File "/home/jackfromeast/miniconda3/lib/python3.12/site-packages/pip/_vendor/pyproject_hooks/_in_process/_in_process.py", line 143, in get_requires_for_build_wheel
          return hook(config_settings)
                 ^^^^^^^^^^^^^^^^^^^^^
        File "/tmp/pip-build-env-xbhf1mmw/overlay/lib/python3.12/site-packages/setuptools/build_meta.py", line 331, in get_requires_for_build_wheel
          return self._get_build_requires(config_settings, requirements=[])
                 ^^^^^^^^^^^^^^^^^^^^^^^^^^^^^^^^^^^^^^^^^^^^^^^^^^^^^^^^^^
        File "/tmp/pip-build-env-xbhf1mmw/overlay/lib/python3.12/site-packages/setuptools/build_meta.py", line 301, in _get_build_requires
          self.run_setup()
        File "/tmp/pip-build-env-xbhf1mmw/overlay/lib/python3.12/site-packages/setuptools/build_meta.py", line 317, in run_setup
          exec(code, locals())
        File "<string>", line 20, in <module>
        File "/tmp/pip-download-ma0ozv4q/pyobjc-framework-replaykit_e595aa102b8647d78fda16a3404a6bac/pyobjc_setup.py", line 585, in setup
          os_level = get_os_level()
                     ^^^^^^^^^^^^^^
        File "/tmp/pip-download-ma0ozv4q/pyobjc-framework-replaykit_e595aa102b8647d78fda16a3404a6bac/pyobjc_setup.py", line 264, in get_os_level
          subprocess.check_output(["/usr/bin/sw_vers", "-productVersion"])
        File "/home/jackfromeast/miniconda3/lib/python3.12/subprocess.py", line 466, in check_output
          return run(*popenargs, stdout=PIPE, timeout=timeout, check=True,
                 ^^^^^^^^^^^^^^^^^^^^^^^^^^^^^^^^^^^^^^^^^^^^^^^^^^^^^^^^^
        File "/home/jackfromeast/miniconda3/lib/python3.12/subprocess.py", line 548, in run
          with Popen(*popenargs, **kwargs) as process:
               ^^^^^^^^^^^^^^^^^^^^^^^^^^^
        File "/home/jackfromeast/miniconda3/lib/python3.12/subprocess.py", line 1026, in __init__
          self._execute_child(args, executable, preexec_fn, close_fds,
        File "/home/jackfromeast/miniconda3/lib/python3.12/subprocess.py", line 1950, in _execute_child
          raise child_exception_type(errno_num, err_msg, err_filename)
      FileNotFoundError: [Errno 2] No such file or directory: '/usr/bin/sw_vers'
      [end of output]
  
  note: This error originates from a subprocess, and is likely not a problem with pip.

[notice] A new release of pip is available: 25.0 -> 25.1.1
[notice] To update, run: pip install --upgrade pip
error: subprocess-exited-with-error

× Getting requirements to build wheel did not run successfully.
│ exit code: 1
╰─> See above for output.

note: This error originates from a subprocess, and is likely not a problem with pip.
 (downloader.py:241)
2025-05-27 04:23:32,586 - PipDownloader - ERROR - Failed to download package:   error: subprocess-exited-with-error
  
  × Getting requirements to build wheel did not run successfully.
  │ exit code: 1
  ╰─> [35 lines of output]
      /tmp/pip-download-z9kbp5l6/pyobjc-framework-inputmethodkit_c82904cf464c4a33b6e06609f8c74f46/pyobjc_setup.py:15: UserWarning: pkg_resources is deprecated as an API. See https://setuptools.pypa.io/en/latest/pkg_resources.html. The pkg_resources package is slated for removal as early as 2025-11-30. Refrain from using this package or pin to Setuptools<81.
        import pkg_resources
      Traceback (most recent call last):
        File "/home/jackfromeast/miniconda3/lib/python3.12/site-packages/pip/_vendor/pyproject_hooks/_in_process/_in_process.py", line 389, in <module>
          main()
        File "/home/jackfromeast/miniconda3/lib/python3.12/site-packages/pip/_vendor/pyproject_hooks/_in_process/_in_process.py", line 373, in main
          json_out["return_val"] = hook(**hook_input["kwargs"])
                                   ^^^^^^^^^^^^^^^^^^^^^^^^^^^^
        File "/home/jackfromeast/miniconda3/lib/python3.12/site-packages/pip/_vendor/pyproject_hooks/_in_process/_in_process.py", line 143, in get_requires_for_build_wheel
          return hook(config_settings)
                 ^^^^^^^^^^^^^^^^^^^^^
        File "/tmp/pip-build-env-ihzxoa6l/overlay/lib/python3.12/site-packages/setuptools/build_meta.py", line 331, in get_requires_for_build_wheel
          return self._get_build_requires(config_settings, requirements=[])
                 ^^^^^^^^^^^^^^^^^^^^^^^^^^^^^^^^^^^^^^^^^^^^^^^^^^^^^^^^^^
        File "/tmp/pip-build-env-ihzxoa6l/overlay/lib/python3.12/site-packages/setuptools/build_meta.py", line 301, in _get_build_requires
          self.run_setup()
        File "/tmp/pip-build-env-ihzxoa6l/overlay/lib/python3.12/site-packages/setuptools/build_meta.py", line 317, in run_setup
          exec(code, locals())
        File "<string>", line 21, in <module>
        File "/tmp/pip-download-z9kbp5l6/pyobjc-framework-inputmethodkit_c82904cf464c4a33b6e06609f8c74f46/pyobjc_setup.py", line 585, in setup
          os_level = get_os_level()
                     ^^^^^^^^^^^^^^
        File "/tmp/pip-download-z9kbp5l6/pyobjc-framework-inputmethodkit_c82904cf464c4a33b6e06609f8c74f46/pyobjc_setup.py", line 264, in get_os_level
          subprocess.check_output(["/usr/bin/sw_vers", "-productVersion"])
        File "/home/jackfromeast/miniconda3/lib/python3.12/subprocess.py", line 466, in check_output
          return run(*popenargs, stdout=PIPE, timeout=timeout, check=True,
                 ^^^^^^^^^^^^^^^^^^^^^^^^^^^^^^^^^^^^^^^^^^^^^^^^^^^^^^^^^
        File "/home/jackfromeast/miniconda3/lib/python3.12/subprocess.py", line 548, in run
          with Popen(*popenargs, **kwargs) as process:
               ^^^^^^^^^^^^^^^^^^^^^^^^^^^
        File "/home/jackfromeast/miniconda3/lib/python3.12/subprocess.py", line 1026, in __init__
          self._execute_child(args, executable, preexec_fn, close_fds,
        File "/home/jackfromeast/miniconda3/lib/python3.12/subprocess.py", line 1950, in _execute_child
          raise child_exception_type(errno_num, err_msg, err_filename)
      FileNotFoundError: [Errno 2] No such file or directory: '/usr/bin/sw_vers'
      [end of output]
  
  note: This error originates from a subprocess, and is likely not a problem with pip.

[notice] A new release of pip is available: 25.0 -> 25.1.1
[notice] To update, run: pip install --upgrade pip
error: subprocess-exited-with-error

× Getting requirements to build wheel did not run successfully.
│ exit code: 1
╰─> See above for output.

note: This error originates from a subprocess, and is likely not a problem with pip.
 (downloader.py:241)
2025-05-27 04:25:19,575 - PipDownloader - ERROR - Failed to download package:   error: subprocess-exited-with-error
  
  × Getting requirements to build wheel did not run successfully.
  │ exit code: 1
  ╰─> [35 lines of output]
      /tmp/pip-download-768nzvy7/pyobjc-framework-libxpc_d9c7774b6bb748828c1f4170437b77c4/pyobjc_setup.py:15: UserWarning: pkg_resources is deprecated as an API. See https://setuptools.pypa.io/en/latest/pkg_resources.html. The pkg_resources package is slated for removal as early as 2025-11-30. Refrain from using this package or pin to Setuptools<81.
        import pkg_resources
      Traceback (most recent call last):
        File "/home/jackfromeast/miniconda3/lib/python3.12/site-packages/pip/_vendor/pyproject_hooks/_in_process/_in_process.py", line 389, in <module>
          main()
        File "/home/jackfromeast/miniconda3/lib/python3.12/site-packages/pip/_vendor/pyproject_hooks/_in_process/_in_process.py", line 373, in main
          json_out["return_val"] = hook(**hook_input["kwargs"])
                                   ^^^^^^^^^^^^^^^^^^^^^^^^^^^^
        File "/home/jackfromeast/miniconda3/lib/python3.12/site-packages/pip/_vendor/pyproject_hooks/_in_process/_in_process.py", line 143, in get_requires_for_build_wheel
          return hook(config_settings)
                 ^^^^^^^^^^^^^^^^^^^^^
        File "/tmp/pip-build-env-ye69r5lu/overlay/lib/python3.12/site-packages/setuptools/build_meta.py", line 331, in get_requires_for_build_wheel
          return self._get_build_requires(config_settings, requirements=[])
                 ^^^^^^^^^^^^^^^^^^^^^^^^^^^^^^^^^^^^^^^^^^^^^^^^^^^^^^^^^^
        File "/tmp/pip-build-env-ye69r5lu/overlay/lib/python3.12/site-packages/setuptools/build_meta.py", line 301, in _get_build_requires
          self.run_setup()
        File "/tmp/pip-build-env-ye69r5lu/overlay/lib/python3.12/site-packages/setuptools/build_meta.py", line 317, in run_setup
          exec(code, locals())
        File "<string>", line 20, in <module>
        File "/tmp/pip-download-768nzvy7/pyobjc-framework-libxpc_d9c7774b6bb748828c1f4170437b77c4/pyobjc_setup.py", line 585, in setup
          os_level = get_os_level()
                     ^^^^^^^^^^^^^^
        File "/tmp/pip-download-768nzvy7/pyobjc-framework-libxpc_d9c7774b6bb748828c1f4170437b77c4/pyobjc_setup.py", line 264, in get_os_level
          subprocess.check_output(["/usr/bin/sw_vers", "-productVersion"])
        File "/home/jackfromeast/miniconda3/lib/python3.12/subprocess.py", line 466, in check_output
          return run(*popenargs, stdout=PIPE, timeout=timeout, check=True,
                 ^^^^^^^^^^^^^^^^^^^^^^^^^^^^^^^^^^^^^^^^^^^^^^^^^^^^^^^^^
        File "/home/jackfromeast/miniconda3/lib/python3.12/subprocess.py", line 548, in run
          with Popen(*popenargs, **kwargs) as process:
               ^^^^^^^^^^^^^^^^^^^^^^^^^^^
        File "/home/jackfromeast/miniconda3/lib/python3.12/subprocess.py", line 1026, in __init__
          self._execute_child(args, executable, preexec_fn, close_fds,
        File "/home/jackfromeast/miniconda3/lib/python3.12/subprocess.py", line 1950, in _execute_child
          raise child_exception_type(errno_num, err_msg, err_filename)
      FileNotFoundError: [Errno 2] No such file or directory: '/usr/bin/sw_vers'
      [end of output]
  
  note: This error originates from a subprocess, and is likely not a problem with pip.

[notice] A new release of pip is available: 25.0 -> 25.1.1
[notice] To update, run: pip install --upgrade pip
error: subprocess-exited-with-error

× Getting requirements to build wheel did not run successfully.
│ exit code: 1
╰─> See above for output.

note: This error originates from a subprocess, and is likely not a problem with pip.
 (downloader.py:241)
2025-05-27 04:25:33,718 - PipDownloader - ERROR - Failed to download package:   error: subprocess-exited-with-error
  
  × python setup.py egg_info did not run successfully.
  │ exit code: 1
  ╰─> [1 lines of output]
      Building cuda extension requires PyTorch (>=1.13.0) being installed, please install PyTorch first: No module named 'torch'
      [end of output]
  
  note: This error originates from a subprocess, and is likely not a problem with pip.

[notice] A new release of pip is available: 25.0 -> 25.1.1
[notice] To update, run: pip install --upgrade pip
error: metadata-generation-failed

× Encountered error while generating package metadata.
╰─> See above for output.

note: This is an issue with the package mentioned above, not pip.
hint: See above for details.
 (downloader.py:241)
2025-05-27 04:25:34,810 - PipDownloader - ERROR - Failed to download package:   error: subprocess-exited-with-error
  
  × python setup.py egg_info did not run successfully.
  │ exit code: 1
  ╰─> [8 lines of output]
      Traceback (most recent call last):
        File "<string>", line 2, in <module>
        File "<pip-setuptools-caller>", line 34, in <module>
        File "/tmp/pip-download-a_8xfetm/pyflux_f6b1fc8eb25d4e34bb41c6d92c981d68/setup.py", line 101, in <module>
          setup_package()
        File "/tmp/pip-download-a_8xfetm/pyflux_f6b1fc8eb25d4e34bb41c6d92c981d68/setup.py", line 62, in setup_package
          from numpy.distutils.core import setup
      ModuleNotFoundError: No module named 'numpy.distutils'
      [end of output]
  
  note: This error originates from a subprocess, and is likely not a problem with pip.

[notice] A new release of pip is available: 25.0 -> 25.1.1
[notice] To update, run: pip install --upgrade pip
error: metadata-generation-failed

× Encountered error while generating package metadata.
╰─> See above for output.

note: This is an issue with the package mentioned above, not pip.
hint: See above for details.
 (downloader.py:241)
2025-05-27 04:25:58,600 - PipDownloader - ERROR - Failed to download package:   error: subprocess-exited-with-error
  
  × Getting requirements to build wheel did not run successfully.
  │ exit code: 1
  ╰─> [35 lines of output]
      /tmp/pip-download-ucc61pvf/pyobjc-framework-intentsui_5a8396586aa543828ba79a9944a612a6/pyobjc_setup.py:15: UserWarning: pkg_resources is deprecated as an API. See https://setuptools.pypa.io/en/latest/pkg_resources.html. The pkg_resources package is slated for removal as early as 2025-11-30. Refrain from using this package or pin to Setuptools<81.
        import pkg_resources
      Traceback (most recent call last):
        File "/home/jackfromeast/miniconda3/lib/python3.12/site-packages/pip/_vendor/pyproject_hooks/_in_process/_in_process.py", line 389, in <module>
          main()
        File "/home/jackfromeast/miniconda3/lib/python3.12/site-packages/pip/_vendor/pyproject_hooks/_in_process/_in_process.py", line 373, in main
          json_out["return_val"] = hook(**hook_input["kwargs"])
                                   ^^^^^^^^^^^^^^^^^^^^^^^^^^^^
        File "/home/jackfromeast/miniconda3/lib/python3.12/site-packages/pip/_vendor/pyproject_hooks/_in_process/_in_process.py", line 143, in get_requires_for_build_wheel
          return hook(config_settings)
                 ^^^^^^^^^^^^^^^^^^^^^
        File "/tmp/pip-build-env-xegqr1m_/overlay/lib/python3.12/site-packages/setuptools/build_meta.py", line 331, in get_requires_for_build_wheel
          return self._get_build_requires(config_settings, requirements=[])
                 ^^^^^^^^^^^^^^^^^^^^^^^^^^^^^^^^^^^^^^^^^^^^^^^^^^^^^^^^^^
        File "/tmp/pip-build-env-xegqr1m_/overlay/lib/python3.12/site-packages/setuptools/build_meta.py", line 301, in _get_build_requires
          self.run_setup()
        File "/tmp/pip-build-env-xegqr1m_/overlay/lib/python3.12/site-packages/setuptools/build_meta.py", line 317, in run_setup
          exec(code, locals())
        File "<string>", line 20, in <module>
        File "/tmp/pip-download-ucc61pvf/pyobjc-framework-intentsui_5a8396586aa543828ba79a9944a612a6/pyobjc_setup.py", line 585, in setup
          os_level = get_os_level()
                     ^^^^^^^^^^^^^^
        File "/tmp/pip-download-ucc61pvf/pyobjc-framework-intentsui_5a8396586aa543828ba79a9944a612a6/pyobjc_setup.py", line 264, in get_os_level
          subprocess.check_output(["/usr/bin/sw_vers", "-productVersion"])
        File "/home/jackfromeast/miniconda3/lib/python3.12/subprocess.py", line 466, in check_output
          return run(*popenargs, stdout=PIPE, timeout=timeout, check=True,
                 ^^^^^^^^^^^^^^^^^^^^^^^^^^^^^^^^^^^^^^^^^^^^^^^^^^^^^^^^^
        File "/home/jackfromeast/miniconda3/lib/python3.12/subprocess.py", line 548, in run
          with Popen(*popenargs, **kwargs) as process:
               ^^^^^^^^^^^^^^^^^^^^^^^^^^^
        File "/home/jackfromeast/miniconda3/lib/python3.12/subprocess.py", line 1026, in __init__
          self._execute_child(args, executable, preexec_fn, close_fds,
        File "/home/jackfromeast/miniconda3/lib/python3.12/subprocess.py", line 1950, in _execute_child
          raise child_exception_type(errno_num, err_msg, err_filename)
      FileNotFoundError: [Errno 2] No such file or directory: '/usr/bin/sw_vers'
      [end of output]
  
  note: This error originates from a subprocess, and is likely not a problem with pip.

[notice] A new release of pip is available: 25.0 -> 25.1.1
[notice] To update, run: pip install --upgrade pip
error: subprocess-exited-with-error

× Getting requirements to build wheel did not run successfully.
│ exit code: 1
╰─> See above for output.

note: This error originates from a subprocess, and is likely not a problem with pip.
 (downloader.py:241)
2025-05-27 04:26:46,621 - PipDownloader - ERROR - Failed to download package:   error: subprocess-exited-with-error
  
  × Getting requirements to build wheel did not run successfully.
  │ exit code: 1
  ╰─> [35 lines of output]
      /tmp/pip-download-jyimzy0f/pyobjc-framework-metrickit_066d9f71866c4a248af97155a26ce36e/pyobjc_setup.py:15: UserWarning: pkg_resources is deprecated as an API. See https://setuptools.pypa.io/en/latest/pkg_resources.html. The pkg_resources package is slated for removal as early as 2025-11-30. Refrain from using this package or pin to Setuptools<81.
        import pkg_resources
      Traceback (most recent call last):
        File "/home/jackfromeast/miniconda3/lib/python3.12/site-packages/pip/_vendor/pyproject_hooks/_in_process/_in_process.py", line 389, in <module>
          main()
        File "/home/jackfromeast/miniconda3/lib/python3.12/site-packages/pip/_vendor/pyproject_hooks/_in_process/_in_process.py", line 373, in main
          json_out["return_val"] = hook(**hook_input["kwargs"])
                                   ^^^^^^^^^^^^^^^^^^^^^^^^^^^^
        File "/home/jackfromeast/miniconda3/lib/python3.12/site-packages/pip/_vendor/pyproject_hooks/_in_process/_in_process.py", line 143, in get_requires_for_build_wheel
          return hook(config_settings)
                 ^^^^^^^^^^^^^^^^^^^^^
        File "/tmp/pip-build-env-cs2ed4_r/overlay/lib/python3.12/site-packages/setuptools/build_meta.py", line 331, in get_requires_for_build_wheel
          return self._get_build_requires(config_settings, requirements=[])
                 ^^^^^^^^^^^^^^^^^^^^^^^^^^^^^^^^^^^^^^^^^^^^^^^^^^^^^^^^^^
        File "/tmp/pip-build-env-cs2ed4_r/overlay/lib/python3.12/site-packages/setuptools/build_meta.py", line 301, in _get_build_requires
          self.run_setup()
        File "/tmp/pip-build-env-cs2ed4_r/overlay/lib/python3.12/site-packages/setuptools/build_meta.py", line 317, in run_setup
          exec(code, locals())
        File "<string>", line 20, in <module>
        File "/tmp/pip-download-jyimzy0f/pyobjc-framework-metrickit_066d9f71866c4a248af97155a26ce36e/pyobjc_setup.py", line 585, in setup
          os_level = get_os_level()
                     ^^^^^^^^^^^^^^
        File "/tmp/pip-download-jyimzy0f/pyobjc-framework-metrickit_066d9f71866c4a248af97155a26ce36e/pyobjc_setup.py", line 264, in get_os_level
          subprocess.check_output(["/usr/bin/sw_vers", "-productVersion"])
        File "/home/jackfromeast/miniconda3/lib/python3.12/subprocess.py", line 466, in check_output
          return run(*popenargs, stdout=PIPE, timeout=timeout, check=True,
                 ^^^^^^^^^^^^^^^^^^^^^^^^^^^^^^^^^^^^^^^^^^^^^^^^^^^^^^^^^
        File "/home/jackfromeast/miniconda3/lib/python3.12/subprocess.py", line 548, in run
          with Popen(*popenargs, **kwargs) as process:
               ^^^^^^^^^^^^^^^^^^^^^^^^^^^
        File "/home/jackfromeast/miniconda3/lib/python3.12/subprocess.py", line 1026, in __init__
          self._execute_child(args, executable, preexec_fn, close_fds,
        File "/home/jackfromeast/miniconda3/lib/python3.12/subprocess.py", line 1950, in _execute_child
          raise child_exception_type(errno_num, err_msg, err_filename)
      FileNotFoundError: [Errno 2] No such file or directory: '/usr/bin/sw_vers'
      [end of output]
  
  note: This error originates from a subprocess, and is likely not a problem with pip.

[notice] A new release of pip is available: 25.0 -> 25.1.1
[notice] To update, run: pip install --upgrade pip
error: subprocess-exited-with-error

× Getting requirements to build wheel did not run successfully.
│ exit code: 1
╰─> See above for output.

note: This error originates from a subprocess, and is likely not a problem with pip.
 (downloader.py:241)
2025-05-27 04:27:45,463 - PipDownloader - ERROR - Failed to download package:   error: subprocess-exited-with-error
  
  × Getting requirements to build wheel did not run successfully.
  │ exit code: 1
  ╰─> [48 lines of output]
      <string>:9: UserWarning: pkg_resources is deprecated as an API. See https://setuptools.pypa.io/en/latest/pkg_resources.html. The pkg_resources package is slated for removal as early as 2025-11-30. Refrain from using this package or pin to Setuptools<81.
      
      Error compiling Cython file:
      ------------------------------------------------------------
      ...
              raise ValueError("no floor options less than or equal to: %r" % x)
          return options[i - 1]
      
      
      try:
          _int_types = (int, long)
                             ^
      ------------------------------------------------------------
      
      Aspidites/woma/mathutils.py:98:23: undeclared name not builtin: long
      compiling vendored extensions
      -----------------------------
      contracts 2.0.1
      decorator 5.1.0
      fn 0.5.2
      pyparsing 2.4.7
      pyrsistent 0.18.0
      RestrictedPython 5.1
      semantic_version 0.1.7
      Traceback (most recent call last):
        File "/home/jackfromeast/miniconda3/lib/python3.12/site-packages/pip/_vendor/pyproject_hooks/_in_process/_in_process.py", line 389, in <module>
          main()
        File "/home/jackfromeast/miniconda3/lib/python3.12/site-packages/pip/_vendor/pyproject_hooks/_in_process/_in_process.py", line 373, in main
          json_out["return_val"] = hook(**hook_input["kwargs"])
                                   ^^^^^^^^^^^^^^^^^^^^^^^^^^^^
        File "/home/jackfromeast/miniconda3/lib/python3.12/site-packages/pip/_vendor/pyproject_hooks/_in_process/_in_process.py", line 143, in get_requires_for_build_wheel
          return hook(config_settings)
                 ^^^^^^^^^^^^^^^^^^^^^
        File "/tmp/pip-build-env-0wijdi44/overlay/lib/python3.12/site-packages/setuptools/build_meta.py", line 331, in get_requires_for_build_wheel
          return self._get_build_requires(config_settings, requirements=[])
                 ^^^^^^^^^^^^^^^^^^^^^^^^^^^^^^^^^^^^^^^^^^^^^^^^^^^^^^^^^^
        File "/tmp/pip-build-env-0wijdi44/overlay/lib/python3.12/site-packages/setuptools/build_meta.py", line 301, in _get_build_requires
          self.run_setup()
        File "/tmp/pip-build-env-0wijdi44/overlay/lib/python3.12/site-packages/setuptools/build_meta.py", line 512, in run_setup
          super().run_setup(setup_script=setup_script)
        File "/tmp/pip-build-env-0wijdi44/overlay/lib/python3.12/site-packages/setuptools/build_meta.py", line 317, in run_setup
          exec(code, locals())
        File "<string>", line 212, in <module>
        File "/tmp/pip-build-env-0wijdi44/overlay/lib/python3.12/site-packages/Cython/Build/Dependencies.py", line 1145, in cythonize
          cythonize_one(*args)
        File "/tmp/pip-build-env-0wijdi44/overlay/lib/python3.12/site-packages/Cython/Build/Dependencies.py", line 1289, in cythonize_one
          raise CompileError(None, pyx_file)
      Cython.Compiler.Errors.CompileError: Aspidites/woma/mathutils.py
      [end of output]
  
  note: This error originates from a subprocess, and is likely not a problem with pip.

[notice] A new release of pip is available: 25.0 -> 25.1.1
[notice] To update, run: pip install --upgrade pip
error: subprocess-exited-with-error

× Getting requirements to build wheel did not run successfully.
│ exit code: 1
╰─> See above for output.

note: This error originates from a subprocess, and is likely not a problem with pip.
 (downloader.py:241)
2025-05-27 04:27:58,032 - PipDownloader - ERROR - Failed to download package:   error: subprocess-exited-with-error
  
  × python setup.py egg_info did not run successfully.
  │ exit code: 1
  ╰─> [7 lines of output]
      Traceback (most recent call last):
        File "<string>", line 2, in <module>
        File "<pip-setuptools-caller>", line 34, in <module>
        File "/tmp/pip-download-9od82e2f/getname_4ba6b005b1114800a5701e1d2e7947fd/setup.py", line 12, in <module>
          long_description = pypandoc.convert('README.md', 'rst')
                             ^^^^^^^^^^^^^^^^
      AttributeError: module 'pypandoc' has no attribute 'convert'
      [end of output]
  
  note: This error originates from a subprocess, and is likely not a problem with pip.

[notice] A new release of pip is available: 25.0 -> 25.1.1
[notice] To update, run: pip install --upgrade pip
error: metadata-generation-failed

× Encountered error while generating package metadata.
╰─> See above for output.

note: This is an issue with the package mentioned above, not pip.
hint: See above for details.
 (downloader.py:241)
2025-05-27 04:28:12,845 - PipDownloader - ERROR - Failed to download package: ERROR: Could not find a version that satisfies the requirement tensorflow-macos (from versions: none)

[notice] A new release of pip is available: 25.0 -> 25.1.1
[notice] To update, run: pip install --upgrade pip
ERROR: No matching distribution found for tensorflow-macos
 (downloader.py:241)
2025-05-27 04:30:05,161 - PipDownloader - ERROR - Failed to download package:   error: subprocess-exited-with-error
  
  × Getting requirements to build wheel did not run successfully.
  │ exit code: 1
  ╰─> [35 lines of output]
      /tmp/pip-download-8qtnwrjx/pyobjc-framework-shazamkit_6cd9a167fab44d37870db6db4af896c6/pyobjc_setup.py:15: UserWarning: pkg_resources is deprecated as an API. See https://setuptools.pypa.io/en/latest/pkg_resources.html. The pkg_resources package is slated for removal as early as 2025-11-30. Refrain from using this package or pin to Setuptools<81.
        import pkg_resources
      Traceback (most recent call last):
        File "/home/jackfromeast/miniconda3/lib/python3.12/site-packages/pip/_vendor/pyproject_hooks/_in_process/_in_process.py", line 389, in <module>
          main()
        File "/home/jackfromeast/miniconda3/lib/python3.12/site-packages/pip/_vendor/pyproject_hooks/_in_process/_in_process.py", line 373, in main
          json_out["return_val"] = hook(**hook_input["kwargs"])
                                   ^^^^^^^^^^^^^^^^^^^^^^^^^^^^
        File "/home/jackfromeast/miniconda3/lib/python3.12/site-packages/pip/_vendor/pyproject_hooks/_in_process/_in_process.py", line 143, in get_requires_for_build_wheel
          return hook(config_settings)
                 ^^^^^^^^^^^^^^^^^^^^^
        File "/tmp/pip-build-env-7ud6tb44/overlay/lib/python3.12/site-packages/setuptools/build_meta.py", line 331, in get_requires_for_build_wheel
          return self._get_build_requires(config_settings, requirements=[])
                 ^^^^^^^^^^^^^^^^^^^^^^^^^^^^^^^^^^^^^^^^^^^^^^^^^^^^^^^^^^
        File "/tmp/pip-build-env-7ud6tb44/overlay/lib/python3.12/site-packages/setuptools/build_meta.py", line 301, in _get_build_requires
          self.run_setup()
        File "/tmp/pip-build-env-7ud6tb44/overlay/lib/python3.12/site-packages/setuptools/build_meta.py", line 317, in run_setup
          exec(code, locals())
        File "<string>", line 20, in <module>
        File "/tmp/pip-download-8qtnwrjx/pyobjc-framework-shazamkit_6cd9a167fab44d37870db6db4af896c6/pyobjc_setup.py", line 585, in setup
          os_level = get_os_level()
                     ^^^^^^^^^^^^^^
        File "/tmp/pip-download-8qtnwrjx/pyobjc-framework-shazamkit_6cd9a167fab44d37870db6db4af896c6/pyobjc_setup.py", line 264, in get_os_level
          subprocess.check_output(["/usr/bin/sw_vers", "-productVersion"])
        File "/home/jackfromeast/miniconda3/lib/python3.12/subprocess.py", line 466, in check_output
          return run(*popenargs, stdout=PIPE, timeout=timeout, check=True,
                 ^^^^^^^^^^^^^^^^^^^^^^^^^^^^^^^^^^^^^^^^^^^^^^^^^^^^^^^^^
        File "/home/jackfromeast/miniconda3/lib/python3.12/subprocess.py", line 548, in run
          with Popen(*popenargs, **kwargs) as process:
               ^^^^^^^^^^^^^^^^^^^^^^^^^^^
        File "/home/jackfromeast/miniconda3/lib/python3.12/subprocess.py", line 1026, in __init__
          self._execute_child(args, executable, preexec_fn, close_fds,
        File "/home/jackfromeast/miniconda3/lib/python3.12/subprocess.py", line 1950, in _execute_child
          raise child_exception_type(errno_num, err_msg, err_filename)
      FileNotFoundError: [Errno 2] No such file or directory: '/usr/bin/sw_vers'
      [end of output]
  
  note: This error originates from a subprocess, and is likely not a problem with pip.

[notice] A new release of pip is available: 25.0 -> 25.1.1
[notice] To update, run: pip install --upgrade pip
error: subprocess-exited-with-error

× Getting requirements to build wheel did not run successfully.
│ exit code: 1
╰─> See above for output.

note: This error originates from a subprocess, and is likely not a problem with pip.
 (downloader.py:241)
2025-05-27 04:30:51,034 - PipDownloader - ERROR - Failed to download package:   error: subprocess-exited-with-error
  
  × Getting requirements to build wheel did not run successfully.
  │ exit code: 1
  ╰─> [35 lines of output]
      /tmp/pip-download-z334qwcc/pyobjc-framework-screencapturekit_e313614a3fe44421b4903777b1bc4681/pyobjc_setup.py:15: UserWarning: pkg_resources is deprecated as an API. See https://setuptools.pypa.io/en/latest/pkg_resources.html. The pkg_resources package is slated for removal as early as 2025-11-30. Refrain from using this package or pin to Setuptools<81.
        import pkg_resources
      Traceback (most recent call last):
        File "/home/jackfromeast/miniconda3/lib/python3.12/site-packages/pip/_vendor/pyproject_hooks/_in_process/_in_process.py", line 389, in <module>
          main()
        File "/home/jackfromeast/miniconda3/lib/python3.12/site-packages/pip/_vendor/pyproject_hooks/_in_process/_in_process.py", line 373, in main
          json_out["return_val"] = hook(**hook_input["kwargs"])
                                   ^^^^^^^^^^^^^^^^^^^^^^^^^^^^
        File "/home/jackfromeast/miniconda3/lib/python3.12/site-packages/pip/_vendor/pyproject_hooks/_in_process/_in_process.py", line 143, in get_requires_for_build_wheel
          return hook(config_settings)
                 ^^^^^^^^^^^^^^^^^^^^^
        File "/tmp/pip-build-env-5gdpc50u/overlay/lib/python3.12/site-packages/setuptools/build_meta.py", line 331, in get_requires_for_build_wheel
          return self._get_build_requires(config_settings, requirements=[])
                 ^^^^^^^^^^^^^^^^^^^^^^^^^^^^^^^^^^^^^^^^^^^^^^^^^^^^^^^^^^
        File "/tmp/pip-build-env-5gdpc50u/overlay/lib/python3.12/site-packages/setuptools/build_meta.py", line 301, in _get_build_requires
          self.run_setup()
        File "/tmp/pip-build-env-5gdpc50u/overlay/lib/python3.12/site-packages/setuptools/build_meta.py", line 317, in run_setup
          exec(code, locals())
        File "<string>", line 20, in <module>
        File "/tmp/pip-download-z334qwcc/pyobjc-framework-screencapturekit_e313614a3fe44421b4903777b1bc4681/pyobjc_setup.py", line 585, in setup
          os_level = get_os_level()
                     ^^^^^^^^^^^^^^
        File "/tmp/pip-download-z334qwcc/pyobjc-framework-screencapturekit_e313614a3fe44421b4903777b1bc4681/pyobjc_setup.py", line 264, in get_os_level
          subprocess.check_output(["/usr/bin/sw_vers", "-productVersion"])
        File "/home/jackfromeast/miniconda3/lib/python3.12/subprocess.py", line 466, in check_output
          return run(*popenargs, stdout=PIPE, timeout=timeout, check=True,
                 ^^^^^^^^^^^^^^^^^^^^^^^^^^^^^^^^^^^^^^^^^^^^^^^^^^^^^^^^^
        File "/home/jackfromeast/miniconda3/lib/python3.12/subprocess.py", line 548, in run
          with Popen(*popenargs, **kwargs) as process:
               ^^^^^^^^^^^^^^^^^^^^^^^^^^^
        File "/home/jackfromeast/miniconda3/lib/python3.12/subprocess.py", line 1026, in __init__
          self._execute_child(args, executable, preexec_fn, close_fds,
        File "/home/jackfromeast/miniconda3/lib/python3.12/subprocess.py", line 1950, in _execute_child
          raise child_exception_type(errno_num, err_msg, err_filename)
      FileNotFoundError: [Errno 2] No such file or directory: '/usr/bin/sw_vers'
      [end of output]
  
  note: This error originates from a subprocess, and is likely not a problem with pip.

[notice] A new release of pip is available: 25.0 -> 25.1.1
[notice] To update, run: pip install --upgrade pip
error: subprocess-exited-with-error

× Getting requirements to build wheel did not run successfully.
│ exit code: 1
╰─> See above for output.

note: This error originates from a subprocess, and is likely not a problem with pip.
 (downloader.py:241)
2025-05-27 04:31:28,703 - PipDownloader - ERROR - Failed to download package:   error: subprocess-exited-with-error
  
  × python setup.py egg_info did not run successfully.
  │ exit code: 1
  ╰─> [1 lines of output]
      error in mailer setup command: use_2to3 is invalid.
      [end of output]
  
  note: This error originates from a subprocess, and is likely not a problem with pip.

[notice] A new release of pip is available: 25.0 -> 25.1.1
[notice] To update, run: pip install --upgrade pip
error: metadata-generation-failed

× Encountered error while generating package metadata.
╰─> See above for output.

note: This is an issue with the package mentioned above, not pip.
hint: See above for details.
 (downloader.py:241)
2025-05-27 04:40:14,779 - PipDownloader - ERROR - Failed to download package:   error: subprocess-exited-with-error
  
  × Getting requirements to build wheel did not run successfully.
  │ exit code: 1
  ╰─> [35 lines of output]
      /tmp/pip-download-g_v2110w/pyobjc-framework-avrouting_b2b26b7fcbbd413cbe9b320f11d994dc/pyobjc_setup.py:15: UserWarning: pkg_resources is deprecated as an API. See https://setuptools.pypa.io/en/latest/pkg_resources.html. The pkg_resources package is slated for removal as early as 2025-11-30. Refrain from using this package or pin to Setuptools<81.
        import pkg_resources
      Traceback (most recent call last):
        File "/home/jackfromeast/miniconda3/lib/python3.12/site-packages/pip/_vendor/pyproject_hooks/_in_process/_in_process.py", line 389, in <module>
          main()
        File "/home/jackfromeast/miniconda3/lib/python3.12/site-packages/pip/_vendor/pyproject_hooks/_in_process/_in_process.py", line 373, in main
          json_out["return_val"] = hook(**hook_input["kwargs"])
                                   ^^^^^^^^^^^^^^^^^^^^^^^^^^^^
        File "/home/jackfromeast/miniconda3/lib/python3.12/site-packages/pip/_vendor/pyproject_hooks/_in_process/_in_process.py", line 143, in get_requires_for_build_wheel
          return hook(config_settings)
                 ^^^^^^^^^^^^^^^^^^^^^
        File "/tmp/pip-build-env-x2bo0bu8/overlay/lib/python3.12/site-packages/setuptools/build_meta.py", line 331, in get_requires_for_build_wheel
          return self._get_build_requires(config_settings, requirements=[])
                 ^^^^^^^^^^^^^^^^^^^^^^^^^^^^^^^^^^^^^^^^^^^^^^^^^^^^^^^^^^
        File "/tmp/pip-build-env-x2bo0bu8/overlay/lib/python3.12/site-packages/setuptools/build_meta.py", line 301, in _get_build_requires
          self.run_setup()
        File "/tmp/pip-build-env-x2bo0bu8/overlay/lib/python3.12/site-packages/setuptools/build_meta.py", line 317, in run_setup
          exec(code, locals())
        File "<string>", line 19, in <module>
        File "/tmp/pip-download-g_v2110w/pyobjc-framework-avrouting_b2b26b7fcbbd413cbe9b320f11d994dc/pyobjc_setup.py", line 585, in setup
          os_level = get_os_level()
                     ^^^^^^^^^^^^^^
        File "/tmp/pip-download-g_v2110w/pyobjc-framework-avrouting_b2b26b7fcbbd413cbe9b320f11d994dc/pyobjc_setup.py", line 264, in get_os_level
          subprocess.check_output(["/usr/bin/sw_vers", "-productVersion"])
        File "/home/jackfromeast/miniconda3/lib/python3.12/subprocess.py", line 466, in check_output
          return run(*popenargs, stdout=PIPE, timeout=timeout, check=True,
                 ^^^^^^^^^^^^^^^^^^^^^^^^^^^^^^^^^^^^^^^^^^^^^^^^^^^^^^^^^
        File "/home/jackfromeast/miniconda3/lib/python3.12/subprocess.py", line 548, in run
          with Popen(*popenargs, **kwargs) as process:
               ^^^^^^^^^^^^^^^^^^^^^^^^^^^
        File "/home/jackfromeast/miniconda3/lib/python3.12/subprocess.py", line 1026, in __init__
          self._execute_child(args, executable, preexec_fn, close_fds,
        File "/home/jackfromeast/miniconda3/lib/python3.12/subprocess.py", line 1950, in _execute_child
          raise child_exception_type(errno_num, err_msg, err_filename)
      FileNotFoundError: [Errno 2] No such file or directory: '/usr/bin/sw_vers'
      [end of output]
  
  note: This error originates from a subprocess, and is likely not a problem with pip.

[notice] A new release of pip is available: 25.0 -> 25.1.1
[notice] To update, run: pip install --upgrade pip
error: subprocess-exited-with-error

× Getting requirements to build wheel did not run successfully.
│ exit code: 1
╰─> See above for output.

note: This error originates from a subprocess, and is likely not a problem with pip.
 (downloader.py:241)
2025-05-27 04:40:23,119 - PipDownloader - ERROR - Failed to download package:   error: subprocess-exited-with-error
  
  × Getting requirements to build wheel did not run successfully.
  │ exit code: 1
  ╰─> [35 lines of output]
      /tmp/pip-download-0qqvaasy/pyobjc-framework-backgroundassets_4b9e7c2327264977bb9c02f8089e48ba/pyobjc_setup.py:15: UserWarning: pkg_resources is deprecated as an API. See https://setuptools.pypa.io/en/latest/pkg_resources.html. The pkg_resources package is slated for removal as early as 2025-11-30. Refrain from using this package or pin to Setuptools<81.
        import pkg_resources
      Traceback (most recent call last):
        File "/home/jackfromeast/miniconda3/lib/python3.12/site-packages/pip/_vendor/pyproject_hooks/_in_process/_in_process.py", line 389, in <module>
          main()
        File "/home/jackfromeast/miniconda3/lib/python3.12/site-packages/pip/_vendor/pyproject_hooks/_in_process/_in_process.py", line 373, in main
          json_out["return_val"] = hook(**hook_input["kwargs"])
                                   ^^^^^^^^^^^^^^^^^^^^^^^^^^^^
        File "/home/jackfromeast/miniconda3/lib/python3.12/site-packages/pip/_vendor/pyproject_hooks/_in_process/_in_process.py", line 143, in get_requires_for_build_wheel
          return hook(config_settings)
                 ^^^^^^^^^^^^^^^^^^^^^
        File "/tmp/pip-build-env-0synz6o7/overlay/lib/python3.12/site-packages/setuptools/build_meta.py", line 331, in get_requires_for_build_wheel
          return self._get_build_requires(config_settings, requirements=[])
                 ^^^^^^^^^^^^^^^^^^^^^^^^^^^^^^^^^^^^^^^^^^^^^^^^^^^^^^^^^^
        File "/tmp/pip-build-env-0synz6o7/overlay/lib/python3.12/site-packages/setuptools/build_meta.py", line 301, in _get_build_requires
          self.run_setup()
        File "/tmp/pip-build-env-0synz6o7/overlay/lib/python3.12/site-packages/setuptools/build_meta.py", line 317, in run_setup
          exec(code, locals())
        File "<string>", line 20, in <module>
        File "/tmp/pip-download-0qqvaasy/pyobjc-framework-backgroundassets_4b9e7c2327264977bb9c02f8089e48ba/pyobjc_setup.py", line 585, in setup
          os_level = get_os_level()
                     ^^^^^^^^^^^^^^
        File "/tmp/pip-download-0qqvaasy/pyobjc-framework-backgroundassets_4b9e7c2327264977bb9c02f8089e48ba/pyobjc_setup.py", line 264, in get_os_level
          subprocess.check_output(["/usr/bin/sw_vers", "-productVersion"])
        File "/home/jackfromeast/miniconda3/lib/python3.12/subprocess.py", line 466, in check_output
          return run(*popenargs, stdout=PIPE, timeout=timeout, check=True,
                 ^^^^^^^^^^^^^^^^^^^^^^^^^^^^^^^^^^^^^^^^^^^^^^^^^^^^^^^^^
        File "/home/jackfromeast/miniconda3/lib/python3.12/subprocess.py", line 548, in run
          with Popen(*popenargs, **kwargs) as process:
               ^^^^^^^^^^^^^^^^^^^^^^^^^^^
        File "/home/jackfromeast/miniconda3/lib/python3.12/subprocess.py", line 1026, in __init__
          self._execute_child(args, executable, preexec_fn, close_fds,
        File "/home/jackfromeast/miniconda3/lib/python3.12/subprocess.py", line 1950, in _execute_child
          raise child_exception_type(errno_num, err_msg, err_filename)
      FileNotFoundError: [Errno 2] No such file or directory: '/usr/bin/sw_vers'
      [end of output]
  
  note: This error originates from a subprocess, and is likely not a problem with pip.

[notice] A new release of pip is available: 25.0 -> 25.1.1
[notice] To update, run: pip install --upgrade pip
error: subprocess-exited-with-error

× Getting requirements to build wheel did not run successfully.
│ exit code: 1
╰─> See above for output.

note: This error originates from a subprocess, and is likely not a problem with pip.
 (downloader.py:241)
2025-05-27 04:40:27,426 - PipDownloader - ERROR - Failed to download package:   error: subprocess-exited-with-error
  
  × Getting requirements to build wheel did not run successfully.
  │ exit code: 1
  ╰─> [35 lines of output]
      /tmp/pip-download-ejavwkl2/pyobjc-framework-healthkit_1b88b909f27d4a409812e1472d341d0e/pyobjc_setup.py:15: UserWarning: pkg_resources is deprecated as an API. See https://setuptools.pypa.io/en/latest/pkg_resources.html. The pkg_resources package is slated for removal as early as 2025-11-30. Refrain from using this package or pin to Setuptools<81.
        import pkg_resources
      Traceback (most recent call last):
        File "/home/jackfromeast/miniconda3/lib/python3.12/site-packages/pip/_vendor/pyproject_hooks/_in_process/_in_process.py", line 389, in <module>
          main()
        File "/home/jackfromeast/miniconda3/lib/python3.12/site-packages/pip/_vendor/pyproject_hooks/_in_process/_in_process.py", line 373, in main
          json_out["return_val"] = hook(**hook_input["kwargs"])
                                   ^^^^^^^^^^^^^^^^^^^^^^^^^^^^
        File "/home/jackfromeast/miniconda3/lib/python3.12/site-packages/pip/_vendor/pyproject_hooks/_in_process/_in_process.py", line 143, in get_requires_for_build_wheel
          return hook(config_settings)
                 ^^^^^^^^^^^^^^^^^^^^^
        File "/tmp/pip-build-env-8y4hr7hl/overlay/lib/python3.12/site-packages/setuptools/build_meta.py", line 331, in get_requires_for_build_wheel
          return self._get_build_requires(config_settings, requirements=[])
                 ^^^^^^^^^^^^^^^^^^^^^^^^^^^^^^^^^^^^^^^^^^^^^^^^^^^^^^^^^^
        File "/tmp/pip-build-env-8y4hr7hl/overlay/lib/python3.12/site-packages/setuptools/build_meta.py", line 301, in _get_build_requires
          self.run_setup()
        File "/tmp/pip-build-env-8y4hr7hl/overlay/lib/python3.12/site-packages/setuptools/build_meta.py", line 317, in run_setup
          exec(code, locals())
        File "<string>", line 20, in <module>
        File "/tmp/pip-download-ejavwkl2/pyobjc-framework-healthkit_1b88b909f27d4a409812e1472d341d0e/pyobjc_setup.py", line 585, in setup
          os_level = get_os_level()
                     ^^^^^^^^^^^^^^
        File "/tmp/pip-download-ejavwkl2/pyobjc-framework-healthkit_1b88b909f27d4a409812e1472d341d0e/pyobjc_setup.py", line 264, in get_os_level
          subprocess.check_output(["/usr/bin/sw_vers", "-productVersion"])
        File "/home/jackfromeast/miniconda3/lib/python3.12/subprocess.py", line 466, in check_output
          return run(*popenargs, stdout=PIPE, timeout=timeout, check=True,
                 ^^^^^^^^^^^^^^^^^^^^^^^^^^^^^^^^^^^^^^^^^^^^^^^^^^^^^^^^^
        File "/home/jackfromeast/miniconda3/lib/python3.12/subprocess.py", line 548, in run
          with Popen(*popenargs, **kwargs) as process:
               ^^^^^^^^^^^^^^^^^^^^^^^^^^^
        File "/home/jackfromeast/miniconda3/lib/python3.12/subprocess.py", line 1026, in __init__
          self._execute_child(args, executable, preexec_fn, close_fds,
        File "/home/jackfromeast/miniconda3/lib/python3.12/subprocess.py", line 1950, in _execute_child
          raise child_exception_type(errno_num, err_msg, err_filename)
      FileNotFoundError: [Errno 2] No such file or directory: '/usr/bin/sw_vers'
      [end of output]
  
  note: This error originates from a subprocess, and is likely not a problem with pip.

[notice] A new release of pip is available: 25.0 -> 25.1.1
[notice] To update, run: pip install --upgrade pip
error: subprocess-exited-with-error

× Getting requirements to build wheel did not run successfully.
│ exit code: 1
╰─> See above for output.

note: This error originates from a subprocess, and is likely not a problem with pip.
 (downloader.py:241)
2025-05-27 04:40:35,400 - PipDownloader - ERROR - Failed to download package:   error: subprocess-exited-with-error
  
  × Getting requirements to build wheel did not run successfully.
  │ exit code: 1
  ╰─> [35 lines of output]
      /tmp/pip-download-od62z6dr/pyobjc-framework-extensionkit_f0511d6a1f1e4b2c95e61d2225506be4/pyobjc_setup.py:15: UserWarning: pkg_resources is deprecated as an API. See https://setuptools.pypa.io/en/latest/pkg_resources.html. The pkg_resources package is slated for removal as early as 2025-11-30. Refrain from using this package or pin to Setuptools<81.
        import pkg_resources
      Traceback (most recent call last):
        File "/home/jackfromeast/miniconda3/lib/python3.12/site-packages/pip/_vendor/pyproject_hooks/_in_process/_in_process.py", line 389, in <module>
          main()
        File "/home/jackfromeast/miniconda3/lib/python3.12/site-packages/pip/_vendor/pyproject_hooks/_in_process/_in_process.py", line 373, in main
          json_out["return_val"] = hook(**hook_input["kwargs"])
                                   ^^^^^^^^^^^^^^^^^^^^^^^^^^^^
        File "/home/jackfromeast/miniconda3/lib/python3.12/site-packages/pip/_vendor/pyproject_hooks/_in_process/_in_process.py", line 143, in get_requires_for_build_wheel
          return hook(config_settings)
                 ^^^^^^^^^^^^^^^^^^^^^
        File "/tmp/pip-build-env-p25rrcgv/overlay/lib/python3.12/site-packages/setuptools/build_meta.py", line 331, in get_requires_for_build_wheel
          return self._get_build_requires(config_settings, requirements=[])
                 ^^^^^^^^^^^^^^^^^^^^^^^^^^^^^^^^^^^^^^^^^^^^^^^^^^^^^^^^^^
        File "/tmp/pip-build-env-p25rrcgv/overlay/lib/python3.12/site-packages/setuptools/build_meta.py", line 301, in _get_build_requires
          self.run_setup()
        File "/tmp/pip-build-env-p25rrcgv/overlay/lib/python3.12/site-packages/setuptools/build_meta.py", line 317, in run_setup
          exec(code, locals())
        File "<string>", line 20, in <module>
        File "/tmp/pip-download-od62z6dr/pyobjc-framework-extensionkit_f0511d6a1f1e4b2c95e61d2225506be4/pyobjc_setup.py", line 585, in setup
          os_level = get_os_level()
                     ^^^^^^^^^^^^^^
        File "/tmp/pip-download-od62z6dr/pyobjc-framework-extensionkit_f0511d6a1f1e4b2c95e61d2225506be4/pyobjc_setup.py", line 264, in get_os_level
          subprocess.check_output(["/usr/bin/sw_vers", "-productVersion"])
        File "/home/jackfromeast/miniconda3/lib/python3.12/subprocess.py", line 466, in check_output
          return run(*popenargs, stdout=PIPE, timeout=timeout, check=True,
                 ^^^^^^^^^^^^^^^^^^^^^^^^^^^^^^^^^^^^^^^^^^^^^^^^^^^^^^^^^
        File "/home/jackfromeast/miniconda3/lib/python3.12/subprocess.py", line 548, in run
          with Popen(*popenargs, **kwargs) as process:
               ^^^^^^^^^^^^^^^^^^^^^^^^^^^
        File "/home/jackfromeast/miniconda3/lib/python3.12/subprocess.py", line 1026, in __init__
          self._execute_child(args, executable, preexec_fn, close_fds,
        File "/home/jackfromeast/miniconda3/lib/python3.12/subprocess.py", line 1950, in _execute_child
          raise child_exception_type(errno_num, err_msg, err_filename)
      FileNotFoundError: [Errno 2] No such file or directory: '/usr/bin/sw_vers'
      [end of output]
  
  note: This error originates from a subprocess, and is likely not a problem with pip.

[notice] A new release of pip is available: 25.0 -> 25.1.1
[notice] To update, run: pip install --upgrade pip
error: subprocess-exited-with-error

× Getting requirements to build wheel did not run successfully.
│ exit code: 1
╰─> See above for output.

note: This error originates from a subprocess, and is likely not a problem with pip.
 (downloader.py:241)
2025-05-27 04:40:41,644 - PipDownloader - ERROR - Failed to download package:   error: subprocess-exited-with-error
  
  × Getting requirements to build wheel did not run successfully.
  │ exit code: 1
  ╰─> [35 lines of output]
      /tmp/pip-download-2t6l3in3/pyobjc-framework-metalfx_076b7854ebc941c5b6088874ca567924/pyobjc_setup.py:15: UserWarning: pkg_resources is deprecated as an API. See https://setuptools.pypa.io/en/latest/pkg_resources.html. The pkg_resources package is slated for removal as early as 2025-11-30. Refrain from using this package or pin to Setuptools<81.
        import pkg_resources
      Traceback (most recent call last):
        File "/home/jackfromeast/miniconda3/lib/python3.12/site-packages/pip/_vendor/pyproject_hooks/_in_process/_in_process.py", line 389, in <module>
          main()
        File "/home/jackfromeast/miniconda3/lib/python3.12/site-packages/pip/_vendor/pyproject_hooks/_in_process/_in_process.py", line 373, in main
          json_out["return_val"] = hook(**hook_input["kwargs"])
                                   ^^^^^^^^^^^^^^^^^^^^^^^^^^^^
        File "/home/jackfromeast/miniconda3/lib/python3.12/site-packages/pip/_vendor/pyproject_hooks/_in_process/_in_process.py", line 143, in get_requires_for_build_wheel
          return hook(config_settings)
                 ^^^^^^^^^^^^^^^^^^^^^
        File "/tmp/pip-build-env-oi6w4n3_/overlay/lib/python3.12/site-packages/setuptools/build_meta.py", line 331, in get_requires_for_build_wheel
          return self._get_build_requires(config_settings, requirements=[])
                 ^^^^^^^^^^^^^^^^^^^^^^^^^^^^^^^^^^^^^^^^^^^^^^^^^^^^^^^^^^
        File "/tmp/pip-build-env-oi6w4n3_/overlay/lib/python3.12/site-packages/setuptools/build_meta.py", line 301, in _get_build_requires
          self.run_setup()
        File "/tmp/pip-build-env-oi6w4n3_/overlay/lib/python3.12/site-packages/setuptools/build_meta.py", line 317, in run_setup
          exec(code, locals())
        File "<string>", line 20, in <module>
        File "/tmp/pip-download-2t6l3in3/pyobjc-framework-metalfx_076b7854ebc941c5b6088874ca567924/pyobjc_setup.py", line 585, in setup
          os_level = get_os_level()
                     ^^^^^^^^^^^^^^
        File "/tmp/pip-download-2t6l3in3/pyobjc-framework-metalfx_076b7854ebc941c5b6088874ca567924/pyobjc_setup.py", line 264, in get_os_level
          subprocess.check_output(["/usr/bin/sw_vers", "-productVersion"])
        File "/home/jackfromeast/miniconda3/lib/python3.12/subprocess.py", line 466, in check_output
          return run(*popenargs, stdout=PIPE, timeout=timeout, check=True,
                 ^^^^^^^^^^^^^^^^^^^^^^^^^^^^^^^^^^^^^^^^^^^^^^^^^^^^^^^^^
        File "/home/jackfromeast/miniconda3/lib/python3.12/subprocess.py", line 548, in run
          with Popen(*popenargs, **kwargs) as process:
               ^^^^^^^^^^^^^^^^^^^^^^^^^^^
        File "/home/jackfromeast/miniconda3/lib/python3.12/subprocess.py", line 1026, in __init__
          self._execute_child(args, executable, preexec_fn, close_fds,
        File "/home/jackfromeast/miniconda3/lib/python3.12/subprocess.py", line 1950, in _execute_child
          raise child_exception_type(errno_num, err_msg, err_filename)
      FileNotFoundError: [Errno 2] No such file or directory: '/usr/bin/sw_vers'
      [end of output]
  
  note: This error originates from a subprocess, and is likely not a problem with pip.

[notice] A new release of pip is available: 25.0 -> 25.1.1
[notice] To update, run: pip install --upgrade pip
error: subprocess-exited-with-error

× Getting requirements to build wheel did not run successfully.
│ exit code: 1
╰─> See above for output.

note: This error originates from a subprocess, and is likely not a problem with pip.
 (downloader.py:241)
2025-05-27 04:42:17,674 - PipDownloader - ERROR - Failed to download package:   error: subprocess-exited-with-error
  
  × Getting requirements to build wheel did not run successfully.
  │ exit code: 1
  ╰─> [35 lines of output]
      /tmp/pip-download-akekhbkj/pyobjc-framework-sharedwithyoucore_1e79140383dd447fa5e2850424620e3d/pyobjc_setup.py:15: UserWarning: pkg_resources is deprecated as an API. See https://setuptools.pypa.io/en/latest/pkg_resources.html. The pkg_resources package is slated for removal as early as 2025-11-30. Refrain from using this package or pin to Setuptools<81.
        import pkg_resources
      Traceback (most recent call last):
        File "/home/jackfromeast/miniconda3/lib/python3.12/site-packages/pip/_vendor/pyproject_hooks/_in_process/_in_process.py", line 389, in <module>
          main()
        File "/home/jackfromeast/miniconda3/lib/python3.12/site-packages/pip/_vendor/pyproject_hooks/_in_process/_in_process.py", line 373, in main
          json_out["return_val"] = hook(**hook_input["kwargs"])
                                   ^^^^^^^^^^^^^^^^^^^^^^^^^^^^
        File "/home/jackfromeast/miniconda3/lib/python3.12/site-packages/pip/_vendor/pyproject_hooks/_in_process/_in_process.py", line 143, in get_requires_for_build_wheel
          return hook(config_settings)
                 ^^^^^^^^^^^^^^^^^^^^^
        File "/tmp/pip-build-env-zmabkckg/overlay/lib/python3.12/site-packages/setuptools/build_meta.py", line 331, in get_requires_for_build_wheel
          return self._get_build_requires(config_settings, requirements=[])
                 ^^^^^^^^^^^^^^^^^^^^^^^^^^^^^^^^^^^^^^^^^^^^^^^^^^^^^^^^^^
        File "/tmp/pip-build-env-zmabkckg/overlay/lib/python3.12/site-packages/setuptools/build_meta.py", line 301, in _get_build_requires
          self.run_setup()
        File "/tmp/pip-build-env-zmabkckg/overlay/lib/python3.12/site-packages/setuptools/build_meta.py", line 317, in run_setup
          exec(code, locals())
        File "<string>", line 20, in <module>
        File "/tmp/pip-download-akekhbkj/pyobjc-framework-sharedwithyoucore_1e79140383dd447fa5e2850424620e3d/pyobjc_setup.py", line 585, in setup
          os_level = get_os_level()
                     ^^^^^^^^^^^^^^
        File "/tmp/pip-download-akekhbkj/pyobjc-framework-sharedwithyoucore_1e79140383dd447fa5e2850424620e3d/pyobjc_setup.py", line 264, in get_os_level
          subprocess.check_output(["/usr/bin/sw_vers", "-productVersion"])
        File "/home/jackfromeast/miniconda3/lib/python3.12/subprocess.py", line 466, in check_output
          return run(*popenargs, stdout=PIPE, timeout=timeout, check=True,
                 ^^^^^^^^^^^^^^^^^^^^^^^^^^^^^^^^^^^^^^^^^^^^^^^^^^^^^^^^^
        File "/home/jackfromeast/miniconda3/lib/python3.12/subprocess.py", line 548, in run
          with Popen(*popenargs, **kwargs) as process:
               ^^^^^^^^^^^^^^^^^^^^^^^^^^^
        File "/home/jackfromeast/miniconda3/lib/python3.12/subprocess.py", line 1026, in __init__
          self._execute_child(args, executable, preexec_fn, close_fds,
        File "/home/jackfromeast/miniconda3/lib/python3.12/subprocess.py", line 1950, in _execute_child
          raise child_exception_type(errno_num, err_msg, err_filename)
      FileNotFoundError: [Errno 2] No such file or directory: '/usr/bin/sw_vers'
      [end of output]
  
  note: This error originates from a subprocess, and is likely not a problem with pip.

[notice] A new release of pip is available: 25.0 -> 25.1.1
[notice] To update, run: pip install --upgrade pip
error: subprocess-exited-with-error

× Getting requirements to build wheel did not run successfully.
│ exit code: 1
╰─> See above for output.

note: This error originates from a subprocess, and is likely not a problem with pip.
 (downloader.py:241)
2025-05-27 04:42:20,510 - PipDownloader - ERROR - Failed to download package:   error: subprocess-exited-with-error
  
  × Getting requirements to build wheel did not run successfully.
  │ exit code: 1
  ╰─> [35 lines of output]
      /tmp/pip-download-m28re6ay/pyobjc-framework-safetykit_4407c077a0b54060be4d47a965c0e374/pyobjc_setup.py:15: UserWarning: pkg_resources is deprecated as an API. See https://setuptools.pypa.io/en/latest/pkg_resources.html. The pkg_resources package is slated for removal as early as 2025-11-30. Refrain from using this package or pin to Setuptools<81.
        import pkg_resources
      Traceback (most recent call last):
        File "/home/jackfromeast/miniconda3/lib/python3.12/site-packages/pip/_vendor/pyproject_hooks/_in_process/_in_process.py", line 389, in <module>
          main()
        File "/home/jackfromeast/miniconda3/lib/python3.12/site-packages/pip/_vendor/pyproject_hooks/_in_process/_in_process.py", line 373, in main
          json_out["return_val"] = hook(**hook_input["kwargs"])
                                   ^^^^^^^^^^^^^^^^^^^^^^^^^^^^
        File "/home/jackfromeast/miniconda3/lib/python3.12/site-packages/pip/_vendor/pyproject_hooks/_in_process/_in_process.py", line 143, in get_requires_for_build_wheel
          return hook(config_settings)
                 ^^^^^^^^^^^^^^^^^^^^^
        File "/tmp/pip-build-env-7vr1mdt9/overlay/lib/python3.12/site-packages/setuptools/build_meta.py", line 331, in get_requires_for_build_wheel
          return self._get_build_requires(config_settings, requirements=[])
                 ^^^^^^^^^^^^^^^^^^^^^^^^^^^^^^^^^^^^^^^^^^^^^^^^^^^^^^^^^^
        File "/tmp/pip-build-env-7vr1mdt9/overlay/lib/python3.12/site-packages/setuptools/build_meta.py", line 301, in _get_build_requires
          self.run_setup()
        File "/tmp/pip-build-env-7vr1mdt9/overlay/lib/python3.12/site-packages/setuptools/build_meta.py", line 317, in run_setup
          exec(code, locals())
        File "<string>", line 20, in <module>
        File "/tmp/pip-download-m28re6ay/pyobjc-framework-safetykit_4407c077a0b54060be4d47a965c0e374/pyobjc_setup.py", line 585, in setup
          os_level = get_os_level()
                     ^^^^^^^^^^^^^^
        File "/tmp/pip-download-m28re6ay/pyobjc-framework-safetykit_4407c077a0b54060be4d47a965c0e374/pyobjc_setup.py", line 264, in get_os_level
          subprocess.check_output(["/usr/bin/sw_vers", "-productVersion"])
        File "/home/jackfromeast/miniconda3/lib/python3.12/subprocess.py", line 466, in check_output
          return run(*popenargs, stdout=PIPE, timeout=timeout, check=True,
                 ^^^^^^^^^^^^^^^^^^^^^^^^^^^^^^^^^^^^^^^^^^^^^^^^^^^^^^^^^
        File "/home/jackfromeast/miniconda3/lib/python3.12/subprocess.py", line 548, in run
          with Popen(*popenargs, **kwargs) as process:
               ^^^^^^^^^^^^^^^^^^^^^^^^^^^
        File "/home/jackfromeast/miniconda3/lib/python3.12/subprocess.py", line 1026, in __init__
          self._execute_child(args, executable, preexec_fn, close_fds,
        File "/home/jackfromeast/miniconda3/lib/python3.12/subprocess.py", line 1950, in _execute_child
          raise child_exception_type(errno_num, err_msg, err_filename)
      FileNotFoundError: [Errno 2] No such file or directory: '/usr/bin/sw_vers'
      [end of output]
  
  note: This error originates from a subprocess, and is likely not a problem with pip.

[notice] A new release of pip is available: 25.0 -> 25.1.1
[notice] To update, run: pip install --upgrade pip
error: subprocess-exited-with-error

× Getting requirements to build wheel did not run successfully.
│ exit code: 1
╰─> See above for output.

note: This error originates from a subprocess, and is likely not a problem with pip.
 (downloader.py:241)
2025-05-27 04:42:20,774 - PipDownloader - ERROR - Failed to download package:   error: subprocess-exited-with-error
  
  × Getting requirements to build wheel did not run successfully.
  │ exit code: 1
  ╰─> [35 lines of output]
      /tmp/pip-download-4gzd5dxz/pyobjc-framework-sharedwithyou_38af7c85dd00488ebccb09673c28dfc3/pyobjc_setup.py:15: UserWarning: pkg_resources is deprecated as an API. See https://setuptools.pypa.io/en/latest/pkg_resources.html. The pkg_resources package is slated for removal as early as 2025-11-30. Refrain from using this package or pin to Setuptools<81.
        import pkg_resources
      Traceback (most recent call last):
        File "/home/jackfromeast/miniconda3/lib/python3.12/site-packages/pip/_vendor/pyproject_hooks/_in_process/_in_process.py", line 389, in <module>
          main()
        File "/home/jackfromeast/miniconda3/lib/python3.12/site-packages/pip/_vendor/pyproject_hooks/_in_process/_in_process.py", line 373, in main
          json_out["return_val"] = hook(**hook_input["kwargs"])
                                   ^^^^^^^^^^^^^^^^^^^^^^^^^^^^
        File "/home/jackfromeast/miniconda3/lib/python3.12/site-packages/pip/_vendor/pyproject_hooks/_in_process/_in_process.py", line 143, in get_requires_for_build_wheel
          return hook(config_settings)
                 ^^^^^^^^^^^^^^^^^^^^^
        File "/tmp/pip-build-env-j6dbnosf/overlay/lib/python3.12/site-packages/setuptools/build_meta.py", line 331, in get_requires_for_build_wheel
          return self._get_build_requires(config_settings, requirements=[])
                 ^^^^^^^^^^^^^^^^^^^^^^^^^^^^^^^^^^^^^^^^^^^^^^^^^^^^^^^^^^
        File "/tmp/pip-build-env-j6dbnosf/overlay/lib/python3.12/site-packages/setuptools/build_meta.py", line 301, in _get_build_requires
          self.run_setup()
        File "/tmp/pip-build-env-j6dbnosf/overlay/lib/python3.12/site-packages/setuptools/build_meta.py", line 317, in run_setup
          exec(code, locals())
        File "<string>", line 20, in <module>
        File "/tmp/pip-download-4gzd5dxz/pyobjc-framework-sharedwithyou_38af7c85dd00488ebccb09673c28dfc3/pyobjc_setup.py", line 585, in setup
          os_level = get_os_level()
                     ^^^^^^^^^^^^^^
        File "/tmp/pip-download-4gzd5dxz/pyobjc-framework-sharedwithyou_38af7c85dd00488ebccb09673c28dfc3/pyobjc_setup.py", line 264, in get_os_level
          subprocess.check_output(["/usr/bin/sw_vers", "-productVersion"])
        File "/home/jackfromeast/miniconda3/lib/python3.12/subprocess.py", line 466, in check_output
          return run(*popenargs, stdout=PIPE, timeout=timeout, check=True,
                 ^^^^^^^^^^^^^^^^^^^^^^^^^^^^^^^^^^^^^^^^^^^^^^^^^^^^^^^^^
        File "/home/jackfromeast/miniconda3/lib/python3.12/subprocess.py", line 548, in run
          with Popen(*popenargs, **kwargs) as process:
               ^^^^^^^^^^^^^^^^^^^^^^^^^^^
        File "/home/jackfromeast/miniconda3/lib/python3.12/subprocess.py", line 1026, in __init__
          self._execute_child(args, executable, preexec_fn, close_fds,
        File "/home/jackfromeast/miniconda3/lib/python3.12/subprocess.py", line 1950, in _execute_child
          raise child_exception_type(errno_num, err_msg, err_filename)
      FileNotFoundError: [Errno 2] No such file or directory: '/usr/bin/sw_vers'
      [end of output]
  
  note: This error originates from a subprocess, and is likely not a problem with pip.

[notice] A new release of pip is available: 25.0 -> 25.1.1
[notice] To update, run: pip install --upgrade pip
error: subprocess-exited-with-error

× Getting requirements to build wheel did not run successfully.
│ exit code: 1
╰─> See above for output.

note: This error originates from a subprocess, and is likely not a problem with pip.
 (downloader.py:241)
2025-05-27 04:42:22,028 - PipDownloader - ERROR - Failed to download package:   error: subprocess-exited-with-error
  
  × python setup.py egg_info did not run successfully.
  │ exit code: 1
  ╰─> [18 lines of output]
      /tmp/pip-download-s0s86y3r/datashape_6b1ce7f2c10240aca6471e8d86849e3d/versioneer.py:467: SyntaxWarning: invalid escape sequence '\s'
        LONG_VERSION_PY['git'] = '''
      Traceback (most recent call last):
        File "<string>", line 2, in <module>
        File "<pip-setuptools-caller>", line 34, in <module>
        File "/tmp/pip-download-s0s86y3r/datashape_6b1ce7f2c10240aca6471e8d86849e3d/setup.py", line 19, in <module>
          version=versioneer.get_version(),
                  ^^^^^^^^^^^^^^^^^^^^^^^^
        File "/tmp/pip-download-s0s86y3r/datashape_6b1ce7f2c10240aca6471e8d86849e3d/versioneer.py", line 1405, in get_version
          return get_versions()["version"]
                 ^^^^^^^^^^^^^^
        File "/tmp/pip-download-s0s86y3r/datashape_6b1ce7f2c10240aca6471e8d86849e3d/versioneer.py", line 1339, in get_versions
          cfg = get_config_from_root(root)
                ^^^^^^^^^^^^^^^^^^^^^^^^^^
        File "/tmp/pip-download-s0s86y3r/datashape_6b1ce7f2c10240aca6471e8d86849e3d/versioneer.py", line 399, in get_config_from_root
          parser = configparser.SafeConfigParser()
                   ^^^^^^^^^^^^^^^^^^^^^^^^^^^^^
      AttributeError: module 'configparser' has no attribute 'SafeConfigParser'. Did you mean: 'RawConfigParser'?
      [end of output]
  
  note: This error originates from a subprocess, and is likely not a problem with pip.

[notice] A new release of pip is available: 25.0 -> 25.1.1
[notice] To update, run: pip install --upgrade pip
error: metadata-generation-failed

× Encountered error while generating package metadata.
╰─> See above for output.

note: This is an issue with the package mentioned above, not pip.
hint: See above for details.
 (downloader.py:241)
2025-05-27 04:45:40,192 - PipDownloader - ERROR - Failed to download package:   error: subprocess-exited-with-error
  
  × python setup.py egg_info did not run successfully.
  │ exit code: 1
  ╰─> [15 lines of output]
      /tmp/pip-download-e3avshgi/theano_106ba293a860402a8dc257d6169a9685/versioneer.py:421: SyntaxWarning: invalid escape sequence '\s'
        LONG_VERSION_PY['git'] = '''
      Traceback (most recent call last):
        File "<string>", line 2, in <module>
        File "<pip-setuptools-caller>", line 34, in <module>
        File "/tmp/pip-download-e3avshgi/theano_106ba293a860402a8dc257d6169a9685/setup.py", line 74, in <module>
          version_data = versioneer.get_versions()
                         ^^^^^^^^^^^^^^^^^^^^^^^^^
        File "/tmp/pip-download-e3avshgi/theano_106ba293a860402a8dc257d6169a9685/versioneer.py", line 1412, in get_versions
          cfg = get_config_from_root(root)
                ^^^^^^^^^^^^^^^^^^^^^^^^^^
        File "/tmp/pip-download-e3avshgi/theano_106ba293a860402a8dc257d6169a9685/versioneer.py", line 342, in get_config_from_root
          parser = configparser.SafeConfigParser()
                   ^^^^^^^^^^^^^^^^^^^^^^^^^^^^^
      AttributeError: module 'configparser' has no attribute 'SafeConfigParser'. Did you mean: 'RawConfigParser'?
      [end of output]
  
  note: This error originates from a subprocess, and is likely not a problem with pip.

[notice] A new release of pip is available: 25.0 -> 25.1.1
[notice] To update, run: pip install --upgrade pip
error: metadata-generation-failed

× Encountered error while generating package metadata.
╰─> See above for output.

note: This is an issue with the package mentioned above, not pip.
hint: See above for details.
 (downloader.py:241)
2025-05-27 04:46:12,438 - PipDownloader - ERROR - Failed to download package: ERROR: Could not find a version that satisfies the requirement rdkit-pypi (from versions: none)

[notice] A new release of pip is available: 25.0 -> 25.1.1
[notice] To update, run: pip install --upgrade pip
ERROR: No matching distribution found for rdkit-pypi
 (downloader.py:241)
2025-05-27 04:50:03,057 - PipDownloader - ERROR - Failed to download package:   error: subprocess-exited-with-error
  
  × Getting requirements to build wheel did not run successfully.
  │ exit code: 1
  ╰─> [60 lines of output]
      
      Error compiling Cython file:
      ------------------------------------------------------------
      ...
      import sys
      from time import time
      
      from libc.math cimport exp, log, sqrt, pow, fabs
      cimport numpy as np
      from numpy.math cimport INFINITY
      ^
      ------------------------------------------------------------
      
      sklearn_extra/robust/_robust_weighted_estimator_helper.pyx:18:0: 'numpy/math.pxd' not found
      
      Error compiling Cython file:
      ------------------------------------------------------------
      ...
      import sys
      from time import time
      
      from libc.math cimport exp, log, sqrt, pow, fabs
      cimport numpy as np
      from numpy.math cimport INFINITY
      ^
      ------------------------------------------------------------
      
      sklearn_extra/robust/_robust_weighted_estimator_helper.pyx:18:0: 'numpy/math/INFINITY.pxd' not found
      performance hint: sklearn_extra/robust/_robust_weighted_estimator_helper.pyx:24:0: Exception check on '_euclidean_dense_dense' will always require the GIL to be acquired. Declare '_euclidean_dense_dense' as 'noexcept' if you control the definition and you're sure you don't want the function to raise exceptions.
      Compiling sklearn_extra/utils/_cyfht.pyx because it changed.
      Compiling sklearn_extra/cluster/_k_medoids_helper.pyx because it changed.
      Compiling sklearn_extra/robust/_robust_weighted_estimator_helper.pyx because it changed.
      Compiling sklearn_extra/cluster/_commonnn_inner.pyx because it changed.
      [1/4] Cythonizing sklearn_extra/cluster/_commonnn_inner.pyx
      [2/4] Cythonizing sklearn_extra/cluster/_k_medoids_helper.pyx
      [3/4] Cythonizing sklearn_extra/robust/_robust_weighted_estimator_helper.pyx
      Traceback (most recent call last):
        File "/home/jackfromeast/miniconda3/lib/python3.12/site-packages/pip/_vendor/pyproject_hooks/_in_process/_in_process.py", line 389, in <module>
          main()
        File "/home/jackfromeast/miniconda3/lib/python3.12/site-packages/pip/_vendor/pyproject_hooks/_in_process/_in_process.py", line 373, in main
          json_out["return_val"] = hook(**hook_input["kwargs"])
                                   ^^^^^^^^^^^^^^^^^^^^^^^^^^^^
        File "/home/jackfromeast/miniconda3/lib/python3.12/site-packages/pip/_vendor/pyproject_hooks/_in_process/_in_process.py", line 143, in get_requires_for_build_wheel
          return hook(config_settings)
                 ^^^^^^^^^^^^^^^^^^^^^
        File "/tmp/pip-build-env-3_1zpxll/overlay/lib/python3.12/site-packages/setuptools/build_meta.py", line 331, in get_requires_for_build_wheel
          return self._get_build_requires(config_settings, requirements=[])
                 ^^^^^^^^^^^^^^^^^^^^^^^^^^^^^^^^^^^^^^^^^^^^^^^^^^^^^^^^^^
        File "/tmp/pip-build-env-3_1zpxll/overlay/lib/python3.12/site-packages/setuptools/build_meta.py", line 301, in _get_build_requires
          self.run_setup()
        File "/tmp/pip-build-env-3_1zpxll/overlay/lib/python3.12/site-packages/setuptools/build_meta.py", line 512, in run_setup
          super().run_setup(setup_script=setup_script)
        File "/tmp/pip-build-env-3_1zpxll/overlay/lib/python3.12/site-packages/setuptools/build_meta.py", line 317, in run_setup
          exec(code, locals())
        File "<string>", line 58, in <module>
        File "/tmp/pip-build-env-3_1zpxll/overlay/lib/python3.12/site-packages/Cython/Build/Dependencies.py", line 1145, in cythonize
          cythonize_one(*args)
        File "/tmp/pip-build-env-3_1zpxll/overlay/lib/python3.12/site-packages/Cython/Build/Dependencies.py", line 1289, in cythonize_one
          raise CompileError(None, pyx_file)
      Cython.Compiler.Errors.CompileError: sklearn_extra/robust/_robust_weighted_estimator_helper.pyx
      [end of output]
  
  note: This error originates from a subprocess, and is likely not a problem with pip.

[notice] A new release of pip is available: 25.0 -> 25.1.1
[notice] To update, run: pip install --upgrade pip
error: subprocess-exited-with-error

× Getting requirements to build wheel did not run successfully.
│ exit code: 1
╰─> See above for output.

note: This error originates from a subprocess, and is likely not a problem with pip.
 (downloader.py:241)
2025-05-27 04:53:35,556 - PipDownloader - ERROR - Failed to download package: ERROR: Ignored the following yanked versions: 0.0.1
ERROR: Could not find a version that satisfies the requirement powershap (from versions: none)

[notice] A new release of pip is available: 25.0 -> 25.1.1
[notice] To update, run: pip install --upgrade pip
ERROR: No matching distribution found for powershap
 (downloader.py:241)
2025-05-27 04:53:36,312 - PipDownloader - ERROR - Failed to download package:   error: subprocess-exited-with-error
  
  × python setup.py egg_info did not run successfully.
  │ exit code: 1
  ╰─> [6 lines of output]
      Traceback (most recent call last):
        File "<string>", line 2, in <module>
        File "<pip-setuptools-caller>", line 34, in <module>
        File "/tmp/pip-download-kk1faqeq/mod-wsgi_dd0fb3436c864cc7832c0e08f71dfcc1/setup.py", line 88, in <module>
          raise RuntimeError('The %r command appears not to be installed or '
      RuntimeError: The 'apxs' command appears not to be installed or is not executable. Please check the list of prerequisites in the documentation for this package and install any missing Apache httpd server packages.
      [end of output]
  
  note: This error originates from a subprocess, and is likely not a problem with pip.

[notice] A new release of pip is available: 25.0 -> 25.1.1
[notice] To update, run: pip install --upgrade pip
error: metadata-generation-failed

× Encountered error while generating package metadata.
╰─> See above for output.

note: This is an issue with the package mentioned above, not pip.
hint: See above for details.
 (downloader.py:241)
2025-05-27 04:58:20,129 - PipDownloader - ERROR - Failed to download package: ERROR: Could not find a version that satisfies the requirement bpy (from versions: none)

[notice] A new release of pip is available: 25.0 -> 25.1.1
[notice] To update, run: pip install --upgrade pip
ERROR: No matching distribution found for bpy
 (downloader.py:241)
2025-05-27 04:59:39,341 - PipDownloader - ERROR - Failed to download package: ERROR: Could not find a version that satisfies the requirement mad-prefect (from versions: none)

[notice] A new release of pip is available: 25.0 -> 25.1.1
[notice] To update, run: pip install --upgrade pip
ERROR: No matching distribution found for mad-prefect
 (downloader.py:241)
2025-05-27 05:00:21,252 - PipDownloader - ERROR - Failed to download package: ERROR: Could not find a version that satisfies the requirement msvc-runtime (from versions: none)

[notice] A new release of pip is available: 25.0 -> 25.1.1
[notice] To update, run: pip install --upgrade pip
ERROR: No matching distribution found for msvc-runtime
 (downloader.py:241)
2025-05-27 05:06:32,334 - PipDownloader - ERROR - Failed to download package:   error: subprocess-exited-with-error
  
  × python setup.py egg_info did not run successfully.
  │ exit code: 1
  ╰─> [9 lines of output]
      Traceback (most recent call last):
        File "<string>", line 2, in <module>
        File "<pip-setuptools-caller>", line 11, in <module>
        File "/home/jackfromeast/miniconda3/lib/python3.12/tokenize.py", line 30, in <module>
          import functools
        File "/tmp/pip-download-lj6owig9/functools_35a0ef11d2df4c1e87a7161290cd8066/functools.py", line 34
          raise TypeError, 'compose expects at least one argument'
                         ^
      SyntaxError: invalid syntax
      [end of output]
  
  note: This error originates from a subprocess, and is likely not a problem with pip.

[notice] A new release of pip is available: 25.0 -> 25.1.1
[notice] To update, run: pip install --upgrade pip
error: metadata-generation-failed

× Encountered error while generating package metadata.
╰─> See above for output.

note: This is an issue with the package mentioned above, not pip.
hint: See above for details.
 (downloader.py:241)
2025-05-27 05:07:46,306 - PipDownloader - ERROR - Failed to download package:   error: subprocess-exited-with-error
  
  × python setup.py egg_info did not run successfully.
  │ exit code: 1
  ╰─> [1 lines of output]
      ERROR: Can not execute `setup.py` since setuptools is not available in the build environment.
      [end of output]
  
  note: This error originates from a subprocess, and is likely not a problem with pip.

[notice] A new release of pip is available: 25.0 -> 25.1.1
[notice] To update, run: pip install --upgrade pip
error: metadata-generation-failed

× Encountered error while generating package metadata.
╰─> See above for output.

note: This is an issue with the package mentioned above, not pip.
hint: See above for details.
 (downloader.py:241)
2025-05-27 05:09:44,125 - PipDownloader - ERROR - Failed to download package: ERROR: Could not find a version that satisfies the requirement ecmwflibs (from versions: none)

[notice] A new release of pip is available: 25.0 -> 25.1.1
[notice] To update, run: pip install --upgrade pip
ERROR: No matching distribution found for ecmwflibs
 (downloader.py:241)
2025-05-27 05:15:40,094 - PipDownloader - ERROR - Failed to download package: ERROR: Ignored the following yanked versions: 2.4.0, 2.4.1, 2.4.2, 2.5.0, 2.5.1, 2.7.0, 2.7.1, 2.7.2, 2.8.0, 2.8.1, 2.8.2, 2.8.3, 3.0.dev1, 3.0, 3.1, 3.2, 3.3, 3.3.1
ERROR: Could not find a version that satisfies the requirement pyrfc (from versions: none)

[notice] A new release of pip is available: 25.0 -> 25.1.1
[notice] To update, run: pip install --upgrade pip
ERROR: No matching distribution found for pyrfc
 (downloader.py:241)
2025-05-27 05:18:26,226 - PipDownloader - ERROR - Failed to download package:   error: subprocess-exited-with-error
  
  × python setup.py egg_info did not run successfully.
  │ exit code: 1
  ╰─> [1 lines of output]
      error in demjson setup command: use_2to3 is invalid.
      [end of output]
  
  note: This error originates from a subprocess, and is likely not a problem with pip.

[notice] A new release of pip is available: 25.0 -> 25.1.1
[notice] To update, run: pip install --upgrade pip
error: metadata-generation-failed

× Encountered error while generating package metadata.
╰─> See above for output.

note: This is an issue with the package mentioned above, not pip.
hint: See above for details.
 (downloader.py:241)
2025-05-27 05:21:50,628 - PipDownloader - ERROR - Failed to download package:   error: subprocess-exited-with-error
  
  × python setup.py egg_info did not run successfully.
  │ exit code: 1
  ╰─> [6 lines of output]
      Traceback (most recent call last):
        File "<string>", line 2, in <module>
        File "<pip-setuptools-caller>", line 34, in <module>
        File "/tmp/pip-download-0gr87xw1/causal-conv1d_177ef9ac701d42af8d01f1c561e0978d/setup.py", line 20, in <module>
          import torch
      ModuleNotFoundError: No module named 'torch'
      [end of output]
  
  note: This error originates from a subprocess, and is likely not a problem with pip.

[notice] A new release of pip is available: 25.0 -> 25.1.1
[notice] To update, run: pip install --upgrade pip
error: metadata-generation-failed

× Encountered error while generating package metadata.
╰─> See above for output.

note: This is an issue with the package mentioned above, not pip.
hint: See above for details.
 (downloader.py:241)
2025-05-27 05:24:25,576 - PipDownloader - ERROR - Failed to download package:   error: subprocess-exited-with-error
  
  × python setup.py egg_info did not run successfully.
  │ exit code: 1
  ╰─> [22 lines of output]
      /home/jackfromeast/miniconda3/lib/python3.12/site-packages/setuptools/config/setupcfg.py:293: _DeprecatedConfig: Deprecated config in `setup.cfg`
      !!
      
              ********************************************************************************
              The license_file parameter is deprecated, use license_files instead.
      
              This deprecation is overdue, please update your project and remove deprecated
              calls to avoid build errors in the future.
      
              See https://setuptools.pypa.io/en/latest/userguide/declarative_config.html for details.
              ********************************************************************************
      
      !!
        parsed = self.parsers.get(option_name, lambda x: x)(value)
      running egg_info
      running jsdeps
      9.8.1
      9.8.1
      Installing build dependencies with npm.  This may take a while...
      rebuilding js and css failed
      missing files: ['/tmp/pip-download-swiw1f9q/ipyslickgrid_460cecd4dd554a09ab97661fdbeb1731/ipyslickgrid/static/extension.js', '/tmp/pip-download-swiw1f9q/ipyslickgrid_460cecd4dd554a09ab97661fdbeb1731/ipyslickgrid/static/index.js']
      error: [Errno 2] No such file or directory: '/tmp/pip-download-swiw1f9q/ipyslickgrid_460cecd4dd554a09ab97661fdbeb1731/js'
      [end of output]
  
  note: This error originates from a subprocess, and is likely not a problem with pip.

[notice] A new release of pip is available: 25.0 -> 25.1.1
[notice] To update, run: pip install --upgrade pip
error: metadata-generation-failed

× Encountered error while generating package metadata.
╰─> See above for output.

note: This is an issue with the package mentioned above, not pip.
hint: See above for details.
 (downloader.py:241)
2025-05-27 05:25:32,816 - PipDownloader - ERROR - Failed to download package: ERROR: Could not find a version that satisfies the requirement tfa-nightly (from versions: none)

[notice] A new release of pip is available: 25.0 -> 25.1.1
[notice] To update, run: pip install --upgrade pip
ERROR: No matching distribution found for tfa-nightly
 (downloader.py:241)
2025-05-27 05:26:18,877 - PipDownloader - ERROR - Failed to download package:   error: subprocess-exited-with-error
  
  × python setup.py egg_info did not run successfully.
  │ exit code: 1
  ╰─> [9 lines of output]
      Traceback (most recent call last):
        File "<string>", line 2, in <module>
        File "<pip-setuptools-caller>", line 34, in <module>
        File "/tmp/pip-download-3woqx1zf/m2r_52bf4b553a50450c8988d9fae8c11ce6/setup.py", line 13, in <module>
          from m2r import parse_from_file
        File "/tmp/pip-download-3woqx1zf/m2r_52bf4b553a50450c8988d9fae8c11ce6/m2r.py", line 51, in <module>
          class RestBlockGrammar(mistune.BlockGrammar):
                                 ^^^^^^^^^^^^^^^^^^^^
      AttributeError: module 'mistune' has no attribute 'BlockGrammar'
      [end of output]
  
  note: This error originates from a subprocess, and is likely not a problem with pip.

[notice] A new release of pip is available: 25.0 -> 25.1.1
[notice] To update, run: pip install --upgrade pip
error: metadata-generation-failed

× Encountered error while generating package metadata.
╰─> See above for output.

note: This is an issue with the package mentioned above, not pip.
hint: See above for details.
 (downloader.py:241)
2025-05-27 05:28:53,941 - PipDownloader - ERROR - Failed to download package: ERROR: Could not find a version that satisfies the requirement geode-backgroundmesh (from versions: none)

[notice] A new release of pip is available: 25.0 -> 25.1.1
[notice] To update, run: pip install --upgrade pip
ERROR: No matching distribution found for geode-backgroundmesh
 (downloader.py:241)
2025-05-27 05:30:37,502 - PipDownloader - ERROR - Failed to download package:   error: subprocess-exited-with-error
  
  × Getting requirements to build wheel did not run successfully.
  │ exit code: 1
  ╰─> [35 lines of output]
      /tmp/pip-download-7ghn_qnn/pyobjc-framework-browserenginekit_6dd34a285fcd4bb79509da12c91d2cdf/pyobjc_setup.py:15: UserWarning: pkg_resources is deprecated as an API. See https://setuptools.pypa.io/en/latest/pkg_resources.html. The pkg_resources package is slated for removal as early as 2025-11-30. Refrain from using this package or pin to Setuptools<81.
        import pkg_resources
      Traceback (most recent call last):
        File "/home/jackfromeast/miniconda3/lib/python3.12/site-packages/pip/_vendor/pyproject_hooks/_in_process/_in_process.py", line 389, in <module>
          main()
        File "/home/jackfromeast/miniconda3/lib/python3.12/site-packages/pip/_vendor/pyproject_hooks/_in_process/_in_process.py", line 373, in main
          json_out["return_val"] = hook(**hook_input["kwargs"])
                                   ^^^^^^^^^^^^^^^^^^^^^^^^^^^^
        File "/home/jackfromeast/miniconda3/lib/python3.12/site-packages/pip/_vendor/pyproject_hooks/_in_process/_in_process.py", line 143, in get_requires_for_build_wheel
          return hook(config_settings)
                 ^^^^^^^^^^^^^^^^^^^^^
        File "/tmp/pip-build-env-ujoushwo/overlay/lib/python3.12/site-packages/setuptools/build_meta.py", line 331, in get_requires_for_build_wheel
          return self._get_build_requires(config_settings, requirements=[])
                 ^^^^^^^^^^^^^^^^^^^^^^^^^^^^^^^^^^^^^^^^^^^^^^^^^^^^^^^^^^
        File "/tmp/pip-build-env-ujoushwo/overlay/lib/python3.12/site-packages/setuptools/build_meta.py", line 301, in _get_build_requires
          self.run_setup()
        File "/tmp/pip-build-env-ujoushwo/overlay/lib/python3.12/site-packages/setuptools/build_meta.py", line 317, in run_setup
          exec(code, locals())
        File "<string>", line 21, in <module>
        File "/tmp/pip-download-7ghn_qnn/pyobjc-framework-browserenginekit_6dd34a285fcd4bb79509da12c91d2cdf/pyobjc_setup.py", line 585, in setup
          os_level = get_os_level()
                     ^^^^^^^^^^^^^^
        File "/tmp/pip-download-7ghn_qnn/pyobjc-framework-browserenginekit_6dd34a285fcd4bb79509da12c91d2cdf/pyobjc_setup.py", line 264, in get_os_level
          subprocess.check_output(["/usr/bin/sw_vers", "-productVersion"])
        File "/home/jackfromeast/miniconda3/lib/python3.12/subprocess.py", line 466, in check_output
          return run(*popenargs, stdout=PIPE, timeout=timeout, check=True,
                 ^^^^^^^^^^^^^^^^^^^^^^^^^^^^^^^^^^^^^^^^^^^^^^^^^^^^^^^^^
        File "/home/jackfromeast/miniconda3/lib/python3.12/subprocess.py", line 548, in run
          with Popen(*popenargs, **kwargs) as process:
               ^^^^^^^^^^^^^^^^^^^^^^^^^^^
        File "/home/jackfromeast/miniconda3/lib/python3.12/subprocess.py", line 1026, in __init__
          self._execute_child(args, executable, preexec_fn, close_fds,
        File "/home/jackfromeast/miniconda3/lib/python3.12/subprocess.py", line 1950, in _execute_child
          raise child_exception_type(errno_num, err_msg, err_filename)
      FileNotFoundError: [Errno 2] No such file or directory: '/usr/bin/sw_vers'
      [end of output]
  
  note: This error originates from a subprocess, and is likely not a problem with pip.

[notice] A new release of pip is available: 25.0 -> 25.1.1
[notice] To update, run: pip install --upgrade pip
error: subprocess-exited-with-error

× Getting requirements to build wheel did not run successfully.
│ exit code: 1
╰─> See above for output.

note: This error originates from a subprocess, and is likely not a problem with pip.
 (downloader.py:241)
2025-05-27 05:34:18,944 - PipDownloader - ERROR - No .whl or source distribution files found in the download directory. (downloader.py:251)
